Id,AuctioneerID,Auction,AuctSessionID,AuctSessionName,GoedID,Lotnr,LotnrExt,LotStatus,Description,DescriptionAlt,LowEstimate,HighEstimate,Artist,ArtistReverse,ArtistBirthPlace,ArtistBirth,ArtistDecPlace,ArtistDec,Items,Size,Result,MarginScheme,ResaleRight,Search,ArtistBD,ImageURL,NrOfImages,datum,datumTot,timedOnline,MaxAmount,Bidcount,IsFavorite,LowEstimateNum,CommisionCloseHr,Reserve,ReserveMode,SecondsToClose,Daysleft,Hoursleft,Minutesleft,Secondsleft,MaxbidUserID,CurrentUserIsMaxBidder,ResultNum,DateAdded
814870,medusa,MA-2026-4,138,Lots en Diversen,21993, 2000, ,1,Een collectie van veertien prenten naar Jan Toorop. Diverse afmetingen. Condition report upon request,,40,80,,,,,,,14,,,True,False,Een collectie van veertien prenten naar Jan Toorop. Diverse afmetingen. ;A collection of fourteen prints after Jan Toorop. Various dimensions.;;Schilderijen^;;2000;;Paintings^;, (-),https://lotimages.blob.core.windows.net/medusa/b71d017b-79ad-4f1a-8d8f-28d641c6b411_TH.png,1,2026-09-07T17:15:45+00:00,2026-09-07T21:00:45+00:00,False,,0,0,40,1,0,1,,,,,,,0,0,2026-08-21T13:28:07.0125393+00:00
814871,medusa,MA-2026-4,138,Lots en Diversen,21831, 2001, ,1,"<STRONG>Georg Braun (1541-1622) en Hogenberg (1535 - 1590),</STRONG> Middelburg, 1580, uit Civitates Orbis Terrarum. Imago: 32 x 56 cm. Fraaie zwarte druk in goede conditie. Condition report upon request",,100,300,,,,,,,1,,,True,False,"<STRONG>Georg Braun (1541-1622) en Hogenberg (1535 - 1590),</STRONG> Middelburg, 1580, uit Civitates Orbis Terrarum. Imago: 32 x 56 cm. Fraaie zwarte druk in goede conditie. ;<STRONG>Georg Braun (1541-1622) and Hogenberg (1535 - 1590),</STRONG> Middelburg, 1580, from Civitates Orbis Terrarum. Image: 32 x 56 cm. Beautiful black print in good condition. ;;Schilderijen^;;2001;;Paintings^;", (-),https://lotimages.blob.core.windows.net/medusa/08762dae-015d-421c-9f21-d2122a937a10_TH.png,1,2026-09-07T17:15:45+00:00,2026-09-07T21:00:45+00:00,False,,0,0,100,1,100,1,,,,,,,0,0,2026-08-21T13:28:07.7708844+00:00
814872,medusa,MA-2026-4,138,Lots en Diversen,22187, 2002, ,1,"""Nieuwe kaart van de Baronie van Breda"", kopergravure uitgegeven door&nbsp; Hendrik de Leth in 1740. 17,6 x 20,1 cm. Condition report upon request",,50,150,,,,,,,1,,,True,False,"""Nieuwe kaart van de Baronie van Breda"", kopergravure uitgegeven door&nbsp; Hendrik de Leth in 1740. 17,6 x 20,1 cm. ;""New Map of the Barony of Breda"", copper engraving published by Hendrik de Leth in 1740. 17.6 x 20.1 cm.;;Schilderijen^;;2002;;Paintings^;", (-),https://lotimages.blob.core.windows.net/medusa/ac392895-2f84-487c-8a71-bc742a0dfdcc_TH.png,2,2026-09-07T17:15:45+00:00,2026-09-07T21:00:45+00:00,False,,0,0,50,1,50,1,,,,,,,0,0,2026-08-21T13:28:08.4591292+00:00
814873,medusa,MA-2026-4,138,Lots en Diversen,21830, 2003, ,1,"<STRONG>Georg Braun (1541-1622) en Hogenberg (1535 - 1590)</STRONG>&nbsp;op basis van&nbsp;Jacob van Deventer (1501 - 1575), Een dubbele vogelvlucht kaart van Leeuwarden. Uitgegeven in 1580. 53,2 x 39,5 cm. Imago: 49,3 x 31 cm. Fraaie zwarte druk. Condition report upon request",,50,150,,,,,,,1,,,True,False,"<STRONG>Georg Braun (1541-1622) en Hogenberg (1535 - 1590)</STRONG>&nbsp;op basis van&nbsp;Jacob van Deventer (1501 - 1575), Een dubbele vogelvlucht kaart van Leeuwarden. Uitgegeven in 1580. 53,2 x 39,5 cm. Imago: 49,3 x 31 cm. Fraaie zwarte druk. ;<STRONG>Georg Braun (1541-1622) and Hogenberg (1535 - 1590)</STRONG>based on Jacob van Deventer (1501 - 1575), A double bird's-eye view map of Leeuwarden. Published in 1580. 53.2 x 39.5 cm. Image: 49.3 x 31 cm. Fine black print.;;Schilderijen^;;2003;;Paintings^;", (-),https://lotimages.blob.core.windows.net/medusa/539de231-4b0e-430d-84e5-1283813615cc_TH.png,2,2026-09-07T17:15:45+00:00,2026-09-07T21:00:45+00:00,False,,0,0,50,1,50,1,,,,,,,0,0,2026-08-21T13:28:09.1547592+00:00
814874,medusa,MA-2026-4,138,Lots en Diversen,22549, 2004, ,1,"Kaart van de Stad Utrecht en van derzelver Vryheid. Titel met uitgeversimpressum en schaalstok onderaan in het midden. Bovenaan een kompasroos. Rugzij blank. Handgekleurde kopergravure, uitgegeven te Amsterdam in 1757 door Isaak Tirion.Condition report upon request",,30,60,,,,,,,1,"18 x 29,5 cm.",,True,False,"Kaart van de Stad Utrecht en van derzelver Vryheid. Titel met uitgeversimpressum en schaalstok onderaan in het midden. Bovenaan een kompasroos. Rugzij blank. Handgekleurde kopergravure, uitgegeven te Amsterdam in 1757 door Isaak Tirion.;Map of the City of Utrecht and its Freedom. Title with publisher's imprint and scale bar at the bottom center. A compass rose at the top. Blank reverse side. Hand-colored copper engraving, published in Amsterdam in 1757 by Isaak Tirion.;;Schilderijen^;;2004;18 x 29,5 cm.;Paintings^;", (-),https://lotimages.blob.core.windows.net/medusa/de42a3f7-dd0c-4d3c-9823-846cb161ca3c_TH.png,1,2026-09-07T17:15:45+00:00,2026-09-07T21:00:45+00:00,False,,0,0,30,1,30,1,,,,,,,0,0,2026-08-21T13:28:09.8457325+00:00
814875,medusa,MA-2026-4,138,Lots en Diversen,22548, 2005, ,1,"Kaart met de watermolens en het legerkwartier van de graaf van Solms tijdens het beleg van Den Bosch, 1630.Condition report upon request",,30,60,,,,,,,1,29 x 38 cm.,,True,False,"Kaart met de watermolens en het legerkwartier van de graaf van Solms tijdens het beleg van Den Bosch, 1630.;Map showing the watermills and the army quarters of the Count of Solms during the Siege of Den Bosch, 1630.;;Schilderijen^;;2005;29 x 38 cm.;Paintings^;", (-),https://lotimages.blob.core.windows.net/medusa/68cde64a-d132-41b1-a080-115c348f7bdf_TH.png,1,2026-09-07T17:15:45+00:00,2026-09-07T21:00:45+00:00,False,,0,0,30,1,30,1,,,,,,,0,0,2026-08-21T13:28:10.4868041+00:00
814876,medusa,MA-2026-4,138,Lots en Diversen,22550, 2006, ,1,"Een deels handgekleurde kaart van het Baljuwschap Amstelland, circa 1750, uitgegeven door Isaak Tirion, Amsterdam.Condition report upon request",,30,60,,,,,,,1,34 x 38 cm.,,True,False,"Een deels handgekleurde kaart van het Baljuwschap Amstelland, circa 1750, uitgegeven door Isaak Tirion, Amsterdam.;A partially hand-colored map of the Bailiwick of Amstelland, circa 1750, published by Isaak Tirion, Amsterdam.;;Schilderijen^;;2006;34 x 38 cm.;Paintings^;", (-),https://lotimages.blob.core.windows.net/medusa/174020da-fde2-40e9-9590-8b16c4566e6d_TH.png,1,2026-09-07T17:15:45+00:00,2026-09-07T21:00:45+00:00,False,,0,0,30,1,30,1,,,,,,,0,0,2026-08-21T13:28:11.1223999+00:00
814877,medusa,MA-2026-4,138,Lots en Diversen,22313, 2007, ,1,"Een antieke kaart Menapii, Evenchés d'Anvers et de Boisleduc, door <STRONG>Nicolas Sanson (1600 - 1667)</STRONG>&nbsp;en uitgegeven door Pierre Mariette in 1669. Condition report upon request",,100,200,,,,,,,1,,,True,False,"Een antieke kaart Menapii, Evenchés d'Anvers et de Boisleduc, door <STRONG>Nicolas Sanson (1600 - 1667)</STRONG>&nbsp;en uitgegeven door Pierre Mariette in 1669. ;An antique map Menapii, Evenchés d'Anvers et de Boisleduc, by <STRONG>Nicolas Sanson (1600 - 1667)</STRONG>and published by Pierre Mariette in 1669. ;;Schilderijen^;;2007;;Paintings^;", (-),https://lotimages.blob.core.windows.net/medusa/bba7fcbe-e648-4422-b3e1-85eb87843670_TH.png,1,2026-09-07T17:15:45+00:00,2026-09-07T21:00:45+00:00,False,,0,0,100,1,0,1,,,,,,,0,0,2026-08-21T13:28:11.7614919+00:00
814878,medusa,MA-2026-4,138,Lots en Diversen,22315, 2008, ,1,"Een lot van twee prenten, reso.: ‘De Stad Goes uit de Haven te zien’, handgekleurde kopergravure/ets naar een tekening uit 1743 van <STRONG>Cornelis Pronk (1691–1759),</STRONG> gegraveerd door Jan Caspar Philips (1690–1775) en uitgegeven door Isaak Tirion te Amsterdam, circa 1753–1760. <STRONG>Franz Ertinger (1640–ca. 1710)</STRONG>, ‘Castellum Sevenberghen’, kopergravure, circa 1663–1678. Rechtsboven bevindt zich het bijbehorende familiewapen. Vervaardigd als illustratie voor Jacob Le Roys Notitia Marchionatus Sacri Romani Imperii (Amsterdam, 1678). Gesigneerd in de plaat: ‘Franciscus Ertinger del. et fecit’. Condition report upon request",,40,80,,,,,,,2,,,True,False,"Een lot van twee prenten, reso.: ‘De Stad Goes uit de Haven te zien’, handgekleurde kopergravure/ets naar een tekening uit 1743 van <STRONG>Cornelis Pronk (1691–1759),</STRONG> gegraveerd door Jan Caspar Philips (1690–1775) en uitgegeven door Isaak Tirion te Amsterdam, circa 1753–1760. <STRONG>Franz Ertinger (1640–ca. 1710)</STRONG>, ‘Castellum Sevenberghen’, kopergravure, circa 1663–1678. Rechtsboven bevindt zich het bijbehorende familiewapen. Vervaardigd als illustratie voor Jacob Le Roys Notitia Marchionatus Sacri Romani Imperii (Amsterdam, 1678). Gesigneerd in de plaat: ‘Franciscus Ertinger del. et fecit’. ;A lot of two prints, reso.: ‘The City of Goes Seen from the Harbour’, hand-coloured copper engraving/etching after a drawing from 1743 by Cornelis Pronk (1691–1759), engraved by Jan Caspar Philips (1690–1775) and published by Isaak Tirion in Amsterdam, circa 1753–1760. Franz Ertinger (1640–ca. 1710), ‘Castellum Sevenberghen’, copper engraving, circa 1663–1678. The accompanying family coat of arms is located in the upper right. Produced as an illustration for Jacob Le Roy’s Notitia Marchionatus Sacri Romani Imperii (Amsterdam, 1678). Signed in the plate: ‘Franciscus Ertinger del. et fecit’.;;Schilderijen^;;2008;;Paintings^;", (-),https://lotimages.blob.core.windows.net/medusa/2c8665c5-cb3a-4c07-b099-c617274d6fa9_TH.png,3,2026-09-07T17:15:45+00:00,2026-09-07T21:00:45+00:00,False,,0,0,40,1,0,1,,,,,,,0,0,2026-08-21T13:28:12.530385+00:00
814879,medusa,MA-2026-4,138,Lots en Diversen,22314, 2009, ,1,"<STRONG>Justus Danckerts (1635–1701), </STRONG><EM>‘Ducatus Brabantiae Tabula’</EM><STRONG>,</STRONG> laat-17e-eeuwse, handgekleurde kopergravure van het hertogdom Brabant. Uitgegeven te Amsterdam, circa 1696–1701.Condition report upon request",,150,200,,,,,,,1,,,True,False,"<STRONG>Justus Danckerts (1635–1701), </STRONG><EM>‘Ducatus Brabantiae Tabula’</EM><STRONG>,</STRONG> laat-17e-eeuwse, handgekleurde kopergravure van het hertogdom Brabant. Uitgegeven te Amsterdam, circa 1696–1701.;<STRONG>Justus Danckerts (1635–1701), </STRONG><EM>‘Ducatus Brabantiae Tabula’</EM><STRONG>,</STRONG> late 17th century, hand-coloured copper engraving of the Duchy of Brabant. Published in Amsterdam, circa 1696–1701.;;Schilderijen^;;2009;;Paintings^;", (-),https://lotimages.blob.core.windows.net/medusa/ade2a73c-cff4-4b52-b5b1-136ed193f52a_TH.png,1,2026-09-07T17:15:45+00:00,2026-09-07T21:00:45+00:00,False,,0,0,150,1,0,1,,,,,,,0,0,2026-08-21T13:28:13.1378859+00:00
814880,medusa,MA-2026-4,138,Lots en Diversen,22551, 2010, ,1,"Amstelodamum: Profiel van Amsterdam vanaf het IJ’, ingekleurde facsimile naar de monumentale gravure uit 1606, vermoedelijk vervaardigd in de jaren 1950–1960. Panoramisch stadsgezicht van Amsterdam, gezien vanaf het IJ, met op de voorgrond talrijke handels- en zeilschepen. Boven de stad een allegorische voorstelling van de Amsterdamse handel en zeevaart, met onder meer de Amsterdamse Stedenmaagd, Mercurius, Neptunus, godinnen en putti. In de bovenhoeken cartouches met Latijnse lofdichten van Petrus Scriverius. Het oorspronkelijke, uit vier bladen samengestelde stadsprofiel werd in 1606 te Amsterdam uitgegeven door Willem Janszoon Blaeu. De prentmaker wordt geïdentificeerd als Johannes Rem; het werk werd voorheen toegeschreven aan Jan Saenredam.Condition report upon request",,100,200,,,,,,,1,"33,5 x 182 cm.",,True,False,"Amstelodamum: Profiel van Amsterdam vanaf het IJ’, ingekleurde facsimile naar de monumentale gravure uit 1606, vermoedelijk vervaardigd in de jaren 1950–1960. Panoramisch stadsgezicht van Amsterdam, gezien vanaf het IJ, met op de voorgrond talrijke handels- en zeilschepen. Boven de stad een allegorische voorstelling van de Amsterdamse handel en zeevaart, met onder meer de Amsterdamse Stedenmaagd, Mercurius, Neptunus, godinnen en putti. In de bovenhoeken cartouches met Latijnse lofdichten van Petrus Scriverius. Het oorspronkelijke, uit vier bladen samengestelde stadsprofiel werd in 1606 te Amsterdam uitgegeven door Willem Janszoon Blaeu. De prentmaker wordt geïdentificeerd als Johannes Rem; het werk werd voorheen toegeschreven aan Jan Saenredam.;‘Amstelodamum: Profile of Amsterdam from the IJ’, hand-colored facsimile after the monumental engraving from 1606, presumably produced in the 1950s–1960s. Panoramic city view of Amsterdam, seen from the IJ, with numerous merchant and sailing ships in the foreground. Above the city, an allegorical representation of Amsterdam's trade and seafaring, including the Amsterdam City Maiden, Mercury, Neptune, goddesses, and putti. In the upper corners, cartouches with Latin eulogies by Petrus Scriverius. The original city profile, composed of four sheets, was published in Amsterdam in 1606 by Willem Janszoon Blaeu. The printmaker is identified as Johannes Rem; the work was previously attributed to Jan Saenredam.;;Schilderijen^;;2010;33,5 x 182 cm.;Paintings^;", (-),https://lotimages.blob.core.windows.net/medusa/f2773c7a-665b-4d62-85f8-c07637b14053_TH.png,1,2026-09-07T17:15:45+00:00,2026-09-07T21:00:45+00:00,False,,0,0,100,1,100,1,,,,,,,0,0,2026-08-21T13:28:13.8593886+00:00
814881,medusa,MA-2026-4,138,Lots en Diversen,22547, 2011, ,1,"<STRONG>Johann Elias Ridinger (1698–1767), naar Philips Wouwerman (1619–1668),</STRONG> <EM>‘Gewonde en rustende soldaten na de veldslag’</EM>, ets en kopergravure op papier, Augsburg, circa 1750–1760.Condition report upon request",,30,60,,,,,,,1,"24,5 x 33,5 cm.",,True,False,"<STRONG>Johann Elias Ridinger (1698–1767), naar Philips Wouwerman (1619–1668),</STRONG> <EM>‘Gewonde en rustende soldaten na de veldslag’</EM>, ets en kopergravure op papier, Augsburg, circa 1750–1760.;<STRONG>Johann Elias Ridinger (1698–1767), after Philips Wouwerman (1619–1668),</STRONG> <EM>‘Wounded and resting soldiers after the battle’</EM>, etching and copper engraving on paper, Augsburg, circa 1750–1760.;;Schilderijen^;;2011;24,5 x 33,5 cm.;Paintings^;", (-),https://lotimages.blob.core.windows.net/medusa/d4650840-2cbb-4847-84a8-e9c10ca664bb_TH.png,3,2026-09-07T17:15:45+00:00,2026-09-07T21:00:45+00:00,False,,0,0,30,1,30,1,,,,,,,0,0,2026-08-21T13:28:13.927096+00:00
814882,medusa,MA-2026-4,138,Lots en Diversen,21834, 2012, ,1,"Een lot van twee 19e-eeuwse Engelse kleurenlitho's: resp.: <STRONG>George Morland (1763–1804)</STRONG>, <EM>The Bell Inn</EM>, Kilburn, èn <STRONG>Engelse school</STRONG>, <EM>Winterse muzikanten bij een cottage</EM>.",,20,40,,,,,,,1,,,True,False,"Een lot van twee 19e-eeuwse Engelse kleurenlitho's: resp.: <STRONG>George Morland (1763–1804)</STRONG>, <EM>The Bell Inn</EM>, Kilburn, èn <STRONG>Engelse school</STRONG>, <EM>Winterse muzikanten bij een cottage</EM>.;<P>A lot comprising two 19th-century English colour lithographs: respectively, George Morland (1763–1804), *The Bell Inn, Kilburn*, and English School, *Winter Musicians by a Cottage*.</P>;;Schilderijen^;;2012;;Paintings^;", (-),https://lotimages.blob.core.windows.net/medusa/eb797592-3ebc-46c5-8d58-3502d5722826_TH.png,1,2026-09-07T17:15:45+00:00,2026-09-07T21:00:45+00:00,False,,0,0,20,1,20,1,,,,,,,0,0,2026-08-21T13:28:14.6446442+00:00
814883,medusa,MA-2026-4,138,Lots en Diversen,22404, 2013, ,1,"Een zeldzame sepia-tekening, voorstellende Z.M. stoomschip Curaçao (schip links). Het schip werd in 1825 in Dover gebouwd onder de naam Calpe en een jaar later door de Nederlandse regering aangekocht. Als Curaçao werd het het eerste stoomschip van de Nederlandse Marine. Tussen 1827 en 1829 maakte het meerdere historische overtochten tussen Antwerpen en Curaçao, waarbij passagiers, post en goederen werden vervoerd. Het schip wordt beschouwd als een van de pioniers van de trans-Atlantische stoomvaart en bleef tot 1848 in Nederlandse marinedienst.Condition report upon request",,100,200,,,,,,,1,"6,5 x 13,5 cm.",,True,False,"Een zeldzame sepia-tekening, voorstellende Z.M. stoomschip Curaçao (schip links). Het schip werd in 1825 in Dover gebouwd onder de naam Calpe en een jaar later door de Nederlandse regering aangekocht. Als Curaçao werd het het eerste stoomschip van de Nederlandse Marine. Tussen 1827 en 1829 maakte het meerdere historische overtochten tussen Antwerpen en Curaçao, waarbij passagiers, post en goederen werden vervoerd. Het schip wordt beschouwd als een van de pioniers van de trans-Atlantische stoomvaart en bleef tot 1848 in Nederlandse marinedienst.;A rare sepia drawing depicting H.M. steamship Curaçao (ship on the left). The ship was built in Dover in 1825 under the name Calpe and purchased by the Dutch government a year later. As Curaçao, it became the first steamship of the Dutch Navy. Between 1827 and 1829, it made several historic crossings between Antwerp and Curaçao, transporting passengers, mail, and goods. The ship is considered one of the pioneers of transatlantic steam navigation and remained in Dutch naval service until 1848.;;Maritime^;Schilderijen^;;2013;6,5 x 13,5 cm.;Maritime^;Paintings^;", (-),https://lotimages.blob.core.windows.net/medusa/60cc4a5e-e45d-4fcf-a810-524baa6b0cb9_TH.png,2,2026-09-07T17:15:45+00:00,2026-09-07T21:00:45+00:00,False,,0,0,100,1,100,1,,,,,,,0,0,2026-08-21T13:28:15.212026+00:00
814884,medusa,MA-2026-4,138,Lots en Diversen,22519, 2014, ,1,"<STRONG>David Roberts (Edinburgh 1796–Londen 1864), naar</STRONG> – <STRONG>Louis Haghe (Doornik 1806–Stockwell 1885),</STRONG> lithograaf Een serie van drie handgekleurde lithografieën met voorstellingen van monumenten in Egypte en Nubië, bestaande uit: <EM>Temple of Dandour, Nubia; View from under the Portico of the Temple of Edfou, Upper Egypt; Ruins of the Temple of Medamout, near Thebes</EM>. Getinte lithografieën met handmatige kleurafwerking op papier, naar tekeningen die David Roberts tijdens zijn reis door Egypte en het Midden-Oosten in 1838–1839 vervaardigde. Op steen getekend door Louis Haghe en uitgegeven te Londen door F.G. Moon, omstreeks 1846–1849, als onderdeel van Egypt &amp; Nubia, from Drawings Made on the Spot by David Roberts, R.A. (mogelijk heruitgave). ",,20,40,,,,,,,3,75 x 61 cm.,,True,False,"<STRONG>David Roberts (Edinburgh 1796–Londen 1864), naar</STRONG> – <STRONG>Louis Haghe (Doornik 1806–Stockwell 1885),</STRONG> lithograaf Een serie van drie handgekleurde lithografieën met voorstellingen van monumenten in Egypte en Nubië, bestaande uit: <EM>Temple of Dandour, Nubia; View from under the Portico of the Temple of Edfou, Upper Egypt; Ruins of the Temple of Medamout, near Thebes</EM>. Getinte lithografieën met handmatige kleurafwerking op papier, naar tekeningen die David Roberts tijdens zijn reis door Egypte en het Midden-Oosten in 1838–1839 vervaardigde. Op steen getekend door Louis Haghe en uitgegeven te Londen door F.G. Moon, omstreeks 1846–1849, als onderdeel van Egypt &amp; Nubia, from Drawings Made on the Spot by David Roberts, R.A. (mogelijk heruitgave). ;<P>David Roberts (Edinburgh 1796–London 1864), after – Louis Haghe (Tournai 1806–Stockwell 1885), lithographer A series of three hand-coloured lithographs depicting monuments in Egypt and Nubia, comprising: Temple of Dandour, Nubia; View from under the Portico of the Temple of Edfu, Upper Egypt; Ruins of the Temple of Medamut, near Thebes. Tinted lithographs with hand-coloured details on paper, after drawings made by David Roberts during his journey through Egypt and the Middle East in 1838–1839. Drawn on stone by Louis Haghe and published in London by F.G. Moon, circa 1846–1849, as part of *Egypt &amp; Nubia, from Drawings Made on the Spot by David Roberts, R.A.* (possibly a reprint).</P><BR />
<P><I></I>&nbsp;</P>;;Schilderijen^;;2014;75 x 61 cm.;Paintings^;", (-),https://lotimages.blob.core.windows.net/medusa/4a753a80-c662-4d3f-8f75-4b817192ea41_TH.png,4,2026-09-07T17:15:45+00:00,2026-09-07T21:00:45+00:00,False,,0,0,20,1,20,1,,,,,,,0,0,2026-08-21T13:28:15.2677078+00:00
814885,medusa,MA-2026-4,138,Lots en Diversen,13997, 2015, ,1,Generale legende der Heylighen met het leven Iesu Christi ende Marie.Condition report upon request,,20,40,,,,,,,1,,,True,False,Generale legende der Heylighen met het leven Iesu Christi ende Marie.;Legend of the Saints.;;boeken^;;2015;;books^;, (-),https://lotimages.blob.core.windows.net/medusa/582d2e04-905f-42be-91e2-f619163fa6fd_TH.png,3,2026-09-07T17:15:45+00:00,2026-09-07T21:00:45+00:00,False,,0,0,20,1,20,1,,,,,,,0,0,2026-08-21T13:28:15.3345303+00:00
814886,medusa,MA-2026-4,138,Lots en Diversen,22546, 2016, ,1,"Een serie boeken, Romeinsche Geschiedenissen door Martinus Stuart (1765–1826), Nederlands geschiedschrijver en predikant. Uitgegeven als omvangrijke geschiedenis van het oude Rome en rijk geïllustreerd met gravures en kaarten. De bijbehorende uitslaande kaarten zijn nog in de boeken aanwezig. Eind 18e / begin 19e eeuw. Condition report upon request",,50,150,,,,,,,1,,,True,False,"Een serie boeken, Romeinsche Geschiedenissen door Martinus Stuart (1765–1826), Nederlands geschiedschrijver en predikant. Uitgegeven als omvangrijke geschiedenis van het oude Rome en rijk geïllustreerd met gravures en kaarten. De bijbehorende uitslaande kaarten zijn nog in de boeken aanwezig. Eind 18e / begin 19e eeuw. ;A series of books, Roman Histories by Martinus Stuart (1765–1826), Dutch historian and clergyman. Published as a comprehensive history of ancient Rome and richly illustrated with engravings and maps. The accompanying fold-out maps are still present in the books. Late 18th / early 19th century.;;boeken^;;2016;;books^;", (-),https://lotimages.blob.core.windows.net/medusa/f03d6e7d-275b-4f17-828f-0c33ba6ebf3c_TH.png,1,2026-09-07T17:15:45+00:00,2026-09-07T21:00:45+00:00,False,,0,0,50,1,50,1,,,,,,,0,0,2026-08-21T13:28:16.0687943+00:00
814887,medusa,MA-2026-4,138,Lots en Diversen,22197, 2017, ,1,"Dichtwerken van Jacob Cats, 8 delen uitgegeven bij A. ter Gunne in Deventer in 1847. In goede gebruikte staat. Condition report upon request",,40,80,,,,,,,1,,,True,False,"Dichtwerken van Jacob Cats, 8 delen uitgegeven bij A. ter Gunne in Deventer in 1847. In goede gebruikte staat. ;Poetical Works by Jacob Cats, 8 volumes published by A. ter Gunne in Deventer in 1847. In good used condition.;;boeken^;;2017;;books^;", (-),https://lotimages.blob.core.windows.net/medusa/580888aa-6d35-4c1a-9a76-fd6f464819ac_TH.png,3,2026-09-07T17:15:45+00:00,2026-09-07T21:00:45+00:00,False,,0,0,40,1,40,1,,,,,,,0,0,2026-08-21T13:28:16.7514994+00:00
814888,medusa,MA-2026-4,138,Lots en Diversen,21885, 2018, ,1,"Italiaans landschap met klassieke ruïnes en figuren, in de trant van Jan Both, vermoedelijk 18e/19e eeuw., olieverf op doek, 25 x 34 cm. ",,300,600,,,,,,,1,,,True,False,"Italiaans landschap met klassieke ruïnes en figuren, in de trant van Jan Both, vermoedelijk 18e/19e eeuw., olieverf op doek, 25 x 34 cm. ;<STRONG>Italian landscape with classical ruins and figures, in the style of Jan Both, probably 18th/19th century, oil on canvas, 25 x 34 cm.</STRONG>;;Schilderijen^;;2018;;Paintings^;", (-),https://lotimages.blob.core.windows.net/medusa/a1ac9bab-1bae-4098-b05c-b9a11219313f_TH.png,4,2026-09-07T17:15:45+00:00,2026-09-07T21:00:45+00:00,False,,0,0,300,1,300,1,,,,,,,0,0,2026-08-21T13:28:17.3521704+00:00
814889,medusa,MA-2026-4,138,Lots en Diversen,20858, 2019, ,1,"Een oosters orthodoxe ikoon voorstellende Moeder Gods van Vladimir, ca. 1800. 43 x 36,5 cm. Condition report upon request",,100,200,,,,,,,1,,,True,False,"Een oosters orthodoxe ikoon voorstellende Moeder Gods van Vladimir, ca. 1800. 43 x 36,5 cm. ;An Eastern Orthodox icon depicting the Mother of God of Vladimir, ca. 1800. 43 x 36.5 cm.;;religieus^;Schilderijen^;;2019;;religious^;Paintings^;", (-),https://lotimages.blob.core.windows.net/medusa/e68fab85-6a72-42a7-82de-f4af5e5d5865_TH.png,2,2026-09-07T17:15:45+00:00,2026-09-07T21:00:45+00:00,False,,0,0,100,1,100,1,,,,,,,0,0,2026-08-21T13:28:17.9634497+00:00
814890,medusa,MA-2026-4,138,Lots en Diversen,22311, 2020, ,1,"Russische icoon – De profeet Elia in de woestijn met scènes uit zijn leven en zijn vurige hemelvaart. Vermoedelijk Centraal-Rusland, 19e eeuw. Tempera en vergulding op een houten paneel. . Condition report upon request",,200,400,,,,,,,1,,,True,False,"Russische icoon – De profeet Elia in de woestijn met scènes uit zijn leven en zijn vurige hemelvaart. Vermoedelijk Centraal-Rusland, 19e eeuw. Tempera en vergulding op een houten paneel. . ;Russian icon – The Prophet Elijah in the Desert with scenes from his life and his fiery ascension. Presumably Central Russia, 19th century. Tempera and gilding on a wooden panel.;;Ikonen^;;2020;;Icons^;", (-),https://lotimages.blob.core.windows.net/medusa/48bf3f94-18bc-4be3-8dfa-58180a78c842_TH.png,2,2026-09-07T17:15:45+00:00,2026-09-07T21:00:45+00:00,False,,0,0,200,1,200,1,,,,,,,0,0,2026-08-21T13:28:18.6150593+00:00
814891,medusa,MA-2026-4,138,Lots en Diversen,20861, 2021, ,1,"Een kleine collectie reisikonen.&nbsp;o.a. De Heilige Varos, een tryptiekje en een derde ikoon. Allen brons. 18e, en 19e eeuw. Condition report upon request",,50,150,,,,,,,3,,,True,False,"Een kleine collectie reisikonen.&nbsp;o.a. De Heilige Varos, een tryptiekje en een derde ikoon. Allen brons. 18e, en 19e eeuw. ;A small collection of travel icons, including Saint Varos, a small triptych, and a third icon. All bronze. 18th and 19th century.;;religieus^;;2021;;religious^;", (-),https://lotimages.blob.core.windows.net/medusa/b471d5c5-9500-47d0-a85b-55d02539a701_TH.png,2,2026-09-07T17:15:45+00:00,2026-09-07T21:00:45+00:00,False,,0,0,50,1,50,1,,,,,,,0,0,2026-08-21T13:28:19.6156391+00:00
814892,medusa,MA-2026-4,138,Lots en Diversen,22587, 2022, ,1,"Een 19e-eeuws Russisch-orthodox bronzen icoonvierluik (tetraptychon), <STRONG>“De Twaalf Grote Feesten en de verering van de iconen van de Moeder Gods.”</STRONG> Het model ontstond aan het begin van de 18e eeuw in de metaalgieterijen van de oudgelovige gemeenschap van Vyg in Pomorje. Gedateerde vroege exemplaren zijn bekend uit 1717 en 1729. Het type bleef gedurende de gehele 19e eeuw in verschillende Russische werkplaatsen in productie.",,50,150,,,,,,,1,18 x 37 cm.,,True,False,"Een 19e-eeuws Russisch-orthodox bronzen icoonvierluik (tetraptychon), <STRONG>“De Twaalf Grote Feesten en de verering van de iconen van de Moeder Gods.”</STRONG> Het model ontstond aan het begin van de 18e eeuw in de metaalgieterijen van de oudgelovige gemeenschap van Vyg in Pomorje. Gedateerde vroege exemplaren zijn bekend uit 1717 en 1729. Het type bleef gedurende de gehele 19e eeuw in verschillende Russische werkplaatsen in productie.;A 19th-century Russian Orthodox bronze icon tetraptych, ‘The Twelve Great Feasts and the Veneration of the Icons of the Mother of God’. The model was first produced in the early 18th century in the metal foundries of the Old Believer community of Vyg in Pomorye. Dated early examples are known from 1717 and 1729. This type remained in production throughout the 19th century in various Russian workshops.;;Diversen^;;2022;18 x 37 cm.;Miscellaneous^;", (-),https://lotimages.blob.core.windows.net/medusa/dcdda3c7-de03-4141-aab3-228caca8679b_TH.png,2,2026-09-07T17:15:45+00:00,2026-09-07T21:00:45+00:00,False,,0,0,50,1,50,1,,,,,,,0,0,2026-08-21T13:28:20.24193+00:00
814893,medusa,MA-2026-4,138,Lots en Diversen,22588, 2023, ,1,"<STRONG>Russisch-orthodox reisicoon</STRONG> – <EM>Moeder Gods van de PassieVermoedelijk Rusland</EM>, omstreeks 1900. Staand devotie-icoon in een architectonisch gevormde, verguld metalen houder, bekroond door een kruis en gedecoreerd met blauw, lichtblauw en donker email in gestileerde rank- en spiraalmotieven. Op een verbrede, eveneens geëmailleerde voet. De polychrome miniatuur toont de Moeder Gods met het Christuskind, geflankeerd door de aartsengelen Michaël en Gabriël. De engelen dragen de werktuigen van Christus’ toekomstige lijden: het kruis, de lans en de sponsstok. Het kind wendt zich geschrokken naar de engelen en zoekt bescherming bij zijn moeder. Een losgeraakte sandaal verwijst naar zijn plotselinge beweging en benadrukt zijn menselijke kwetsbaarheid.",,30,60,,,,,,,1,12 x 6 cm.,,True,False,"<STRONG>Russisch-orthodox reisicoon</STRONG> – <EM>Moeder Gods van de PassieVermoedelijk Rusland</EM>, omstreeks 1900. Staand devotie-icoon in een architectonisch gevormde, verguld metalen houder, bekroond door een kruis en gedecoreerd met blauw, lichtblauw en donker email in gestileerde rank- en spiraalmotieven. Op een verbrede, eveneens geëmailleerde voet. De polychrome miniatuur toont de Moeder Gods met het Christuskind, geflankeerd door de aartsengelen Michaël en Gabriël. De engelen dragen de werktuigen van Christus’ toekomstige lijden: het kruis, de lans en de sponsstok. Het kind wendt zich geschrokken naar de engelen en zoekt bescherming bij zijn moeder. Een losgeraakte sandaal verwijst naar zijn plotselinge beweging en benadrukt zijn menselijke kwetsbaarheid.;<P class=PDq2pG_selectionAnchorContainer data-start=""273"" data-end=""372"">Russian Orthodox travelling icon – Mother of God of the Passion. Presumably from Russia, circa 1900. A standing devotional icon in an architecturally shaped, gilded metal frame, surmounted by a cross and decorated with blue, light blue and dark enamel in stylised tendril and spiral motifs. Set on a widened, similarly enamelled base. The polychrome miniature depicts the Mother of God with the Christ Child, flanked by the archangels Michael and Gabriel. The angels carry the instruments of Christ’s future suffering: the cross, the lance and the sponge on a stick. The Child turns towards the angels in alarm and seeks protection from his mother. A loose sandal alludes to his sudden movement and emphasises his human vulnerability.</P>
<P data-start=""617"" data-end=""1032"">The polychrome miniature depicts the Mother of God with the Christ Child, flanked by the archangels Michael and Gabriel. The angels carry the instruments of Christ’s future suffering: the cross, the lance, and the sponge staff. The child turns to the angels in shock and seeks protection from his mother. A detached sandal refers to his sudden movement and emphasizes his human vulnerability.</P>;;Diversen^;;2023;12 x 6 cm.;Miscellaneous^;", (-),https://lotimages.blob.core.windows.net/medusa/3779e0e3-3215-4833-8014-8fb5464f0189_TH.png,2,2026-09-07T17:15:45+00:00,2026-09-07T21:00:45+00:00,False,,0,0,30,1,30,1,,,,,,,0,0,2026-08-21T13:28:20.3117922+00:00
814894,medusa,MA-2026-4,138,Lots en Diversen,21879, 2024, ,1,"<P><STRONG>Een modern Grieks-orthodox icoon van de Moeder Gods met het Christuskind,</STRONG> </P>
<P>Eind 20e of begin 21e eeuw. Polychrome voorstelling van de gekroonde Moeder Gods met het Christuskind, omgeven door twee engelen. De gezichten en handen zijn zichtbaar gelaten onder een rijk gedreven en geciseleerde zilveren bekleding of riza (925), versierd met bloemranken, parelranden en geometrische motieven.18 x 13 cm. </P>",,50,150,,,,,,,1,,,True,False,"<P><STRONG>Een modern Grieks-orthodox icoon van de Moeder Gods met het Christuskind,</STRONG> </P>
<P>Eind 20e of begin 21e eeuw. Polychrome voorstelling van de gekroonde Moeder Gods met het Christuskind, omgeven door twee engelen. De gezichten en handen zijn zichtbaar gelaten onder een rijk gedreven en geciseleerde zilveren bekleding of riza (925), versierd met bloemranken, parelranden en geometrische motieven.18 x 13 cm. </P>;<P>A modern Greek Orthodox icon of the Mother of God with the Infant Christ,</P>
<P>Late 20th or early 21st century. A polychrome depiction of the crowned Mother of God with the Christ Child, flanked by two angels. The faces and hands are left visible beneath a richly embossed and chiselled silver overlay or riza (925), decorated with floral tendrils, beaded borders and geometric motifs. 18 x 13 cm.<BR /></P>;;religieus^;;2024;;religious^;", (-),https://lotimages.blob.core.windows.net/medusa/b8a6eb13-ff2a-4b9b-a25c-b4099903158a_TH.png,2,2026-09-07T17:15:45+00:00,2026-09-07T21:00:45+00:00,False,,0,0,50,1,50,1,,,,,,,0,0,2026-08-21T13:28:20.3894023+00:00
814895,medusa,MA-2026-4,138,Lots en Diversen,21643, 2025, ,1,"Een lot divers geelkoper, bestaande uit onder andere diverse kandelaars.Condition report upon request",,10,100,,,,,,,1,,,True,False,"Een lot divers geelkoper, bestaande uit onder andere diverse kandelaars.;A lot of various yellow copper, consisting of, among other things, various candlesticks.;;Diversen^;;2025;;Miscellaneous^;", (-),https://lotimages.blob.core.windows.net/medusa/1c8408cc-31a0-427c-b75e-527d9ef99816_TH.png,1,2026-09-07T17:15:45+00:00,2026-09-07T21:00:45+00:00,False,,0,0,10,1,0,1,,,,,,,0,0,2026-08-21T13:28:21.0385014+00:00
814896,medusa,MA-2026-4,138,Lots en Diversen,22598, 2026, ,1,"Een lot van drie antieke flessen, waarvan één met resten van beschildering.Condition report upon request",,20,40,,,,,,,3,H. 20 - 28 cm.,,True,False,"Een lot van drie antieke flessen, waarvan één met resten van beschildering.;A lot of three antique bottles, one of which has remnants of painting.;;Glas^;;2026;H. 20 - 28 cm.;Glass^;", (-),https://lotimages.blob.core.windows.net/medusa/9daafe96-fe72-4abb-b5f8-226465f5a135_TH.png,2,2026-09-07T17:15:45+00:00,2026-09-07T21:00:45+00:00,False,,0,0,20,1,20,1,,,,,,,0,0,2026-08-21T13:28:21.6846765+00:00
814897,medusa,MA-2026-4,138,Lots en Diversen,22574, 2027, ,1,"Een Nederlandse ovale messing tabaksdoos, gedecoreerd met een Bijbels tafereel uit Genesis 3. Circa 1750.Condition report upon request",,50,150,,,,,,,1,4 x 16 x 6 cm.,,True,False,"Een Nederlandse ovale messing tabaksdoos, gedecoreerd met een Bijbels tafereel uit Genesis 3. Circa 1750.;A Dutch oval brass tobacco box, decorated with a Biblical scene from Genesis 3. Circa 1750.;;Diversen^;;2027;4 x 16 x 6 cm.;Miscellaneous^;", (-),https://lotimages.blob.core.windows.net/medusa/2a16276e-6aff-4d5e-8f88-69449f8c36c1_TH.png,3,2026-09-07T17:15:45+00:00,2026-09-07T21:00:45+00:00,False,,0,0,50,1,50,1,,,,,,,0,0,2026-08-21T13:28:22.5137101+00:00
814898,medusa,MA-2026-4,138,Lots en Diversen,22573, 2028, ,1,"Een Nederlandse ovale messing tabaksdoos, aan één zijde gedecoreerd met Sint-Antonius van Padua, patroonheilige van verloren en gestolen zaken, en aan de andere zijde met een voorstelling van Onze-Lieve-Vrouw van ‘Leuelar’ en een pelgrimsopschrift. Circa 1740.Condition report upon request",,50,150,,,,,,,1,14 x 8 x 4 cm.,,True,False,"Een Nederlandse ovale messing tabaksdoos, aan één zijde gedecoreerd met Sint-Antonius van Padua, patroonheilige van verloren en gestolen zaken, en aan de andere zijde met een voorstelling van Onze-Lieve-Vrouw van ‘Leuelar’ en een pelgrimsopschrift. Circa 1740.;A Dutch oval brass tobacco box, decorated on one side with Saint Anthony of Padua, patron saint of lost and stolen things, and on the other side with a depiction of Our Lady of ‘Leuelar’ and a pilgrim's inscription. Circa 1740.;;Diversen^;;2028;14 x 8 x 4 cm.;Miscellaneous^;", (-),https://lotimages.blob.core.windows.net/medusa/25d17f76-6756-4a5b-9574-16fb1a1c6d5a_TH.png,3,2026-09-07T17:15:45+00:00,2026-09-07T21:00:45+00:00,False,,0,0,50,1,50,1,,,,,,,0,0,2026-08-21T13:28:23.2194839+00:00
814899,medusa,MA-2026-4,138,Lots en Diversen,22572, 2029, ,1,"Een Hollandse 18e-eeuwse koperen tabaksdoos in de vorm van een boek, aan beide zijden rijk gedecoreerd met taferelen en teksten.Condition report upon request",,50,150,,,,,,,1,"12,5 x 7 x 2,5 cm.",,True,False,"Een Hollandse 18e-eeuwse koperen tabaksdoos in de vorm van een boek, aan beide zijden rijk gedecoreerd met taferelen en teksten.;A Dutch 18th-century copper tobacco box in the shape of a book, richly decorated on both sides with scenes and texts.;;Diversen^;;2029;12,5 x 7 x 2,5 cm.;Miscellaneous^;", (-),https://lotimages.blob.core.windows.net/medusa/580f365f-f06c-44af-9bae-92b740c9d3db_TH.png,3,2026-09-07T17:15:45+00:00,2026-09-07T21:00:45+00:00,False,,0,0,50,1,50,1,,,,,,,0,0,2026-08-21T13:28:23.9048051+00:00
814900,medusa,MA-2026-4,138,Lots en Diversen,22575, 2030, ,1,"Twee vroeg 19e-eeuwse pijpenkasten, ook wel pijpcomforts genoemd, waarvan één uitgevoerd in hout en één in koper.Condition report upon request",,50,150,,,,,,,2,L. 19 - 23 cm.,,True,False,"Twee vroeg 19e-eeuwse pijpenkasten, ook wel pijpcomforts genoemd, waarvan één uitgevoerd in hout en één in koper.;Two early 19th-century pipe cabinets, also known as pipe comforts, one made of wood and the other of copper.;;Diversen^;;2030;L. 19 - 23 cm.;Miscellaneous^;", (-),https://lotimages.blob.core.windows.net/medusa/976b18bb-e24f-4964-b262-f23b1d1ba8b0_TH.png,3,2026-09-07T17:15:45+00:00,2026-09-07T21:00:45+00:00,False,,0,0,50,1,50,1,,,,,,,0,0,2026-08-21T13:28:24.6215257+00:00
814901,medusa,MA-2026-4,138,Lots en Diversen,21940, 2031, ,1,"Een lot divers tinnen gebruiks- en siervoorwerpen. 18e, 19e en 20e eeuw.Condition report upon request",,10,50,,,,,,,1,,,True,False,"Een lot divers tinnen gebruiks- en siervoorwerpen. 18e, 19e en 20e eeuw.;A lot of various pewter utilitarian and decorative objects. 18th, 19th, and 20th centuries.;;Diversen^;;2031;;Miscellaneous^;", (-),https://lotimages.blob.core.windows.net/medusa/542ce691-3a35-45af-bae2-d85d48dae16b_TH.png,3,2026-09-07T17:15:45+00:00,2026-09-07T21:00:45+00:00,False,,0,0,10,1,0,1,,,,,,,0,0,2026-08-21T13:28:25.5141999+00:00
814902,medusa,MA-2026-4,138,Lots en Diversen,22563, 2032, ,1,"Een rijkgedecoreerde tinnen stekan, voorzien van het opschrift ‘Hurrah dem Hopfen! Hurrah dem Malz!’. Zwitserland, eind 18e eeuw.Condition report upon request",,100,300,,,,,,,1,35 x 28 cm. ,,True,False,"Een rijkgedecoreerde tinnen stekan, voorzien van het opschrift ‘Hurrah dem Hopfen! Hurrah dem Malz!’. Zwitserland, eind 18e eeuw.;A richly decorated pewter jug, bearing the inscription ‘Hurrah dem Hopfen! Hurrah dem Malz!’. Switzerland, late 18th century.;;Diversen^;;2032;35 x 28 cm. ;Miscellaneous^;", (-),https://lotimages.blob.core.windows.net/medusa/5f5fae42-c68e-45ab-8b11-eea8c4e62616_TH.png,2,2026-09-07T17:15:45+00:00,2026-09-07T21:00:45+00:00,False,,0,0,100,1,100,1,,,,,,,0,0,2026-08-21T13:28:26.1658827+00:00
814903,medusa,MA-2026-4,138,Lots en Diversen,22562, 2033, ,1,"Een grote dubbelzijdig gegraveerde tinnen kerkelijke doop- of pronkschotel met de Kruisiging. Duitsland of Midden-Europa, vermoedelijk eerste helft 18e eeuw. Grote ronde tinnen schotel met brede opstaande rand. Het gehele oppervlak is met de hand gegraveerd, gepointilleerd en voorzien van fijn zigzag- of trembleerwerk. Centraal een ovaal medaillon met de Kruisiging van Christus, met aan de voet van het kruis een schedel als verwijzing naar Adam en Golgotha. De voorstelling is omgeven door gestileerde palmtakken of korenaren. Daaromheen een symmetrisch opgebouwd decor van grote leeuwachtige dieren, vogels, herten of andere dieren, bloeiende planten en gestileerde ranken. De brede rand is eveneens rijk gevuld met florale en geometrische ornamenten. De combinatie van de Kruisiging met dieren en vegetatie kan worden gelezen als een symbolische verbeelding van het paradijs en de door Christus herstelde schepping. De enigszins naïeve, krachtige uitvoering past binnen de Midden-Europese volkskunst en de traditie van rijk gegraveerd kerkelijk tin.",,80,120,,,,,,,1,,,True,False,"Een grote dubbelzijdig gegraveerde tinnen kerkelijke doop- of pronkschotel met de Kruisiging. Duitsland of Midden-Europa, vermoedelijk eerste helft 18e eeuw. Grote ronde tinnen schotel met brede opstaande rand. Het gehele oppervlak is met de hand gegraveerd, gepointilleerd en voorzien van fijn zigzag- of trembleerwerk. Centraal een ovaal medaillon met de Kruisiging van Christus, met aan de voet van het kruis een schedel als verwijzing naar Adam en Golgotha. De voorstelling is omgeven door gestileerde palmtakken of korenaren. Daaromheen een symmetrisch opgebouwd decor van grote leeuwachtige dieren, vogels, herten of andere dieren, bloeiende planten en gestileerde ranken. De brede rand is eveneens rijk gevuld met florale en geometrische ornamenten. De combinatie van de Kruisiging met dieren en vegetatie kan worden gelezen als een symbolische verbeelding van het paradijs en de door Christus herstelde schepping. De enigszins naïeve, krachtige uitvoering past binnen de Midden-Europese volkskunst en de traditie van rijk gegraveerd kerkelijk tin.;<P>A large, double-sided engraved pewter ecclesiastical baptismal or ceremonial dish depicting the Crucifixion. Germany or Central Europe, probably the first half of the 18th century. A large round pewter dish with a wide upturned rim. The entire surface is hand-engraved, pointillised and decorated with fine zigzag or tremblé work. At the centre is an oval medallion depicting the Crucifixion of Christ, with a skull at the foot of the cross as a reference to Adam and Golgotha. The scene is surrounded by stylised palm branches or ears of corn. Around this is a symmetrically arranged decoration of large lion-like animals, birds, deer or other animals, flowering plants and stylised tendrils. The wide rim is also richly adorned with floral and geometric ornaments. The combination of the Crucifixion with animals and vegetation can be interpreted as a symbolic representation of paradise and creation restored by Christ. The somewhat naïve, powerful execution is in keeping with Central European folk art and the tradition of richly engraved ecclesiastical pewter.</P>;;Tin^;;2033;;Tin^;", (-),https://lotimages.blob.core.windows.net/medusa/86c0549d-cbfc-49e1-a529-55902be4bd55_TH.png,2,2026-09-07T17:15:45+00:00,2026-09-07T21:00:45+00:00,False,,0,0,80,1,80,1,,,,,,,0,0,2026-08-21T13:28:26.9344336+00:00
814904,medusa,MA-2026-4,138,Lots en Diversen,22564, 2034, ,1,"Een tinnen klepkan, op het deksel voorzien van een wapenschild en de inscriptie ‘Hailmann gestiftet’, gedateerd 1777.Condition report upon request",,50,150,,,,,,,1,H. 37 cm.,,True,False,"Een tinnen klepkan, op het deksel voorzien van een wapenschild en de inscriptie ‘Hailmann gestiftet’, gedateerd 1777.;A pewter lidded jug, with a coat of arms and the inscription ‘Hailmann gestiftet’ on the lid, dated 1777.;;Tin^;;2034;H. 37 cm.;Tin^;", (-),https://lotimages.blob.core.windows.net/medusa/efcb8868-c688-444b-a94e-1e93883b506f_TH.png,4,2026-09-07T17:15:45+00:00,2026-09-07T21:00:45+00:00,False,,0,0,50,1,50,1,,,,,,,0,0,2026-08-21T13:28:27.5925387+00:00
814905,medusa,MA-2026-4,138,Lots en Diversen,22565, 2035, ,1,"Een grote driedubbele Groninger kraantjeskan, voorzien van drie kranen en bijbehorende treef. Holland, circa 1800.Condition report upon request",,80,120,,,,,,,1,H. 55 cm.,,True,False,"Een grote driedubbele Groninger kraantjeskan, voorzien van drie kranen en bijbehorende treef. Holland, circa 1800.;A large triple-spouted Groningen jug, fitted with three taps and a matching trivet. Holland, circa 1800.;;Diversen^;;2035;H. 55 cm.;Miscellaneous^;", (-),https://lotimages.blob.core.windows.net/medusa/278ef983-0f57-4e7b-ba0c-3b5f62c08bde_TH.png,2,2026-09-07T17:15:45+00:00,2026-09-07T21:00:45+00:00,False,,0,0,80,1,80,1,,,,,,,0,0,2026-08-21T13:28:28.2051874+00:00
814906,medusa,MA-2026-4,138,Lots en Diversen,22561, 2036, ,1,"Twee aardewerken Westerwald-klepkannen, uitgevoerd in steengoed (Steinzeug). Duitsland, circa 1800.Condition report upon request",,50,150,,,,,,,1,H. 35 cm. ,,True,False,"Twee aardewerken Westerwald-klepkannen, uitgevoerd in steengoed (Steinzeug). Duitsland, circa 1800.;Two earthenware Westerwald lidded jugs, made of stoneware (Steinzeug). Germany, circa 1800.;;Aardewerk^;;2036;H. 35 cm. ;Croquery^;", (-),https://lotimages.blob.core.windows.net/medusa/9510448e-2504-43d0-a431-e4cf22104947_TH.png,3,2026-09-07T17:15:45+00:00,2026-09-07T21:00:45+00:00,False,,0,0,50,1,50,1,,,,,,,0,0,2026-08-21T13:28:28.9683573+00:00
814907,medusa,MA-2026-4,138,Lots en Diversen,22388, 2037, ,1,"Een lot bestaande uit twee antieke koudbeschilderde flessen, Holland, 18e eeuw. Een fles is hersteld.Condition report upon request",,200,600,,,,,,,2,H. 20 - 28 cm.,,True,False,"Een lot bestaande uit twee antieke koudbeschilderde flessen, Holland, 18e eeuw. Een fles is hersteld.;A lot consisting of two antique cold-painted bottles, Holland, 18th century. One bottle has been restored.;;Glas^;;2037;H. 20 - 28 cm.;Glass^;", (-),https://lotimages.blob.core.windows.net/medusa/cf99ccbc-8620-41dc-aae0-72c8057cdc5c_TH.png,3,2026-09-07T17:15:45+00:00,2026-09-07T21:00:45+00:00,False,,0,0,200,1,200,1,,,,,,,0,0,2026-08-21T13:28:29.643284+00:00
814908,medusa,MA-2026-4,138,Lots en Diversen,22386, 2038, ,1,"Een polychroom beschilderd houten beeld van Jozef met het Christuskind, circa 1700.Condition report upon request",,200,600,,,,,,,1,"26,5 x 16 cm.",,True,False,"Een polychroom beschilderd houten beeld van Jozef met het Christuskind, circa 1700.;A polychrome painted wooden statue of Joseph with the Christ Child, circa 1700.;;Beelden^;;2038;26,5 x 16 cm.;Sculptures^;", (-),https://lotimages.blob.core.windows.net/medusa/bbd3fb21-9c35-42e1-bcec-226effddd0d9_TH.png,4,2026-09-07T17:15:45+00:00,2026-09-07T21:00:45+00:00,False,,0,0,200,1,200,1,,,,,,,0,0,2026-08-21T13:28:30.3674444+00:00
814909,medusa,MA-2026-4,138,Lots en Diversen,22406, 2039, ,1,"<STRONG>Toegeschreven aan Jaap Gidding (1887–1955),</STRONG> een glas-in-loodraam met een voorstelling van een vogel.Condition report upon request",,50,150,,,,,,,1,"31,5 x 32,5 cm.",,True,False,"<STRONG>Toegeschreven aan Jaap Gidding (1887–1955),</STRONG> een glas-in-loodraam met een voorstelling van een vogel.;<STRONG>Attributed to Jaap Gidding (1887–1955),</STRONG> a stained-glass window depicting a bird.;;Diversen^;;2039;31,5 x 32,5 cm.;Miscellaneous^;", (-),https://lotimages.blob.core.windows.net/medusa/f3317f92-6a0e-44cc-a10a-4b7fce8591af_TH.png,1,2026-09-07T17:15:45+00:00,2026-09-07T21:00:45+00:00,False,,0,0,50,1,50,1,,,,,,,0,0,2026-08-21T13:28:30.9661786+00:00
814910,medusa,MA-2026-4,138,Lots en Diversen,11045, 2040, ,1,"Een zandstenen kop van een putto, gemonteerd op een gezoet marmeren sokkel. Condition report upon request",,100,200,,,,,,,1,H.: 37 cm. excl. sokkel. ,,True,False,"Een zandstenen kop van een putto, gemonteerd op een gezoet marmeren sokkel. ;A sandstone head of a putto, mounted on a honed marble base.;;Beelden^;sculpturen^;;2040;H.: 37 cm. excl. sokkel. ;Sculptures^;Scluptures^;", (-),https://lotimages.blob.core.windows.net/medusa/9037343c-0860-49ae-b3c8-21f3b28ba4d9_TH.png,3,2026-09-07T17:15:45+00:00,2026-09-07T21:00:45+00:00,False,,0,0,100,1,100,1,,,,,,,0,0,2026-08-21T13:28:31.6086259+00:00
814912,medusa,MA-2026-4,138,Lots en Diversen,21134, 2042, ,1,"Grote messing kandelaar. Spanje, circa 18e eeuw. Condition report upon request",,50,100,,,,,,,1,H. 24 cm.,,True,False,"Grote messing kandelaar. Spanje, circa 18e eeuw. ;Large brass candlestick. Spain, circa 18th century.;;Kandelaren^;;2042;H. 24 cm.;Candelsticks^;", (-),https://lotimages.blob.core.windows.net/medusa/1c68a0ac-aea9-4444-b2fc-b380b1ea7286_TH.png,3,2026-09-07T17:15:45+00:00,2026-09-07T21:00:45+00:00,False,,0,0,50,1,50,1,,,,,,,0,0,2026-08-21T13:28:32.9187479+00:00
814913,medusa,MA-2026-4,138,Lots en Diversen,21133, 2043, ,1,"Koperen kandelaar met vier knopen. Vlaanderen of Nederland, 1500–1600. Condition report upon request",,200,400,,,,,,,1,"H. 20,5 cm.",,True,False,"Koperen kandelaar met vier knopen. Vlaanderen of Nederland, 1500–1600. ;Copper candlestick with four knobs. Flanders or the Netherlands, 1500–1600.;;Kandelaren^;;2043;H. 20,5 cm.;Candelsticks^;", (-),https://lotimages.blob.core.windows.net/medusa/742dc4ee-9a68-458c-b79a-28adc8cc1410_TH.png,3,2026-09-07T17:15:45+00:00,2026-09-07T21:00:45+00:00,False,,0,0,200,1,200,1,,,,,,,0,0,2026-08-21T13:28:33.520525+00:00
814914,medusa,MA-2026-4,138,Lots en Diversen,21127, 2044, ,1,"Grote bronzen kookpot (<EM data-start=""23"" data-end=""30"">grape</EM>), staand op drie poten en voorzien van twee oren. Duitsland, 17e eeuw of laterCondition report upon request",,50,100,,,,,,,1,24 x 30 cm.,,True,False,"Grote bronzen kookpot (<EM data-start=""23"" data-end=""30"">grape</EM>), staand op drie poten en voorzien van twee oren. Duitsland, 17e eeuw of later;Large bronze cooking pot (grape), standing on three legs and fitted with two handles. Germany, 17th century or later;;Diversen^;;2044;24 x 30 cm.;Miscellaneous^;", (-),https://lotimages.blob.core.windows.net/medusa/05e46f91-a610-4057-b10c-d5713e4e5494_TH.png,3,2026-09-07T17:15:45+00:00,2026-09-07T21:00:45+00:00,False,,0,0,50,1,50,1,,,,,,,0,0,2026-08-21T13:28:34.0913408+00:00
814915,medusa,MA-2026-4,138,Lots en Diversen,22502, 2045, ,1,"Een lot van twee 17e-eeuwse Delftse aardewerken tegels, waarvan één gedecoreerd met een zeewezen en één met een Bijbelse scène van Pilatus die zijn handen in onschuld wast. .",,30,60,,,,,,,2,,,True,False,"Een lot van twee 17e-eeuwse Delftse aardewerken tegels, waarvan één gedecoreerd met een zeewezen en één met een Bijbelse scène van Pilatus die zijn handen in onschuld wast. .;<P>A lot comprising two 17th-century Delft earthenware tiles, one decorated with a sea creature and the other with a biblical scene depicting Pilate washing his hands in innocence.</P>;;Aardewerk^;;2045;;Croquery^;", (-),https://lotimages.blob.core.windows.net/medusa/9d63da54-369a-4441-aa8c-864641ad27b6_TH.png,1,2026-09-07T17:15:45+00:00,2026-09-07T21:00:45+00:00,False,,0,0,30,1,30,1,,,,,,,0,0,2026-08-21T13:28:34.9763518+00:00
814916,medusa,MA-2026-4,138,Lots en Diversen,22645, 2046, ,1,"Een verzameling diverse antieke tegels, daterend van de 18e tot en met het einde van de 19e eeuw. Diverse conditie's.Condition report upon request",,10,100,,,,,,,1,,,True,False,"Een verzameling diverse antieke tegels, daterend van de 18e tot en met het einde van de 19e eeuw. Diverse conditie's.;A collection of various antique tiles, dating from the 18th to the end of the 19th century. Various conditions.;;Aardewerk^;;2046;;Croquery^;", (-),https://lotimages.blob.core.windows.net/medusa/ac66e11d-fd11-4f71-bd39-65130f0398e7_TH.png,1,2026-09-07T17:15:45+00:00,2026-09-07T21:00:45+00:00,False,,0,0,10,1,10,1,,,,,,,0,0,2026-08-21T13:28:35.7201905+00:00
814917,medusa,MA-2026-4,138,Lots en Diversen,22501, 2047, ,1,"Een lot van drie stuks Delfts aardewerk, waaronder een vroege porseleinen fles.Condition report upon request",,50,150,,,,,,,3,,,True,False,"Een lot van drie stuks Delfts aardewerk, waaronder een vroege porseleinen fles.;A lot of three pieces of Delft earthenware, including an early porcelain bottle.;;Aardewerk^;;2047;;Croquery^;", (-),https://lotimages.blob.core.windows.net/medusa/8e6deb44-8755-4c6e-b1c4-c243e6851311_TH.png,3,2026-09-07T17:15:45+00:00,2026-09-07T21:00:45+00:00,False,,0,0,50,1,50,1,,,,,,,0,0,2026-08-21T13:28:36.4112066+00:00
814918,medusa,MA-2026-4,138,Lots en Diversen,20629, 2048, ,1,Groot Delfts tegeltableau met een afbeelding van een troubadour naar een werk van Frans Hals. Omlijsting in matige staat.Condition report upon request,,20,40,,,,,,,1,59 x 44 cm.,,True,False,Groot Delfts tegeltableau met een afbeelding van een troubadour naar een werk van Frans Hals. Omlijsting in matige staat.;Large Delft tile panel depicting a troubadour after a work by Frans Hals. Frame in fair condition.;;Aardewerk^;Delft^;;2048;59 x 44 cm.;Croquery^;Delft^;, (-),https://lotimages.blob.core.windows.net/medusa/dcde04a4-f791-453c-9a49-9357dc71a5e2_TH.png,1,2026-09-07T17:15:45+00:00,2026-09-07T21:00:45+00:00,False,,0,0,20,1,20,1,,,,,,,0,0,2026-08-21T13:28:37.0618012+00:00
814919,medusa,MA-2026-4,138,Lots en Diversen,22621, 2049, ,1,"Een lot van twee aardewerken tegels, beschilderd met voorstellingen naar werken van Elchanon Verveer en Philippe Sadée.Condition report upon request",,50,100,,,,,,,2,15 x 15 cm.,,True,False,"Een lot van twee aardewerken tegels, beschilderd met voorstellingen naar werken van Elchanon Verveer en Philippe Sadée.;A lot of two earthenware tiles, painted with scenes after works by Elchanon Verveer and Philippe Sadée.;;Delft^;;2049;15 x 15 cm.;Delft^;", (-),https://lotimages.blob.core.windows.net/medusa/22b31531-afad-4b3c-a7f7-e7706dab2840_TH.png,2,2026-09-07T17:15:45+00:00,2026-09-07T21:00:45+00:00,False,,0,0,50,1,50,1,,,,,,,0,0,2026-08-21T13:28:37.7336106+00:00
814920,medusa,MA-2026-4,138,Lots en Diversen,22309, 2050, ,1,"Een lot bestaande uit twee borden, een vaas, en een deksel, allen gemerkt 'De Porceleyne Fles"". Daarbij een Herend dekselvaas.Condition report upon request",,50,100,,,,,,,1,,,True,False,"Een lot bestaande uit twee borden, een vaas, en een deksel, allen gemerkt 'De Porceleyne Fles"". Daarbij een Herend dekselvaas.;A lot consisting of two plates, a vase, and a lid, all marked 'De Porceleyne Fles'. Also included is a Herend lidded vase.;;Aardewerk^;;2050;;Croquery^;", (-),https://lotimages.blob.core.windows.net/medusa/2f4f0249-fe9e-46a4-a25a-49a1d8052af0_TH.png,4,2026-09-07T17:15:45+00:00,2026-09-07T21:00:45+00:00,False,,0,0,50,1,0,1,,,,,,,0,0,2026-08-21T13:28:38.3554438+00:00
814921,medusa,MA-2026-4,138,Lots en Diversen,22590, 2051, ,1,Een zeer grote 19e-eeuwse beschilderde bronzen deurklopper in de vorm van een leeuwenkop.Condition report upon request,,40,80,,,,,,,1,25 x 23 cm.,,True,False,Een zeer grote 19e-eeuwse beschilderde bronzen deurklopper in de vorm van een leeuwenkop.;A very large 19th-century painted bronze door knocker in the shape of a lion's head.;;Diversen^;;2051;25 x 23 cm.;Miscellaneous^;, (-),https://lotimages.blob.core.windows.net/medusa/695c4606-6c1d-4a40-bbec-65918345b30a_TH.png,3,2026-09-07T17:15:45+00:00,2026-09-07T21:00:45+00:00,False,,0,0,40,1,40,1,,,,,,,0,0,2026-08-21T13:28:38.9804143+00:00
814922,medusa,MA-2026-4,138,Lots en Diversen,22543, 2052, ,1,"Een lot bestaande uit een hallamp, barometer in Art Nouveau-stijl en een Biedermeier-tabakspot.Condition report upon request",,50,100,,,,,,,3,,,True,False,"Een lot bestaande uit een hallamp, barometer in Art Nouveau-stijl en een Biedermeier-tabakspot.;A lot consisting of a hall lamp, an Art Nouveau-style barometer, and a Biedermeier tobacco pot.;;Diversen^;;2052;;Miscellaneous^;", (-),https://lotimages.blob.core.windows.net/medusa/8bf5bb46-03cd-45d3-9650-554b8038b422_TH.png,1,2026-09-07T17:15:45+00:00,2026-09-07T21:00:45+00:00,False,,0,0,50,1,50,1,,,,,,,0,0,2026-08-21T13:28:39.6647133+00:00
814923,medusa,MA-2026-4,138,Lots en Diversen,22367, 2053, ,1,"Een collectie zogenoemde paeremessen (paardenmessen), in een (palm)houten verzamelfoedraal.Condition report upon request",,50,150,,,,,,,1,39 x 45 cm.,,True,False,"Een collectie zogenoemde paeremessen (paardenmessen), in een (palm)houten verzamelfoedraal.;A collection of so-called paeremessen (horse knives), in a (palm)wood collector's case.;;Diversen^;;2053;39 x 45 cm.;Miscellaneous^;", (-),https://lotimages.blob.core.windows.net/medusa/49673f4f-7e0d-4b22-b119-405663aa106e_TH.png,3,2026-09-07T17:15:45+00:00,2026-09-07T21:00:45+00:00,False,,0,0,50,1,50,1,,,,,,,0,0,2026-08-21T13:28:40.415583+00:00
814924,medusa,MA-2026-4,138,Lots en Diversen,22594, 2054, ,1,"Een lot houten Zwarte Woud-sculpturen, bestaande uit een pijpenhouder in de vorm van een man en een inktpot in de vorm van een hond.Condition report upon request",,50,150,,,,,,,2,H. 9 - 28 cm.,,True,False,"Een lot houten Zwarte Woud-sculpturen, bestaande uit een pijpenhouder in de vorm van een man en een inktpot in de vorm van een hond.;A lot of wooden Black Forest sculptures, consisting of a pipe holder in the shape of a man and an inkwell in the shape of a dog.;;Diversen^;;2054;H. 9 - 28 cm.;Miscellaneous^;", (-),https://lotimages.blob.core.windows.net/medusa/13f90c48-1fdd-4b41-a997-389fc148bf9d_TH.png,4,2026-09-07T17:15:45+00:00,2026-09-07T21:00:45+00:00,False,,0,0,50,1,50,1,,,,,,,0,0,2026-08-21T13:28:41.0966671+00:00
814925,medusa,MA-2026-4,138,Lots en Diversen,21124, 2055, ,1,"Lot van twee wandelstokken: een trekkerwandelstok in de vorm van een slang met diverse plaatsnaam-schildjes, en een Indonesische wandelstok met een heft in de vorm van een drakenkop. Condition report upon request",,20,40,,,,,,,2,L. 85 cm.,,True,False,"Lot van twee wandelstokken: een trekkerwandelstok in de vorm van een slang met diverse plaatsnaam-schildjes, en een Indonesische wandelstok met een heft in de vorm van een drakenkop. ;Lot of two walking sticks: a trekker's walking stick in the shape of a snake with various place name plaques, and an Indonesian walking stick with a handle in the shape of a dragon's head.;;Diversen^;;2055;L. 85 cm.;Miscellaneous^;", (-),https://lotimages.blob.core.windows.net/medusa/71c5833d-503d-4275-bafe-d643ae38ac0d_TH.png,4,2026-09-07T17:15:45+00:00,2026-09-07T21:00:45+00:00,False,,0,0,20,1,20,1,,,,,,,0,0,2026-08-21T13:28:41.8206681+00:00
814926,medusa,MA-2026-4,138,Lots en Diversen,22418, 2056, ,1,"Een divers lot, bestaande uit een geëmailleerde voorraadbox, een tinnen schaal, een Russisch popje, een blikken doos, een tapijt en een kamelenkleed.Condition report upon request",,20,40,,,,,,,1,,,True,False,"Een divers lot, bestaande uit een geëmailleerde voorraadbox, een tinnen schaal, een Russisch popje, een blikken doos, een tapijt en een kamelenkleed.;A miscellaneous lot, consisting of an enameled storage box, a pewter bowl, a Russian doll, a tin box, a carpet, and a camel rug.;;Diversen^;;2056;;Miscellaneous^;", (-),https://lotimages.blob.core.windows.net/medusa/02ee0316-ed00-48ee-a017-fb2969044ab5_TH.png,1,2026-09-07T17:15:45+00:00,2026-09-07T21:00:45+00:00,False,,0,0,20,1,20,1,,,,,,,0,0,2026-08-21T13:28:42.4214887+00:00
814927,medusa,MA-2026-4,138,Lots en Diversen,22287, 2057, ,1,"Gietijzeren houtkachel met voor-, en zijdeur.Condition report upon request",,50,150,,,,,,,1,70 x 62 x 40 cm.,,True,False,"Gietijzeren houtkachel met voor-, en zijdeur.;Cast iron wood stove with front and side door.;;Diversen^;;2057;70 x 62 x 40 cm.;Miscellaneous^;", (-),https://lotimages.blob.core.windows.net/medusa/6a8b8a41-dbc7-4b68-8a27-0288eb83420b_TH.png,1,2026-09-07T17:15:45+00:00,2026-09-07T21:00:45+00:00,False,,0,0,50,1,50,1,,,,,,,0,0,2026-08-21T13:28:43.0431546+00:00
814928,medusa,MA-2026-4,138,Lots en Diversen,22286, 2058, ,1,"Decoratieve gietijzeren kachel met florale Jugendstil-reliëfdecoraties. Gemerkt Junker &amp; Ruh, Karlsruhe. Duitsland, circa 1900.Condition report upon request",,100,300,,,,,,,1,80 x 70 x 50 cm.,,True,False,"Decoratieve gietijzeren kachel met florale Jugendstil-reliëfdecoraties. Gemerkt Junker &amp; Ruh, Karlsruhe. Duitsland, circa 1900.;Decorative cast iron stove with floral Art Nouveau relief decorations. Marked Junker & Ruh, Karlsruhe. Germany, circa 1900.;;Diversen^;;2058;80 x 70 x 50 cm.;Miscellaneous^;", (-),https://lotimages.blob.core.windows.net/medusa/48d2b02c-50bf-44a4-b29a-3ebf82e6eb13_TH.png,1,2026-09-07T17:15:45+00:00,2026-09-07T21:00:45+00:00,False,,0,0,100,1,100,1,,,,,,,0,0,2026-08-21T13:28:43.8880889+00:00
814929,medusa,MA-2026-4,138,Lots en Diversen,22509, 2059, ,1,"Een antieke koudbeschilderde koffiemolen, vervaardigd door Enterprise Manufacturing Co. Condition report upon request",,150,300,,,,,,,1,50 x 40 cm.,,True,False,"Een antieke koudbeschilderde koffiemolen, vervaardigd door Enterprise Manufacturing Co. ;An antique cold-painted coffee grinder, manufactured by Enterprise Manufacturing Co.;;Diversen^;;2059;50 x 40 cm.;Miscellaneous^;", (-),https://lotimages.blob.core.windows.net/medusa/b8086aae-ece4-4d2f-a0b0-a302fa26224e_TH.png,6,2026-09-07T17:15:45+00:00,2026-09-07T21:00:45+00:00,False,,0,0,150,1,150,1,,,,,,,0,0,2026-08-21T13:28:44.495922+00:00
814930,medusa,MA-2026-4,138,Lots en Diversen,22192, 2060, ,1,"Een verzilverde Old Sheffield Samovar, circa 1840.Condition report upon request",,40,80,,,,,,,1,H. 38 cm.,,True,False,"Een verzilverde Old Sheffield Samovar, circa 1840.;A silver-plated Old Sheffield Samovar, circa 1840.;;verzilverd^;;2060;H. 38 cm.;Plate^;", (-),https://lotimages.blob.core.windows.net/medusa/f018b7b1-a913-433c-b273-7b9cccd6fee7_TH.png,4,2026-09-07T17:15:45+00:00,2026-09-07T21:00:45+00:00,False,,0,0,40,1,40,1,,,,,,,0,0,2026-08-21T13:28:45.1025231+00:00
814931,medusa,MA-2026-4,138,Lots en Diversen,22537, 2061, ,1,"Een eind 19e-eeuwse Nederlandse bijbel in lederen foedraal, voorzien van een geelgouden slot.Condition report upon request",,100,200,,,,,,,1,15 x 9 cm.,,True,False,"Een eind 19e-eeuwse Nederlandse bijbel in lederen foedraal, voorzien van een geelgouden slot.;A late 19th-century Dutch Bible in a leather slipcase, fitted with a yellow gold clasp.;;boeken^;goud^;;2061;15 x 9 cm.;books^;gold^;", (-),https://lotimages.blob.core.windows.net/medusa/9ea13de0-2c25-4d6c-b7b9-b0db19a2a6a4_TH.png,3,2026-09-07T17:15:45+00:00,2026-09-07T21:00:45+00:00,False,,0,0,100,1,100,1,,,,,,,0,0,2026-08-21T13:28:45.7391969+00:00
814932,medusa,MA-2026-4,138,Lots en Diversen,22293, 2062, ,1,"Twee antieke glazen stolpen, elk met een religieus beeld. Beide beelden met beschadigingen en ouderdomssporen.Condition report upon request",,50,100,,,,,,,1,H. 30 - 40 cm.,,True,False,"Twee antieke glazen stolpen, elk met een religieus beeld. Beide beelden met beschadigingen en ouderdomssporen.;Two antique glass domes, each with a religious statue. Both statues show damage and signs of age.;;Diversen^;;2062;H. 30 - 40 cm.;Miscellaneous^;", (-),https://lotimages.blob.core.windows.net/medusa/f0ea9864-ec23-4d68-978c-7ffb78b24fc8_TH.png,2,2026-09-07T17:15:45+00:00,2026-09-07T21:00:45+00:00,False,,0,0,50,1,50,1,,,,,,,0,0,2026-08-21T13:28:46.4506678+00:00
814933,medusa,MA-2026-4,138,Lots en Diversen,22196, 2063, ,1,"<P>Een 20e eeuws donker gepatineerd bronzen plaquette met een scéne van figuren in een herberg.</P>
<P>&nbsp;</P>Condition report upon request",,30,60,,,,,,,1,43 x 33 cm.,,True,False,"<P>Een 20e eeuws donker gepatineerd bronzen plaquette met een scéne van figuren in een herberg.</P>
<P>&nbsp;</P>;<P>A 20th-century dark patinated bronze plaque with a scene of figures in an inn.</P>

<P></P>;;Beelden^;Diversen^;;2063;43 x 33 cm.;Sculptures^;Miscellaneous^;", (-),https://lotimages.blob.core.windows.net/medusa/e9dd4d20-b068-4cd1-a374-8db026106740_TH.png,1,2026-09-07T17:15:45+00:00,2026-09-07T21:00:45+00:00,False,,0,0,30,1,30,1,,,,,,,0,0,2026-08-21T13:28:47.108227+00:00
814934,medusa,MA-2026-4,138,Lots en Diversen,22397, 2064, ,1,"<STRONG>Margrete Vanschoelant (B.1960), </STRONG><EM>Zittend halfnaakt met boeket, g</EM>esigneerd (rechtonder), olieverf op doek. Condition report upon request",,150,300,,,,,,,1,90 x 40 cm.,,True,False,"<STRONG>Margrete Vanschoelant (B.1960), </STRONG><EM>Zittend halfnaakt met boeket, g</EM>esigneerd (rechtonder), olieverf op doek. ;<STRONG>Margrete Vanschoelant (B.1960), </STRONG><EM>Seated semi-nude with bouquet, g</EM>signed (bottom right), oil on canvas.;;Schilderijen^;;2064;90 x 40 cm.;Paintings^;", (-),https://lotimages.blob.core.windows.net/medusa/8a867bd0-5044-4323-aef9-61853869d74d_TH.png,3,2026-09-07T17:15:45+00:00,2026-09-07T21:00:45+00:00,False,,0,0,150,1,150,1,,,,,,,0,0,2026-08-21T13:28:47.6845039+00:00
814935,medusa,MA-2026-4,138,Lots en Diversen,22206, 2065, ,1,"Een set van drie porseleinen opengewerkte potpurri's, Herend Hongarije. Condition report upon request",,150,300,,,,,,,3,Diam. 9 - 15 cm.,,True,False,"Een set van drie porseleinen opengewerkte potpurri's, Herend Hongarije. ;A set of three porcelain openwork potpurris, Herend, Hungary.;;Herend^;;2065;Diam. 9 - 15 cm.;Herend^;", (-),https://lotimages.blob.core.windows.net/medusa/45cb259d-94f1-4698-bcd2-05b407e26bd1_TH.png,3,2026-09-07T17:15:45+00:00,2026-09-07T21:00:45+00:00,False,,0,0,150,1,150,1,,,,,,,0,0,2026-08-21T13:28:48.3202121+00:00
814936,medusa,MA-2026-4,138,Lots en Diversen,22210, 2066, ,1,"<P>Zilveren beeld op losse&nbsp;marmeren voet van&nbsp;'Maria met kind' (Peltro Cesellato a Mano) op wereldbol met slang aan haar voeten en kruisbeeld in haar hand. Gekeurd met '2e gehalte leeuw'</P>
<P>&nbsp;</P>",,200,400,,,,,,,12910,29 x 10 cm,,True,False,"<P>Zilveren beeld op losse&nbsp;marmeren voet van&nbsp;'Maria met kind' (Peltro Cesellato a Mano) op wereldbol met slang aan haar voeten en kruisbeeld in haar hand. Gekeurd met '2e gehalte leeuw'</P>
<P>&nbsp;</P>;<P>Silver statue on a loose marble base of 'Mary with Child' (Peltro Cesellato a Mano) on a globe with a snake at her feet and a crucifix in her hand. Hallmarked with '2nd grade lion'</P>

<P></P>;;zilver^;;2066;29 x 10 cm;Silver^;", (-),https://lotimages.blob.core.windows.net/medusa/a4f5d0bd-6ff5-4de2-8869-3f2cb8ad8093_TH.png,4,2026-09-07T17:15:45+00:00,2026-09-07T21:00:45+00:00,False,,0,0,200,1,200,1,,,,,,,0,0,2026-08-21T13:28:49.0178807+00:00
814937,medusa,MA-2026-4,138,Lots en Diversen,22208, 2067, ,1,"<P>Een zilveren 4-arms kandelaar met sierlijke armen en gestreepte voet&nbsp;(gevulde voet) Nederlands gekeurd '835',</P>
<P>Gewicht 836 gram</P>",,200,400,,,,,,,1,27 x 27cm ,,True,False,"<P>Een zilveren 4-arms kandelaar met sierlijke armen en gestreepte voet&nbsp;(gevulde voet) Nederlands gekeurd '835',</P>
<P>Gewicht 836 gram</P>;<P>A silver 4-arm candlestick with ornate arms and striped base (filled base) Dutch hallmarked '835',</P>

<P>Weight </P>;;zilver^;;2067;27 x 27cm ;Silver^;", (-),https://lotimages.blob.core.windows.net/medusa/6f9e6804-d10d-4018-8599-e73b0f60e5d3_TH.png,2,2026-09-07T17:15:45+00:00,2026-09-07T21:00:45+00:00,False,,0,0,200,1,200,1,,,,,,,0,0,2026-08-21T13:28:49.668299+00:00
814938,medusa,MA-2026-4,138,Lots en Diversen,22211, 2068, ,1,"<P>Een lot divers tafelzilver bestaande uit o.a. servetringen, cakevork, diverse lepels en&nbsp;één doosje met zes theelepels,&nbsp;allen Nederlands gekeurd waarvan één lepel '800' </P>
<P>gewicht 194 gram</P>
<P>&nbsp;</P>",,80,120,,,,,,,12,,,True,False,"<P>Een lot divers tafelzilver bestaande uit o.a. servetringen, cakevork, diverse lepels en&nbsp;één doosje met zes theelepels,&nbsp;allen Nederlands gekeurd waarvan één lepel '800' </P>
<P>gewicht 194 gram</P>
<P>&nbsp;</P>;<P>A lot of miscellaneous silverware consisting of, among other things, napkin rings, a cake fork, various spoons and one small box with six teaspoons, all hallmarked with the Dutch hallmarks, one spoon being '800' </P> 
<P>weight </P> 
<P></P>;;zilver^;;2068;;Silver^;", (-),https://lotimages.blob.core.windows.net/medusa/89b1a3ca-c849-4d7e-97bc-7be33705ca8e_TH.png,2,2026-09-07T17:15:45+00:00,2026-09-07T21:00:45+00:00,False,,0,0,80,1,80,1,,,,,,,0,0,2026-08-21T13:28:50.2438731+00:00
814939,medusa,MA-2026-4,138,Lots en Diversen,22191, 2069, ,1,"<P>Lot divers zilver bestaande uit&nbsp;vier verschillende lepels.&nbsp;allen gekeurd met '2e gehalte Leeuw' en/of zwaardje.</P>
<P>&nbsp;totaalgewicht 112,5 gram.</P>Condition report upon request",,50,150,,,,,,,4,,,True,False,"<P>Lot divers zilver bestaande uit&nbsp;vier verschillende lepels.&nbsp;allen gekeurd met '2e gehalte Leeuw' en/of zwaardje.</P>
<P>&nbsp;totaalgewicht 112,5 gram.</P>;<P>Lot of miscellaneous silver consisting of four different spoons. All hallmarked with 'Second Grade Lion' and/or a small sword.</P>

<P>Total weight 112.5 grams.</P>;;zilver^;;2069;;Silver^;", (-),https://lotimages.blob.core.windows.net/medusa/50a7e299-bd61-4ae7-8830-099b130e69fc_TH.png,2,2026-09-07T17:15:45+00:00,2026-09-07T21:00:45+00:00,False,,0,0,50,1,50,1,,,,,,,0,0,2026-08-21T13:28:50.833268+00:00
814940,medusa,MA-2026-4,138,Lots en Diversen,22189, 2070, ,1,Een set van negen Christofle lepeltjes in Marly-patroon. Condition report upon request,,30,60,,,,,,,1,,,True,False,Een set van negen Christofle lepeltjes in Marly-patroon. ;A set of nine Christofle spoons in Marly pattern.;;verzilverd^;;2070;;Plate^;, (-),https://lotimages.blob.core.windows.net/medusa/c63701ad-8cbd-4c56-8760-16b65206c286_TH.png,2,2026-09-07T17:15:45+00:00,2026-09-07T21:00:45+00:00,False,,0,0,30,1,30,1,,,,,,,0,0,2026-08-21T13:28:51.6047627+00:00
814941,medusa,MA-2026-4,138,Lots en Diversen,22190, 2071, ,1,"<P>Lot divers zilver bestaande uit een trompetvaasje (12 cm. met gevulde voet) twee Egyptische servetringen, broche en twaalf lepeltjes. Nederlands /&nbsp;Buitenlands&nbsp;gekeurd.</P>
<P>&nbsp;totaal gewicht 210 gram.</P>Condition report upon request",,100,200,,,,,,,16,,,True,False,"<P>Lot divers zilver bestaande uit een trompetvaasje (12 cm. met gevulde voet) twee Egyptische servetringen, broche en twaalf lepeltjes. Nederlands /&nbsp;Buitenlands&nbsp;gekeurd.</P>
<P>&nbsp;totaal gewicht 210 gram.</P>;<P>Lot of miscellaneous silver consisting of a small trumpet vase (12 cm. with filled base), two Egyptian napkin rings, a brooch, and twelve small spoons. Hallmarked Dutch / Foreign.</P>

<P>Total weight 210 grams.</P>;;zilver^;;2071;;Silver^;", (-),https://lotimages.blob.core.windows.net/medusa/fb2e0574-786f-41b6-a569-c6082937d17c_TH.png,2,2026-09-07T17:15:45+00:00,2026-09-07T21:00:45+00:00,False,,0,0,100,1,100,1,,,,,,,0,0,2026-08-21T13:28:52.2798819+00:00
814942,medusa,MA-2026-4,138,Lots en Diversen,22659, 2072, ,1,"6x Zilveren tafelcouverts (extra vork)&nbsp;en 6x zilveren dessertcouverts 2e gehalte v.Kempen 1871 Model Hollands glad, totaalgewicht 1.233 gram.&nbsp;Condition report upon request",,1200,2400,,,,,,,1,,,True,False,"6x Zilveren tafelcouverts (extra vork)&nbsp;en 6x zilveren dessertcouverts 2e gehalte v.Kempen 1871 Model Hollands glad, totaalgewicht 1.233 gram.&nbsp;;6x Silver dinnerware (extra fork) and 6x silver dessert cutlery, 2nd grade, v.Kempen 1871, Dutch smooth model, total weight 1.233 grams.;;zilver^;;2072;;Silver^;", (-),https://lotimages.blob.core.windows.net/medusa/c3dad019-600d-4f6e-8eeb-afec645492c3_TH.png,2,2026-09-07T17:15:45+00:00,2026-09-07T21:00:45+00:00,False,,0,0,1200,1,1200,1,,,,,,,0,0,2026-08-21T13:28:52.9297344+00:00
814943,medusa,MA-2026-4,138,Lots en Diversen,22661, 2073, ,1,"2x Zilveren dessertcouverts 2e gehalte Haags lof v.Kempen 1940, totaalgewicht 177 gram.Condition report upon request",,100,200,,,,,,,1,,,True,False,"2x Zilveren dessertcouverts 2e gehalte Haags lof v.Kempen 1940, totaalgewicht 177 gram.;2x Silver dessert cutlery, 2nd grade, Haags lof v.Kempen 1940, total weight 177 grams.;;zilver^;;2073;;Silver^;", (-),https://lotimages.blob.core.windows.net/medusa/0df47c7e-cc18-433f-a74d-dcd66d5a66bb_TH.png,3,2026-09-07T17:15:45+00:00,2026-09-07T21:00:45+00:00,False,,0,0,100,1,100,1,,,,,,,0,0,2026-08-21T13:28:53.6123887+00:00
814944,medusa,MA-2026-4,138,Lots en Diversen,22212, 2074, ,1,"<P>Een set zilveren gebaksvorkjes (12)&nbsp;in&nbsp;originele&nbsp;casette en taartschep gedecoreerd met roosjes, Nederlands gekeurd 2e gehalte zilver en 'H+H' (&nbsp;H. Hooijkaas ), </P>
<P>gewicht 211 gram&nbsp;</P>Condition report upon request",,150,300,,,,,,,13,,,True,False,"<P>Een set zilveren gebaksvorkjes (12)&nbsp;in&nbsp;originele&nbsp;casette en taartschep gedecoreerd met roosjes, Nederlands gekeurd 2e gehalte zilver en 'H+H' (&nbsp;H. Hooijkaas ), </P>
<P>gewicht 211 gram&nbsp;</P>;<P>A set of silver pastry forks (12) in original case and cake server decorated with roses, Dutch hallmarked 2nd grade silver and 'H+H' (H. Hooijkaas ), </P>

<P>weight 211 grams</P>;;zilver^;;2074;;Silver^;", (-),https://lotimages.blob.core.windows.net/medusa/0508a13f-5e08-4328-81ab-aab75f61cca9_TH.png,4,2026-09-07T17:15:45+00:00,2026-09-07T21:00:45+00:00,False,,0,0,150,1,150,1,,,,,,,0,0,2026-08-21T13:28:54.189642+00:00
814945,medusa,MA-2026-4,138,Lots en Diversen,22213, 2075, ,1,"<P>Een set zilveren theelepels (12) in&nbsp;orginele casette&nbsp;met daarbij een suikerlepel/schepje, allen gedecoreerd met roosjes, Nederlands gekeurd, 2e gehalte zilver en&nbsp;'H+H' (H. Hooijkaas)</P>
<P>Gewicht 120 gram&nbsp;</P>Condition report upon request",,50,150,,,,,,,13,,,True,False,"<P>Een set zilveren theelepels (12) in&nbsp;orginele casette&nbsp;met daarbij een suikerlepel/schepje, allen gedecoreerd met roosjes, Nederlands gekeurd, 2e gehalte zilver en&nbsp;'H+H' (H. Hooijkaas)</P>
<P>Gewicht 120 gram&nbsp;</P>;<P>A set of silver teaspoons (12) in original case with a sugar spoon/scoop, all decorated with roses, Dutch hallmarked, 2nd grade silver and 'H+H' (H. Hooijkaas)</P>

<P>Weight 120 grams</P>;;zilver^;;2075;;Silver^;", (-),https://lotimages.blob.core.windows.net/medusa/fa12801f-72b7-4c03-9942-94a76b279287_TH.png,3,2026-09-07T17:15:45+00:00,2026-09-07T21:00:45+00:00,False,,0,0,50,1,50,1,,,,,,,0,0,2026-08-21T13:28:54.8730673+00:00
814946,medusa,MA-2026-4,138,Lots en Diversen,22204, 2076, ,1,"Een uitgebreide 105-delige massief zilveren bestekcassette voor 12 personen, vervaardigd door Robbe &amp; Berking, model Alta, uitgevoerd in 925/000 sterling zilver. De cassette bestaat uit: * 12 tafellepels* 12 tafelvorken* 12 tafelmessen* 12 dessertlepels* 12 dessertvorken* 12 dessertmessen* 12 koffielepels, 13 cm* 12 taartvorkjes, 15,2 cm* 1 aardappellepel* 1 botermesje, zilver* 1 groentelepel* 1 puddingschep, 18 cm* 1 sauslepel* 1 suikerschep* 1 taartschep* 1 vleesdienvork, 15 cm* 1 vleesdienvork, 18 cm Totaal 105 delen. Voorzien van originele taxatiedocumentatie van juwelier-horloger Aug. Pijnenburg B.V., gedateerd 9 februari 1993. 4185 gram en de messen totaal 1610 gram (heften 925 zilver).Condition report upon request",,5000,10000,,,,,,,1,,,True,False,"Een uitgebreide 105-delige massief zilveren bestekcassette voor 12 personen, vervaardigd door Robbe &amp; Berking, model Alta, uitgevoerd in 925/000 sterling zilver. De cassette bestaat uit: * 12 tafellepels* 12 tafelvorken* 12 tafelmessen* 12 dessertlepels* 12 dessertvorken* 12 dessertmessen* 12 koffielepels, 13 cm* 12 taartvorkjes, 15,2 cm* 1 aardappellepel* 1 botermesje, zilver* 1 groentelepel* 1 puddingschep, 18 cm* 1 sauslepel* 1 suikerschep* 1 taartschep* 1 vleesdienvork, 15 cm* 1 vleesdienvork, 18 cm Totaal 105 delen. Voorzien van originele taxatiedocumentatie van juwelier-horloger Aug. Pijnenburg B.V., gedateerd 9 februari 1993. 4185 gram en de messen totaal 1610 gram (heften 925 zilver).;An extensive 105-piece solid silver cutlery set for 12 people, manufactured by Robbe & Berking, model Alta, crafted in 925/000 sterling silver. The set consists of: * 12 tablespoons * 12 table forks * 12 table knives * 12 dessert spoons * 12 dessert forks * 12 dessert knives * 12 coffee spoons, 13 cm * 12 cake forks, 15.2 cm * 1 potato spoon * 1 butter knife, silver * 1 vegetable spoon * 1 pudding scoop, 18 cm * 1 sauce ladle * 1 sugar scoop * 1 cake server * 1 meat serving fork, 15 cm * 1 meat serving fork, 18 cm. Total 105 pieces. Accompanied by original appraisal documentation from jeweler-watchmaker Aug. Pijnenburg B.V., dated February 9, 1993. 4,185 grams and the knives total 1,610 grams (handles 925 silver).;;zilver^;;2076;;Silver^;", (-),https://lotimages.blob.core.windows.net/medusa/705bbcc9-9d68-4020-a637-7b248a811777_TH.png,7,2026-09-07T17:15:45+00:00,2026-09-07T21:00:45+00:00,False,,0,0,5000,1,5000,1,,,,,,,0,0,2026-08-21T13:28:55.4803742+00:00
814947,medusa,MA-2026-4,138,Lots en Diversen,22466, 2077, ,1,"Een zilveren 12-persoons bestek, vervaardigd door Georg Jensen, Copenhagen, model ‘Ahorn’, eerste gehalte zilver. Circa 1950–1955.totaalgewicht zilver 5834 gram.Totaalgewicht messen (heft zilver) 3170 gram.Condition report upon request",,10000,15000,,,,,,,1,,,True,False,"Een zilveren 12-persoons bestek, vervaardigd door Georg Jensen, Copenhagen, model ‘Ahorn’, eerste gehalte zilver. Circa 1950–1955.totaalgewicht zilver 5834 gram.Totaalgewicht messen (heft zilver) 3170 gram.;A 12-person silver cutlery set, manufactured by Georg Jensen, Copenhagen, model ‘Ahorn’, sterling silver. Circa 1950–1955. Total weight of silver 5834 grams. Total weight of knives (silver handle) 3170 grams.;;zilver^;;2077;;Silver^;", (-),https://lotimages.blob.core.windows.net/medusa/9da1c49e-846d-491c-9a4b-0ba8869b8f45_TH.png,6,2026-09-07T17:15:45+00:00,2026-09-07T21:00:45+00:00,False,,0,0,10000,1,10000,1,,,,,,,0,0,2026-08-21T13:28:55.5600077+00:00
814948,medusa,MA-2026-4,138,Lots en Diversen,22662, 2078, ,1,"2x Zilveren strooilepels 2e gehalte 1867 en 1845, totaalgewicht 67,5 gram.Condition report upon request",,80,120,,,,,,,1,,,True,False,"2x Zilveren strooilepels 2e gehalte 1867 en 1845, totaalgewicht 67,5 gram.;2x Silver sugar spoons, 2nd grade, 1867 and 1845, total weight 67.5 grams.;;zilver^;;2078;;Silver^;", (-),https://lotimages.blob.core.windows.net/medusa/1cc71ca6-743b-4330-9a20-ab83b328876d_TH.png,4,2026-09-07T17:15:45+00:00,2026-09-07T21:00:45+00:00,False,,0,0,80,1,80,1,,,,,,,0,0,2026-08-21T13:28:56.1608196+00:00
814949,medusa,MA-2026-4,138,Lots en Diversen,22660, 2079, ,1,"Zilveren Engelse fruitschep met bewerkte bak London 1e gehalte 1777, totaalgewicht 63,5 gram.Condition report upon request",,100,200,,,,,,,1,,,True,False,"Zilveren Engelse fruitschep met bewerkte bak London 1e gehalte 1777, totaalgewicht 63,5 gram.;Silver English fruit scoop with decorated bowl, London 1st grade 1777, total weight 63.5 grams.;;zilver^;;2079;;Silver^;", (-),https://lotimages.blob.core.windows.net/medusa/2503ce55-d237-4aff-a832-a9dc22246262_TH.png,2,2026-09-07T17:15:45+00:00,2026-09-07T21:00:45+00:00,False,,0,0,100,1,100,1,,,,,,,0,0,2026-08-21T13:28:56.785875+00:00
814950,medusa,MA-2026-4,138,Lots en Diversen,22209, 2080, ,1,"<P>Een zilveren Theeservies bestaande uit koffie -en theepot, melk -en suiker pot, en dienblad allen bezet met parelrand, theeservies gemerkt met '835' dienblad gemerkt met 'Sterling zilver 925'. Gewicht 2280 gram.</P>Condition report upon request",,1800,2800,,,,,,,5,,,True,False,"<P>Een zilveren Theeservies bestaande uit koffie -en theepot, melk -en suiker pot, en dienblad allen bezet met parelrand, theeservies gemerkt met '835' dienblad gemerkt met 'Sterling zilver 925'. Gewicht 2280 gram.</P>;<P>A silver tea set consisting of a coffee and teapot, milk and sugar jug, and tray, all set with a beaded rim, tea set marked '835' tray marked 'Sterling silver 925'. Weight 2280 grams.</P>;;zilver^;;2080;;Silver^;", (-),https://lotimages.blob.core.windows.net/medusa/28b0b26f-aa5a-448d-8dd2-565d0c32de68_TH.png,3,2026-09-07T17:15:45+00:00,2026-09-07T21:00:45+00:00,False,,0,0,1800,1,1800,1,,,,,,,0,0,2026-08-21T13:28:57.3926538+00:00
814951,medusa,MA-2026-4,138,Lots en Diversen,22403, 2081, ,1,"Een verzameling diverse pillendoosjes, waaronder exemplaren met zilveren monturen en decoraties.Condition report upon request",,30,60,,,,,,,1,,,True,False,"Een verzameling diverse pillendoosjes, waaronder exemplaren met zilveren monturen en decoraties.;A collection of various pill boxes, including examples with silver mounts and decorations.;;zilver^;;2081;;Silver^;", (-),https://lotimages.blob.core.windows.net/medusa/4f87a518-c1ed-44be-83e8-4e802ef49efa_TH.png,1,2026-09-07T17:15:45+00:00,2026-09-07T21:00:45+00:00,False,,0,0,30,1,30,1,,,,,,,0,0,2026-08-21T13:28:57.9684193+00:00
814952,medusa,MA-2026-4,138,Lots en Diversen,22277, 2082, ,1,"<STRONG>Hollande school, 1e helft 20e eeuw </STRONG><EM>Polderlandschap met punter bij een bruggetje, een molen in het verschiet, </EM>signatuur rechtonder, olieverf op doek.Condition report upon request",,80,120,,,,,,,1,50 x 70 cm.,,True,False,"<STRONG>Hollande school, 1e helft 20e eeuw </STRONG><EM>Polderlandschap met punter bij een bruggetje, een molen in het verschiet, </EM>signatuur rechtonder, olieverf op doek.;<STRONG>Dutch School, first half of the 20th century </STRONG><EM>Polder landscape with a punt boat by a small bridge, a windmill in the distance, </EM>signature lower right, oil on canvas.;;Schilderijen^;;2082;50 x 70 cm.;Paintings^;", (-),https://lotimages.blob.core.windows.net/medusa/0639f030-dfaa-47a9-b013-405a480f192f_TH.png,4,2026-09-07T17:15:45+00:00,2026-09-07T21:00:45+00:00,False,,0,0,80,1,80,1,,,,,,,0,0,2026-08-21T13:28:58.7244957+00:00
814953,medusa,MA-2026-4,138,Lots en Diversen,22280, 2083, ,1,"<STRONG>Bernardus Peterus ""Ben"" Viegers (Den Haag 1886-1947 Nunspeet),</STRONG> <EM>Buurpraatje</EM>, olieverf op doek, gesigneerd (linksonder),Condition report upon request",,300,500,,,,,,,1,49 x 69 cm.,,True,False,"<STRONG>Bernardus Peterus ""Ben"" Viegers (Den Haag 1886-1947 Nunspeet),</STRONG> <EM>Buurpraatje</EM>, olieverf op doek, gesigneerd (linksonder),;<STRONG>Bernardus Peterus ""Ben"" Viegers (The Hague 1886-1947 Nunspeet),</STRONG> <EM>Neighbourly Chat</EM>, oil on canvas, signed (bottom left),;;Schilderijen^;;2083;49 x 69 cm.;Paintings^;", (-),https://lotimages.blob.core.windows.net/medusa/33a614e7-1a3e-430d-9774-d969a72acefd_TH.png,4,2026-09-07T17:15:45+00:00,2026-09-07T21:00:45+00:00,False,,0,0,300,1,250,1,,,,,,,0,0,2026-08-21T13:28:59.3250654+00:00
814954,medusa,MA-2026-4,138,Lots en Diversen,22281, 2084, ,1,"Toegeschreven aan<STRONG> Bernardus Peterus ""Ben"" Viegers (Den Haag 1886-1947 Nunspeet),</STRONG> Platbodems op de rivier bij Wartena (Fr.), draag signatuur (linksonder), olieverf op doek, Condition report upon request",,150,300,,,,,,,1,40 x 30 cm. ,,True,False,"Toegeschreven aan<STRONG> Bernardus Peterus ""Ben"" Viegers (Den Haag 1886-1947 Nunspeet),</STRONG> Platbodems op de rivier bij Wartena (Fr.), draag signatuur (linksonder), olieverf op doek, ;Attributed to Bernardus Peterus ""Ben"" Viegers (The Hague 1886-1947 Nunspeet), Flat-bottomed boats on the river near Wartena (Fr.), bears signature (bottom left), oil on canvas,;;Schilderijen^;;2084;40 x 30 cm. ;Paintings^;", (-),https://lotimages.blob.core.windows.net/medusa/c5841479-6263-4718-9c37-0a68f15c51d1_TH.png,4,2026-09-07T17:15:45+00:00,2026-09-07T21:00:45+00:00,False,,0,0,150,1,150,1,,,,,,,0,0,2026-08-21T13:29:00.0302746+00:00
814955,medusa,MA-2026-4,138,Lots en Diversen,22112, 2085, ,1,"<STRONG>G. Weber gesigneerd 19e eeuw</STRONG>, <EM>Naiëve voorstelling van landschap met figuren bij een stroom</EM>, gesigneerd, en gedateerd '1805' (rechtsonder), olieverf op doek, 30 x 40 cm. Condition report upon request",,20,40,,,,,,,1,,,True,False,"<STRONG>G. Weber gesigneerd 19e eeuw</STRONG>, <EM>Naiëve voorstelling van landschap met figuren bij een stroom</EM>, gesigneerd, en gedateerd '1805' (rechtsonder), olieverf op doek, 30 x 40 cm. ;<STRONG>G. Weber signed,</STRONG> <EM>Naively painted&nbsp;landscape with figures by a stream</EM>, signed and dated '1805' (lower right), oil on canvas, 30 x 40 cm.;;Schilderijen^;;2085;;Paintings^;", (-),https://lotimages.blob.core.windows.net/medusa/4351bf2d-27db-4041-ba9f-9ac485e6a2f4_TH.png,4,2026-09-07T17:15:45+00:00,2026-09-07T21:00:45+00:00,False,,0,0,20,1,20,1,,,,,,,0,0,2026-08-21T13:29:00.7920158+00:00
814956,medusa,MA-2026-4,138,Lots en Diversen,22312, 2086, ,1,"<STRONG>Cornelis Pouderoijen (1868–1948), </STRONG><EM>Landschap met dijkhuisje</EM>, gesigneerd (rechtsonder), olieverf op doek, ",,100,200,,,,,,,1,,,True,False,"<STRONG>Cornelis Pouderoijen (1868–1948), </STRONG><EM>Landschap met dijkhuisje</EM>, gesigneerd (rechtsonder), olieverf op doek, ;<P>Cornelis Pouderoijen (1868–1948), Landscape with a small dyke house, signed (bottom right), oil on canvas,</P>;;Schilderijen^;;2086;;Paintings^;", (-),https://lotimages.blob.core.windows.net/medusa/3a1e7a98-37f1-45dc-b4f2-22c2845ef99c_TH.png,3,2026-09-07T17:15:45+00:00,2026-09-07T21:00:45+00:00,False,,0,0,100,1,0,1,,,,,,,0,0,2026-08-21T13:29:01.3708747+00:00
814957,medusa,MA-2026-4,138,Lots en Diversen,22282, 2087, ,1,"<STRONG>Bernardus Peterus ""Ben"" Viegers (Den Haag 1886-1947 Nunspeet),</STRONG> <EM>Brugje te Delft (?),</EM> gesigneerd (rechtsonder), olieverf op doek,Condition report upon request",,200,400,,,,,,,1,24 x 30 cm. ,,True,False,"<STRONG>Bernardus Peterus ""Ben"" Viegers (Den Haag 1886-1947 Nunspeet),</STRONG> <EM>Brugje te Delft (?),</EM> gesigneerd (rechtsonder), olieverf op doek,;<STRONG>Bernardus Peterus ""Ben"" Viegers (The Hague 1886-1947 Nunspeet),</STRONG> <EM>Small bridge in Delft (?),</EM> signed (bottom right), oil on canvas,;;Schilderijen^;;2087;24 x 30 cm. ;Paintings^;", (-),https://lotimages.blob.core.windows.net/medusa/3ac5ba2b-fbd9-44a8-a84a-7b6fb5131c05_TH.png,4,2026-09-07T17:15:45+00:00,2026-09-07T21:00:45+00:00,False,,0,0,200,1,150,1,,,,,,,0,0,2026-08-21T13:29:02.0008232+00:00
814958,medusa,MA-2026-4,138,Lots en Diversen,22283, 2088, ,1,"<STRONG>Bernardus Peterus ""Ben"" Viegers (Den Haag 1886-1947 Nunspeet),</STRONG> Zonnige weide met roodbont en zwartbont vee, gesigneerd (linksonder), olieverf op doek, Condition report upon request",,250,550,,,,,,,1,30 x 40 cm. ,,True,False,"<STRONG>Bernardus Peterus ""Ben"" Viegers (Den Haag 1886-1947 Nunspeet),</STRONG> Zonnige weide met roodbont en zwartbont vee, gesigneerd (linksonder), olieverf op doek, ;<STRONG>Bernardus Peterus ""Ben"" Viegers (The Hague 1886-1947 Nunspeet),</STRONG> Sunny meadow with red-pied and black-pied cattle, signed (bottom left), oil on canvas,;;Schilderijen^;;2088;30 x 40 cm. ;Paintings^;", (-),https://lotimages.blob.core.windows.net/medusa/c2dad382-99a6-4cef-b5ef-6f06ee617f18_TH.png,4,2026-09-07T17:15:45+00:00,2026-09-07T21:00:45+00:00,False,,0,0,250,1,250,1,,,,,,,0,0,2026-08-21T13:29:02.6767689+00:00
814959,medusa,MA-2026-4,138,Lots en Diversen,22156, 2089, ,1,"<STRONG>Evert Moll (1878 - 1955),</STRONG> <EM>Havengezicht te Rotterdam</EM>, gesigneerd (linksonder), olieverf op doek, 40 x 57 cm. Condition report upon request",,100,200,,,,,,,1,,,True,False,"<STRONG>Evert Moll (1878 - 1955),</STRONG> <EM>Havengezicht te Rotterdam</EM>, gesigneerd (linksonder), olieverf op doek, 40 x 57 cm. ;Evert Moll (1878 - 1955), Harbor View of Rotterdam, signed (lower left), oil on canvas, 40 x 57 cm.;;Schilderijen^;;2089;;Paintings^;", (-),https://lotimages.blob.core.windows.net/medusa/29e87ac1-c749-497c-8792-5e1bcef92c07_TH.png,4,2026-09-07T17:15:45+00:00,2026-09-07T21:00:45+00:00,False,,0,0,100,1,100,1,,,,,,,0,0,2026-08-21T13:29:03.3539122+00:00
814960,medusa,MA-2026-4,138,Lots en Diversen,22300, 2090, ,1,"<STRONG>Johannes Evert Akkeringa (1894-1983),</STRONG> <EM>Volle eenden boven de plassen,</EM> gesigneerd (linksonder), olieverf op doek, Condition report upon request",,100,300,,,,,,,1,50 x 70 cm.,,True,False,"<STRONG>Johannes Evert Akkeringa (1894-1983),</STRONG> <EM>Volle eenden boven de plassen,</EM> gesigneerd (linksonder), olieverf op doek, ;<STRONG>Johannes Evert Akkeringa (1894-1983),</STRONG> <EM>Full ducks over the puddles,</EM> signed (bottom left), oil on canvas,;;Schilderijen^;;2090;50 x 70 cm.;Paintings^;", (-),https://lotimages.blob.core.windows.net/medusa/df277d71-271a-4346-978a-55975e665b52_TH.png,4,2026-09-07T17:15:45+00:00,2026-09-07T21:00:45+00:00,False,,0,0,100,1,100,1,,,,,,,0,0,2026-08-21T13:29:04.0627117+00:00
814961,medusa,MA-2026-4,138,Lots en Diversen,21881, 2091, ,1,"<STRONG>Piet Bouter (1887 - 1968),</STRONG> <EM>Schaapskudde op de heide, een kooi in de verte</EM>, gesigneerd (rechtsonder), olieverf op doek, 60 x 80 cm. Condition report upon request",,50,100,,,,,,,1,,,True,False,"<STRONG>Piet Bouter (1887 - 1968),</STRONG> <EM>Schaapskudde op de heide, een kooi in de verte</EM>, gesigneerd (rechtsonder), olieverf op doek, 60 x 80 cm. ;<STRONG>Piet Bouter (1887 - 1968),</STRONG> <EM>Sheep flock on the heath, a sheepfold in the distance</EM>, signed (bottom right), oil on canvas, 60 x 80 cm.;;Schilderijen^;;2091;;Paintings^;", (-),https://lotimages.blob.core.windows.net/medusa/f1a6fca8-ce4b-4c85-b40f-c6b06a0e3b74_TH.png,1,2026-09-07T17:15:45+00:00,2026-09-07T21:00:45+00:00,False,,0,0,50,1,50,1,,,,,,,0,0,2026-08-21T13:29:04.6386124+00:00
814962,medusa,MA-2026-4,138,Lots en Diversen,21883, 2092, ,1,"<STRONG>H.C. Kranenburg (1917 - 1997),</STRONG> <EM>Riviergezicht met een overzetveer,</EM> gesigneerd (linksonder), olieverf op doek, 60 x 90 cm. Condition report upon request",,80,120,,,,,,,1,90 x 60,,True,False,"<STRONG>H.C. Kranenburg (1917 - 1997),</STRONG> <EM>Riviergezicht met een overzetveer,</EM> gesigneerd (linksonder), olieverf op doek, 60 x 90 cm. ;<STRONG>H.C. Kranenburg (1917 - 1997),</STRONG> <EM>River view with a ferry,</EM> signed (lower left), oil on canvas, 60 x 90 cm.;;Schilderijen^;;2092;90 x 60;Paintings^;", (-),https://lotimages.blob.core.windows.net/medusa/801140d7-4419-44a3-90ee-fd964f0e95ef_TH.png,4,2026-09-07T17:15:45+00:00,2026-09-07T21:00:45+00:00,False,,0,0,80,1,80,1,,,,,,,0,0,2026-08-21T13:29:05.2154494+00:00
814963,medusa,MA-2026-4,138,Lots en Diversen,22508, 2093, ,1,"<STRONG>Cornelis Koppenol (1865-1946),</STRONG> <EM>Moeder met kind in interieur, </EM>olieverf op doek, gesigneerd linksonder.Condition report upon request",,200,600,,,,,,,1,51 x 39 cm.,,True,False,"<STRONG>Cornelis Koppenol (1865-1946),</STRONG> <EM>Moeder met kind in interieur, </EM>olieverf op doek, gesigneerd linksonder.;<STRONG>Cornelis Koppenol (1865-1946),</STRONG> <EM>Mother with child in an interior, </EM>oil on canvas, signed lower left.;;Schilderijen^;;2093;51 x 39 cm.;Paintings^;", (-),https://lotimages.blob.core.windows.net/medusa/bdea028d-b21d-4d3c-a5da-d87e8b795641_TH.png,4,2026-09-07T17:15:45+00:00,2026-09-07T21:00:45+00:00,False,,0,0,200,1,100,1,,,,,,,0,0,2026-08-21T13:29:05.7973806+00:00
814964,medusa,MA-2026-4,138,Lots en Diversen,19616, 2094, ,1,"<STRONG>J. Swagemakers (?)</STRONG>, <EM>Bloesemtakken (Japanse kers)&nbsp;in een gemberpot</EM>, gesigneerd (rechtonder), olieverf op doek, Condition report upon request",,50,100,,,,,,,1,43 x 53 cm. ,,True,False,"<STRONG>J. Swagemakers (?)</STRONG>, <EM>Bloesemtakken (Japanse kers)&nbsp;in een gemberpot</EM>, gesigneerd (rechtonder), olieverf op doek, ;<STRONG>J. Swagemakers</STRONG>, <EM>Blossoming branches (Japanese cherry) in a ginger jar</EM>, signed (lower right), oil on canvas,;;Schilderijen^;;2094;43 x 53 cm. ;Paintings^;", (-),https://lotimages.blob.core.windows.net/medusa/82175e67-92e8-4f33-8eac-21ff77a3801a_TH.png,4,2026-09-07T17:15:45+00:00,2026-09-07T21:00:45+00:00,False,,0,0,50,1,50,1,,,,,,,0,0,2026-08-21T13:29:06.3640478+00:00
814965,medusa,MA-2026-4,138,Lots en Diversen,19118, 2095, ,1,"Grote 18e-eeuwse schotel met florale decoratie in Kangxi-stijl, Japan.Condition report upon request",,200,400,,,,,,,1,"Diam. 33,5 cm.",,True,False,"Grote 18e-eeuwse schotel met florale decoratie in Kangxi-stijl, Japan.;Large 18th-century Kangxi-style floral dish, Japan.;;China^;Chinees porselein^;Japan^;Japans porselein^;porselein^;;2095;Diam. 33,5 cm.;China^;Chinese porcelain^;Japan^;Japanese Porcelain^;Porcelain^;", (-),https://lotimages.blob.core.windows.net/medusa/6703300d-2d32-4e98-ae8d-ccda5b7abf8e_TH.png,3,2026-09-07T17:15:45+00:00,2026-09-07T21:00:45+00:00,False,,0,0,200,1,200,1,,,,,,,0,0,2026-08-21T13:29:06.9372957+00:00
814966,medusa,MA-2026-4,138,Lots en Diversen,22198, 2096, ,1,"Een lot van drie aardewerk borden met florale decoratie, allen gemerkt Porceleyne fles Delft.Condition report upon request",,20,40,,,,,,,3,Diam. 18 cm.,,True,False,"Een lot van drie aardewerk borden met florale decoratie, allen gemerkt Porceleyne fles Delft.;A lot of three earthenware plates with floral decoration, all marked Porceleyne Fles Delft.;;Aardewerk^;Delft^;;2096;Diam. 18 cm.;Croquery^;Delft^;", (-),https://lotimages.blob.core.windows.net/medusa/0ff7cde0-cb2e-4009-9f93-498e9d5b182d_TH.png,2,2026-09-07T17:15:45+00:00,2026-09-07T21:00:45+00:00,False,,0,0,20,1,20,1,,,,,,,0,0,2026-08-21T13:29:07.522485+00:00
814967,medusa,MA-2026-4,138,Lots en Diversen,22205, 2097, ,1,"Een proseleien bladvormige deels opengewerkte schaal in musselmalet decor, Royal cophenhagen Denemarken.Condition report upon request",,50,100,,,,,,,1,Diam. 24 cm. ,,True,False,"Een proseleien bladvormige deels opengewerkte schaal in musselmalet decor, Royal cophenhagen Denemarken.;A porcelain leaf-shaped, partially openwork bowl in Mussel Malet decoration, Royal Copenhagen, Denmark.;;Royal Copenhagen^;;2097;Diam. 24 cm. ;Royal Copenhagen^;", (-),https://lotimages.blob.core.windows.net/medusa/683a8c37-16cb-48a4-b6d9-657a859d5422_TH.png,3,2026-09-07T17:15:45+00:00,2026-09-07T21:00:45+00:00,False,,0,0,50,1,50,1,,,,,,,0,0,2026-08-21T13:29:08.1180219+00:00
814968,medusa,MA-2026-4,138,Lots en Diversen,22184, 2098, ,1,"Een proseleinen famile rose vaas met decor van draken. China, 19e eeuw. Haarlijnen en chip aan hals.Condition report upon request",,50,150,,,,,,,1,"H. 42,5 cm.",,True,False,"Een proseleinen famile rose vaas met decor van draken. China, 19e eeuw. Haarlijnen en chip aan hals.;A porcelain Famile Rose vase with dragon decoration. China, 19th century. Hairline cracks and chip at the neck.;;China^;Chinees porselein^;;2098;H. 42,5 cm.;China^;Chinese porcelain^;", (-),https://lotimages.blob.core.windows.net/medusa/b9d4fe29-1e13-4ce2-9e1c-1c0bc9c5a5c1_TH.png,4,2026-09-07T17:15:45+00:00,2026-09-07T21:00:45+00:00,False,,0,0,50,1,50,1,,,,,,,0,0,2026-08-21T13:29:08.6977394+00:00
814969,medusa,MA-2026-4,138,Lots en Diversen,21977, 2099, ,1,"Porseleinen vaas gedecoreerd met florale decoratie en gemerkt met een artemisiablad, met diverse herstellingen aan de rand, China, Kangxi. Condition report upon request",,50,100,,,,,,,1,H. 21 cm.,,True,False,"Porseleinen vaas gedecoreerd met florale decoratie en gemerkt met een artemisiablad, met diverse herstellingen aan de rand, China, Kangxi. ;Porcelain vase decorated with floral ornamentation and marked with an artemisia leaf, with various repairs to the rim, China, Kangxi.;;China^;Chinees porselein^;;2099;H. 21 cm.;China^;Chinese porcelain^;", (-),https://lotimages.blob.core.windows.net/medusa/8d3d2951-dfe3-4950-96f1-589eaff89d12_TH.png,3,2026-09-07T17:15:45+00:00,2026-09-07T21:00:45+00:00,False,,0,0,50,1,50,1,,,,,,,0,0,2026-08-21T13:29:09.2719587+00:00
814971,medusa,MA-2026-4,138,Lots en Diversen,19170, 2100, ,1,"Grote blauw-witte schotel met florale decoratie, gemerkt met artemesia blad. China, vroeg Kangxi. Chips en haarlijn.Condition report upon request",,100,200,,,,,,,1,Diam. 39 cm.,,True,False,"Grote blauw-witte schotel met florale decoratie, gemerkt met artemesia blad. China, vroeg Kangxi. Chips en haarlijn.;Large blue and white dish with floral decoration, marked with an artemisia leaf. China, early Kangxi. Chips and hairline cracks.;;China^;Chinees porselein^;;2100;Diam. 39 cm.;China^;Chinese porcelain^;", (-),https://lotimages.blob.core.windows.net/medusa/5ca81f80-8e79-4378-ab3f-d86766553b34_TH.png,2,2026-09-07T17:15:45+00:00,2026-09-07T21:00:45+00:00,False,,0,0,100,1,100,1,,,,,,,0,0,2026-08-21T13:29:10.4807867+00:00
814972,medusa,MA-2026-4,138,Lots en Diversen,21090, 2101, ,1,"Porseleinen miniatuur schenkkan met losse tuit, gedecoreerd met lijzen en bloemen in perken, aan de onderzijde gemerkt met ‘yu’ (jade). China, Kangxi period. <br><p>Perfecte conditie. </p>",,250,450,,,,,,,1,"H. 8,5 cm.",,True,False,"Porseleinen miniatuur schenkkan met losse tuit, gedecoreerd met lijzen en bloemen in perken, aan de onderzijde gemerkt met ‘yu’ (jade). China, Kangxi period. ;Porcelain miniature jug with detachable spout, decorated with lilies and flowers in flowerbeds, marked on the underside with ‘yu’ (jade). China, Kangxi period.;;China^;Chinees porselein^;;2101;H. 8,5 cm.;China^;Chinese porcelain^;", (-),https://lotimages.blob.core.windows.net/medusa/86d1be5b-b7c0-4376-9bd7-1b7221bf6bb3_TH.png,2,2026-09-07T17:15:45+00:00,2026-09-07T21:00:45+00:00,False,,0,0,250,1,250,1,,,,,,,0,0,2026-08-21T13:29:11.1057384+00:00
814973,medusa,MA-2026-4,138,Lots en Diversen,22416, 2102, ,1,"Een lot porselein, bestaande uit antieke Chinese porseleinen lepels en een famille rose kaststel, vervaardigd door Samson te Parijs.Condition report upon request",,30,60,,,,,,,1,,,True,False,"Een lot porselein, bestaande uit antieke Chinese porseleinen lepels en een famille rose kaststel, vervaardigd door Samson te Parijs.;A lot of porcelain, consisting of antique Chinese porcelain spoons and a famille rose cabinet set, manufactured by Samson in Paris.;;China^;Chinees porselein^;porselein^;;2102;;China^;Chinese porcelain^;Porcelain^;", (-),https://lotimages.blob.core.windows.net/medusa/9938b0be-bc22-4d59-aaaf-f1abd248594e_TH.png,6,2026-09-07T17:15:45+00:00,2026-09-07T21:00:45+00:00,False,,0,0,30,1,30,1,,,,,,,0,0,2026-08-21T13:29:11.7285388+00:00
814974,medusa,MA-2026-4,138,Lots en Diversen,21088, 2103, ,1,"Porseleinen rozenwatersprenkler met taps toelopende nek vanuit een hoekige zwelling, gedecoreerd met symmetrisch gearrangeerde bloembladen. Gemerkt aan de onderzijde met een artemisiablad, China, Kangxi periode. Vergelijkbaar exemplaar in het Rijksmuseum Amsterdam, afgebeeld in het boek Chinese Ceramics in the Collection of the Rijksmuseum Amsterdam door Christiaan J. A. Jörg, inv. nr. AK-NM 6742.",,600,1200,,,,,,,1,H. 16 cm.,,True,False,"Porseleinen rozenwatersprenkler met taps toelopende nek vanuit een hoekige zwelling, gedecoreerd met symmetrisch gearrangeerde bloembladen. Gemerkt aan de onderzijde met een artemisiablad, China, Kangxi periode. Vergelijkbaar exemplaar in het Rijksmuseum Amsterdam, afgebeeld in het boek Chinese Ceramics in the Collection of the Rijksmuseum Amsterdam door Christiaan J. A. Jörg, inv. nr. AK-NM 6742.;Porcelain rosewater sprinkler with a tapering neck emerging from an angular swelling, decorated with symmetrically arranged petals. Marked on the underside with an Artemisia leaf, China, Kangxi period. Comparable example in the Rijksmuseum Amsterdam, depicted in the book Chinese Ceramics in the Collection of the Rijksmuseum Amsterdam by Christiaan J. A. Jörg, inv. no. AK-NM 6742.;;China^;Chinees porselein^;;2103;H. 16 cm.;China^;Chinese porcelain^;", (-),https://lotimages.blob.core.windows.net/medusa/d63e7d81-2a46-4c17-b15d-3707351c2bc6_TH.png,2,2026-09-07T17:15:45+00:00,2026-09-07T21:00:45+00:00,False,,0,0,600,1,600,1,,,,,,,0,0,2026-08-21T13:29:12.3414688+00:00
814975,medusa,MA-2026-4,138,Lots en Diversen,21089, 2104, ,1,"Porseleinen theebus op voet, gedecoreerd met lange lijzen en bloemen in perken, gemerkt met een artemisiablad. China, Kangxi periode. <br><p>Deksel is vastgelijmd, deksel en bus in perfecte conditie.</p>",,200,400,,,,,,,1,"H. 10,7 cm.",,True,False,"Porseleinen theebus op voet, gedecoreerd met lange lijzen en bloemen in perken, gemerkt met een artemisiablad. China, Kangxi periode. ;Porcelain tea caddy on a foot, decorated with long figures and flowers in flowerbeds, marked with an artemisia leaf. China, Kangxi period.;;China^;Chinees porselein^;;2104;H. 10,7 cm.;China^;Chinese porcelain^;", (-),https://lotimages.blob.core.windows.net/medusa/bc6277ec-d7d5-4868-baf3-4011b69d6ebb_TH.png,2,2026-09-07T17:15:45+00:00,2026-09-07T21:00:45+00:00,False,,0,0,200,1,200,1,,,,,,,0,0,2026-08-21T13:29:12.9656547+00:00
814976,medusa,MA-2026-4,138,Lots en Diversen,22373, 2105, ,1,"Een grote porseleinen schotel met landschapsdecor, China, 18e eeuw. Met randschade.Condition report upon request",,100,200,,,,,,,1,Diam. 38 cm. ,,True,False,"Een grote porseleinen schotel met landschapsdecor, China, 18e eeuw. Met randschade.;A large porcelain dish with landscape decoration, China, 18th century. With rim damage.;;China^;Chinees porselein^;;2105;Diam. 38 cm. ;China^;Chinese porcelain^;", (-),https://lotimages.blob.core.windows.net/medusa/ae3e3921-ed00-4521-b570-623da29d7360_TH.png,2,2026-09-07T17:15:45+00:00,2026-09-07T21:00:45+00:00,False,,0,0,100,1,100,1,,,,,,,0,0,2026-08-21T13:29:13.5672201+00:00
814977,medusa,MA-2026-4,138,Lots en Diversen,22374, 2106, ,1,"Een grote famille rose porseleinen schotel met floraal decor, China, circa 1800. Met haarlijnen.Condition report upon request",,80,120,,,,,,,1,"Diam. 37,5 cm.",,True,False,"Een grote famille rose porseleinen schotel met floraal decor, China, circa 1800. Met haarlijnen.;A large famille rose porcelain dish with floral decoration, China, circa 1800. With hairline cracks.;;China^;Chinees porselein^;;2106;Diam. 37,5 cm.;China^;Chinese porcelain^;", (-),https://lotimages.blob.core.windows.net/medusa/7babb3ad-22b0-48df-9e3e-e2368efc5f56_TH.png,2,2026-09-07T17:15:45+00:00,2026-09-07T21:00:45+00:00,False,,0,0,80,1,80,1,,,,,,,0,0,2026-08-21T13:29:14.1654477+00:00
814978,medusa,MA-2026-4,138,Lots en Diversen,21890, 2107, ,1,"<STRONG>Sudjono Abdullah (1911-1991),</STRONG> <EM>Arbeiders in de rijstvelden</EM>, gesigneerd (rechtsonder), olieverf op doek, 45 x 60 cm. Condition report upon request",,50,150,,,,,,,1,,,True,False,"<STRONG>Sudjono Abdullah (1911-1991),</STRONG> <EM>Arbeiders in de rijstvelden</EM>, gesigneerd (rechtsonder), olieverf op doek, 45 x 60 cm. ;<STRONG>Sudjono Abdullah (1911-1991),</STRONG> <EM>Workers in the rice fields</EM>, signed (bottom right), oil on canvas, 45 x 60 cm.;;Schilderijen^;;2107;;Paintings^;", (-),https://lotimages.blob.core.windows.net/medusa/2771338c-a02e-4329-9783-1668f01506e2_TH.png,4,2026-09-07T17:15:45+00:00,2026-09-07T21:00:45+00:00,False,,0,0,50,1,50,1,,,,,,,0,0,2026-08-21T13:29:14.8019195+00:00
814979,medusa,MA-2026-4,138,Lots en Diversen,21892, 2108, ,1,"<STRONG>Ga Kadir (1901 - 1993),</STRONG> <EM>Een waringingboom, met sawas op de achtergrond</EM>, gesigneerd (linksonder), olieverf op doek, 30 x 40 cm. Condition report upon request",,20,40,,,,,,,1,,,True,False,"<STRONG>Ga Kadir (1901 - 1993),</STRONG> <EM>Een waringingboom, met sawas op de achtergrond</EM>, gesigneerd (linksonder), olieverf op doek, 30 x 40 cm. ;<STRONG>Ga Kadir (1901 - 1993),</STRONG> <EM>A waringing tree, with rice paddies in the background</EM>, signed (bottom left), oil on canvas, 30 x 40 cm.;;Schilderijen^;;2108;;Paintings^;", (-),https://lotimages.blob.core.windows.net/medusa/9a6cd71b-c9d0-4761-9b4a-34a7f3d1542c_TH.png,4,2026-09-07T17:15:45+00:00,2026-09-07T21:00:45+00:00,False,,0,0,20,1,20,1,,,,,,,0,0,2026-08-21T13:29:15.5133673+00:00
814980,medusa,MA-2026-4,138,Lots en Diversen,21891, 2109, ,1,"<STRONG>Ga Kadir (1901 - 1993),</STRONG> <EM>Arbeiders aan het werk in de rijsvelden, bergen op de achtergrond</EM>, gesigneerd (linksonder), olieverf op doek, 50 x 70 cm. Condition report upon request",,30,60,,,,,,,1,,,True,False,"<STRONG>Ga Kadir (1901 - 1993),</STRONG> <EM>Arbeiders aan het werk in de rijsvelden, bergen op de achtergrond</EM>, gesigneerd (linksonder), olieverf op doek, 50 x 70 cm. ;<STRONG>Ga Kadir (1901 - 1993),</STRONG> <EM>Workers at work in the rice fields, mountains in the background</EM>, signed (lower left), oil on canvas, 50 x 70 cm.;;Schilderijen^;;2109;;Paintings^;", (-),https://lotimages.blob.core.windows.net/medusa/357196b6-f957-4a7c-8afa-6d971f9f3eb5_TH.png,4,2026-09-07T17:15:45+00:00,2026-09-07T21:00:45+00:00,False,,0,0,30,1,30,1,,,,,,,0,0,2026-08-21T13:29:16.1624164+00:00
814981,medusa,MA-2026-4,138,Lots en Diversen,22566, 2110, ,1,"Een lot van twee Indonesische krissen, waarvan één voorzien van een koperen gevest.Condition report upon request",,30,60,,,,,,,2,L. 51 cm.,,True,False,"Een lot van twee Indonesische krissen, waarvan één voorzien van een koperen gevest.;A lot of two Indonesian kris daggers, one of which is fitted with a copper hilt.;;Aziatica^;;2110;L. 51 cm.;Asian Art^;", (-),https://lotimages.blob.core.windows.net/medusa/d83d6dff-41a9-46f5-a08b-a3f6ecbb5095_TH.png,2,2026-09-07T17:15:45+00:00,2026-09-07T21:00:45+00:00,False,,0,0,30,1,30,1,,,,,,,0,0,2026-08-21T13:29:17.0217369+00:00
814982,medusa,MA-2026-4,138,Lots en Diversen,22601, 2111, ,1,"Een rijkgesneden en polychroom beschilderd houten paneel, gedecoreerd met diverse draken. Indonesië, begin&nbsp;20e eeuw.Condition report upon request",,50,150,,,,,,,1,74 x 34 cm.,,True,False,"Een rijkgesneden en polychroom beschilderd houten paneel, gedecoreerd met diverse draken. Indonesië, begin&nbsp;20e eeuw.;A richly carved and polychrome painted wooden panel, decorated with various dragons. Indonesia, early 20th century.;;Aziatica^;;2111;74 x 34 cm.;Asian Art^;", (-),https://lotimages.blob.core.windows.net/medusa/cff00482-4d6f-4cb2-9f8e-00adbb738eae_TH.png,1,2026-09-07T17:15:45+00:00,2026-09-07T21:00:45+00:00,False,,0,0,50,1,50,1,,,,,,,0,0,2026-08-21T13:29:17.9498218+00:00
814983,medusa,MA-2026-4,138,Lots en Diversen,21659, 2112, ,1,"Lot diverse Aziatica, waaronder sculpturen in hout, steen en bergkristal.Condition report upon request",,20,40,,,,,,,1,,,True,False,"Lot diverse Aziatica, waaronder sculpturen in hout, steen en bergkristal.;Lot of various Asian art, including sculptures in wood, stone, and rock crystal.;;Aziatica^;Aziatisch brons^;;2112;;Asian Art^;Asian bronze^;", (-),https://lotimages.blob.core.windows.net/medusa/94dbe547-7a3a-45d6-bd18-399c41a65914_TH.png,4,2026-09-07T17:15:45+00:00,2026-09-07T21:00:45+00:00,False,,0,0,20,1,20,1,,,,,,,0,0,2026-08-21T13:29:18.665729+00:00
814984,medusa,MA-2026-4,138,Lots en Diversen,20741, 2113, ,1,"Lot van drie ingelijste handgeschilderde Kama Sutra-afbeeldingen en een jachttafereel van een hertenjacht. India, 20e eeuw.Condition report upon request",,20,40,,,,,,,3,,,True,False,"Lot van drie ingelijste handgeschilderde Kama Sutra-afbeeldingen en een jachttafereel van een hertenjacht. India, 20e eeuw.;Lot of three framed hand-painted Kama Sutra images. India, 20th century.;;Aziatica^;;2113;;Asian Art^;", (-),https://lotimages.blob.core.windows.net/medusa/3f349222-04fa-4cdb-9220-149ae68c51cd_TH.png,4,2026-09-07T17:15:45+00:00,2026-09-07T21:00:45+00:00,False,,0,0,20,1,20,1,,,,,,,0,0,2026-08-21T13:29:19.3185243+00:00
814985,medusa,MA-2026-4,138,Lots en Diversen,21653, 2114, ,1,"Zittende Ganesha, gepatineerd brons, Hindoeïsme, 20e eeuw.Condition report upon request",,30,60,,,,,,,1,41 x 30 cm.,,True,False,"Zittende Ganesha, gepatineerd brons, Hindoeïsme, 20e eeuw.;Seated Ganesha, patinated bronze, Hinduism, 20th century.;;Aziatica^;Aziatisch brons^;;2114;41 x 30 cm.;Asian Art^;Asian bronze^;", (-),https://lotimages.blob.core.windows.net/medusa/71adaec6-0249-40ed-9ed9-4312306abeca_TH.png,4,2026-09-07T17:15:45+00:00,2026-09-07T21:00:45+00:00,False,,0,0,30,1,30,1,,,,,,,0,0,2026-08-21T13:29:20.2085053+00:00
814986,medusa,MA-2026-4,138,Lots en Diversen,21650, 2115, ,1,"Zandstenen beeld van Ganesha, 20e eeuw.Condition report upon request",,20,40,,,,,,,1,38 x 21 x 24 cm.,,True,False,"Zandstenen beeld van Ganesha, 20e eeuw.;Sandstone statue of Ganesha, 20th century.;;Aziatica^;;2115;38 x 21 x 24 cm.;Asian Art^;", (-),https://lotimages.blob.core.windows.net/medusa/34095bbc-598f-402d-8365-63df66c36f5d_TH.png,3,2026-09-07T17:15:45+00:00,2026-09-07T21:00:45+00:00,False,,0,0,20,1,20,1,,,,,,,0,0,2026-08-21T13:29:20.8187039+00:00
814987,medusa,MA-2026-4,138,Lots en Diversen,22200, 2116, ,1,"Een handbeschilderde Thangka met afbeeldingen van onder andere de Pancha Boeddha's. Tibet, circa 1900. Gelijst. Condition report upon request",,100,300,,,,,,,1,59 x 49 cm.,,True,False,"Een handbeschilderde Thangka met afbeeldingen van onder andere de Pancha Boeddha's. Tibet, circa 1900. Gelijst. ;A hand-painted Thangka with images of, among others, the Pancha Buddhas. Tibet, circa 1900. Framed.;;Aziatica^;;2116;59 x 49 cm.;Asian Art^;", (-),https://lotimages.blob.core.windows.net/medusa/3a8c6415-160e-49f0-a896-1b0688116577_TH.png,1,2026-09-07T17:15:45+00:00,2026-09-07T21:00:45+00:00,False,,0,0,100,1,100,1,,,,,,,0,0,2026-08-21T13:29:21.3963087+00:00
814988,medusa,MA-2026-4,138,Lots en Diversen,22389, 2117, ,1,"Een houten sculptuur, afkomstig van Nias, Indonesië, circa 1940.Condition report upon request",,200,600,,,,,,,1,H. 49 cm. ,,True,False,"Een houten sculptuur, afkomstig van Nias, Indonesië, circa 1940.;A wooden sculpture, from Nias, Indonesia, circa 1940.;;Aziatica^;;2117;H. 49 cm. ;Asian Art^;", (-),https://lotimages.blob.core.windows.net/medusa/29cfe976-71d0-4316-a75c-959a9833a2d6_TH.png,4,2026-09-07T17:15:45+00:00,2026-09-07T21:00:45+00:00,False,,0,0,200,1,200,1,,,,,,,0,0,2026-08-21T13:29:21.9686508+00:00
814989,medusa,MA-2026-4,138,Lots en Diversen,22375, 2118, ,1,"Een staande Boeddha uit&nbsp;Laos. 18e/19e eeuw. De Boeddha staat rechtop met de handen gekruist voor het lichaam, gecombineerd met de lange, slanke lichaamsbouw en de aan weerszijden uitwaaierende mantel. Deze houding staat in de Laotiaanse boeddhistische kunst bekend als “Contemplating the Bodhi Tree”. De gekruiste polsen voor het lichaam worden als een karakteristieke Laotiaanse iconografie beschreven. Het British Museum heeft bovendien een 18e-eeuwse Laotiaanse bronzen staande Boeddha met de handen horizontaal voor de buik en noemt deze houding vrij uitzonderlijk. De hoge puntige ushnisha, lange oorlellen, slanke vorm en het silhouet van het gewaad passen eveneens goed binnen de Lao/Lan Xang-traditie.",,100,200,,,,,,,1,H. 23 cm.,,True,False,"Een staande Boeddha uit&nbsp;Laos. 18e/19e eeuw. De Boeddha staat rechtop met de handen gekruist voor het lichaam, gecombineerd met de lange, slanke lichaamsbouw en de aan weerszijden uitwaaierende mantel. Deze houding staat in de Laotiaanse boeddhistische kunst bekend als “Contemplating the Bodhi Tree”. De gekruiste polsen voor het lichaam worden als een karakteristieke Laotiaanse iconografie beschreven. Het British Museum heeft bovendien een 18e-eeuwse Laotiaanse bronzen staande Boeddha met de handen horizontaal voor de buik en noemt deze houding vrij uitzonderlijk. De hoge puntige ushnisha, lange oorlellen, slanke vorm en het silhouet van het gewaad passen eveneens goed binnen de Lao/Lan Xang-traditie.;A standing Buddha from Laos. 18th/19th century. The Buddha stands upright with his hands crossed in front of his body, combined with a tall, slender build and a robe flaring out on either side. This pose is known in Laotian Buddhist art as ‘Contemplating the Bodhi Tree’. The crossed wrists in front of the body are described as a characteristic feature of Laotian iconography. Furthermore, the British Museum holds an 18th-century Laotian bronze standing Buddha with the hands held horizontally in front of the abdomen and describes this posture as quite exceptional. The tall, pointed ushnisha, long earlobes, slender form and the silhouette of the robe also fit well within the Lao/Lan Xang tradition.;;Aziatica^;Aziatisch brons^;;2118;H. 23 cm.;Asian Art^;Asian bronze^;", (-),https://lotimages.blob.core.windows.net/medusa/f48b86cf-edaf-4d6c-abef-409be9162849_TH.png,5,2026-09-07T17:15:45+00:00,2026-09-07T21:00:45+00:00,False,,0,0,100,1,100,1,,,,,,,0,0,2026-08-21T13:29:22.5768419+00:00
814990,medusa,MA-2026-4,138,Lots en Diversen,21143, 2119, ,1,"Bronzen Tara-figuur in zittende houding. Tibet, 19e eeuw. Condition report upon request",,30,60,,,,,,,1,20 x 11 cm.,,True,False,"Bronzen Tara-figuur in zittende houding. Tibet, 19e eeuw. ;Bronze Tara figure in a seated position. Tibet, 19th century.;;Aziatisch brons^;Tibet^;;2119;20 x 11 cm.;Asian bronze^;Tibet^;", (-),https://lotimages.blob.core.windows.net/medusa/d1396420-fb03-46f2-b434-f9acb64af229_TH.png,5,2026-09-07T17:15:45+00:00,2026-09-07T21:00:45+00:00,False,,0,0,30,1,30,1,,,,,,,0,0,2026-08-21T13:29:23.159649+00:00
814991,medusa,MA-2026-4,138,Lots en Diversen,22567, 2120, ,1,"Een gepolychromeerd en deels verguld houten beeld van een staande boeddhistische monnik of discipel, afgebeeld met geschoren hoofd en verlengde oorlellen. De rechterhand geheven in een zegenend gebaar, de linkerhand voor het lichaam gehouden. Gekleed in een rijk gedrapeerd gewaad met vergulde en geometrisch gedecoreerde boorden. Staande op een polychroom beschilderde lotusbasis. Myanmar (Birma), Mandalay-stijl, vermoedelijk eind 19e / begin 20e eeuw. Met ouderdomssporen en droogtescheuren, waaronder een scheur in de basis.",,30,60,,,,,,,1,H. 70 cm.,,True,False,"Een gepolychromeerd en deels verguld houten beeld van een staande boeddhistische monnik of discipel, afgebeeld met geschoren hoofd en verlengde oorlellen. De rechterhand geheven in een zegenend gebaar, de linkerhand voor het lichaam gehouden. Gekleed in een rijk gedrapeerd gewaad met vergulde en geometrisch gedecoreerde boorden. Staande op een polychroom beschilderde lotusbasis. Myanmar (Birma), Mandalay-stijl, vermoedelijk eind 19e / begin 20e eeuw. Met ouderdomssporen en droogtescheuren, waaronder een scheur in de basis.;A polychrome and partly gilded wooden statue of a standing Buddhist monk or disciple, depicted with a shaved head and elongated earlobes. The right hand is raised in a blessing gesture, the left hand held in front of the body. Clad in a richly draped robe with gilded and geometrically decorated trims. Standing on a polychromed lotus base. Myanmar (Burma), Mandalay style, probably late 19th / early 20th century. Shows signs of age and dry-cracking, including a crack in the base.;;Aziatica^;;2120;H. 70 cm.;Asian Art^;", (-),https://lotimages.blob.core.windows.net/medusa/302cb031-af17-47aa-b597-5987d63440a7_TH.png,4,2026-09-07T17:15:45+00:00,2026-09-07T21:00:45+00:00,False,,0,0,30,1,30,1,,,,,,,0,0,2026-08-21T13:29:23.7295209+00:00
814992,medusa,MA-2026-4,138,Lots en Diversen,22591, 2121, ,1,"Een donker&nbsp;patineerd en deels verguld beeld van een zittende boeddhistische monnik, afgebeeld met een kom in beide handen, op ronde sokkel met gestileerde bladmotieven. Azië, vermoedelijk China, 19e eeuw. Met slijtage aan de vergulding en gebruiks-/ouderdomssporen.",,50,150,,,,,,,1,"H. 23,5 cm.",,True,False,"Een donker&nbsp;patineerd en deels verguld beeld van een zittende boeddhistische monnik, afgebeeld met een kom in beide handen, op ronde sokkel met gestileerde bladmotieven. Azië, vermoedelijk China, 19e eeuw. Met slijtage aan de vergulding en gebruiks-/ouderdomssporen.;<P>A darkly patinated and partly gilded statue of a seated Buddhist monk, depicted holding a bowl in both hands, on a round plinth with stylised leaf motifs. Asia, probably China, 19th century. With wear to the gilding and signs of use and age.</P>;;Aziatica^;Aziatisch brons^;China^;;2121;H. 23,5 cm.;Asian Art^;Asian bronze^;China^;", (-),https://lotimages.blob.core.windows.net/medusa/e7ee58c5-53a3-4b09-95c7-713911dafb91_TH.png,4,2026-09-07T17:15:45+00:00,2026-09-07T21:00:45+00:00,False,,0,0,50,1,50,1,,,,,,,0,0,2026-08-21T13:29:24.3084806+00:00
814993,medusa,MA-2026-4,138,Lots en Diversen,22592, 2122, ,1,"Een donker gepatineerd en deels verguld bronzen beeld van een knielende boeddhistische monnik, de handen voor de borst samengebracht in anjali mudra, een gebaar van eerbied en devotie. Gekleed in een over één schouder gedrapeerd monniksgewaad en gezeten op een gevormde sokkel. Zuidoost-Azië, vermoedelijk Thailand of Myanmar, 19e/20e eeuw. Met slijtage aan de vergulding en ouderdoms- en gebruikssporen.",,40,80,,,,,,,1,H. 20 cm.,,True,False,"Een donker gepatineerd en deels verguld bronzen beeld van een knielende boeddhistische monnik, de handen voor de borst samengebracht in anjali mudra, een gebaar van eerbied en devotie. Gekleed in een over één schouder gedrapeerd monniksgewaad en gezeten op een gevormde sokkel. Zuidoost-Azië, vermoedelijk Thailand of Myanmar, 19e/20e eeuw. Met slijtage aan de vergulding en ouderdoms- en gebruikssporen.;<P>A darkly patinated and partly gilded bronze statue of a kneeling Buddhist monk, his hands brought together in front of his chest in the anjali mudra, a gesture of reverence and devotion. Clad in a monk’s robe draped over one shoulder and seated on a moulded plinth. South-East Asia, probably Thailand or Myanmar, 19th/20th century. With wear to the gilding and signs of age and use.</P>;;Aziatica^;Aziatisch brons^;Diversen^;;2122;H. 20 cm.;Asian Art^;Asian bronze^;Miscellaneous^;", (-),https://lotimages.blob.core.windows.net/medusa/d48b9281-d5f9-4b8b-88cc-eb2c094847af_TH.png,4,2026-09-07T17:15:45+00:00,2026-09-07T21:00:45+00:00,False,,0,0,40,1,40,1,,,,,,,0,0,2026-08-21T13:29:25.0169199+00:00
814994,medusa,MA-2026-4,138,Lots en Diversen,22623, 2123, ,1,"Een 19e-eeuws Nepalees gepatineerd bronzen figuur van Vasudhara, de boeddhistische godin van rijkdom, voorspoed en overvloed. Nepal, 19e eeuw.Condition report upon request",,250,350,,,,,,,1,24 x 19 cm.,,True,False,"Een 19e-eeuws Nepalees gepatineerd bronzen figuur van Vasudhara, de boeddhistische godin van rijkdom, voorspoed en overvloed. Nepal, 19e eeuw.;A 19th-century Nepalese patinated bronze figure of Vasudhara, the Buddhist goddess of wealth, prosperity, and abundance. Nepal, 19th century.;;Aziatica^;Aziatisch brons^;;2123;24 x 19 cm.;Asian Art^;Asian bronze^;", (-),https://lotimages.blob.core.windows.net/medusa/2a5ed51b-2505-43a8-9a62-518a205416a4_TH.png,5,2026-09-07T17:15:45+00:00,2026-09-07T21:00:45+00:00,False,,0,0,250,1,250,1,,,,,,,0,0,2026-08-21T13:29:25.5975397+00:00
814995,medusa,MA-2026-4,138,Lots en Diversen,22615, 2124, ,1,"Een 19e-eeuws Thais Boeddhabeeld, deels voorzien van resten van goudbeschildering. Thailand, 19e eeuw.Condition report upon request",,500,1000,,,,,,,1,33 x 30 cm.,,True,False,"Een 19e-eeuws Thais Boeddhabeeld, deels voorzien van resten van goudbeschildering. Thailand, 19e eeuw.;A 19th-century Thai Buddha statue, partially featuring remnants of gold painting. Thailand, 19th century.;;Aziatica^;Aziatisch brons^;;2124;33 x 30 cm.;Asian Art^;Asian bronze^;", (-),https://lotimages.blob.core.windows.net/medusa/945a5efe-edbb-4c86-bd88-8d644ecc639f_TH.png,4,2026-09-07T17:15:45+00:00,2026-09-07T21:00:45+00:00,False,,0,0,500,1,500,1,,,,,,,0,0,2026-08-21T13:29:26.2561845+00:00
814996,medusa,MA-2026-4,138,Lots en Diversen,22616, 2125, ,1,"Een Birmees Kammavaca-manuscript, uitgevoerd op gelakte bladen met vergulde en beschilderde tekstdecoratie, ingelijst. Birma (Myanmar), 19e eeuw.Condition report upon request",,50,100,,,,,,,1,23 x 68 cm.,,True,False,"Een Birmees Kammavaca-manuscript, uitgevoerd op gelakte bladen met vergulde en beschilderde tekstdecoratie, ingelijst. Birma (Myanmar), 19e eeuw.;A Burmese Kammavaca manuscript, executed on lacquered sheets with gilded and painted text decoration, framed. Burma (Myanmar), 19th century.;;Aziatica^;;2125;23 x 68 cm.;Asian Art^;", (-),https://lotimages.blob.core.windows.net/medusa/4d350f92-9354-4369-9143-c493ef95de22_TH.png,1,2026-09-07T17:15:45+00:00,2026-09-07T21:00:45+00:00,False,,0,0,50,1,50,1,,,,,,,0,0,2026-08-21T13:29:27.1316993+00:00
814997,medusa,MA-2026-4,138,Lots en Diversen,22614, 2126, ,1,"Een fijn gegoten bronzen figuur van de Groene Tara (Syamatara), Beijing, Pala-revivalstijl, 18e eeuw. De godin is elegant weergegeven in lalitasana, de houding van koninklijke ontspanning, gezeten op een hoge dubbele lotustroon. Het rechterbeen is naar beneden gericht en rust op een afzonderlijke lotusbloem, terwijl het linkerbeen gebogen op de troon ligt. De rechterhand is neerwaarts gehouden in varada mudra, het gebaar van wensvervulling en vrijgevigheid, terwijl de linkerhand voor de borst is geheven in een onderwijzend gebaar. Aan weerszijden ontspringen lange, sierlijk gebogen lotusstengels, eindigend in bloemen ter hoogte van de schouders. Tara is rijk getooid met een uitgewerkte kroon, grote ronde oorsieraden, halskettingen, arm- en polsbanden en een fijn gedecoreerde gordel. Het bovenlichaam is ontbloot en de slanke, licht gebogen lichaamsvorm wordt benadrukt door de nauw aansluitende dhoti. De zorgvuldig gemodelleerde gelaatstrekken, met neergeslagen ogen en een serene uitdrukking, worden omlijst door een rijk geornamenteerde hoofdtooi. De achterzijde is eveneens volledig uitgewerkt. Uitgevoerd in brons met een glanzend donkerbruin patina en plaatselijk lichtere gebruikspatina. De vormgeving grijpt bewust terug op de sculpturale traditie van het Pala-rijk en past binnen de hernieuwde belangstelling voor deze stijl aan het Qing-hof en in Beijing. China, Beijing, Pala-revivalstijl, 18e/19e eeuw. Vergelijkbaar object geveild Bij Koller in December&nbsp;2018.",,3000,5000,,,,,,,1,27 x 15 cm.,,True,False,"Een fijn gegoten bronzen figuur van de Groene Tara (Syamatara), Beijing, Pala-revivalstijl, 18e eeuw. De godin is elegant weergegeven in lalitasana, de houding van koninklijke ontspanning, gezeten op een hoge dubbele lotustroon. Het rechterbeen is naar beneden gericht en rust op een afzonderlijke lotusbloem, terwijl het linkerbeen gebogen op de troon ligt. De rechterhand is neerwaarts gehouden in varada mudra, het gebaar van wensvervulling en vrijgevigheid, terwijl de linkerhand voor de borst is geheven in een onderwijzend gebaar. Aan weerszijden ontspringen lange, sierlijk gebogen lotusstengels, eindigend in bloemen ter hoogte van de schouders. Tara is rijk getooid met een uitgewerkte kroon, grote ronde oorsieraden, halskettingen, arm- en polsbanden en een fijn gedecoreerde gordel. Het bovenlichaam is ontbloot en de slanke, licht gebogen lichaamsvorm wordt benadrukt door de nauw aansluitende dhoti. De zorgvuldig gemodelleerde gelaatstrekken, met neergeslagen ogen en een serene uitdrukking, worden omlijst door een rijk geornamenteerde hoofdtooi. De achterzijde is eveneens volledig uitgewerkt. Uitgevoerd in brons met een glanzend donkerbruin patina en plaatselijk lichtere gebruikspatina. De vormgeving grijpt bewust terug op de sculpturale traditie van het Pala-rijk en past binnen de hernieuwde belangstelling voor deze stijl aan het Qing-hof en in Beijing. China, Beijing, Pala-revivalstijl, 18e/19e eeuw. Vergelijkbaar object geveild Bij Koller in December&nbsp;2018.;<P>A finely cast bronze figure of the Green Tara (Syamatara), Beijing, Pala revival style, 18th century. The goddess is elegantly depicted in lalitasana, the posture of royal relaxation, seated on a high double lotus throne. Her right leg is extended downwards and rests on a separate lotus flower, whilst her left leg is bent and rests on the throne. The right hand is held downwards in varada mudra, the gesture of wish-fulfilment and generosity, whilst the left hand is raised before the chest in a teaching gesture. On either side, long, gracefully curved lotus stems emerge, ending in flowers at shoulder height. Tara is richly adorned with an intricately crafted crown, large round earrings, necklaces, arm and wrist bands, and a finely decorated belt. Her upper body is bare, and her slender, slightly curved figure is emphasised by the close-fitting dhoti. Her carefully modelled facial features, with downcast eyes and a serene expression, are framed by a richly ornamented headdress. The reverse is also fully detailed. Executed in bronze with a glossy dark brown patina and, in places, a lighter patina resulting from wear. The design deliberately draws on the sculptural tradition of the Pala Empire and fits within the renewed interest in this style at the Qing court and in Beijing. China, Beijing, Pala revival style, 18th/19th century. A comparable object was auctioned at Koller in December 2018.</P>;;Aziatica^;Aziatisch brons^;;2126;27 x 15 cm.;Asian Art^;Asian bronze^;", (-),https://lotimages.blob.core.windows.net/medusa/13c08a0f-0916-46f5-9132-6b8771e96cd5_TH.png,11,2026-09-07T17:15:45+00:00,2026-09-07T21:00:45+00:00,False,,0,0,3000,1,3000,1,,,,,,,0,0,2026-08-21T13:29:27.7165548+00:00
814998,medusa,MA-2026-4,138,Lots en Diversen,22302, 2127, ,1,"<P>Chinees zilveren roomstel, rijk gedecoreerd met draken in hoogreliëf en gekeurd aan de onderzijde “Ching Wun” en diverse chinse tekens, &nbsp;</P>
<P>Gewicht 461,2 gram. </P>Condition report upon request",,300,800,,,,,,,2,H. 10 cm.,,True,False,"<P>Chinees zilveren roomstel, rijk gedecoreerd met draken in hoogreliëf en gekeurd aan de onderzijde “Ching Wun” en diverse chinse tekens, &nbsp;</P>
<P>Gewicht 461,2 gram. </P>;<P>Chinese silver cream set, richly decorated with dragons in high relief and hallmarked on the underside “Ching Wun” and various Chinese characters, </P>

<P>Weight 461.2 grams. </P>;;zilver^;;2127;H. 10 cm.;Silver^;", (-),https://lotimages.blob.core.windows.net/medusa/6ac0912d-aa98-49b2-bdcc-4d72fea93aaa_TH.png,3,2026-09-07T17:15:45+00:00,2026-09-07T21:00:45+00:00,False,,0,0,300,1,300,1,,,,,,,0,0,2026-08-21T13:29:28.3105088+00:00
814999,medusa,MA-2026-4,138,Lots en Diversen,22303, 2128, ,1,"<P>Een antieke zilveren koffiekan met houten hengsel, Nederlands gekeurd 2e gehalte leeuw, door poetsen keuren wat onduidelijk geworden.</P>
<P>gewicht 904 gram</P>Condition report upon request",,700,1400,,,,,,,1,35 cm,,True,False,"<P>Een antieke zilveren koffiekan met houten hengsel, Nederlands gekeurd 2e gehalte leeuw, door poetsen keuren wat onduidelijk geworden.</P>
<P>gewicht 904 gram</P>;<P>An antique silver coffee pot with wooden handle, Dutch hallmarked 2nd grade lion, hallmarks have become somewhat unclear due to polishing.</P>

<P>weight 904 grams</P>;;zilver^;;2128;35 cm;Silver^;", (-),https://lotimages.blob.core.windows.net/medusa/09c31a64-904c-4178-9739-3bf0fcaa4123_TH.png,3,2026-09-07T17:15:45+00:00,2026-09-07T21:00:45+00:00,False,,0,0,700,1,700,1,,,,,,,0,0,2026-08-21T13:29:28.898158+00:00
815000,medusa,MA-2026-4,138,Lots en Diversen,22304, 2129, ,1,"<P>Een zilveren suikerpot met deksel en op bolpootjes, (deksel&nbsp;wat deukjes)&nbsp;Gekeurd met 2e gehalte leeuw, 'VV99' en Jaarletter 'B', </P>
<P>Gewicht 256 gram</P>Condition report upon request",,150,350,,,,,,,1,12 x13 cm,,True,False,"<P>Een zilveren suikerpot met deksel en op bolpootjes, (deksel&nbsp;wat deukjes)&nbsp;Gekeurd met 2e gehalte leeuw, 'VV99' en Jaarletter 'B', </P>
<P>Gewicht 256 gram</P>;<P>A silver sugar bowl with lid and on ball feet, (lid has some dents) Hallmarked with 2nd grade lion, 'VV99' and Year letter 'B', </P>

<P>Weight 256 grams</P>;;zilver^;;2129;12 x13 cm;Silver^;", (-),https://lotimages.blob.core.windows.net/medusa/2c2da9d2-4352-4876-9bae-004ded24137f_TH.png,3,2026-09-07T17:15:45+00:00,2026-09-07T21:00:45+00:00,False,,0,0,150,1,150,1,,,,,,,0,0,2026-08-21T13:29:29.4914489+00:00
815001,medusa,MA-2026-4,138,Lots en Diversen,22305, 2130, ,1,"<P>Een gladde zilveren kom op voet, gekeurd met 2e gehalte leeuw, 'VV99' en Minerva,</P>
<P>Gewicht 374 gram</P>Condition report upon request",,300,600,,,,,,,1,dia 20 cm - hoogte 10 cm ,,True,False,"<P>Een gladde zilveren kom op voet, gekeurd met 2e gehalte leeuw, 'VV99' en Minerva,</P>
<P>Gewicht 374 gram</P>;<P>A smooth silver bowl on a foot, hallmarked with the 2nd grade lion, 'VV99' and Minerva,</P>

<P>Weight 374 grams</P>;;zilver^;;2130;dia 20 cm - hoogte 10 cm ;Silver^;", (-),https://lotimages.blob.core.windows.net/medusa/b4f74e39-33a6-4d03-a886-88cdb5b62693_TH.png,3,2026-09-07T17:15:45+00:00,2026-09-07T21:00:45+00:00,False,,0,0,300,1,300,1,,,,,,,0,0,2026-08-21T13:29:30.0556412+00:00
815002,medusa,MA-2026-4,138,Lots en Diversen,22306, 2131, ,1,"<P>Een zilveren roomkan in empirestijl&nbsp;op bolvoetjes, gekeurd met 2e gehalte leeuw, Minerva en jaarletter 'X' ( +/- 1832) </P>
<P>Gewicht 236 gram</P>Condition report upon request",,150,350,,,,,,,1,13 x 9 cm ,,True,False,"<P>Een zilveren roomkan in empirestijl&nbsp;op bolvoetjes, gekeurd met 2e gehalte leeuw, Minerva en jaarletter 'X' ( +/- 1832) </P>
<P>Gewicht 236 gram</P>;<P>A silver cream jug in Empire style on ball feet, hallmarked with a 2nd grade lion, Minerva and year letter 'X' ( +/- 1832) </P>

<P>Weight 236 grams</P>;;zilver^;;2131;13 x 9 cm ;Silver^;", (-),https://lotimages.blob.core.windows.net/medusa/27943fb5-bd31-4ad1-a8a7-b9a2f7f3650e_TH.png,3,2026-09-07T17:15:45+00:00,2026-09-07T21:00:45+00:00,False,,0,0,150,1,150,1,,,,,,,0,0,2026-08-21T13:29:30.6587247+00:00
815003,medusa,MA-2026-4,138,Lots en Diversen,22307, 2132, ,1,"<P>Een zilveren theekan in empire/regency-stijl op bolpoten en met donker (ebben)&nbsp;houten handvat, gekeurd met Minerva en 'VV99' en jaarletter 'Z' (+/- 1834)</P>
<P>Gewicht&nbsp;370 gram</P>Condition report upon request",,200,550,,,,,,,1,23x10x11 cm (van tuit tot handvat),,True,False,"<P>Een zilveren theekan in empire/regency-stijl op bolpoten en met donker (ebben)&nbsp;houten handvat, gekeurd met Minerva en 'VV99' en jaarletter 'Z' (+/- 1834)</P>
<P>Gewicht&nbsp;370 gram</P>;<P>A silver teapot in Empire/Regency style on ball feet and with a dark (ebony) wood handle, hallmarked with Minerva and 'VV99' and year letter 'Z' (+/- 1834)</P>

<P>Weight 370 grams</P>;;zilver^;;2132;23x10x11 cm (van tuit tot handvat);Silver^;", (-),https://lotimages.blob.core.windows.net/medusa/a9a7b21c-9801-4e58-ba9d-1d5f7814ba5d_TH.png,3,2026-09-07T17:15:45+00:00,2026-09-07T21:00:45+00:00,False,,0,0,200,1,200,1,,,,,,,0,0,2026-08-21T13:29:31.2977664+00:00
815004,medusa,MA-2026-4,138,Lots en Diversen,21319, 2133, ,1,"<P><STRONG>Belgische Neo-Classicistische School, ca. 1830</STRONG>. <EM>Allegorie op de onafhankelijkheid van België</EM>. Op de boeken zijn de volgende teksten te lezen: (bij Clio) ""Een volk dat nimmer vrijheid heeft gekend is niet bekwaam die te genieten"", en (Bij Belgica) ""Courrier Pays Bas 1830 Bruxelles"". De Courrier Pays Bas was een revolutionaire, liberale krant in Brussel. (canvas beschadigd). </P>
<P>Iconografisch program: Centrale figuur: de Geschiedenis (Clio) De vrouw in het midden schrijft in een groot boek. Zij lijkt de klassieke muze Clio, de personificatie van de Geschiedenis. Het open boek verwijst naar het vastleggen van historische gebeurtenissen. De pen symboliseert de opname van de Belgische onafhankelijkheid in de wereldgeschiedenis. Haar geconcentreerde blik suggereert dat zij getuige is van een gebeurtenis die blijvende betekenis heeft. Oude man met lange baard: Tijd (Chronos) Rechts staat een bejaarde man met witte baard. Dit is waarschijnlijk Chronos of de Vader Tijd. Hij houdt of ondersteunt het boek van de geschiedenis. Zijn aanwezigheid betekent dat de onafhankelijkheid de toets van de tijd zal doorstaan en historisch gelegitimeerd wordt. Gevleugelde figuur achteraan: Roem (Fama) De grote witte vleugels achter de centrale figuur wijzen op een gevleugelde allegorie. Mogelijk gaat het om Fama (de Roem). Zij verkondigt de gebeurtenissen aan de wereld. De opgeheven staf of bazuinachtige vorm versterkt het idee van publieke bekendmaking en glorie. Linker vrouwelijke figuur: België (Belgica) De vrouw links lijkt een nationale personificatie. Zij draagt een dierenhuid of leeuwenattribuut, wat kan verwijzen naar de Belgische leeuw. Zij houdt een boek of document tegen zich aan. Haar blik is naar boven gericht, wat hoop en een nieuwe toekomst suggereert. In de context van 1830 kan zij gelezen worden als Belgica, de personificatie van de nieuwe Belgische staat. Dierenmotief Op de linkerzijde is een katachtig dier zichtbaar (mogelijk een lynx of leeuwenhuid). In allegorische kunst staat de lynx vaak voor scherpzinnigheid en inzicht. Indien het om een leeuwenattribuut gaat, verwijst het naar de Belgische nationale symboliek. Algemene betekenis Het programma lijkt dan als volgt te luiden: De Tijd en de Roem zijn getuigen van het ontstaan van België; de Geschiedenis schrijft de Belgische onafhankelijkheid in haar annalen, terwijl de personificatie van België haar plaats inneemt onder de vrije naties.</P>Condition report upon request",,500,1000,,,,,,,1,,,True,False,"<P><STRONG>Belgische Neo-Classicistische School, ca. 1830</STRONG>. <EM>Allegorie op de onafhankelijkheid van België</EM>. Op de boeken zijn de volgende teksten te lezen: (bij Clio) ""Een volk dat nimmer vrijheid heeft gekend is niet bekwaam die te genieten"", en (Bij Belgica) ""Courrier Pays Bas 1830 Bruxelles"". De Courrier Pays Bas was een revolutionaire, liberale krant in Brussel. (canvas beschadigd). </P>
<P>Iconografisch program: Centrale figuur: de Geschiedenis (Clio) De vrouw in het midden schrijft in een groot boek. Zij lijkt de klassieke muze Clio, de personificatie van de Geschiedenis. Het open boek verwijst naar het vastleggen van historische gebeurtenissen. De pen symboliseert de opname van de Belgische onafhankelijkheid in de wereldgeschiedenis. Haar geconcentreerde blik suggereert dat zij getuige is van een gebeurtenis die blijvende betekenis heeft. Oude man met lange baard: Tijd (Chronos) Rechts staat een bejaarde man met witte baard. Dit is waarschijnlijk Chronos of de Vader Tijd. Hij houdt of ondersteunt het boek van de geschiedenis. Zijn aanwezigheid betekent dat de onafhankelijkheid de toets van de tijd zal doorstaan en historisch gelegitimeerd wordt. Gevleugelde figuur achteraan: Roem (Fama) De grote witte vleugels achter de centrale figuur wijzen op een gevleugelde allegorie. Mogelijk gaat het om Fama (de Roem). Zij verkondigt de gebeurtenissen aan de wereld. De opgeheven staf of bazuinachtige vorm versterkt het idee van publieke bekendmaking en glorie. Linker vrouwelijke figuur: België (Belgica) De vrouw links lijkt een nationale personificatie. Zij draagt een dierenhuid of leeuwenattribuut, wat kan verwijzen naar de Belgische leeuw. Zij houdt een boek of document tegen zich aan. Haar blik is naar boven gericht, wat hoop en een nieuwe toekomst suggereert. In de context van 1830 kan zij gelezen worden als Belgica, de personificatie van de nieuwe Belgische staat. Dierenmotief Op de linkerzijde is een katachtig dier zichtbaar (mogelijk een lynx of leeuwenhuid). In allegorische kunst staat de lynx vaak voor scherpzinnigheid en inzicht. Indien het om een leeuwenattribuut gaat, verwijst het naar de Belgische nationale symboliek. Algemene betekenis Het programma lijkt dan als volgt te luiden: De Tijd en de Roem zijn getuigen van het ontstaan van België; de Geschiedenis schrijft de Belgische onafhankelijkheid in haar annalen, terwijl de personificatie van België haar plaats inneemt onder de vrije naties.</P>;<P><STRONG>Belgian Neo-Classical School, ca. 1830</STRONG>. <EM>Allegory on the independence of Belgium</EM>. The following texts can be read on the books: (by Clio) ""A people that has never known freedom is not capable of enjoying it"", and (by Belgica) ""Courrier Pays Bas 1830 Bruxelles"" (canvas dammaged).</P>
<P>Iconographic program: Central figure: History (Clio) The woman in the middle is writing in a large book. She appears to be the classical muse Clio, the personification of History. The open book refers to the recording of historical events. The pen symbolizes the inclusion of Belgian independence in world history. Her concentrated gaze suggests that she is witnessing an event of lasting significance. Old man with long beard: Time (Chronos) On the right stands an elderly man with a white beard. This is probably Chronos or Father Time. He holds or supports the book of history. His presence signifies that independence will stand the test of time and be historically legitimized. Winged figure at the rear: Fame (Fama) The large white wings behind the central figure point to a winged allegory. It may represent Fama (Fame). She proclaims the events to the world. The raised staff or trumpet-like shape reinforces the idea of public announcement and glory. Left female figure: Belgium (Belgica) The woman on the left appears to be a national personification. She wears an animal skin or lion attribute, which may refer to the Belgian lion. She holds a book or document against her. Her gaze is directed upwards, suggesting hope and a new future. In the context of 1830, she can be interpreted as Belgica, the personification of the new Belgian state. Animal motif On the left side, a feline animal is visible (possibly a lynx or lion skin). In allegorical art, the lynx often represents shrewdness and insight. If it is a lion attribute, it refers to Belgian national symbolism. General meaning The program then seems to read as follows: Time and Glory are witnesses to the origins of Belgium; History records Belgian independence in its annals, while the personification of Belgium takes its place among the free nations.</P>;;Schilderijen^;;2133;;Paintings^;", (-),https://lotimages.blob.core.windows.net/medusa/9910af5c-969e-44c2-a4fd-5dc55b1da535_TH.png,4,2026-09-07T17:15:45+00:00,2026-09-07T21:00:45+00:00,False,,0,0,500,1,500,1,,,,,,,0,0,2026-08-21T13:29:31.8724093+00:00
815005,medusa,MA-2026-4,138,Lots en Diversen,22166, 2134, ,1,"<STRONG>Fernand Toussaint (1873-1955/56),</STRONG> <EM>De schermster,</EM> gesigneerd (rechtsonder), olieverf op doek, 166 x 112 cm. Condition report upon request",,300,600,,,,,,,1,,,True,False,"<STRONG>Fernand Toussaint (1873-1955/56),</STRONG> <EM>De schermster,</EM> gesigneerd (rechtsonder), olieverf op doek, 166 x 112 cm. ;<STRONG>Fernand Toussaint (1873-1955/56),</STRONG> <EM>The Fencer,</EM> signed (lower right), oil on canvas, 166 x 112 cm.;;Schilderijen^;;2134;;Paintings^;", (-),https://lotimages.blob.core.windows.net/medusa/25906c2e-eb8d-4fbf-b7c5-f0cadde94f8b_TH.png,5,2026-09-07T17:15:45+00:00,2026-09-07T21:00:45+00:00,False,,0,0,300,1,300,1,,,,,,,0,0,2026-08-21T13:29:31.9464303+00:00
815006,medusa,MA-2026-4,138,Lots en Diversen,14573, 2136, ,1,"<STRONG>Willem Steelink Sr. (Amsterdam 1826 - 1913), </STRONG><EM>Een dierbaar moment met de familie</EM>, gesigneerd, en gedateerd '1881' (linksonder), olieverf op doek. Condition report upon request",,800,1600,,,,,,,1,100 x 80 cm.,,True,False,"<STRONG>Willem Steelink Sr. (Amsterdam 1826 - 1913), </STRONG><EM>Een dierbaar moment met de familie</EM>, gesigneerd, en gedateerd '1881' (linksonder), olieverf op doek. ;<STRONG>Willem Steelink Jr. (Amsterdam 1856 - 1928), </STRONG><EM>A precious moment with the family</EM>, signed and dated '1880' (lower left), oil on canvas.;;Schilderijen^;;2136;100 x 80 cm.;Paintings^;", (-),https://lotimages.blob.core.windows.net/medusa/5b85701f-1f4f-432d-9056-c5e10c86d682_TH.png,6,2026-09-07T17:15:45+00:00,2026-09-07T21:00:45+00:00,False,,0,0,800,1,800,1,,,,,,,0,0,2026-08-21T13:29:33.0954305+00:00
815007,medusa,MA-2026-4,138,Lots en Diversen,22393, 2137, ,1,"<P><STRONG>Franse School, 19e eeuw, </STRONG><EM>Hero daalt de trappen af om Leanser te bezoeken</EM><STRONG>,&nbsp;</STRONG>gesigneerd met monogram (rechtsonder), olieverf op doek </P>
<P>Het verhaal: Hero was een beeldschone priesteres van de godin Aphrodite. Zij woonde in een hoge toren aan het water in Sestos (aan de Europese kant van de Hellespont, de huidige Dardanellen). Aan de overkant van de zeestraat, in Abydos (Azië), woonde haar geheime geliefde: Leander. Omdat hun liefde geheim moest blijven, zwom Leander elke nacht de gevaarlijke zeestraat over om bij haar te zijn. Om hem de weg te wijzen in het donker, daalde Hero de trappen van haar toren af naar de waterkant en hield ze een brandende toorts of lamp omhoog. Haar vuur was zijn kompas. Op een stormachtige herfstnacht sloeg het noodlot toe. De harde wind blies de vlam van Hero's toorts uit. Leander raakte gedesoriënteerd in de woeste golven, raakte uitgeput en verdronk. Toen Hero de volgende ochtend zijn levenloze lichaam op de rotsen bij het water zag liggen, sprong zij in haar diepe verdriet van de toren haar dood tegemoet om in het hiernamaals met hem herenigd te worden. </P>Condition report upon request",,250,500,,,,,,,1,42 x 64 cm.,,True,False,"<P><STRONG>Franse School, 19e eeuw, </STRONG><EM>Hero daalt de trappen af om Leanser te bezoeken</EM><STRONG>,&nbsp;</STRONG>gesigneerd met monogram (rechtsonder), olieverf op doek </P>
<P>Het verhaal: Hero was een beeldschone priesteres van de godin Aphrodite. Zij woonde in een hoge toren aan het water in Sestos (aan de Europese kant van de Hellespont, de huidige Dardanellen). Aan de overkant van de zeestraat, in Abydos (Azië), woonde haar geheime geliefde: Leander. Omdat hun liefde geheim moest blijven, zwom Leander elke nacht de gevaarlijke zeestraat over om bij haar te zijn. Om hem de weg te wijzen in het donker, daalde Hero de trappen van haar toren af naar de waterkant en hield ze een brandende toorts of lamp omhoog. Haar vuur was zijn kompas. Op een stormachtige herfstnacht sloeg het noodlot toe. De harde wind blies de vlam van Hero's toorts uit. Leander raakte gedesoriënteerd in de woeste golven, raakte uitgeput en verdronk. Toen Hero de volgende ochtend zijn levenloze lichaam op de rotsen bij het water zag liggen, sprong zij in haar diepe verdriet van de toren haar dood tegemoet om in het hiernamaals met hem herenigd te worden. </P>;<P><STRONG>French School, 19th century, </STRONG><EM>Hero descends the stairs to visit Leander</EM><STRONG>,</STRONG>signed with monogram (bottom right), oil on canvas </P>

<P>The story: Hero was a beautiful priestess of the goddess Aphrodite. She lived in a tall tower by the water in Sestos (on the European side of the Hellespont, the present-day Dardanelles). Across the strait, in Abydos (Asia), lived her secret lover: Leander. Because their love had to remain secret, Leander swam across the dangerous strait every night to be with her. To guide him in the dark, Hero descended the stairs of her tower to the water's edge, holding up a burning torch or lamp. Her fire was his compass. On a stormy autumn night, disaster struck. The strong wind blew out the flame of Hero's torch. Leander became disoriented in the raging waves, grew exhausted, and drowned. When Hero saw his lifeless body lying on the rocks by the water the next morning, in her deep grief she jumped from the tower to her death, to be reunited with him in the afterlife.;;Schilderijen^;;2137;42 x 64 cm.;Paintings^;", (-),https://lotimages.blob.core.windows.net/medusa/4420e316-4399-4138-82f0-8a9702142b13_TH.png,4,2026-09-07T17:15:45+00:00,2026-09-07T21:00:45+00:00,False,,0,0,250,1,250,1,,,,,,,0,0,2026-08-21T13:29:33.6657249+00:00
681548,medusa,MA-2026-4,138,Lots en Diversen,10172, 2138, ,1,"<STRONG>Alfred Jonnieax (1882 - 1974)</STRONG>&nbsp;<EM>Stilleven van rozen in een vaas,</EM> gesigneerd (linksonder), olieverf op doek, Condition report upon request",,20,40,,,,,,,1,60 x 45 cm. ,100,True,False,"<STRONG>Alfred Jonnieax (1882 - 1974)</STRONG>&nbsp;<EM>Stilleven van rozen in een vaas,</EM> gesigneerd (linksonder), olieverf op doek, ;<STRONG>Alfred Jonnieax,</STRONG> <EM>Still life of roses in a vase,</EM> signed (bottom left), oil on canvas,;;Schilderijen^;;2138;60 x 45 cm. ;Paintings^;", (-),https://lotimages.blob.core.windows.net/medusa/723c4061-09b1-406a-84c8-f06df8fd5abc_TH.png,3,2026-09-07T17:15:45+00:00,2026-09-07T21:00:45+00:00,False,,0,0,20,1,20,1,,,,,,,0,100,2024-12-02T13:35:35.3834275+00:00
815008,medusa,MA-2026-4,138,Lots en Diversen,22310, 2139, ,1,"<STRONG>J.J. Zuidema Broos</STRONG>, Interieur met drie vrouwen, aquarel op papier, ",,150,300,,,,,,,1,,,True,False,"<STRONG>J.J. Zuidema Broos</STRONG>, Interieur met drie vrouwen, aquarel op papier, ;J.J. Zuidema Broos, Interior with three women, watercolor on paper,;;Schilderijen^;;2139;;Paintings^;", (-),https://lotimages.blob.core.windows.net/medusa/1c429c16-8405-458d-b3ef-6e3e0a2ee3ae_TH.png,5,2026-09-07T17:15:45+00:00,2026-09-07T21:00:45+00:00,False,,0,0,150,1,0,1,,,,,,,0,0,2026-08-21T13:29:34.4619082+00:00
815009,medusa,MA-2026-4,138,Lots en Diversen,22317, 2140, ,1,"Hollandse School, in de stijl van A. Vermeulen, Condition report upon request",,10,50,,,,,,,1,,,True,False,"Hollandse School, in de stijl van A. Vermeulen, ;Dutch School, in the style of A. Vermeulen,;;Schilderijen^;;2140;;Paintings^;", (-),https://lotimages.blob.core.windows.net/medusa/229fc648-bb6e-438e-871f-8672bc0d638c_TH.png,4,2026-09-07T17:15:45+00:00,2026-09-07T21:00:45+00:00,False,,0,0,10,1,0,1,,,,,,,0,0,2026-08-21T13:29:35.0527709+00:00
667965,medusa,MA-2026-4,138,Lots en Diversen,10126, 2141, ,1,"<STRONG>Hollandse School, 20e eeuw,</STRONG> onduidelijk gesigneerd (rechtsonder), <EM>havengezicht</EM>, olieverf op doek, Condition report upon request",,20,80,,,,,,,1,50 x 70 cm. ,10,True,False,"<STRONG>Hollandse School, 20e eeuw,</STRONG> onduidelijk gesigneerd (rechtsonder), <EM>havengezicht</EM>, olieverf op doek, ;<STRONG>Dutch School, 20th century,</STRONG>&nbsp;inbdistinctly signed (bottom right), <EM>harbour view</EM>, oil on canvas,;;Schilderijen^;;2141;50 x 70 cm. ;Paintings^;", (-),https://lotimages.blob.core.windows.net/medusa/f7f8a19e-3b8c-4e2a-83d8-19e98952a9c0_TH.png,4,2026-09-07T17:15:45+00:00,2026-09-07T21:00:45+00:00,False,,0,0,20,1,20,1,,,,,,,0,10,
815010,medusa,MA-2026-4,138,Lots en Diversen,22079, 2142, ,1,"<STRONG>Friedrich Fehr (1862-1927), </STRONG><EM>Kop van een boer</EM>, gesigneerd, en gedateerd '1883' (rechtsboven), olieverf op doek, 46 x 37 cm.Condition report upon request",,150,350,,,,,,,1,,,True,False,"<STRONG>Friedrich Fehr (1862-1927), </STRONG><EM>Kop van een boer</EM>, gesigneerd, en gedateerd '1883' (rechtsboven), olieverf op doek, 46 x 37 cm.;<STRONG>Friedrich Fehr (1862-1927), </STRONG><EM>Head of a Peasant</EM>, signed and dated '1883' (upper right), oil on canvas, 46 x 37 cm.;;Schilderijen^;;2142;;Paintings^;", (-),https://lotimages.blob.core.windows.net/medusa/0e1576d5-d933-4a1c-8b12-aef5e9a9b5cc_TH.png,4,2026-09-07T17:15:45+00:00,2026-09-07T21:00:45+00:00,False,,0,0,150,1,150,1,,,,,,,0,0,2026-08-21T13:29:36.2795714+00:00
667981,medusa,MA-2026-4,138,Lots en Diversen,10152, 2143, ,1,"<STRONG>A. Delaet, 20e eeuw,</STRONG>&nbsp;<EM>Avondlandschap met boerderij nabij heide</EM>, gesigneerd (rechtsonder), olieverf op doek, Condition report upon request",,20,60,,,,,,,1,70 x 100 cm. ,10,True,False,"<STRONG>A. Delaet, 20e eeuw,</STRONG>&nbsp;<EM>Avondlandschap met boerderij nabij heide</EM>, gesigneerd (rechtsonder), olieverf op doek, ;<STRONG>Delaet, 20th century, </STRONG><EM>Evening landscape with farm</EM>, signed (lower right), oil on canvas,;;Schilderijen^;;2143;70 x 100 cm. ;Paintings^;", (-),https://lotimages.blob.core.windows.net/medusa/d741e9a1-a028-4dd2-8977-5a4ccf213645_TH.png,4,2026-09-07T17:15:45+00:00,2026-09-07T21:00:45+00:00,False,5,1,0,20,1,10,1,,,,,,e37d5db8-4e68-419f-be75-684b477b6fda,0,10,
815011,medusa,MA-2026-4,138,Lots en Diversen,22410, 2144, ,1,"<SPAN><STRONG>Naar Alonso Pérez</STRONG> (1881–1914), </SPAN><EM><SPAN>Op glad ijs</SPAN></EM><SPAN>. Ingekleurde sepia.</SPAN>Condition report upon request",,100,200,,,,,,,1,51 x 42 cm.,,True,False,"<SPAN><STRONG>Naar Alonso Pérez</STRONG> (1881–1914), </SPAN><EM><SPAN>Op glad ijs</SPAN></EM><SPAN>. Ingekleurde sepia.</SPAN>;<SPAN><STRONG>After Alonso Pérez</STRONG> (1881–1914), </SPAN><EM><SPAN>On thin ice</SPAN></EM><SPAN>. Colorized sepia.</SPAN>;;Schilderijen^;;2144;51 x 42 cm.;Paintings^;", (-),https://lotimages.blob.core.windows.net/medusa/48a47d07-b949-4a92-9e24-98d7954ad181_TH.png,3,2026-09-07T17:15:45+00:00,2026-09-07T21:00:45+00:00,False,,0,0,100,1,100,1,,,,,,,0,0,2026-08-21T13:29:37.4404739+00:00
815012,medusa,MA-2026-4,138,Lots en Diversen,22366, 2145, ,1,"<STRONG>Gesigneerd Khöler</STRONG><EM> straatbeeld</EM>, gsigneerd en geanoteerd '21-1-06' rechtsonder.Condition report upon request",,30,60,,,,,,,1,21 x 17 cm.,,True,False,"<STRONG>Gesigneerd Khöler</STRONG><EM> straatbeeld</EM>, gsigneerd en geanoteerd '21-1-06' rechtsonder.;<STRONG>Signed Khöler</STRONG><EM> street scene</EM>, signed and annotated '21-1-06' bottom right.;;Schilderijen^;;2145;21 x 17 cm.;Paintings^;", (-),https://lotimages.blob.core.windows.net/medusa/2f0115b5-13ea-4278-a5a2-71aa3b3678b5_TH.png,3,2026-09-07T17:15:45+00:00,2026-09-07T21:00:45+00:00,False,,0,0,30,1,30,1,,,,,,,0,0,2026-08-21T13:29:38.0736162+00:00
815013,medusa,MA-2026-4,138,Lots en Diversen,22087, 2146, ,1,"<STRONG>Carl Frederiksen (1892-1932),</STRONG> <EM>Afgemeerde platbodems bij avond</EM>, gesigneerd, rechtsonder, olieverf op doek, 36 x 47 cm. Condition report upon request",,100,200,,,,,,,1,,,True,False,"<STRONG>Carl Frederiksen (1892-1932),</STRONG> <EM>Afgemeerde platbodems bij avond</EM>, gesigneerd, rechtsonder, olieverf op doek, 36 x 47 cm. ;<STRONG>Carl Frederiksen (1892-1932),</STRONG> <EM>Moored Flat-bottomed Boats at dusk</EM>, signed, (lower right), oil on canvas, 36 x 47 cm.;;Schilderijen^;;2146;;Paintings^;", (-),https://lotimages.blob.core.windows.net/medusa/351ec7b9-9058-48e2-816a-c6f5b749c57b_TH.png,4,2026-09-07T17:15:45+00:00,2026-09-07T21:00:45+00:00,False,,0,0,100,1,100,1,,,,,,,0,0,2026-08-21T13:29:38.6596917+00:00
815014,medusa,MA-2026-4,138,Lots en Diversen,22581, 2147, ,1,"<P><STRONG>Ferdy Naulaerts (1922-2001) </STRONG><EM>heidegezicht, </EM>gesigneerd linksonder, olieverf op doek.</P>
<P>&nbsp;</P>",,30,60,,,,,,,1,41 x 31 cm.,,True,False,"<P><STRONG>Ferdy Naulaerts (1922-2001) </STRONG><EM>heidegezicht, </EM>gesigneerd linksonder, olieverf op doek.</P>
<P>&nbsp;</P>;<P><STRONG>Ferdy Naulaerts (1922-2001) </STRONG><EM>heathland landscape, </EM>signed lower left, oil on canvas.</P>

<P></P>;;Schilderijen^;;2147;41 x 31 cm.;Paintings^;", (-),https://lotimages.blob.core.windows.net/medusa/d2bd7ec9-04ef-40cf-a54d-d21e97a8df7d_TH.png,4,2026-09-07T17:15:45+00:00,2026-09-07T21:00:45+00:00,False,,0,0,30,1,30,1,,,,,,,0,0,2026-08-21T13:29:39.3033659+00:00
815015,medusa,MA-2026-4,138,Lots en Diversen,22400, 2148, ,1,"<SPAN><STRONG>W.M. Sanders</STRONG>, </SPAN><EM><SPAN>De parkeerwachter</SPAN></EM><SPAN>. Originele aquarel uit een reeks ontwerpen voor kalenders van Kuyper &amp; Zonen te Schiedam, vervaardigd tussen 1962 en 1966.</SPAN>Condition report upon request",,300,600,,,,,,,1,33 x 48 cm.,,True,False,"<SPAN><STRONG>W.M. Sanders</STRONG>, </SPAN><EM><SPAN>De parkeerwachter</SPAN></EM><SPAN>. Originele aquarel uit een reeks ontwerpen voor kalenders van Kuyper &amp; Zonen te Schiedam, vervaardigd tussen 1962 en 1966.</SPAN>;<SPAN><STRONG>W.M. Sanders</STRONG>, </SPAN><EM><SPAN>The Parking Attendant</SPAN></EM><SPAN>. Original watercolor from a series of designs for calendars by Kuyper & Zonen in Schiedam, produced between 1962 and 1966.</SPAN>;;Schilderijen^;;2148;33 x 48 cm.;Paintings^;", (-),https://lotimages.blob.core.windows.net/medusa/02101373-ec5a-432b-af1f-6fc1a1c3f4f7_TH.png,2,2026-09-07T17:15:45+00:00,2026-09-07T21:00:45+00:00,False,,0,0,300,1,300,1,,,,,,,0,0,2026-08-21T13:29:39.8731475+00:00
815016,medusa,MA-2026-4,138,Lots en Diversen,22468, 2149, ,1,"<STRONG>Han Molenaar (1914-1989)</STRONG> <EM>Boeren interieur</EM>, olvierf op doek, gesigneerd linksonder.Condition report upon request",,50,150,,,,,,,1,52 x 66 cm.,,True,False,"<STRONG>Han Molenaar (1914-1989)</STRONG> <EM>Boeren interieur</EM>, olvierf op doek, gesigneerd linksonder.;<STRONG>Han Molenaar (1914-1989)</STRONG> <EM>Peasant interior</EM>, oil painting on canvas, signed lower left.;;Schilderijen^;;2149;52 x 66 cm.;Paintings^;", (-),https://lotimages.blob.core.windows.net/medusa/c550ffc1-1115-497b-b579-ec373d06175c_TH.png,4,2026-09-07T17:15:45+00:00,2026-09-07T21:00:45+00:00,False,,0,0,50,1,50,1,,,,,,,0,0,2026-08-21T13:29:40.5621798+00:00
815017,medusa,MA-2026-4,138,Lots en Diversen,22409, 2150, ,1,"Straatje in Rotterdam, gesigneerd en aan de achterzijde geannoteerd ‘H.A.S. fec. 1945’. Olieverf op paneel.Condition report upon request",,30,60,,,,,,,1,"22,5 x 14 cm.",,True,False,"Straatje in Rotterdam, gesigneerd en aan de achterzijde geannoteerd ‘H.A.S. fec. 1945’. Olieverf op paneel.;Street in Rotterdam, signed and annotated on the reverse ‘H.A.S. fec. 1945’. Oil on panel.;;Schilderijen^;;2150;22,5 x 14 cm.;Paintings^;", (-),https://lotimages.blob.core.windows.net/medusa/a4f63554-8ae3-4b89-bac9-1086fff06f2f_TH.png,3,2026-09-07T17:15:45+00:00,2026-09-07T21:00:45+00:00,False,,0,0,30,1,30,1,,,,,,,0,0,2026-08-21T13:29:41.1444423+00:00
681134,medusa,MA-2026-4,138,Lots en Diversen,14090, 2151, ,1,"<STRONG>Onduidelijk gesigneerd (rechtsonder),</STRONG> <STRONG>Belgie, XX,</STRONG> <EM>Voorstelling van ondeugend spelende kinderen op straat,</EM> olieverf op doek. Condition report upon request",,50,100,,,,,,,1,70 x 90 cm. ,150,True,False,"<STRONG>Onduidelijk gesigneerd (rechtsonder),</STRONG> <STRONG>Belgie, XX,</STRONG> <EM>Voorstelling van ondeugend spelende kinderen op straat,</EM> olieverf op doek. ;<STRONG>Unclearly signed (lower right),</STRONG> <STRONG>Belgium, XX,</STRONG> <EM>Representation of mischievous children playing on the street,</EM> oil on canvas.;;Schilderijen^;;2151;70 x 90 cm. ;Paintings^;", (-),https://lotimages.blob.core.windows.net/medusa/79f63306-49d9-410d-9e46-749b7ab743bc_TH.png,4,2026-09-07T17:15:45+00:00,2026-09-07T21:00:45+00:00,False,,0,0,50,1,50,1,,,,,,,0,150,2024-12-02T13:34:58.0071239+00:00
815018,medusa,MA-2026-4,138,Lots en Diversen,22516, 2152, ,1,Een decoratieve gepatineerde metalen schaal op voet.Condition report upon request,,30,60,,,,,,,1,32 x 35 cm.,,True,False,Een decoratieve gepatineerde metalen schaal op voet.;A decorative patinated metal bowl on a foot.;;Diversen^;;2152;32 x 35 cm.;Miscellaneous^;, (-),https://lotimages.blob.core.windows.net/medusa/5b1186b2-f861-4067-9e2d-0b864f97e9d1_TH.png,2,2026-09-07T17:15:45+00:00,2026-09-07T21:00:45+00:00,False,,0,0,30,1,30,1,,,,,,,0,0,2026-08-21T13:29:42.3067803+00:00
815019,medusa,MA-2026-4,138,Lots en Diversen,22515, 2153, ,1,"<P>ERNEST RANCOULET (1843–1915), Voie Céleste, France, late 19th / early 20th century A monumental patinated sculpture, presumably cast in zamak/spelter, depicting a female figure dressed in classical attire, standing on a richly modelled cloud formation and framed by a crescent-shaped celestial motif. The figure is depicted in a dynamic pose, with a richly draped and billowing robe, whilst the composition is supported by a moulded circular plinth featuring sun and cloud ornamentation. On the front is a plaque bearing the title ‘VOIE CÉLESTE’. Signed ‘Rancoulet’ on the sculpture. The work is characteristic of late 19th-century French salon sculpture, which combined allegorical subjects, classical forms and a strongly decorative style. France, circa 1890–1910. Brown-patinated zamak/spelter.</P>",,50,150,,,,,,,1,H. 55 cm.,,True,False,"<P>ERNEST RANCOULET (1843–1915), Voie Céleste, France, late 19th / early 20th century A monumental patinated sculpture, presumably cast in zamak/spelter, depicting a female figure dressed in classical attire, standing on a richly modelled cloud formation and framed by a crescent-shaped celestial motif. The figure is depicted in a dynamic pose, with a richly draped and billowing robe, whilst the composition is supported by a moulded circular plinth featuring sun and cloud ornamentation. On the front is a plaque bearing the title ‘VOIE CÉLESTE’. Signed ‘Rancoulet’ on the sculpture. The work is characteristic of late 19th-century French salon sculpture, which combined allegorical subjects, classical forms and a strongly decorative style. France, circa 1890–1910. Brown-patinated zamak/spelter.</P>;<STRONG>After Ernest Rancoulet (1870–1915),</STRONG> <EM>Voix Célestes</EM>, patinated zamak sculpture.;;Beelden^;;2153;H. 55 cm.;Sculptures^;", (-),https://lotimages.blob.core.windows.net/medusa/fe46dd0d-b9b3-4942-85bc-3f8813552eca_TH.png,5,2026-09-07T17:15:45+00:00,2026-09-07T21:00:45+00:00,False,,0,0,50,1,50,1,,,,,,,0,0,2026-08-21T13:29:42.8864747+00:00
815020,medusa,MA-2026-4,138,Lots en Diversen,22295, 2154, ,1,"<P>Een gepatineerde zamac buste van Maria, gemerkt A.F aan de achterzijde. Frankrijk, 19e eeuw.</P>Condition report upon request",,50,100,,,,,,,1,34 x 21 cm. ,,True,False,"<P>Een gepatineerde zamac buste van Maria, gemerkt A.F aan de achterzijde. Frankrijk, 19e eeuw.</P>;<P>A patinated zamac bust of Mary, marked A.F on the reverse. France, 19th century.</P>;;Beelden^;;2154;34 x 21 cm. ;Sculptures^;", (-),https://lotimages.blob.core.windows.net/medusa/c2c94cb3-e408-45b4-9abb-20a5c0ac7c2e_TH.png,6,2026-09-07T17:15:45+00:00,2026-09-07T21:00:45+00:00,False,,0,0,50,1,50,1,,,,,,,0,0,2026-08-21T13:29:43.4978352+00:00
815021,medusa,MA-2026-4,138,Lots en Diversen,22514, 2155, ,1,"<P><STRONG>GEORGES CHARLES COUDRAY (1862–1944), </STRONG><EM>Bakie – Allégorie de la Nubie, </EM>Frankrijk, eind 19e / begin 20e eeuw Een imposante oriëntalistische buste in brons met gevarieerde bruin- en donkerbruin gepatineerde partijen, voorstellende een jonge vrouw als allegorische verbeelding van Nubië. Het hoofd licht geheven en naar opzij gewend, het haar hoog opgestoken en doorstoken met meerdere lange haarpennen. Om het voorhoofd draagt zij een brede, donker gepatineerde diadeem, centraal voorzien van een reliëfmedaillon met Egyptiserende motieven. Over de linkerschouder valt een geplooide draperie, contrasterend met de warmere patina van het gelaat, de hals en het ontblote bovenlichaam. Geplaatst op een architectonisch vormgegeven, getrapte sokkel, aan de voorzijde getiteld ‘BAKIE’. Gesigneerd ‘G. Coudray’ in het brons. </P>
<P>Het model behoort tot Coudrays karakteristieke oriëntalistische oeuvre, waarin hij met name vrouwelijke figuren met Egyptische en klassieke motieven verbeeldde. Coudray studeerde aan de École des Beaux-Arts in Parijs en exposeerde vanaf 1883 op de Parijse Salon.</P>",,300,600,,,,,,,1,62 x 32 cm. ,,True,False,"<P><STRONG>GEORGES CHARLES COUDRAY (1862–1944), </STRONG><EM>Bakie – Allégorie de la Nubie, </EM>Frankrijk, eind 19e / begin 20e eeuw Een imposante oriëntalistische buste in brons met gevarieerde bruin- en donkerbruin gepatineerde partijen, voorstellende een jonge vrouw als allegorische verbeelding van Nubië. Het hoofd licht geheven en naar opzij gewend, het haar hoog opgestoken en doorstoken met meerdere lange haarpennen. Om het voorhoofd draagt zij een brede, donker gepatineerde diadeem, centraal voorzien van een reliëfmedaillon met Egyptiserende motieven. Over de linkerschouder valt een geplooide draperie, contrasterend met de warmere patina van het gelaat, de hals en het ontblote bovenlichaam. Geplaatst op een architectonisch vormgegeven, getrapte sokkel, aan de voorzijde getiteld ‘BAKIE’. Gesigneerd ‘G. Coudray’ in het brons. </P>
<P>Het model behoort tot Coudrays karakteristieke oriëntalistische oeuvre, waarin hij met name vrouwelijke figuren met Egyptische en klassieke motieven verbeeldde. Coudray studeerde aan de École des Beaux-Arts in Parijs en exposeerde vanaf 1883 op de Parijse Salon.</P>;<P>GEORGES CHARLES COUDRAY (1862–1944), Bakie – Allégorie de la Nubie, France, late 19th / early 20th century An imposing Orientalist bronze bust with varied brown and dark brown patina, depicting a young woman as an allegorical representation of Nubia. Her head is raised slightly and turned to one side; her hair is pinned up high and secured with several long hairpins. Around her forehead she wears a wide, dark-patinated diadem, featuring a central relief medallion with Egyptian-style motifs. A pleated drapery falls over her left shoulder, contrasting with the warmer patina of the face, neck and bare upper body. Set on an architecturally designed, stepped plinth, inscribed ‘BAKIE’ on the front. Signed ‘G. Coudray’ in the bronze.</P>
<P><BR /></P>
<P>The sculpture belongs to Coudray’s characteristic Orientalist oeuvre, in which he primarily depicted female figures with Egyptian and classical motifs. Coudray studied at the École des Beaux-Arts in Paris and exhibited at the Paris Salon from 1883 onwards.</P>
<P><BR /></P>;;Beelden^;;2155;62 x 32 cm. ;Sculptures^;", (-),https://lotimages.blob.core.windows.net/medusa/8f00def3-d86a-4225-9afb-270f41bd760a_TH.png,5,2026-09-07T17:15:45+00:00,2026-09-07T21:00:45+00:00,False,,0,0,300,1,300,1,,,,,,,0,0,2026-08-21T13:29:44.1000954+00:00
815022,medusa,MA-2026-4,138,Lots en Diversen,22513, 2156, ,1,"<STRONG>GEORGES VAN DER STRAETEN (1856–1941),</STRONG> <EM>La Comédie, </EM>Een grote bronzen buste van een jonge vrouw, Frankrijk, circa 1890–1900 Fraai gegoten en bruin gepatineerde bronzen buste van een glimlachende jonge vrouw uit de Belle Époque. Zij is weergegeven met het hoofd licht terzijde gewend, het opgestoken haar deels omwonden met een doek en gekleed in een uitbundig geplooid gewaad met brede, sterk gemodelleerde kraag. Aan de onderzijde is de compositie verrijkt met een theatermasker en een roos, verwijzend naar de wereld van toneel en comedie. Het levendige gelaat, de elegante houding en de beweeglijke behandeling van haar en textiel zijn kenmerkend voor het oeuvre van Van der Straeten en voor de Parijse sculptuur rond 1900. Gesigneerd ‘G. van der Straeten’ aan de achterzijde en voorzien van een rond gietersmerk. Bruin gepatineerd brons. Frankrijk, Belle Époque / Art Nouveau, circa 1890–1900. Georges Van der Straeten, geboren te Gent in 1856, vestigde zich in 1883 in Parijs en ontwikkelde zich daar tot een succesvol beeldhouwer van elegante vrouwelijke figuren en karakterstukken. Zijn oeuvre bevindt zich stilistisch op het snijvlak van de laat-19e-eeuwse academische traditie en de Art Nouveau. Hij exposeerde jarenlang in Parijs en ontving een zilveren medaille op de Wereldtentoonstelling van 1900. Het Musée d’Orsay geeft zijn levensdata als 1856–1941.",,200,400,,,,,,,1,40 x 24 cm.,,True,False,"<STRONG>GEORGES VAN DER STRAETEN (1856–1941),</STRONG> <EM>La Comédie, </EM>Een grote bronzen buste van een jonge vrouw, Frankrijk, circa 1890–1900 Fraai gegoten en bruin gepatineerde bronzen buste van een glimlachende jonge vrouw uit de Belle Époque. Zij is weergegeven met het hoofd licht terzijde gewend, het opgestoken haar deels omwonden met een doek en gekleed in een uitbundig geplooid gewaad met brede, sterk gemodelleerde kraag. Aan de onderzijde is de compositie verrijkt met een theatermasker en een roos, verwijzend naar de wereld van toneel en comedie. Het levendige gelaat, de elegante houding en de beweeglijke behandeling van haar en textiel zijn kenmerkend voor het oeuvre van Van der Straeten en voor de Parijse sculptuur rond 1900. Gesigneerd ‘G. van der Straeten’ aan de achterzijde en voorzien van een rond gietersmerk. Bruin gepatineerd brons. Frankrijk, Belle Époque / Art Nouveau, circa 1890–1900. Georges Van der Straeten, geboren te Gent in 1856, vestigde zich in 1883 in Parijs en ontwikkelde zich daar tot een succesvol beeldhouwer van elegante vrouwelijke figuren en karakterstukken. Zijn oeuvre bevindt zich stilistisch op het snijvlak van de laat-19e-eeuwse academische traditie en de Art Nouveau. Hij exposeerde jarenlang in Parijs en ontving een zilveren medaille op de Wereldtentoonstelling van 1900. Het Musée d’Orsay geeft zijn levensdata als 1856–1941.;<P>GEORGES VAN DER STRAETEN (1856–1941), La Comédie, A large bronze bust of a young woman, France, circa 1890–1900 A beautifully cast bronze bust with a brown patina, depicting a smiling young woman from the Belle Époque. She is depicted with her head turned slightly to one side, her hair partly wrapped in a scarf and dressed in an exuberantly pleated gown with a wide, strongly modelled collar. At the base, the composition is enriched with a theatre mask and a rose, alluding to the world of theatre and comedy. The lively face, the elegant posture and the fluid rendering of the hair and fabric are characteristic of Van der Straeten’s oeuvre and of Parisian sculpture around 1900. Signed ‘G. van der Straeten’ on the reverse and bearing a circular foundry mark. Brown-patinated bronze. France, Belle Époque / Art Nouveau, circa 1890–1900. Georges Van der Straeten, born in Ghent in 1856, settled in Paris in 1883, where he established himself as a successful sculptor of elegant female figures and character pieces. Stylistically, his oeuvre lies at the intersection of the late 19th-century academic tradition and Art Nouveau. He exhibited in Paris for many years and was awarded a silver medal at the 1900 World’s Fair. The Musée d’Orsay gives his dates of life as 1856–1941.</P>;;Beelden^;;2156;40 x 24 cm.;Sculptures^;", (-),https://lotimages.blob.core.windows.net/medusa/1126ea40-6a98-4814-8a73-8966590aaddf_TH.png,4,2026-09-07T17:15:45+00:00,2026-09-07T21:00:45+00:00,False,,0,0,200,1,200,1,,,,,,,0,0,2026-08-21T13:29:44.6984154+00:00
815023,medusa,MA-2026-4,138,Lots en Diversen,22511, 2157, ,1,"<STRONG>Emmanuel Villanis (1858–1914),</STRONG> <EM>Diane,</EM> gepatineerd bronzen sculptuur, gesgineerd en voorzien van gietersstempel ‘Société des Bronzes de Paris’ en genummerd ‘9380’.Condition report upon request",,200,400,,,,,,,1,40 x 22 cm.,,True,False,"<STRONG>Emmanuel Villanis (1858–1914),</STRONG> <EM>Diane,</EM> gepatineerd bronzen sculptuur, gesgineerd en voorzien van gietersstempel ‘Société des Bronzes de Paris’ en genummerd ‘9380’.;<STRONG>Emmanuel Villanis (1858–1914),</STRONG> <EM>Diane,</EM> patinated bronze sculpture, signed and provided with a foundry stamp 'Société des Bronzes de Paris' and numbered '9380'.;;Beelden^;;2157;40 x 22 cm.;Sculptures^;", (-),https://lotimages.blob.core.windows.net/medusa/6d8d5d5f-2553-414d-b03b-b0d86deb924a_TH.png,5,2026-09-07T17:15:45+00:00,2026-09-07T21:00:45+00:00,False,,0,0,200,1,200,1,,,,,,,0,0,2026-08-21T13:29:45.309836+00:00
815024,medusa,MA-2026-4,138,Lots en Diversen,22510, 2158, ,1,"<STRONG>FRANSE SCHOOL, CIRCA 1900, </STRONG><EM>Een fraai gepatineerde bronzen buste van een jonge vrouw in historiserend kostuum</EM> Een fijn gemodelleerde bronzen buste van een jonge vrouw, ten halven lijve weergegeven en gekleed in een rijk uitgewerkt, historiserend gewaad. Het jeugdige gelaat met grote, naar voren gerichte ogen en gesloten mond wordt omlijst door kort, golvend haar, deels bedekt door een kap of hoofddoek. Het kostuum is rijk gedetailleerd met geplooide en geornamenteerde mouwen, brede banden over het lijf en een centraal reliëfdecor. Aan de voorzijde hangt een rond medaillon. De sterk gemodelleerde plooien en ornamenten vormen een fraai contrast met de gladder uitgewerkte huidpartijen van gelaat en hals. Uitgevoerd in brons met een warme, genuanceerde rood- tot donkerbruine patina, plaatselijk met lichtere gebruikspatina. Voorzien van een ingekraste, deels moeilijk leesbare signatuur in het brons. Frankrijk, eind 19e / begin 20e eeuw, circa 1890–1910.",,150,350,,,,,,,1,"38,5 x 34 cm.",,True,False,"<STRONG>FRANSE SCHOOL, CIRCA 1900, </STRONG><EM>Een fraai gepatineerde bronzen buste van een jonge vrouw in historiserend kostuum</EM> Een fijn gemodelleerde bronzen buste van een jonge vrouw, ten halven lijve weergegeven en gekleed in een rijk uitgewerkt, historiserend gewaad. Het jeugdige gelaat met grote, naar voren gerichte ogen en gesloten mond wordt omlijst door kort, golvend haar, deels bedekt door een kap of hoofddoek. Het kostuum is rijk gedetailleerd met geplooide en geornamenteerde mouwen, brede banden over het lijf en een centraal reliëfdecor. Aan de voorzijde hangt een rond medaillon. De sterk gemodelleerde plooien en ornamenten vormen een fraai contrast met de gladder uitgewerkte huidpartijen van gelaat en hals. Uitgevoerd in brons met een warme, genuanceerde rood- tot donkerbruine patina, plaatselijk met lichtere gebruikspatina. Voorzien van een ingekraste, deels moeilijk leesbare signatuur in het brons. Frankrijk, eind 19e / begin 20e eeuw, circa 1890–1910.;<P>FRENCH SCHOOL, CIRCA 1900, A beautifully patinated bronze bust of a young woman in a historical costume A finely modelled bronze bust of a young woman, depicted in half-length and dressed in a richly detailed, historical gown. The youthful face, with large, forward-looking eyes and a closed mouth, is framed by short, wavy hair, partly covered by a hood or headscarf. The costume is richly detailed with pleated and ornamented sleeves, wide bands across the bodice and a central relief decoration. A round medallion hangs at the front. The strongly modelled folds and ornaments form a striking contrast with the smoother rendered skin areas of the face and neck. Cast in bronze with a warm, nuanced red to dark brown patina, with lighter patina from wear in places. Bears an incised signature in the bronze, which is partly difficult to read. France, late 19th / early 20th century, circa 1890–1910.</P>;;Beelden^;;2158;38,5 x 34 cm.;Sculptures^;", (-),https://lotimages.blob.core.windows.net/medusa/b8c2ef3b-d3af-4f31-8da3-7abe25967654_TH.png,5,2026-09-07T17:15:45+00:00,2026-09-07T21:00:45+00:00,False,,0,0,150,1,150,1,,,,,,,0,0,2026-08-21T13:29:45.8956113+00:00
815025,medusa,MA-2026-4,138,Lots en Diversen,22493, 2159, ,1,"<STRONG>EUGÈNE MARIOTON (1857–1933)</STRONG> <EM>Mater Dolorosa, </EM>Frankrijk, eind 19e eeuw Een fraai gegoten en warm bruin gepatineerde bronzen buste van de Maagd Maria als Mater Dolorosa, de Moeder van Smarten. Maria is weergegeven met het hoofd licht geheven en een ingetogen, melancholische gelaatsuitdrukking, de ogen enigszins opwaarts gericht en de lippen gesloten. Het hoofd en de schouders worden omsloten door een zwaar gedrapeerde sluier, waarvan de vloeiende plooien het gelaat omlijsten en aan weerszijden enkele golvende haarlokken vrijlaten. De sobere, monumentale behandeling van het gewaad vormt een sterk contrast met de fijn gemodelleerde gelaatstrekken en versterkt het contemplatieve karakter van de voorstelling. Geplaatst op een integraal gegoten, getrapte rechthoekige sokkel. Gesigneerd ‘E. Marioton’ in het brons en aan de achterzijde voorzien van het ingeslagen model-/gietnummer ‘7283’. Frankrijk, circa 1890–1900.",,100,300,,,,,,,1,"24 x 14 cm,",,True,False,"<STRONG>EUGÈNE MARIOTON (1857–1933)</STRONG> <EM>Mater Dolorosa, </EM>Frankrijk, eind 19e eeuw Een fraai gegoten en warm bruin gepatineerde bronzen buste van de Maagd Maria als Mater Dolorosa, de Moeder van Smarten. Maria is weergegeven met het hoofd licht geheven en een ingetogen, melancholische gelaatsuitdrukking, de ogen enigszins opwaarts gericht en de lippen gesloten. Het hoofd en de schouders worden omsloten door een zwaar gedrapeerde sluier, waarvan de vloeiende plooien het gelaat omlijsten en aan weerszijden enkele golvende haarlokken vrijlaten. De sobere, monumentale behandeling van het gewaad vormt een sterk contrast met de fijn gemodelleerde gelaatstrekken en versterkt het contemplatieve karakter van de voorstelling. Geplaatst op een integraal gegoten, getrapte rechthoekige sokkel. Gesigneerd ‘E. Marioton’ in het brons en aan de achterzijde voorzien van het ingeslagen model-/gietnummer ‘7283’. Frankrijk, circa 1890–1900.;<SPAN>
<P>EUGÈNE MARIOTON (1857–1933) Mater Dolorosa, France, late 19th century A beautifully cast bronze bust with a warm brown patina, depicting the Virgin Mary as Mater Dolorosa, the Sorrowful Mother. Mary is depicted with her head raised slightly and a subdued, melancholic expression, her eyes turned slightly upwards and her lips closed. Her head and shoulders are enveloped by a heavily draped veil, the flowing folds of which frame her face and leave a few wavy locks of hair visible on either side. The austere, monumental treatment of the robe forms a stark contrast to the finely modelled facial features and reinforces the contemplative nature of the depiction. Set on a solidly cast, stepped rectangular plinth. Signed ‘E. Marioton’ in the bronze and bearing the stamped model/cast number ‘7283’ on the reverse. France, circa 1890–1900.</P></SPAN>;;Beelden^;;2159;24 x 14 cm,;Sculptures^;", (-),https://lotimages.blob.core.windows.net/medusa/085cd855-7702-4b84-bcee-e9e8cf0ef86e_TH.png,6,2026-09-07T17:15:45+00:00,2026-09-07T21:00:45+00:00,False,,0,0,100,1,100,1,,,,,,,0,0,2026-08-21T13:29:46.5541681+00:00
815026,medusa,MA-2026-4,138,Lots en Diversen,22492, 2160, ,1,"<STRONG>Jean-Baptiste Auguste Clésinger (1814–1883),</STRONG> <EM>Tête de Christ, Christ aux outrages</EM>, gepatineerd bronzen sculptuur, gesigneerd en gedateerd ‘Jean-Baptiste Auguste Clésinger, Rome 1858’, gegoten door Ferdinand Barbedienne, voorzien van gietersstempel en stempel ‘Réduction Mécanique A. Collas’. een bronzen reductie naar een eigen model van Jean-Baptiste Auguste Clésinger. Clésinger maakte dit type Christushoofd in Rome in 1858; daarom dragen exemplaren de aanduiding “J. Clésinger, Rome 1858”. Het oorspronkelijke model werd in marmer uitgevoerd en het jaar daarop op de Salon van 1859 getoond. Barbedienne bracht het daarna in meerdere formaten in brons uit.",,100,300,,,,,,,1,13 x 9 cm.,,True,False,"<STRONG>Jean-Baptiste Auguste Clésinger (1814–1883),</STRONG> <EM>Tête de Christ, Christ aux outrages</EM>, gepatineerd bronzen sculptuur, gesigneerd en gedateerd ‘Jean-Baptiste Auguste Clésinger, Rome 1858’, gegoten door Ferdinand Barbedienne, voorzien van gietersstempel en stempel ‘Réduction Mécanique A. Collas’. een bronzen reductie naar een eigen model van Jean-Baptiste Auguste Clésinger. Clésinger maakte dit type Christushoofd in Rome in 1858; daarom dragen exemplaren de aanduiding “J. Clésinger, Rome 1858”. Het oorspronkelijke model werd in marmer uitgevoerd en het jaar daarop op de Salon van 1859 getoond. Barbedienne bracht het daarna in meerdere formaten in brons uit.;<SPAN>
<P>Jean-Baptiste Auguste Clésinger (1814–1883), *Tête de Christ*, *Christ aux outrages*, patinated bronze sculpture, signed and dated ‘Jean-Baptiste Auguste Clésinger, Rome 1858’, cast by Ferdinand Barbedienne, bearing the foundry mark and the stamp ‘Réduction Mécanique A. Collas’. A bronze reduction based on a model by Jean-Baptiste Auguste Clésinger himself. Clésinger created this type of Christ’s head in Rome in 1858; hence, examples bear the inscription ‘J. Clésinger, Rome 1858’. The original model was executed in marble and exhibited the following year at the 1859 Salon. Barbedienne subsequently produced it in bronze in several sizes.</P></SPAN>;;Beelden^;;2160;13 x 9 cm.;Sculptures^;", (-),https://lotimages.blob.core.windows.net/medusa/36f1c504-8cd2-4593-ba99-f3c218e48f5b_TH.png,6,2026-09-07T17:15:45+00:00,2026-09-07T21:00:45+00:00,False,,0,0,100,1,100,1,,,,,,,0,0,2026-08-21T13:29:47.1720463+00:00
815027,medusa,MA-2026-4,138,Lots en Diversen,22364, 2161, ,1,"Een gepatineerd bronzen tafelbel, voorstellende twee liggende dieren, op crèmekleurige marmeren sokkel. Circa 1900.Condition report upon request",,30,60,,,,,,,1,"11 x 4,5 cm.",,True,False,"Een gepatineerd bronzen tafelbel, voorstellende twee liggende dieren, op crèmekleurige marmeren sokkel. Circa 1900.;A patinated bronze table bell, depicting two reclining animals, on a cream-colored marble base. Circa 1900.;;Diversen^;;2161;11 x 4,5 cm.;Miscellaneous^;", (-),https://lotimages.blob.core.windows.net/medusa/770f9a0c-bea6-44c6-b711-5b622eed6d39_TH.png,3,2026-09-07T17:15:45+00:00,2026-09-07T21:00:45+00:00,False,,0,0,30,1,30,1,,,,,,,0,0,2026-08-21T13:29:47.751537+00:00
815028,medusa,MA-2026-4,138,Lots en Diversen,22405, 2162, ,1,Een lot bestaande uit een bronzen sculptuur van Hermes en een lampje in de vorm van een zeehond.Condition report upon request,,30,60,,,,,,,2,H. 24 - 57 cm.,,True,False,Een lot bestaande uit een bronzen sculptuur van Hermes en een lampje in de vorm van een zeehond.;A lot consisting of a bronze sculpture of Hermes and a lamp in the shape of a seal.;;Diversen^;;2162;H. 24 - 57 cm.;Miscellaneous^;, (-),https://lotimages.blob.core.windows.net/medusa/3ea2e66d-1471-4607-ada8-d970c6ee8b32_TH.png,6,2026-09-07T17:15:45+00:00,2026-09-07T21:00:45+00:00,False,,0,0,30,1,30,1,,,,,,,0,0,2026-08-21T13:29:48.3526275+00:00
815029,medusa,MA-2026-4,138,Lots en Diversen,22568, 2163, ,1,"Twee antieke metalen sculpturen, voorstellende de verschijning van Onze-Lieve-Vrouw van Lourdes.Condition report upon request",,40,80,,,,,,,1,H. 38 - 40 cm.,,True,False,"Twee antieke metalen sculpturen, voorstellende de verschijning van Onze-Lieve-Vrouw van Lourdes.;Two antique metal sculptures, depicting the apparition of Our Lady of Lourdes.;;Diversen^;Ikonen^;;2163;H. 38 - 40 cm.;Miscellaneous^;Icons^;", (-),https://lotimages.blob.core.windows.net/medusa/14208a88-25e5-4f4d-8c02-74e073a2d710_TH.png,6,2026-09-07T17:15:45+00:00,2026-09-07T21:00:45+00:00,False,,0,0,40,1,40,1,,,,,,,0,0,2026-08-21T13:29:48.9404778+00:00
815030,medusa,MA-2026-4,138,Lots en Diversen,22593, 2164, ,1,"Een lot decoratieve bronzen en koperen objecten, bestaande uit twee koperen kraanvogels op marmeren voet, een bronzen pijpenhouder in de vorm van een putto en een bronzen kikker op stenen voet.Condition report upon request",,30,60,,,,,,,4,H. 9 - 19 cm.,,True,False,"Een lot decoratieve bronzen en koperen objecten, bestaande uit twee koperen kraanvogels op marmeren voet, een bronzen pijpenhouder in de vorm van een putto en een bronzen kikker op stenen voet.;A lot of decorative bronze and copper objects, consisting of two copper cranes on marble bases, a bronze pipe holder in the shape of a putto, and a bronze frog on a stone base.;;Diversen^;;2164;H. 9 - 19 cm.;Miscellaneous^;", (-),https://lotimages.blob.core.windows.net/medusa/cf28b458-a565-46be-9ad2-b0f346d1fea4_TH.png,3,2026-09-07T17:15:45+00:00,2026-09-07T21:00:45+00:00,False,,0,0,30,1,30,1,,,,,,,0,0,2026-08-21T13:29:49.5387662+00:00
815031,medusa,MA-2026-4,138,Lots en Diversen,22578, 2165, ,1,"Een zeer gedetailleerd houten sculptuur van Jezus in Getsemane, geplaatst op een rijk gestoken voet. Zwarte Woud, Duitsland, 19e eeuw.Condition report upon request",,50,150,,,,,,,1,18 x 11 cm.,,True,False,"Een zeer gedetailleerd houten sculptuur van Jezus in Getsemane, geplaatst op een rijk gestoken voet. Zwarte Woud, Duitsland, 19e eeuw.;A very detailed wooden sculpture of Jesus in Gethsemane, placed on a richly carved base. Black Forest, Germany, 19th century.;;Beelden^;Diversen^;;2165;18 x 11 cm.;Sculptures^;Miscellaneous^;", (-),https://lotimages.blob.core.windows.net/medusa/66210757-f0b7-49b1-ac09-a19662824d99_TH.png,4,2026-09-07T17:15:45+00:00,2026-09-07T21:00:45+00:00,False,,0,0,50,1,50,1,,,,,,,0,0,2026-08-21T13:29:50.1195077+00:00
815032,medusa,MA-2026-4,138,Lots en Diversen,22494, 2166, ,1,"<STRONG>Léopold Noppius (1834–1906),</STRONG> <EM>John Cockerill</EM>, gepatineerd bronzen sculptuur op groenmarmeren, gesigneerd en gedateerd ‘1898’. Voorzien van inscriptie: ‘La Société Cockerill à son représentant en Hollande, Mr Sluyterman, 1902–1927’.Condition report upon request",,200,600,,,,,,,1,H. 52 cm.,,True,False,"<STRONG>Léopold Noppius (1834–1906),</STRONG> <EM>John Cockerill</EM>, gepatineerd bronzen sculptuur op groenmarmeren, gesigneerd en gedateerd ‘1898’. Voorzien van inscriptie: ‘La Société Cockerill à son représentant en Hollande, Mr Sluyterman, 1902–1927’.;<STRONG>Léopold Noppius (1834–1906),</STRONG> <EM>John Cockerill</EM>, patinated bronze sculpture on green marble, signed and dated ‘1898’. Inscribed: ‘La Société Cockerill à son représentant en Hollande, Mr Sluyterman, 1902–1927’.;;Beelden^;;2166;H. 52 cm.;Sculptures^;", (-),https://lotimages.blob.core.windows.net/medusa/2097870e-0033-409c-96cd-a897a88981a9_TH.png,5,2026-09-07T17:15:45+00:00,2026-09-07T21:00:45+00:00,False,,0,0,200,1,200,1,,,,,,,0,0,2026-08-21T13:29:50.7224404+00:00
815033,medusa,MA-2026-4,138,Lots en Diversen,22512, 2167, ,1,"<EM>Apollo,</EM> gepatineerd bronzen sculptuur, aan de achterzijde gemerkt ‘Société des Bronzes’ en voorzien van monogram ‘S.B.’ met kroon.Condition report upon request",,80,120,,,,,,,1,25 x 15 cm.,,True,False,"<EM>Apollo,</EM> gepatineerd bronzen sculptuur, aan de achterzijde gemerkt ‘Société des Bronzes’ en voorzien van monogram ‘S.B.’ met kroon.;<EM>Apollo,</EM> patinated bronze sculpture, marked ‘Société des Bronzes’ on the reverse and bearing the monogram ‘S.B.’ with a crown.;;Beelden^;;2167;25 x 15 cm.;Sculptures^;", (-),https://lotimages.blob.core.windows.net/medusa/489bd230-480a-4a10-893e-16a6e1405f94_TH.png,5,2026-09-07T17:15:45+00:00,2026-09-07T21:00:45+00:00,False,,0,0,80,1,80,1,,,,,,,0,0,2026-08-21T13:29:51.3454359+00:00
815034,medusa,MA-2026-4,138,Lots en Diversen,22390, 2168, ,1,"Een albasten figuur van Dante Alighieri, eind 19e eeuw. Met beschadigingen aan de lauwerkrans.Condition report upon request",,100,300,,,,,,,1,30 x 30 cm.,,True,False,"Een albasten figuur van Dante Alighieri, eind 19e eeuw. Met beschadigingen aan de lauwerkrans.;An alabaster figure of Dante Alighieri, late 19th century. With damage to the laurel wreath.;;Beelden^;;2168;30 x 30 cm.;Sculptures^;", (-),https://lotimages.blob.core.windows.net/medusa/20ed7ba6-3ba4-417b-983c-9430230324bd_TH.png,4,2026-09-07T17:15:45+00:00,2026-09-07T21:00:45+00:00,False,,0,0,100,1,100,1,,,,,,,0,0,2026-08-21T13:29:51.9370087+00:00
815035,medusa,MA-2026-4,138,Lots en Diversen,22650, 2169, ,1,Een grote Italiaanse&nbsp;marmeren damesbuste op dito voet. Eind 19e eeuw. Beschadiging aan vlinders op schouder.Condition report upon request,,300,900,,,,,,,1,63 x 43 cm.,,True,False,Een grote Italiaanse&nbsp;marmeren damesbuste op dito voet. Eind 19e eeuw. Beschadiging aan vlinders op schouder.;A large Italian marble lady's bust on a matching base. Late 19th century. Damage to the butterflies on the shoulder.;;Beelden^;;2169;63 x 43 cm.;Sculptures^;, (-),https://lotimages.blob.core.windows.net/medusa/f4fc542e-5a36-4a48-8f01-ae4beff59c73_TH.png,4,2026-09-07T17:15:45+00:00,2026-09-07T21:00:45+00:00,False,,0,0,300,1,300,1,,,,,,,0,0,2026-08-21T13:29:52.524445+00:00
815036,medusa,MA-2026-4,138,Lots en Diversen,22520, 2170, ,1,"<P><STRONG>JAN VAN CEULEN DE JONGE (1677–1750), THE HAGUE</STRONG></P>
<P><BR /></P>
<P>An important standing clock from The Hague in burl walnut, circa 1720–1730. The case, with its particularly slender proportions, is crafted from walnut and beautifully grained burl walnut; the tall door features an oval viewing window and is flanked by moulded stiles. The cap features twisted columns and richly openwork-cut vine friezes, crowned by three gilded spherical ornaments. The square brass dial features richly embossed and gilded corner ornaments, with a silver-plated numeral ring bearing Roman hour markers and Arabic minute divisions. It has finely crafted central hands, a separate seconds hand beneath XII, a date window above VI and a moon phase indicator. Signed ‘J. van Ceule’, The Hague. The eight-day weight-driven movement with striking mechanism on a bell. The movement is in good working order and runs very well. The Hague, circa 1720–1730. Provenance: purchased from Hans Kreft at PAN Amsterdam.</P>
<P><BR /></P>
<P>Jan van Ceulen the Younger is also well represented in museums: the Rijksmuseum owns a richly decorated table clock by him from circa 1700–1725, whilst the Historical Museum of The Hague lists a standing watch by J. van Ceule le Jeune as one of the key pieces in its clock collection.</P>
<P><BR /></P>",,3500,5500,,,,,,,1,H. 225 cm.,,True,False,"<P><STRONG>JAN VAN CEULEN DE JONGE (1677–1750), THE HAGUE</STRONG></P>
<P><BR /></P>
<P>An important standing clock from The Hague in burl walnut, circa 1720–1730. The case, with its particularly slender proportions, is crafted from walnut and beautifully grained burl walnut; the tall door features an oval viewing window and is flanked by moulded stiles. The cap features twisted columns and richly openwork-cut vine friezes, crowned by three gilded spherical ornaments. The square brass dial features richly embossed and gilded corner ornaments, with a silver-plated numeral ring bearing Roman hour markers and Arabic minute divisions. It has finely crafted central hands, a separate seconds hand beneath XII, a date window above VI and a moon phase indicator. Signed ‘J. van Ceule’, The Hague. The eight-day weight-driven movement with striking mechanism on a bell. The movement is in good working order and runs very well. The Hague, circa 1720–1730. Provenance: purchased from Hans Kreft at PAN Amsterdam.</P>
<P><BR /></P>
<P>Jan van Ceulen the Younger is also well represented in museums: the Rijksmuseum owns a richly decorated table clock by him from circa 1700–1725, whilst the Historical Museum of The Hague lists a standing watch by J. van Ceule le Jeune as one of the key pieces in its clock collection.</P>
<P><BR /></P>;<P>JAN VAN CEULEN DE JONGE (1677–1750), THE HAGUE</P>
<P>An important standing clock from The Hague in burl walnut, circa 1720–1730. The case, with its particularly slender proportions, is crafted from walnut and beautifully grained burl walnut; the tall door features an oval viewing window and is flanked by moulded stiles. The cap features twisted columns and richly openwork-cut vine friezes, crowned by three gilded spherical ornaments. The square brass dial features richly embossed and gilded corner ornaments, with a silver-plated numeral ring bearing Roman hour markers and Arabic minute divisions. It has finely crafted central hands, a separate seconds hand beneath XII, a date window above VI and a moon phase indicator. Signed ‘J. van Ceule’, The Hague. The eight-day weight-driven movement with striking mechanism on a bell. The movement is in good working order and runs very well. The Hague, circa 1720–1730. Provenance: purchased from Hans Kreft at PAN Amsterdam.</P>
<P>Jan van Ceulen the Younger is also well represented in museums: the Rijksmuseum owns a richly decorated table clock by him from circa 1700–1725, whilst the Historical Museum of The Hague lists a standing watch by J. van Ceule le Jeune as one of the key pieces in its clock collection.</P>
<P></P>;;Klokken en Barometers^;;2170;H. 225 cm.;Clocks en Barometers^;", (-),https://lotimages.blob.core.windows.net/medusa/dc583f6a-6e3a-4a88-900b-d0f9301b148d_TH.png,6,2026-09-07T17:15:45+00:00,2026-09-07T21:00:45+00:00,False,,0,0,3500,1,4800,1,,,,,,,0,0,2026-08-21T13:29:53.0944517+00:00
815037,medusa,MA-2026-4,138,Lots en Diversen,22521, 2171, ,1,"Een 18e-eeuws Amsterdams staand horloge, voorzien van een uurwerk gesigneerd ‘A. Vermeulen, Amsterdam’, mogelijk Andries Vermeulen (ca. 1680–1752). Uitgevoerd als klassieke Nederlandse staande klok met monumentale kast en karakteristiek 18e-eeuws uurwerk. Amsterdam, eerste helft 18e eeuw.Condition report upon request",,3500,5500,,,,,,,1,H. 265 cm.,,True,False,"Een 18e-eeuws Amsterdams staand horloge, voorzien van een uurwerk gesigneerd ‘A. Vermeulen, Amsterdam’, mogelijk Andries Vermeulen (ca. 1680–1752). Uitgevoerd als klassieke Nederlandse staande klok met monumentale kast en karakteristiek 18e-eeuws uurwerk. Amsterdam, eerste helft 18e eeuw.;An 18th-century Amsterdam grandfather clock, fitted with a movement signed ‘A. Vermeulen, Amsterdam’, possibly Andries Vermeulen (c. 1680–1752). Executed as a classic Dutch grandfather clock with a monumental case and characteristic 18th-century movement. Amsterdam, first half of the 18th century.;;Klokken en Barometers^;;2171;H. 265 cm.;Clocks en Barometers^;", (-),https://lotimages.blob.core.windows.net/medusa/f1a0e3fa-94d2-4dca-8571-4c0957752355_TH.png,5,2026-09-07T17:15:45+00:00,2026-09-07T21:00:45+00:00,False,,0,0,3500,1,4800,1,,,,,,,0,0,2026-08-21T13:29:53.6629676+00:00
815038,medusa,MA-2026-4,138,Lots en Diversen,22604, 2172, ,1,"Een 18e-eeuws Amsterdams staand horloge, gesigneerd Paulus Bramer, Amsterdam, voorzien van een rijk uitgevoerde wortelnoten gefineerde kast met geprofileerde lijsten en messing beslag. De verzilverde en vergulde wijzerplaat met Romeinse en Arabische cijfers is voorzien van een secondewijzer, dagaanduiding, datumaanduiding en maanstand. Onder de wijzerplaat bevindt zich een polychroom beschilderd tableau met allegorische vrouwenfiguren. Nederland, 18e eeuw.Condition report upon request",,1000,3000,,,,,,,1,H. 260 cm.,,True,False,"Een 18e-eeuws Amsterdams staand horloge, gesigneerd Paulus Bramer, Amsterdam, voorzien van een rijk uitgevoerde wortelnoten gefineerde kast met geprofileerde lijsten en messing beslag. De verzilverde en vergulde wijzerplaat met Romeinse en Arabische cijfers is voorzien van een secondewijzer, dagaanduiding, datumaanduiding en maanstand. Onder de wijzerplaat bevindt zich een polychroom beschilderd tableau met allegorische vrouwenfiguren. Nederland, 18e eeuw.;An 18th-century Amsterdam grandfather clock, signed Paulus Bramer, Amsterdam, featuring a richly executed burr walnut veneered case with profiled moldings and brass fittings. The silver-plated and gold-plated dial with Roman and Arabic numerals features a seconds hand, day indicator, date indicator, and moon phase indicator. Below the dial is a polychrome painted tableau with allegorical female figures. The Netherlands, 18th century.;;Klokken en Barometers^;;2172;H. 260 cm.;Clocks en Barometers^;", (-),https://lotimages.blob.core.windows.net/medusa/27f564ad-c597-4dba-83e5-7bc663199260_TH.png,5,2026-09-07T17:15:45+00:00,2026-09-07T21:00:45+00:00,False,,0,0,1000,1,1000,1,,,,,,,0,0,2026-08-21T13:29:54.2439218+00:00
815039,medusa,MA-2026-4,138,Lots en Diversen,22292, 2173, ,1,"Franse klompendule in zwart houten kast, geplaatst onder een glazen stolp. Midden 19e eeuw. Niet getest op werking.Condition report upon request",,100,200,,,,,,,1,65 x 30 cm.,,True,False,"Franse klompendule in zwart houten kast, geplaatst onder een glazen stolp. Midden 19e eeuw. Niet getest op werking.;French clog pendulum clock in a black wooden case, placed under a glass dome. Mid-19th century. Not tested for functionality.;;Klokken en Barometers^;;2173;65 x 30 cm.;Clocks en Barometers^;", (-),https://lotimages.blob.core.windows.net/medusa/6c34bc2f-122b-4480-a191-c0fad520e4f4_TH.png,2,2026-09-07T17:15:45+00:00,2026-09-07T21:00:45+00:00,False,,0,0,100,1,100,1,,,,,,,0,0,2026-08-21T13:29:54.3238962+00:00
815040,medusa,MA-2026-4,138,Lots en Diversen,22296, 2174, ,1,"Driedelige schouwgarnituur van zamak, bestaande uit een klok en twee zijstukken in de vorm van paarden met ruiters. Beschadiging aan de zijkant van de klok.Condition report upon request",,50,100,,,,,,,3,,,True,False,"Driedelige schouwgarnituur van zamak, bestaande uit een klok en twee zijstukken in de vorm van paarden met ruiters. Beschadiging aan de zijkant van de klok.;Three-piece mantel set made of zamak, consisting of a clock and two side pieces in the shape of horses with riders. Damage to the side of the clock.;;Klokken en Barometers^;;2174;;Clocks en Barometers^;", (-),https://lotimages.blob.core.windows.net/medusa/664d7cc8-f8a1-47d3-9124-1b3dc9fa2f29_TH.png,7,2026-09-07T17:15:45+00:00,2026-09-07T21:00:45+00:00,False,,0,0,50,1,50,1,,,,,,,0,0,2026-08-21T13:29:54.9366006+00:00
815041,medusa,MA-2026-4,138,Lots en Diversen,22654, 2175, ,1,"Een rijkbeschilderde Friese-staartklok, voorzien van drie Hollandse tafferelen aan de onderzijde.Condition report upon request",,50,150,,,,,,,1,H. 140 cm.,,True,False,"Een rijkbeschilderde Friese-staartklok, voorzien van drie Hollandse tafferelen aan de onderzijde.;A richly painted Frisian longcase clock, featuring three Dutch scenes at the bottom.;;Klokken en Barometers^;;2175;H. 140 cm.;Clocks en Barometers^;", (-),https://lotimages.blob.core.windows.net/medusa/33cb10a9-2c8f-4ff7-8837-f0ebbdc101d3_TH.png,5,2026-09-07T17:15:45+00:00,2026-09-07T21:00:45+00:00,False,,0,0,50,1,50,1,,,,,,,0,0,2026-08-21T13:29:55.5204767+00:00
815042,medusa,MA-2026-4,138,Lots en Diversen,22517, 2176, ,1,"Een groot gepatineerd bronzen beeld van een putto met fluit, zittend op een zuil. Eind 20e eeuw.Condition report upon request",,100,300,,,,,,,1,H. 107 cm.,,True,False,"Een groot gepatineerd bronzen beeld van een putto met fluit, zittend op een zuil. Eind 20e eeuw.;A large patinated bronze statue of a putto with a flute, seated on a column. Late 20th century.;;Beelden^;;2176;H. 107 cm.;Sculptures^;", (-),https://lotimages.blob.core.windows.net/medusa/75095b37-2a7e-420f-9496-69319baecd11_TH.png,3,2026-09-07T17:15:45+00:00,2026-09-07T21:00:45+00:00,False,,0,0,100,1,100,1,,,,,,,0,0,2026-08-21T13:29:56.1617156+00:00
815043,medusa,MA-2026-4,138,Lots en Diversen,22518, 2177, ,1,Een groot bruin geschilderd gipsen reliëf in neoclassicistische stijl.Condition report upon request,,40,80,,,,,,,1,92 x 72 cm.,,True,False,Een groot bruin geschilderd gipsen reliëf in neoclassicistische stijl.;A large brown-painted plaster relief in neoclassical style.;;Diversen^;;2177;92 x 72 cm.;Miscellaneous^;, (-),https://lotimages.blob.core.windows.net/medusa/007b1fba-2379-44d4-8432-d6af53aecba5_TH.png,1,2026-09-07T17:15:45+00:00,2026-09-07T21:00:45+00:00,False,,0,0,40,1,40,1,,,,,,,0,0,2026-08-21T13:29:56.7621131+00:00
815044,medusa,MA-2026-4,138,Lots en Diversen,21984, 2178, ,1,"Friese staartklok met handgeschilderde wijzerplaat, voorzien van Famafiguren op de kap, Nederland, 19e eeuw.Condition report upon request",,30,60,,,,,,,1,,,True,False,"Friese staartklok met handgeschilderde wijzerplaat, voorzien van Famafiguren op de kap, Nederland, 19e eeuw.;Frisian longcase clock with hand-painted dial, featuring Fama figures on the hood, Netherlands, 19th century.;;Klokken en Barometers^;;2178;;Clocks en Barometers^;", (-),https://lotimages.blob.core.windows.net/medusa/27c0b2ba-1e2a-4d2b-a471-647d9b2f6817_TH.png,2,2026-09-07T17:15:45+00:00,2026-09-07T21:00:45+00:00,False,,0,0,30,1,30,1,,,,,,,0,0,2026-08-21T13:29:57.3560273+00:00
815045,medusa,MA-2026-4,138,Lots en Diversen,22559, 2179, ,1,"Een lot taxidermie, bestaande uit een hertenkop, een roofvogel en een fazant.Condition report upon request",,30,60,,,,,,,3,,,True,False,"Een lot taxidermie, bestaande uit een hertenkop, een roofvogel en een fazant.;A lot of taxidermy, consisting of a deer head, a bird of prey, and a pheasant.;;Diversen^;;2179;;Miscellaneous^;", (-),https://lotimages.blob.core.windows.net/medusa/e5b3441b-912f-4d38-90f7-95f2debdc1b3_TH.png,4,2026-09-07T17:15:45+00:00,2026-09-07T21:00:45+00:00,False,,0,0,30,1,30,1,,,,,,,0,0,2026-08-21T13:29:57.9437433+00:00
815046,medusa,MA-2026-4,138,Lots en Diversen,19981, 2180, ,1,"Louis XVI-staand horloge in eikenhout, gesigneerd: ‘Martin à Huy’, Zuid-Nederland, circa 1780-90.Condition report upon request",,30,60,,,,,,,1,H. 225 cm.,,True,False,"Louis XVI-staand horloge in eikenhout, gesigneerd: ‘Martin à Huy’, Zuid-Nederland, circa 1780-90.;Louis XVI grandfather clock in oak, signed: ‘Martin à Huy’, South Netherlands, circa 1780-90.;;Klokken en Barometers^;;2180;H. 225 cm.;Clocks en Barometers^;", (-),https://lotimages.blob.core.windows.net/medusa/4dc478f0-27c1-42e8-b795-c397989097cf_TH.png,3,2026-09-07T17:15:45+00:00,2026-09-07T21:00:45+00:00,False,,0,0,30,1,30,1,,,,,,,0,0,2026-08-21T13:29:58.5559041+00:00
815048,medusa,MA-2026-4,138,Lots en Diversen,22560, 2182, ,1,"Een Louis XV-stijl staand horloge, voorzien van drie gewichten en speelwerk met diverse melodieën, wijzerplaat gemerkt ‘Hertz’.Condition report upon request",,300,900,,,,,,,1,H. 220 cm,,True,False,"Een Louis XV-stijl staand horloge, voorzien van drie gewichten en speelwerk met diverse melodieën, wijzerplaat gemerkt ‘Hertz’.;A Louis XV-style grandfather clock, fitted with three weights and a musical mechanism with various melodies, dial marked ‘Hertz’.;;Klokken en Barometers^;;2182;H. 220 cm;Clocks en Barometers^;", (-),https://lotimages.blob.core.windows.net/medusa/cf6490d0-043c-4de1-83ba-ff21614eff0b_TH.png,2,2026-09-07T17:15:45+00:00,2026-09-07T21:00:45+00:00,False,,0,0,300,1,300,1,,,,,,,0,0,2026-08-21T13:29:59.7346566+00:00
815049,medusa,MA-2026-4,138,Lots en Diversen,22570, 2183, ,1,"Een laat 19e-eeuwse Zwitserse Timbres en Vue cilinder-muziekdoos, zogenoemd “3 Bells in Sight”, spelend acht melodieën zoals vermeld op het oorspronkelijke melodieblad aan de binnenzijde van het deksel. Het cilindermechaniek, de bellen en het speelwerk bevinden zich onder een glazen paneel, gevat in een houten kast.Condition report upon request",,200,600,,,,,,,1,22 x 42 x 22 cm.,,True,False,"Een laat 19e-eeuwse Zwitserse Timbres en Vue cilinder-muziekdoos, zogenoemd “3 Bells in Sight”, spelend acht melodieën zoals vermeld op het oorspronkelijke melodieblad aan de binnenzijde van het deksel. Het cilindermechaniek, de bellen en het speelwerk bevinden zich onder een glazen paneel, gevat in een houten kast.;A late 19th-century Swiss Timbres en Vue cylinder music box, known as “3 Bells in Sight”, playing eight melodies as listed on the original melody sheet on the inside of the lid. The cylinder mechanism, the bells, and the playing mechanism are located under a glass panel, set in a wooden case.;;Diversen^;Muziekinstrumenten^;;2183;22 x 42 x 22 cm.;Miscellaneous^;Musical instruments^;", (-),https://lotimages.blob.core.windows.net/medusa/3f22dd65-d93a-451a-83bb-a70746f38831_TH.png,4,2026-09-07T17:15:45+00:00,2026-09-07T21:00:45+00:00,False,,0,0,200,1,200,1,,,,,,,0,0,2026-08-21T13:30:00.3079227+00:00
815050,medusa,MA-2026-4,138,Lots en Diversen,22569, 2184, ,1,"Een muziekdoos in houten behuizing, vervaardigd door Thorens, circa 1880, voorzien van een speelwerk met zes melodieën.Condition report upon request",,100,300,,,,,,,1,15 x 47 x 22 cm.,,True,False,"Een muziekdoos in houten behuizing, vervaardigd door Thorens, circa 1880, voorzien van een speelwerk met zes melodieën.;A music box in a wooden casing, manufactured by Thorens, circa 1880, equipped with a movement featuring six melodies.;;Muziekinstrumenten^;;2184;15 x 47 x 22 cm.;Musical instruments^;", (-),https://lotimages.blob.core.windows.net/medusa/69152459-fcfa-4f37-ab8d-f98e88a7b65d_TH.png,3,2026-09-07T17:15:45+00:00,2026-09-07T21:00:45+00:00,False,,0,0,100,1,100,1,,,,,,,0,0,2026-08-21T13:30:00.8794209+00:00
815051,medusa,MA-2026-4,138,Lots en Diversen,22522, 2185, ,1,"Een rijk gesneden houten kist, voorzien van benen frontpanelen met decoratieve voorstellingen. India, laat 19e eeuw.Condition report upon request",,30,60,,,,,,,1,8 x 22 x 16 cm.,,True,False,"Een rijk gesneden houten kist, voorzien van benen frontpanelen met decoratieve voorstellingen. India, laat 19e eeuw.;Twee latjes aan de zijkant missen.;;Aziatica^;;2185;8 x 22 x 16 cm.;Asian Art^;", (-),https://lotimages.blob.core.windows.net/medusa/49f2df77-aeff-484c-9fd4-bae98cd894b2_TH.png,3,2026-09-07T17:15:45+00:00,2026-09-07T21:00:45+00:00,False,,0,0,30,1,30,1,,,,,,,0,0,2026-08-21T13:30:01.4911731+00:00
815052,medusa,MA-2026-4,138,Lots en Diversen,19503, 2186, ,1,"Een zeldzaam buffet beschilderd door de kunstschilder <STRONG>Paul HAGEMANS (1884-1959</STRONG>), gesigneerd aan de rechterzijde. Ca. 1900. Condition report upon request",,150,250,,,,,,,1,175 x 175 x 45 cm.,,True,False,"Een zeldzaam buffet beschilderd door de kunstschilder <STRONG>Paul HAGEMANS (1884-1959</STRONG>), gesigneerd aan de rechterzijde. Ca. 1900. ;A rare sideboard painted by the artist Paul HAGEMANS (1884-1959), signed on the right. Circa 1900.;;Meubels^;Schilderijen^;;2186;175 x 175 x 45 cm.;Furniture^;Paintings^;", (-),https://lotimages.blob.core.windows.net/medusa/9de191f7-f9bd-430d-adb1-fc3c9ac56e70_TH.png,7,2026-09-07T17:15:45+00:00,2026-09-07T21:00:45+00:00,False,,0,0,150,1,150,1,,,,,,,0,0,2026-08-21T13:30:02.0471809+00:00
815053,medusa,MA-2026-4,138,Lots en Diversen,22552, 2187, ,1,"Een wortelnoten theetafel met bronzen beslag en glazen blad, met diverse gebruikssporen.Condition report upon request",,30,60,,,,,,,1,73 x 83 x 55 cm.,,True,False,"Een wortelnoten theetafel met bronzen beslag en glazen blad, met diverse gebruikssporen.;A burr walnut tea table with bronze fittings and a glass top, with various signs of use.;;Meubels^;;2187;73 x 83 x 55 cm.;Furniture^;", (-),https://lotimages.blob.core.windows.net/medusa/ed489e48-f574-4a33-8373-1a380cb52a8e_TH.png,3,2026-09-07T17:15:45+00:00,2026-09-07T21:00:45+00:00,False,,0,0,30,1,30,1,,,,,,,0,0,2026-08-21T13:30:02.6261059+00:00
815054,medusa,MA-2026-4,138,Lots en Diversen,22556, 2188, ,1,"Een 18e-eeuws eiken Louis XV ‘crossbow’ buffetkast, voorzien van laden en koperen beslag.Condition report upon request",,100,200,,,,,,,1,85 x 130 x 70 cm.,,True,False,"Een 18e-eeuws eiken Louis XV ‘crossbow’ buffetkast, voorzien van laden en koperen beslag.;An 18th-century oak Louis XV crossbow sideboard, fitted with drawers and brass fittings.;;Meubels^;;2188;85 x 130 x 70 cm.;Furniture^;", (-),https://lotimages.blob.core.windows.net/medusa/6e291caa-c356-454a-b2a3-07d8a702e283_TH.png,3,2026-09-07T17:15:45+00:00,2026-09-07T21:00:45+00:00,False,,0,0,100,1,100,1,,,,,,,0,0,2026-08-21T13:30:03.2085122+00:00
815055,medusa,MA-2026-4,138,Lots en Diversen,22557, 2189, ,1,"Een eikenhouten Louis XV-kabinet met twee deuren, 18e eeuw.Condition report upon request",,100,200,,,,,,,1,225 x 160 cm.,,True,False,"Een eikenhouten Louis XV-kabinet met twee deuren, 18e eeuw.;An oak Louis XV cabinet with two doors, 18th century.;;Meubels^;;2189;225 x 160 cm.;Furniture^;", (-),https://lotimages.blob.core.windows.net/medusa/2a7beceb-a796-4ab4-9479-90f649d4bcbf_TH.png,3,2026-09-07T17:15:45+00:00,2026-09-07T21:00:45+00:00,False,,0,0,100,1,0,1,,,,,,,0,0,2026-08-21T13:30:03.8038815+00:00
815056,medusa,MA-2026-4,138,Lots en Diversen,22658, 2190, ,1,"Een dolfijnentafel deels verguld, deel gegroeneerd Hollands Lodewijk 16e ca 1790.Condition report upon request",,1200,2200,,,,,,,1,73 x 99 cm.,,True,False,"Een dolfijnentafel deels verguld, deel gegroeneerd Hollands Lodewijk 16e ca 1790.;A dolphin table, partly gilded, partly greened, Dutch Louis XVI, ca. 1790.;;Diversen^;Meubels^;;2190;73 x 99 cm.;Miscellaneous^;Furniture^;", (-),https://lotimages.blob.core.windows.net/medusa/216e6ed1-ea5c-4176-96d9-ce79e1629f96_TH.png,4,2026-09-07T17:15:45+00:00,2026-09-07T21:00:45+00:00,False,,0,0,1200,1,1200,1,,,,,,,0,0,2026-08-21T13:30:04.3778391+00:00
815057,medusa,MA-2026-4,138,Lots en Diversen,21082, 2191, ,1,"Een eiken kabinet,19e eeuw. Condition report upon request",,40,80,,,,,,,1,215 x 190 cm.,,True,False,"Een eiken kabinet,19e eeuw. ;An oak cabinet, 19th century.;;Meubels^;;2191;215 x 190 cm.;Furniture^;", (-),https://lotimages.blob.core.windows.net/medusa/170d68f4-6f0c-4a8a-b9fb-e9dc56226365_TH.png,3,2026-09-07T17:15:45+00:00,2026-09-07T21:00:45+00:00,False,,0,0,40,1,40,1,,,,,,,0,0,2026-08-21T13:30:04.9673273+00:00
815058,medusa,MA-2026-4,138,Lots en Diversen,22554, 2192, ,1,"Een Louis-Philippe vitrinekast, voorzien van een facetgeslepen ruit, Frankrijk, 19e eeuw.Condition report upon request",,100,200,,,,,,,1,235 x 110 cm. ,,True,False,"Een Louis-Philippe vitrinekast, voorzien van een facetgeslepen ruit, Frankrijk, 19e eeuw.;A Louis-Philippe display cabinet, fitted with a beveled glass pane, France, 19th century.;;Meubels^;;2192;235 x 110 cm. ;Furniture^;", (-),https://lotimages.blob.core.windows.net/medusa/6d5b5686-0115-4488-816b-7168173d3217_TH.png,1,2026-09-07T17:15:45+00:00,2026-09-07T21:00:45+00:00,False,,0,0,100,1,0,1,,,,,,,0,0,2026-08-21T13:30:05.5854287+00:00
815059,medusa,MA-2026-4,138,Lots en Diversen,22553, 2193, ,1,"Een Louis XVI-stijl loungeset, bestaande uit een tweezitsbank en twee fauteuils, alle bekleed met klassiek rode stof.Condition report upon request",,100,200,,,,,,,3,100 x 60 x 65 cm (stoel).,,True,False,"Een Louis XVI-stijl loungeset, bestaande uit een tweezitsbank en twee fauteuils, alle bekleed met klassiek rode stof.;A Louis XVI-style lounge set, consisting of a two-seater sofa and two armchairs, all upholstered in classic red fabric.;;Meubels^;;2193;100 x 60 x 65 cm (stoel).;Furniture^;", (-),https://lotimages.blob.core.windows.net/medusa/a1dfd0b4-d2e7-4575-aa1d-fb339dac397d_TH.png,6,2026-09-07T17:15:45+00:00,2026-09-07T21:00:45+00:00,False,,0,0,100,1,100,1,,,,,,,0,0,2026-08-21T13:30:06.1698329+00:00
815060,medusa,MA-2026-4,138,Lots en Diversen,22655, 2194, ,1,Een mahoniehouten rondlopende bibliotheektrap. Eind 20e eeuw.Condition report upon request,,50,150,,,,,,,1,H. 180 cm.,,True,False,Een mahoniehouten rondlopende bibliotheektrap. Eind 20e eeuw.;A mahogany spiral library staircase. Late 20th century.;;Diversen^;Meubels^;;2194;H. 180 cm.;Miscellaneous^;Furniture^;, (-),https://lotimages.blob.core.windows.net/medusa/ebe245ae-d26a-467c-b9c5-ed0595018c38_TH.png,3,2026-09-07T17:15:45+00:00,2026-09-07T21:00:45+00:00,False,,0,0,50,1,75,1,,,,,,,0,0,2026-08-21T13:30:06.7705008+00:00
815061,medusa,MA-2026-4,138,Lots en Diversen,22555, 2195, ,1,"Een set van twee Louis XVI-stijl goudkleurige spiegels, bekroond met strikornamenten.Condition report upon request",,50,100,,,,,,,2,66 x 47 cm.,,True,False,"Een set van twee Louis XVI-stijl goudkleurige spiegels, bekroond met strikornamenten.;A set of two Louis XVI-style gold-colored mirrors, crowned with bow ornaments.;;Spiegels^;;2195;66 x 47 cm.;Mirrors^;", (-),https://lotimages.blob.core.windows.net/medusa/cacae782-771a-4241-b1ef-aad8c79ad397_TH.png,1,2026-09-07T17:15:45+00:00,2026-09-07T21:00:45+00:00,False,,0,0,50,1,50,1,,,,,,,0,0,2026-08-21T13:30:07.4089983+00:00
815062,medusa,MA-2026-4,138,Lots en Diversen,22647, 2196, ,1,"Een lot van&nbsp;vier meubelstukken, bestaande uit een buikladenkastje, een nachtkastje met laden en een vitrinekastje, en een tafeltje, met klep.Condition report upon request",,10,100,,,,,,,4,,,True,False,"Een lot van&nbsp;vier meubelstukken, bestaande uit een buikladenkastje, een nachtkastje met laden en een vitrinekastje, en een tafeltje, met klep.;A lot of four pieces of furniture, consisting of a small chest of drawers, a bedside table with drawers, a small display cabinet, and a small table with a flap.;;Meubels^;;2196;;Furniture^;", (-),https://lotimages.blob.core.windows.net/medusa/80058426-6476-4cc6-8875-cc547811d728_TH.png,1,2026-09-07T17:15:45+00:00,2026-09-07T21:00:45+00:00,False,,0,0,10,1,10,1,,,,,,,0,0,2026-08-21T13:30:08.0063186+00:00
815063,medusa,MA-2026-4,138,Lots en Diversen,22558, 2197, ,1,"Een gefineerde secretaire, circa 1900.Condition report upon request",,30,60,,,,,,,1,100 x 95 x 55 cm.,,True,False,"Een gefineerde secretaire, circa 1900.;A veneered secretary desk, circa 1900.;;Meubels^;;2197;100 x 95 x 55 cm.;Furniture^;", (-),https://lotimages.blob.core.windows.net/medusa/34f3db06-476f-4e6b-9f50-39a42f8c01a0_TH.png,3,2026-09-07T17:15:45+00:00,2026-09-07T21:00:45+00:00,False,,0,0,30,1,0,1,,,,,,,0,0,2026-08-21T13:30:08.6079968+00:00
815064,medusa,MA-2026-4,138,Lots en Diversen,22653, 2198, ,1,"Een lot divers, bestaande uit een antieke olielamp in glaspasta, een thermometer in groen glas (beide Deens)&nbsp;en een glazen coupe op marmeren voet.",,50,150,,,,,,,3,,,True,False,"Een lot divers, bestaande uit een antieke olielamp in glaspasta, een thermometer in groen glas (beide Deens)&nbsp;en een glazen coupe op marmeren voet.;A miscellaneous lot, consisting of an antique oil lamp in glass paste, a thermometer in green glass, and a glass coupe on a marble base.;;Diversen^;;2198;;Miscellaneous^;", (-),https://lotimages.blob.core.windows.net/medusa/b4ec49ce-4d3c-45a4-95b7-64102c52b316_TH.png,2,2026-09-07T17:15:45+00:00,2026-09-07T21:00:45+00:00,False,,0,0,50,1,50,1,,,,,,,0,0,2026-08-21T13:30:09.2071951+00:00
815065,medusa,MA-2026-4,138,Lots en Diversen,22656, 2199, ,1,"Een mid-century serveerwagen, uitgevoerd in fou-hout en voorzien van messing beslag.Condition report upon request",,30,60,,,,,,,1,72 x 50 cm.,,True,False,"Een mid-century serveerwagen, uitgevoerd in fou-hout en voorzien van messing beslag.;A mid-century serving trolley, made of fou wood and fitted with brass hardware.;;Diversen^;;2199;72 x 50 cm.;Miscellaneous^;", (-),https://lotimages.blob.core.windows.net/medusa/80ff0ded-5c97-4191-a664-e42ca55a3b0d_TH.png,1,2026-09-07T17:15:45+00:00,2026-09-07T21:00:45+00:00,False,,0,0,30,1,30,1,,,,,,,0,0,2026-08-21T13:30:09.8163041+00:00
815067,medusa,MA-2026-4,138,Lots en Diversen,22597, 2200, ,1,"Een lot divers, bestaande uit een porseleinen inktstel, twee kandelaars, een pennenhouder en twee schalen in schelpmotief.Condition report upon request",,50,150,,,,,,,6,,,True,False,"Een lot divers, bestaande uit een porseleinen inktstel, twee kandelaars, een pennenhouder en twee schalen in schelpmotief.;A miscellaneous lot, consisting of a porcelain inkwell, two candlesticks, a pen holder, and two bowls with a shell motif.;;Diversen^;;2200;;Miscellaneous^;", (-),https://lotimages.blob.core.windows.net/medusa/a5e541bd-82f2-4006-b0df-b37864a57aab_TH.png,4,2026-09-07T17:15:45+00:00,2026-09-07T21:00:45+00:00,False,,0,0,50,1,50,1,,,,,,,0,0,2026-08-21T13:30:11.6719846+00:00
815068,medusa,MA-2026-4,138,Lots en Diversen,22316, 2201, ,1,"Een porseleinen figuurtje, Capo di Monte, Italië. Lichte beschadiging. Condition report upon request",,,,,,,,,,1,,,True,False,"Een porseleinen figuurtje, Capo di Monte, Italië. Lichte beschadiging. ;A porcelain figurine, Capo di Monte, Italy. Slight damage.;;porselein^;;2201;;Porcelain^;", (-),https://lotimages.blob.core.windows.net/medusa/3e7ca109-bb73-4f39-92a7-8c6d176ccfcd_TH.png,5,2026-09-07T17:15:45+00:00,2026-09-07T21:00:45+00:00,False,,0,0,0,1,0,1,,,,,,,0,0,2026-08-21T13:30:12.2696578+00:00
815069,medusa,MA-2026-4,138,Lots en Diversen,22365, 2202, ,1,Een porseleinen figuur van een dame met twee ganzen. Gemerkt Royal Dux.Condition report upon request,,20,40,,,,,,,1,H. 27 cm.,,True,False,Een porseleinen figuur van een dame met twee ganzen. Gemerkt Royal Dux.;A porcelain figure of a lady with two geese. Marked Royal Dux.;;Beelden^;;2202;H. 27 cm.;Sculptures^;, (-),https://lotimages.blob.core.windows.net/medusa/67799eb1-12e8-4bd9-ae00-2261a2ba7460_TH.png,5,2026-09-07T17:15:45+00:00,2026-09-07T21:00:45+00:00,False,,0,0,20,1,20,1,,,,,,,0,0,2026-08-21T13:30:12.8909245+00:00
815070,medusa,MA-2026-4,138,Lots en Diversen,21876, 2203, ,1,Armand Marseille '390' porseleinen pop. Gesigneerd en genummerd achterzijde hoofd.Condition report upon request,,30,60,,,,,,,1,H. 40 cm.,,True,False,Armand Marseille '390' porseleinen pop. Gesigneerd en genummerd achterzijde hoofd.;Armand Marseille '390' porcelain doll. Signed and numbered on the back of the head.;;speelgoed^;;2203;H. 40 cm.;Toys^;, (-),https://lotimages.blob.core.windows.net/medusa/6290dc63-ae0a-46b8-a4e7-1cd326441ab3_TH.png,3,2026-09-07T17:15:45+00:00,2026-09-07T21:00:45+00:00,False,,0,0,30,1,30,1,,,,,,,0,0,2026-08-21T13:30:13.5853601+00:00
815071,medusa,MA-2026-4,138,Lots en Diversen,22199, 2204, ,1,"Een lot van negen Wedgwood Jasper ware borden, waaronder de kerst editie's.Condition report upon request",,50,150,,,,,,,9,Diam. 21 -  24 cm.,,True,False,"Een lot van negen Wedgwood Jasper ware borden, waaronder de kerst editie's.;A lot of nine Wedgwood Jasper ware plates, including the Christmas editions.;;Aardewerk^;;2204;Diam. 21 -  24 cm.;Croquery^;", (-),https://lotimages.blob.core.windows.net/medusa/489354b6-5b10-42c8-9bdc-eb6142578d2d_TH.png,4,2026-09-07T17:15:45+00:00,2026-09-07T21:00:45+00:00,False,,0,0,50,1,50,1,,,,,,,0,0,2026-08-21T13:30:14.2182437+00:00
815072,medusa,MA-2026-4,138,Lots en Diversen,22161, 2205, ,1,Een lot divers Frans porselein in Kakiemon stijl.Condition report upon request,,20,40,,,,,,,1,,,True,False,Een lot divers Frans porselein in Kakiemon stijl.;A lot of diverse French porcelain in Kakiemon style.;;porselein^;;2205;;Porcelain^;, (-),https://lotimages.blob.core.windows.net/medusa/5541157f-f0f7-4b05-a314-a7d827dd8094_TH.png,3,2026-09-07T17:15:45+00:00,2026-09-07T21:00:45+00:00,False,,0,0,20,1,20,1,,,,,,,0,0,2026-08-21T13:30:14.9537536+00:00
815073,medusa,MA-2026-4,138,Lots en Diversen,22542, 2206, ,1,Een lot bestaande uit twee aardewerken voorraadpotten en een porseleinen schaal met bloemendecor.Condition report upon request,,30,60,,,,,,,3,,,True,False,Een lot bestaande uit twee aardewerken voorraadpotten en een porseleinen schaal met bloemendecor.;A lot consisting of two earthenware storage jars and a porcelain bowl with floral decoration.;;Aardewerk^;;2206;;Croquery^;, (-),https://lotimages.blob.core.windows.net/medusa/291ef504-14ab-43ba-af4b-f73b42bb8fdb_TH.png,5,2026-09-07T17:15:45+00:00,2026-09-07T21:00:45+00:00,False,,0,0,30,1,30,1,,,,,,,0,0,2026-08-21T13:30:15.5342568+00:00
815074,medusa,MA-2026-4,138,Lots en Diversen,22545, 2207, ,1,"Een uitgebreid porseleinen eetservies van Arzberg, bestaande uit onder andere dekselterrines en soepkommen.Condition report upon request",,20,40,,,,,,,1,,,True,False,"Een uitgebreid porseleinen eetservies van Arzberg, bestaande uit onder andere dekselterrines en soepkommen.;An extensive porcelain dinner service by Arzberg, consisting of, among other things, covered tureens and soup bowls.;;porselein^;;2207;;Porcelain^;", (-),https://lotimages.blob.core.windows.net/medusa/512b2288-643a-49c3-ae1c-149412f9a0e3_TH.png,4,2026-09-07T17:15:45+00:00,2026-09-07T21:00:45+00:00,False,,0,0,20,1,20,1,,,,,,,0,0,2026-08-21T13:30:16.1466+00:00
815075,medusa,MA-2026-4,138,Lots en Diversen,22528, 2208, ,1,"Een lot Meissen porselein, bestaande uit een kop en schotel met drakendecor, een vaasje met bloemendecor en een designvaas vervaardigd door Hans Mertz. Alle delen gemerkt.Condition report upon request",,50,150,,,,,,,3,,,True,False,"Een lot Meissen porselein, bestaande uit een kop en schotel met drakendecor, een vaasje met bloemendecor en een designvaas vervaardigd door Hans Mertz. Alle delen gemerkt.;A lot of Meissen porcelain, consisting of a cup and saucer with dragon decoration, a small vase with floral decoration, and a designer vase manufactured by Hans Mertz. All pieces are marked.;;Meissen^;porselein^;;2208;;Meissen^;Porcelain^;", (-),https://lotimages.blob.core.windows.net/medusa/22dd10e2-afb0-4c26-a743-6d272b4b8604_TH.png,3,2026-09-07T17:15:45+00:00,2026-09-07T21:00:45+00:00,False,,0,0,50,1,50,1,,,,,,,0,0,2026-08-21T13:30:16.7276292+00:00
815076,medusa,MA-2026-4,138,Lots en Diversen,22541, 2209, ,1,"Een uitgebreid porseleinen theeservies in Apponyi Pink-decor, vervaardigd door Herend, Hongarije. Alle delen gemerkt. Tweede helft 20e eeuw.Condition report upon request",,100,200,,,,,,,1,40 x 26 cm. (dienblad).,,True,False,"Een uitgebreid porseleinen theeservies in Apponyi Pink-decor, vervaardigd door Herend, Hongarije. Alle delen gemerkt. Tweede helft 20e eeuw.;An extensive porcelain tea service in Apponyi Pink decor, manufactured by Herend, Hungary. All pieces marked. Second half of the 20th century.;;porselein^;;2209;40 x 26 cm. (dienblad).;Porcelain^;", (-),https://lotimages.blob.core.windows.net/medusa/37ae5640-2303-4a44-8661-bb6d813b502d_TH.png,5,2026-09-07T17:15:45+00:00,2026-09-07T21:00:45+00:00,False,,0,0,100,1,100,1,,,,,,,0,0,2026-08-21T13:30:17.3264406+00:00
815077,medusa,MA-2026-4,138,Lots en Diversen,22471, 2210, ,1,"Een porseleinen Zsolnay-theeservies, bestaande uit zes kop en schotels, een theepot en een roomstel, voorzien van Sissi-decor. Gemerkt en genummerd aan de onderzijde.Condition report upon request",,200,600,,,,,,,1,,,True,False,"Een porseleinen Zsolnay-theeservies, bestaande uit zes kop en schotels, een theepot en een roomstel, voorzien van Sissi-decor. Gemerkt en genummerd aan de onderzijde.;A porcelain Zsolnay tea set, consisting of six cups and saucers, a teapot, and a cream set, featuring Sissi decoration. Marked and numbered on the underside.;;porselein^;;2210;;Porcelain^;", (-),https://lotimages.blob.core.windows.net/medusa/ea9cba0d-392c-495b-bdf1-5c0d37b4ca51_TH.png,3,2026-09-07T17:15:45+00:00,2026-09-07T21:00:45+00:00,False,,0,0,200,1,200,1,,,,,,,0,0,2026-08-21T13:30:17.8907828+00:00
815078,medusa,MA-2026-4,138,Lots en Diversen,22527, 2211, ,1,"Een verzameling Weimar-porselein, Duitsland, alle delen gedecoreerd met drakenmotieven.Condition report upon request",,30,60,,,,,,,1,,,True,False,"Een verzameling Weimar-porselein, Duitsland, alle delen gedecoreerd met drakenmotieven.;A collection of Weimar porcelain, Germany, all pieces decorated with dragon motifs.;;porselein^;;2211;;Porcelain^;", (-),https://lotimages.blob.core.windows.net/medusa/85f44040-edba-43b7-941d-0948e1685b09_TH.png,4,2026-09-07T17:15:45+00:00,2026-09-07T21:00:45+00:00,False,,0,0,30,1,30,1,,,,,,,0,0,2026-08-21T13:30:18.4701099+00:00
815079,medusa,MA-2026-4,138,Lots en Diversen,22413, 2212, ,1,"Een collectie porseleinen borden in Weense stijl, waaronder exemplaren gemerkt Adler Bavaria en een bord met bijenkorfmerk.Condition report upon request",,30,60,,,,,,,6,Diam. 20 - 28 cm.,,True,False,"Een collectie porseleinen borden in Weense stijl, waaronder exemplaren gemerkt Adler Bavaria en een bord met bijenkorfmerk.;A collection of Viennese-style porcelain plates, including examples marked Adler Bavaria and a plate with the Beehive mark.;;porselein^;;2212;Diam. 20 - 28 cm.;Porcelain^;", (-),https://lotimages.blob.core.windows.net/medusa/2d163ed6-a789-4bb7-a71f-7e8710efdfd4_TH.png,5,2026-09-07T17:15:45+00:00,2026-09-07T21:00:45+00:00,False,,0,0,30,1,30,1,,,,,,,0,0,2026-08-21T13:30:19.0461826+00:00
815080,medusa,MA-2026-4,138,Lots en Diversen,22415, 2213, ,1,"Een lot divers porselein en aardewerk, waaronder Rosenthal en Royal Albert.Condition report upon request",,30,60,,,,,,,1,,,True,False,"Een lot divers porselein en aardewerk, waaronder Rosenthal en Royal Albert.;A lot of diverse porcelain and earthenware, including Rosenthal and Royal Albert.;;Aardewerk^;porselein^;;2213;;Croquery^;Porcelain^;", (-),https://lotimages.blob.core.windows.net/medusa/95da91f7-87c4-498d-aba0-3efb07233e91_TH.png,7,2026-09-07T17:15:45+00:00,2026-09-07T21:00:45+00:00,False,,0,0,30,1,30,1,,,,,,,0,0,2026-08-21T13:30:19.6484681+00:00
815081,medusa,MA-2026-4,138,Lots en Diversen,22414, 2214, ,1,"Een lot Queen’s Ware-aardewerk, vervaardigd door Wedgwood, bestaande uit onder meer kandelaren en schalen.Condition report upon request",,30,60,,,,,,,1,,,True,False,"Een lot Queen’s Ware-aardewerk, vervaardigd door Wedgwood, bestaande uit onder meer kandelaren en schalen.;A lot of Queen’s Ware earthenware, manufactured by Wedgwood, consisting of candlesticks and bowls, among other items.;;Aardewerk^;;2214;;Croquery^;", (-),https://lotimages.blob.core.windows.net/medusa/10174169-e8af-4e4b-bad4-5b77a6bb37b2_TH.png,2,2026-09-07T17:15:45+00:00,2026-09-07T21:00:45+00:00,False,,0,0,30,1,30,1,,,,,,,0,0,2026-08-21T13:30:20.2342748+00:00
815082,medusa,MA-2026-4,138,Lots en Diversen,22595, 2215, ,1,"Een lot porselein, bestaande uit een zogenoemd Napoleon-beeld, een Duits porseleinen figuurtje van een dame met druiventrossen en een paar kandelaars uitgevoerd in biscuitporselein en messing.Condition report upon request",,50,150,,,,,,,4,H. 21 - 31 cm.,,True,False,"Een lot porselein, bestaande uit een zogenoemd Napoleon-beeld, een Duits porseleinen figuurtje van een dame met druiventrossen en een paar kandelaars uitgevoerd in biscuitporselein en messing.;A lot of porcelain, consisting of a so-called Napoleon statue, a German porcelain figurine of a lady with bunches of grapes, and a pair of candlesticks executed in biscuit porcelain and brass.;;porselein^;;2215;H. 21 - 31 cm.;Porcelain^;", (-),https://lotimages.blob.core.windows.net/medusa/e7d3f502-8a0c-425f-9728-b29acd462d07_TH.png,8,2026-09-07T17:15:45+00:00,2026-09-07T21:00:45+00:00,False,,0,0,50,1,50,1,,,,,,,0,0,2026-08-21T13:30:20.8110721+00:00
815083,medusa,MA-2026-4,138,Lots en Diversen,22525, 2216, ,1,"Een porseleinen blanc-de-chine figuur van een grazend paard, vervaardigd door Meissen, Duitsland. Gemerkt en genummerd aan de onderzijde.Condition report upon request",,100,300,,,,,,,1,"15 x 20,5 cm.",,True,False,"Een porseleinen blanc-de-chine figuur van een grazend paard, vervaardigd door Meissen, Duitsland. Gemerkt en genummerd aan de onderzijde.;A porcelain blanc-de-chine figure of a grazing horse, manufactured by Meissen, Germany. Marked and numbered on the underside.;;Meissen^;porselein^;;2216;15 x 20,5 cm.;Meissen^;Porcelain^;", (-),https://lotimages.blob.core.windows.net/medusa/fd29753b-beb9-4dba-b32b-b04861f3a42e_TH.png,4,2026-09-07T17:15:45+00:00,2026-09-07T21:00:45+00:00,False,,0,0,100,1,100,1,,,,,,,0,0,2026-08-21T13:30:21.423652+00:00
815084,medusa,MA-2026-4,138,Lots en Diversen,22523, 2217, ,1,"Twee porseleinen plaquettes, één gedecoreerd met twee pinguïns en één met een galopperend paard, beide gemerkt ‘Meissen’, Duitsland.Condition report upon request",,40,120,,,,,,,2,"21,5 x 11 & 28,5 x 16 cm. ",,True,False,"Twee porseleinen plaquettes, één gedecoreerd met twee pinguïns en één met een galopperend paard, beide gemerkt ‘Meissen’, Duitsland.;Two porcelain plaques, one decorated with two penguins and one with a galloping horse, both marked ‘Meissen’, Germany.;;porselein^;;2217;21,5 x 11 & 28,5 x 16 cm. ;Porcelain^;", (-),https://lotimages.blob.core.windows.net/medusa/18abce8f-5b54-41f7-9f0e-5a3e76690b68_TH.png,2,2026-09-07T17:15:45+00:00,2026-09-07T21:00:45+00:00,False,,0,0,40,1,40,1,,,,,,,0,0,2026-08-21T13:30:22.001939+00:00
815085,medusa,MA-2026-4,138,Lots en Diversen,22195, 2218, ,1,"Een platelen vaasje met bloemendecor, gesigneerd aan de onderzijde.Condition report upon request",,20,40,,,,,,,1,H. 18 cm. ,,True,False,"Een platelen vaasje met bloemendecor, gesigneerd aan de onderzijde.;A small earthenware vase with floral decoration, signed on the bottom.;;Aardewerk^;Gouda^;;2218;H. 18 cm. ;Croquery^;Gouda^;", (-),https://lotimages.blob.core.windows.net/medusa/071fb223-f33c-49fe-9a2d-26a644bcec2b_TH.png,3,2026-09-07T17:15:45+00:00,2026-09-07T21:00:45+00:00,False,,0,0,20,1,20,1,,,,,,,0,0,2026-08-21T13:30:22.5903799+00:00
815086,medusa,MA-2026-4,138,Lots en Diversen,22376, 2219, ,1,"Een aardewerken vaas met malachietdecor, China, 20e eeuw.Condition report upon request",,50,100,,,,,,,1,H. 25 cm.,,True,False,"Een aardewerken vaas met malachietdecor, China, 20e eeuw.;An earthenware vase with malachite decoration, China, 20th century.;;China^;Chinees porselein^;;2219;H. 25 cm.;China^;Chinese porcelain^;", (-),https://lotimages.blob.core.windows.net/medusa/348d581b-1d65-4a5e-9870-618cc959b8b2_TH.png,3,2026-09-07T17:15:45+00:00,2026-09-07T21:00:45+00:00,False,,0,0,50,1,50,1,,,,,,,0,0,2026-08-21T13:30:23.1665689+00:00
815087,medusa,MA-2026-4,138,Lots en Diversen,22319, 2220, ,1,"<P>Een lot diverse zilveren&nbsp;theelepels (16) Nederlands gekeurd met 'zwaardje' / 2e gehalte leeuw,</P>
<P>Gewicht 90 gram</P>Condition report upon request",,50,150,,,,,,,16,10 cm,,True,False,"<P>Een lot diverse zilveren&nbsp;theelepels (16) Nederlands gekeurd met 'zwaardje' / 2e gehalte leeuw,</P>
<P>Gewicht 90 gram</P>;<P>A lot of various silver teaspoons (16) Dutch hallmarked with 'small sword' / 2nd grade lion,</P>

<P>Weight 90 grams</P>;;zilver^;;2220;10 cm;Silver^;", (-),https://lotimages.blob.core.windows.net/medusa/4c0cc8b0-6cc8-4cfa-ba62-d2f7a6d65c90_TH.png,2,2026-09-07T17:15:45+00:00,2026-09-07T21:00:45+00:00,False,,0,0,50,1,50,1,,,,,,,0,0,2026-08-21T13:30:23.7422854+00:00
815088,medusa,MA-2026-4,138,Lots en Diversen,22095, 2221, ,1,"<STRONG>Julio Fernandez</STRONG>, Een porseleinen kom gedecoreerd met bloemen. Lladro, Spanje.Condition report upon request",,10,20,,,,,,,1,"H. 12,5 cm.",,True,False,"<STRONG>Julio Fernandez</STRONG>, Een porseleinen kom gedecoreerd met bloemen. Lladro, Spanje.;Julio Fernandez, A porcelain bowl decorated with flowers. Lladro, Spain.;;Lladro^;porselein^;;2221;H. 12,5 cm.;Lladro^;Porcelain^;", (-),https://lotimages.blob.core.windows.net/medusa/af89c258-707e-401d-87a0-98e1697c4b19_TH.png,3,2026-09-07T17:15:45+00:00,2026-09-07T21:00:45+00:00,False,,0,0,10,1,10,1,,,,,,,0,0,2026-08-21T13:30:24.3264385+00:00
815089,medusa,MA-2026-4,138,Lots en Diversen,22207, 2222, ,1,"<P>Een set van twee zilveren ajourgezaagde broodmandjes met parelrand en hengsel, Nederlands gekeurd met 2e gehalte leeuw, minerva en jaarletter 'J' (+/- 1969)</P>
<P>gewicht 313 gram</P>Condition report upon request",,250,500,,,,,,,2,,,True,False,"<P>Een set van twee zilveren ajourgezaagde broodmandjes met parelrand en hengsel, Nederlands gekeurd met 2e gehalte leeuw, minerva en jaarletter 'J' (+/- 1969)</P>
<P>gewicht 313 gram</P>;<P>A set of two silver openwork bread baskets with beaded rim and handle, Dutch hallmarked with 2nd grade lion, Minerva and year letter 'J' (+/- 1969)</P>

<P>weight 313 grams</P>;;zilver^;;2222;;Silver^;", (-),https://lotimages.blob.core.windows.net/medusa/cf2559ea-4646-4eae-ac07-e785cebfd86f_TH.png,4,2026-09-07T17:15:45+00:00,2026-09-07T21:00:45+00:00,False,,0,0,250,1,250,1,,,,,,,0,0,2026-08-21T13:30:24.897418+00:00
815090,medusa,MA-2026-4,138,Lots en Diversen,22320, 2223, ,1,"<P>Een lot divers zilveren bestek bestaande uit oa strooilepel, suikerlepel, botermesje ect. nederlands gekeurd met 'zwaardje'en/of 2e gehalte leeuw, e.a.</P>
<P>Gewicht 107 gram</P>Condition report upon request",,50,150,,,,,,,6,10 - 15 cm,,True,False,"<P>Een lot divers zilveren bestek bestaande uit oa strooilepel, suikerlepel, botermesje ect. nederlands gekeurd met 'zwaardje'en/of 2e gehalte leeuw, e.a.</P>
<P>Gewicht 107 gram</P>;<P>A lot of miscellaneous silver cutlery consisting of, among others, a sugar spoon, sugar spoon, butter knife, etc., hallmarked in the Netherlands with a 'small sword' and/or 2nd grade lion, etc.</P>

<P>Weight 107 grams</P>;;zilver^;;2223;10 - 15 cm;Silver^;", (-),https://lotimages.blob.core.windows.net/medusa/586a1886-735d-4186-a5f3-819d646b440a_TH.png,2,2026-09-07T17:15:45+00:00,2026-09-07T21:00:45+00:00,False,,0,0,50,1,50,1,,,,,,,0,0,2026-08-21T13:30:25.489642+00:00
815091,medusa,MA-2026-4,138,Lots en Diversen,22321, 2224, ,1,"<P>Een lot van drie zilveren vorken en één grote opscheplepel,&nbsp;alleen Nederlands gekeurd met 2e gehalte leeuw/zwaardje,</P>
<P>Gewicht 233 gram </P>Condition report upon request",,100,300,,,,,,,4,15 - 25 cm,,True,False,"<P>Een lot van drie zilveren vorken en één grote opscheplepel,&nbsp;alleen Nederlands gekeurd met 2e gehalte leeuw/zwaardje,</P>
<P>Gewicht 233 gram </P>;<P>A lot of three silver forks and one large serving spoon, hallmarked only in the Dutch style with 2nd grade lion/small sword,</P>

<P>Weight 233 grams </P>;;zilver^;;2224;15 - 25 cm;Silver^;", (-),https://lotimages.blob.core.windows.net/medusa/e98188a9-b58f-451b-aef4-524e2ccb73a7_TH.png,4,2026-09-07T17:15:45+00:00,2026-09-07T21:00:45+00:00,False,,0,0,100,1,100,1,,,,,,,0,0,2026-08-21T13:30:26.082593+00:00
815092,medusa,MA-2026-4,138,Lots en Diversen,22322, 2225, ,1,"<P>Een set van negen zilveren cocktaillepels met getortse steel en bolletje aan de bovenkant waarvan drie lepels van 'Scharenberg',&nbsp;Nederlands gekeurd met 'zwaardje',</P>
<P>Gewicht 134 gram</P>Condition report upon request",,50,150,,,,,,,9,16 cm,,True,False,"<P>Een set van negen zilveren cocktaillepels met getortse steel en bolletje aan de bovenkant waarvan drie lepels van 'Scharenberg',&nbsp;Nederlands gekeurd met 'zwaardje',</P>
<P>Gewicht 134 gram</P>;<P>A set of nine silver cocktail spoons with twisted handles and a ball at the top, of which three spoons are from 'Scharenberg', hallmarked in the Dutch 'sword',</P>

<P>Weight 134 grams</P>;;zilver^;;2225;16 cm;Silver^;", (-),https://lotimages.blob.core.windows.net/medusa/5bd8e167-d6bd-4924-999c-22ab1c08ef51_TH.png,2,2026-09-07T17:15:45+00:00,2026-09-07T21:00:45+00:00,False,,0,0,50,1,50,1,,,,,,,0,0,2026-08-21T13:30:26.6442766+00:00
815093,medusa,MA-2026-4,138,Lots en Diversen,22323, 2226, ,1,"<P>Een lot diverse zilveren&nbsp;vorken, allen Nederlands gekeurd met oa 2e gehalte leeuw en 'Van Kempen en Begeer', </P>
<P>Gewicht 517 gram</P>Condition report upon request",,200,600,,,,,,,10,18- 21 cm,,True,False,"<P>Een lot diverse zilveren&nbsp;vorken, allen Nederlands gekeurd met oa 2e gehalte leeuw en 'Van Kempen en Begeer', </P>
<P>Gewicht 517 gram</P>;<P>A lot of various silver forks, all hallmarked with Dutch hallmarks including the 2nd grade lion and 'Van Kempen en Begeer', </P>

<P>Weight 517 grams</P>;;zilver^;;2226;18- 21 cm;Silver^;", (-),https://lotimages.blob.core.windows.net/medusa/16ec29c7-d5d8-46b1-aa04-339a683127f4_TH.png,2,2026-09-07T17:15:45+00:00,2026-09-07T21:00:45+00:00,False,,0,0,200,1,200,1,,,,,,,0,0,2026-08-21T13:30:27.2357+00:00
815094,medusa,MA-2026-4,138,Lots en Diversen,22324, 2227, ,1,"<P>Een antieke zilveren aspergetang van 'Van Kempen&amp;Zonen' , Nederlands gekeurd 2e gehalte en o.a.&nbsp;met 'VK-maan', </P>
<P>Gewicht 157 gram</P>Condition report upon request",,100,200,,,,,,,1,23 cm,,True,False,"<P>Een antieke zilveren aspergetang van 'Van Kempen&amp;Zonen' , Nederlands gekeurd 2e gehalte en o.a.&nbsp;met 'VK-maan', </P>
<P>Gewicht 157 gram</P>;<P>An antique silver asparagus tongs by 'Van Kempen & Zonen', Dutch hallmarked 2nd grade and featuring, among other things, 'UK moon', </P>

<P>Weight 157 grams</P>;;zilver^;;2227;23 cm;Silver^;", (-),https://lotimages.blob.core.windows.net/medusa/3097cbd3-5958-4638-8877-3ad86a7808fd_TH.png,2,2026-09-07T17:15:45+00:00,2026-09-07T21:00:45+00:00,False,,0,0,100,1,100,1,,,,,,,0,0,2026-08-21T13:30:27.7983564+00:00
815095,medusa,MA-2026-4,138,Lots en Diversen,22325, 2228, ,1,"<P>Een lot diverse zilveren lepels, allen gekeurd met oa 2e gehalte leeuw, </P>
<P>Gewicht 199 gram</P>Condition report upon request",,80,160,,,,,,,11,11-14 cm,,True,False,"<P>Een lot diverse zilveren lepels, allen gekeurd met oa 2e gehalte leeuw, </P>
<P>Gewicht 199 gram</P>;<P>A lot of various silver spoons, all hallmarked with, among others, the 2nd grade lion, </P>

<P>Weight 199 grams</P>;;zilver^;;2228;11-14 cm;Silver^;", (-),https://lotimages.blob.core.windows.net/medusa/00eabd5c-951f-4698-8ebf-9adc4a505601_TH.png,2,2026-09-07T17:15:45+00:00,2026-09-07T21:00:45+00:00,False,,0,0,80,1,80,1,,,,,,,0,0,2026-08-21T13:30:28.3659881+00:00
815096,medusa,MA-2026-4,138,Lots en Diversen,22326, 2229, ,1,"<P>Een lot diverse zilveren&nbsp;theelepels (8), één zilveren suikerlepeltje en één verzilverde lepel,&nbsp;allen gekeurd met 'zwaardje' of '830',</P>
<P>Gewicht 115 gram (=&nbsp;9 lepels)&nbsp;</P>Condition report upon request",,100,300,,,,,,,10,11 cm ,,True,False,"<P>Een lot diverse zilveren&nbsp;theelepels (8), één zilveren suikerlepeltje en één verzilverde lepel,&nbsp;allen gekeurd met 'zwaardje' of '830',</P>
<P>Gewicht 115 gram (=&nbsp;9 lepels)&nbsp;</P>;<P>A lot of various silver teaspoons (8), one small silver sugar spoon and one silver-plated spoon, all hallmarked with 'sword' or '830',</P>

<P>Weight 115 grams (=9 spoons)</P>;;zilver^;;2229;11 cm ;Silver^;", (-),https://lotimages.blob.core.windows.net/medusa/2d2b3d01-7fd0-4f9a-b68e-d19fde96d6de_TH.png,2,2026-09-07T17:15:45+00:00,2026-09-07T21:00:45+00:00,False,,0,0,100,1,100,1,,,,,,,0,0,2026-08-21T13:30:28.9456509+00:00
815097,medusa,MA-2026-4,138,Lots en Diversen,22327, 2230, ,1,"<P>Een lot diverse zilveren eetlepels, waarvan zes 18e eeuwse&nbsp;lepels gekeurd met 'Ooievaar', 'Kroon' en 'P.T' ( mogelijk Pieter Tamé of Pieter van der Toorn)&nbsp;en zes&nbsp;lepels Nederlands gekeurd met&nbsp;o.a. 1e of 2e gehalte leeuw,</P>
<P>Gewicht 748 gram</P>Condition report upon request",,400,800,,,,,,,12,18-22 cm,,True,False,"<P>Een lot diverse zilveren eetlepels, waarvan zes 18e eeuwse&nbsp;lepels gekeurd met 'Ooievaar', 'Kroon' en 'P.T' ( mogelijk Pieter Tamé of Pieter van der Toorn)&nbsp;en zes&nbsp;lepels Nederlands gekeurd met&nbsp;o.a. 1e of 2e gehalte leeuw,</P>
<P>Gewicht 748 gram</P>;<P>A lot of various silver tablespoons, of which six 18th-century spoons hallmarked with 'Stork', 'Crown' and 'P.T' (possibly Pieter Tamé or Pieter van der Toorn) and six spoons with Dutch hallmarks including 1st or 2nd grade lion,</P>

<P>Weight 748 grams</P>;;zilver^;;2230;18-22 cm;Silver^;", (-),https://lotimages.blob.core.windows.net/medusa/e25dd3b6-f917-4c8d-af3f-7c8a1d3ee42c_TH.png,2,2026-09-07T17:15:45+00:00,2026-09-07T21:00:45+00:00,False,,0,0,400,1,400,1,,,,,,,0,0,2026-08-21T13:30:29.5261486+00:00
815098,medusa,MA-2026-4,138,Lots en Diversen,22328, 2231, ,1,"<P>Een zilveren set opscheplepel - en vork&nbsp;van 'Benten&amp;Zonen' &nbsp;Nederlands gekeurd 1e gehalte zilver en Jaarletter 'I' (+/- 1868), </P>
<P>Gewicht 203 gram</P>Condition report upon request",,150,300,,,,,,,2,16 cm,,True,False,"<P>Een zilveren set opscheplepel - en vork&nbsp;van 'Benten&amp;Zonen' &nbsp;Nederlands gekeurd 1e gehalte zilver en Jaarletter 'I' (+/- 1868), </P>
<P>Gewicht 203 gram</P>;<P>A silver serving spoon and fork set by 'Benten&Zonen', Dutch hallmarked 1st grade silver and Year letter 'I' (+/- 1868), </P>

<P>Weight 203 grams</P>;;zilver^;;2231;16 cm;Silver^;", (-),https://lotimages.blob.core.windows.net/medusa/90850695-60c6-40c1-96f7-c4e8e05e1ac3_TH.png,3,2026-09-07T17:15:45+00:00,2026-09-07T21:00:45+00:00,False,,0,0,150,1,100,1,,,,,,,0,0,2026-08-21T13:30:30.1190215+00:00
815099,medusa,MA-2026-4,138,Lots en Diversen,22329, 2232, ,1,"<P>Een set&nbsp;grote zilveren&nbsp;opscheplepels met ovale bak, Nederlands gekeurd met o.a.&nbsp;2e gehalte leeuw en 'V-maantje' (Koninklijke Zilverfabriek N.V.) Jaarletters 'C en D' ( 1937-1938),</P>
<P>Gewicht 214 gram</P>Condition report upon request",,100,300,,,,,,,2,26 cm,,True,False,"<P>Een set&nbsp;grote zilveren&nbsp;opscheplepels met ovale bak, Nederlands gekeurd met o.a.&nbsp;2e gehalte leeuw en 'V-maantje' (Koninklijke Zilverfabriek N.V.) Jaarletters 'C en D' ( 1937-1938),</P>
<P>Gewicht 214 gram</P>;<P>A set of large silver serving spoons with oval bowl, Dutch hallmarked with, among others, 2nd grade lion and 'V-moon' (Royal Silver Factory N.V.) Year letters 'C and D' ( 1937-1938),</P>

<P>Weight 214 grams</P>;;zilver^;;2232;26 cm;Silver^;", (-),https://lotimages.blob.core.windows.net/medusa/57670e06-7e21-44a3-9c4a-1fbf828e36a7_TH.png,2,2026-09-07T17:15:45+00:00,2026-09-07T21:00:45+00:00,False,,0,0,100,1,100,1,,,,,,,0,0,2026-08-21T13:30:30.7077102+00:00
815100,medusa,MA-2026-4,138,Lots en Diversen,22330, 2233, ,1,"<P>Een lot met één zilveren suikerstrooilepel met een ajour bewerkte bak en bladvormige steel en zilveren sauslepel met parelrand op sierlijk gevormde steel, beide Nederlands gekeurd met o.a. 2e gehalte leeuw,</P>
<P>Gewicht 99 gram</P>Condition report upon request",,80,160,,,,,,,2,16 cm,,True,False,"<P>Een lot met één zilveren suikerstrooilepel met een ajour bewerkte bak en bladvormige steel en zilveren sauslepel met parelrand op sierlijk gevormde steel, beide Nederlands gekeurd met o.a. 2e gehalte leeuw,</P>
<P>Gewicht 99 gram</P>;<P>A lot with one silver sugar spoon with an openwork bowl and leaf-shaped handle and a silver sauce spoon with a pearl rim on an elegantly shaped handle, both hallmarked with the Dutch hallmark including the 2nd grade lion,</P>

<P>Weight 99 grams</P>;;zilver^;;2233;16 cm;Silver^;", (-),https://lotimages.blob.core.windows.net/medusa/13beb99d-a4d7-478f-bdcb-4801bb3e0bb0_TH.png,2,2026-09-07T17:15:45+00:00,2026-09-07T21:00:45+00:00,False,,0,0,80,1,80,1,,,,,,,0,0,2026-08-21T13:30:31.3745993+00:00
815101,medusa,MA-2026-4,138,Lots en Diversen,22331, 2234, ,1,"<P>Een set klassieke zilveren 'zuil' kandelaren met ronde voet en geribbelde schacht, voet gevuld, Nederlands gekeurd met 2e gehalte leeuw en 'V-maantje' ( Kon. Zilverfabriek N.V.) jaarletter 'D' (1938),</P>
<P>Gewicht 515 gram (bruto)</P>Condition report upon request",,100,300,,,,,,,2,"16,5 x 7,5 cm",,True,False,"<P>Een set klassieke zilveren 'zuil' kandelaren met ronde voet en geribbelde schacht, voet gevuld, Nederlands gekeurd met 2e gehalte leeuw en 'V-maantje' ( Kon. Zilverfabriek N.V.) jaarletter 'D' (1938),</P>
<P>Gewicht 515 gram (bruto)</P>;<P>A set of classic silver 'column' candlesticks with a round base and ribbed shaft, filled base, Dutch hallmarked with a 2nd grade lion and 'V-crescent' (Kon. Zilverfabriek N.V.) year letter 'D' (1938),</P>

<P>Weight 515 grams (gross)</P>;;zilver^;;2234;16,5 x 7,5 cm;Silver^;", (-),https://lotimages.blob.core.windows.net/medusa/50f4e830-4dd3-47ec-b99a-f358a8924082_TH.png,3,2026-09-07T17:15:45+00:00,2026-09-07T21:00:45+00:00,False,,0,0,100,1,100,1,,,,,,,0,0,2026-08-21T13:30:32.0180695+00:00
815102,medusa,MA-2026-4,138,Lots en Diversen,22332, 2235, ,1,"<P>Een lot van drie zgn flessenbakken/onderzetters, één in&nbsp;zilver en 2 verzilverd,</P>
<P>&nbsp;</P>Condition report upon request",,50,150,,,,,,,3,"10 cm - 11,5cm - 15 cm",,True,False,"<P>Een lot van drie zgn flessenbakken/onderzetters, één in&nbsp;zilver en 2 verzilverd,</P>
<P>&nbsp;</P>;<P>A lot of three so-called bottle holders/coasters, one silver and 2 silver-plated,</P>

<P></P>;;zilver^;;2235;10 cm - 11,5cm - 15 cm;Silver^;", (-),https://lotimages.blob.core.windows.net/medusa/efbb876a-a366-4e40-bd8c-3047adf16916_TH.png,3,2026-09-07T17:15:45+00:00,2026-09-07T21:00:45+00:00,False,,0,0,50,1,50,1,,,,,,,0,0,2026-08-21T13:30:32.6185441+00:00
815103,medusa,MA-2026-4,138,Lots en Diversen,22334, 2236, ,1,"<P>Een zilveren Art-deco theepot met houten handvat en deksel knop, Nederlands gekeurd met 2e gehalte leeuw, meesterteken 'B **' (mogelijk&nbsp;C.L.J. Begeer),</P>
<P>Gewicht 244 gram</P>Condition report upon request",,150,300,,,,,,,1,18 x 11 cm,,True,False,"<P>Een zilveren Art-deco theepot met houten handvat en deksel knop, Nederlands gekeurd met 2e gehalte leeuw, meesterteken 'B **' (mogelijk&nbsp;C.L.J. Begeer),</P>
<P>Gewicht 244 gram</P>;<P>A silver Art Deco teapot with wooden handle and lid knob, Dutch hallmarked with 2nd grade lion, maker's mark 'B **' (possibly C.L.J. Begeer),</P>

<P>Weight 244 grams</P>;;zilver^;;2236;18 x 11 cm;Silver^;", (-),https://lotimages.blob.core.windows.net/medusa/e68faf10-b1c3-41c5-ae94-2948eb325752_TH.png,3,2026-09-07T17:15:45+00:00,2026-09-07T21:00:45+00:00,False,,0,0,150,1,150,1,,,,,,,0,0,2026-08-21T13:30:33.183561+00:00
815104,medusa,MA-2026-4,138,Lots en Diversen,22335, 2237, ,1,"<P>Een lot bestaande uit twee zilveren doosjes, één&nbsp;met een drie compartimenten verdeelde binnenkant en ribbel buitenkant, één&nbsp;kussenvormige met&nbsp;gecontourneerde rand en gedecoreerd met Biedermeier graveerwerk, beide Nederlands gekeurd met o.a. 2e gehalte leeuw,</P>
<P>116 gram</P>Condition report upon request",,80,120,,,,,,,2,"6 cm en 7,5 cm",,True,False,"<P>Een lot bestaande uit twee zilveren doosjes, één&nbsp;met een drie compartimenten verdeelde binnenkant en ribbel buitenkant, één&nbsp;kussenvormige met&nbsp;gecontourneerde rand en gedecoreerd met Biedermeier graveerwerk, beide Nederlands gekeurd met o.a. 2e gehalte leeuw,</P>
<P>116 gram</P>;<P>A lot consisting of two silver boxes, one with a three-compartment interior and ribbed exterior, one cushion-shaped with a contoured rim and decorated with Biedermeier engraving, both hallmarked with the Dutch hallmark including the 2nd grade lion,</P>

<P>116 grams</P>;;zilver^;;2237;6 cm en 7,5 cm;Silver^;", (-),https://lotimages.blob.core.windows.net/medusa/f4cd9be1-c240-4e3d-828e-2f0b7c01e25a_TH.png,2,2026-09-07T17:15:45+00:00,2026-09-07T21:00:45+00:00,False,,0,0,80,1,80,1,,,,,,,0,0,2026-08-21T13:30:33.7450375+00:00
815105,medusa,MA-2026-4,138,Lots en Diversen,22336, 2238, ,1,"<P>Een zilveren theepot gedecoreerd met klassieke parelrand en sierlijke schenktuit en handvat met daarbij room of melkkan met klassieke&nbsp;parelrand, beide Nederlands gekeurd met 'VK -maan' (Van Kempen) theepot 1e gehalte leeuw, kan 2e gehalte leeuw,</P>
<P>Gewicht 542 gram</P>Condition report upon request",,300,600,,,,,,,2,,,True,False,"<P>Een zilveren theepot gedecoreerd met klassieke parelrand en sierlijke schenktuit en handvat met daarbij room of melkkan met klassieke&nbsp;parelrand, beide Nederlands gekeurd met 'VK -maan' (Van Kempen) theepot 1e gehalte leeuw, kan 2e gehalte leeuw,</P>
<P>Gewicht 542 gram</P>;<P>A silver teapot decorated with a classic pearl rim and elegant spout and handle, accompanied by a cream or milk jug with a classic pearl rim, both hallmarked with the Dutch 'VK-moon' (Van Kempen) teapot 1st grade lion, jug 2nd grade lion,</P>

<P>Weight 542 grams</P>;;zilver^;;2238;;Silver^;", (-),https://lotimages.blob.core.windows.net/medusa/064d7fd0-9346-4a44-a1b4-b6b982996565_TH.png,2,2026-09-07T17:15:45+00:00,2026-09-07T21:00:45+00:00,False,,0,0,300,1,300,1,,,,,,,0,0,2026-08-21T13:30:34.3157047+00:00
815106,medusa,MA-2026-4,138,Lots en Diversen,22337, 2239, ,1,"<P>Een lot van drie zilveren trompet/soliflore vaasjes met gevulde voet, allen Nederlands gekeurd, met 2e gehalte leeuw of zwaardje, (randjes&nbsp;wat gedeukt)</P>
<P>Gewicht 240 gram (bruto)</P>Condition report upon request",,50,150,,,,,,,3,10 - 13 cm,,True,False,"<P>Een lot van drie zilveren trompet/soliflore vaasjes met gevulde voet, allen Nederlands gekeurd, met 2e gehalte leeuw of zwaardje, (randjes&nbsp;wat gedeukt)</P>
<P>Gewicht 240 gram (bruto)</P>;<P>A lot of three silver trumpet/soliflore vases with filled bases, all hallmarked Dutch, with 2nd grade lion or sword mark, (rims slightly dented)</P>

<P>Weight 240 grams (gross)</P>;;zilver^;;2239;10 - 13 cm;Silver^;", (-),https://lotimages.blob.core.windows.net/medusa/fe461664-3905-4ed6-baab-60a67871d849_TH.png,3,2026-09-07T17:15:45+00:00,2026-09-07T21:00:45+00:00,False,,0,0,50,1,50,1,,,,,,,0,0,2026-08-21T13:30:34.9174463+00:00
815107,medusa,MA-2026-4,138,Lots en Diversen,22338, 2240, ,1,"<P>Een lot&nbsp;zilver bestaande uit een bonbonmandje, asbak (800) en taartschepje, gemerkt met 2e gehalte leeuw of 'zwaardje' en '800',</P>
<P>Gewicht 142 gram</P>Condition report upon request",,100,200,,,,,,,3,"15 x 8 cm / 9 x 6,5 cm / 14 x 5 cm",,True,False,"<P>Een lot&nbsp;zilver bestaande uit een bonbonmandje, asbak (800) en taartschepje, gemerkt met 2e gehalte leeuw of 'zwaardje' en '800',</P>
<P>Gewicht 142 gram</P>;<P>A lot of silver consisting of a bonbon basket, ashtray (800) and cake server, marked with 2nd grade lion or 'small sword' and '800',</P>

<P>Weight 142 grams</P>;;zilver^;;2240;15 x 8 cm / 9 x 6,5 cm / 14 x 5 cm;Silver^;", (-),https://lotimages.blob.core.windows.net/medusa/4770c807-0d0b-41a3-94bd-2ec8b2270334_TH.png,2,2026-09-07T17:15:45+00:00,2026-09-07T21:00:45+00:00,False,,0,0,100,1,100,1,,,,,,,0,0,2026-08-21T13:30:35.5044314+00:00
815108,medusa,MA-2026-4,138,Lots en Diversen,22339, 2241, ,1,"<P>Een lot diverse zilveren theezeefjes en bakjes, waarvan één verzilverd, allen gemerkt met 'zwaardje of 2e gehalte leeuw,</P>
<P>Gewicht 134 gram ( enkel het zilver)</P>
<P>&nbsp;</P>Condition report upon request",,75,200,,,,,,,5,4 - 10 cm,,True,False,"<P>Een lot diverse zilveren theezeefjes en bakjes, waarvan één verzilverd, allen gemerkt met 'zwaardje of 2e gehalte leeuw,</P>
<P>Gewicht 134 gram ( enkel het zilver)</P>
<P>&nbsp;</P>;<P>A lot of various silver tea strainers and bowls, one of which is silver-plated, all marked with a 'small sword' or 'second grade lion',</P>

<P>Weight 134 grams (silver only)</P>

<P></P>;;zilver^;;2241;4 - 10 cm;Silver^;", (-),https://lotimages.blob.core.windows.net/medusa/c014f6a6-a89e-4549-8a84-845417be8503_TH.png,2,2026-09-07T17:15:45+00:00,2026-09-07T21:00:45+00:00,False,,0,0,75,1,100,1,,,,,,,0,0,2026-08-21T13:30:36.0833049+00:00
815109,medusa,MA-2026-4,138,Lots en Diversen,22340, 2242, ,1,"<P>Een zilveren theekomfoor op vier sierlijkepoten klauw-en-bal motief, Nederlands gekeurd met&nbsp;1e gehalte leeuw, 'VC - bloem' en jaarletter 'M' (+/- 1821)</P>
<P>Gewicht 246 gram</P>Condition report upon request",,150,450,,,,,,,1,12 x 11 cm ,,True,False,"<P>Een zilveren theekomfoor op vier sierlijkepoten klauw-en-bal motief, Nederlands gekeurd met&nbsp;1e gehalte leeuw, 'VC - bloem' en jaarletter 'M' (+/- 1821)</P>
<P>Gewicht 246 gram</P>;<P>A silver tea warmer on four ornate feet with a claw-and-ball motif, Dutch hallmarked with 1st grade lion, 'VC - flower' and year letter 'M' (+/- 1821)</P>

<P>Weight 246 grams</P>;;zilver^;;2242;12 x 11 cm ;Silver^;", (-),https://lotimages.blob.core.windows.net/medusa/cae6edf0-5b72-4e65-a5b5-5fae6e7e61f5_TH.png,2,2026-09-07T17:15:45+00:00,2026-09-07T21:00:45+00:00,False,,0,0,150,1,150,1,,,,,,,0,0,2026-08-21T13:30:36.6621221+00:00
815110,medusa,MA-2026-4,138,Lots en Diversen,22341, 2243, ,1,"<P>Een antieke zilveren visschep met ajour en gegraveerd blad met florale motieven en houten handvat, keur onduidelijk mogelijk Frans,</P>
<P>Gewicht 136 gram</P>
<P>&nbsp;</P>
<P>&nbsp;</P>Condition report upon request",,50,150,,,,,,,1,33 cm,,True,False,"<P>Een antieke zilveren visschep met ajour en gegraveerd blad met florale motieven en houten handvat, keur onduidelijk mogelijk Frans,</P>
<P>Gewicht 136 gram</P>
<P>&nbsp;</P>
<P>&nbsp;</P>;<P>An antique silver fish serving spoon with openwork and engraved blade with floral motifs and wooden handle, hallmark unclear, possibly French,</P>

<P>Weight 136 grams</P>

<P></P>
<P></P>;;zilver^;;2243;33 cm;Silver^;", (-),https://lotimages.blob.core.windows.net/medusa/af4ad460-9faa-4ee9-8eee-026c1b0187bd_TH.png,2,2026-09-07T17:15:45+00:00,2026-09-07T21:00:45+00:00,False,,0,0,50,1,50,1,,,,,,,0,0,2026-08-21T13:30:37.2783799+00:00
815111,medusa,MA-2026-4,138,Lots en Diversen,22342, 2244, ,1,"<P>Een lot bestaande uit twee zilveren beugeltasjes en een zilveren&nbsp;naaldenkoker&nbsp;incl inhoud, Gekeurd met zwaardje of '800', </P>
<P>Gewicht 92 gram&nbsp; </P>Condition report upon request",,50,150,,,,,,,3,7 x 6 cm  /  7 cm,,True,False,"<P>Een lot bestaande uit twee zilveren beugeltasjes en een zilveren&nbsp;naaldenkoker&nbsp;incl inhoud, Gekeurd met zwaardje of '800', </P>
<P>Gewicht 92 gram&nbsp; </P>;<P>A lot consisting of two silver clasp pouches and a silver needle case including contents, Hallmarked with a small sword or '800', </P>

<P>Weight 92 grams </P>;;zilver^;;2244;7 x 6 cm  /  7 cm;Silver^;", (-),https://lotimages.blob.core.windows.net/medusa/734cc012-df68-428f-aa91-893f2d7d0d2c_TH.png,2,2026-09-07T17:15:45+00:00,2026-09-07T21:00:45+00:00,False,,0,0,50,1,50,1,,,,,,,0,0,2026-08-21T13:30:37.8609127+00:00
815112,medusa,MA-2026-4,138,Lots en Diversen,22343, 2245, ,1,"<P>Een zilveren punchlepel met schelp- of waaierdesign met getorste houten handvat, geen keur, getest op zilver,</P>
<P>Gewicht 30 gram</P>Condition report upon request",,50,150,,,,,,,1,36 cm,,True,False,"<P>Een zilveren punchlepel met schelp- of waaierdesign met getorste houten handvat, geen keur, getest op zilver,</P>
<P>Gewicht 30 gram</P>;<P>A silver punch spoon with shell or fan design with twisted wooden handle, no hallmark, tested for silver,</P>

<P>Weight 30 grams</P>;;zilver^;;2245;36 cm;Silver^;", (-),https://lotimages.blob.core.windows.net/medusa/aeec7f29-3513-407b-9313-c753e88d547b_TH.png,2,2026-09-07T17:15:45+00:00,2026-09-07T21:00:45+00:00,False,,0,0,50,1,50,1,,,,,,,0,0,2026-08-21T13:30:38.4360093+00:00
815113,medusa,MA-2026-4,138,Lots en Diversen,22370, 2246, ,1,"<P>Een antieke grote zilveren blaker, Engels gekeurd, keuren zga weg gepoetst.</P>
<P>Gewicht 192 gram</P>Condition report upon request",,200,600,,,,,,,1,9 x 16 cm,,True,False,"<P>Een antieke grote zilveren blaker, Engels gekeurd, keuren zga weg gepoetst.</P>
<P>Gewicht 192 gram</P>;<P>An antique large silver candlestick, English hallmarked, hallmarks almost polished away.</P>

<P>Weight 192 grams</P>;;zilver^;;2246;9 x 16 cm;Silver^;", (-),https://lotimages.blob.core.windows.net/medusa/1a8d6e63-7ec4-4212-a5b3-837e465723a7_TH.png,3,2026-09-07T17:15:45+00:00,2026-09-07T21:00:45+00:00,False,,0,0,200,1,200,1,,,,,,,0,0,2026-08-21T13:30:39.014378+00:00
815114,medusa,MA-2026-4,138,Lots en Diversen,22360, 2247, ,1,"Een sterling zilveren miniatuur in de vorm van een envelop, circa 1910. Gewicht 4,3 gram.Condition report upon request",,20,40,,,,,,,1,4 x 3 cm.,,True,False,"Een sterling zilveren miniatuur in de vorm van een envelop, circa 1910. Gewicht 4,3 gram.;A sterling silver miniature in the shape of an envelope, circa 1910. Weight 4.3 grams.;;zilver^;;2247;4 x 3 cm.;Silver^;", (-),https://lotimages.blob.core.windows.net/medusa/76588610-2eff-40e9-9556-995ccee8e49d_TH.png,3,2026-09-07T17:15:45+00:00,2026-09-07T21:00:45+00:00,False,,0,0,20,1,20,1,,,,,,,0,0,2026-08-21T13:30:39.5944507+00:00
815115,medusa,MA-2026-4,138,Lots en Diversen,22369, 2248, ,1,"<P>Een zilveren vaasje/lepelbekertje Nederlands gekeurd 2e gehalte zilver.</P>
<P>gewicht 93 gram</P>Condition report upon request",,80,120,,,,,,,1,10 cm,,True,False,"<P>Een zilveren vaasje/lepelbekertje Nederlands gekeurd 2e gehalte zilver.</P>
<P>gewicht 93 gram</P>;<P>A small silver vase/spoon cup, Dutch hallmarked 2nd grade silver.</P>

<P>Weight 93 grams</P>;;zilver^;;2248;10 cm;Silver^;", (-),https://lotimages.blob.core.windows.net/medusa/63050ef8-c230-408d-be6c-82c11b1c101b_TH.png,3,2026-09-07T17:15:45+00:00,2026-09-07T21:00:45+00:00,False,,0,0,80,1,80,1,,,,,,,0,0,2026-08-21T13:30:40.1649875+00:00
815116,medusa,MA-2026-4,138,Lots en Diversen,22368, 2249, ,1,"<P>Een ajour gezaagde zilveren brood/bonbon mandje , Nederlands gekeurd 2e gehalte zilver.</P>
<P>Gewicht 192 gram</P>
<P>&nbsp;</P>Condition report upon request",,150,350,,,,,,,1,,,True,False,"<P>Een ajour gezaagde zilveren brood/bonbon mandje , Nederlands gekeurd 2e gehalte zilver.</P>
<P>Gewicht 192 gram</P>
<P>&nbsp;</P>;<P>An openwork sawed silver bread/bonbon basket, Dutch hallmarked 2nd grade silver.</P>

<P>Weight 192 grams</P>

<P></P>;;zilver^;;2249;;Silver^;", (-),https://lotimages.blob.core.windows.net/medusa/40976ccb-b56f-4f7b-bc30-c91c225cf0d2_TH.png,4,2026-09-07T17:15:45+00:00,2026-09-07T21:00:45+00:00,False,,0,0,150,1,150,1,,,,,,,0,0,2026-08-21T13:30:40.7454061+00:00
815117,medusa,MA-2026-4,138,Lots en Diversen,22359, 2250, ,1,"Een zilveren scheepsmodel, voorzien van vlaggenmasten en kanonnen. Ongemerkt, getoetst op zilver. Totaalgewicht 845 gram.Condition report upon request",,500,1500,,,,,,,1,"20,5 x 23 cm.",,True,False,"Een zilveren scheepsmodel, voorzien van vlaggenmasten en kanonnen. Ongemerkt, getoetst op zilver. Totaalgewicht 845 gram.;A silver ship model, equipped with flagpoles and cannons. Unmarked, tested for silver. Total weight 845 grams.;;zilver^;;2250;20,5 x 23 cm.;Silver^;", (-),https://lotimages.blob.core.windows.net/medusa/c508ee41-1b3e-4d82-9fe7-a2e948c8a99a_TH.png,3,2026-09-07T17:15:45+00:00,2026-09-07T21:00:45+00:00,False,,0,0,500,1,500,1,,,,,,,0,0,2026-08-21T13:30:41.3238644+00:00
815118,medusa,MA-2026-4,138,Lots en Diversen,22544, 2251, ,1,"Een verzameling divers kristal, waaronder meerdere delen met zilveren beslag, daarbij een set zilveren koffielepeltjes.Condition report upon request",,50,100,,,,,,,1,,,True,False,"Een verzameling divers kristal, waaronder meerdere delen met zilveren beslag, daarbij een set zilveren koffielepeltjes.;A collection of various crystal, including several pieces with silver fittings, along with a set of silver coffee spoons.;;Glas^;zilver^;;2251;;Glass^;Silver^;", (-),https://lotimages.blob.core.windows.net/medusa/e162bdb5-59da-4a38-b984-0f5fc2140055_TH.png,3,2026-09-07T17:15:45+00:00,2026-09-07T21:00:45+00:00,False,,0,0,50,1,50,1,,,,,,,0,0,2026-08-21T13:30:41.9273667+00:00
815119,medusa,MA-2026-4,138,Lots en Diversen,22356, 2252, ,1,"<P>Een lot bestaande uit een zilveren strooier, lepel en kristal op zilveren voet, Nederlands gekeurd met o.a. 'zwaardje',</P>
<P>Gewicht 276 gram (bruto)</P>Condition report upon request",,50,150,,,,,,,3,10 - 13 cm,,True,False,"<P>Een lot bestaande uit een zilveren strooier, lepel en kristal op zilveren voet, Nederlands gekeurd met o.a. 'zwaardje',</P>
<P>Gewicht 276 gram (bruto)</P>;<P>A lot consisting of a silver shaker, spoon, and crystal on a silver base, Dutch hallmarked with, among others, a 'small sword',</P>

<P>Weight 276 grams (gross)</P>;;zilver^;;2252;10 - 13 cm;Silver^;", (-),https://lotimages.blob.core.windows.net/medusa/696f0b75-87a4-445e-a298-82ac2c9165e3_TH.png,2,2026-09-07T17:15:45+00:00,2026-09-07T21:00:45+00:00,False,,0,0,50,1,50,1,,,,,,,0,0,2026-08-21T13:30:42.5419231+00:00
815120,medusa,MA-2026-4,138,Lots en Diversen,22344, 2253, ,1,"<P>Een zilveren inktstel (gevuld)&nbsp;met gegraveerde Biedermeijer motief en&nbsp;twee kristallen inktpotjes met zilveren deksel, gekeurd met o.a. 2e gehalte leeuw,</P>
<P>Gewicht 168 gram ( bruto en zonder glaswerk)</P>
<P>&nbsp;</P>Condition report upon request",,100,300,,,,,,,1,16x9x10 cm,,True,False,"<P>Een zilveren inktstel (gevuld)&nbsp;met gegraveerde Biedermeijer motief en&nbsp;twee kristallen inktpotjes met zilveren deksel, gekeurd met o.a. 2e gehalte leeuw,</P>
<P>Gewicht 168 gram ( bruto en zonder glaswerk)</P>
<P>&nbsp;</P>;<P>A silver inkwell (filled) with engraved Biedermeier motif and two crystal inkwells with silver lids, hallmarked with, among others, the 2nd grade lion,</P>

<P>Weight 168 grams (gross and without glassware)</P>

<P></P>;;zilver^;;2253;16x9x10 cm;Silver^;", (-),https://lotimages.blob.core.windows.net/medusa/b31acd30-faeb-4dcb-ae1a-cdfa956ee9a5_TH.png,2,2026-09-07T17:15:45+00:00,2026-09-07T21:00:45+00:00,False,,0,0,100,1,100,1,,,,,,,0,0,2026-08-21T13:30:43.109347+00:00
815121,medusa,MA-2026-4,138,Lots en Diversen,22345, 2254, ,1,"<P>Een lot bestaande uit diverse kristallen met zilver beslag, Nederlands gekeurd met o.a. 'zwaardje' en 830,</P>
<P>Gewicht 844 gram ( bruto!)</P>Condition report upon request",,50,150,,,,,,,6,5 - 10 cm,,True,False,"<P>Een lot bestaande uit diverse kristallen met zilver beslag, Nederlands gekeurd met o.a. 'zwaardje' en 830,</P>
<P>Gewicht 844 gram ( bruto!)</P>;<P>A lot consisting of various crystals with silver fittings, Dutch hallmarked with, among others, 'small sword' and 830,</P>

<P>Weight 844 grams (gross!)</P>;;zilver^;;2254;5 - 10 cm;Silver^;", (-),https://lotimages.blob.core.windows.net/medusa/7654877b-9b91-4dab-88bb-e02926ea544d_TH.png,2,2026-09-07T17:15:45+00:00,2026-09-07T21:00:45+00:00,False,,0,0,50,1,50,1,,,,,,,0,0,2026-08-21T13:30:43.7124393+00:00
815122,medusa,MA-2026-4,138,Lots en Diversen,22346, 2255, ,1,"Lot diverse verzilverde objecten waaronder een dienblad,bestek en blaker.Condition report upon request",,30,60,,,,,,,1,,,True,False,"Lot diverse verzilverde objecten waaronder een dienblad,bestek en blaker.;Lot of various silver-plated objects including a tray, cutlery, and candlestick.;;verzilverd^;;2255;;Plate^;", (-),https://lotimages.blob.core.windows.net/medusa/95272fc2-e069-44c3-bcb3-e5dc169dc6ad_TH.png,1,2026-09-07T17:15:45+00:00,2026-09-07T21:00:45+00:00,False,,0,0,30,1,30,1,,,,,,,0,0,2026-08-21T13:30:44.2908514+00:00
815123,medusa,MA-2026-4,138,Lots en Diversen,22347, 2256, ,1,"Groot diverse verzilverd bestek van diverse makers en in diverse formaten, in bijgevoegde casette.Condition report upon request",,50,150,,,,,,,1,,,True,False,"Groot diverse verzilverd bestek van diverse makers en in diverse formaten, in bijgevoegde casette.;Large diverse silver-plated cutlery set by various makers and in various sizes, in the enclosed case.;;verzilverd^;;2256;;Plate^;", (-),https://lotimages.blob.core.windows.net/medusa/ff88c91e-6575-4763-a890-84260f5af03f_TH.png,2,2026-09-07T17:15:45+00:00,2026-09-07T21:00:45+00:00,False,,0,0,50,1,50,1,,,,,,,0,0,2026-08-21T13:30:44.8744569+00:00
815124,medusa,MA-2026-4,138,Lots en Diversen,21816, 2257, ,1,"Een 72-delig, verguld Solingen Louis XV, modell 900 in koffer. Met certificaten. Condition report upon request",,100,200,,,,,,,1,,,True,False,"Een 72-delig, verguld Solingen Louis XV, modell 900 in koffer. Met certificaten. ;A 72-piece, gilded Solingen Louis XV, Model 900, in a case. With certificates.;;Diversen^;;2257;;Miscellaneous^;", (-),https://lotimages.blob.core.windows.net/medusa/87ccc042-1c72-4c56-ad2d-530908e8359a_TH.png,4,2026-09-07T17:15:45+00:00,2026-09-07T21:00:45+00:00,False,,0,0,100,1,100,1,,,,,,,0,0,2026-08-21T13:30:45.4330893+00:00
815125,medusa,MA-2026-4,138,Lots en Diversen,22348, 2258, ,1,"Een set porseleinen kop en schotels gedecoreerd met figuren, antiquiteiten en wolkmotief, gemerkt, Chia-Ch'ing. China, circa 1800. Enkele haarlijnen. Condition report upon request",,200,600,,,,,,,1,"Diam. 13,5 cm.",,True,False,"Een set porseleinen kop en schotels gedecoreerd met figuren, antiquiteiten en wolkmotief, gemerkt, Chia-Ch'ing. China, circa 1800. Enkele haarlijnen. ;A set of porcelain cups and saucers decorated with figures, antiquities, and a cloud motif, marked Chia-Ch'ing. China, circa 1800. Some hairline cracks.;;China^;Chinees porselein^;;2258;Diam. 13,5 cm.;China^;Chinese porcelain^;", (-),https://lotimages.blob.core.windows.net/medusa/aa0627fb-3dc7-4000-b991-08c1d8bcf2f9_TH.png,4,2026-09-07T17:15:45+00:00,2026-09-07T21:00:45+00:00,False,,0,0,200,1,200,1,,,,,,,0,0,2026-08-21T13:30:46.0008361+00:00
815126,medusa,MA-2026-4,138,Lots en Diversen,22349, 2259, ,1,"Twee porseleinen dekselvazen in reliëf en bloemen decor. China, Kangxi. Een deksel hersteld.Condition report upon request",,200,400,,,,,,,2,"H. 20,5 cm.",,True,False,"Twee porseleinen dekselvazen in reliëf en bloemen decor. China, Kangxi. Een deksel hersteld.;Two porcelain lidded vases in relief and floral decoration. China, Kangxi. One lid restored.;;China^;Chinees porselein^;Kangxi^;;2259;H. 20,5 cm.;China^;Chinese porcelain^;Kangxi^;", (-),https://lotimages.blob.core.windows.net/medusa/fe428986-ee12-4d94-b265-a129b26bde0c_TH.png,3,2026-09-07T17:15:45+00:00,2026-09-07T21:00:45+00:00,False,,0,0,200,1,200,1,,,,,,,0,0,2026-08-21T13:30:46.569144+00:00
815127,medusa,MA-2026-4,138,Lots en Diversen,22350, 2260, ,1,"Een porseleinen theebus gedecoreerd met lijzen en spelend zotje, gemerkt Lingzhi aan de onderzijde. Voorzien van zilveren stop. China kangxi.Condition report upon request",,800,2400,,,,,,,1,"H. 19,5 cm.",,True,False,"Een porseleinen theebus gedecoreerd met lijzen en spelend zotje, gemerkt Lingzhi aan de onderzijde. Voorzien van zilveren stop. China kangxi.;A porcelain tea caddy decorated with Lies and a playful jester, marked Lingzhi on the underside. Fitted with a silver stopper. China Kangxi.;;China^;Chinees porselein^;Kangxi^;;2260;H. 19,5 cm.;China^;Chinese porcelain^;Kangxi^;", (-),https://lotimages.blob.core.windows.net/medusa/53fc5e11-3679-4f2f-b5d8-9c7759fa7af8_TH.png,3,2026-09-07T17:15:45+00:00,2026-09-07T21:00:45+00:00,False,,0,0,800,1,800,1,,,,,,,0,0,2026-08-21T13:30:47.16045+00:00
815128,medusa,MA-2026-4,138,Lots en Diversen,22351, 2261, ,1,"Een set vanvier kop en schotels met decor van kwartel decor. China, Kangxi. Randschade.Condition report upon request",,50,150,,,,,,,4,Diam. 11 cm.,,True,False,"Een set vanvier kop en schotels met decor van kwartel decor. China, Kangxi. Randschade.;A set of four cups and saucers with quail decoration. China, Kangxi. Rim damage.;;China^;Chinees porselein^;Kangxi^;;2261;Diam. 11 cm.;China^;Chinese porcelain^;Kangxi^;", (-),https://lotimages.blob.core.windows.net/medusa/7140ebc1-44a3-40ee-a116-fe0ce1e54e7a_TH.png,4,2026-09-07T17:15:45+00:00,2026-09-07T21:00:45+00:00,False,,0,0,50,1,50,1,,,,,,,0,0,2026-08-21T13:30:47.7380698+00:00
815129,medusa,MA-2026-4,138,Lots en Diversen,22352, 2262, ,1,"Een set van acht kop en schotels met florale decoratie in perken en figuren binnenin. China, Kangxi. Lichte randschade.Condition report upon request",,350,650,,,,,,,8,"Diam. 13,5 cm.",,True,False,"Een set van acht kop en schotels met florale decoratie in perken en figuren binnenin. China, Kangxi. Lichte randschade.;A set of eight cups and saucers with floral decoration in borders and figures inside. China, Kangxi. Slight rim damage.;;China^;Chinees porselein^;Kangxi^;;2262;Diam. 13,5 cm.;China^;Chinese porcelain^;Kangxi^;", (-),https://lotimages.blob.core.windows.net/medusa/b2389d64-9aee-4976-a1dd-2cec2eaf4d3f_TH.png,4,2026-09-07T17:15:45+00:00,2026-09-07T21:00:45+00:00,False,,0,0,350,1,300,1,,,,,,,0,0,2026-08-21T13:30:48.345281+00:00
815130,medusa,MA-2026-4,138,Lots en Diversen,22353, 2263, ,1,"Een lot van vier porselein borden, in diverse condities.Condition report upon request",,50,100,,,,,,,4,"Diam. 21,5 cm.",,True,False,"Een lot van vier porselein borden, in diverse condities.;A lot of four porcelain plates, in various conditions.;;China^;Chinees porselein^;;2263;Diam. 21,5 cm.;China^;Chinese porcelain^;", (-),https://lotimages.blob.core.windows.net/medusa/dede9373-2ab0-4658-8307-35ea5d9d82e2_TH.png,5,2026-09-07T17:15:45+00:00,2026-09-07T21:00:45+00:00,False,,0,0,50,1,50,1,,,,,,,0,0,2026-08-21T13:30:48.9244438+00:00
815131,medusa,MA-2026-4,138,Lots en Diversen,22354, 2264, ,1,Een lot divers Chinees porselein bestaande uit o.a borden en vazen. Diverse periode en condities.Condition report upon request,,50,150,,,,,,,1,,,True,False,"Een lot divers Chinees porselein bestaande uit o.a borden en vazen. Diverse periode en condities.;A lot of diverse Chinese porcelain consisting of plates and vases, among other things. Various periods and conditions.;;China^;Chinees porselein^;Kangxi^;;2264;;China^;Chinese porcelain^;Kangxi^;", (-),https://lotimages.blob.core.windows.net/medusa/1a32768d-e1f4-4406-b0c1-c5c264459659_TH.png,5,2026-09-07T17:15:45+00:00,2026-09-07T21:00:45+00:00,False,,0,0,50,1,50,1,,,,,,,0,0,2026-08-21T13:30:49.4959004+00:00
815132,medusa,MA-2026-4,138,Lots en Diversen,22355, 2265, ,1,Lot divers gekleurd Chinees porselein waaronder <SPAN><EM>Wu Shuang Pu. Diverse conditie's.</EM></SPAN>Condition report upon request,,50,150,,,,,,,1,,,True,False,Lot divers gekleurd Chinees porselein waaronder <SPAN><EM>Wu Shuang Pu. Diverse conditie's.</EM></SPAN>;Lot of various colored Chinese porcelain including <SPAN><EM>Wu Shuang Pu. Various conditions.</EM></SPAN>;;China^;Chinees porselein^;;2265;;China^;Chinese porcelain^;, (-),https://lotimages.blob.core.windows.net/medusa/220c0432-15ef-4976-85e8-621216314c1e_TH.png,6,2026-09-07T17:15:45+00:00,2026-09-07T21:00:45+00:00,False,,0,0,50,1,50,1,,,,,,,0,0,2026-08-21T13:30:50.0764881+00:00
815133,medusa,MA-2026-4,138,Lots en Diversen,22357, 2266, ,1,Een grote collectie 'antiek'&nbsp;glaswerk waaronder roemers en uranium glas.Condition report upon request,,50,150,,,,,,,1,,,True,False,"Een grote collectie 'antiek'&nbsp;glaswerk waaronder roemers en uranium glas.;A large collection of 'antique' glassware, including roemers and uranium glass.;;Diversen^;Glas^;;2266;;Miscellaneous^;Glass^;", (-),https://lotimages.blob.core.windows.net/medusa/e4e33765-306b-47de-a111-6c4f9c6d4e0b_TH.png,1,2026-09-07T17:15:45+00:00,2026-09-07T21:00:45+00:00,False,,0,0,50,1,50,1,,,,,,,0,0,2026-08-21T13:30:50.6748636+00:00
815134,medusa,MA-2026-4,138,Lots en Diversen,22358, 2267, ,1,"Een uitgebreid antiek aardewerk Wedgwood servies, bestaande uit o.a borden en terinnes. Enkele objecten in gebruikte staat.Condition report upon request",,100,300,,,,,,,1,,,True,False,"Een uitgebreid antiek aardewerk Wedgwood servies, bestaande uit o.a borden en terinnes. Enkele objecten in gebruikte staat.;An extensive antique Wedgwood earthenware service, consisting of plates and tureens, among other items. Some items are in used condition.;;Aardewerk^;;2267;;Croquery^;", (-),https://lotimages.blob.core.windows.net/medusa/99d040b7-660e-4756-9365-f2bd6a23ffca_TH.png,4,2026-09-07T17:15:45+00:00,2026-09-07T21:00:45+00:00,False,,0,0,100,1,100,1,,,,,,,0,0,2026-08-21T13:30:51.2868566+00:00
815135,medusa,MA-2026-4,138,Lots en Diversen,22371, 2268, ,1,"Een lot bestaande uit twee porseleinen schotels, Japan, 18e/19e eeuw.Condition report upon request",,50,150,,,,,,,2,"21,5 - 26 cm.",,True,False,"Een lot bestaande uit twee porseleinen schotels, Japan, 18e/19e eeuw.;A lot consisting of two porcelain plates, Japan, 18th/19th century.;;Japan^;Japans porselein^;;2268;21,5 - 26 cm.;Japan^;Japanese Porcelain^;", (-),https://lotimages.blob.core.windows.net/medusa/03e98e0d-23d6-4f7a-a69b-6f1f5c529caf_TH.png,2,2026-09-07T17:15:45+00:00,2026-09-07T21:00:45+00:00,False,,0,0,50,1,50,1,,,,,,,0,0,2026-08-21T13:30:51.9070322+00:00
815136,medusa,MA-2026-4,138,Lots en Diversen,22372, 2269, ,1,"Een lot divers Japans porselein, gedecoreerd met verschillende motieven. 18e/19e eeuw.Condition report upon request",,80,120,,,,,,,5,Diam. 15 - 22 cm.,,True,False,"Een lot divers Japans porselein, gedecoreerd met verschillende motieven. 18e/19e eeuw.;A lot of diverse Japanese porcelain, decorated with various motifs. 18th/19th century.;;Japan^;Japans porselein^;;2269;Diam. 15 - 22 cm.;Japan^;Japanese Porcelain^;", (-),https://lotimages.blob.core.windows.net/medusa/f42e5134-dfe3-4155-aaa8-c0d4bf57a3a8_TH.png,6,2026-09-07T17:15:45+00:00,2026-09-07T21:00:45+00:00,False,,0,0,80,1,80,1,,,,,,,0,0,2026-08-21T13:30:52.476905+00:00
815137,medusa,MA-2026-4,138,Lots en Diversen,22470, 2270, ,1,"Een grote Koreaanse celadon meiping-vaas, gedecoreerd met kraanvogels. Gesigneerd aan de onderzijde. Circa 1980.Condition report upon request",,80,120,,,,,,,1,H. 45 cm.,,True,False,"Een grote Koreaanse celadon meiping-vaas, gedecoreerd met kraanvogels. Gesigneerd aan de onderzijde. Circa 1980.;A large Korean celadon meiping vase, decorated with cranes. Signed on the bottom. Circa 1980.;;Aardewerk^;Aziatica^;;2270;H. 45 cm.;Croquery^;Asian Art^;", (-),https://lotimages.blob.core.windows.net/medusa/7e7f6b50-a0ec-4336-8a82-5a29620d1a83_TH.png,3,2026-09-07T17:15:45+00:00,2026-09-07T21:00:45+00:00,False,,0,0,80,1,80,1,,,,,,,0,0,2026-08-21T13:30:53.0616438+00:00
815138,medusa,MA-2026-4,138,Lots en Diversen,22469, 2271, ,1,"Een Koreaanse celadonvaas, vervaardigd door Song Ho Kim, Song-Wol Kiln, in de Hae Gang-traditie, gesigneerd en gestempeld. Circa 1980.Condition report upon request",,400,800,,,,,,,1,H. 27 cm.,,True,False,"Een Koreaanse celadonvaas, vervaardigd door Song Ho Kim, Song-Wol Kiln, in de Hae Gang-traditie, gesigneerd en gestempeld. Circa 1980.;A Korean celadon vase, crafted by Song Ho Kim, Song-Wol Kiln, in the Hae Gang tradition, signed and stamped. Circa 1980.;;Aardewerk^;Aziatica^;;2271;H. 27 cm.;Croquery^;Asian Art^;", (-),https://lotimages.blob.core.windows.net/medusa/5004d597-c826-4d52-bba6-fcdf0588b653_TH.png,2,2026-09-07T17:15:45+00:00,2026-09-07T21:00:45+00:00,False,,0,0,400,1,400,1,,,,,,,0,0,2026-08-21T13:30:53.6461511+00:00
815139,medusa,MA-2026-4,138,Lots en Diversen,22391, 2272, ,1,"Een porseleinen boeren-Ming kendi, daarbij drie gemberpotten China, 17e &amp; 19e&nbsp;eeuw.Condition report upon request",,80,120,,,,,,,4,H. 26 cm.,,True,False,"Een porseleinen boeren-Ming kendi, daarbij drie gemberpotten China, 17e &amp; 19e&nbsp;eeuw.;A porcelain peasant Ming kendi, together with three ginger jars, China, 17th & 19th century.;;Aziatica^;China^;;2272;H. 26 cm.;Asian Art^;China^;", (-),https://lotimages.blob.core.windows.net/medusa/3bfd867c-0d99-4143-9f09-960ede87c17f_TH.png,3,2026-09-07T17:15:45+00:00,2026-09-07T21:00:45+00:00,False,,0,0,80,1,80,1,,,,,,,0,0,2026-08-21T13:30:54.2357508+00:00
815140,medusa,MA-2026-4,138,Lots en Diversen,22392, 2273, ,1,"Een porseleinen dekselterrine met landschapsdecor, uitgevoerd in een zeldzaam model. China, Qianlong-periode. Met diverse restauraties.Condition report upon request",,50,150,,,,,,,1,22 x 27 cm.,,True,False,"Een porseleinen dekselterrine met landschapsdecor, uitgevoerd in een zeldzaam model. China, Qianlong-periode. Met diverse restauraties.;A porcelain lidded tureen with landscape decoration, executed in a rare model. China, Qianlong period. With various restorations.;;China^;Chinees porselein^;porselein^;;2273;22 x 27 cm.;China^;Chinese porcelain^;Porcelain^;", (-),https://lotimages.blob.core.windows.net/medusa/c480c46b-effc-4a45-b486-028a6dfa3df3_TH.png,3,2026-09-07T17:15:45+00:00,2026-09-07T21:00:45+00:00,False,,0,0,50,1,50,1,,,,,,,0,0,2026-08-21T13:30:54.8871079+00:00
815141,medusa,MA-2026-4,138,Lots en Diversen,22452, 2274, ,1,"Een Chinese porseleinen sprenkelaar met hoge hals, Kangxi-periode, circa 1700. Met oude scherfherstelling.Condition report upon request",,100,300,,,,,,,1,H. 19  cm.,,True,False,"Een Chinese porseleinen sprenkelaar met hoge hals, Kangxi-periode, circa 1700. Met oude scherfherstelling.;A Chinese porcelain sprinkler with a high neck, Kangxi period, circa 1700. With old pottery repair.;;China^;Chinees porselein^;;2274;H. 19  cm.;China^;Chinese porcelain^;", (-),https://lotimages.blob.core.windows.net/medusa/b4d0b1da-7281-4a63-ade5-a3d543e074bb_TH.png,3,2026-09-07T17:15:45+00:00,2026-09-07T21:00:45+00:00,False,,0,0,100,1,100,1,,,,,,,0,0,2026-08-21T13:30:55.4867719+00:00
815142,medusa,MA-2026-4,138,Lots en Diversen,22453, 2275, ,1,"Drie gedrukte ronde vaasjes, uitgevoerd naar het model van een gemberpot. China, 19e eeuw of eerder.Condition report upon request",,20,40,,,,,,,1,7 x 8 cm.,,True,False,"Drie gedrukte ronde vaasjes, uitgevoerd naar het model van een gemberpot. China, 19e eeuw of eerder.;Three printed round vases, made after the model of a ginger jar. China, 19th century or earlier.;;China^;Chinees porselein^;;2275;7 x 8 cm.;China^;Chinese porcelain^;", (-),https://lotimages.blob.core.windows.net/medusa/3fc6d340-4380-4bb8-be67-4e0605bd2fe2_TH.png,2,2026-09-07T17:15:45+00:00,2026-09-07T21:00:45+00:00,False,,0,0,20,1,20,1,,,,,,,0,0,2026-08-21T13:30:56.0536539+00:00
815143,medusa,MA-2026-4,138,Lots en Diversen,22454, 2276, ,1,"Twee kleine Chinese porseleinen kop en schotels met floraal decor, Kangxi-periode, gemerkt aan de onderzijde. Enkele chips.Condition report upon request",,50,150,,,,,,,1,"Diam. 7,5 cm.",,True,False,"Twee kleine Chinese porseleinen kop en schotels met floraal decor, Kangxi-periode, gemerkt aan de onderzijde. Enkele chips.;Two small Chinese porcelain cups and saucers with floral decoration, Kangxi period, marked on the underside. Some chips.;;China^;Chinees porselein^;;2276;Diam. 7,5 cm.;China^;Chinese porcelain^;", (-),https://lotimages.blob.core.windows.net/medusa/161b5858-89ab-44de-bd81-99080d378258_TH.png,3,2026-09-07T17:15:45+00:00,2026-09-07T21:00:45+00:00,False,,0,0,50,1,50,1,,,,,,,0,0,2026-08-21T13:30:56.6604327+00:00
815144,medusa,MA-2026-4,138,Lots en Diversen,22459, 2277, ,1,"Twee 18e-eeuwse Chinese porseleinen dekselvazen met landschapsdecor, waarvan één exemplaar beschadigd.Condition report upon request",,80,120,,,,,,,1,"H. 17,5 cm.",,True,False,"Twee 18e-eeuwse Chinese porseleinen dekselvazen met landschapsdecor, waarvan één exemplaar beschadigd.;Two 18th-century Chinese porcelain lidded vases with landscape decoration, one of which is damaged.;;China^;Chinees porselein^;;2277;H. 17,5 cm.;China^;Chinese porcelain^;", (-),https://lotimages.blob.core.windows.net/medusa/e7e0bc8e-da67-4041-b465-edbba142e806_TH.png,2,2026-09-07T17:15:45+00:00,2026-09-07T21:00:45+00:00,False,,0,0,80,1,80,1,,,,,,,0,0,2026-08-21T13:30:57.2416134+00:00
815145,medusa,MA-2026-4,138,Lots en Diversen,22457, 2278, ,1,"Een lot Chinees porselein, bestaande uit vier schoteltjes en vijf Imari-kopjes met floraal decor. China, 18e eeuw.Condition report upon request",,50,150,,,,,,,1,,,True,False,"Een lot Chinees porselein, bestaande uit vier schoteltjes en vijf Imari-kopjes met floraal decor. China, 18e eeuw.;A lot of Chinese porcelain, consisting of four saucers and five Imari cups with floral decoration. China, 18th century.;;China^;Chinees porselein^;;2278;;China^;Chinese porcelain^;", (-),https://lotimages.blob.core.windows.net/medusa/3e94e522-bc6b-4cc4-86e6-a0b7f705eda2_TH.png,4,2026-09-07T17:15:45+00:00,2026-09-07T21:00:45+00:00,False,,0,0,50,1,50,1,,,,,,,0,0,2026-08-21T13:30:57.8277634+00:00
815146,medusa,MA-2026-4,138,Lots en Diversen,22456, 2279, ,1,Een lot bestaande uit drie miniatuurvaasjes en een zilveren olie- en azijnhouder met bijbehorende Chinese porseleinen vaasjes.Condition report upon request,,100,300,,,,,,,1,,,True,False,Een lot bestaande uit drie miniatuurvaasjes en een zilveren olie- en azijnhouder met bijbehorende Chinese porseleinen vaasjes.;A lot consisting of three miniature vases and a silver oil and vinegar holder with matching Chinese porcelain vases.;;China^;Chinees porselein^;;2279;;China^;Chinese porcelain^;, (-),https://lotimages.blob.core.windows.net/medusa/f306d2b1-0471-445e-a8fd-785e1db6f9eb_TH.png,2,2026-09-07T17:15:45+00:00,2026-09-07T21:00:45+00:00,False,,0,0,100,1,100,1,,,,,,,0,0,2026-08-21T13:30:58.4210767+00:00
815147,medusa,MA-2026-4,138,Lots en Diversen,22596, 2280, ,1,"Een lot divers Chinees porselein, bestaande uit onder andere dekselpotten en snuff bottles. China, 18e–19e eeuw. Diverse conditie's.Condition report upon request",,50,150,,,,,,,1,,,True,False,"Een lot divers Chinees porselein, bestaande uit onder andere dekselpotten en snuff bottles. China, 18e–19e eeuw. Diverse conditie's.;A lot of diverse Chinese porcelain, consisting of lidded jars and snuff bottles, among others. China, 18th–19th century. Various conditions.;;China^;Chinees porselein^;;2280;;China^;Chinese porcelain^;", (-),https://lotimages.blob.core.windows.net/medusa/946d2481-4a2f-4457-91b0-1919292c6c6d_TH.png,7,2026-09-07T17:15:45+00:00,2026-09-07T21:00:45+00:00,False,,0,0,50,1,50,1,,,,,,,0,0,2026-08-21T13:30:59.016444+00:00
815148,medusa,MA-2026-4,138,Lots en Diversen,22387, 2281, ,1,"Een bruin spekstenen figuur van een wijsgeer, China, 19e eeuw.Condition report upon request",,50,150,,,,,,,1,18 x 12 cm.,,True,False,"Een bruin spekstenen figuur van een wijsgeer, China, 19e eeuw.;A brown soapstone figure of a sage, China, 19th century.;;Aziatica^;Aziatisch brons^;;2281;18 x 12 cm.;Asian Art^;Asian bronze^;", (-),https://lotimages.blob.core.windows.net/medusa/cc0db0c0-f99a-4830-a9d1-5ca52c700a1e_TH.png,5,2026-09-07T17:15:45+00:00,2026-09-07T21:00:45+00:00,False,,0,0,50,1,50,1,,,,,,,0,0,2026-08-21T13:30:59.60052+00:00
815149,medusa,MA-2026-4,138,Lots en Diversen,22571, 2282, ,1,"Een 19e-eeuwse Chinese bronzen wierookbrander met opengewerkt deksel, bekroond met een Foo-dog.Condition report upon request",,50,150,,,,,,,1,27 x 18 cm.,,True,False,"Een 19e-eeuwse Chinese bronzen wierookbrander met opengewerkt deksel, bekroond met een Foo-dog.;A 19th-century Chinese bronze incense burner with an openwork lid, topped with a Foo dog.;;Aziatica^;Aziatisch brons^;China^;;2282;27 x 18 cm.;Asian Art^;Asian bronze^;China^;", (-),https://lotimages.blob.core.windows.net/medusa/29f7a4f4-767e-445a-a8b5-274c79fb2034_TH.png,4,2026-09-07T17:15:45+00:00,2026-09-07T21:00:45+00:00,False,,0,0,50,1,50,1,,,,,,,0,0,2026-08-21T13:31:00.1618962+00:00
815150,medusa,MA-2026-4,138,Lots en Diversen,22455, 2283, ,1,"Een kristallen bokaal met deksel, voorzien van gegraveerde decoratie. 19e/20e eeuw.Condition report upon request",,20,40,,,,,,,1,H. 28 cm.,,True,False,"Een kristallen bokaal met deksel, voorzien van gegraveerde decoratie. 19e/20e eeuw.;A crystal goblet with lid, featuring engraved decoration. 19th/20th century.;;Glas^;;2283;H. 28 cm.;Glass^;", (-),https://lotimages.blob.core.windows.net/medusa/d8f2f5f3-2f3c-4fe0-b743-e555cf3b6915_TH.png,2,2026-09-07T17:15:45+00:00,2026-09-07T21:00:45+00:00,False,,0,0,20,1,20,1,,,,,,,0,0,2026-08-21T13:31:00.7221361+00:00
815151,medusa,MA-2026-4,138,Lots en Diversen,22444, 2284, ,1,"Twee 18e-eeuwse slingerglazen, beide voorzien van een rood-witte glasslinger in de steel.Condition report upon request",,100,300,,,,,,,2,H. 16 cm. ,,True,False,"Twee 18e-eeuwse slingerglazen, beide voorzien van een rood-witte glasslinger in de steel.;Two 18th-century pendulum glasses, both fitted with a red and white glass pendulum in the stem.;;Glas^;;2284;H. 16 cm. ;Glass^;", (-),https://lotimages.blob.core.windows.net/medusa/8192092f-4ea1-4e73-a97e-56978f536821_TH.png,2,2026-09-07T17:15:45+00:00,2026-09-07T21:00:45+00:00,False,,0,0,100,1,100,1,,,,,,,0,0,2026-08-21T13:31:01.3786604+00:00
815152,medusa,MA-2026-4,138,Lots en Diversen,22524, 2285, ,1,"Een verzameling divers Boheems glaswerk, bestaande uit onder andere schalen, coupes en een vaas.Condition report upon request",,30,90,,,,,,,1,,,True,False,"Een verzameling divers Boheems glaswerk, bestaande uit onder andere schalen, coupes en een vaas.;A collection of diverse Bohemian glassware, consisting of bowls, coupes, and a vase, among other things.;;Glas^;;2285;;Glass^;", (-),https://lotimages.blob.core.windows.net/medusa/a1094ff2-da53-4bb2-99cd-c15243c49652_TH.png,3,2026-09-07T17:15:45+00:00,2026-09-07T21:00:45+00:00,False,,0,0,30,1,30,1,,,,,,,0,0,2026-08-21T13:31:01.9687454+00:00
815153,medusa,MA-2026-4,138,Lots en Diversen,21123, 2286, ,1,Lot bestaande uit twee antieke wandelstokken met zilveren heft. Condition report upon request,,40,80,,,,,,,2,L. 80 - 90 cm.,,True,False,Lot bestaande uit twee antieke wandelstokken met zilveren heft. ;Lot consisting of two antique walking sticks with silver handles.;;Diversen^;zilver^;;2286;L. 80 - 90 cm.;Miscellaneous^;Silver^;, (-),https://lotimages.blob.core.windows.net/medusa/eceb9346-96eb-475d-af77-4aa4a9b2d43f_TH.png,2,2026-09-07T17:15:45+00:00,2026-09-07T21:00:45+00:00,False,,0,0,40,1,40,1,,,,,,,0,0,2026-08-21T13:31:02.5338148+00:00
815154,medusa,MA-2026-4,138,Lots en Diversen,22458, 2287, ,1,"Een kristallen suikerpotje met zilveren deksel en met zilveren Deense lepel, totaalgewicht 235 gram.Condition report upon request",,100,200,,,,,,,1,"8,5 x 14 cm. ",,True,False,"Een kristallen suikerpotje met zilveren deksel en met zilveren Deense lepel, totaalgewicht 235 gram.;A crystal sugar bowl with a silver lid and a silver Danish spoon, total weight 235 grams.;;zilver^;;2287;8,5 x 14 cm. ;Silver^;", (-),https://lotimages.blob.core.windows.net/medusa/069c2328-2ed9-4d7b-bfd2-82c6dc65d55d_TH.png,4,2026-09-07T17:15:45+00:00,2026-09-07T21:00:45+00:00,False,,0,0,100,1,100,1,,,,,,,0,0,2026-08-21T13:31:03.1113894+00:00
815155,medusa,MA-2026-4,138,Lots en Diversen,21886, 2288, ,1,"Een grote kristallen schaal met zilveren heft, gemerkt Val Saint Lambert. Condition report upon request",,50,100,,,,,,,1,Diam. 27 cm.,,True,False,"Een grote kristallen schaal met zilveren heft, gemerkt Val Saint Lambert. ;A large crystal bowl with a silver handle, marked Val Saint Lambert.;;Glas^;;2288;Diam. 27 cm.;Glass^;", (-),https://lotimages.blob.core.windows.net/medusa/f4f54bba-ca2b-4967-8e2c-6cbcead7e480_TH.png,2,2026-09-07T17:15:45+00:00,2026-09-07T21:00:45+00:00,False,,0,0,50,1,50,1,,,,,,,0,0,2026-08-21T13:31:03.681286+00:00
815156,medusa,MA-2026-4,138,Lots en Diversen,22460, 2289, ,1,"Een zilveren chocoladekan op komfoor in Biedermeier-stijl, vervaardigd in 1844 door J.D. Arnoldi &amp; J.W. Wielink, geplaatst op ebbenhouten basement. Totaalgewicht 1.175 gram.Condition report upon request",,1000,1500,,,,,,,1,H. 33 cm.,,True,False,"Een zilveren chocoladekan op komfoor in Biedermeier-stijl, vervaardigd in 1844 door J.D. Arnoldi &amp; J.W. Wielink, geplaatst op ebbenhouten basement. Totaalgewicht 1.175 gram.;A silver chocolate pot on a chafing stand in Biedermeier style, manufactured in 1844 by J.D. Arnoldi & J.W. Wielink, mounted on an ebony base. Total weight 1,175 grams.;;zilver^;;2289;H. 33 cm.;Silver^;", (-),https://lotimages.blob.core.windows.net/medusa/24000953-1104-483a-97b3-872284b42c7b_TH.png,6,2026-09-07T17:15:45+00:00,2026-09-07T21:00:45+00:00,False,,0,0,1000,1,1000,1,,,,,,,0,0,2026-08-21T13:31:04.2590524+00:00
815157,medusa,MA-2026-4,138,Lots en Diversen,22461, 2290, ,1,"Een zilveren tabakskomfoor met opengewerkte buitenrand en verguld interieur, rustend op vier gebogen pootjes. Amsterdam, 1793, vervaardigd door J.H. Schmidt (actief 1793–1798). Totaalgewicht 205 gram.Condition report upon request",,250,350,,,,,,,1,"10 x 16,5 cm.",,True,False,"Een zilveren tabakskomfoor met opengewerkte buitenrand en verguld interieur, rustend op vier gebogen pootjes. Amsterdam, 1793, vervaardigd door J.H. Schmidt (actief 1793–1798). Totaalgewicht 205 gram.;A silver tobacco warmer with an openwork outer rim and gilded interior, resting on four curved feet. Amsterdam, 1793, manufactured by J.H. Schmidt (active 1793–1798). Total weight 205 grams.;;zilver^;;2290;10 x 16,5 cm.;Silver^;", (-),https://lotimages.blob.core.windows.net/medusa/3220842a-c886-4774-91fd-cdd0ce54c5e4_TH.png,4,2026-09-07T17:15:45+00:00,2026-09-07T21:00:45+00:00,False,,0,0,250,1,250,1,,,,,,,0,0,2026-08-21T13:31:04.8304364+00:00
815158,medusa,MA-2026-4,138,Lots en Diversen,22462, 2291, ,1,"Een zilveren tabakspot en pijpenkomfoor op houten voeten, Biedermeier, vervaardigd door J. van der Vorst, Rotterdam, 1857. Voorzien van de opschriften: ‘Voor beleid en hulp betoond tot- en bij den herbouw hunner op den 10 Mei 1852 afgebrande kerk. Kerkvoogden van Simonshaven aan hun burgemeester J.D. Preuijt’ en ‘De dankbare ingezetenen van Simonshaven aan hun burgemeester J.D. Preuijt voor zijn tallooze zorgen bij- en na den plaatselijken brand van 9 en 10 mei 1852.’ Totaalgewicht 1.255 gram.Condition report upon request",,1000,2000,,,,,,,1,20 x 17 cm.,,True,False,"Een zilveren tabakspot en pijpenkomfoor op houten voeten, Biedermeier, vervaardigd door J. van der Vorst, Rotterdam, 1857. Voorzien van de opschriften: ‘Voor beleid en hulp betoond tot- en bij den herbouw hunner op den 10 Mei 1852 afgebrande kerk. Kerkvoogden van Simonshaven aan hun burgemeester J.D. Preuijt’ en ‘De dankbare ingezetenen van Simonshaven aan hun burgemeester J.D. Preuijt voor zijn tallooze zorgen bij- en na den plaatselijken brand van 9 en 10 mei 1852.’ Totaalgewicht 1.255 gram.;A silver tobacco pot and pipe warmer on wooden feet, Biedermeier, manufactured by J. van der Vorst, Rotterdam, 1857. Bearing the inscriptions: ‘For guidance and assistance shown for and during the rebuilding of their church, which burned down on May 10, 1852. Churchwardens of Simonshaven to their Mayor J.D. Preuijt’ and ‘The grateful inhabitants of Simonshaven to their Mayor J.D. Preuijt for his countless efforts during and after the local fire of May 9 and 10, 1852.’ Total weight 1,255 grams.;;zilver^;;2291;20 x 17 cm.;Silver^;", (-),https://lotimages.blob.core.windows.net/medusa/d3fe3264-610d-4369-b030-912e2e46800b_TH.png,7,2026-09-07T17:15:45+00:00,2026-09-07T21:00:45+00:00,False,,0,0,1000,1,1000,1,,,,,,,0,0,2026-08-21T13:31:05.4221759+00:00
815159,medusa,MA-2026-4,138,Lots en Diversen,22463, 2292, ,1,"Een zilveren vijfdelig theeservies, bestaande uit een theepot, melkkan, theebus, suikermand en bijpassende lepeldoos. Zwolle, 1826, vervaardigd door H. van Delden. Totaalgewicht 1.610 gram.Condition report upon request",,1700,2400,,,,,,,5,,,True,False,"Een zilveren vijfdelig theeservies, bestaande uit een theepot, melkkan, theebus, suikermand en bijpassende lepeldoos. Zwolle, 1826, vervaardigd door H. van Delden. Totaalgewicht 1.610 gram.;A five-piece silver tea set, consisting of a teapot, milk jug, tea caddy, sugar basket, and matching spoon box. Zwolle, 1826, manufactured by H. van Delden. Total weight 1,610 grams.;;zilver^;;2292;;Silver^;", (-),https://lotimages.blob.core.windows.net/medusa/567bf5d2-7b02-4a14-9aed-6da6834e3062_TH.png,4,2026-09-07T17:15:45+00:00,2026-09-07T21:00:45+00:00,False,,0,0,1700,1,1700,1,,,,,,,0,0,2026-08-21T13:31:05.4878467+00:00
815160,medusa,MA-2026-4,138,Lots en Diversen,22464, 2293, ,1,"Een zilveren rechthoekig komfoor, Amsterdam 1818, vervaardigd door J. Garrenhoff (actief 1812–1838), met bijpassende zilveren theepot met filetrand, vervaardigd door F.G. Bentveld (actief 1812–1853), gedateerd 1822. Totaalgewicht 966 gram.Condition report upon request",,600,1200,,,,,,,1,H. 25 cm.,,True,False,"Een zilveren rechthoekig komfoor, Amsterdam 1818, vervaardigd door J. Garrenhoff (actief 1812–1838), met bijpassende zilveren theepot met filetrand, vervaardigd door F.G. Bentveld (actief 1812–1853), gedateerd 1822. Totaalgewicht 966 gram.;A rectangular silver chafing dish, Amsterdam 1818, manufactured by J. Garrenhoff (active 1812–1838), with a matching silver teapot with a filigree rim, manufactured by F.G. Bentveld (active 1812–1853), dated 1822. Total weight 966 grams.;;zilver^;;2293;H. 25 cm.;Silver^;", (-),https://lotimages.blob.core.windows.net/medusa/be5c3e67-1a2f-44db-9970-874bcfccc05b_TH.png,4,2026-09-07T17:15:45+00:00,2026-09-07T21:00:45+00:00,False,,0,0,600,1,600,1,,,,,,,0,0,2026-08-21T13:31:06.0494751+00:00
815161,medusa,MA-2026-4,138,Lots en Diversen,22465, 2294, ,1,"Een zilveren rechthoekig bonbonmandje met hengsel, voorzien van greep, rand en standring met filetranden. Vervaardigd door G.Th. Egberts, Den Haag, 1819 (actief 1817–1821). Totaalgewicht 183 gram.Condition report upon request",,200,400,,,,,,,1,H. 13 cm.,,True,False,"Een zilveren rechthoekig bonbonmandje met hengsel, voorzien van greep, rand en standring met filetranden. Vervaardigd door G.Th. Egberts, Den Haag, 1819 (actief 1817–1821). Totaalgewicht 183 gram.;A rectangular silver bonbon basket with handle, featuring a grip, rim, and foot ring with filigree edges. Manufactured by G.Th. Egberts, The Hague, 1819 (active 1817–1821). Total weight 183 grams.;;zilver^;;2294;H. 13 cm.;Silver^;", (-),https://lotimages.blob.core.windows.net/medusa/55cf9e22-7bfc-4ce4-9625-7f45222a73ae_TH.png,4,2026-09-07T17:15:45+00:00,2026-09-07T21:00:45+00:00,False,,0,0,200,1,200,1,,,,,,,0,0,2026-08-21T13:31:06.6292464+00:00
815162,medusa,MA-2026-4,138,Lots en Diversen,22467, 2295, ,1,"Een zilveren suikermand met hengsel, gedateerd 1830. Totaalgewicht 183 gram.Condition report upon request",,200,300,,,,,,,1,"14,5 x 15 cm.",,True,False,"Een zilveren suikermand met hengsel, gedateerd 1830. Totaalgewicht 183 gram.;A silver sugar bowl with handle, dated 1830. Total weight 183 grams.;;zilver^;;2295;14,5 x 15 cm.;Silver^;", (-),https://lotimages.blob.core.windows.net/medusa/3d01fe23-901f-44bf-acaa-18134e12a685_TH.png,3,2026-09-07T17:15:45+00:00,2026-09-07T21:00:45+00:00,False,,0,0,200,1,200,1,,,,,,,0,0,2026-08-21T13:31:07.1965272+00:00
815163,medusa,MA-2026-4,138,Lots en Diversen,22086, 2296, ,1,"<STRONG>Aad de Haas (1920-1972).</STRONG> <EM>""Ecce Homo""</EM> uit: veertig passie prenten. linoleumsnede, gesigneerd (in potlood), c. 190 x120 mm.Condition report upon request",,50,100,,,,,,,1,,,True,False,"<STRONG>Aad de Haas (1920-1972).</STRONG> <EM>""Ecce Homo""</EM> uit: veertig passie prenten. linoleumsnede, gesigneerd (in potlood), c. 190 x120 mm.;<STRONG>Aad de Haas (1920-1972).</STRONG> <EM>""Ecce Homo""</EM> from: Forty Passion Prints. Linocut, signed (in pencil), c. 190 x 120 mm.;;Schilderijen^;;2296;;Paintings^;", (-),https://lotimages.blob.core.windows.net/medusa/607f6138-49a6-4f6e-af1a-482377f6f273_TH.png,3,2026-09-07T17:15:45+00:00,2026-09-07T21:00:45+00:00,False,,0,0,50,1,50,1,,,,,,,0,0,2026-08-21T13:31:07.7732283+00:00
815164,medusa,MA-2026-4,138,Lots en Diversen,11047, 2297, ,1,"<STRONG>Eugene Peters (geb. Eindhoven 1946),</STRONG> <EM>Kop van een Struisvogel, </EM>gesigneerd, en greannoteerd met titel (in potlood), en met preegstempel. Condition report upon request",,20,40,,,,,,,1,Plate: 24 x 10 cm. ,,True,False,"<STRONG>Eugene Peters (geb. Eindhoven 1946),</STRONG> <EM>Kop van een Struisvogel, </EM>gesigneerd, en greannoteerd met titel (in potlood), en met preegstempel. ;<STRONG>Eugene Peters (Eindhoven 1946),</STRONG> <EM>Head of an Ostrich,</EM>signed, and annotated with title (in pencil), and with embossed stamp.;;Schilderijen^;;2297;Plate: 24 x 10 cm. ;Paintings^;", (-),https://lotimages.blob.core.windows.net/medusa/7fe9b7b8-5c50-4be1-8b91-72d967543086_TH.png,4,2026-09-07T17:15:45+00:00,2026-09-07T21:00:45+00:00,False,,0,0,20,1,20,1,,,,,,,0,0,2026-08-21T13:31:08.3459245+00:00
815165,medusa,MA-2026-4,138,Lots en Diversen,22472, 2298, ,1,"<STRONG>Pablo Ruiz Picasso (1881–1973),</STRONG> naar – Vier bladen uit Le <EM>Goût du bonheur</EM>. <EM>Trois carnets d’atelier</EM>, Carnet I1970, naar tekeningen uit 1964 Een verzameling van vier grafische bladen naar tekeningen van Pablo Picasso, afkomstig uit de beroemde portfolio Le Goût du bonheur, bestaande uit: Carnet I, Planche 4, gedateerd in de voorstelling 4.5.64 II Carnet I, Planche 5, gedateerd in de voorstelling 4.5.64 III Carnet I, Planche 6, gedateerd in de voorstelling 4.5.64 IV Carnet I, Planche 7, gedateerd in de voorstelling 16.5.64 I bestaande uit drie zwart-wit en één kleuren facsimile-lithografie op Vélin Arches. De volledige internationale oplage bedroeg 1.998 exemplaren, verdeeld over drie edities van elk 666 exemplaren. Deze is uit: album no. 445/666 van Harry N. Abrams, New York. Gedrukt op Vélin d'Arches, Bladmaat: circa 33 × 25 cm elk. Literatuur: Patrick Cramer, Pablo Picasso, The Illustrated Books, nr. 148.",,100,300,,,,,,,1,,,True,False,"<STRONG>Pablo Ruiz Picasso (1881–1973),</STRONG> naar – Vier bladen uit Le <EM>Goût du bonheur</EM>. <EM>Trois carnets d’atelier</EM>, Carnet I1970, naar tekeningen uit 1964 Een verzameling van vier grafische bladen naar tekeningen van Pablo Picasso, afkomstig uit de beroemde portfolio Le Goût du bonheur, bestaande uit: Carnet I, Planche 4, gedateerd in de voorstelling 4.5.64 II Carnet I, Planche 5, gedateerd in de voorstelling 4.5.64 III Carnet I, Planche 6, gedateerd in de voorstelling 4.5.64 IV Carnet I, Planche 7, gedateerd in de voorstelling 16.5.64 I bestaande uit drie zwart-wit en één kleuren facsimile-lithografie op Vélin Arches. De volledige internationale oplage bedroeg 1.998 exemplaren, verdeeld over drie edities van elk 666 exemplaren. Deze is uit: album no. 445/666 van Harry N. Abrams, New York. Gedrukt op Vélin d'Arches, Bladmaat: circa 33 × 25 cm elk. Literatuur: Patrick Cramer, Pablo Picasso, The Illustrated Books, nr. 148.;<P>Pablo Ruiz Picasso (1881–1973), after – Four prints from *Le Goût du bonheur*. Trois carnets d’atelier, Carnet I 1970, after drawings from 1964 A collection of four prints after drawings by Pablo Picasso, taken from the famous portfolio *Le Goût du bonheur*, comprising: Carnet I, Plate 4, dated within the image 4.5.64 II Carnet I, Plate 5, dated 4 May 1964 within the illustration; III Carnet I, Plate 6, dated 4 May 1964 within the illustration; IV Carnet I, Plate 7, dated 16 May 1964 within the illustration; comprising three black-and-white and one colour facsimile lithograph on Arches Vélin. The total international print run amounted to 1,998 copies, divided into three editions of 666 copies each. This copy is from: album no. 445/666 from Harry N. Abrams, New York. Printed on Vélin d’Arches; sheet size: approximately 33 × 25 cm each. Bibliography: Patrick Cramer, *Pablo Picasso, The Illustrated Books*, no. 148.</P>;;Schilderijen^;;2298;;Paintings^;", (-),https://lotimages.blob.core.windows.net/medusa/0d42cd44-cba7-44c8-84ce-31b2fd7733fc_TH.png,5,2026-09-07T17:15:45+00:00,2026-09-07T21:00:45+00:00,False,,0,0,100,1,100,1,,,,,,,0,0,2026-08-21T13:31:08.9278698+00:00
815166,medusa,MA-2026-4,138,Lots en Diversen,22308, 2299, ,1,"<STRONG>Pablo Picasso (1881–1973),</STRONG> naar – Vier bladen uit <EM>Le Goût du bonheur – Trois carnets d’atelier</EM>, Carnet Inaar tekeningen uit 1964, uitgegeven 1970 Een verzameling van vier grafische bladen naar tekeningen van Pablo Picasso, bestaande uit: Couverture / Cover, met de data 25.4.64–20.5.64, naar de omslag van Picasso’s schetsboek; een rijk uitgewerkte figuur-/interieurstudie, gedateerd 25.4.64 in de voorstelling, Carnet I, planche 1; Le Taureau / The Bull, gedateerd 3.5.64, een uiterst gereduceerde lijnstudie waarin Picasso het motief van de stier terugbrengt tot enkele vloeiende contourlijnen; een zittende vrouwelijke figuurstudie, gedateerd 4.5.64 I, Carnet I, planche 3. facsimile-lithografie op Vélin Arches. uit: Uit album no. 445/666 van Harry N. Abrams, New York. Bladmaat: circa 33 × 25 cm elk. Literatuur: Patrick Cramer, Pablo Picasso, The Illustrated Books, nr. 148.",,100,300,,,,,,,1,,,True,False,"<STRONG>Pablo Picasso (1881–1973),</STRONG> naar – Vier bladen uit <EM>Le Goût du bonheur – Trois carnets d’atelier</EM>, Carnet Inaar tekeningen uit 1964, uitgegeven 1970 Een verzameling van vier grafische bladen naar tekeningen van Pablo Picasso, bestaande uit: Couverture / Cover, met de data 25.4.64–20.5.64, naar de omslag van Picasso’s schetsboek; een rijk uitgewerkte figuur-/interieurstudie, gedateerd 25.4.64 in de voorstelling, Carnet I, planche 1; Le Taureau / The Bull, gedateerd 3.5.64, een uiterst gereduceerde lijnstudie waarin Picasso het motief van de stier terugbrengt tot enkele vloeiende contourlijnen; een zittende vrouwelijke figuurstudie, gedateerd 4.5.64 I, Carnet I, planche 3. facsimile-lithografie op Vélin Arches. uit: Uit album no. 445/666 van Harry N. Abrams, New York. Bladmaat: circa 33 × 25 cm elk. Literatuur: Patrick Cramer, Pablo Picasso, The Illustrated Books, nr. 148.;<P>Pablo Picasso (1881–1973), after – Four prints from *Le Goût du bonheur – Trois carnets d’atelier*, *Carnet Inaar* drawings from 1964, published in 1970. A collection of four prints based on drawings by Pablo Picasso, comprising: Cover / Cover, dated 25 April 1964–20 May 1964, after the cover of Picasso’s sketchbook; a richly detailed figure and interior study, dated 25 April 1964 within the illustration, Carnet I, plate 1; Le Taureau / The Bull, dated 3 May 1964, an extremely simplified line study in which Picasso reduces the motif of the bull to a few flowing contour lines; a seated female figure study, dated 4 May 1964 I, Carnet I, planche 3. Facsimile lithograph on Arches Vélin. From: From album no. 445/666 by Harry N. Abrams, New York. Sheet size: approximately 33 × 25 cm each. Bibliography: Patrick Cramer, Pablo Picasso, The Illustrated Books, no. 148.</P>;;Schilderijen^;;2299;;Paintings^;", (-),https://lotimages.blob.core.windows.net/medusa/275d8444-9d33-43c3-90ce-f65d4788bffb_TH.png,5,2026-09-07T17:15:45+00:00,2026-09-07T21:00:45+00:00,False,,0,0,100,1,100,1,,,,,,,0,0,2026-08-21T13:31:09.5291296+00:00
815168,medusa,MA-2026-4,138,Lots en Diversen,22473, 2300, ,1,"<STRONG>Pablo Ruiz&nbsp;Picasso(1881–1973),&nbsp;</STRONG>naar.&nbsp;Vier bladen uit <EM>Le Goût du bonheur. Trois carnets d’atelier, Carnet I1970</EM>, naar tekeningen uit 1964 Een verzameling van vier grafische bladen naar tekeningen van Pablo Picasso, alle gedateerd in de voorstelling 16.5.64, genummerd II, III, IV en V. De bladen behoren tot Picasso’s bekende reeks Le Goût du bonheur, gebaseerd op drie schetsboeken die hij in 1964 vervaardigde. De uitgave verscheen op vélin d’Arches in drie edities van elk 666 exemplaren, voor Parijs, Bremen en New York. Onder meer te identificeren als Carnet I, planche 8 (16.5.64 II), planche 10 (16.5.64 IV) en planche 11 (16.5.64 V). Bladmaat: circa 33 × 25 cm elk. Deze zijn uit: album no. 445/666 van Harry N. Abrams, New York Literatuur: Patrick Cramer, Pablo Picasso, The Illustrated Books, nr. 148.",,100,300,,,,,,,1,,,True,False,"<STRONG>Pablo Ruiz&nbsp;Picasso(1881–1973),&nbsp;</STRONG>naar.&nbsp;Vier bladen uit <EM>Le Goût du bonheur. Trois carnets d’atelier, Carnet I1970</EM>, naar tekeningen uit 1964 Een verzameling van vier grafische bladen naar tekeningen van Pablo Picasso, alle gedateerd in de voorstelling 16.5.64, genummerd II, III, IV en V. De bladen behoren tot Picasso’s bekende reeks Le Goût du bonheur, gebaseerd op drie schetsboeken die hij in 1964 vervaardigde. De uitgave verscheen op vélin d’Arches in drie edities van elk 666 exemplaren, voor Parijs, Bremen en New York. Onder meer te identificeren als Carnet I, planche 8 (16.5.64 II), planche 10 (16.5.64 IV) en planche 11 (16.5.64 V). Bladmaat: circa 33 × 25 cm elk. Deze zijn uit: album no. 445/666 van Harry N. Abrams, New York Literatuur: Patrick Cramer, Pablo Picasso, The Illustrated Books, nr. 148.;<P>Pablo Ruiz Picasso (1881–1973), after. Four prints from *Le Goût du bonheur. Trois carnets d’atelier*, Carnet I 1970, after drawings from 1964. A collection of four prints after drawings by Pablo Picasso, all dated 16.5.64 within the image, numbered II, III, IV and V. The prints belong to Picasso’s well-known series *Le Goût du bonheur*, based on three sketchbooks he produced in 1964. The edition was printed on Arches vélin in three editions of 666 copies each, for Paris, Bremen and New York. Identifiable, amongst others, as Carnet I, plate 8 (16.5.64 II), plate 10 (16.5.64 IV) and plate 11 (16.5.64 V). Sheet size: approximately 33 × 25 cm each. These are from: album no. 445/666 from Harry N. Abrams, New York. Bibliography: Patrick Cramer, Pablo Picasso, The Illustrated Books, no. 148.</P>;;Schilderijen^;;2300;;Paintings^;", (-),https://lotimages.blob.core.windows.net/medusa/53c69c6a-df89-4133-af15-8d91979857b7_TH.png,5,2026-09-07T17:15:45+00:00,2026-09-07T21:00:45+00:00,False,,0,0,100,1,100,1,,,,,,,0,0,2026-08-21T13:31:10.6679575+00:00
815169,medusa,MA-2026-4,138,Lots en Diversen,22474, 2301, ,1,"<STRONG>Pablo Ruiz Picasso&nbsp;(1881–1973),&nbsp;</STRONG>naar<STRONG>.</STRONG>&nbsp;Vier bladen uit <EM>Le Goût du bonheur. Trois carnets d’atelier, Carnet I1970</EM>, naar tekeningen uit 1964 Een verzameling van vier kleurrijke grafische facsimilebladen naar tekeningen van Pablo Picasso, afkomstig uit de uitgave Le Goût du bonheur. Trois carnets d’atelier. De voorstellingen zijn in de plaat gedateerd 16.5.64 VI, 20.5.64 VII, 20.5.64 II en 20.5.64 I en behoren tot het eerste van de drie in 1964 vervaardigde schetsboeken. Gedrukt op vélin d’Arches. De complete uitgave verscheen in 1970 in een totale oplage van 1.998 exemplaren, verdeeld over drie edities van elk 666 exemplaren voor Parijs, Bremen en New York. Bladmaat: circa 33 × 25 cm elk. Deze zijn uit: album no. 445/666 van Harry N. Abrams, New York. Literatuur: Patrick Cramer, Pablo Picasso, The Illustrated Books, nr. 148.",,100,300,,,,,,,1,,,True,False,"<STRONG>Pablo Ruiz Picasso&nbsp;(1881–1973),&nbsp;</STRONG>naar<STRONG>.</STRONG>&nbsp;Vier bladen uit <EM>Le Goût du bonheur. Trois carnets d’atelier, Carnet I1970</EM>, naar tekeningen uit 1964 Een verzameling van vier kleurrijke grafische facsimilebladen naar tekeningen van Pablo Picasso, afkomstig uit de uitgave Le Goût du bonheur. Trois carnets d’atelier. De voorstellingen zijn in de plaat gedateerd 16.5.64 VI, 20.5.64 VII, 20.5.64 II en 20.5.64 I en behoren tot het eerste van de drie in 1964 vervaardigde schetsboeken. Gedrukt op vélin d’Arches. De complete uitgave verscheen in 1970 in een totale oplage van 1.998 exemplaren, verdeeld over drie edities van elk 666 exemplaren voor Parijs, Bremen en New York. Bladmaat: circa 33 × 25 cm elk. Deze zijn uit: album no. 445/666 van Harry N. Abrams, New York. Literatuur: Patrick Cramer, Pablo Picasso, The Illustrated Books, nr. 148.;Pablo Ruiz Picasso (1881–1973), after. Four plates from *Le Goût du bonheur. Trois carnets d’atelier*, Carnet I 1970, after drawings from 1964. A collection of four colourful graphic facsimile plates after drawings by Pablo Picasso, taken from the publication *Le Goût du bonheur. Trois carnets d’atelier. The illustrations are dated on the plates as 16 May 1964 VI, 20 May 1964 VII, 20 May 1964 II and 20 May 1964 I, and belong to the first of the three sketchbooks produced in 1964. Printed on Arches vélin. The complete edition was published in 1970 in a total print run of 1,998 copies, divided into three editions of 666 copies each for Paris, Bremen and New York. Sheet size: approximately 33 × 25 cm each. These are from: album no. 445/666 from Harry N. Abrams, New York. Bibliography: Patrick Cramer, Pablo Picasso, The Illustrated Books, no. 148.;;Schilderijen^;;2301;;Paintings^;", (-),https://lotimages.blob.core.windows.net/medusa/a6702800-308b-47e5-822a-878669a3a26d_TH.png,5,2026-09-07T17:15:45+00:00,2026-09-07T21:00:45+00:00,False,,0,0,100,1,100,1,,,,,,,0,0,2026-08-21T13:31:11.250573+00:00
815170,medusa,MA-2026-4,138,Lots en Diversen,22475, 2302, ,1,"<STRONG>Pablo Ruiz Picasso&nbsp;(1881–1973), </STRONG>naar.&nbsp;Vier bladen uit <EM>Le Goût du bonheur. Trois carnets d’atelier, Carnet I1970</EM>, naar tekeningen uit 1964 Een verzameling van vier kleurrijke grafische bladen naar tekeningen van Pablo Picasso, afkomstig uit de beroemde uitgave Le Goût du bonheur. Trois carnets d’atelier. Alle vier gedateerd in de voorstelling 20.5.64, respectievelijk voorzien van de Romeinse nummers III, IV, VI en VII. De bladen behoren tot Carnet I; de voorstelling gedateerd 20.5.64 III is geregistreerd als planche 16 en 20.5.64 IV als planche 17. Gedrukt op vélin d’Arches. De internationale uitgave verscheen in afzonderlijke edities van telkens 666 exemplaren; exemplaren zijn onder bekend uit de uitgave van Harry N. Abrams, New York. Bladmaat: circa 33 × 25 cm elk. Literatuur: Patrick Cramer, Pablo Picasso, The Illustrated Books, nr. 148.",,100,300,,,,,,,1,,,True,False,"<STRONG>Pablo Ruiz Picasso&nbsp;(1881–1973), </STRONG>naar.&nbsp;Vier bladen uit <EM>Le Goût du bonheur. Trois carnets d’atelier, Carnet I1970</EM>, naar tekeningen uit 1964 Een verzameling van vier kleurrijke grafische bladen naar tekeningen van Pablo Picasso, afkomstig uit de beroemde uitgave Le Goût du bonheur. Trois carnets d’atelier. Alle vier gedateerd in de voorstelling 20.5.64, respectievelijk voorzien van de Romeinse nummers III, IV, VI en VII. De bladen behoren tot Carnet I; de voorstelling gedateerd 20.5.64 III is geregistreerd als planche 16 en 20.5.64 IV als planche 17. Gedrukt op vélin d’Arches. De internationale uitgave verscheen in afzonderlijke edities van telkens 666 exemplaren; exemplaren zijn onder bekend uit de uitgave van Harry N. Abrams, New York. Bladmaat: circa 33 × 25 cm elk. Literatuur: Patrick Cramer, Pablo Picasso, The Illustrated Books, nr. 148.;<P>Pablo Ruiz Picasso (1881–1973), after. Four prints from *Le Goût du bonheur. Trois carnets d’atelier*, Carnet I 1970, after drawings from 1964. A collection of four colourful prints based on drawings by Pablo Picasso, taken from the famous publication *Le Goût du bonheur. Trois carnets d’atelier*. All four are dated 20 May 1964 within the illustration and are numbered III, IV, VI and VII respectively. The prints belong to Carnet I; the print dated 20.5.64 III is registered as planche 16 and 20.5.64 IV as planche 17. Printed on Arches vélin. The international edition was published in separate runs of 666 copies each; copies are known from the edition by Harry N. Abrams, New York. Sheet size: approximately 33 × 25 cm each. Bibliography: Patrick Cramer, Pablo Picasso, The Illustrated Books, no. 148.</P>;;Schilderijen^;;2302;;Paintings^;", (-),https://lotimages.blob.core.windows.net/medusa/e88a25ab-4396-468d-871d-1ae410f3aca4_TH.png,5,2026-09-07T17:15:45+00:00,2026-09-07T21:00:45+00:00,False,,0,0,100,1,100,1,,,,,,,0,0,2026-08-21T13:31:11.9019444+00:00
815171,medusa,MA-2026-4,138,Lots en Diversen,22476, 2303, ,1,"<STRONG>Pablo Ruiz Picasso&nbsp;(1881–1973), </STRONG>naar,&nbsp;Vier bladen uit <EM>Le Goût du bonheur. Trois carnets d’atelier, Carnet I1970</EM>, naar tekeningen van 20 mei 1964 Een fraaie reeks van vier opeenvolgende grafische bladen naar tekeningen van Pablo Picasso, afkomstig uit Le Goût du bonheur. Trois carnets d’atelier. Alle vier zijn gedateerd in de voorstelling 20.5.64 en respectievelijk genummerd VII, VIII, IX en X. Binnen Carnet I corresponderen deze met de late reeks planches 20–23. De serie werd in München gedrukt onder Picasso’s supervisie; de verschillende internationale uitgaven verschenen telkens in een oplage van 666 exemplaren. Deze zijn uit: album no. 445/666 van Harry N. Abrams, New York. Op Vélin d'&nbsp;Arches, Bladmaat: circa 33 × 25 cm elk. Literatuur: Patrick Cramer, Pablo Picasso, The Illustrated Books, nr. 148.",,100,300,,,,,,,1,,,True,False,"<STRONG>Pablo Ruiz Picasso&nbsp;(1881–1973), </STRONG>naar,&nbsp;Vier bladen uit <EM>Le Goût du bonheur. Trois carnets d’atelier, Carnet I1970</EM>, naar tekeningen van 20 mei 1964 Een fraaie reeks van vier opeenvolgende grafische bladen naar tekeningen van Pablo Picasso, afkomstig uit Le Goût du bonheur. Trois carnets d’atelier. Alle vier zijn gedateerd in de voorstelling 20.5.64 en respectievelijk genummerd VII, VIII, IX en X. Binnen Carnet I corresponderen deze met de late reeks planches 20–23. De serie werd in München gedrukt onder Picasso’s supervisie; de verschillende internationale uitgaven verschenen telkens in een oplage van 666 exemplaren. Deze zijn uit: album no. 445/666 van Harry N. Abrams, New York. Op Vélin d'&nbsp;Arches, Bladmaat: circa 33 × 25 cm elk. Literatuur: Patrick Cramer, Pablo Picasso, The Illustrated Books, nr. 148.;Pablo Ruiz Picasso (1881–1973), after *Le Goût du bonheur. Trois carnets d’atelier*, Carnet I 1970, after drawings of 20 May 1964 A fine series of four consecutive prints based on drawings by Pablo Picasso, taken from *Le Goût du bonheur. Trois carnets d’atelier*. All four are dated 20.5.64 within the image and numbered VII, VIII, IX and X respectively. Within Carnet I, these correspond to the late series of planches 20–23. The series was printed in Munich under Picasso’s supervision; the various international editions were each published in a print run of 666 copies. These are from: album no. 445/666 by Harry N. Abrams, New York. On Vélin d’Arches, sheet size: approximately 33 × 25 cm each. Bibliography: Patrick Cramer, Pablo Picasso, The Illustrated Books, no. 148.;;Schilderijen^;;2303;;Paintings^;", (-),https://lotimages.blob.core.windows.net/medusa/e25a95a6-eabe-4d16-a61b-34c5c4a5f4de_TH.png,5,2026-09-07T17:15:45+00:00,2026-09-07T21:00:45+00:00,False,,0,0,100,1,100,1,,,,,,,0,0,2026-08-21T13:31:12.4902855+00:00
815172,medusa,MA-2026-4,138,Lots en Diversen,22477, 2304, ,1,"<STRONG>Pablo Ruiz Picasso&nbsp;(1881–1973), </STRONG>naar<STRONG>,</STRONG>Vier bladen uit <EM>Le Goût du bonheur. Trois carnets d’atelier, Carnet II1970</EM>, naar tekeningen van 15 september 1964 Een verzameling van vier grafische facsimilebladen naar tekeningen van Pablo Picasso, afkomstig uit het tweede schetsboek van de portfolio Le Goût du bonheur. Trois carnets d’atelier. Dit tweede carnet bestrijkt de periode 15 september tot 6 oktober 1964. De groep bestaat uit drie karakteristieke kopstudies, alle gedateerd 15.9.64 en in de voorstelling genummerd I, II en III, aangevuld met het decoratief bewerkte Canson-omslagblad van Carnet II, voorzien van de datering van het betreffende schetsboek. De bladen 15.9.64 I en 15.9.64 III zijn gedocumenteerd als respectievelijk Carnet II, planche 1 en planche 3. Gedrukt op vélin d’Arches. Deze zijn uit: album no. 445/666 van Harry N. Abrams, New York. Bladmaat: circa 33 × 25 cm elk. Literatuur: Patrick Cramer, Pablo Picasso, The Illustrated Books, nr. 148.",,100,300,,,,,,,1,,,True,False,"<STRONG>Pablo Ruiz Picasso&nbsp;(1881–1973), </STRONG>naar<STRONG>,</STRONG>Vier bladen uit <EM>Le Goût du bonheur. Trois carnets d’atelier, Carnet II1970</EM>, naar tekeningen van 15 september 1964 Een verzameling van vier grafische facsimilebladen naar tekeningen van Pablo Picasso, afkomstig uit het tweede schetsboek van de portfolio Le Goût du bonheur. Trois carnets d’atelier. Dit tweede carnet bestrijkt de periode 15 september tot 6 oktober 1964. De groep bestaat uit drie karakteristieke kopstudies, alle gedateerd 15.9.64 en in de voorstelling genummerd I, II en III, aangevuld met het decoratief bewerkte Canson-omslagblad van Carnet II, voorzien van de datering van het betreffende schetsboek. De bladen 15.9.64 I en 15.9.64 III zijn gedocumenteerd als respectievelijk Carnet II, planche 1 en planche 3. Gedrukt op vélin d’Arches. Deze zijn uit: album no. 445/666 van Harry N. Abrams, New York. Bladmaat: circa 33 × 25 cm elk. Literatuur: Patrick Cramer, Pablo Picasso, The Illustrated Books, nr. 148.;Pablo Ruiz Picasso (1881–1973), after *Four sheets from *Le Goût du bonheur. Trois carnets d’atelier*, Carnet II, 1970, after drawings dated 15 September 1964*. A collection of four graphic facsimile sheets based on drawings by Pablo Picasso, taken from the second sketchbook of the portfolio *Le Goût du bonheur*. Trois carnets d’atelier. This second carnet covers the period from 15 September to 6 October 1964. The group consists of three characteristic head studies, all dated 15.9.64 and numbered I, II and III in the illustration, supplemented by the decoratively embellished Canson cover sheet of Carnet II, bearing the date of the sketchbook in question. The sheets 15.9.64 I and 15.9.64 III are documented as Carnet II, plate 1 and plate 3 respectively. Printed on Arches vélin. These are from: album no. 445/666 by Harry N. Abrams, New York. Sheet size: approximately 33 × 25 cm each. Bibliography: Patrick Cramer, Pablo Picasso, The Illustrated Books, no. 148.;;Schilderijen^;;2304;;Paintings^;", (-),https://lotimages.blob.core.windows.net/medusa/8daf0a22-10f5-4d73-97f3-9e795ec837a5_TH.png,5,2026-09-07T17:15:45+00:00,2026-09-07T21:00:45+00:00,False,,0,0,100,1,100,1,,,,,,,0,0,2026-08-21T13:31:13.0864223+00:00
815173,medusa,MA-2026-4,138,Lots en Diversen,22478, 2305, ,1,"<STRONG>Pablo Ruiz Picasso&nbsp;(1881–1973), </STRONG>naar.<STRONG> </STRONG>Vier bladen uit <EM>Le Goût du bonheur. Trois carnets d’atelier, Carnet II1970</EM>, naar tekeningen van 16 en 20 september 1964 Een fraaie verzameling van vier grafische facsimilebladen naar tekeningen van Pablo Picasso, afkomstig uit Carnet II van de beroemde portfolio Le Goût du bonheur. Trois carnets d’atelier. De bladen zijn in de voorstelling gedateerd en genummerd: 16.9.64 X – Carnet II, planche 4 20.9.64 I – Carnet II, planche 5 20.9.64 II – Carnet II, planche 6 20.9.64 III – Carnet II, planche 7 Daarmee vormt het kavel een aantrekkelijke reeks van vier opeenvolgende bladen uit hetzelfde schetsboek. Gedrukt op vélin d’Arches. Bladmaat: circa 33 × 25 cm elk. Deze zijn uit: album no. 445/666 van Harry N. Abrams, New York. Literatuur: Patrick Cramer, Pablo Picasso, The Illustrated Books, nr. 148.",,100,300,,,,,,,1,,,True,False,"<STRONG>Pablo Ruiz Picasso&nbsp;(1881–1973), </STRONG>naar.<STRONG> </STRONG>Vier bladen uit <EM>Le Goût du bonheur. Trois carnets d’atelier, Carnet II1970</EM>, naar tekeningen van 16 en 20 september 1964 Een fraaie verzameling van vier grafische facsimilebladen naar tekeningen van Pablo Picasso, afkomstig uit Carnet II van de beroemde portfolio Le Goût du bonheur. Trois carnets d’atelier. De bladen zijn in de voorstelling gedateerd en genummerd: 16.9.64 X – Carnet II, planche 4 20.9.64 I – Carnet II, planche 5 20.9.64 II – Carnet II, planche 6 20.9.64 III – Carnet II, planche 7 Daarmee vormt het kavel een aantrekkelijke reeks van vier opeenvolgende bladen uit hetzelfde schetsboek. Gedrukt op vélin d’Arches. Bladmaat: circa 33 × 25 cm elk. Deze zijn uit: album no. 445/666 van Harry N. Abrams, New York. Literatuur: Patrick Cramer, Pablo Picasso, The Illustrated Books, nr. 148.;Pablo Ruiz Picasso (1881–1973), after. Four sheets from *Le Goût du bonheur. Trois carnets d’atelier*, *Carnet II* 1970, after drawings dated 16 and 20 September 1964. A fine collection of four graphic facsimile sheets after drawings by Pablo Picasso, taken from *Carnet II* of the famous portfolio *Le Goût du bonheur*. Trois carnets d’atelier. The sheets are dated and numbered within the illustrations: 16.9.64 X – Carnet II, plate 4 20.9.64 I – Carnet II, plate 5 20.9.64 II – Carnet II, plate 6 20.9.64 III – Sketchbook II, plate 7. The lot thus comprises an attractive series of four consecutive sheets from the same sketchbook. Printed on Arches vélin. Sheet size: approximately 33 × 25 cm each. These are from: album no. 445/666 by Harry N. Abrams, New York. Bibliography: Patrick Cramer, Pablo Picasso, The Illustrated Books, no. 148.;;Schilderijen^;;2305;;Paintings^;", (-),https://lotimages.blob.core.windows.net/medusa/cc11ea88-80db-4508-91f0-741f4d6e1833_TH.png,5,2026-09-07T17:15:45+00:00,2026-09-07T21:00:45+00:00,False,,0,0,100,1,100,1,,,,,,,0,0,2026-08-21T13:31:13.6764008+00:00
815174,medusa,MA-2026-4,138,Lots en Diversen,22479, 2306, ,1,"<STRONG>Pablo Ruiz Picasso&nbsp;(1881–1973), </STRONG>naar.&nbsp;Vier bladen uit <EM>Le Goût du bonheur. Trois carnets d’atelier, Carnet II1970</EM>, naar tekeningen uit september 1964 Een verzameling van vier grafische facsimilebladen naar tekeningen van Pablo Picasso, afkomstig uit Carnet II van Le Goût du bonheur. Trois carnets d’atelier. De groep omvat onder meer composities gedateerd 20.9.64 IV en 23.9.64 I, II en III in de voorstelling. Deze corresponderen binnen Carnet II met de opeenvolgende planches 8–11. De bladen maken deel uit van de in 1970 uitgegeven portfolio Le Goût du bonheur, waarin 71 tekeningen uit drie door Picasso in 1964 vervaardigde schetsboeken werden gereproduceerd. Op Vélin Arches. Bladmaat: circa 33 × 25 cm elk. Deze zijn uit: album no. 445/666 van Harry N. Abrams, New York.&nbsp;Literatuur: Patrick Cramer, Pablo Picasso, The Illustrated Books, nr. 148.",,100,300,,,,,,,1,,,True,False,"<STRONG>Pablo Ruiz Picasso&nbsp;(1881–1973), </STRONG>naar.&nbsp;Vier bladen uit <EM>Le Goût du bonheur. Trois carnets d’atelier, Carnet II1970</EM>, naar tekeningen uit september 1964 Een verzameling van vier grafische facsimilebladen naar tekeningen van Pablo Picasso, afkomstig uit Carnet II van Le Goût du bonheur. Trois carnets d’atelier. De groep omvat onder meer composities gedateerd 20.9.64 IV en 23.9.64 I, II en III in de voorstelling. Deze corresponderen binnen Carnet II met de opeenvolgende planches 8–11. De bladen maken deel uit van de in 1970 uitgegeven portfolio Le Goût du bonheur, waarin 71 tekeningen uit drie door Picasso in 1964 vervaardigde schetsboeken werden gereproduceerd. Op Vélin Arches. Bladmaat: circa 33 × 25 cm elk. Deze zijn uit: album no. 445/666 van Harry N. Abrams, New York.&nbsp;Literatuur: Patrick Cramer, Pablo Picasso, The Illustrated Books, nr. 148.;<P>Pablo Ruiz Picasso (1881–1973), after. Four sheets from *Le Goût du bonheur. Trois carnets d’atelier*, *Carnet II* 1970, after drawings from September 1964 A collection of four facsimile prints based on drawings by Pablo Picasso, taken from *Carnet II* of *Le Goût du bonheur. Trois carnets d’atelier*. The group includes, amongst others, compositions dated 20.9.64 IV and 23.9.64 I, II and III as depicted. Within Carnet II, these correspond to the successive plates 8–11. The sheets form part of the portfolio *Le Goût du bonheur*, published in 1970, in which 71 drawings from three sketchbooks produced by Picasso in 1964 were reproduced. On Arches vélin. Sheet size: approximately 33 × 25 cm each. These are from: album no. 445/666 from Harry N. Abrams, New York. Bibliography: Patrick Cramer, Pablo Picasso, The Illustrated Books, no. 148.</P>;;Schilderijen^;;2306;;Paintings^;", (-),https://lotimages.blob.core.windows.net/medusa/558339ee-c6de-4179-9d6e-6414392e7332_TH.png,5,2026-09-07T17:15:45+00:00,2026-09-07T21:00:45+00:00,False,,0,0,100,1,100,1,,,,,,,0,0,2026-08-21T13:31:14.2460793+00:00
815175,medusa,MA-2026-4,138,Lots en Diversen,22480, 2307, ,1,"<STRONG>Pablo Ruiz PIcasso(1881–1973), </STRONG>naar.<STRONG> </STRONG>Vier bladen uit <EM>Le Goût du bonheur. Trois carnets d’atelier, Carnet II1970</EM>, naar tekeningen van 23–29 september 1964 Een fraaie reeks van vier grafische facsimilebladen naar tekeningen van Pablo Picasso, afkomstig uit Carnet II van Le Goût du bonheur. Trois carnets d’atelier. De bladen zijn in de voorstelling gedateerd 23.9.64 IV, 27.9.64, 29.9.64 I en 29.9.64 II. Het blad van 23 september is gedocumenteerd als Carnet II, planche 12, gevolgd door het blad van 27 september als planche 13; de daaropvolgende tekeningen van 29 september sluiten chronologisch op deze reeks aan. Bijzonder aantrekkelijk zijn de twee bladen van 29 september 1964, die samen een doorlopende studie vormen van een ouder paar. In de literatuur en handel worden deze voorstellingen ook aangeduid als The Old Couple 29.9.64 I en The Old Couple 29.9.64 II. Gedrukt op vélin d’Arches, De afzonderlijke editie telde 666 exemplaren. Bladmaat: circa 33 × 25 cm elk. Deze zijn uit: album no. 445/666 van Harry N. Abrams, New York. Literatuur: Patrick Cramer, Pablo Picasso, The Illustrated Books, nr. 148.",,100,300,,,,,,,1,,,True,False,"<STRONG>Pablo Ruiz PIcasso(1881–1973), </STRONG>naar.<STRONG> </STRONG>Vier bladen uit <EM>Le Goût du bonheur. Trois carnets d’atelier, Carnet II1970</EM>, naar tekeningen van 23–29 september 1964 Een fraaie reeks van vier grafische facsimilebladen naar tekeningen van Pablo Picasso, afkomstig uit Carnet II van Le Goût du bonheur. Trois carnets d’atelier. De bladen zijn in de voorstelling gedateerd 23.9.64 IV, 27.9.64, 29.9.64 I en 29.9.64 II. Het blad van 23 september is gedocumenteerd als Carnet II, planche 12, gevolgd door het blad van 27 september als planche 13; de daaropvolgende tekeningen van 29 september sluiten chronologisch op deze reeks aan. Bijzonder aantrekkelijk zijn de twee bladen van 29 september 1964, die samen een doorlopende studie vormen van een ouder paar. In de literatuur en handel worden deze voorstellingen ook aangeduid als The Old Couple 29.9.64 I en The Old Couple 29.9.64 II. Gedrukt op vélin d’Arches, De afzonderlijke editie telde 666 exemplaren. Bladmaat: circa 33 × 25 cm elk. Deze zijn uit: album no. 445/666 van Harry N. Abrams, New York. Literatuur: Patrick Cramer, Pablo Picasso, The Illustrated Books, nr. 148.;Pablo Picasso (1881–1973), after – four works from <EM data-end=""1937"" data-start=""1917"">Le Goût du Bonheur</EM>, 1970, consisting of four black-and-white facsimile lithographs on Arches.;;Schilderijen^;;2307;;Paintings^;", (-),https://lotimages.blob.core.windows.net/medusa/3a8517cd-ac49-4dde-aa9e-e9e065ff305a_TH.png,5,2026-09-07T17:15:45+00:00,2026-09-07T21:00:45+00:00,False,,0,0,100,1,100,1,,,,,,,0,0,2026-08-21T13:31:14.9035206+00:00
815176,medusa,MA-2026-4,138,Lots en Diversen,22481, 2308, ,1,"<STRONG>Pablo Picasso (1881–1973),</STRONG> naar. Vier opeenvolgende bladen uit <EM>Le Goût du bonheur. Trois carnets d’atelier, Carnet II1970</EM>, naar tekeningen van 29 september–6 oktober 1964 Een verzameling van vier grafische facsimilebladen naar tekeningen van Pablo Picasso, afkomstig uit Carnet II van de beroemde portfolio Le Goût du bonheur. Trois carnets d’atelier. De bladen zijn in de voorstelling gedateerd: 29.9.64 III – Carnet II, planche 16 29.9.64 IV – Carnet II, planche 17 4.10.64 – Carnet II, planche 18 6.10.64 I – Carnet II, planche 19 Hiermee vormt het kavel een bijzondere groep van vier opeenvolgende platen 16–19 uit hetzelfde schetsboek. De identificatie van 29.9.64 IV als planche 17, 4.10.64 als planche 18 en 6.10.64 I als planche 19 is gedocumenteerd binnen deze uitgave. Gedrukt op vélin d’Arches; de bladen zijn niet afzonderlijk met potlood gesigneerd, zoals uitgegeven. Bladmaat: circa 33 × 25 cm elk. Deze zijn uit: album no. 445/666 van Harry N. Abrams, New York. Literatuur: Patrick Cramer, Pablo Picasso, The Illustrated Books, nr. 148. ",,100,300,,,,,,,1,,,True,False,"<STRONG>Pablo Picasso (1881–1973),</STRONG> naar. Vier opeenvolgende bladen uit <EM>Le Goût du bonheur. Trois carnets d’atelier, Carnet II1970</EM>, naar tekeningen van 29 september–6 oktober 1964 Een verzameling van vier grafische facsimilebladen naar tekeningen van Pablo Picasso, afkomstig uit Carnet II van de beroemde portfolio Le Goût du bonheur. Trois carnets d’atelier. De bladen zijn in de voorstelling gedateerd: 29.9.64 III – Carnet II, planche 16 29.9.64 IV – Carnet II, planche 17 4.10.64 – Carnet II, planche 18 6.10.64 I – Carnet II, planche 19 Hiermee vormt het kavel een bijzondere groep van vier opeenvolgende platen 16–19 uit hetzelfde schetsboek. De identificatie van 29.9.64 IV als planche 17, 4.10.64 als planche 18 en 6.10.64 I als planche 19 is gedocumenteerd binnen deze uitgave. Gedrukt op vélin d’Arches; de bladen zijn niet afzonderlijk met potlood gesigneerd, zoals uitgegeven. Bladmaat: circa 33 × 25 cm elk. Deze zijn uit: album no. 445/666 van Harry N. Abrams, New York. Literatuur: Patrick Cramer, Pablo Picasso, The Illustrated Books, nr. 148. ;Pablo Picasso (1881–1973), after – four works from <EM data-end=""1937"" data-start=""1917"">Le Goût du Bonheur</EM>, 1970, consisting of four black-and-white facsimile lithographs on Arches.;;Schilderijen^;;2308;;Paintings^;", (-),https://lotimages.blob.core.windows.net/medusa/d27c1ace-a222-4456-9e58-4d106f91d93d_TH.png,5,2026-09-07T17:15:45+00:00,2026-09-07T21:00:45+00:00,False,,0,0,100,1,100,1,,,,,,,0,0,2026-08-21T13:31:15.4704218+00:00
815177,medusa,MA-2026-4,138,Lots en Diversen,22482, 2309, ,1,"<STRONG>Pablo Ruiz Picasso&nbsp;(1881–1973),</STRONG> naar.&nbsp;<EM>Vier bladen uit Le Goût du bonheur. Trois carnets d’atelier, Carnet II1970</EM>, naar tekeningen uit oktober 1964 Een verzameling van vier grafische facsimilebladen naar tekeningen van Pablo Picasso, afkomstig uit het tweede schetsboek van Le Goût du bonheur. Trois carnets d’atelier. Tot de groep behoren herkenbaar: een abstracte handstudie; mannenportret, gedateerd 7.10.64 II; expressieve kop, gedateerd 6.10.64 III; zittende bebaarde figuur, gedateerd 6.10.64 IV. Het blad 6.10.64 III is gedocumenteerd als Carnet II, planche 20, het blad 6.10.64 IV als planche 21 en 7.10.64 II als planche 22, waarmee deze bladen tot het slot van Carnet II behoren. De bladen werden gedrukt op vélin d’Arches. Bladmaat: circa 33 × 25 cm elk. Deze zijn uit: album no. 445/666 van Harry N. Abrams, New York. Literatuur: Patrick Cramer, Pablo Picasso, The Illustrated Books, nr. 148.",,100,200,,,,,,,1,,,True,False,"<STRONG>Pablo Ruiz Picasso&nbsp;(1881–1973),</STRONG> naar.&nbsp;<EM>Vier bladen uit Le Goût du bonheur. Trois carnets d’atelier, Carnet II1970</EM>, naar tekeningen uit oktober 1964 Een verzameling van vier grafische facsimilebladen naar tekeningen van Pablo Picasso, afkomstig uit het tweede schetsboek van Le Goût du bonheur. Trois carnets d’atelier. Tot de groep behoren herkenbaar: een abstracte handstudie; mannenportret, gedateerd 7.10.64 II; expressieve kop, gedateerd 6.10.64 III; zittende bebaarde figuur, gedateerd 6.10.64 IV. Het blad 6.10.64 III is gedocumenteerd als Carnet II, planche 20, het blad 6.10.64 IV als planche 21 en 7.10.64 II als planche 22, waarmee deze bladen tot het slot van Carnet II behoren. De bladen werden gedrukt op vélin d’Arches. Bladmaat: circa 33 × 25 cm elk. Deze zijn uit: album no. 445/666 van Harry N. Abrams, New York. Literatuur: Patrick Cramer, Pablo Picasso, The Illustrated Books, nr. 148.;Pablo Ruiz Picasso (1881–1973), after. Four sheets from *Le Goût du bonheur. Trois carnets d’atelier*, Carnet II, 1970, after drawings from October 1964. A collection of four graphic facsimile sheets after drawings by Pablo Picasso, taken from the second sketchbook of *Le Goût du bonheur*. Trois carnets d’atelier. The group recognisably includes: an abstract study of a hand; a portrait of a man, dated 7.10.64 II; an expressive head, dated 6.10.64 III; and a seated bearded figure, dated 6.10.64 IV. The sheet 6.10.64 III is documented as Carnet II, planche 20; the sheet 6.10.64 IV as planche 21; and 7.10.64 II as planche 22, meaning these sheets form part of the conclusion of Carnet II. The sheets were printed on Arches vélin. Sheet size: approximately 33 × 25 cm each. These are from: album no. 445/666 by Harry N. Abrams, New York. Bibliography: Patrick Cramer, Pablo Picasso, The Illustrated Books, no. 148.;;Schilderijen^;;2309;;Paintings^;", (-),https://lotimages.blob.core.windows.net/medusa/c3680b14-791b-4115-84a3-f30858089b55_TH.png,5,2026-09-07T17:15:45+00:00,2026-09-07T21:00:45+00:00,False,,0,0,100,1,100,1,,,,,,,0,0,2026-08-21T13:31:16.0512054+00:00
815178,medusa,MA-2026-4,138,Lots en Diversen,22483, 2310, ,1,"<STRONG>Pablo Ruiz Picasso&nbsp;(1881–1973),</STRONG> naar. &nbsp;Drie opeenvolgende bladen en omslagblad uit <EM>Le Goût du bonheur.Trois carnets d’atelier, Carnet III1970</EM>, naar tekeningen van 8 oktober 1964 Een fraaie groep van vier grafische facsimilebladen naar Pablo Picasso, afkomstig uit Carnet III van de bekende portfolio Le Goût du bonheur. Trois carnets d’atelier. Alle drie zijn in de voorstelling gedateerd 8.10.64 en genummerd I, II en III. Deze zijn gedocumenteerd als Carnet III, planches 1, 2 en 3. Het vierde blad reproduceert het oorspronkelijke Canson Album Croquis-omslag van het derde schetsboek, door Picasso beschilderd en voorzien van de data 8.10.64–9.10.64, waarmee begin en einde van dit carnet worden aangegeven. Gedrukt op&nbsp;vélin d’Arches.Datering in de voorstelling: 8.10.64 I, II en III; omslag 8.10.64–9.10.64.Bladmaat: circa 33 × 25 cm elk. Deze zijn uit: album no. 445/666 van Harry N. Abrams, New York.",,100,300,,,,,,,1,,,True,False,"<STRONG>Pablo Ruiz Picasso&nbsp;(1881–1973),</STRONG> naar. &nbsp;Drie opeenvolgende bladen en omslagblad uit <EM>Le Goût du bonheur.Trois carnets d’atelier, Carnet III1970</EM>, naar tekeningen van 8 oktober 1964 Een fraaie groep van vier grafische facsimilebladen naar Pablo Picasso, afkomstig uit Carnet III van de bekende portfolio Le Goût du bonheur. Trois carnets d’atelier. Alle drie zijn in de voorstelling gedateerd 8.10.64 en genummerd I, II en III. Deze zijn gedocumenteerd als Carnet III, planches 1, 2 en 3. Het vierde blad reproduceert het oorspronkelijke Canson Album Croquis-omslag van het derde schetsboek, door Picasso beschilderd en voorzien van de data 8.10.64–9.10.64, waarmee begin en einde van dit carnet worden aangegeven. Gedrukt op&nbsp;vélin d’Arches.Datering in de voorstelling: 8.10.64 I, II en III; omslag 8.10.64–9.10.64.Bladmaat: circa 33 × 25 cm elk. Deze zijn uit: album no. 445/666 van Harry N. Abrams, New York.;Pablo Ruiz Picasso (1881–1973), after.&nbsp; Three consecutive plates and a cover plate from *Le Goût du bonheur*. Trois carnets d’atelier, Carnet III 1970, after drawings of 8 October 1964 A fine set of four graphic facsimile plates after Pablo Picasso, taken from Carnet III of the well-known portfolio *Le Goût du bonheur. Trois carnets d’atelier*. All three are dated 8.10.64 within the illustration and numbered I, II and III. These are documented as Carnet III, plates 1, 2 and 3. The fourth sheet reproduces the original Canson Album Croquis cover of the third sketchbook, painted by Picasso and inscribed with the dates 8.10.64–9.10.64, marking the beginning and end of this carnet. Printed on Arches vélin. Dates in the illustrations: 8.10.64 I, II and III; cover 8.10.64–9.10.64. Sheet size: approximately 33 × 25 cm each. These are from: album no. 445/666 by Harry N. Abrams, New York.;;Schilderijen^;;2310;;Paintings^;", (-),https://lotimages.blob.core.windows.net/medusa/aedd097e-bb1b-4ca0-bb01-f88622e85601_TH.png,5,2026-09-07T17:15:45+00:00,2026-09-07T21:00:45+00:00,False,,0,0,100,1,100,1,,,,,,,0,0,2026-08-21T13:31:16.6654719+00:00
815179,medusa,MA-2026-4,138,Lots en Diversen,22484, 2311, ,1,"<STRONG>Pablo Ruiz Picasso,(1881–1973), </STRONG>naar. Vier opeenvolgende bladen uit <EM>Le Goût du bonheur. Trois carnets d’atelier, Carnet III1970</EM>, naar tekeningen van 8 oktober 1964 Een fraaie en samenhangende reeks van vier grafische facsimilebladen naar Pablo Picasso, afkomstig uit Carnet III van Le Goût du bonheur. Trois carnets d’atelier. Alle bladen zijn in de voorstelling gedateerd 8.10.64 en genummerd met Romeinse cijfers: 8.10.64 IV – 8.10.64 V – 8.10.64 VI – 8.10.64 VII Daarmee betreft het een ononderbroken reeks van vier opeenvolgende studies, behorend tot het begin van Carnet III en aansluitend op de eerdere studies I–III van dezelfde datum. De bladen werden in 1970 uitgegeven als onderdeel van Picasso’s Le Goût du bonheur. Trois carnets d’atelier. Bladmaat: circa 33 × 25 cm elk.Deze zijn uit: album no. 445/666 van Harry N. Abrams, New York. Literatuur: Patrick Cramer, Pablo Picasso, The Illustrated Books, nr. 148.",,100,400,,,,,,,1,,,True,False,"<STRONG>Pablo Ruiz Picasso,(1881–1973), </STRONG>naar. Vier opeenvolgende bladen uit <EM>Le Goût du bonheur. Trois carnets d’atelier, Carnet III1970</EM>, naar tekeningen van 8 oktober 1964 Een fraaie en samenhangende reeks van vier grafische facsimilebladen naar Pablo Picasso, afkomstig uit Carnet III van Le Goût du bonheur. Trois carnets d’atelier. Alle bladen zijn in de voorstelling gedateerd 8.10.64 en genummerd met Romeinse cijfers: 8.10.64 IV – 8.10.64 V – 8.10.64 VI – 8.10.64 VII Daarmee betreft het een ononderbroken reeks van vier opeenvolgende studies, behorend tot het begin van Carnet III en aansluitend op de eerdere studies I–III van dezelfde datum. De bladen werden in 1970 uitgegeven als onderdeel van Picasso’s Le Goût du bonheur. Trois carnets d’atelier. Bladmaat: circa 33 × 25 cm elk.Deze zijn uit: album no. 445/666 van Harry N. Abrams, New York. Literatuur: Patrick Cramer, Pablo Picasso, The Illustrated Books, nr. 148.;Pablo Picasso (1881–1973), after – four works from <EM data-end=""1937"" data-start=""1917"">Le Goût du Bonheur</EM>, 1970, consisting of four black-and-white facsimile lithography on Arches.;;Schilderijen^;;2311;;Paintings^;", (-),https://lotimages.blob.core.windows.net/medusa/210bcb08-eaf3-4d2e-83f4-90bea4c1a04d_TH.png,2,2026-09-07T17:15:45+00:00,2026-09-07T21:00:45+00:00,False,,0,0,100,1,100,1,,,,,,,0,0,2026-08-21T13:31:17.3199165+00:00
815180,medusa,MA-2026-4,138,Lots en Diversen,22485, 2312, ,1,"<STRONG>Pablo Ruiz Picasso&nbsp;(1881–1973),</STRONG> naar.&nbsp;Vier bladen uit <EM>Le Goût du bonheur. Trois carnets d’atelier, Carnet III1970</EM>, naar tekeningen van 8 oktober 1964. De bladen zijn in de voorstelling gedateerd en genummerd: 8.10.64 IX – Carnet III, planche 9 8.10.64 X – Carnet III, planche 10 8.10.64 XI – Carnet III, planche 11 8.10.64 XIII – Carnet III, planche 13 De reeks werd in 1970 opgenomen in Le Goût du bonheur. Trois carnets d’atelier. Drager: vélin d’Arches.Datering in de voorstelling: 8 oktober 1964.Uitgave: 1970.Bladmaat: circa 33 × 25 cm elk. Deze zijn uit: album no. 445/666 van Harry N. Abrams, New York. Literatuur: Patrick Cramer, Pablo Picasso, The Illustrated Books, nr. 148.",,100,300,,,,,,,1,,,True,False,"<STRONG>Pablo Ruiz Picasso&nbsp;(1881–1973),</STRONG> naar.&nbsp;Vier bladen uit <EM>Le Goût du bonheur. Trois carnets d’atelier, Carnet III1970</EM>, naar tekeningen van 8 oktober 1964. De bladen zijn in de voorstelling gedateerd en genummerd: 8.10.64 IX – Carnet III, planche 9 8.10.64 X – Carnet III, planche 10 8.10.64 XI – Carnet III, planche 11 8.10.64 XIII – Carnet III, planche 13 De reeks werd in 1970 opgenomen in Le Goût du bonheur. Trois carnets d’atelier. Drager: vélin d’Arches.Datering in de voorstelling: 8 oktober 1964.Uitgave: 1970.Bladmaat: circa 33 × 25 cm elk. Deze zijn uit: album no. 445/666 van Harry N. Abrams, New York. Literatuur: Patrick Cramer, Pablo Picasso, The Illustrated Books, nr. 148.;<P>Pablo Ruiz Picasso (1881–1973), after. Four sheets from *Le Goût du bonheur. Trois carnets d’atelier*, *Carnet III*, 1970, after drawings dated 8 October 1964. The sheets are dated and numbered within the composition: 8.10.64 IX – Carnet III, plate 9 8.10.64 X – Carnet III, plate 10 8.10.64 XI – Carnet III, plate 11 8.10.64 XIII – Carnet III, plate 13 The series was included in *Le Goût du bonheur* in 1970. Three studio sketchbooks. Support: Arches vellum. Date in the illustration: 8 October 1964. Published: 1970. Sheet size: approximately 33 × 25 cm each. These are from: album no. 445/666 by Harry N. Abrams, New York. Bibliography: Patrick Cramer, *Pablo Picasso, The Illustrated Books*, no. 148.</P>;;Schilderijen^;;2312;;Paintings^;", (-),https://lotimages.blob.core.windows.net/medusa/0f84b444-8f03-4755-8551-181656eefc9a_TH.png,4,2026-09-07T17:15:45+00:00,2026-09-07T21:00:45+00:00,False,,0,0,100,1,100,1,,,,,,,0,0,2026-08-21T13:31:17.9114996+00:00
815181,medusa,MA-2026-4,138,Lots en Diversen,22486, 2313, ,1,"<STRONG>Pablo Ruiz Piicasso&nbsp;(1881–1973),</STRONG> naar, &nbsp;Vier opeenvolgende bladen uit<EM> Le Goût du bonheur. Trois carnets d’atelier, Carnet III1970,</EM> naar tekeningen van 8 oktober 1964 . Alle vier de bladen zijn in de voorstelling gedateerd 8.10.64 en genummerd met Romeinse cijfers XII, XIII, XIV en XV, waarmee het een aantrekkelijke, ononderbroken reeks betreft uit Carnet III. .Drager: vélin d’Arches. Bladmaat: circa 33 × 25 cm elk. Deze zijn uit: album no. 445/666 van Harry N. Abrams, New York. Literatuur: Patrick Cramer, Pablo Picasso, The Illustrated Books, nr. 148.",,100,300,,,,,,,1,,,True,False,"<STRONG>Pablo Ruiz Piicasso&nbsp;(1881–1973),</STRONG> naar, &nbsp;Vier opeenvolgende bladen uit<EM> Le Goût du bonheur. Trois carnets d’atelier, Carnet III1970,</EM> naar tekeningen van 8 oktober 1964 . Alle vier de bladen zijn in de voorstelling gedateerd 8.10.64 en genummerd met Romeinse cijfers XII, XIII, XIV en XV, waarmee het een aantrekkelijke, ononderbroken reeks betreft uit Carnet III. .Drager: vélin d’Arches. Bladmaat: circa 33 × 25 cm elk. Deze zijn uit: album no. 445/666 van Harry N. Abrams, New York. Literatuur: Patrick Cramer, Pablo Picasso, The Illustrated Books, nr. 148.;<STRONG>Pablo Ruiz Piicasso&nbsp;(1881–1973),</STRONG> naar, &nbsp;Vier opeenvolgende bladen uit<EM> Le Goût du bonheur. Trois carnets d’atelier, Carnet III1970,</EM> naar tekeningen van 8 oktober 1964 . Alle vier de bladen zijn in de voorstelling gedateerd 8.10.64 en genummerd met Romeinse cijfers XII, XIII, XIV en XV, waarmee het een aantrekkelijke, ononderbroken reeks betreft uit Carnet III. .Drager: vélin d’Arches. Bladmaat: circa 33 × 25 cm elk. Deze zijn uit: album no. 445/666 van Harry N. Abrams, New York. Literatuur: Patrick Cramer, Pablo Picasso, The Illustrated Books, nr. 148.;;Schilderijen^;;2313;;Paintings^;", (-),https://lotimages.blob.core.windows.net/medusa/3169bd4a-4152-4498-953c-2155a4390afe_TH.png,5,2026-09-07T17:15:45+00:00,2026-09-07T21:00:45+00:00,False,,0,0,100,1,100,1,,,,,,,0,0,2026-08-21T13:31:18.4974389+00:00
815182,medusa,MA-2026-4,138,Lots en Diversen,22487, 2314, ,1,"<STRONG>Pablo Ruiz Picasso&nbsp;(1881–1973), naar</STRONG>,&nbsp;Drie bladen uit <EM>Le Goût du bonheur. Trois carnets d’atelier, Carnet III1970</EM>, naar tekeningen van 8 en 9 oktober 1964 Een samenhangende groep van vier grafische facsimilebladen naar tekeningen van Pablo Picasso, afkomstig uit Carnet III van Le Goût du bonheur. Trois carnets d’atelier. De reeks toont&nbsp;drie studies van een omhelzend paar. De bladen werden gedrukt op vélin d’Arches. Datering in de voorstelling: 8–9 oktober 1964.Uitgave: 1970.Bladmaat: circa 33 × 25 cm elk. Deze zijn uit: album no. 445/666 van Harry N. Abrams, New York. Literatuur: Patrick Cramer, Pablo Picasso, The Illustrated Books, nr. 148.",,100,300,,,,,,,1,,,True,False,"<STRONG>Pablo Ruiz Picasso&nbsp;(1881–1973), naar</STRONG>,&nbsp;Drie bladen uit <EM>Le Goût du bonheur. Trois carnets d’atelier, Carnet III1970</EM>, naar tekeningen van 8 en 9 oktober 1964 Een samenhangende groep van vier grafische facsimilebladen naar tekeningen van Pablo Picasso, afkomstig uit Carnet III van Le Goût du bonheur. Trois carnets d’atelier. De reeks toont&nbsp;drie studies van een omhelzend paar. De bladen werden gedrukt op vélin d’Arches. Datering in de voorstelling: 8–9 oktober 1964.Uitgave: 1970.Bladmaat: circa 33 × 25 cm elk. Deze zijn uit: album no. 445/666 van Harry N. Abrams, New York. Literatuur: Patrick Cramer, Pablo Picasso, The Illustrated Books, nr. 148.;<P>Pablo Ruiz Picasso (1881–1973), after *Le Goût du bonheur. Trois carnets d’atelier*, Carnet III, 1970, after drawings dated 8 and 9 October 1964. A cohesive group of four graphic facsimile sheets based on drawings by Pablo Picasso, taken from Carnet III of *Le Goût du bonheur*. Trois carnets d’atelier. The series features three studies of an embracing couple. The sheets were printed on Arches vélin. Date in the illustration: 8–9 October 1964. Published: 1970. Sheet size: approximately 33 × 25 cm each. These are from: album no. 445/666 by Harry N. Abrams, New York. Bibliography: Patrick Cramer, Pablo Picasso, The Illustrated Books, no. 148.</P>;;Schilderijen^;;2314;;Paintings^;", (-),https://lotimages.blob.core.windows.net/medusa/aeec2a6b-45c3-4891-b350-20272b70153f_TH.png,4,2026-09-07T17:15:45+00:00,2026-09-07T21:00:45+00:00,False,,0,0,100,1,100,1,,,,,,,0,0,2026-08-21T13:31:19.0778785+00:00
815183,medusa,MA-2026-4,138,Lots en Diversen,22488, 2315, ,1,"<STRONG>Pablo Ruiz Picasso (1881–1973),</STRONG> naar, &nbsp;Vier bladen uit <EM>Le Goût du bonheur. Trois carnets d’atelier, Carnet III1970</EM>, naar tekeningen van 8 en 9 oktober 1964 Een samenhangende groep van vier grafische facsimilebladen naar Pablo Picasso, afkomstig uit het derde carnet van Le Goût du bonheur. Trois carnets d’atelier. De vier bladen zijn in de voorstelling gedateerd en genummerd: 8.10.64 XVI – Carnet III, planche 16 9.10.64 I – Carnet III, planche 19 9.10.64 III – Carnet III, planche 21 9.10.64 IV – Carnet III, planche 22 De identificatie van 8.10.64 XVI als planche 16, 9.10.64 I als planche 19 en 9.10.64 IV als planche 22 is gedocumenteerd binnen de uitgave; de tussenliggende nummering plaatst 9.10.64 III als planche 21. Bladmaat: circa 33 × 25 cm elk. Deze zijn uit: album no. 445/666 van Harry N. Abrams, New York. Literatuur: Patrick Cramer, Pablo Picasso, The Illustrated Books, Cramer 148",,100,300,,,,,,,1,,,True,False,"<STRONG>Pablo Ruiz Picasso (1881–1973),</STRONG> naar, &nbsp;Vier bladen uit <EM>Le Goût du bonheur. Trois carnets d’atelier, Carnet III1970</EM>, naar tekeningen van 8 en 9 oktober 1964 Een samenhangende groep van vier grafische facsimilebladen naar Pablo Picasso, afkomstig uit het derde carnet van Le Goût du bonheur. Trois carnets d’atelier. De vier bladen zijn in de voorstelling gedateerd en genummerd: 8.10.64 XVI – Carnet III, planche 16 9.10.64 I – Carnet III, planche 19 9.10.64 III – Carnet III, planche 21 9.10.64 IV – Carnet III, planche 22 De identificatie van 8.10.64 XVI als planche 16, 9.10.64 I als planche 19 en 9.10.64 IV als planche 22 is gedocumenteerd binnen de uitgave; de tussenliggende nummering plaatst 9.10.64 III als planche 21. Bladmaat: circa 33 × 25 cm elk. Deze zijn uit: album no. 445/666 van Harry N. Abrams, New York. Literatuur: Patrick Cramer, Pablo Picasso, The Illustrated Books, Cramer 148;Pablo Picasso (1881–1973), after – four works from <EM data-end=""1937"" data-start=""1917"">Le Goût du Bonheur</EM>, 1970, consisting of three black-and-white and one color facsimile lithograph on Arches.;;Schilderijen^;;2315;;Paintings^;", (-),https://lotimages.blob.core.windows.net/medusa/ca1bd2bf-5fe9-403c-aec1-42077db7619f_TH.png,5,2026-09-07T17:15:45+00:00,2026-09-07T21:00:45+00:00,False,,0,0,100,1,100,1,,,,,,,0,0,2026-08-21T13:31:19.6374191+00:00
815184,medusa,MA-2026-4,138,Lots en Diversen,22489, 2316, ,1,"Pablo Picasso (1881–1973) naar, <EM>Le Goût du Bonheur</EM>, 1970. Originele portfolio/boekband met titel-, tekst- en voorbladen, behorend bij de gelijknamige uitgave. Album no. 445/666 van Harry N. Abrams, New York",,100,300,,,,,,,1,,,True,False,"Pablo Picasso (1881–1973) naar, <EM>Le Goût du Bonheur</EM>, 1970. Originele portfolio/boekband met titel-, tekst- en voorbladen, behorend bij de gelijknamige uitgave. Album no. 445/666 van Harry N. Abrams, New York;<P>Pablo Picasso (1881–1973), after *Le Goût du Bonheur*, 1970. Original portfolio/book binding with title page, text pages and endpapers, accompanying the publication of the same name. Album no. 445/666 from Harry N. Abrams, New York</P>;;Schilderijen^;;2316;;Paintings^;", (-),https://lotimages.blob.core.windows.net/medusa/0c19d3fe-7854-44a0-a94b-e12181cd3ecb_TH.png,2,2026-09-07T17:15:45+00:00,2026-09-07T21:00:45+00:00,False,,0,0,100,1,100,1,,,,,,,0,0,2026-08-21T13:31:20.2175871+00:00
815185,medusa,MA-2026-4,138,Lots en Diversen,22188, 2317, ,1,"Saint Laurent SL M119/F BLAZE 001, Dames zonnebril, in originele koker en doos. OngedragenCondition report upon request",,50,150,,,,,,,1,,,True,False,"Saint Laurent SL M119/F BLAZE 001, Dames zonnebril, in originele koker en doos. Ongedragen;Saint Laurent SL M119/F BLAZE 001, Ladies' sunglasses, in original case and box. Unworn;;Diversen^;;2317;;Miscellaneous^;", (-),https://lotimages.blob.core.windows.net/medusa/d7ccd0f9-b075-432b-b000-bac3e9ea1b9b_TH.png,3,2026-09-07T17:15:45+00:00,2026-09-07T21:00:45+00:00,False,,0,0,50,1,50,1,,,,,,,0,0,2026-08-21T13:31:20.7921195+00:00
815186,medusa,MA-2026-4,138,Lots en Diversen,14205, 2318, ,1,"<STRONG>Josef Albers (1888-1976),</STRONG><EM> Hommage aan het vierkant,</EM> gesigneerd (in potlood), zeefdruk, 48 x 48 cm (vervaardigd voor een kalender).&nbsp;Daarbij <STRONG>Werner Nöfer (1937),</STRONG> <EM>Parkuhr, 1970</EM>, gesigneerd en gedateerd (in potlood), zeefdruk, 52 x 36,5 cm. Condition report upon request",,50,150,,,,,,,2,,,True,False,"<STRONG>Josef Albers (1888-1976),</STRONG><EM> Hommage aan het vierkant,</EM> gesigneerd (in potlood), zeefdruk, 48 x 48 cm (vervaardigd voor een kalender).&nbsp;Daarbij <STRONG>Werner Nöfer (1937),</STRONG> <EM>Parkuhr, 1970</EM>, gesigneerd en gedateerd (in potlood), zeefdruk, 52 x 36,5 cm. ;<STRONG>Josef Albers (1888-1976), </STRONG><EM>Homage to the Square,</EM> signed (in pencil), silkscreen, 48 x 48 cm. Also included: <STRONG>Werner Nöfer (1937),</STRONG> <EM>Parkuhr, 1970</EM>, signed and dated (in pencil), silkscreen, 52 x 36.5 cm.;;Schilderijen^;;2318;;Paintings^;", (-),https://lotimages.blob.core.windows.net/medusa/6d968d99-0001-4e87-b629-a16c38f69986_TH.png,4,2026-09-07T17:15:45+00:00,2026-09-07T21:00:45+00:00,False,,0,0,50,1,50,1,,,,,,,0,0,2026-08-21T13:31:21.3750271+00:00
815187,medusa,MA-2026-4,138,Lots en Diversen,21959, 2319, ,1,"<STRONG>Sergio Terzani</STRONG>, wand design lamp.Condition report upon request",,20,40,,,,,,,1,H. 58 cm.,,True,False,"<STRONG>Sergio Terzani</STRONG>, wand design lamp.;<STRONG>Sergio Terzani</STRONG>, wall design lamp.;;Design^;;2319;H. 58 cm.;Design^;", (-),https://lotimages.blob.core.windows.net/medusa/fffa812f-6e98-4cfa-bf7d-7a79e12f635f_TH.png,2,2026-09-07T17:15:45+00:00,2026-09-07T21:00:45+00:00,False,,0,0,20,1,20,1,,,,,,,0,0,2026-08-21T13:31:21.9597501+00:00
815188,medusa,MA-2026-4,138,Lots en Diversen,21958, 2320, ,1,"<STRONG>Sergio Terzani</STRONG>, Staande design lamp.Condition report upon request",,50,100,,,,,,,1,H. 177 cm. ,,True,False,"<STRONG>Sergio Terzani</STRONG>, Staande design lamp.;<STRONG>Sergio Terzani</STRONG>, Standing design lamp.;;Design^;;2320;H. 177 cm. ;Design^;", (-),https://lotimages.blob.core.windows.net/medusa/084dd266-628b-419a-9636-f1c42c19c651_TH.png,2,2026-09-07T17:15:45+00:00,2026-09-07T21:00:45+00:00,False,,0,0,50,1,50,1,,,,,,,0,0,2026-08-21T13:31:22.5358113+00:00
815189,medusa,MA-2026-4,138,Lots en Diversen,21957, 2321, ,1,Een Willy Daro Hollywood Regency stijl salontafel.Condition report upon request,,50,100,,,,,,,1,40 x 135 x 85 cm.,,True,False,Een Willy Daro Hollywood Regency stijl salontafel.;A Willy Daro Hollywood Regency style coffee table.;;Design^;;2321;40 x 135 x 85 cm.;Design^;, (-),https://lotimages.blob.core.windows.net/medusa/022ea0db-6c5d-44c1-bef9-18235a449ddf_TH.png,3,2026-09-07T17:15:45+00:00,2026-09-07T21:00:45+00:00,False,,0,0,50,1,50,1,,,,,,,0,0,2026-08-21T13:31:23.1260395+00:00
815190,medusa,MA-2026-4,138,Lots en Diversen,20740, 2322, ,1,<STRONG>Niek Zwartjes (1962) </STRONG>Twee verzilverde drie lichts kandelaren.Condition report upon request,,30,60,,,,,,,2,"H. 36,5 cm.",,True,False,"<STRONG>Niek Zwartjes (1962) </STRONG>Twee verzilverde drie lichts kandelaren.;<STRONG>Niek Zwartjes (1962) </STRONG>Two silver-plated three-light candlesticks.;;Design^;;2322;H. 36,5 cm.;Design^;", (-),https://lotimages.blob.core.windows.net/medusa/418e13b0-5200-4de2-8938-89b8b21b025f_TH.png,2,2026-09-07T17:15:45+00:00,2026-09-07T21:00:45+00:00,False,,0,0,30,1,30,1,,,,,,,0,0,2026-08-21T13:31:23.702625+00:00
815191,medusa,MA-2026-4,138,Lots en Diversen,22495, 2323, ,1,"Een zilveren schenkkan, gemerkt ‘900’ aan de onderzijde. Totaalgewicht 423 gram.Condition report upon request",,350,650,,,,,,,1,H. 21 cm.,,True,False,"Een zilveren schenkkan, gemerkt ‘900’ aan de onderzijde. Totaalgewicht 423 gram.;A silver pouring jug, marked ‘900’ on the bottom. Total weight 423 grams.;;zilver^;;2323;H. 21 cm.;Silver^;", (-),https://lotimages.blob.core.windows.net/medusa/5931b98e-79d4-488e-9d2e-b18a09cfafe7_TH.png,3,2026-09-07T17:15:45+00:00,2026-09-07T21:00:45+00:00,False,,0,0,350,1,350,1,,,,,,,0,0,2026-08-21T13:31:24.2775352+00:00
815192,medusa,MA-2026-4,138,Lots en Diversen,22496, 2324, ,1,"Een lot zilver, bestaande uit een schaal op pootjes, getoetst op zilver, en een flessenbak, gemerkt ‘900’. Totaalgewicht 324 gram.Condition report upon request",,250,450,,,,,,,2,Diam. 12 - 26 cm.,,True,False,"Een lot zilver, bestaande uit een schaal op pootjes, getoetst op zilver, en een flessenbak, gemerkt ‘900’. Totaalgewicht 324 gram.;A lot of silver, consisting of a bowl on legs, tested for silver, and a bottle holder, marked ‘900’. Total weight 324 grams.;;zilver^;;2324;Diam. 12 - 26 cm.;Silver^;", (-),https://lotimages.blob.core.windows.net/medusa/48858cd3-a12c-4028-a73c-0ffca3abe02c_TH.png,5,2026-09-07T17:15:45+00:00,2026-09-07T21:00:45+00:00,False,,0,0,250,1,250,1,,,,,,,0,0,2026-08-21T13:31:24.887839+00:00
815193,medusa,MA-2026-4,138,Lots en Diversen,22497, 2325, ,1,"Een lot zilver, bestaande uit een vaasje en een roomkan, beide gemerkt ‘900’. Totaalgewicht 170 gram.Condition report upon request",,100,300,,,,,,,2,H. 7 - 9 cm. ,,True,False,"Een lot zilver, bestaande uit een vaasje en een roomkan, beide gemerkt ‘900’. Totaalgewicht 170 gram.;A lot of silver, consisting of a small vase and a cream jug, both marked ‘900’. Total weight 170 grams.;;zilver^;;2325;H. 7 - 9 cm. ;Silver^;", (-),https://lotimages.blob.core.windows.net/medusa/a7e18d25-c08e-4f2e-9ff7-beb762165542_TH.png,3,2026-09-07T17:15:45+00:00,2026-09-07T21:00:45+00:00,False,,0,0,100,1,100,1,,,,,,,0,0,2026-08-21T13:31:25.5066235+00:00
815194,medusa,MA-2026-4,138,Lots en Diversen,22498, 2326, ,1,"Een zilveren theeservies, bestaande uit een theepot en roomstel, alle delen gemerkt ‘900’. Totaalgewicht 1.397 gram.Condition report upon request",,1000,2000,,,,,,,3,H. 13 - 24 cm.,,True,False,"Een zilveren theeservies, bestaande uit een theepot en roomstel, alle delen gemerkt ‘900’. Totaalgewicht 1.397 gram.;A silver tea set, consisting of a teapot and cream set, all parts marked ‘900’. Total weight 1,397 grams.;;zilver^;;2326;H. 13 - 24 cm.;Silver^;", (-),https://lotimages.blob.core.windows.net/medusa/e7a3ab57-942c-4acd-a874-9928f88b1014_TH.png,4,2026-09-07T17:15:45+00:00,2026-09-07T21:00:45+00:00,False,,0,0,1000,1,1000,1,,,,,,,0,0,2026-08-21T13:31:26.0729191+00:00
815195,medusa,MA-2026-4,138,Lots en Diversen,22499, 2327, ,1,"Een lot divers zilver, bestaande uit een schaal en twee platte schalen, alle getoetst op zilver. Totaalgewicht 522 gram.Condition report upon request",,400,800,,,,,,,3,Diam. 16 - 28 cm.,,True,False,"Een lot divers zilver, bestaande uit een schaal en twee platte schalen, alle getoetst op zilver. Totaalgewicht 522 gram.;A lot of miscellaneous silver, consisting of a bowl and two flat bowls, all tested for silver. Total weight 522 grams.;;zilver^;;2327;Diam. 16 - 28 cm.;Silver^;", (-),https://lotimages.blob.core.windows.net/medusa/393e8c32-4f60-414a-b6d1-3b1d196773da_TH.png,3,2026-09-07T17:15:45+00:00,2026-09-07T21:00:45+00:00,False,,0,0,400,1,400,1,,,,,,,0,0,2026-08-21T13:31:26.6507623+00:00
815196,medusa,MA-2026-4,138,Lots en Diversen,22500, 2328, ,1,"Een lot divers Chinees lakwerk, bestaande uit onder andere vazen, dekselvazen en dozen.Condition report upon request",,50,150,,,,,,,4,,,True,False,"Een lot divers Chinees lakwerk, bestaande uit onder andere vazen, dekselvazen en dozen.;A lot of diverse Chinese lacquerware, consisting of vases, lidded vases, and boxes, among others.;;China^;Chinees porselein^;;2328;;China^;Chinese porcelain^;", (-),https://lotimages.blob.core.windows.net/medusa/4f72c4c5-681e-47a0-af99-c2c7b960d63a_TH.png,3,2026-09-07T17:15:45+00:00,2026-09-07T21:00:45+00:00,False,,0,0,50,1,50,1,,,,,,,0,0,2026-08-21T13:31:27.2288444+00:00
815197,medusa,MA-2026-4,138,Lots en Diversen,22503, 2329, ,1,"Een lot Chinees porselein met floraal decor, bestaande uit een cachepot en een brushpot. China, 19e eeuw.Condition report upon request",,50,150,,,,,,,2,H. 14 - 28 cm.,,True,False,"Een lot Chinees porselein met floraal decor, bestaande uit een cachepot en een brushpot. China, 19e eeuw.;A lot of Chinese porcelain with floral decoration, consisting of a cachepot and a brushpot. China, 19th century.;;China^;Chinees porselein^;;2329;H. 14 - 28 cm.;China^;Chinese porcelain^;", (-),https://lotimages.blob.core.windows.net/medusa/bd63c7f3-8c19-4f99-9086-7f2f24ab9606_TH.png,2,2026-09-07T17:15:45+00:00,2026-09-07T21:00:45+00:00,False,,0,0,50,1,50,1,,,,,,,0,0,2026-08-21T13:31:27.8251246+00:00
815198,medusa,MA-2026-4,138,Lots en Diversen,22504, 2330, ,1,"Een lot Chinees porselein in famille rose-decor, bestaande uit twee krekeldoosjes en een zalfpotje. China, 19e eeuw.Condition report upon request",,50,150,,,,,,,3,,,True,False,"Een lot Chinees porselein in famille rose-decor, bestaande uit twee krekeldoosjes en een zalfpotje. China, 19e eeuw.;A lot of Chinese porcelain in famille rose decoration, consisting of two cricket boxes and an ointment jar. China, 19th century.;;China^;Chinees porselein^;;2330;;China^;Chinese porcelain^;", (-),https://lotimages.blob.core.windows.net/medusa/3d2d7fcc-244c-4025-a603-ec90ee8f23d9_TH.png,2,2026-09-07T17:15:45+00:00,2026-09-07T21:00:45+00:00,False,,0,0,50,1,50,1,,,,,,,0,0,2026-08-21T13:31:28.4357677+00:00
815199,medusa,MA-2026-4,138,Lots en Diversen,22505, 2331, ,1,"Een lot Chinees famille rose-porselein, bestaande uit twee schalen, een dekselkom, een vierkante vaas en een gele kom, alle gedecoreerd met florale motieven. China, 19e eeuw.Condition report upon request",,100,300,,,,,,,5,,,True,False,"Een lot Chinees famille rose-porselein, bestaande uit twee schalen, een dekselkom, een vierkante vaas en een gele kom, alle gedecoreerd met florale motieven. China, 19e eeuw.;A lot of Chinese famille rose porcelain, consisting of two dishes, a lidded bowl, a square vase, and a yellow bowl, all decorated with floral motifs. China, 19th century.;;China^;Chinees porselein^;;2331;;China^;Chinese porcelain^;", (-),https://lotimages.blob.core.windows.net/medusa/1d24cae7-d072-4368-b034-9da86a3d46b4_TH.png,7,2026-09-07T17:15:45+00:00,2026-09-07T21:00:45+00:00,False,,0,0,100,1,100,1,,,,,,,0,0,2026-08-21T13:31:28.993079+00:00
815200,medusa,MA-2026-4,138,Lots en Diversen,22506, 2332, ,1,"Een lot diverse paardenfiguren, grotendeels vervaardigd uit rozenhout. Enkele gebruikssporen.Condition report upon request",,30,60,,,,,,,1,,,True,False,"Een lot diverse paardenfiguren, grotendeels vervaardigd uit rozenhout. Enkele gebruikssporen.;A lot of various horse figures, largely made of rosewood. Some signs of use.;;Aziatica^;Beelden^;;2332;;Asian Art^;Sculptures^;", (-),https://lotimages.blob.core.windows.net/medusa/40b371e7-3dde-4008-8e70-eca584cf08ef_TH.png,5,2026-09-07T17:15:45+00:00,2026-09-07T21:00:45+00:00,False,,0,0,30,1,30,1,,,,,,,0,0,2026-08-21T13:31:29.6204438+00:00
815201,medusa,MA-2026-4,138,Lots en Diversen,22507, 2333, ,1,"Een lot divers Aziatica, bestaande uit onder andere porselein, speksteen, cloisonné en diverse houten voeten.Condition report upon request",,30,60,,,,,,,1,,,True,False,"Een lot divers Aziatica, bestaande uit onder andere porselein, speksteen, cloisonné en diverse houten voeten.;A lot of diverse Asian art, consisting of, among other things, porcelain, soapstone, cloisonné, and various wooden feet.;;Aziatica^;Aziatisch brons^;;2333;;Asian Art^;Asian bronze^;", (-),https://lotimages.blob.core.windows.net/medusa/9dc2b0b2-4b96-4a63-901f-a3143808465a_TH.png,4,2026-09-07T17:15:45+00:00,2026-09-07T21:00:45+00:00,False,,0,0,30,1,30,1,,,,,,,0,0,2026-08-21T13:31:30.1855167+00:00
815202,medusa,MA-2026-4,138,Lots en Diversen,22539, 2334, ,1,"Een faux-krokodillenleren sieradenkistje, met daarin diverse sieraden, waaronder meerdere zilveren exemplaren.Condition report upon request",,50,50,,,,,,,1,,,True,False,"Een faux-krokodillenleren sieradenkistje, met daarin diverse sieraden, waaronder meerdere zilveren exemplaren.;A faux crocodile leather jewelry box, containing various pieces of jewelry, including several silver items.;;Sieraden^;;2334;;jewellery^;", (-),https://lotimages.blob.core.windows.net/medusa/78c7f3f4-4ab0-471b-9b0c-cbe76a5b478d_TH.png,2,2026-09-07T17:15:45+00:00,2026-09-07T21:00:45+00:00,False,,0,0,50,1,50,1,,,,,,,0,0,2026-08-21T13:31:30.7822968+00:00
815203,medusa,MA-2026-4,138,Lots en Diversen,22577, 2335, ,1,"Een lot van vier 19e-eeuwse buskruithouders, waarvan twee vervaardigd uit hoorn en één uit koper.Condition report upon request",,50,150,,,,,,,4,,,True,False,"Een lot van vier 19e-eeuwse buskruithouders, waarvan twee vervaardigd uit hoorn en één uit koper.;A lot of four 19th-century gunpowder holders, two of which are made of horn and one of copper.;;Diversen^;;2335;;Miscellaneous^;", (-),https://lotimages.blob.core.windows.net/medusa/0cb81fca-271e-4d9a-98da-636f97abad72_TH.png,3,2026-09-07T17:15:45+00:00,2026-09-07T21:00:45+00:00,False,,0,0,50,1,50,1,,,,,,,0,0,2026-08-21T13:31:31.366918+00:00
815204,medusa,MA-2026-4,138,Lots en Diversen,22576, 2336, ,1,"Twee midden 19e-eeuwse Amerikaanse militaire buskruitflessen van koper, beide gedecoreerd met de Amerikaanse adelaar.Condition report upon request",,50,150,,,,,,,2,22 x 11 cm.,,True,False,"Twee midden 19e-eeuwse Amerikaanse militaire buskruitflessen van koper, beide gedecoreerd met de Amerikaanse adelaar.;Two mid-19th-century American military copper gunpowder flasks, both decorated with the American eagle.;;Diversen^;;2336;22 x 11 cm.;Miscellaneous^;", (-),https://lotimages.blob.core.windows.net/medusa/8a8b185c-ab21-4768-8a0c-1db5cc848482_TH.png,2,2026-09-07T17:15:45+00:00,2026-09-07T21:00:45+00:00,False,,0,0,50,1,50,1,,,,,,,0,0,2026-08-21T13:31:31.9524311+00:00
815205,medusa,MA-2026-4,138,Lots en Diversen,22579, 2337, ,1,"Een dubbelloops penvuurpistool, voorzien van een uitklapbare bajonet. Ongemerkt, mogelijk Frankrijk, tweede helft 19e eeuw.Condition report upon request",,100,300,,,,,,,1,L. 26 cm.,,True,False,"Een dubbelloops penvuurpistool, voorzien van een uitklapbare bajonet. Ongemerkt, mogelijk Frankrijk, tweede helft 19e eeuw.;A double-barreled pinfire pistol, fitted with a folding bayonet. Unmarked, possibly France, second half of the 19th century.;;Diversen^;Militaria^;;2337;L. 26 cm.;Miscellaneous^;Militaria^;", (-),https://lotimages.blob.core.windows.net/medusa/dcb36a6a-0f73-4c85-8bae-cba500bc41e0_TH.png,3,2026-09-07T17:15:45+00:00,2026-09-07T21:00:45+00:00,False,,0,0,100,1,100,1,,,,,,,0,0,2026-08-21T13:31:32.5359579+00:00
815206,medusa,MA-2026-4,138,Lots en Diversen,22580, 2338, ,1,"Een ruiterpistool met percussiesysteem, uitgevoerd met een bronzen, kanonvormige loop. De trekker is instelbaar in laad- en schietstand. Gemerkt met het Luikse proefbankstempel ‘E.L.G.’ in ovaal. Circa 1830.Condition report upon request",,100,300,,,,,,,1,L. 21 cm.,,True,False,"Een ruiterpistool met percussiesysteem, uitgevoerd met een bronzen, kanonvormige loop. De trekker is instelbaar in laad- en schietstand. Gemerkt met het Luikse proefbankstempel ‘E.L.G.’ in ovaal. Circa 1830.;A cavalry pistol with a percussion system, fitted with a bronze, cannon-shaped barrel. The trigger is adjustable to the loading and firing positions. Marked with the Liège proof house stamp ‘E.L.G.’ in an oval. Circa 1830.;;Diversen^;;2338;L. 21 cm.;Miscellaneous^;", (-),https://lotimages.blob.core.windows.net/medusa/815043d1-e137-4ec9-b4fc-75f96d19cf9e_TH.png,3,2026-09-07T17:15:45+00:00,2026-09-07T21:00:45+00:00,False,,0,0,100,1,100,1,,,,,,,0,0,2026-08-21T13:31:33.116846+00:00
815207,medusa,MA-2026-4,138,Lots en Diversen,22582, 2339, ,1,"Een Brits vuurstenen zakpistool, het houten heft gedecoreerd met zilverdraad en voorzien van koperen beslag.Condition report upon request",,100,300,,,,,,,1,L. 17 cm.,,True,False,"Een Brits vuurstenen zakpistool, het houten heft gedecoreerd met zilverdraad en voorzien van koperen beslag.;A British flintlock pocket pistol, the wooden handle decorated with silver wire and fitted with brass fittings.;;Diversen^;;2339;L. 17 cm.;Miscellaneous^;", (-),https://lotimages.blob.core.windows.net/medusa/344ef84e-3616-496c-b2d6-a147163253cb_TH.png,4,2026-09-07T17:15:45+00:00,2026-09-07T21:00:45+00:00,False,,0,0,100,1,100,1,,,,,,,0,0,2026-08-21T13:31:33.6928624+00:00
815208,medusa,MA-2026-4,138,Lots en Diversen,22583, 2340, ,1,"Een Spaans dubbelloops percussiepistool met houten kolf. Spanje, 19e eeuw.Condition report upon request",,80,120,,,,,,,1,L. 21 cm.,,True,False,"Een Spaans dubbelloops percussiepistool met houten kolf. Spanje, 19e eeuw.;A Spanish double-barreled percussion pistol with a wooden stock. Spain, 19th century.;;Militaria^;;2340;L. 21 cm.;Militaria^;", (-),https://lotimages.blob.core.windows.net/medusa/27de218f-fc76-4672-bc7f-8bfb6707f04f_TH.png,3,2026-09-07T17:15:45+00:00,2026-09-07T21:00:45+00:00,False,,0,0,80,1,80,1,,,,,,,0,0,2026-08-21T13:31:34.2582076+00:00
815209,medusa,MA-2026-4,138,Lots en Diversen,22584, 2341, ,1,"Een ruiterpistool met vuursteenmechanisme, voorzien van een notenhouten kolf, ronde loop en ijzeren trekkerbeugel. 19e eeuw.Condition report upon request",,100,300,,,,,,,1,L. 53 cm.,,True,False,"Een ruiterpistool met vuursteenmechanisme, voorzien van een notenhouten kolf, ronde loop en ijzeren trekkerbeugel. 19e eeuw.;A flintlock cavalry pistol with a walnut stock, round barrel, and iron trigger guard. 19th century.;;Militaria^;;2341;L. 53 cm.;Militaria^;", (-),https://lotimages.blob.core.windows.net/medusa/2b970635-433a-4f5d-8d5d-029203c62392_TH.png,4,2026-09-07T17:15:45+00:00,2026-09-07T21:00:45+00:00,False,,0,0,100,1,100,1,,,,,,,0,0,2026-08-21T13:31:34.9012024+00:00
815210,medusa,MA-2026-4,138,Lots en Diversen,22585, 2342, ,1,"Een Midden-Oosters vuursteenpistool, voorzien van benen inleg, deels ontbrekend. Circa 1900.Condition report upon request",,50,150,,,,,,,1,L. 34 cm.,,True,False,"Een Midden-Oosters vuursteenpistool, voorzien van benen inleg, deels ontbrekend. Circa 1900.;A Middle Eastern flintlock pistol, fitted with bone inlay, partially missing. Circa 1900.;;Militaria^;;2342;L. 34 cm.;Militaria^;", (-),https://lotimages.blob.core.windows.net/medusa/aa4c8d02-a2ff-415f-ab3b-6a4fb6773315_TH.png,4,2026-09-07T17:15:45+00:00,2026-09-07T21:00:45+00:00,False,,0,0,50,1,50,1,,,,,,,0,0,2026-08-21T13:31:35.4697989+00:00
815211,medusa,MA-2026-4,138,Lots en Diversen,22586, 2343, ,1,"Een Spaans vuursteenpistool, 20e eeuw.Condition report upon request",,40,80,,,,,,,1,L. 31 cm. ,,True,False,"Een Spaans vuursteenpistool, 20e eeuw.;A Spanish flintlock pistol, 20th century.;;Diversen^;;2343;L. 31 cm. ;Miscellaneous^;", (-),https://lotimages.blob.core.windows.net/medusa/b6f4e7b3-e47a-4804-886a-c1412c90ce51_TH.png,3,2026-09-07T17:15:45+00:00,2026-09-07T21:00:45+00:00,False,,0,0,40,1,40,1,,,,,,,0,0,2026-08-21T13:31:36.0391349+00:00
815212,medusa,MA-2026-4,138,Lots en Diversen,22599, 2344, ,1,"Een lot van twee zwaarden, waarvan één met een handvat in de vorm van een draak en één met een handvat in gehamerd decor.Condition report upon request",,40,80,,,,,,,2,,,True,False,"Een lot van twee zwaarden, waarvan één met een handvat in de vorm van een draak en één met een handvat in gehamerd decor.;A lot of two swords, one with a hilt in the shape of a dragon and one with a hilt in hammered decoration.;;Diversen^;;2344;;Miscellaneous^;", (-),https://lotimages.blob.core.windows.net/medusa/c519d74c-479b-476e-963a-7926ccc3663a_TH.png,3,2026-09-07T17:15:45+00:00,2026-09-07T21:00:45+00:00,False,,0,0,40,1,40,1,,,,,,,0,0,2026-08-21T13:31:36.6306392+00:00
815213,medusa,MA-2026-4,138,Lots en Diversen,22600, 2345, ,1,"Een lot van drie messing en smeedijzeren haardstellen, uitgevoerd in diverse motieven.Condition report upon request",,50,150,,,,,,,3,,,True,False,"Een lot van drie messing en smeedijzeren haardstellen, uitgevoerd in diverse motieven.;A lot of three brass and wrought iron fireplace sets, executed in various motifs.;;Diversen^;;2345;;Miscellaneous^;", (-),https://lotimages.blob.core.windows.net/medusa/7c3fac23-c8b5-44ac-bc4d-d423a26dd1ab_TH.png,3,2026-09-07T17:15:45+00:00,2026-09-07T21:00:45+00:00,False,,0,0,50,1,50,1,,,,,,,0,0,2026-08-21T13:31:37.2218576+00:00
815214,medusa,MA-2026-4,138,Lots en Diversen,22602, 2346, ,1,"Een zilveren kapset, bestaande uit een borstel en een spiegel, waarbij het spiegelglas ontbreekt. Gemerkt ‘830S’. Totaalgewicht 252,5 gramCondition report upon request",,100,200,,,,,,,2,L. 23 - 27 cm.,,True,False,"Een zilveren kapset, bestaande uit een borstel en een spiegel, waarbij het spiegelglas ontbreekt. Gemerkt ‘830S’. Totaalgewicht 252,5 gram;A silver dressing set, consisting of a brush and a mirror, with the mirror glass missing. Marked ‘830S’. Total weight 252.5 grams;;zilver^;;2346;L. 23 - 27 cm.;Silver^;", (-),https://lotimages.blob.core.windows.net/medusa/6bacc354-635b-4bfa-a02f-7fef02e78d7a_TH.png,2,2026-09-07T17:15:45+00:00,2026-09-07T21:00:45+00:00,False,,0,0,100,1,100,1,,,,,,,0,0,2026-08-21T13:31:37.791843+00:00
815215,medusa,MA-2026-4,138,Lots en Diversen,22603, 2347, ,1,"<P>Een zilveren toiletset, bestaande uit een flesje, een dekselpot en een kam, alle voorzien van zilveren monturen, gemerkt ‘830S’, en gedecoreerd met emaille.</P>
<P>gewicht bruto zonder glaswerk 109 gram</P>",,100,200,,,,,,,3,,,True,False,"<P>Een zilveren toiletset, bestaande uit een flesje, een dekselpot en een kam, alle voorzien van zilveren monturen, gemerkt ‘830S’, en gedecoreerd met emaille.</P>
<P>gewicht bruto zonder glaswerk 109 gram</P>;A silver toilet set, consisting of a bottle, a lidded pot, and a comb, all fitted with silver mounts, marked ‘830S’, and decorated with enamel.;;zilver^;;2347;;Silver^;", (-),https://lotimages.blob.core.windows.net/medusa/7a22a682-7c5a-477a-8a5c-41ea99769a48_TH.png,2,2026-09-07T17:15:45+00:00,2026-09-07T21:00:45+00:00,False,,0,0,100,1,100,1,,,,,,,0,0,2026-08-21T13:31:38.3713711+00:00
815216,medusa,MA-2026-4,138,Lots en Diversen,22605, 2348, ,1,"<P>Zilveren antieke thee- of koffie pot bewerkt met florale gravering en vogelfiguur op deksel (handvat manco) gekeurd met&nbsp;Oostenrijk-Hongarije vrouwenhoofdje (+/- 1872- letter&nbsp;onduidelijk in keur)</P>
<P>Gewicht 448 gram</P>Condition report upon request",,250,500,,,,,,,1,H. 23 cm. ,,True,False,"<P>Zilveren antieke thee- of koffie pot bewerkt met florale gravering en vogelfiguur op deksel (handvat manco) gekeurd met&nbsp;Oostenrijk-Hongarije vrouwenhoofdje (+/- 1872- letter&nbsp;onduidelijk in keur)</P>
<P>Gewicht 448 gram</P>;<P>Antique silver tea or coffee pot decorated with floral engraving and bird figure on lid (handle missing) hallmarked with Austro-Hungarian female head (+/- 1872 - lettering unclear in hallmark)</P>

<P>Weight 448 grams</P>;;zilver^;;2348;H. 23 cm. ;Silver^;", (-),https://lotimages.blob.core.windows.net/medusa/dbd41fc9-07a1-43df-a3ee-9bd3bb594f78_TH.png,2,2026-09-07T17:15:45+00:00,2026-09-07T21:00:45+00:00,False,,0,0,250,1,250,1,,,,,,,0,0,2026-08-21T13:31:39.0051966+00:00
815217,medusa,MA-2026-4,138,Lots en Diversen,22606, 2349, ,1,"<P>Antieke zilveren bessen- en of strooilepel met fraai opgenwerkte en gegraveerde bak en gedecoreerde handvat.&nbsp;Meerdere keuren mogelijk Frans&nbsp; </P>
<P>Gewicht 43 gram.</P>Condition report upon request",,40,80,,,,,,,1,L. 21 cm.,,True,False,"<P>Antieke zilveren bessen- en of strooilepel met fraai opgenwerkte en gegraveerde bak en gedecoreerde handvat.&nbsp;Meerdere keuren mogelijk Frans&nbsp; </P>
<P>Gewicht 43 gram.</P>;<P>Antique silver berry and/or sugar spoon with beautifully openwork and engraved bowl and decorated handle. Multiple hallmarks possible, French </P>

<P>Weight 43 grams.</P>;;zilver^;;2349;L. 21 cm.;Silver^;", (-),https://lotimages.blob.core.windows.net/medusa/e1162422-2dc7-4d80-a3e4-4380dcb1c19a_TH.png,2,2026-09-07T17:15:45+00:00,2026-09-07T21:00:45+00:00,False,,0,0,40,1,40,1,,,,,,,0,0,2026-08-21T13:31:39.5867941+00:00
815218,medusa,MA-2026-4,138,Lots en Diversen,22540, 2350, ,1,"Een lot zilver, bestaande uit een zilveren soeplepel, voorzien van Minervahoofd als keurmerk, gewicht 173 gram, en een vleesvork met zilveren heft, gemerkt met het zwaardje, gewicht 208 gram.Condition report upon request",,150,300,,,,,,,2,L. 31 - 32 cm.,,True,False,"Een lot zilver, bestaande uit een zilveren soeplepel, voorzien van Minervahoofd als keurmerk, gewicht 173 gram, en een vleesvork met zilveren heft, gemerkt met het zwaardje, gewicht 208 gram.;A lot of silver, consisting of a silver soup ladle, bearing a Minerva head as a hallmark, weight 173 grams, and a meat fork with a silver handle, marked with the small sword, weight 208 grams.;;zilver^;;2350;L. 31 - 32 cm.;Silver^;", (-),https://lotimages.blob.core.windows.net/medusa/49cabd18-aacb-49f5-87ad-acea3b48640d_TH.png,2,2026-09-07T17:15:45+00:00,2026-09-07T21:00:45+00:00,False,,0,0,150,1,150,1,,,,,,,0,0,2026-08-21T13:31:40.149204+00:00
815219,medusa,MA-2026-4,138,Lots en Diversen,22607, 2351, ,1,"<P>Een lot Djokja zilveren koffielepels met&nbsp;bloem/bladvormige lepelbakken&nbsp;en een&nbsp;roomlepel, allen met Whajangpop op de stelen, allen gekeurd met '800' </P>
<P>.gewicht&nbsp;149 gram.</P>Condition report upon request",,100,200,,,,,,,13,,,True,False,"<P>Een lot Djokja zilveren koffielepels met&nbsp;bloem/bladvormige lepelbakken&nbsp;en een&nbsp;roomlepel, allen met Whajangpop op de stelen, allen gekeurd met '800' </P>
<P>.gewicht&nbsp;149 gram.</P>;<P>A lot of Djokja silver coffee spoons with flower/leaf-shaped bowls and a cream spoon, all with Whajang doll on the handles, all hallmarked '800' </P>

<P>Weight 149 grams.</P>;;zilver^;;2351;;Silver^;", (-),https://lotimages.blob.core.windows.net/medusa/e25a66cb-abf7-4ebe-aed6-79c18f7cfded_TH.png,2,2026-09-07T17:15:45+00:00,2026-09-07T21:00:45+00:00,False,,0,0,100,1,100,1,,,,,,,0,0,2026-08-21T13:31:40.7421759+00:00
815220,medusa,MA-2026-4,138,Lots en Diversen,22613, 2352, ,1,"Een antieke verzilverde visschep,met mooie ajourgezaagde en gegraveerde blad, en een Engels gekeurd Gewicht157,5 gram. En een antieke verzilverde sierlijke zuurvork of belegvork met fijne Biedemeier gravering en opengewerkt middenstuk. Engels gekeurd. gewicht 106,5 gr.Condition report upon request",,10,20,,,,,,,2,L. 31 cm.,,True,False,"Een antieke verzilverde visschep,met mooie ajourgezaagde en gegraveerde blad, en een Engels gekeurd Gewicht157,5 gram. En een antieke verzilverde sierlijke zuurvork of belegvork met fijne Biedemeier gravering en opengewerkt middenstuk. Engels gekeurd. gewicht 106,5 gr.;An antique silver-plated fish serving spoon, with a beautiful openwork and engraved blade, and an English hallmark. Weight 157.5 grams. And an antique silver-plated ornate pickle fork or serving fork with fine Biedermeier engraving and an openwork centerpiece. English hallmark. Weight 106.5 g.;;zilver^;;2352;L. 31 cm.;Silver^;", (-),https://lotimages.blob.core.windows.net/medusa/ed283fc4-e912-481f-ba39-80c2b5be683a_TH.png,3,2026-09-07T17:15:45+00:00,2026-09-07T21:00:45+00:00,False,,0,0,10,1,10,1,,,,,,,0,0,2026-08-21T13:31:41.3776118+00:00
815221,medusa,MA-2026-4,138,Lots en Diversen,22538, 2353, ,1,"Een lot diverse zilveren koffielepeltjes, grotendeels voorzien van het zwaardje als zilverkeur. Totaalgewicht 63,6 gram.Condition report upon request",,50,100,,,,,,,1,,,True,False,"Een lot diverse zilveren koffielepeltjes, grotendeels voorzien van het zwaardje als zilverkeur. Totaalgewicht 63,6 gram.;A lot of various silver coffee spoons, mostly bearing the sword mark. Total weight 63.6 grams.;;zilver^;;2353;;Silver^;", (-),https://lotimages.blob.core.windows.net/medusa/1e2597f0-0542-4d2c-b157-445f133ec4ea_TH.png,2,2026-09-07T17:15:45+00:00,2026-09-07T21:00:45+00:00,False,,0,0,50,1,50,1,,,,,,,0,0,2026-08-21T13:31:42.0046031+00:00
815222,medusa,MA-2026-4,138,Lots en Diversen,22402, 2354, ,1,"Een stel sterling zilveren kandelaren, gemerkt Duchin creation. Totaalgewicht 364 gram, gevuld.Condition report upon request",,50,150,,,,,,,2,,,True,False,"Een stel sterling zilveren kandelaren, gemerkt Duchin creation. Totaalgewicht 364 gram, gevuld.;A pair of sterling silver candlesticks, marked Duchin creation. Total weight 364 grams, filled.;;zilver^;;2354;;Silver^;", (-),https://lotimages.blob.core.windows.net/medusa/c8681a2e-2a86-46e9-8c5f-5488cf213b29_TH.png,3,2026-09-07T17:15:45+00:00,2026-09-07T21:00:45+00:00,False,,0,0,50,1,50,1,,,,,,,0,0,2026-08-21T13:31:42.7415153+00:00
815223,medusa,MA-2026-4,138,Lots en Diversen,22401, 2355, ,1,"Een stel sterling zilveren kandelaren, gemerkt Frank M. Whiting &amp; Company. Totaalgewicht 380 gram, gevuld.Condition report upon request",,50,150,,,,,,,2,"H. 8,5 cm.",,True,False,"Een stel sterling zilveren kandelaren, gemerkt Frank M. Whiting &amp; Company. Totaalgewicht 380 gram, gevuld.;A pair of sterling silver candlesticks, marked Frank M. Whiting & Company. Total weight 380 grams, filled.;;zilver^;;2355;H. 8,5 cm.;Silver^;", (-),https://lotimages.blob.core.windows.net/medusa/2cdf3e03-d090-4405-bc9b-2c6bbb899b92_TH.png,3,2026-09-07T17:15:45+00:00,2026-09-07T21:00:45+00:00,False,,0,0,50,1,50,1,,,,,,,0,0,2026-08-21T13:31:43.3545192+00:00
815224,medusa,MA-2026-4,138,Lots en Diversen,22526, 2356, ,1,"Een lot zilver, bestaande uit een sigarettendoos, gemerkt ‘830S’, uitgereikt aan Willem Blaas, werkzaam bij De Gruyter, ter gelegenheid van zijn 25-jarig jubileum. Daarbij een zilveren pillendoosje met Russisch emaille en een zilveren zakhorloge. Totaalgewicht 201,5 gram.Condition report upon request",,100,200,,,,,,,3,,,True,False,"Een lot zilver, bestaande uit een sigarettendoos, gemerkt ‘830S’, uitgereikt aan Willem Blaas, werkzaam bij De Gruyter, ter gelegenheid van zijn 25-jarig jubileum. Daarbij een zilveren pillendoosje met Russisch emaille en een zilveren zakhorloge. Totaalgewicht 201,5 gram.;A lot of silver, consisting of a cigarette case, marked ‘830S’, presented to Willem Blaas, employed by De Gruyter, on the occasion of his 25th anniversary. Also included are a small silver pillbox with Russian enamel and a silver pocket watch. Total weight 201.5 grams.;;zilver^;;2356;;Silver^;", (-),https://lotimages.blob.core.windows.net/medusa/61a19945-40c1-4c41-97fd-681bc2a32616_TH.png,2,2026-09-07T17:15:45+00:00,2026-09-07T21:00:45+00:00,False,,0,0,100,1,100,1,,,,,,,0,0,2026-08-21T13:31:43.9225227+00:00
815225,medusa,MA-2026-4,138,Lots en Diversen,22646, 2357, ,1,"Een collectie divers kristal, waaronder een bowlset. De knop van het deksel is gerestaureerd.Condition report upon request",,10,100,,,,,,,1,,,True,False,"Een collectie divers kristal, waaronder een bowlset. De knop van het deksel is gerestaureerd.;A collection of diverse crystal, including a bowl set. The knob on the lid has been restored.;;Glas^;;2357;;Glass^;", (-),https://lotimages.blob.core.windows.net/medusa/5b58ea97-c6d4-46aa-8bea-88414179bd13_TH.png,2,2026-09-07T17:15:45+00:00,2026-09-07T21:00:45+00:00,False,,0,0,10,1,10,1,,,,,,,0,0,2026-08-21T13:31:44.510473+00:00
815226,medusa,MA-2026-4,138,Lots en Diversen,22407, 2358, ,1,Een lot diverse Swarovski-dierfiguren. Enkele exemplaren met mankementen.Condition report upon request,,20,40,,,,,,,1,,,True,False,Een lot diverse Swarovski-dierfiguren. Enkele exemplaren met mankementen.;A lot of various Swarovski animal figures. Some items with defects.;;Swarovski^;;2358;;Swarovski^;, (-),https://lotimages.blob.core.windows.net/medusa/a1e98d67-f563-40fc-a223-6ad71bc8ab3a_TH.png,3,2026-09-07T17:15:45+00:00,2026-09-07T21:00:45+00:00,False,,0,0,20,1,20,1,,,,,,,0,0,2026-08-21T13:31:45.0825091+00:00
815227,medusa,MA-2026-4,138,Lots en Diversen,22412, 2359, ,1,"Een lot divers antiek kristal, bestaande uit onder meer messenleggers, een dienblad, dekselcoupes en een kaasstolp met zilveren knop.Condition report upon request",,50,100,,,,,,,1,,,True,False,"Een lot divers antiek kristal, bestaande uit onder meer messenleggers, een dienblad, dekselcoupes en een kaasstolp met zilveren knop.;A lot of diverse antique crystal, consisting of, among other things, knife rests, a serving tray, lidded coupes, and a cheese dome with a silver knob.;;Glas^;zilver^;;2359;;Glass^;Silver^;", (-),https://lotimages.blob.core.windows.net/medusa/2a5d8c7f-bd0b-4a3c-a8ed-7b0610ceee6e_TH.png,3,2026-09-07T17:15:45+00:00,2026-09-07T21:00:45+00:00,False,,0,0,50,1,50,1,,,,,,,0,0,2026-08-21T13:31:45.6640061+00:00
815228,medusa,MA-2026-4,138,Lots en Diversen,22422, 2360, ,1,"Een zilveren tasbeugel, vervaardigd door W. Edeling, Schoonhoven, actief 1896–1910, voorzien van valse antieke keuren. Totaalgewicht 161 gram.Condition report upon request",,120,160,,,,,,,1,26 x 15 cm.,,True,False,"Een zilveren tasbeugel, vervaardigd door W. Edeling, Schoonhoven, actief 1896–1910, voorzien van valse antieke keuren. Totaalgewicht 161 gram.;A silver purse frame, manufactured by W. Edeling, Schoonhoven, active 1896–1910, bearing false antique hallmarks. Total weight 161 grams.;;zilver^;;2360;26 x 15 cm.;Silver^;", (-),https://lotimages.blob.core.windows.net/medusa/f75bca13-698a-45cf-a01d-5043df637b42_TH.png,3,2026-09-07T17:15:45+00:00,2026-09-07T21:00:45+00:00,False,,0,0,120,1,120,1,,,,,,,0,0,2026-08-21T13:31:46.2325505+00:00
815229,medusa,MA-2026-4,138,Lots en Diversen,22427, 2361, ,1,"Een zware zilveren geboortelepel, voorzien van gegraveerde dateringen ‘1739’ en ‘1799’. 18e eeuw. Totaalgewicht 60 gram.Condition report upon request",,200,300,,,,,,,1,L. 18 cm.,,True,False,"Een zware zilveren geboortelepel, voorzien van gegraveerde dateringen ‘1739’ en ‘1799’. 18e eeuw. Totaalgewicht 60 gram.;A heavy silver christening spoon, featuring engraved dates ‘1739’ and ‘1799’. 18th century. Total weight 60 grams.;;zilver^;;2361;L. 18 cm.;Silver^;", (-),https://lotimages.blob.core.windows.net/medusa/578c83a3-415d-4129-b65f-2b5c3cf64f3f_TH.png,4,2026-09-07T17:15:45+00:00,2026-09-07T21:00:45+00:00,False,,0,0,200,1,200,1,,,,,,,0,0,2026-08-21T13:31:46.8874362+00:00
815230,medusa,MA-2026-4,138,Lots en Diversen,22421, 2362, ,1,"Een lot zilver, bestaande uit een rond zoutbakje met blauw glazen binnenbakje en zoutlepeltje, twee vingerdoekringen, een bewerkt rond doosje en een dovertje in de vorm van een trommelaar. Totaalgewicht 78 gram.Condition report upon request",,50,100,,,,,,,1,,,True,False,"Een lot zilver, bestaande uit een rond zoutbakje met blauw glazen binnenbakje en zoutlepeltje, twee vingerdoekringen, een bewerkt rond doosje en een dovertje in de vorm van een trommelaar. Totaalgewicht 78 gram.;A lot of silver, consisting of a round salt cellar with a blue glass inner bowl and salt spoon, two thimble rings, an ornate round box, and a snuffer in the shape of a drummer. Total weight 78 grams.;;zilver^;;2362;;Silver^;", (-),https://lotimages.blob.core.windows.net/medusa/a9ebcdf2-723b-43b6-b3cb-06ff723c4deb_TH.png,2,2026-09-07T17:15:45+00:00,2026-09-07T21:00:45+00:00,False,,0,0,50,1,50,1,,,,,,,0,0,2026-08-21T13:31:47.4515642+00:00
815231,medusa,MA-2026-4,138,Lots en Diversen,22428, 2363, ,1,"Een zilveren dienblad, Amsterdam 1787, vervaardigd door Rethmeijer. Totaalgewicht 2.890 gram.Condition report upon request",,2900,3500,,,,,,,1,Diam. 60 cm.,,True,False,"Een zilveren dienblad, Amsterdam 1787, vervaardigd door Rethmeijer. Totaalgewicht 2.890 gram.;A silver serving tray, Amsterdam 1787, manufactured by Rethmeijer. Total weight 2,890 grams.;;zilver^;;2363;Diam. 60 cm.;Silver^;", (-),https://lotimages.blob.core.windows.net/medusa/9551d878-c8c8-49af-af0e-fe313c6816dc_TH.png,4,2026-09-07T17:15:45+00:00,2026-09-07T21:00:45+00:00,False,,0,0,2900,1,2900,1,,,,,,,0,0,2026-08-21T13:31:48.0435344+00:00
815232,medusa,MA-2026-4,138,Lots en Diversen,22425, 2364, ,1,"Een lot zilver, bestaande uit drie kwastlepels en vier koffielepels, alle met getordeerde steel. Totaalgewicht 103 gram.Condition report upon request",,80,120,,,,,,,1,,,True,False,"Een lot zilver, bestaande uit drie kwastlepels en vier koffielepels, alle met getordeerde steel. Totaalgewicht 103 gram.;A lot of silver, consisting of three tassel spoons and four coffee spoons, all with twisted handles. Total weight 103 grams.;;zilver^;;2364;;Silver^;", (-),https://lotimages.blob.core.windows.net/medusa/6b7c05dc-c476-4a10-97b1-72c53aa34a42_TH.png,2,2026-09-07T17:15:45+00:00,2026-09-07T21:00:45+00:00,False,,0,0,80,1,80,1,,,,,,,0,0,2026-08-21T13:31:48.6105407+00:00
815233,medusa,MA-2026-4,138,Lots en Diversen,22408, 2365, ,1,"Een sterling zilveren, deels opengewerkte bonbonschaal, gemerkt Hamilton. Totaalgewicht 111 gram, gevuld.Condition report upon request",,50,150,,,,,,,1,8 x 14 cm. ,,True,False,"Een sterling zilveren, deels opengewerkte bonbonschaal, gemerkt Hamilton. Totaalgewicht 111 gram, gevuld.;A sterling silver, partially openwork bonbon dish, marked Hamilton. Total weight 111 grams, filled.;;zilver^;;2365;8 x 14 cm. ;Silver^;", (-),https://lotimages.blob.core.windows.net/medusa/bb3a74c0-f96c-4904-8162-47a5cdba231b_TH.png,3,2026-09-07T17:15:45+00:00,2026-09-07T21:00:45+00:00,False,,0,0,50,1,50,1,,,,,,,0,0,2026-08-21T13:31:49.1755508+00:00
815234,medusa,MA-2026-4,138,Lots en Diversen,22430, 2366, ,1,Een zilverenmosterdpot (tonvormig) Den Haag WB jaarletter W. Totaalgewicht 364 gram. Condition report upon request,,2000,3000,,,,,,,1,10 x 13 cm. ,,True,False,Een zilverenmosterdpot (tonvormig) Den Haag WB jaarletter W. Totaalgewicht 364 gram. ;A silver mustard pot (barrel-shaped) The Hague WB year letter W. Total weight 364 grams.;;zilver^;;2366;10 x 13 cm. ;Silver^;, (-),https://lotimages.blob.core.windows.net/medusa/afd39079-f6d9-42eb-8d1f-7ebe200d4fe8_TH.png,5,2026-09-07T17:15:45+00:00,2026-09-07T21:00:45+00:00,False,,0,0,2000,1,2000,1,,,,,,,0,0,2026-08-21T13:31:49.7545382+00:00
815235,medusa,MA-2026-4,138,Lots en Diversen,22431, 2367, ,1,"Een lot zilver en verzilverd, bestaande uit een zilveren geboortebekertje, een zilveren orchideeënvaasje en een verzilverde eivormige strooier. Totaalgewicht 215 gram.Condition report upon request",,50,100,,,,,,,1,,,True,False,"Een lot zilver en verzilverd, bestaande uit een zilveren geboortebekertje, een zilveren orchideeënvaasje en een verzilverde eivormige strooier. Totaalgewicht 215 gram.;A lot of silver and silver-plated items, consisting of a small silver christening cup, a small silver orchid vase, and a silver-plated egg-shaped shaker. Total weight 215 grams.;;zilver^;;2367;;Silver^;", (-),https://lotimages.blob.core.windows.net/medusa/e41f274d-a1a5-4bc2-82ff-12ce5f8a9a88_TH.png,3,2026-09-07T17:15:45+00:00,2026-09-07T21:00:45+00:00,False,,0,0,50,1,50,1,,,,,,,0,0,2026-08-21T13:31:50.3184476+00:00
815236,medusa,MA-2026-4,138,Lots en Diversen,22432, 2368, ,1,"Zilveren theepot en melkkan (gedeukt) 19e eeuw, Totaalgewicht 482 gram.Condition report upon request",,400,500,,,,,,,1,,,True,False,"Zilveren theepot en melkkan (gedeukt) 19e eeuw, Totaalgewicht 482 gram.;Silver teapot and milk jug (dented) 19th century, Total weight 482 grams.;;zilver^;;2368;;Silver^;", (-),https://lotimages.blob.core.windows.net/medusa/2c81b22f-0679-4d02-b865-a52fa80ce432_TH.png,4,2026-09-07T17:15:45+00:00,2026-09-07T21:00:45+00:00,False,,0,0,400,1,400,1,,,,,,,0,0,2026-08-21T13:31:50.8884561+00:00
815237,medusa,MA-2026-4,138,Lots en Diversen,22433, 2369, ,1,2x Zilveren bouillonlepels met getordeerde steel + zilveren ijslepel met parelrand. Totaalgewicht 105 gram.Condition report upon request,,150,200,,,,,,,1,"L. 13,5 - 22 cm. ",,True,False,"2x Zilveren bouillonlepels met getordeerde steel + zilveren ijslepel met parelrand. Totaalgewicht 105 gram.;2x Silver stock spoons with twisted handles + silver ice cream spoon with pearl rim. Total weight 105 grams.;;zilver^;;2369;L. 13,5 - 22 cm. ;Silver^;", (-),https://lotimages.blob.core.windows.net/medusa/f4457849-734a-4d3d-9635-87f5d6b8175b_TH.png,2,2026-09-07T17:15:45+00:00,2026-09-07T21:00:45+00:00,False,,0,0,150,1,150,1,,,,,,,0,0,2026-08-21T13:31:51.4555583+00:00
815238,medusa,MA-2026-4,138,Lots en Diversen,22434, 2370, ,1,"Een zilveren tafelstel met vier kristallen karaffen en twee strooiers, eerste gehalte zilver, vervaardigd door Jacob Helweg, Amsterdam, 1836 (actief 1822–1853). Totaalgewicht 3.145 gram.Condition report upon request",,1700,2200,,,,,,,1,30 x 26 cm.,,True,False,"Een zilveren tafelstel met vier kristallen karaffen en twee strooiers, eerste gehalte zilver, vervaardigd door Jacob Helweg, Amsterdam, 1836 (actief 1822–1853). Totaalgewicht 3.145 gram.;A silver table set with four crystal decanters and two shakers, sterling silver, manufactured by Jacob Helweg, Amsterdam, 1836 (active 1822–1853). Total weight 3,145 grams.;;zilver^;;2370;30 x 26 cm.;Silver^;", (-),https://lotimages.blob.core.windows.net/medusa/0c55ee74-b0c5-453d-9eac-2f5ed4815e5b_TH.png,6,2026-09-07T17:15:45+00:00,2026-09-07T21:00:45+00:00,False,,0,0,1700,1,1700,1,,,,,,,0,0,2026-08-21T13:31:52.0231642+00:00
815239,medusa,MA-2026-4,138,Lots en Diversen,22435, 2371, ,1,"Verzilverd rond dienblad met 2 grepen, verzilverde schenkkan.Condition report upon request",,20,40,,,,,,,1,Diam. 35 cm.,,True,False,"Verzilverd rond dienblad met 2 grepen, verzilverde schenkkan.;Silver-plated round serving tray with 2 handles, silver-plated jug.;;verzilverd^;;2371;Diam. 35 cm.;Plate^;", (-),https://lotimages.blob.core.windows.net/medusa/4e782243-7ac2-494a-9e3b-f0f592827363_TH.png,3,2026-09-07T17:15:45+00:00,2026-09-07T21:00:45+00:00,False,,0,0,20,1,20,1,,,,,,,0,0,2026-08-21T13:31:52.6031112+00:00
815240,medusa,MA-2026-4,138,Lots en Diversen,22436, 2372, ,1,"Een zilveren bonbonbakje met strikoortjes, voorzien van meesterteken Gerrit Regtdoorzee Greup. Totaalgewicht 125 gram.Condition report upon request",,150,200,,,,,,,1,7 x 17 cm.,,True,False,"Een zilveren bonbonbakje met strikoortjes, voorzien van meesterteken Gerrit Regtdoorzee Greup. Totaalgewicht 125 gram.;A silver bonbon dish with bow handles, bearing the maker's mark of Gerrit Regtdoorzee Greup. Total weight 125 grams.;;zilver^;;2372;7 x 17 cm.;Silver^;", (-),https://lotimages.blob.core.windows.net/medusa/0f759abb-55c5-4379-802c-ad09e61e9de3_TH.png,4,2026-09-07T17:15:45+00:00,2026-09-07T21:00:45+00:00,False,,0,0,150,1,150,1,,,,,,,0,0,2026-08-21T13:31:53.1832534+00:00
815241,medusa,MA-2026-4,138,Lots en Diversen,22411, 2373, ,1,"Een verzameling diverse zilveren en verzilverde voorwerpen, waaronder een dienblad en een inktstel.Condition report upon request",,50,150,,,,,,,1,,,True,False,"Een verzameling diverse zilveren en verzilverde voorwerpen, waaronder een dienblad en een inktstel.;A collection of various silver and silver-plated objects, including a tray and an inkwell.;;verzilverd^;zilver^;;2373;;Plate^;Silver^;", (-),https://lotimages.blob.core.windows.net/medusa/85359684-5ce8-4999-9af1-69737937b2f3_TH.png,4,2026-09-07T17:15:45+00:00,2026-09-07T21:00:45+00:00,False,,0,0,50,1,50,1,,,,,,,0,0,2026-08-21T13:31:53.7501521+00:00
815242,medusa,MA-2026-4,138,Lots en Diversen,22438, 2374, ,1,"Een lot zilver, bestaande uit een etagère, haardstel, tang en schep (sleets), alsmede een naaldenkoker met inhoud. Totaalgewicht 42 gram.Condition report upon request",,100,150,,,,,,,3,,,True,False,"Een lot zilver, bestaande uit een etagère, haardstel, tang en schep (sleets), alsmede een naaldenkoker met inhoud. Totaalgewicht 42 gram.;A lot of silver, consisting of a tiered stand, fireplace set, tongs and scoop (worn), as well as a needle case with contents. Total weight 42 grams.;;zilver^;;2374;;Silver^;", (-),https://lotimages.blob.core.windows.net/medusa/af8ad16d-bcbe-4697-bec0-a696df22282b_TH.png,2,2026-09-07T17:15:45+00:00,2026-09-07T21:00:45+00:00,False,,0,0,100,1,100,1,,,,,,,0,0,2026-08-21T13:31:54.3102635+00:00
815243,medusa,MA-2026-4,138,Lots en Diversen,22445, 2375, ,1,"Een zilveren soezenmand, dicht model met hengsel, vervaardigd door E. Adelaar, actief 1812–1838, gedateerd 1832. Totaalgewicht 1.058 gram.Condition report upon request",,1500,2000,,,,,,,1,33 x 25 cm.,,True,False,"Een zilveren soezenmand, dicht model met hengsel, vervaardigd door E. Adelaar, actief 1812–1838, gedateerd 1832. Totaalgewicht 1.058 gram.;A silver pastry basket, closed model with handle, made by E. Adelaar, active 1812–1838, dated 1832. Total weight 1,058 grams.;;zilver^;;2375;33 x 25 cm.;Silver^;", (-),https://lotimages.blob.core.windows.net/medusa/358e999a-14f1-47b2-8409-decdd92a2bc8_TH.png,4,2026-09-07T17:15:45+00:00,2026-09-07T21:00:45+00:00,False,,0,0,1500,1,1500,1,,,,,,,0,0,2026-08-21T13:31:54.8932382+00:00
815244,medusa,MA-2026-4,138,Lots en Diversen,22440, 2376, ,1,"Een zilveren bonbonmandje met parelrand, vervaardigd door Jan Krins, Schoonhoven, 1950. Totaalgewicht 75 gram.Condition report upon request",,100,200,,,,,,,1,5 x 14 cm.,,True,False,"Een zilveren bonbonmandje met parelrand, vervaardigd door Jan Krins, Schoonhoven, 1950. Totaalgewicht 75 gram.;A silver bonbon basket with a pearl rim, made by Jan Krins, Schoonhoven, 1950. Total weight 75 grams.;;zilver^;;2376;5 x 14 cm.;Silver^;", (-),https://lotimages.blob.core.windows.net/medusa/7946104a-cccd-4dac-b1b0-ec03942a811e_TH.png,4,2026-09-07T17:15:45+00:00,2026-09-07T21:00:45+00:00,False,,0,0,100,1,100,1,,,,,,,0,0,2026-08-21T13:31:55.4742582+00:00
815245,medusa,MA-2026-4,138,Lots en Diversen,22441, 2377, ,1,"Een lot zilver, bestaande uit een etagère in de vorm van een koets met twee paarden, een zilveren molenbeker en twee etagère-kanonnetjes op affuit, ongekeurd. De koets en molenbeker tweede gehalte. Totaalgewicht 230 gram.Condition report upon request",,250,350,,,,,,,1,,,True,False,"Een lot zilver, bestaande uit een etagère in de vorm van een koets met twee paarden, een zilveren molenbeker en twee etagère-kanonnetjes op affuit, ongekeurd. De koets en molenbeker tweede gehalte. Totaalgewicht 230 gram.;A lot of silver, consisting of a tiered stand in the shape of a carriage with two horses, a silver mill cup, and two tiered cannons on carriages, unmarked. The carriage and mill cup are second grade silver. Total weight 230 grams.;;zilver^;;2377;;Silver^;", (-),https://lotimages.blob.core.windows.net/medusa/039d6b14-cf14-4ed2-bcce-9f4599f0eaa2_TH.png,2,2026-09-07T17:15:45+00:00,2026-09-07T21:00:45+00:00,False,,0,0,250,1,250,1,,,,,,,0,0,2026-08-21T13:31:56.1111617+00:00
815246,medusa,MA-2026-4,138,Lots en Diversen,22442, 2378, ,1,"Een Chinees porseleinen theepotje met drakendecor, gemerkt ‘Kangxi’ aan de onderzijde. China, 19e eeuw.Condition report upon request",,80,120,,,,,,,1,7 x 11 cm.,,True,False,"Een Chinees porseleinen theepotje met drakendecor, gemerkt ‘Kangxi’ aan de onderzijde. China, 19e eeuw.;A small Chinese porcelain teapot with dragon decoration, marked ‘Kangxi’ on the bottom. China, 19th century.;;China^;Chinees porselein^;;2378;7 x 11 cm.;China^;Chinese porcelain^;", (-),https://lotimages.blob.core.windows.net/medusa/4bb8463b-a665-4b61-94d1-c5c5f8a8bf0f_TH.png,3,2026-09-07T17:15:45+00:00,2026-09-07T21:00:45+00:00,False,,0,0,80,1,80,1,,,,,,,0,0,2026-08-21T13:31:56.6836759+00:00
815247,medusa,MA-2026-4,138,Lots en Diversen,22443, 2379, ,1,"Zes Chinese porseleinen kop en schotels, uitgevoerd in geribd model. China, 18e eeuw.Condition report upon request",,200,400,,,,,,,1,"Diam. 9,5 cm.",,True,False,"Zes Chinese porseleinen kop en schotels, uitgevoerd in geribd model. China, 18e eeuw.;Six Chinese porcelain cups and saucers, executed in a ribbed design. China, 18th century.;;China^;Chinees porselein^;;2379;Diam. 9,5 cm.;China^;Chinese porcelain^;", (-),https://lotimages.blob.core.windows.net/medusa/6909cf27-8de2-49f9-8d00-fbc6c3fcb5b5_TH.png,4,2026-09-07T17:15:45+00:00,2026-09-07T21:00:45+00:00,False,,0,0,200,1,200,1,,,,,,,0,0,2026-08-21T13:31:57.280313+00:00
815248,medusa,MA-2026-4,138,Lots en Diversen,22426, 2380, ,1,"Een grote Chinese blauw-wit porseleinen schotel, centraal gedecoreerd met damesfiguren. China, 18e eeuw. Condition report upon request",,200,400,,,,,,,1,Diam. 34 cm.,,True,False,"Een grote Chinese blauw-wit porseleinen schotel, centraal gedecoreerd met damesfiguren. China, 18e eeuw. ;A large Chinese blue and white porcelain dish, decorated centrally with female figures. China, 18th century.;;China^;Chinees porselein^;;2380;Diam. 34 cm.;China^;Chinese porcelain^;", (-),https://lotimages.blob.core.windows.net/medusa/ccf7467c-21be-4147-aad1-345d9809c0b2_TH.png,2,2026-09-07T17:15:45+00:00,2026-09-07T21:00:45+00:00,False,,0,0,200,1,200,1,,,,,,,0,0,2026-08-21T13:31:57.8478944+00:00
815249,medusa,MA-2026-4,138,Lots en Diversen,22423, 2381, ,1,"Twee Chinese blauw-wit porseleinen borden, gedecoreerd met figuren in een landschap. China, 18e eeuw.Condition report upon request",,80,120,,,,,,,1,Dima. 23 cm.,,True,False,"Twee Chinese blauw-wit porseleinen borden, gedecoreerd met figuren in een landschap. China, 18e eeuw.;Two Chinese blue and white porcelain plates, decorated with figures in a landscape. China, 18th century.;;China^;Chinees porselein^;;2381;Dima. 23 cm.;China^;Chinese porcelain^;", (-),https://lotimages.blob.core.windows.net/medusa/c1246cbd-9bc1-4d8b-9cdc-89e62e7854f5_TH.png,2,2026-09-07T17:15:45+00:00,2026-09-07T21:00:45+00:00,False,,0,0,80,1,80,1,,,,,,,0,0,2026-08-21T13:31:58.4741761+00:00
815250,medusa,MA-2026-4,138,Lots en Diversen,22439, 2382, ,1,"Vier Chinese porseleinen borden met decor naar Wanli-voorbeeld. China, 18e eeuw.Condition report upon request",,80,120,,,,,,,4,Diam. 23 cm.,,True,False,"Vier Chinese porseleinen borden met decor naar Wanli-voorbeeld. China, 18e eeuw.;Four Chinese porcelain plates with decoration based on the Wanli model. China, 18th century.;;China^;Chinees porselein^;;2382;Diam. 23 cm.;China^;Chinese porcelain^;", (-),https://lotimages.blob.core.windows.net/medusa/d665f855-b72e-49db-a8b8-8465884a6080_TH.png,3,2026-09-07T17:15:45+00:00,2026-09-07T21:00:45+00:00,False,,0,0,80,1,80,1,,,,,,,0,0,2026-08-21T13:31:59.0548096+00:00
815251,medusa,MA-2026-4,138,Lots en Diversen,22437, 2383, ,1,"Een lot Chinees porselein, bestaande uit een diep roombordje en twee blauw-witte bordjes. China, 18e eeuw. Beschadiging.Condition report upon request",,50,150,,,,,,,1,Diam. 16 - 23 cm.,,True,False,"Een lot Chinees porselein, bestaande uit een diep roombordje en twee blauw-witte bordjes. China, 18e eeuw. Beschadiging.;A lot of Chinese porcelain, consisting of a deep cream plate and two blue and white plates. China, 18th century. Damaged.;;China^;Chinees porselein^;;2383;Diam. 16 - 23 cm.;China^;Chinese porcelain^;", (-),https://lotimages.blob.core.windows.net/medusa/d43f8a55-80a4-4746-82dd-b8468fffec2d_TH.png,4,2026-09-07T17:15:45+00:00,2026-09-07T21:00:45+00:00,False,,0,0,50,1,50,1,,,,,,,0,0,2026-08-21T13:31:59.623812+00:00
815252,medusa,MA-2026-4,138,Lots en Diversen,22429, 2384, ,1,"Drie aardewerken herinneringsschotels, vervaardigd door De Porceleyne Fles, Delft.Condition report upon request",,30,60,,,,,,,1,Diam. 24 cm.,,True,False,"Drie aardewerken herinneringsschotels, vervaardigd door De Porceleyne Fles, Delft.;Three earthenware commemorative plates, manufactured by De Porceleyne Fles, Delft.;;Aardewerk^;Delft^;;2384;Diam. 24 cm.;Croquery^;Delft^;", (-),https://lotimages.blob.core.windows.net/medusa/dcc79059-da3d-4a4a-b777-9c5c27753288_TH.png,2,2026-09-07T17:15:45+00:00,2026-09-07T21:00:45+00:00,False,,0,0,30,1,30,1,,,,,,,0,0,2026-08-21T13:32:00.2190419+00:00
815253,medusa,MA-2026-4,138,Lots en Diversen,22419, 2385, ,1,Een lot van twee porsleinen poppenhuis vaasjes. China Kangxi periode.Condition report upon request,,50,100,,,,,,,2,,,True,False,Een lot van twee porsleinen poppenhuis vaasjes. China Kangxi periode.;A lot of two porcelain dollhouse vases. China Kangxi period.;;China^;Chinees porselein^;;2385;;China^;Chinese porcelain^;, (-),https://lotimages.blob.core.windows.net/medusa/1e64cabf-0340-4c6e-a18d-f3fa165f4229_TH.png,2,2026-09-07T17:15:45+00:00,2026-09-07T21:00:45+00:00,False,,0,0,50,1,50,1,,,,,,,0,0,2026-08-21T13:32:00.7983374+00:00
815254,medusa,MA-2026-4,138,Lots en Diversen,22446, 2386, ,1,"Een Chinees blauw-wit porseleinen melkkannetje met floraal decor. China, 18e eeuw. Hersteld aan tuit en knop.Condition report upon request",,30,60,,,,,,,1,11 x 8 cm.,,True,False,"Een Chinees blauw-wit porseleinen melkkannetje met floraal decor. China, 18e eeuw. Hersteld aan tuit en knop.;A Chinese blue and white porcelain milk jug with floral decoration. China, 18th century. Restored at spout and knob.;;China^;Chinees porselein^;;2386;11 x 8 cm.;China^;Chinese porcelain^;", (-),https://lotimages.blob.core.windows.net/medusa/98f9a16a-aca6-4365-85cd-d0d22ca6e47b_TH.png,2,2026-09-07T17:15:45+00:00,2026-09-07T21:00:45+00:00,False,,0,0,30,1,30,1,,,,,,,0,0,2026-08-21T13:32:01.3916276+00:00
815255,medusa,MA-2026-4,138,Lots en Diversen,22447, 2387, ,1,"Een Chinees porseleinen dekselvaas en bekervaas, beide polychroom gedecoreerd. China, 19e eeuw.Condition report upon request",,30,60,,,,,,,1,H. 21 cm.,,True,False,"Een Chinees porseleinen dekselvaas en bekervaas, beide polychroom gedecoreerd. China, 19e eeuw.;A Chinese porcelain lidded vase and beaker vase, both polychrome decorated. China, 19th century.;;China^;Chinees porselein^;;2387;H. 21 cm.;China^;Chinese porcelain^;", (-),https://lotimages.blob.core.windows.net/medusa/009f123f-4b5c-4ccd-8348-df823a098671_TH.png,3,2026-09-07T17:15:45+00:00,2026-09-07T21:00:45+00:00,False,,0,0,30,1,30,1,,,,,,,0,0,2026-08-21T13:32:01.9649223+00:00
815256,medusa,MA-2026-4,138,Lots en Diversen,22424, 2388, ,1,"Zes Chinese famille rose porseleinen schoteltjes en drie bijpassende kopjes, gedecoreerd met florale motieven en eenden. China, 18e eeuw.Condition report upon request",,200,400,,,,,,,1,"Diam. 8,5 cm.",,True,False,"Zes Chinese famille rose porseleinen schoteltjes en drie bijpassende kopjes, gedecoreerd met florale motieven en eenden. China, 18e eeuw.;Six Chinese famille rose porcelain saucers and three matching cups, decorated with floral motifs and ducks. China, 18th century.;;China^;Chinees porselein^;porselein^;;2388;Diam. 8,5 cm.;China^;Chinese porcelain^;Porcelain^;", (-),https://lotimages.blob.core.windows.net/medusa/8ef12795-1e9c-4134-a58b-fb3f895ea097_TH.png,4,2026-09-07T17:15:45+00:00,2026-09-07T21:00:45+00:00,False,,0,0,200,1,200,1,,,,,,,0,0,2026-08-21T13:32:02.5425033+00:00
815257,medusa,MA-2026-4,138,Lots en Diversen,22448, 2389, ,1,"Drie Chinese porseleinen Imari kop en schotels met floraal decor. China, 18e eeuw.Condition report upon request",,50,100,,,,,,,1,"Diam. 10,5 cm.",,True,False,"Drie Chinese porseleinen Imari kop en schotels met floraal decor. China, 18e eeuw.;Three Chinese porcelain Imari cups and saucers with floral decoration. China, 18th century.;;China^;Chinees porselein^;;2389;Diam. 10,5 cm.;China^;Chinese porcelain^;", (-),https://lotimages.blob.core.windows.net/medusa/b8088ec5-e5e8-40aa-ad81-89c373328059_TH.png,2,2026-09-07T17:15:45+00:00,2026-09-07T21:00:45+00:00,False,,0,0,50,1,50,1,,,,,,,0,0,2026-08-21T13:32:03.1042401+00:00
815258,medusa,MA-2026-4,138,Lots en Diversen,13598, 2390, ,1,"Een porseleinen dekselvaasje met 4-perken decoratie op de buik met floraal decor, met gerasterde liprand. China, Kangxi ca 1700. Schade aan hals Condition report upon request",,30,60,,,,,,,1,H. 12  cm.,,True,False,"Een porseleinen dekselvaasje met 4-perken decoratie op de buik met floraal decor, met gerasterde liprand. China, Kangxi ca 1700. Schade aan hals ;A porcelain covered vase with 4-panel decoration on the belly with floral decoration, with gridded lip edge. China, Kangxi ca 1700. Damage to neck;;China^;Chinees porselein^;porselein^;;2390;H. 12  cm.;China^;Chinese porcelain^;Porcelain^;", (-),https://lotimages.blob.core.windows.net/medusa/6a3005b0-990d-4dd0-a68c-1c5d094d49aa_TH.png,3,2026-09-07T17:15:45+00:00,2026-09-07T21:00:45+00:00,False,,0,0,30,1,30,1,,,,,,,0,0,2026-08-21T13:32:03.7990647+00:00
815259,medusa,MA-2026-4,138,Lots en Diversen,14911, 2391, ,1,"Een porseleinen kraaienkom (KRK 64) met kraai in het centrum. China, Wanli circa 1620.Condition report upon request",,10,200,,,,,,,1,7 x 14 cm.,,True,False,"Een porseleinen kraaienkom (KRK 64) met kraai in het centrum. China, Wanli circa 1620.;A porcelain crow bowl (KRK 64) with crow in the center. China, Wanli circa 1620.;;China^;Wanli^;;2391;7 x 14 cm.;China^;Wanli^;", (-),https://lotimages.blob.core.windows.net/medusa/70182e37-58d8-486c-8abf-8b45188207fd_TH.png,3,2026-09-07T17:15:45+00:00,2026-09-07T21:00:45+00:00,False,,0,0,10,1,100,1,,,,,,,0,0,2026-08-21T13:32:04.3957089+00:00
815260,medusa,MA-2026-4,138,Lots en Diversen,14912, 2392, ,1,"Een porseleinen kraaienkom (zonder kraai in het centrum). China, Wanli circa 1920. Hersteld aan de rand.Condition report upon request",,50,150,,,,,,,1,9 x 14 cm.,,True,False,"Een porseleinen kraaienkom (zonder kraai in het centrum). China, Wanli circa 1920. Hersteld aan de rand.;A porcelain crow bowl (without crow in the center). China, Wanli circa 1920. Restored.;;China^;Wanli^;;2392;9 x 14 cm.;China^;Wanli^;", (-),https://lotimages.blob.core.windows.net/medusa/cf913b14-6ce0-4078-b15b-797d2a369a30_TH.png,3,2026-09-07T17:15:45+00:00,2026-09-07T21:00:45+00:00,False,,0,0,50,1,50,1,,,,,,,0,0,2026-08-21T13:32:04.9855085+00:00
815261,medusa,MA-2026-4,138,Lots en Diversen,20129, 2393, ,1,"Set van drie porseleinen borden in Imari-decor met florale versiering. China, 18e eeuw. Randschade.Condition report upon request",,50,150,,,,,,,3,"Diam. 21,5 cm.",,True,False,"Set van drie porseleinen borden in Imari-decor met florale versiering. China, 18e eeuw. Randschade.;Set of three porcelain plates with Imari decor and floral decoration. China, 18th century. Edge damage.;;China^;Chinees porselein^;;2393;Diam. 21,5 cm.;China^;Chinese porcelain^;", (-),https://lotimages.blob.core.windows.net/medusa/bc02dd34-bc69-4121-ba54-5e08c754e32b_TH.png,3,2026-09-07T17:15:45+00:00,2026-09-07T21:00:45+00:00,False,,0,0,50,1,50,1,,,,,,,0,0,2026-08-21T13:32:05.5618657+00:00
815262,medusa,MA-2026-4,138,Lots en Diversen,20092, 2394, ,1,"Porselinen doucai diepe schaal met <EM data-start=""157"" data-end=""182"">scrolling chrysanthemum</EM>-decor, voorzien van een Guangxu-merk en uit de periode. <SPAN class=""hover:entity-accent entity-underline inline cursor-pointer align-baseline""><SPAN class=whitespace-normal>China</SPAN></SPAN>, late 19e eeuw.Condition report upon request",,50,150,,,,,,,1,Diam. 23 cm.,,True,False,"Porselinen doucai diepe schaal met <EM data-start=""157"" data-end=""182"">scrolling chrysanthemum</EM>-decor, voorzien van een Guangxu-merk en uit de periode. <SPAN class=""hover:entity-accent entity-underline inline cursor-pointer align-baseline""><SPAN class=whitespace-normal>China</SPAN></SPAN>, late 19e eeuw.;A deep porcelain doucai bowl with a scrolling chrysanthemum decoration, a Guangxu mark, and dating from the late 19th century.;;China^;Chinees porselein^;;2394;Diam. 23 cm.;China^;Chinese porcelain^;", (-),https://lotimages.blob.core.windows.net/medusa/c4e4ff71-f4cc-423b-b462-6abb4d76582f_TH.png,2,2026-09-07T17:15:45+00:00,2026-09-07T21:00:45+00:00,False,,0,0,50,1,50,1,,,,,,,0,0,2026-08-21T13:32:06.1757228+00:00
815263,medusa,MA-2026-4,138,Lots en Diversen,20093, 2395, ,1,"Porseleinen kom met onderglazuurblauw drakendecor, gemerkt Kangxi. Afkomstig uit China, 20e eeuw.Condition report upon request",,50,150,,,,,,,1,"Diam. 20,5 cm.",,True,False,"Porseleinen kom met onderglazuurblauw drakendecor, gemerkt Kangxi. Afkomstig uit China, 20e eeuw.;Porcelain bowl with underglaze blue dragon decoration, marked Kangxi. Originating from China, 20th century.;;China^;Chinees porselein^;;2395;Diam. 20,5 cm.;China^;Chinese porcelain^;", (-),https://lotimages.blob.core.windows.net/medusa/286ce393-59c6-48be-90f5-a282801880b1_TH.png,3,2026-09-07T17:15:45+00:00,2026-09-07T21:00:45+00:00,False,,0,0,50,1,50,1,,,,,,,0,0,2026-08-21T13:32:06.7609825+00:00
815264,medusa,MA-2026-4,138,Lots en Diversen,22651, 2396, ,1,"Een lot bestaande uit een penselenpot gedecoreerd met krijgets, een famile rose vaasje met bloemen en een celadon pijpvaas en cup, china, begin 20e eeuw.Condition report upon request",,50,150,,,,,,,4,,,True,False,"Een lot bestaande uit een penselenpot gedecoreerd met krijgets, een famile rose vaasje met bloemen en een celadon pijpvaas en cup, china, begin 20e eeuw.;A lot consisting of a brush holder decorated with garlands, a small Famile Rose vase with flowers, and a celadon pipe vase and cup, china, early 20th century.;;China^;Chinees porselein^;;2396;;China^;Chinese porcelain^;", (-),https://lotimages.blob.core.windows.net/medusa/6840d5cb-b9d8-494c-94fb-c3d3d9a0f303_TH.png,4,2026-09-07T17:15:45+00:00,2026-09-07T21:00:45+00:00,False,,0,0,50,1,50,1,,,,,,,0,0,2026-08-21T13:32:07.3701416+00:00
815265,medusa,MA-2026-4,138,Lots en Diversen,19117, 2397, ,1,"Porseleinen schotel met famille rose-decoratie, voorzien van een landschapsscène en diverse tekens in. Gemerkt aan de achterzijde. China, 20e eeuw.Condition report upon request",,40,80,,,,,,,1,Diam. 30 cm.,,True,False,"Porseleinen schotel met famille rose-decoratie, voorzien van een landschapsscène en diverse tekens in. Gemerkt aan de achterzijde. China, 20e eeuw.;Porcelain dish with famille rose decoration, featuring a landscape scene and various markings. Marked on the back. China, 20th century.;;China^;Chinees porselein^;;2397;Diam. 30 cm.;China^;Chinese porcelain^;", (-),https://lotimages.blob.core.windows.net/medusa/681fe2e5-b30b-44e7-8bed-e9ccc1e9a821_TH.png,3,2026-09-07T17:15:45+00:00,2026-09-07T21:00:45+00:00,False,,0,0,40,1,40,1,,,,,,,0,0,2026-08-21T13:32:07.9334729+00:00
815266,medusa,MA-2026-4,138,Lots en Diversen,16303, 2398, ,1,Een lot van drie Chinese jade amuletten. Condition report upon request,,20,40,,,,,,,3,,,True,False,Een lot van drie Chinese jade amuletten. ;A lot of three Chinese jade amulets.;;Aziatica^;China^;;2398;;Asian Art^;China^;, (-),https://lotimages.blob.core.windows.net/medusa/7ce8d0f2-e2bd-4a0a-b1db-aa5c274e84b2_TH.png,2,2026-09-07T17:15:45+00:00,2026-09-07T21:00:45+00:00,False,,0,0,20,1,20,1,,,,,,,0,0,2026-08-21T13:32:08.4956493+00:00
815267,medusa,MA-2026-4,138,Lots en Diversen,16290, 2399, ,1,"Een porseleinen 'Xi Xiang Ji' bord. China, 19 eeuw.Condition report upon request",,50,150,,,,,,,1,"Diam. 21,5 cm.",,True,False,"Een porseleinen 'Xi Xiang Ji' bord. China, 19 eeuw.;A porcelain 'Xi Xiang Ji' plate. China, 19th century.;;Aziatica^;China^;Chinees porselein^;;2399;Diam. 21,5 cm.;Asian Art^;China^;Chinese porcelain^;", (-),https://lotimages.blob.core.windows.net/medusa/0951d026-0574-4eb6-9de4-0bb7c6a27f18_TH.png,2,2026-09-07T17:15:45+00:00,2026-09-07T21:00:45+00:00,False,,0,0,50,1,50,1,,,,,,,0,0,2026-08-21T13:32:09.0782754+00:00
815268,medusa,MA-2026-4,138,Lots en Diversen,16308, 2400, ,1,"Een grote monochrome celadon schotel, gedecoreerd met een bloem in het centrum. China, 19e/20e eeuw.Condition report upon request",,50,150,,,,,,,1,Diam. 41 cm.,,True,False,"Een grote monochrome celadon schotel, gedecoreerd met een bloem in het centrum. China, 19e/20e eeuw.;A large monochrome celadon dish, decorated with a flower in the centre. China, 19th/20th century.;;Aziatica^;Celadon^;China^;Chinees porselein^;;2400;Diam. 41 cm.;Asian Art^;Celadon^;China^;Chinese porcelain^;", (-),https://lotimages.blob.core.windows.net/medusa/eedb2670-07a9-4a6f-96c5-0ef14e0d21dd_TH.png,2,2026-09-07T17:15:45+00:00,2026-09-07T21:00:45+00:00,False,,0,0,50,1,50,1,,,,,,,0,0,2026-08-21T13:32:09.6359456+00:00
815269,medusa,MA-2026-4,138,Lots en Diversen,16909, 2401, ,1,"<P>Celadon vaas met diverse figuren,&nbsp;China, Song Dynasty. Aankoop bewijs en aanwezig. </P>Condition report upon request",,150,300,,,,,,,1,H. 42 cm.,,True,False,"<P>Celadon vaas met diverse figuren,&nbsp;China, Song Dynasty. Aankoop bewijs en aanwezig. </P>;<P>Celadon vase with various figures, 18th/19th century (Thailand/Vietnam).</P>;;Celadon^;China^;Chinees porselein^;;2401;H. 42 cm.;Celadon^;China^;Chinese porcelain^;", (-),https://lotimages.blob.core.windows.net/medusa/28491959-32be-4275-a904-904dcf5afab3_TH.png,3,2026-09-07T17:15:45+00:00,2026-09-07T21:00:45+00:00,False,,0,0,150,1,150,1,,,,,,,0,0,2026-08-21T13:32:10.2048774+00:00
815270,medusa,MA-2026-4,138,Lots en Diversen,9501, 2402, ,1,"Een porseleinen bord gedecoreerd met onder andere Swastika tekens, gemerkt Chenghua.Condition report upon request",,50,150,,,,,,,1,"Diam. 16,5 cm.",,True,False,"Een porseleinen bord gedecoreerd met onder andere Swastika tekens, gemerkt Chenghua.;A porcelain plate decorated with, among other things, Swastika characters, marked Chenghua.;;China^;Chinees porselein^;Kangxi^;;2402;Diam. 16,5 cm.;China^;Chinese porcelain^;Kangxi^;", (-),https://lotimages.blob.core.windows.net/medusa/9b479186-9014-4744-a895-4835c8c64150_TH.png,2,2026-09-07T17:15:45+00:00,2026-09-07T21:00:45+00:00,False,,0,0,50,1,50,1,,,,,,,0,0,2026-08-21T13:32:10.7757778+00:00
815271,medusa,MA-2026-4,138,Lots en Diversen,20110, 2403, ,1,"Diep porseleinen bord, gedecoreerd met bloemen, bamboe en antiquiteiten.China, Yongzheng.Condition report upon request",,40,80,,,,,,,1,"Diam. 24,5 cm.",,True,False,"Diep porseleinen bord, gedecoreerd met bloemen, bamboe en antiquiteiten.China, Yongzheng.;Deep porcelain plate, decorated with flowers, bamboo and antiques. China, Yongzheng.;;China^;Chinees porselein^;Yongzheng ^;;2403;Diam. 24,5 cm.;China^;Chinese porcelain^;Yongzheng ^;", (-),https://lotimages.blob.core.windows.net/medusa/033955a4-a0aa-4525-858d-436379ae6bd2_TH.png,2,2026-09-07T17:15:45+00:00,2026-09-07T21:00:45+00:00,False,,0,0,40,1,40,1,,,,,,,0,0,2026-08-21T13:32:11.3509339+00:00
815272,medusa,MA-2026-4,138,Lots en Diversen,20125, 2404, ,1,"Porseleinen wandschotel met Wanli-decor. Japan, 18e eeuw.Condition report upon request",,50,150,,,,,,,1,"Diam. 32,5 cm.",,True,False,"Porseleinen wandschotel met Wanli-decor. Japan, 18e eeuw.;Porcelain wall plate with Wanli decoration. Japan, 18th century.;;Japan^;Japans porselein^;;2404;Diam. 32,5 cm.;Japan^;Japanese Porcelain^;", (-),https://lotimages.blob.core.windows.net/medusa/ed174a95-f3c5-4a76-96d3-e203073db7a9_TH.png,2,2026-09-07T17:15:45+00:00,2026-09-07T21:00:45+00:00,False,,0,0,50,1,50,1,,,,,,,0,0,2026-08-21T13:32:11.9288773+00:00
815273,medusa,MA-2026-4,138,Lots en Diversen,7483, 2405, ,1,"Een porseleinen Famille Noire en Famille verte vaas met decoratie van figuren en wolken en florale motieven, gemerkt Tang?&nbsp;. China, 19e eeuw.<br><p>hersteld chip aan de hals.</p>",,100,300,,,,,,,1,H. 22 cm.,,True,False,"Een porseleinen Famille Noire en Famille verte vaas met decoratie van figuren en wolken en florale motieven, gemerkt Tang?&nbsp;. China, 19e eeuw.;A porcelain Famille Noire and Famille verte vase with decoration of figures and clouds and floral motifs, marked Tang?. China, 19th century.;;China^;Chinees porselein^;porselein^;;2405;H. 22 cm.;China^;Chinese porcelain^;Porcelain^;", (-),https://lotimages.blob.core.windows.net/medusa/8fadfa55-7f14-4309-a4b4-522f6e2e29c8_TH.png,3,2026-09-07T17:15:45+00:00,2026-09-07T21:00:45+00:00,False,,0,0,100,1,100,1,,,,,,,0,0,2026-08-21T13:32:12.5029025+00:00
815274,medusa,MA-2026-4,138,Lots en Diversen,19953, 2406, ,1,"<P>Aardewerk kruik, Kashan, 12e-13e eeuw,</P>Condition report upon request",,50,100,,,,,,,1,H. 18 cm.,,True,False,"<P>Aardewerk kruik, Kashan, 12e-13e eeuw,</P>;<P>Earthenware jar, Kashan, 12th-13th century,</P>;;Aardewerk^;;2406;H. 18 cm.;Croquery^;", (-),https://lotimages.blob.core.windows.net/medusa/e23056b1-7e0e-4f48-9c16-b05b24be6a44_TH.png,3,2026-09-07T17:15:45+00:00,2026-09-07T21:00:45+00:00,False,,0,0,50,1,50,1,,,,,,,0,0,2026-08-21T13:32:13.0763611+00:00
815275,medusa,MA-2026-4,138,Lots en Diversen,19948, 2407, ,1,"<P>Geglazuurde&nbsp;aardewerk kruik, Kashan, 12e-13e eeuw.</P>Condition report upon request",,50,100,,,,,,,1,H. 12 cm.,,True,False,"<P>Geglazuurde&nbsp;aardewerk kruik, Kashan, 12e-13e eeuw.</P>;<P>Glazed earthenware jar, Kashan, 12th-13th century.</P>;;Aardewerk^;;2407;H. 12 cm.;Croquery^;", (-),https://lotimages.blob.core.windows.net/medusa/c6599be0-173c-49d8-bf3a-7b8e9b75d6b9_TH.png,2,2026-09-07T17:15:45+00:00,2026-09-07T21:00:45+00:00,False,,0,0,50,1,50,1,,,,,,,0,0,2026-08-21T13:32:13.6883516+00:00
815276,medusa,MA-2026-4,138,Lots en Diversen,19958, 2408, ,1,"<P>Geglazuurde aardewerk&nbsp;vaas, Kashan, 12e-13e eeuw,</P>Condition report upon request",,20,40,,,,,,,1,H. 20 cm.,,True,False,"<P>Geglazuurde aardewerk&nbsp;vaas, Kashan, 12e-13e eeuw,</P>;<P>Glazed earthenware vase, Kashan, 12th-13th century,</P>;;Aardewerk^;;2408;H. 20 cm.;Croquery^;", (-),https://lotimages.blob.core.windows.net/medusa/432cd107-ae04-426a-a8a6-930c4aba736e_TH.png,1,2026-09-07T17:15:45+00:00,2026-09-07T21:00:45+00:00,False,,0,0,20,1,20,1,,,,,,,0,0,2026-08-21T13:32:14.2647776+00:00
815277,medusa,MA-2026-4,138,Lots en Diversen,22628, 2409, ,1,"Een lot divers Perzisch koperwerk, bestaande uit een schenkkan, ketel en dienblad, alle rijk gedecoreerd met gegraveerde ornamenten.Condition report upon request",,100,200,,,,,,,3,,,True,False,"Een lot divers Perzisch koperwerk, bestaande uit een schenkkan, ketel en dienblad, alle rijk gedecoreerd met gegraveerde ornamenten.;A lot of diverse Persian copperware, consisting of a pitcher, kettle, and tray, all richly decorated with engraved ornaments.;;Diversen^;porselein^;;2409;;Miscellaneous^;Porcelain^;", (-),https://lotimages.blob.core.windows.net/medusa/e11c7baf-ceef-47c1-9c2d-2888d51f6d39_TH.png,3,2026-09-07T17:15:45+00:00,2026-09-07T21:00:45+00:00,False,,0,0,100,1,100,1,,,,,,,0,0,2026-08-21T13:32:14.9038485+00:00
815278,medusa,MA-2026-4,138,Lots en Diversen,3529, 2410, ,1,"Een diverse collectie deels beschilderd aardewerk. Midden- en Zuid-Amerika, 7 stuks divers.Condition report upon request",,40,80,,,,,,,5,,,True,False,"Een diverse collectie deels beschilderd aardewerk. Midden- en Zuid-Amerika, 7 stuks divers.;A diverse collection of partly painted pottery. Central and South America, 7 pieces assorted.;;Aardewerk^;Tribale kunst^;;2410;;Croquery^;Tribal^;", (-),https://lotimages.blob.core.windows.net/medusa/db1de473-70e3-4fa4-80b2-f3027d61de70_TH.png,10,2026-09-07T17:15:45+00:00,2026-09-07T21:00:45+00:00,False,,0,0,40,1,40,1,,,,,,,0,0,2026-08-21T13:32:15.4785728+00:00
815279,medusa,MA-2026-4,138,Lots en Diversen,22294, 2411, ,1,"Een Perzisch tappijt, Bagtiari. Wol en Bagtiari zijde. Condition report upon request",,100,400,,,,,,,1,239 x 173 cm. ,,True,False,"Een Perzisch tappijt, Bagtiari. Wol en Bagtiari zijde. ;A Persian carpet, Bagtiari. Wool and Bagtiari silk.;;Diversen^;;2411;239 x 173 cm. ;Miscellaneous^;", (-),https://lotimages.blob.core.windows.net/medusa/8ab056c9-1b79-4ecd-8031-4877248ec057_TH.png,2,2026-09-07T17:15:45+00:00,2026-09-07T21:00:45+00:00,False,,0,0,100,1,100,1,,,,,,,0,0,2026-08-21T13:32:16.0555392+00:00
815280,medusa,MA-2026-4,138,Lots en Diversen,22617, 2412, ,1,"Een Oost-Iraanse bronzen Paardenbit, gedecoreerd met gestileerde fabeldieren en uitgevoerd in 8e-eeuwse stijl.Condition report upon request",,150,250,,,,,,,1,11 x 22 x 10 cm.,,True,False,"Een Oost-Iraanse bronzen Paardenbit, gedecoreerd met gestileerde fabeldieren en uitgevoerd in 8e-eeuwse stijl.;An East Iranian bronze horse bit, decorated with stylized mythical creatures and executed in the 8th-century style.;;Aziatisch brons^;;2412;11 x 22 x 10 cm.;Asian bronze^;", (-),https://lotimages.blob.core.windows.net/medusa/6f5e6d19-0f72-497c-bc21-640965f53d90_TH.png,2,2026-09-07T17:15:45+00:00,2026-09-07T21:00:45+00:00,False,,0,0,150,1,150,1,,,,,,,0,0,2026-08-21T13:32:16.6362133+00:00
815281,medusa,MA-2026-4,138,Lots en Diversen,22631, 2413, ,1,"Een 18/19e-eeuwse islamitische bronzen schenkkan, vormgegeven als een eend en voorzien van decoratieve detaillering.Condition report upon request",,200,400,,,,,,,1,30 x 30 cm.,,True,False,"Een 18/19e-eeuwse islamitische bronzen schenkkan, vormgegeven als een eend en voorzien van decoratieve detaillering.;An 18th/19th-century Islamic bronze pouring jug, shaped like a duck and featuring decorative detailing.;;Aziatisch brons^;;2413;30 x 30 cm.;Asian bronze^;", (-),https://lotimages.blob.core.windows.net/medusa/9916ac46-8444-4ebc-9480-ee0a1aec48a0_TH.png,3,2026-09-07T17:15:45+00:00,2026-09-07T21:00:45+00:00,False,,0,0,200,1,200,1,,,,,,,0,0,2026-08-21T13:32:17.2162479+00:00
815282,medusa,MA-2026-4,138,Lots en Diversen,22652, 2414, ,1,Een stel metalen gedecorerde wandapliques in de vorm van een cobra. Condition report upon request,,20,60,,,,,,,2,L. 80 cm.,,True,False,Een stel metalen gedecorerde wandapliques in de vorm van een cobra. ;A set of decorated metal wall sconces in the shape of a cobra.;;Diversen^;;2414;L. 80 cm.;Miscellaneous^;, (-),https://lotimages.blob.core.windows.net/medusa/265e2211-6c99-49ac-810d-c5daed68e412_TH.png,2,2026-09-07T17:15:45+00:00,2026-09-07T21:00:45+00:00,False,,0,0,20,1,20,1,,,,,,,0,0,2026-08-21T13:32:17.7985877+00:00
815284,medusa,MA-2026-4,138,Lots en Diversen,22449, 2416, ,1,"Een lot Japans aardewerk/porselein, bestaande uit twee platte theebussen uit de 19e eeuw en een dekselpotje met bamboedecor.Condition report upon request",,20,40,,,,,,,1,,,True,False,"Een lot Japans aardewerk/porselein, bestaande uit twee platte theebussen uit de 19e eeuw en een dekselpotje met bamboedecor.;A lot of Japanese earthenware/porcelain, consisting of two flat tea caddies from the 19th century and a lidded pot with bamboo decoration.;;Aziatica^;;2416;;Asian Art^;", (-),https://lotimages.blob.core.windows.net/medusa/cc3022fc-fdd6-4c93-9ad0-dcad0f671c53_TH.png,3,2026-09-07T17:15:45+00:00,2026-09-07T21:00:45+00:00,False,,0,0,20,1,20,1,,,,,,,0,0,2026-08-21T13:32:18.9786374+00:00
815285,medusa,MA-2026-4,138,Lots en Diversen,22420, 2417, ,1,"Een lot diverse netsukes, vervaardigd uit verschillende materialen.Condition report upon request",,20,40,,,,,,,1,,,True,False,"Een lot diverse netsukes, vervaardigd uit verschillende materialen.;A lot of various netsukes, made from different materials.;;Aziatica^;;2417;;Asian Art^;", (-),https://lotimages.blob.core.windows.net/medusa/15d2cacb-5dd7-45ad-8931-3f53345b84ad_TH.png,3,2026-09-07T17:15:45+00:00,2026-09-07T21:00:45+00:00,False,,0,0,20,1,20,1,,,,,,,0,0,2026-08-21T13:32:19.5414176+00:00
815286,medusa,MA-2026-4,138,Lots en Diversen,22450, 2418, ,1,"Een lot divers glaswerk, bestaande uit zeven witte wijnglazen, zes groenglazen roemers, divers blank glaswerk en een incompleet glazen onderdeel.Condition report upon request",,40,80,,,,,,,1,,,True,False,"Een lot divers glaswerk, bestaande uit zeven witte wijnglazen, zes groenglazen roemers, divers blank glaswerk en een incompleet glazen onderdeel.;A lot of miscellaneous glassware, consisting of seven white wine glasses, six green glass roemers, miscellaneous clear glassware, and an incomplete glass piece.;;Glas^;;2418;;Glass^;", (-),https://lotimages.blob.core.windows.net/medusa/0cca4857-465e-41d1-978c-f947fb341614_TH.png,3,2026-09-07T17:15:45+00:00,2026-09-07T21:00:45+00:00,False,,0,0,40,1,40,1,,,,,,,0,0,2026-08-21T13:32:20.1044689+00:00
815287,medusa,MA-2026-4,138,Lots en Diversen,22635, 2419, ,1,"Een set van zeven Chinese bronzen bellen, toegeschreven aan de Zhou-dynastie.Condition report upon request",,50,100,,,,,,,7,,,True,False,"Een set van zeven Chinese bronzen bellen, toegeschreven aan de Zhou-dynastie.;A set of seven Chinese bronze bells, attributed to the Zhou Dynasty.;;Aziatica^;Aziatisch brons^;;2419;;Asian Art^;Asian bronze^;", (-),https://lotimages.blob.core.windows.net/medusa/b41abfb1-4dcf-4fa3-a58f-a5a0d0f75bfa_TH.png,2,2026-09-07T17:15:45+00:00,2026-09-07T21:00:45+00:00,False,,0,0,50,1,50,1,,,,,,,0,0,2026-08-21T13:32:20.7145598+00:00
815288,medusa,MA-2026-4,138,Lots en Diversen,22637, 2420, ,1,"Een lot bronzen betaalmiddelen, ‘Donbei’, Mongolië.<SPAN aria-hidden=true class=PDq2pG_selectionAnchor></SPAN>Condition report upon request",,50,100,,,,,,,5,,,True,False,"Een lot bronzen betaalmiddelen, ‘Donbei’, Mongolië.<SPAN aria-hidden=true class=PDq2pG_selectionAnchor></SPAN>;A lot of bronze currency, ‘Donbei’, Mongolia.;;Aziatica^;Aziatisch brons^;;2420;;Asian Art^;Asian bronze^;", (-),https://lotimages.blob.core.windows.net/medusa/a31960a2-aa15-4756-bf72-862891d4b3ef_TH.png,2,2026-09-07T17:15:45+00:00,2026-09-07T21:00:45+00:00,False,,0,0,50,1,50,1,,,,,,,0,0,2026-08-21T13:32:21.2771996+00:00
815289,medusa,MA-2026-4,138,Lots en Diversen,22636, 2421, ,1,"Een set van zeven bronzen betaalmiddelen, toegeschreven aan de staat Yan, China, Zhou-dynastie.<SPAN aria-hidden=true class=PDq2pG_selectionAnchor></SPAN>Condition report upon request",,50,100,,,,,,,7,,,True,False,"Een set van zeven bronzen betaalmiddelen, toegeschreven aan de staat Yan, China, Zhou-dynastie.<SPAN aria-hidden=true class=PDq2pG_selectionAnchor></SPAN>;A set of seven bronze coins, attributed to the State of Yan, China, Zhou Dynasty.;;Aziatica^;Aziatisch brons^;;2421;;Asian Art^;Asian bronze^;", (-),https://lotimages.blob.core.windows.net/medusa/52682ab0-0fb6-4f60-ab92-2ada12044290_TH.png,2,2026-09-07T17:15:45+00:00,2026-09-07T21:00:45+00:00,False,,0,0,50,1,50,1,,,,,,,0,0,2026-08-21T13:32:21.8451557+00:00
815290,medusa,MA-2026-4,138,Lots en Diversen,22630, 2422, ,1,"Een set Chinese bronzen pijlvazen, rijk gedecoreerd met drakenmotieven. China, Ming, overgang Qing-periode.Condition report upon request",,150,350,,,,,,,2,H. 18 cm.,,True,False,"Een set Chinese bronzen pijlvazen, rijk gedecoreerd met drakenmotieven. China, Ming, overgang Qing-periode.;A set of Chinese bronze arrow vases, richly decorated with dragon motifs. China, Ming, transition to the Qing period.;;Aziatisch brons^;;2422;H. 18 cm.;Asian bronze^;", (-),https://lotimages.blob.core.windows.net/medusa/2ef7591a-ce9a-41d3-8c4f-8e9134e7603f_TH.png,3,2026-09-07T17:15:45+00:00,2026-09-07T21:00:45+00:00,False,,0,0,150,1,150,1,,,,,,,0,0,2026-08-21T13:32:22.4169508+00:00
815291,medusa,MA-2026-4,138,Lots en Diversen,13595, 2423, ,1,Een porseleinen Sung kom op hoge voet (vroege ming) .Condition report upon request,,50,100,,,,,,,1,Hoogte 10 cm. Diam 16 cm.,,True,False,Een porseleinen Sung kom op hoge voet (vroege ming) .;A porcelain Sung bowl on a high foot (early ming).;;China^;Chinees porselein^;;2423;Hoogte 10 cm. Diam 16 cm.;China^;Chinese porcelain^;, (-),https://lotimages.blob.core.windows.net/medusa/cd68d60a-efbf-4a91-ac83-d2cb6893f462_TH.png,2,2026-09-07T17:15:45+00:00,2026-09-07T21:00:45+00:00,False,,0,0,50,1,50,1,,,,,,,0,0,2026-08-21T13:32:22.9866031+00:00
815292,medusa,MA-2026-4,138,Lots en Diversen,22398, 2424, ,1,"Een Chinese penseeltekening op zijde, voorstellende pauwen in een landschap. Voorzien van diverse stempels.Condition report upon request",,150,300,,,,,,,1,90 x 70 cm.,,True,False,"Een Chinese penseeltekening op zijde, voorstellende pauwen in een landschap. Voorzien van diverse stempels.;A Chinese brush drawing on silk, depicting peacocks in a landscape. Bearing various stamps.;;China^;Japan^;;2424;90 x 70 cm.;China^;Japan^;", (-),https://lotimages.blob.core.windows.net/medusa/e1ddf75f-0796-4b78-baa1-ee52de8d0451_TH.png,1,2026-09-07T17:15:45+00:00,2026-09-07T21:00:45+00:00,False,,0,0,150,1,150,1,,,,,,,0,0,2026-08-21T13:32:23.5747315+00:00
815293,medusa,MA-2026-4,138,Lots en Diversen,22619, 2425, ,1,"Een collectie diverse lakdozen, waaronder één met een porseleinen patienceset.Condition report upon request",,50,150,,,,,,,1,,,True,False,"Een collectie diverse lakdozen, waaronder één met een porseleinen patienceset.;A collection of various lacquer boxes, including one with a porcelain solitaire set.;;Aziatica^;;2425;;Asian Art^;", (-),https://lotimages.blob.core.windows.net/medusa/59db4a9f-2134-4e9e-94dd-9071290997b0_TH.png,2,2026-09-07T17:15:45+00:00,2026-09-07T21:00:45+00:00,False,,0,0,50,1,50,1,,,,,,,0,0,2026-08-21T13:32:24.1504568+00:00
815294,medusa,MA-2026-4,138,Lots en Diversen,22618, 2426, ,1,"Een lot divers Chinees porselein, bestaande uit onder andere een theepot en diverse kop- en schotels. China, 18e, 19e en 20e eeuw.Condition report upon request",,50,150,,,,,,,1,,,True,False,"Een lot divers Chinees porselein, bestaande uit onder andere een theepot en diverse kop- en schotels. China, 18e, 19e en 20e eeuw.;A lot of diverse Chinese porcelain, consisting of, among other things, a teapot and various cups and saucers. China, 18th, 19th, and 20th centuries.;;China^;Chinees porselein^;;2426;;China^;Chinese porcelain^;", (-),https://lotimages.blob.core.windows.net/medusa/b55b9da3-1543-448a-a7c3-01cabe2721e6_TH.png,5,2026-09-07T17:15:45+00:00,2026-09-07T21:00:45+00:00,False,,0,0,50,1,50,1,,,,,,,0,0,2026-08-21T13:32:24.7933825+00:00
815295,medusa,MA-2026-4,138,Lots en Diversen,22620, 2427, ,1,"Een collectie diverse porseleinen snuff bottles en vaasjes, uitgevoerd in verschillende decors en modellen. China, 19e en 20e eeuw.Condition report upon request",,50,150,,,,,,,12,,,True,False,"Een collectie diverse porseleinen snuff bottles en vaasjes, uitgevoerd in verschillende decors en modellen. China, 19e en 20e eeuw.;A collection of various porcelain snuff bottles and small vases, executed in different designs and models. China, 19th and 20th century.;;Aziatica^;China^;Chinees porselein^;;2427;;Asian Art^;China^;Chinese porcelain^;", (-),https://lotimages.blob.core.windows.net/medusa/68b5c2d2-f332-4e93-81af-f88ec56b5f62_TH.png,4,2026-09-07T17:15:45+00:00,2026-09-07T21:00:45+00:00,False,,0,0,50,1,50,1,,,,,,,0,0,2026-08-21T13:32:25.3696633+00:00
815296,medusa,MA-2026-4,138,Lots en Diversen,22396, 2428, ,1,"Een lot bestaande uit een porseleinen Arita-bord met floraal decor, gemerkt aan de achterzijde, Japan, 18e eeuw; een schotel met bomen- en antiquiteitendecor; en een gemberpot, vermaakt tot schemerlamp.Condition report upon request",,80,120,,,,,,,3,,,True,False,"Een lot bestaande uit een porseleinen Arita-bord met floraal decor, gemerkt aan de achterzijde, Japan, 18e eeuw; een schotel met bomen- en antiquiteitendecor; en een gemberpot, vermaakt tot schemerlamp.;A lot consisting of a porcelain Arita plate with floral decoration, marked on the reverse, Japan, 18th century; a dish with tree and antique decoration; and a ginger jar, converted into a table lamp.;;China^;James Bond^;;2428;;China^;James Bond^;", (-),https://lotimages.blob.core.windows.net/medusa/34405cbb-2726-4955-9205-cad1ce552bdb_TH.png,5,2026-09-07T17:15:45+00:00,2026-09-07T21:00:45+00:00,False,,0,0,80,1,80,1,,,,,,,0,0,2026-08-21T13:32:25.9438783+00:00
815297,medusa,MA-2026-4,138,Lots en Diversen,22622, 2429, ,1,"Een grote Japanse porseleinen schotel, gedecoreerd met samoeraifiguren, daarbij een aardewerken vaasje. Beide Japan, 20e eeuw.Condition report upon request",,40,80,,,,,,,2,37 - 13 cm.,,True,False,"Een grote Japanse porseleinen schotel, gedecoreerd met samoeraifiguren, daarbij een aardewerken vaasje. Beide Japan, 20e eeuw.;A large Japanese porcelain dish, decorated with samurai figures, accompanied by a small earthenware vase. Both Japan, 20th century.;;Japan^;Japans porselein^;;2429;37 - 13 cm.;Japan^;Japanese Porcelain^;", (-),https://lotimages.blob.core.windows.net/medusa/8b394543-4c1a-4509-96f1-d35f1cb7936c_TH.png,1,2026-09-07T17:15:45+00:00,2026-09-07T21:00:45+00:00,False,,0,0,40,1,40,1,,,,,,,0,0,2026-08-21T13:32:26.5162076+00:00
815298,medusa,MA-2026-4,138,Lots en Diversen,5366, 2430, ,1,"Drie&nbsp;diverse porseleinen Imari bordjes en een melk en bloed bordje, met floraal decor, de andere met twee vogels decor. China, Qianlong.Daarbij een porseleinen Famille Rose bord met twee pauwen in rijke florale decoratie , met watervogels in de buitenrand. China Yongzheng.&nbsp; Fritting, en een Famille rose porseleinen kommetje met floraal decor. China Yongzheng, 18e eeuw.<br><p>Chips en haarlijnen.</p>",,20,30,,,,,,,0,Diam. 12 & 11.5 cm.,,True,False,"Drie&nbsp;diverse porseleinen Imari bordjes en een melk en bloed bordje, met floraal decor, de andere met twee vogels decor. China, Qianlong.Daarbij een porseleinen Famille Rose bord met twee pauwen in rijke florale decoratie , met watervogels in de buitenrand. China Yongzheng.&nbsp; Fritting, en een Famille rose porseleinen kommetje met floraal decor. China Yongzheng, 18e eeuw.;Three diverse porcelain Imari plates and a milk and blood plate, one with floral decoration, the other with two birds decoration. China, Qianlong. Also, a porcelain Famille Rose plate with two peacocks in rich floral decoration, with waterfowl in the outer rim. China Yongzheng. Fritzing, and a Famille Rose porcelain bowl with floral decoration. China Yongzheng, 18th century.;;China^;Imari^;Qianglong^;;2430;Diam. 12 & 11.5 cm.;China^;Imari^;Qianglong^;", (-),https://lotimages.blob.core.windows.net/medusa/e0264f7f-e560-4f35-af70-eef126c0058e_TH.png,3,2026-09-07T17:15:45+00:00,2026-09-07T21:00:45+00:00,False,,0,0,20,1,20,1,,,,,,,0,0,2026-08-21T13:32:27.1119412+00:00
815299,medusa,MA-2026-4,138,Lots en Diversen,22624, 2431, ,1,"Een lot van drie filigrain zilveren Foo-dogs, gedecoreerd met cloisonné-emaille. 170 gram.Condition report upon request",,100,300,,,,,,,1,,,True,False,"Een lot van drie filigrain zilveren Foo-dogs, gedecoreerd met cloisonné-emaille. 170 gram.;A lot of three filigree silver Foo dogs, decorated with cloisonné enamel. 170 grams.;;Aziatica^;zilver^;;2431;;Asian Art^;Silver^;", (-),https://lotimages.blob.core.windows.net/medusa/3a82d43e-ed3c-4224-8104-0dd7b981945e_TH.png,3,2026-09-07T17:15:45+00:00,2026-09-07T21:00:45+00:00,False,,0,0,100,1,100,1,,,,,,,0,0,2026-08-21T13:32:27.7005944+00:00
815300,medusa,MA-2026-4,138,Lots en Diversen,22625, 2432, ,1,"Een lot divers porselein, bestaande uit diverse vazen en potten. Korea en China.Condition report upon request",,40,80,,,,,,,1,,,True,False,"Een lot divers porselein, bestaande uit diverse vazen en potten. Korea en China.;A lot of miscellaneous porcelain, consisting of various vases and pots. Korea and China.;;China^;Chinees porselein^;;2432;;China^;Chinese porcelain^;", (-),https://lotimages.blob.core.windows.net/medusa/af633304-9652-4646-b517-50944525081d_TH.png,3,2026-09-07T17:15:45+00:00,2026-09-07T21:00:45+00:00,False,,0,0,40,1,40,1,,,,,,,0,0,2026-08-21T13:32:28.2779685+00:00
815301,medusa,MA-2026-4,138,Lots en Diversen,22589, 2433, ,1,"Een bronzen inktpot in de vorm van een wijsgeer, geplaatst op een zwartmarmeren sokkel.Condition report upon request",,30,90,,,,,,,1,17 x 18 x 18 cm.,,True,False,"Een bronzen inktpot in de vorm van een wijsgeer, geplaatst op een zwartmarmeren sokkel.;A bronze inkwell in the shape of a sage, placed on a black marble pedestal.;;Aziatica^;Aziatisch brons^;Diversen^;;2433;17 x 18 x 18 cm.;Asian Art^;Asian bronze^;Miscellaneous^;", (-),https://lotimages.blob.core.windows.net/medusa/26422f5b-007e-42f9-bb58-0c6202df0a65_TH.png,2,2026-09-07T17:15:45+00:00,2026-09-07T21:00:45+00:00,False,,0,0,30,1,30,1,,,,,,,0,0,2026-08-21T13:32:29.1567055+00:00
815302,medusa,MA-2026-4,138,Lots en Diversen,22626, 2434, ,1,"Een set 18e-eeuwse Japanse&nbsp;Imari dekselpotten, gedecoreerd met bloemen en vazen binnen vakverdelingen. De deksels zijn bekroond met knopvormige ornamenten. eeb deksel hersteld.Condition report upon request",,50,150,,,,,,,2,H. 24 cm. ,,True,False,"Een set 18e-eeuwse Japanse&nbsp;Imari dekselpotten, gedecoreerd met bloemen en vazen binnen vakverdelingen. De deksels zijn bekroond met knopvormige ornamenten. eeb deksel hersteld.;A set of 18th-century Japanese Imari lidded jars, decorated with flowers and vases within compartments. The lids are crowned with knob-shaped ornaments. One lid restored.;;porselein^;;2434;H. 24 cm. ;Porcelain^;", (-),https://lotimages.blob.core.windows.net/medusa/2bee7915-0eed-46b7-86c8-087f2f50fed7_TH.png,2,2026-09-07T17:15:45+00:00,2026-09-07T21:00:45+00:00,False,,0,0,50,1,50,1,,,,,,,0,0,2026-08-21T13:32:30.1770936+00:00
815303,medusa,MA-2026-4,138,Lots en Diversen,22634, 2435, ,1,"Een lot van drie Chinese porseleinen en aardewerken schotels, uitgevoerd naar antiek voorbeeld. Condition report upon request",,50,150,,,,,,,3,Diam. 31 cm.,,True,False,"Een lot van drie Chinese porseleinen en aardewerken schotels, uitgevoerd naar antiek voorbeeld. ;A lot of three Chinese porcelain and earthenware plates, executed after antique examples.;;porselein^;;2435;Diam. 31 cm.;Porcelain^;", (-),https://lotimages.blob.core.windows.net/medusa/07dd72e0-7650-44b6-ae01-0c90a90143db_TH.png,5,2026-09-07T17:15:45+00:00,2026-09-07T21:00:45+00:00,False,,0,0,50,1,50,1,,,,,,,0,0,2026-08-21T13:32:30.9751161+00:00
815304,medusa,MA-2026-4,138,Lots en Diversen,22627, 2436, ,1,"Een lot bestaande uit een grote 18e-eeuwse Japanse schotel in Wanli-stijl, gerestaureerd, en een grote Chinese Ming-schotel.Condition report upon request",,100,300,,,,,,,2,Diam. 44 cm.,,True,False,"Een lot bestaande uit een grote 18e-eeuwse Japanse schotel in Wanli-stijl, gerestaureerd, en een grote Chinese Ming-schotel.;A lot consisting of a large 18th-century Japanese Wanli-style dish, restored, and a large Chinese Ming dish.;;China^;Japan^;;2436;Diam. 44 cm.;China^;Japan^;", (-),https://lotimages.blob.core.windows.net/medusa/9c765ea1-f5c1-4fc1-9f41-bb37059537e1_TH.png,2,2026-09-07T17:15:45+00:00,2026-09-07T21:00:45+00:00,False,,0,0,100,1,100,1,,,,,,,0,0,2026-08-21T13:32:31.682715+00:00
815305,medusa,MA-2026-4,138,Lots en Diversen,22395, 2437, ,1,"Een porseleinen dekselschaal in Straits-Peranakan-decor, China, 19e eeuw.Condition report upon request",,200,400,,,,,,,1,20 x 24 cm.,,True,False,"Een porseleinen dekselschaal in Straits-Peranakan-decor, China, 19e eeuw.;A porcelain lidded dish in Straits-Peranakan decoration, China, 19th century.;;China^;Chinees porselein^;;2437;20 x 24 cm.;China^;Chinese porcelain^;", (-),https://lotimages.blob.core.windows.net/medusa/4a3ad909-9abb-4cc9-976c-3b7d2ffbe6de_TH.png,4,2026-09-07T17:15:45+00:00,2026-09-07T21:00:45+00:00,False,,0,0,200,1,200,1,,,,,,,0,0,2026-08-21T13:32:32.3849289+00:00
815306,medusa,MA-2026-4,138,Lots en Diversen,22394, 2438, ,1,"Een lot bestaande uit twee sets porseleinen schotels, China, 18e eeuw. Haarlijnen.Condition report upon request",,40,80,,,,,,,4,Diam. 16 cm.,,True,False,"Een lot bestaande uit twee sets porseleinen schotels, China, 18e eeuw. Haarlijnen.;A lot consisting of two sets of porcelain plates, China, 18th century. Hairline cracks.;;China^;Chinees porselein^;;2438;Diam. 16 cm.;China^;Chinese porcelain^;", (-),https://lotimages.blob.core.windows.net/medusa/3b7a1987-7f4b-446e-8ee8-a46575c25f5e_TH.png,3,2026-09-07T17:15:45+00:00,2026-09-07T21:00:45+00:00,False,,0,0,40,1,40,1,,,,,,,0,0,2026-08-21T13:32:33.09115+00:00
815307,medusa,MA-2026-4,138,Lots en Diversen,22629, 2439, ,1,"Een lot van drie koperen handwarmers, China, 19e eeuw.Condition report upon request",,100,200,,,,,,,3,Diam. 17 - 23 cm.,,True,False,"Een lot van drie koperen handwarmers, China, 19e eeuw.;A lot of three copper hand warmers, China, 19th century.;;Aziatica^;Aziatisch brons^;;2439;Diam. 17 - 23 cm.;Asian Art^;Asian bronze^;", (-),https://lotimages.blob.core.windows.net/medusa/b1dc1a81-2f0f-4163-8a49-bd35f67d6329_TH.png,2,2026-09-07T17:15:45+00:00,2026-09-07T21:00:45+00:00,False,,0,0,100,1,100,1,,,,,,,0,0,2026-08-21T13:32:33.8376402+00:00
815308,medusa,MA-2026-4,138,Lots en Diversen,22632, 2440, ,1,"Een jade figuur in de vorm van Geisha, deels voorzien van goudbeschildering. Begin 20e eeuw.Condition report upon request",,50,100,,,,,,,1,20 x 17 cm.,,True,False,"Een jade figuur in de vorm van Geisha, deels voorzien van goudbeschildering. Begin 20e eeuw.;A jade figure in the form of a Geisha, partially decorated with gold. Early 20th century.;;Aziatica^;Beelden^;;2440;20 x 17 cm.;Asian Art^;Sculptures^;", (-),https://lotimages.blob.core.windows.net/medusa/9ffc7e80-fd0e-4e5b-8b90-321f785ccab8_TH.png,4,2026-09-07T17:15:45+00:00,2026-09-07T21:00:45+00:00,False,,0,0,50,1,50,1,,,,,,,0,0,2026-08-21T13:32:34.5939348+00:00
815309,medusa,MA-2026-4,138,Lots en Diversen,22633, 2441, ,1,"Een lot aardewerk, bestaande uit een sprenkelaar in celadonglazuur en een armleuning in de vorm van een fabeldier.Condition report upon request",,50,150,,,,,,,2,Diam. 10 - 12 cm.,,True,False,"Een lot aardewerk, bestaande uit een sprenkelaar in celadonglazuur en een armleuning in de vorm van een fabeldier.;A lot of earthenware, consisting of a sprinkler in celadon glaze and an armrest in the shape of a mythical creature.;;China^;;2441;Diam. 10 - 12 cm.;China^;", (-),https://lotimages.blob.core.windows.net/medusa/4e8132c2-9e86-4672-a165-4f1ecb0fcbaf_TH.png,3,2026-09-07T17:15:45+00:00,2026-09-07T21:00:45+00:00,False,,0,0,50,1,50,1,,,,,,,0,0,2026-08-21T13:32:35.4662276+00:00
814798,medusa,MA-2026-4,139,Munten en Penningen,22179,    1, ,1,"Een muntenset 'Lady Diana 50th Anniversary', in sterling zilver (113,12 gram) en 999 goud&nbsp;(7,09 gram). In originele doos.&nbsp;Condition report upon request",,700,1400,,,,,,,1,,,True,False,"Een muntenset 'Lady Diana 50th Anniversary', in sterling zilver (113,12 gram) en 999 goud&nbsp;(7,09 gram). In originele doos.&nbsp;;A 'Lady Diana 50th Anniversary' coin set, in sterling silver (113.12 grams) and 999 gold (7.09 grams). In original box.;;Munten^;Munten en Penningen^;;1;;Munten^;Coins and Tokens^;", (-),https://lotimages.blob.core.windows.net/medusa/254b05e2-faa5-4b38-be44-2521e46c58b0_TH.png,3,2026-08-31T16:30:16+00:00,2026-08-31T16:45:16+00:00,False,,0,0,700,1,700,1,,,,,,,0,0,2026-08-21T13:27:19.3029282+00:00
814868,medusa,MA-2026-4,139,Munten en Penningen,22180,    2, ,1,Een lot sterling zilveren munten bestaande uit een five pound en een een Dollar met gouden hologram. Beide 1 oz.Condition report upon request,,50,150,,,,,,,2,,,True,False,Een lot sterling zilveren munten bestaande uit een five pound en een een Dollar met gouden hologram. Beide 1 oz.;A lot of sterling silver coins consisting of a five pound and a dollar with a gold hologram. Both 1 oz.;;Munten^;Munten en Penningen^;;2;;Munten^;Coins and Tokens^;, (-),https://lotimages.blob.core.windows.net/medusa/08dc41f7-2ae6-442b-8b92-0fc6efcfae12_TH.png,3,2026-08-31T16:30:16+00:00,2026-08-31T16:45:16+00:00,False,,0,0,50,1,50,1,,,,,,,0,0,2026-08-21T13:28:05.2202671+00:00
815310,medusa,MA-2026-4,139,Munten en Penningen,22181,    3, ,1,Een set in sterling zilver 'the end of WWII 60th anniversary'. Totaalgewicht 163 gram. In originele doos.Condition report upon request,,150,350,,,,,,,1,,,True,False,Een set in sterling zilver 'the end of WWII 60th anniversary'. Totaalgewicht 163 gram. In originele doos.;A sterling silver set 'the end of WWII 60th anniversary'. Total weight 163 grams. In original box.;;Munten^;Munten en Penningen^;;3;;Munten^;Coins and Tokens^;, (-),https://lotimages.blob.core.windows.net/medusa/13746442-1e1c-48b8-a7fc-cd447b3ae73e_TH.png,3,2026-08-31T16:30:16+00:00,2026-08-31T16:45:16+00:00,False,,0,0,150,1,150,1,,,,,,,0,0,2026-08-21T13:32:36.0758535+00:00
815311,medusa,MA-2026-4,139,Munten en Penningen,22214,    4, ,1,"Collectie Guldens 1840 - 1890, verdeeld over 2 Albums, voornamelijk in zilver. O.a. 2,5 gulden 1847, 1850, 8151 etc. Moet gezien worden. Condition report upon request",,200,600,,,,,,,2,,,True,False,"Collectie Guldens 1840 - 1890, verdeeld over 2 Albums, voornamelijk in zilver. O.a. 2,5 gulden 1847, 1850, 8151 etc. Moet gezien worden. ;Collection of Guilders 1840 - 1890, divided over 2 albums, mainly in silver. Including 2.5 guilders 1847, 1850, 8151 etc. Must be seen.;;Munten^;Munten en Penningen^;;4;;Munten^;Coins and Tokens^;", (-),https://lotimages.blob.core.windows.net/medusa/06bce9f0-1191-49ca-b7f8-f331c2360580_TH.png,4,2026-08-31T16:30:16+00:00,2026-08-31T16:45:16+00:00,False,,0,0,200,1,200,1,,,,,,,0,0,2026-08-21T13:32:36.6626591+00:00
815312,medusa,MA-2026-4,139,Munten en Penningen,22215,    5, ,1,"Verzameling met Gulden Jaarsets met diverse Zilveren Guldenstukken, Beatrix en Juliana, verdeeld over vier albums. moet gezien worden.Condition report upon request",,150,450,,,,,,,4,,,True,False,"Verzameling met Gulden Jaarsets met diverse Zilveren Guldenstukken, Beatrix en Juliana, verdeeld over vier albums. moet gezien worden.;Collection of Guilder Annual Sets with various Silver Guilder coins, Beatrix and Juliana, divided over four albums. Must be seen.;;Munten^;Munten en Penningen^;;5;;Munten^;Coins and Tokens^;", (-),https://lotimages.blob.core.windows.net/medusa/53e384e7-24c4-4bb5-9052-9439cd098f2d_TH.png,4,2026-08-31T16:30:16+00:00,2026-08-31T16:45:16+00:00,False,,0,0,150,1,150,1,,,,,,,0,0,2026-08-21T13:32:37.2584535+00:00
815313,medusa,MA-2026-4,139,Munten en Penningen,22216,    6, ,1,"Collectie Guldens 1813 - 1948, verdeeld over&nbsp;drie Albums, velen in zilver, Moet gezien worden. Condition report upon request",,150,450,,,,,,,3,,,True,False,"Collectie Guldens 1813 - 1948, verdeeld over&nbsp;drie Albums, velen in zilver, Moet gezien worden. ;Collection of Guilders 1813 - 1948, divided over three albums, many in silver, must be seen.;;Munten^;Munten en Penningen^;;6;;Munten^;Coins and Tokens^;", (-),https://lotimages.blob.core.windows.net/medusa/00a07c69-8d9c-49cf-8b04-4bb9520118c5_TH.png,4,2026-08-31T16:30:16+00:00,2026-08-31T16:45:16+00:00,False,,0,0,150,1,150,1,,,,,,,0,0,2026-08-21T13:32:37.8429028+00:00
815314,medusa,MA-2026-4,139,Munten en Penningen,22217,    7, ,1,"Collectie divers buitenlands geld waaronder de V.S en V.K. Verdeeld over drie albums, moet gezien worden.Condition report upon request",,50,150,,,,,,,3,,,True,False,"Collectie divers buitenlands geld waaronder de V.S en V.K. Verdeeld over drie albums, moet gezien worden.;Collection of various foreign currencies, including U.S. and U.K. Divided across three albums, must be seen.;;Munten^;Munten en Penningen^;;7;;Munten^;Coins and Tokens^;", (-),https://lotimages.blob.core.windows.net/medusa/6f767c5c-3004-4672-821b-2bf15f9adc18_TH.png,4,2026-08-31T16:30:16+00:00,2026-08-31T16:45:16+00:00,False,,0,0,50,1,50,1,,,,,,,0,0,2026-08-21T13:32:38.4142148+00:00
815315,medusa,MA-2026-4,139,Munten en Penningen,22218,    8, ,1,"Een collectie diverse Gulden uit de 2e helft van de 20e eeuw, bestaande uit Centen en Rijksdaalders onderverdeeld in zes albums, nagenoeg compleet.Condition report upon request",,100,300,,,,,,,6,,,True,False,"Een collectie diverse Gulden uit de 2e helft van de 20e eeuw, bestaande uit Centen en Rijksdaalders onderverdeeld in zes albums, nagenoeg compleet.;A collection of various Guilders from the second half of the 20th century, consisting of Centen and Rijksdaalders, divided into six albums, nearly complete.;;Munten en Penningen^;;8;;Coins and Tokens^;", (-),https://lotimages.blob.core.windows.net/medusa/1eee7d99-0a9c-451c-9dc9-65ea33810ce6_TH.png,7,2026-08-31T16:30:16+00:00,2026-08-31T16:45:16+00:00,False,,0,0,100,1,100,1,,,,,,,0,0,2026-08-21T13:32:39.0766723+00:00
815316,medusa,MA-2026-4,139,Munten en Penningen,22228,    9, ,1,"Lot diverse Guldens in zilver, waaronder 5 en 10 Gulden stukken. Totaalgewicht 187 gram. Condition report upon request",,150,350,,,,,,,1,,,True,False,"Lot diverse Guldens in zilver, waaronder 5 en 10 Gulden stukken. Totaalgewicht 187 gram. ;Lot of various silver Guilders, including 5 and 10 Guilder pieces. Total weight 187 grams.;;Munten^;Munten en Penningen^;;9;;Munten^;Coins and Tokens^;", (-),https://lotimages.blob.core.windows.net/medusa/4cb3fe29-b067-40be-807d-23c09e8f3309_TH.png,2,2026-08-31T16:30:16+00:00,2026-08-31T16:45:16+00:00,False,,0,0,150,1,150,1,,,,,,,0,0,2026-08-21T13:32:39.6931791+00:00
814799,medusa,MA-2026-4,139,Munten en Penningen,22229,   10, ,1,"Lot diverse Gulden, 19e eeuw, V.O.C en in zilver.Condition report upon request.",,120,220,,,,,,,2,,,True,False,"Lot diverse Gulden, 19e eeuw, V.O.C en in zilver.Condition report upon request.;A large collection of coins in Guilders, from 1948 to 2002, all sorted by year. Also includes various foreign coins.;;Munten^;Munten en Penningen^;;10;;Munten^;Coins and Tokens^;", (-),https://lotimages.blob.core.windows.net/medusa/9449adf0-ef0a-4d03-9495-bdb01928cc00_TH.png,1,2026-08-31T16:30:16+00:00,2026-08-31T16:45:16+00:00,False,,0,0,120,1,120,1,,,,,,,0,0,2026-08-21T13:27:20.0065563+00:00
814859,medusa,MA-2026-4,139,Munten en Penningen,22230,   11, ,1,"Een grote Collectie muntgeld in Guldens, van 1948 tot 2002, allen gesorteerd op jaartal.&nbsp; Daarbij nog divers buitenland.",,50,150,,,,,,,2,,,True,False,"Een grote Collectie muntgeld in Guldens, van 1948 tot 2002, allen gesorteerd op jaartal.&nbsp; Daarbij nog divers buitenland.;Lot of various Guilders, 19th century, VOC and in silver.;;Munten^;Munten en Penningen^;;11;;Munten^;Coins and Tokens^;", (-),https://lotimages.blob.core.windows.net/medusa/3ecadf01-5b67-406d-ba0d-36dd55ed206b_TH.png,2,2026-08-31T16:30:16+00:00,2026-08-31T16:45:16+00:00,False,,0,0,50,1,50,1,,,,,,,0,0,2026-08-21T13:27:58.4544476+00:00
814860,medusa,MA-2026-4,139,Munten en Penningen,22231,   12, ,1,Een verzameling divers buitenlands muntgeld.,,50,150,,,,,,,1,,,True,False,Een verzameling divers buitenlands muntgeld.;A collection of various foreign coins.;;Munten^;Munten en Penningen^;;12;;Munten^;Coins and Tokens^;, (-),https://lotimages.blob.core.windows.net/medusa/cb9e64d6-c933-4d32-b580-279654e939ae_TH.png,1,2026-08-31T16:30:16+00:00,2026-08-31T16:45:16+00:00,False,,0,0,50,1,50,1,,,,,,,0,0,2026-08-21T13:27:59.5322318+00:00
814861,medusa,MA-2026-4,139,Munten en Penningen,22247,   13, ,1,"Een verzameling diverse Guldenstukken in zilver, waaronder 50 Gulden stukken. Totaalgewicht 650 gram.Condition report upon request",,600,1200,,,,,,,1,,,True,False,"Een verzameling diverse Guldenstukken in zilver, waaronder 50 Gulden stukken. Totaalgewicht 650 gram.;A collection of various silver Guilder coins, including 50 Guilder coins. Total weight 650 grams.;;Munten^;Munten en Penningen^;zilver^;;13;;Munten^;Coins and Tokens^;Silver^;", (-),https://lotimages.blob.core.windows.net/medusa/0b69820c-6e84-451d-a5ad-e41f76f49c08_TH.png,1,2026-08-31T16:30:16+00:00,2026-08-31T16:45:16+00:00,False,,0,0,600,1,600,1,,,,,,,0,0,2026-08-21T13:28:00.3332733+00:00
814862,medusa,MA-2026-4,139,Munten en Penningen,22278,   14, ,1,"Een muntset in cassette, ‘de Wilhelmina Collectie 1880-1962’ uitgave ING bank, bestaande uit acht verschillende munten: bronzen ½ cent 1938, bronzen cent 1938, bronzen cent 1948, bronzen 2½ cent, 1916, zilveren halve gulden, 1929, zilveren penning met afbeelding van Wilhelmina als 18-jarige jonge vrouw, zilveren penning met afbeelding van Wilhelmina als 10-jarig meisje en gouden tien gulden munt, 1912. Met daarbij certificaat van echtheidCondition report upon request",,600,1200,,,,,,,1,,,True,False,"Een muntset in cassette, ‘de Wilhelmina Collectie 1880-1962’ uitgave ING bank, bestaande uit acht verschillende munten: bronzen ½ cent 1938, bronzen cent 1938, bronzen cent 1948, bronzen 2½ cent, 1916, zilveren halve gulden, 1929, zilveren penning met afbeelding van Wilhelmina als 18-jarige jonge vrouw, zilveren penning met afbeelding van Wilhelmina als 10-jarig meisje en gouden tien gulden munt, 1912. Met daarbij certificaat van echtheid;A coin set in a presentation case, ‘the Wilhelmina Collection 1880-1962’ issued by ING Bank, consisting of eight different coins: bronze ½ cent 1938, bronze cent 1938, bronze cent 1948, bronze 2½ cents 1916, silver half guilder 1929, silver medal depicting Wilhelmina as an 18-year-old young woman, silver medal depicting Wilhelmina as a 10-year-old girl, and gold ten guilder coin 1912. Accompanying it is a certificate of authenticity.;;Munten^;Munten en Penningen^;;14;;Munten^;Coins and Tokens^;", (-),https://lotimages.blob.core.windows.net/medusa/4953b99a-4e34-4af6-850f-9ef90edd5a0f_TH.png,2,2026-08-31T16:30:16+00:00,2026-08-31T16:45:16+00:00,False,,0,0,600,1,600,1,,,,,,,0,0,2026-08-21T13:28:01.1366182+00:00
814863,medusa,MA-2026-4,139,Munten en Penningen,22285,   15, ,1,"Een lot diverse guldens in zilver, 1e en 2e gehalte. Totaalgewicht, 160 gram.Condition report upon request",,100,200,,,,,,,1,,,True,False,"Een lot diverse guldens in zilver, 1e en 2e gehalte. Totaalgewicht, 160 gram.;A lot of various guilders in silver, 1st and 2nd grade. Total weight, 160 grams.;;Munten^;Munten en Penningen^;;15;;Munten^;Coins and Tokens^;", (-),https://lotimages.blob.core.windows.net/medusa/0e95ae76-8c0d-4c48-b72c-4918999d394f_TH.png,2,2026-08-31T16:30:16+00:00,2026-08-31T16:45:16+00:00,False,,0,0,100,1,100,1,,,,,,,0,0,2026-08-21T13:28:01.2097127+00:00
814864,medusa,MA-2026-4,139,Munten en Penningen,21606,   16, ,1,"10 gulden 1970 albumstuk, slechts 40 exemplaren bekend.Condition report upon request",,600,1000,,,,,,,1,,,True,False,"10 gulden 1970 albumstuk, slechts 40 exemplaren bekend.;10 guilder 1970 album piece, only 40 copies known.;;Munten^;Munten en Penningen^;;16;;Munten^;Coins and Tokens^;", (-),https://lotimages.blob.core.windows.net/medusa/418c0025-ff8e-4305-a473-4391a5c6040d_TH.png,1,2026-08-31T16:30:16+00:00,2026-08-31T16:45:16+00:00,False,,0,0,600,1,600,1,,,,,,,0,0,2026-08-21T13:28:01.8731564+00:00
814865,medusa,MA-2026-4,139,Munten en Penningen,22377,   17, ,1,"Een album met diverse wereldmunten, waaronder munten uit Frankrijk, Noorwegen en Mexico.&nbsp; Moet gezien worden. Condition report upon request",,80,160,,,,,,,1,,,True,False,"Een album met diverse wereldmunten, waaronder munten uit Frankrijk, Noorwegen en Mexico.&nbsp; Moet gezien worden. ;An album with various world coins, including coins from France, Norway, and Mexico. Must be seen.;;Munten^;Munten en Penningen^;;17;;Munten^;Coins and Tokens^;", (-),https://lotimages.blob.core.windows.net/medusa/aff011c3-ef64-4873-9f96-60226ec4067d_TH.png,2,2026-08-31T16:30:16+00:00,2026-08-31T16:45:16+00:00,False,,0,0,80,1,80,1,,,,,,,0,0,2026-08-21T13:28:02.6171247+00:00
814866,medusa,MA-2026-4,139,Munten en Penningen,22378,   18, ,1,"Album wereldmunten waaronder in zilver, onder andere one dollar 1992. Moet gezien worden.Condition report upon request",,100,300,,,,,,,1,,,True,False,"Album wereldmunten waaronder in zilver, onder andere one dollar 1992. Moet gezien worden.;Album of world coins, including silver, such as the 1992 one dollar. Must be seen.;;Munten^;Munten en Penningen^;;18;;Munten^;Coins and Tokens^;", (-),https://lotimages.blob.core.windows.net/medusa/dbbcdd87-88dd-4dd5-8bc9-ae228c92fa20_TH.png,3,2026-08-31T16:30:16+00:00,2026-08-31T16:45:16+00:00,False,,0,0,100,1,100,1,,,,,,,0,0,2026-08-21T13:28:03.235523+00:00
814867,medusa,MA-2026-4,139,Munten en Penningen,22379,   19, ,1,"Album Nederlandse biljetten, zowel Guldens als Euro's.Condition report upon request",,50,150,,,,,,,1,,,True,False,"Album Nederlandse biljetten, zowel Guldens als Euro's.;Album of Dutch banknotes, both Guilders and Euros.;;Biljetten^;;19;;Bank Notes^;", (-),https://lotimages.blob.core.windows.net/medusa/84cc5fc3-2627-4799-84e8-5b8e95b4aa69_TH.png,3,2026-08-31T16:30:16+00:00,2026-08-31T16:45:16+00:00,False,,0,0,50,1,50,1,,,,,,,0,0,2026-08-21T13:28:03.9364774+00:00
814869,medusa,MA-2026-4,139,Munten en Penningen,22380,   20, ,1,Album wereld birefgeld uit diverse landen. Moet gezien worden.Condition report upon request,,50,150,,,,,,,1,,,True,False,Album wereld birefgeld uit diverse landen. Moet gezien worden.;Album of world banknotes from various countries. Must be seen.;;Biljetten^;;20;;Bank Notes^;, (-),https://lotimages.blob.core.windows.net/medusa/68880e4c-0ea9-406b-b17b-829b90c0e935_TH.png,3,2026-08-31T16:30:16+00:00,2026-08-31T16:45:16+00:00,False,,0,0,50,1,50,1,,,,,,,0,0,2026-08-21T13:28:06.1180758+00:00
814970,medusa,MA-2026-4,139,Munten en Penningen,22381,   21, ,1,"Een groot album met diverse munten, voornamelijk Nederlands en vele uitgevoerd in zilver.Condition report upon request",,100,300,,,,,,,1,,,True,False,"Een groot album met diverse munten, voornamelijk Nederlands en vele uitgevoerd in zilver.;A large album with various coins, mainly Dutch and many made of silver.;;Munten^;Munten en Penningen^;;21;;Munten^;Coins and Tokens^;", (-),https://lotimages.blob.core.windows.net/medusa/c940b730-da49-4847-b8bb-c0160a1e967b_TH.png,3,2026-08-31T16:30:16+00:00,2026-08-31T16:45:16+00:00,False,,0,0,100,1,100,1,,,,,,,0,0,2026-08-21T13:29:09.8368903+00:00
815066,medusa,MA-2026-4,139,Munten en Penningen,22384,   22, ,1,"Een Album Nederland, 18-19-20e eeuw. Velen in zilver. Waaronder 1 Gulden 1864. Moet gezien worden Condition report upon request",,150,350,,,,,,,1,,,True,False,"Een Album Nederland, 18-19-20e eeuw. Velen in zilver. Waaronder 1 Gulden 1864. Moet gezien worden ;A Dutch Album, 18th, 19th, and 20th centuries. Many in silver. Including 1 Guilder from 1864. Must be seen.;;Munten^;Munten en Penningen^;;22;;Munten^;Coins and Tokens^;", (-),https://lotimages.blob.core.windows.net/medusa/0b402bda-cc09-422b-9cc7-9eb95af2189e_TH.png,6,2026-08-31T16:30:16+00:00,2026-08-31T16:45:16+00:00,False,,0,0,150,1,150,1,,,,,,,0,0,2026-08-21T13:30:10.6283698+00:00
815167,medusa,MA-2026-4,139,Munten en Penningen,22385,   23, ,1,2.5 gulden 1845. Willem II.Condition report upon request,,50,100,,,,,,,1,,,True,False,2.5 gulden 1845. Willem II.;2.5 guilders 1845. William II.;;Munten^;;23;;Munten^;, (-),https://lotimages.blob.core.windows.net/medusa/07f66414-fd06-49a6-84fe-f4e262663931_TH.png,2,2026-08-31T16:30:16+00:00,2026-08-31T16:45:16+00:00,False,,0,0,50,1,50,1,,,,,,,0,0,2026-08-21T13:31:10.0967754+00:00
814800,medusa,MA-2026-4,140,Sieraden en Horloge's.,22263, 1000, ,1,"<P>Een antieke 14kt. geelgouden collier bezet met facet geslepen granaat stenen in sierlijke markies- of bloemomzetting, Nederlands gekeurd,</P>
<P>Gewicht 15 gram.</P>Condition report upon request",,700,1400,,,,,,,1,45 cm ,,True,False,"<P>Een antieke 14kt. geelgouden collier bezet met facet geslepen granaat stenen in sierlijke markies- of bloemomzetting, Nederlands gekeurd,</P>
<P>Gewicht 15 gram.</P>;<P>An antique 14kt. yellow gold necklace set with faceted garnet stones in an elegant marquise or floral setting, Dutch hallmarked,</P>

<P>Weight 15 grams.</P>;;Sieraden^;;1000;45 cm ;jewellery^;", (-),https://lotimages.blob.core.windows.net/medusa/58ef60f5-ce2d-493a-ab03-998d7d4db4d2_TH.png,3,2026-09-07T16:45:02+00:00,2026-09-07T17:15:45+00:00,False,,0,0,700,1,700,1,,,,,,,0,0,2026-08-21T13:27:20.6183648+00:00
814801,medusa,MA-2026-4,140,Sieraden en Horloge's.,21969, 1001, ,1,"Een lot van twee zakhorloges in 14kt geelgoud en 2e gehalte zilver, totaalgewicht 41,5 gram.Condition report upon request",,200,400,,,,,,,2,,,True,False,"Een lot van twee zakhorloges in 14kt geelgoud en 2e gehalte zilver, totaalgewicht 41,5 gram.;A lot of two pocket watches in 14kt yellow gold and second grade silver, total weight 41.5 grams.;;Zakhorloges^;;1001;;Pocket watches^;", (-),https://lotimages.blob.core.windows.net/medusa/aae85348-23a3-4578-b444-5b4f89a05f8d_TH.png,1,2026-09-07T16:45:02+00:00,2026-09-07T17:15:45+00:00,False,,0,0,200,1,200,1,,,,,,,0,0,2026-08-21T13:27:21.2257522+00:00
814802,medusa,MA-2026-4,140,Sieraden en Horloge's.,22178, 1002, ,1,"Een 14kt geelgouden zakhorloge, Chronometre, Grand Prix Election Berne 1914. In originele doos. totaalgewicht 43,7 gram.Condition report upon request",,500,1000,,,,,,,1,,,True,False,"Een 14kt geelgouden zakhorloge, Chronometre, Grand Prix Election Berne 1914. In originele doos. totaalgewicht 43,7 gram.;A 14kt yellow gold pocket watch, Chronometer, Grand Prix Election Berne 1914. In original box. Total weight 43.7 grams.;;Zakhorloges^;;1002;;Pocket watches^;", (-),https://lotimages.blob.core.windows.net/medusa/863e7bdc-3542-42a4-aef0-12a1650bb222_TH.png,5,2026-09-07T16:45:02+00:00,2026-09-07T17:15:45+00:00,False,,0,0,500,1,500,1,,,,,,,0,0,2026-08-21T13:27:21.9638262+00:00
814803,medusa,MA-2026-4,140,Sieraden en Horloge's.,22182, 1003, ,1,2 granaat snoeren met geelgouden 14kt.&nbsp;sloten (dienen opnieuw geregen te worden).Condition report upon request,,150,350,,,,,,,1,,,True,False,2 granaat snoeren met geelgouden 14kt.&nbsp;sloten (dienen opnieuw geregen te worden).;2 garnet necklaces with 14kt yellow gold clasps (need to be restrung).;;Sieraden^;;1003;;jewellery^;, (-),https://lotimages.blob.core.windows.net/medusa/3ab092a0-4aa1-490e-955e-beaca65e2abf_TH.png,3,2026-09-07T16:45:02+00:00,2026-09-07T17:15:45+00:00,False,,0,0,150,1,150,1,,,,,,,0,0,2026-08-21T13:27:22.6035732+00:00
814804,medusa,MA-2026-4,140,Sieraden en Horloge's.,22183, 1004, ,1,"<P>Twee stuks&nbsp;pandora&nbsp;(-stijl)&nbsp;zilveren armbanden </P>
<P>Gewicht 68 gram.</P>Condition report upon request",,80,120,,,,,,,2,,,True,False,"<P>Twee stuks&nbsp;pandora&nbsp;(-stijl)&nbsp;zilveren armbanden </P>
<P>Gewicht 68 gram.</P>;<P>Two Pandora(-style) silver bracelets </P>
<P>Weight 68 grams.</P>;;Sieraden^;zilver^;;1004;;jewellery^;Silver^;", (-),https://lotimages.blob.core.windows.net/medusa/514ac56a-bebc-4a30-8f13-6b9d9fec99aa_TH.png,1,2026-09-07T16:45:02+00:00,2026-09-07T17:15:45+00:00,False,,0,0,80,1,80,1,,,,,,,0,0,2026-08-21T13:27:23.342061+00:00
814805,medusa,MA-2026-4,140,Sieraden en Horloge's.,19377, 1005, ,1,"<P>18 kt witgouden solitair ring, bezet met een grote briljantgeslepen diamant van 1,5 ct (Ø 7,35 mm), kleur I–J, helderheid P en symmetrie F.&nbsp; Inclusief HRD certificering. Ringmaat is aan te passen.</P>
<P>Totaal gewicht 5,5 gram.</P>Condition report upon request",,1000,2000,,,,,,,1,,,True,False,"<P>18 kt witgouden solitair ring, bezet met een grote briljantgeslepen diamant van 1,5 ct (Ø 7,35 mm), kleur I–J, helderheid P en symmetrie F.&nbsp; Inclusief HRD certificering. Ringmaat is aan te passen.</P>
<P>Totaal gewicht 5,5 gram.</P>;18-karat white gold solitaire ring, set with a large 1.5-carat brilliant-cut diamond (Ø 7.35 mm), color I–J, clarity P, and symmetry F. Total weight 5.5 grams. Includes HRD certification. Ring size is adjustable.;;Sieraden^;;1005;;jewellery^;", (-),https://lotimages.blob.core.windows.net/medusa/f3aa675b-3afe-4bc1-ace7-20ca3554bafb_TH.png,7,2026-09-07T16:45:02+00:00,2026-09-07T17:15:45+00:00,False,,0,0,1000,1,1000,1,,,,,,,0,0,2026-08-21T13:27:24.0114647+00:00
814806,medusa,MA-2026-4,140,Sieraden en Horloge's.,14021, 1006, ,1,"<P>Een&nbsp;geelgouden&nbsp;Rolex Precision dameshorloge,&nbsp;met aankoop formulier.</P>
<P>Merk: Rolex <BR />Model: Precision <BR />Opwinden: Handopwind <BR />Materiaal horlogekast: Geelgoud <BR />Materiaal horlogeband: Kalfsleer <BR />Bouwjaar: 1960-1968 <BR />Aankoop: 21/02/1968<BR />Staat: Het horloge heeft gebruikssporen; zoals gebruikkersschade op het deksel, roest op de wijzers en kroon, diverse krasjes op het glas, band aan vervanging en niet origineel mist ook originele gouden Rolex gesp, werking van het uurwerk onbekend.<BR />&nbsp;<BR />Inbegrepen bij de levering: Zonder originele doos, maar wel nog met de originele papieren van Juwelier A.P. Bouman.&nbsp; <BR />&nbsp; <BR />Kaliber: Handopwind </P>
<P>Materiaal horlogekast: Geelgoud<BR />Diameter:&nbsp;19,5 mm<BR />Hoogte kast: 7 mm</P>
<P>Waterdicht: Niet waterdicht</P>
<P>Materiaal lunette: Geelgoud<BR />Wijzerplaat: Goudkleurig</P>
<P>Horlogeband materiaal: Leer<BR />Kleur horlogeband: Zwart<BR />Staat horlogeband: Aan vervanging<BR />Gesp: Doornsluiting<BR />Materiaal sluiting: Staal, niet origineel! </P>Condition report upon request",,600,1000,,,,,,,1,,,True,False,"<P>Een&nbsp;geelgouden&nbsp;Rolex Precision dameshorloge,&nbsp;met aankoop formulier.</P>
<P>Merk: Rolex <BR />Model: Precision <BR />Opwinden: Handopwind <BR />Materiaal horlogekast: Geelgoud <BR />Materiaal horlogeband: Kalfsleer <BR />Bouwjaar: 1960-1968 <BR />Aankoop: 21/02/1968<BR />Staat: Het horloge heeft gebruikssporen; zoals gebruikkersschade op het deksel, roest op de wijzers en kroon, diverse krasjes op het glas, band aan vervanging en niet origineel mist ook originele gouden Rolex gesp, werking van het uurwerk onbekend.<BR />&nbsp;<BR />Inbegrepen bij de levering: Zonder originele doos, maar wel nog met de originele papieren van Juwelier A.P. Bouman.&nbsp; <BR />&nbsp; <BR />Kaliber: Handopwind </P>
<P>Materiaal horlogekast: Geelgoud<BR />Diameter:&nbsp;19,5 mm<BR />Hoogte kast: 7 mm</P>
<P>Waterdicht: Niet waterdicht</P>
<P>Materiaal lunette: Geelgoud<BR />Wijzerplaat: Goudkleurig</P>
<P>Horlogeband materiaal: Leer<BR />Kleur horlogeband: Zwart<BR />Staat horlogeband: Aan vervanging<BR />Gesp: Doornsluiting<BR />Materiaal sluiting: Staal, niet origineel! </P>;<P>A yellow gold Rolex Precision ladies watch, with purchase form.</P> 
<P>Brand: Rolex <BR />Model: Precision <BR />Winding: Manual winding <BR />Watch case material: Yellow gold <BR />Watch strap material: Calf leather <BR />Year of manufacture: 1960-1968 <BR />Purchase: 21/02/1968<BR />Condition: The watch has traces of use; such as user damage on the lid, rust on the hands and crown, various scratches on the glass, strap needs replacing and not original, also missing original gold Rolex buckle, operation of the movement unknown.<BR /><BR />Included in the delivery: Without original box, but still with the original papers from Juwelier A.P. Bouman. <BR /> <BR />Caliber: Manual winding </P> 
<P>Watch case material: Yellow gold<BR />Diameter: 19.5 mm<BR />Case height: 7 mm</P> 
<P>Waterproof: Not waterproof</P> 
<P>Lunette material: Yellow gold<BR />Dial: Gold-colored</P> 
<P>Watch strap material: Leather<BR />Watch strap color: Black<BR />Watch strap condition: Needs replacement<BR />Buckle: Buckle<BR />Clasp material: Steel, not original! </P>;;Sieraden^;;1006;;jewellery^;", (-),https://lotimages.blob.core.windows.net/medusa/39857e33-d99c-4142-88db-f6ffb93b775d_TH.png,4,2026-09-07T16:45:02+00:00,2026-09-07T17:15:45+00:00,False,,0,0,600,1,600,1,,,,,,,0,0,2026-08-21T13:27:24.5933273+00:00
814807,medusa,MA-2026-4,140,Sieraden en Horloge's.,22236, 1007, ,1,"<P>18 karaat gouden ring bezet met een ovaal geslepen natuurlijke robijn van circa 1,13 ct (ca. 7,2 × 5,5 mm), geflankeerd door briljant geslepen diamanten met een totaalgewicht van circa 0,30 ct, kwaliteit G/VS1. </P>
<P>Totaalgewicht 3 gram.</P>Condition report upon request",,800,1600,,,,,,,1,18/56,,True,False,"<P>18 karaat gouden ring bezet met een ovaal geslepen natuurlijke robijn van circa 1,13 ct (ca. 7,2 × 5,5 mm), geflankeerd door briljant geslepen diamanten met een totaalgewicht van circa 0,30 ct, kwaliteit G/VS1. </P>
<P>Totaalgewicht 3 gram.</P>;<P>18 carat gold ring set with an oval-cut natural ruby of approximately 1.13 ct (approx. 7.2 × 5.5 mm), flanked by brilliant-cut diamonds with a total weight of approximately 0.30 ct, quality G/VS1. </P>

<P>Total weight 3 grams.</P>;;Sieraden^;;1007;18/56;jewellery^;", (-),https://lotimages.blob.core.windows.net/medusa/feb2590a-d1e1-4786-a56f-9c92beb41c2e_TH.png,3,2026-09-07T16:45:02+00:00,2026-09-07T17:15:45+00:00,False,,0,0,800,1,800,1,,,,,,,0,0,2026-08-21T13:27:25.2805788+00:00
814808,medusa,MA-2026-4,140,Sieraden en Horloge's.,22237, 1008, ,1,"<P>Een 5-strengs granaten armband met 14 kt. geelgouden slot bezet met negen kleine granaten en veiligheidsketting, Nederlands gekeurd met 'eikenblad',</P>
<P>Gewicht 47 gram</P>Condition report upon request",,150,350,,,,,,,1,29 cm,,True,False,"<P>Een 5-strengs granaten armband met 14 kt. geelgouden slot bezet met negen kleine granaten en veiligheidsketting, Nederlands gekeurd met 'eikenblad',</P>
<P>Gewicht 47 gram</P>;<P>A 5-strand garnet bracelet with a 14 kt. yellow gold clasp set with nine small garnets and safety chain, Dutch hallmarked with 'oak leaf',</P>

<P>Weight 47 grams</P>;;Sieraden^;;1008;29 cm;jewellery^;", (-),https://lotimages.blob.core.windows.net/medusa/cdf00321-b20b-4029-a55d-7fb05a6cb470_TH.png,2,2026-09-07T16:45:02+00:00,2026-09-07T17:15:45+00:00,False,,0,0,150,1,150,1,,,,,,,0,0,2026-08-21T13:27:25.9425021+00:00
814809,medusa,MA-2026-4,140,Sieraden en Horloge's.,22238, 1009, ,1,"<P>Een lange 2- strengs collier met granaten en 14kt geelgouden slot bezet met drie kleine granaten, Nederlands gekeurd met 'eikenblad',</P>
<P>Gewicht 79 gram</P>Condition report upon request",,150,350,,,,,,,1,86 cm,,True,False,"<P>Een lange 2- strengs collier met granaten en 14kt geelgouden slot bezet met drie kleine granaten, Nederlands gekeurd met 'eikenblad',</P>
<P>Gewicht 79 gram</P>;<P>A long 2-strand necklace with garnets and a 14kt yellow gold clasp set with three small garnets, Dutch hallmarked with 'oak leaf',</P>

<P>Weight 79 grams</P>;;Sieraden^;;1009;86 cm;jewellery^;", (-),https://lotimages.blob.core.windows.net/medusa/e60b4890-3561-4e6b-9896-db4a7e7597c4_TH.png,3,2026-09-07T16:45:02+00:00,2026-09-07T17:15:45+00:00,False,,0,0,150,1,150,1,,,,,,,0,0,2026-08-21T13:27:26.5573578+00:00
814810,medusa,MA-2026-4,140,Sieraden en Horloge's.,22239, 1010, ,1,"<P>Een 3-strengs bloedkoraal collier met kleine fijn 14kt. gouden slot bezet met cabochon geslepen bloedkoraal, getest op 14kt. (slotje heeft reparatie nodig)</P>
<P>Gewicht 74 gram</P>Condition report upon request",,150,350,,,,,,,1,46 cm,,True,False,"<P>Een 3-strengs bloedkoraal collier met kleine fijn 14kt. gouden slot bezet met cabochon geslepen bloedkoraal, getest op 14kt. (slotje heeft reparatie nodig)</P>
<P>Gewicht 74 gram</P>;<P>A 3-strand blood coral necklace with a small, delicate 14kt gold clasp set with a cabochon-cut blood coral, tested to 14kt. (clasp needs repair)</P>

<P>Weight 74 grams</P>;;Sieraden^;;1010;46 cm;jewellery^;", (-),https://lotimages.blob.core.windows.net/medusa/b5673e19-3a33-41f9-ad91-6ae0c5cfd705_TH.png,3,2026-09-07T16:45:02+00:00,2026-09-07T17:15:45+00:00,False,,0,0,150,1,150,1,,,,,,,0,0,2026-08-21T13:27:27.1736257+00:00
814811,medusa,MA-2026-4,140,Sieraden en Horloge's.,22241, 1011, ,1,"<P>Een 3-strengs bloedkoraal collier met deels verguld zilver filigrain slot, gekeurd met 'zwaardje',</P>
<P>Gewicht 51 gram</P>Condition report upon request",,50,100,,,,,,,1,39 cm,,True,False,"<P>Een 3-strengs bloedkoraal collier met deels verguld zilver filigrain slot, gekeurd met 'zwaardje',</P>
<P>Gewicht 51 gram</P>;<P>A 3-strand blood coral necklace with a partially gilded silver filigree clasp, hallmarked with a 'small sword',</P>

<P>Weight 51 grams</P>;;Sieraden^;;1011;39 cm;jewellery^;", (-),https://lotimages.blob.core.windows.net/medusa/cfcf2ad8-aa51-4c55-b0ac-461709f7849f_TH.png,3,2026-09-07T16:45:02+00:00,2026-09-07T17:15:45+00:00,False,,0,0,50,1,50,1,,,,,,,0,0,2026-08-21T13:27:27.749363+00:00
814812,medusa,MA-2026-4,140,Sieraden en Horloge's.,22242, 1012, ,1,"<P>Een handgevlochten zwart koord met gegraveerde 9kt.&nbsp;gouden schuif (beschadigd), mogelijk rouwsieraad, </P>
<P>Gewicht 5 gram</P>Condition report upon request",,50,100,,,,,,,1,20 cm,,True,False,"<P>Een handgevlochten zwart koord met gegraveerde 9kt.&nbsp;gouden schuif (beschadigd), mogelijk rouwsieraad, </P>
<P>Gewicht 5 gram</P>;<P>A hand-braided black cord with engraved 9kt. gold slide (damaged), possibly mourning jewelry, </P>

<P>Weight 5 grams</P>;;Sieraden^;;1012;20 cm;jewellery^;", (-),https://lotimages.blob.core.windows.net/medusa/ac649b71-e12f-4baf-9e7c-e922b6e688db_TH.png,2,2026-09-07T16:45:02+00:00,2026-09-07T17:15:45+00:00,False,,0,0,50,1,50,1,,,,,,,0,0,2026-08-21T13:27:28.408564+00:00
814813,medusa,MA-2026-4,140,Sieraden en Horloge's.,22244, 1013, ,1,"<P>Een geelgouden 14kt. bootjes- of entourage armband bezet met facetgeslepen&nbsp;granaten en veiligheidsketting,&nbsp;nederlands gekeurd met 'eikenblad',</P>
<P>Gewicht 42 gram.</P>Condition report upon request",,1000,2000,,,,,,,1,22 cm,,True,False,"<P>Een geelgouden 14kt. bootjes- of entourage armband bezet met facetgeslepen&nbsp;granaten en veiligheidsketting,&nbsp;nederlands gekeurd met 'eikenblad',</P>
<P>Gewicht 42 gram.</P>;<P>A 14kt yellow gold boat or entourage bracelet set with faceted garnets and safety chain, Dutch hallmarked with 'oak leaf',</P>

<P>Weight 42 grams.</P>;;Sieraden^;;1013;22 cm;jewellery^;", (-),https://lotimages.blob.core.windows.net/medusa/f475ffc9-fbc5-40a5-969a-ca88a9988b25_TH.png,4,2026-09-07T16:45:02+00:00,2026-09-07T17:15:45+00:00,False,,0,0,1000,1,1000,1,,,,,,,0,0,2026-08-21T13:27:29.0229791+00:00
814814,medusa,MA-2026-4,140,Sieraden en Horloge's.,22245, 1014, ,1,"<P>Een geelgouden 14 kt. broche&nbsp;bezet met één ovale&nbsp;granaat&nbsp;en negen kleine ronde granaten met sierlijke&nbsp;bewerkte rand, geschulpt en opengewerkt met gravures, Nederlands gekeurd met 'eikenblad; en 'XX', </P>
<P>&nbsp;9,10 gram. </P>Condition report upon request",,300,600,,,,,,,1,"3,5 cm ",,True,False,"<P>Een geelgouden 14 kt. broche&nbsp;bezet met één ovale&nbsp;granaat&nbsp;en negen kleine ronde granaten met sierlijke&nbsp;bewerkte rand, geschulpt en opengewerkt met gravures, Nederlands gekeurd met 'eikenblad; en 'XX', </P>
<P>&nbsp;9,10 gram. </P>;<P>A yellow gold 14 kt. brooch set with one oval garnet and nine small round garnets with an ornately worked border, scalloped and openwork with engravings, Dutch hallmarked with 'oak leaf' and 'XX', </P>

<P>9.10 grams. </P>;;Sieraden^;;1014;3,5 cm ;jewellery^;", (-),https://lotimages.blob.core.windows.net/medusa/49595d14-5861-4651-88be-a893bed0b944_TH.png,2,2026-09-07T16:45:02+00:00,2026-09-07T17:15:45+00:00,False,,0,0,300,1,300,1,,,,,,,0,0,2026-08-21T13:27:29.6912906+00:00
814815,medusa,MA-2026-4,140,Sieraden en Horloge's.,22246, 1015, ,1,"<P>Een vintage geelgouden 14 kt. ring bezet met grote ovale granaat met rondom tien kleine ronde granaten, Nederlands gekeurd met 'eikenblad',</P>
<P>Gewicht&nbsp;6,2 gram.</P>Condition report upon request",,200,600,Adrianus Albertus 'Ab' Toetenel,"Adrianus Albertus 'Ab' Toetenel, ",Den Haag,1914,Den Haag,1990,1,"19,2 / 61",,True,False,"<P>Een vintage geelgouden 14 kt. ring bezet met grote ovale granaat met rondom tien kleine ronde granaten, Nederlands gekeurd met 'eikenblad',</P>
<P>Gewicht&nbsp;6,2 gram.</P>;<P>A vintage 14 kt yellow gold ring set with a large oval garnet surrounded by ten small round garnets, Dutch hallmarked with 'oak leaf',</P>

<P>Weight 6.2 grams.</P>;Adrianus Albertus 'Ab' Toetenel, ;Adrianus Albertus 'Ab' ToetenelSieraden^;;1015;19,2 / 61;jewellery^;",Adrianus Albertus 'Ab' Toetenel (1914-1990),https://lotimages.blob.core.windows.net/medusa/4b6db77d-54d0-4322-90f3-85526aebaf4d_TH.png,2,2026-09-07T16:45:02+00:00,2026-09-07T17:15:45+00:00,False,,0,0,200,1,200,1,,,,,,,0,0,2026-08-21T13:27:30.3197602+00:00
814816,medusa,MA-2026-4,140,Sieraden en Horloge's.,22249, 1016, ,1,"<P>Een gestileerd bladdesign&nbsp;geelgouden broche 14kt. &nbsp;bezet&nbsp;met pareltjes en robijntjes, gekeurd met 'eikenblad' en '14kt' ,</P>
<P>Gewicht &nbsp;7,30 gram.</P>Condition report upon request",,500,1000,,,,,,,1," 4,5 x 3,5 cm",,True,False,"<P>Een gestileerd bladdesign&nbsp;geelgouden broche 14kt. &nbsp;bezet&nbsp;met pareltjes en robijntjes, gekeurd met 'eikenblad' en '14kt' ,</P>
<P>Gewicht &nbsp;7,30 gram.</P>;<P>A stylized leaf design yellow gold brooch 14kt. set with pearls and rubies, hallmarked 'oak leaf' and '14kt',</P>

<P>Weight 7.30 grams.</P>;;Sieraden^;;1016; 4,5 x 3,5 cm;jewellery^;", (-),https://lotimages.blob.core.windows.net/medusa/d45ae23d-a9ac-4184-84b0-ca845364df7c_TH.png,2,2026-09-07T16:45:02+00:00,2026-09-07T17:15:45+00:00,False,,0,0,500,1,500,1,,,,,,,0,0,2026-08-21T13:27:30.9002737+00:00
814817,medusa,MA-2026-4,140,Sieraden en Horloge's.,22251, 1017, ,1,"<P>Een set 14kt.&nbsp;witgouden&nbsp;bloemvormige oorstekers bezet met diamant, Gekeurd met '585'</P>
<P>Gewicht &nbsp;3,70 gram. </P>Condition report upon request",,150,350,,,,,,,2,"2,5 cm",,True,False,"<P>Een set 14kt.&nbsp;witgouden&nbsp;bloemvormige oorstekers bezet met diamant, Gekeurd met '585'</P>
<P>Gewicht &nbsp;3,70 gram. </P>;<P>A set of 14kt white gold flower-shaped stud earrings set with diamonds, Hallmarked '585'</P>

<P>Weight 3.70 grams. </P>;;Sieraden^;;1017;2,5 cm;jewellery^;", (-),https://lotimages.blob.core.windows.net/medusa/632c6a59-b9f8-4e01-a406-ef2aba2cdcc9_TH.png,2,2026-09-07T16:45:02+00:00,2026-09-07T17:15:45+00:00,False,,0,0,150,1,150,1,,,,,,,0,0,2026-08-21T13:27:31.5980738+00:00
814818,medusa,MA-2026-4,140,Sieraden en Horloge's.,22252, 1018, ,1,"<P>Een witgouden 18kt. ring met asymmetrisch golvend&nbsp;ontwerp&nbsp;bezet met een briljant geslepen diamant en een natuurlijke parel, </P>
<P>Gewicht 3,4 gram. </P>Condition report upon request",,200,400,,,,,,,1,"18,8/59",,True,False,"<P>Een witgouden 18kt. ring met asymmetrisch golvend&nbsp;ontwerp&nbsp;bezet met een briljant geslepen diamant en een natuurlijke parel, </P>
<P>Gewicht 3,4 gram. </P>;<P>An 18kt white gold ring with an asymmetrical wavy design set with a brilliant-cut diamond and a natural pearl, </P>

<P>Weight 3.4 grams. </P>;;Sieraden^;;1018;18,8/59;jewellery^;", (-),https://lotimages.blob.core.windows.net/medusa/c85a1b55-2b0d-4cb7-994c-c3b4bfe9fa0c_TH.png,2,2026-09-07T16:45:02+00:00,2026-09-07T17:15:45+00:00,False,,0,0,200,1,200,1,,,,,,,0,0,2026-08-21T13:27:32.295526+00:00
814819,medusa,MA-2026-4,140,Sieraden en Horloge's.,22258, 1019, ,1,"<P>Een geelgouden 10 kt.&nbsp;Waltham zakhorloge, met rijkelijk bewerkte kast,&nbsp;gekeurd met&nbsp;'10k' , ( met inscriptie)&nbsp;</P>
<P>Gewicht&nbsp;49,5 gram </P>Condition report upon request",,300,800,,,,,,,1,6 x 4 cm ,,True,False,"<P>Een geelgouden 10 kt.&nbsp;Waltham zakhorloge, met rijkelijk bewerkte kast,&nbsp;gekeurd met&nbsp;'10k' , ( met inscriptie)&nbsp;</P>
<P>Gewicht&nbsp;49,5 gram </P>;<P>A yellow gold 10 kt. Waltham pocket watch, with richly decorated case, hallmarked '10k', ( with inscription)</P>

<P>Weight 49.5 grams </P>;;Sieraden^;Zakhorloges^;;1019;6 x 4 cm ;jewellery^;Pocket watches^;", (-),https://lotimages.blob.core.windows.net/medusa/9e80bcda-e5bb-433c-8037-5b806d64ca79_TH.png,6,2026-09-07T16:45:02+00:00,2026-09-07T17:15:45+00:00,False,,0,0,300,1,400,1,,,,,,,0,0,2026-08-21T13:27:33.010916+00:00
814820,medusa,MA-2026-4,140,Sieraden en Horloge's.,22265, 1020, ,1,"<P>Een vintage (nefriet) jade hanger met 14kt. geelgouden hangoog en vlinder,&nbsp;</P>
<P>Gewicht&nbsp;4,6 gram.</P>Condition report upon request",,80,160,,,,,,,1,"2,6 cm",,True,False,"<P>Een vintage (nefriet) jade hanger met 14kt. geelgouden hangoog en vlinder,&nbsp;</P>
<P>Gewicht&nbsp;4,6 gram.</P>;<P>A vintage (nephrite) jade pendant with 14kt. yellow gold hanging eye and butterfly,</P>
<P>Weight4.6 grams.</P>;;Sieraden^;;1020;2,6 cm;jewellery^;", (-),https://lotimages.blob.core.windows.net/medusa/788eac8a-81e2-4f10-a92e-5d0871004db5_TH.png,2,2026-09-07T16:45:02+00:00,2026-09-07T17:15:45+00:00,False,,0,0,80,1,80,1,,,,,,,0,0,2026-08-21T13:27:33.6065558+00:00
814821,medusa,MA-2026-4,140,Sieraden en Horloge's.,22266, 1021, ,1,"<P>Een vintage 14kt.&nbsp;geelgouden hanger in druppelvorm bezet met tijgeroog, </P>
<P>Gewicht&nbsp;6,5 gram.</P>Condition report upon request",,100,300,,,,,,,1,"3,2 cm",,True,False,"<P>Een vintage 14kt.&nbsp;geelgouden hanger in druppelvorm bezet met tijgeroog, </P>
<P>Gewicht&nbsp;6,5 gram.</P>;<P>A vintage 14kt yellow gold teardrop-shaped pendant set with tiger's eye, </P>

<P>Weight 6.5 grams.</P>;;Sieraden^;;1021;3,2 cm;jewellery^;", (-),https://lotimages.blob.core.windows.net/medusa/983c5ec2-5046-460d-b556-f5cac8b11c1d_TH.png,2,2026-09-07T16:45:02+00:00,2026-09-07T17:15:45+00:00,False,,0,0,100,1,100,1,,,,,,,0,0,2026-08-21T13:27:34.2366504+00:00
814822,medusa,MA-2026-4,140,Sieraden en Horloge's.,22268, 1022, ,1,"<P>Een vintage 18kt witgouden&nbsp;entourage- of clusterring, stervormig patroon bezet met diamanten en saffieren, gekeurd en getest 18kt.</P>
<P>Gewicht 6,8&nbsp;gram.</P>Condition report upon request",,500,1500,,,,,,,1,17/54,,True,False,"<P>Een vintage 18kt witgouden&nbsp;entourage- of clusterring, stervormig patroon bezet met diamanten en saffieren, gekeurd en getest 18kt.</P>
<P>Gewicht 6,8&nbsp;gram.</P>;<P>A vintage 18kt white gold entourage or cluster ring, star-shaped pattern set with diamonds and sapphires, hallmarked and tested 18kt.</P>

<P>Weight 6.8 grams.</P>;;Sieraden^;;1022;17/54;jewellery^;", (-),https://lotimages.blob.core.windows.net/medusa/d60067f2-ccb4-4332-abe3-144cb3bb3f5a_TH.png,2,2026-09-07T16:45:02+00:00,2026-09-07T17:15:45+00:00,False,,0,0,500,1,500,1,,,,,,,0,0,2026-08-21T13:27:34.8982277+00:00
814823,medusa,MA-2026-4,140,Sieraden en Horloge's.,22269, 1023, ,1,"<P>Een witgouden18kt dubbele entourage ring gezet met diamanten, Nederlands gekeurd,</P>
<P>Gewicht&nbsp;3,5 gram.</P>Condition report upon request",,250,550,,,,,,,1,19/60,,True,False,"<P>Een witgouden18kt dubbele entourage ring gezet met diamanten, Nederlands gekeurd,</P>
<P>Gewicht&nbsp;3,5 gram.</P>;<P>A white gold 18kt double entourage ring set with diamonds, Dutch hallmarked,</P>

<P>Weight 3.5 grams.</P>;;Sieraden^;;1023;19/60;jewellery^;", (-),https://lotimages.blob.core.windows.net/medusa/9cb13f1f-b55e-440f-8670-9134acd6849b_TH.png,2,2026-09-07T16:45:02+00:00,2026-09-07T17:15:45+00:00,False,,0,0,250,1,250,1,,,,,,,0,0,2026-08-21T13:27:35.493109+00:00
814824,medusa,MA-2026-4,140,Sieraden en Horloge's.,22270, 1024, ,1,"<P>Een geelgouden 14kt cocktail ring bezet met cabochon geslepen&nbsp;bloedkoraal, Nederlands gekeurd,</P>
<P>Gewicht 4 gram.</P>Condition report upon request",,200,600,,,,,,,1,"18,8 / 59",,True,False,"<P>Een geelgouden 14kt cocktail ring bezet met cabochon geslepen&nbsp;bloedkoraal, Nederlands gekeurd,</P>
<P>Gewicht 4 gram.</P>;<P>A 14kt yellow gold cocktail ring set with cabochon-cut blood coral, Dutch hallmarked,</P>

<P>Weight 4 grams.</P>;;Sieraden^;;1024;18,8 / 59;jewellery^;", (-),https://lotimages.blob.core.windows.net/medusa/85d5f5b5-8d00-4093-8ce3-87c4afc064ce_TH.png,2,2026-09-07T16:45:02+00:00,2026-09-07T17:15:45+00:00,False,,0,0,200,1,200,1,,,,,,,0,0,2026-08-21T13:27:36.1844717+00:00
814825,medusa,MA-2026-4,140,Sieraden en Horloge's.,22271, 1025, ,1,"<P>Een set geelgouden 14kt. bloemvormige&nbsp;oorknoppen bezet met cabochon geslepen&nbsp;bloedkoraal, Nederlands gekeurd,</P>
<P>Gewicht 5,2 gram.</P>Condition report upon request",,200,600,,,,,,,2,"1,5 cm",,True,False,"<P>Een set geelgouden 14kt. bloemvormige&nbsp;oorknoppen bezet met cabochon geslepen&nbsp;bloedkoraal, Nederlands gekeurd,</P>
<P>Gewicht 5,2 gram.</P>;<P>A set of 14kt yellow gold flower-shaped stud earrings set with cabochon-cut blood coral, Dutch hallmarked,</P>

<P>Weight 5.2 grams.</P>;;Sieraden^;;1025;1,5 cm;jewellery^;", (-),https://lotimages.blob.core.windows.net/medusa/eaf0f3be-680e-4ab0-81ff-eb4887b3f61b_TH.png,2,2026-09-07T16:45:02+00:00,2026-09-07T17:15:45+00:00,False,,0,0,200,1,200,1,,,,,,,0,0,2026-08-21T13:27:36.8022945+00:00
814826,medusa,MA-2026-4,140,Sieraden en Horloge's.,22272, 1026, ,1,"<P>Een set witgouden 14kt. oorbellen met&nbsp;ineengestrengeld bloem design met natuurlijke&nbsp;parel in het midden, Nederlands gekeurd,</P>
<P>Gewicht 3,6 gram.</P>Condition report upon request",,200,600,,,,,,,1,"1,2 cm",,True,False,"<P>Een set witgouden 14kt. oorbellen met&nbsp;ineengestrengeld bloem design met natuurlijke&nbsp;parel in het midden, Nederlands gekeurd,</P>
<P>Gewicht 3,6 gram.</P>;<P>A set of 14kt white gold earrings with an intertwined flower design with a natural pearl in the center, Dutch hallmarked,</P>

<P>Weight 3.6 grams.</P>;;Sieraden^;;1026;1,2 cm;jewellery^;", (-),https://lotimages.blob.core.windows.net/medusa/8168f9fa-c7f7-4113-b432-2e2b104380d6_TH.png,2,2026-09-07T16:45:02+00:00,2026-09-07T17:15:45+00:00,False,,0,0,200,1,200,1,,,,,,,0,0,2026-08-21T13:27:37.3836557+00:00
814827,medusa,MA-2026-4,140,Sieraden en Horloge's.,22273, 1027, ,1,"<P>Een vintage&nbsp;geelgouden 14kt. crossover ring met parels en kleine diamantjes in sierlijk asymmetrisch ontwerp, Nederlands gekeurd,</P>
<P>Gewicht 2,5 gram. </P>Condition report upon request",,100,300,,,,,,,1,"18,5/58",,True,False,"<P>Een vintage&nbsp;geelgouden 14kt. crossover ring met parels en kleine diamantjes in sierlijk asymmetrisch ontwerp, Nederlands gekeurd,</P>
<P>Gewicht 2,5 gram. </P>;<P>A vintage 14kt yellow gold crossover ring with pearls and small diamonds in an elegant asymmetrical design, Dutch hallmarked,</P>

<P>Weight 2.5 grams. </P>;;Sieraden^;;1027;18,5/58;jewellery^;", (-),https://lotimages.blob.core.windows.net/medusa/e0085864-4ccf-48a0-9aff-414718634b7d_TH.png,2,2026-09-07T16:45:02+00:00,2026-09-07T17:15:45+00:00,False,,0,0,100,1,100,1,,,,,,,0,0,2026-08-21T13:27:38.020442+00:00
814828,medusa,MA-2026-4,140,Sieraden en Horloge's.,22274, 1028, ,1,"<P>Een 4-strengs bloedkoral armband met 14kt. geelgouden slot bezet met drie ronde cabochon geslepen bloedkoralen en veiligheidsketting,&nbsp;Nederlands&nbsp;gekeurd met 'Eikenblad'&nbsp;,</P>
<P>Gewicht</P>Condition report upon request",,150,350,,,,,,,1,20 cm,,True,False,"<P>Een 4-strengs bloedkoral armband met 14kt. geelgouden slot bezet met drie ronde cabochon geslepen bloedkoralen en veiligheidsketting,&nbsp;Nederlands&nbsp;gekeurd met 'Eikenblad'&nbsp;,</P>
<P>Gewicht</P>;<P>A 4-strand blood coral bracelet with a 14kt. yellow gold clasp set with three round cabochon-cut blood corals and a safety chain, hallmarked with 'Oak Leaf' in the Netherlands,</P>

<P>Weight</P>;;Sieraden^;;1028;20 cm;jewellery^;", (-),https://lotimages.blob.core.windows.net/medusa/469fc60b-55eb-4df9-889c-4482080a721c_TH.png,2,2026-09-07T16:45:02+00:00,2026-09-07T17:15:45+00:00,False,,0,0,150,1,150,1,,,,,,,0,0,2026-08-21T13:27:38.6479143+00:00
814829,medusa,MA-2026-4,140,Sieraden en Horloge's.,22275, 1029, ,1,"<P>Een (officieel) &nbsp;4-strengs&nbsp;bloedkoraal collier, enkel nog 2 strengen geheel aanwezig, &nbsp;met geelgouden slot bezet met een cabochon geslepen koraal, Nederlands gekeurd,</P>
<P>Gewicht&nbsp;59 gram</P>Condition report upon request",,200,600,,,,,,,1,66 cm,,True,False,"<P>Een (officieel) &nbsp;4-strengs&nbsp;bloedkoraal collier, enkel nog 2 strengen geheel aanwezig, &nbsp;met geelgouden slot bezet met een cabochon geslepen koraal, Nederlands gekeurd,</P>
<P>Gewicht&nbsp;59 gram</P>;<P>An (official) 4-strand blood coral necklace, only 2 strands remaining intact, with a yellow gold clasp set with a cabochon-cut coral, Dutch hallmarked,</P>

<P>Weight 59 grams</P>;;Sieraden^;;1029;66 cm;jewellery^;", (-),https://lotimages.blob.core.windows.net/medusa/58e3a10e-5e73-4912-ac79-e9b87c72ce37_TH.png,2,2026-09-07T16:45:02+00:00,2026-09-07T17:15:45+00:00,False,,0,0,200,1,200,1,,,,,,,0,0,2026-08-21T13:27:39.2678705+00:00
814830,medusa,MA-2026-4,140,Sieraden en Horloge's.,22276, 1030, ,1,"<P>Een set geelgouden 14 kt. bloemvormige 0orknoppen bezet met granaat, Nederlands gekeurd,</P>
<P>Gewicht&nbsp;&nbsp;4 gram.</P>Condition report upon request",,100,300,,,,,,,1,"1,8 cm",,True,False,"<P>Een set geelgouden 14 kt. bloemvormige 0orknoppen bezet met granaat, Nederlands gekeurd,</P>
<P>Gewicht&nbsp;&nbsp;4 gram.</P>;<P>A set of 14 kt yellow gold flower-shaped studs set with garnet, Dutch hallmarked,</P>

<P>Weight 4 grams.</P>;;Sieraden^;;1030;1,8 cm;jewellery^;", (-),https://lotimages.blob.core.windows.net/medusa/bfe7b9f8-87dc-4be8-a049-55e7b3a56926_TH.png,2,2026-09-07T16:45:02+00:00,2026-09-07T17:15:45+00:00,False,,0,0,100,1,100,1,,,,,,,0,0,2026-08-21T13:27:39.8691822+00:00
814831,medusa,MA-2026-4,140,Sieraden en Horloge's.,22291, 1031, ,1,"Een lot zakhorloge's en polshorloge's, o.a in zilver. Restauratie objecten.Condition report upon request",,50,150,,,,,,,1,,,True,False,"Een lot zakhorloge's en polshorloge's, o.a in zilver. Restauratie objecten.;A lot of pocket watches and wristwatches, including silver. Restoration objects.;;Zakhorloges^;zilver^;;1031;;Pocket watches^;Silver^;", (-),https://lotimages.blob.core.windows.net/medusa/1ba92b9e-fd5d-48bf-b24c-43e664b0af81_TH.png,1,2026-09-07T16:45:02+00:00,2026-09-07T17:15:45+00:00,False,,0,0,50,1,50,1,,,,,,,0,0,2026-08-21T13:27:40.4865433+00:00
814832,medusa,MA-2026-4,140,Sieraden en Horloge's.,22297, 1032, ,1,"<P>Een antieke 19e-eeuwse geelgouden 14kt. vingerhoed voorzien van gestructureerde bovenzijde en afgewerkt met een verfijnde gravure op de rand, Nederlands gekeurd met 'eikenblad' </P>
<P>gewicht 4,5 gram</P>Condition report upon request",,250,750,,,,,,,1,2 cm,,True,False,"<P>Een antieke 19e-eeuwse geelgouden 14kt. vingerhoed voorzien van gestructureerde bovenzijde en afgewerkt met een verfijnde gravure op de rand, Nederlands gekeurd met 'eikenblad' </P>
<P>gewicht 4,5 gram</P>;<P>An antique 19th-century 14kt yellow gold thimble featuring a textured top and finished with a refined engraving on the rim, Dutch hallmarked with 'oak leaf' </P>

<P>weight 4.5 grams</P>;;Sieraden^;;1032;2 cm;jewellery^;", (-),https://lotimages.blob.core.windows.net/medusa/ae89663f-79ff-45fc-bda6-3c5341a793f1_TH.png,2,2026-09-07T16:45:02+00:00,2026-09-07T17:15:45+00:00,False,,0,0,250,1,250,1,,,,,,,0,0,2026-08-21T13:27:41.0977618+00:00
814833,medusa,MA-2026-4,140,Sieraden en Horloge's.,22298, 1033, ,1,"<P>Een antieke vijf- strengs&nbsp;granaten collier met 14kt geelgouden filligrain&nbsp;slot bezet met 15 zaadpareltjes, Nederlands gekeurd met 'eikenblad',</P>
<P>Gewicht 62 gram bruto (slot +/- 7 gram)</P>Condition report upon request",,500,1500,,,,,,,1,41 cm incl slot,,True,False,"<P>Een antieke vijf- strengs&nbsp;granaten collier met 14kt geelgouden filligrain&nbsp;slot bezet met 15 zaadpareltjes, Nederlands gekeurd met 'eikenblad',</P>
<P>Gewicht 62 gram bruto (slot +/- 7 gram)</P>;<P>An antique five-strand garnet necklace with a 14kt yellow gold filigree clasp set with 15 seed pearls, Dutch hallmarked with 'oak leaf',</P>

<P>Weight 62 grams gross (clasp +/- 7 grams)</P>;;Sieraden^;;1033;41 cm incl slot;jewellery^;", (-),https://lotimages.blob.core.windows.net/medusa/a8285c8c-90f1-4c06-9f0b-63313288ce24_TH.png,3,2026-09-07T16:45:02+00:00,2026-09-07T17:15:45+00:00,False,,0,0,500,1,500,1,,,,,,,0,0,2026-08-21T13:27:41.7047496+00:00
814834,medusa,MA-2026-4,140,Sieraden en Horloge's.,22299, 1034, ,1,"<P>Een antiek 3- strengs bloedkoraal collier met 14kt. geelgouden bloemvormig bakslot bezet met kleine koralen, Nederlands gekeurd met 'eikenblad' en 'XX' ,&nbsp;</P>
<P>Gewicht 59 gram bruto&nbsp;</P>Condition report upon request",,200,600,,,,,,,1,43 cm,,True,False,"<P>Een antiek 3- strengs bloedkoraal collier met 14kt. geelgouden bloemvormig bakslot bezet met kleine koralen, Nederlands gekeurd met 'eikenblad' en 'XX' ,&nbsp;</P>
<P>Gewicht 59 gram bruto&nbsp;</P>;<P>An antique 3-strand blood coral necklace with a 14kt yellow gold floral box clasp set with small corals, Dutch hallmarked with 'oak leaf' and 'XX',</P> ,</P>

<P>Weight 59 grams gross</P>;;Sieraden^;;1034;43 cm;jewellery^;", (-),https://lotimages.blob.core.windows.net/medusa/a36a74a3-6944-42da-85c0-e63ebb520ba1_TH.png,3,2026-09-07T16:45:02+00:00,2026-09-07T17:15:45+00:00,False,,0,0,200,1,200,1,,,,,,,0,0,2026-08-21T13:27:42.3269969+00:00
814835,medusa,MA-2026-4,140,Sieraden en Horloge's.,20261, 1035, ,1,"<P>Geelgouden pavéring,14kt &nbsp;bezet met circa 45 briljantgeslepen diamanten, gemerkt 585. </P>
<P>Gewicht: 4,2 gram.</P>Condition report upon request",,350,650,,,,,,,1,"16,5/52",,True,False,"<P>Geelgouden pavéring,14kt &nbsp;bezet met circa 45 briljantgeslepen diamanten, gemerkt 585. </P>
<P>Gewicht: 4,2 gram.</P>;<P>Yellow gold paver ring, 14kt set with approximately 45 brilliant-cut diamonds, marked 585. </P>

<P>Weight: 4.2 grams.</P>;;Sieraden^;;1035;16,5/52;jewellery^;", (-),https://lotimages.blob.core.windows.net/medusa/93ac3eba-5324-4feb-80ab-40babf2e7826_TH.png,3,2026-09-07T16:45:02+00:00,2026-09-07T17:15:45+00:00,False,,0,0,350,1,350,1,,,,,,,0,0,2026-08-21T13:27:43.046041+00:00
814836,medusa,MA-2026-4,140,Sieraden en Horloge's.,21631, 1036, ,1,Een vintage Philips quartz polshorloge.Condition report upon request,,50,100,,,,,,,1,,,True,False,Een vintage Philips quartz polshorloge.;Philips quartz wristwatch.;;Horloge's^;;1036;;Watches^;, (-),https://lotimages.blob.core.windows.net/medusa/28a34b47-4ada-427c-ae09-2a106a8237ca_TH.png,2,2026-09-07T16:45:02+00:00,2026-09-07T17:15:45+00:00,False,,0,0,50,1,50,1,,,,,,,0,0,2026-08-21T13:27:43.6627245+00:00
814837,medusa,MA-2026-4,140,Sieraden en Horloge's.,22078, 1037, ,1,"Een camee, bezet in 14kt geelgoud, Nederlands gekeurd,&nbsp;Totaalgewicht 5,6 gram.Condition report upon request",,100,200,,,,,,,1,4 cm,,True,False,"Een camee, bezet in 14kt geelgoud, Nederlands gekeurd,&nbsp;Totaalgewicht 5,6 gram.;A cameo, set in 14kt yellow gold, Dutch hallmarked, Total weight 5.6 grams.;;Sieraden^;;1037;4 cm;jewellery^;", (-),https://lotimages.blob.core.windows.net/medusa/dcf907d0-4d66-477c-8296-440b1abc21fd_TH.png,2,2026-09-07T16:45:02+00:00,2026-09-07T17:15:45+00:00,False,,0,0,100,1,100,1,,,,,,,0,0,2026-08-21T13:27:44.2763073+00:00
814838,medusa,MA-2026-4,140,Sieraden en Horloge's.,21349, 1038, ,1,"Wereldbol hanger&nbsp;met geelgouden hangoog, &nbsp;&nbsp;&nbsp;&nbsp;&nbsp;&nbsp;&nbsp;&nbsp;&nbsp;&nbsp;&nbsp;&nbsp;&nbsp;&nbsp;&nbsp;&nbsp;&nbsp;&nbsp;&nbsp;&nbsp;&nbsp;&nbsp;&nbsp;&nbsp; 3,5 gram.Condition report upon request",,20,40,,,,,,,1,2 cm,,True,False,"Wereldbol hanger&nbsp;met geelgouden hangoog, &nbsp;&nbsp;&nbsp;&nbsp;&nbsp;&nbsp;&nbsp;&nbsp;&nbsp;&nbsp;&nbsp;&nbsp;&nbsp;&nbsp;&nbsp;&nbsp;&nbsp;&nbsp;&nbsp;&nbsp;&nbsp;&nbsp;&nbsp;&nbsp; 3,5 gram.;Globe pendant with yellow gold bail, 3.5 grams.;;Sieraden^;;1038;2 cm;jewellery^;", (-),https://lotimages.blob.core.windows.net/medusa/90d43330-0939-4890-aa3b-8ae2e56ec016_TH.png,1,2026-09-07T16:45:02+00:00,2026-09-07T17:15:45+00:00,False,,0,0,20,1,20,1,,,,,,,0,0,2026-08-21T13:27:44.8916026+00:00
814839,medusa,MA-2026-4,140,Sieraden en Horloge's.,19395, 1039, ,1,"Lot van twee vintage damespolshorloges van de merken Incabloc en Prisma, met vergulde kast en stoffen band. Diam kast 180 &amp; 200 mm.Condition report upon request",,20,40,,,,,,,2,,,True,False,"Lot van twee vintage damespolshorloges van de merken Incabloc en Prisma, met vergulde kast en stoffen band. Diam kast 180 &amp; 200 mm.;Lot of two vintage women's wristwatches from the brands Incabloc and Prisma, with gold-plated cases and fabric straps. Case diameters: 180 and 200 mm.;;Horloge's^;;1039;;Watches^;", (-),https://lotimages.blob.core.windows.net/medusa/d6efab5c-8cb7-498d-84d3-f36b04c2d30c_TH.png,3,2026-09-07T16:45:02+00:00,2026-09-07T17:15:45+00:00,False,,0,0,20,1,20,1,,,,,,,0,0,2026-08-21T13:27:45.5216708+00:00
814840,medusa,MA-2026-4,140,Sieraden en Horloge's.,22361, 1040, ,1,"<P>Een vintage 14kt. geelgouden hanger met een handgeschilderd portret van dame op&nbsp;emaille, gevat in sierlijke ovale omlijsting, Nederlands gekeurd,</P>
<P>Gewicht 4,1 gram</P>Condition report upon request",,100,300,,,,,,,1,"2,5 cm",,True,False,"<P>Een vintage 14kt. geelgouden hanger met een handgeschilderd portret van dame op&nbsp;emaille, gevat in sierlijke ovale omlijsting, Nederlands gekeurd,</P>
<P>Gewicht 4,1 gram</P>;<P>A vintage 14kt. yellow gold pendant with a hand-painted portrait of a lady in enamel, set in an elegant oval frame, Dutch hallmarked,</P>

<P>Weight 4.1 grams</P>;;Sieraden^;;1040;2,5 cm;jewellery^;", (-),https://lotimages.blob.core.windows.net/medusa/6a85f01f-ea63-4750-8b79-608ac4a59fdf_TH.png,2,2026-09-07T16:45:02+00:00,2026-09-07T17:15:45+00:00,False,,0,0,100,1,100,1,,,,,,,0,0,2026-08-21T13:27:46.1174123+00:00
814841,medusa,MA-2026-4,140,Sieraden en Horloge's.,22362, 1041, ,1,"<P>Een geelgouden 14 kt. herenring bezet met diamantje, Nederlands gekeurd,( met inscriptie)</P>
<P>Gewicht 3,7 gram</P>Condition report upon request",,150,300,,,,,,,1,19/60,,True,False,"<P>Een geelgouden 14 kt. herenring bezet met diamantje, Nederlands gekeurd,( met inscriptie)</P>
<P>Gewicht 3,7 gram</P>;<P>A 14 kt yellow gold men's ring set with a small diamond, Dutch hallmarked,( with inscription)</P>

<P>Weight 3.7 grams</P>;;Sieraden^;;1041;19/60;jewellery^;", (-),https://lotimages.blob.core.windows.net/medusa/ce3ae96f-cf33-4bb6-b353-f53b858ea0b6_TH.png,2,2026-09-07T16:45:02+00:00,2026-09-07T17:15:45+00:00,False,,0,0,150,1,150,1,,,,,,,0,0,2026-08-21T13:27:46.8327057+00:00
814842,medusa,MA-2026-4,140,Sieraden en Horloge's.,22363, 1042, ,1,"<P>Een geelgouden 18 kt. damesring met&nbsp;6 kleine diamantjes, Nederlands gekeurd,</P>
<P>Gewicht 2 gram.</P>Condition report upon request",,100,200,,,,,,,1,"18,5/58",,True,False,"<P>Een geelgouden 18 kt. damesring met&nbsp;6 kleine diamantjes, Nederlands gekeurd,</P>
<P>Gewicht 2 gram.</P>;<P>A yellow gold 18 kt. ladies' ring with 6 small diamonds, Dutch hallmarked,</P>

<P>Weight 2 grams.</P>;;Sieraden^;;1042;18,5/58;jewellery^;", (-),https://lotimages.blob.core.windows.net/medusa/9c5f3657-97bd-4680-9168-69a3094ecea5_TH.png,2,2026-09-07T16:45:02+00:00,2026-09-07T17:15:45+00:00,False,,0,0,100,1,100,1,,,,,,,0,0,2026-08-21T13:27:47.4713787+00:00
814843,medusa,MA-2026-4,140,Sieraden en Horloge's.,22399, 1043, ,1,"<P>Een 14 karaats gouden ring, bezet met natuurlijke beril (smaragd) &nbsp;van in totaal circa 7,55 ct. Met IGI-certificaat.</P>
<P>&nbsp;Totaalgewicht 3,96 gram.</P>Condition report upon request",,500,1000,,,,,,,1,"17,5/55",,True,False,"<P>Een 14 karaats gouden ring, bezet met natuurlijke beril (smaragd) &nbsp;van in totaal circa 7,55 ct. Met IGI-certificaat.</P>
<P>&nbsp;Totaalgewicht 3,96 gram.</P>;<P>A 14-carat gold ring, set with natural beryl (emerald) totaling approximately 7.55 ct. With IGI certificate.</P>

<P>Total weight 3.96 grams.</P>;;Sieraden^;;1043;17,5/55;jewellery^;", (-),https://lotimages.blob.core.windows.net/medusa/1a4c7939-e0f4-4df2-9277-12a6c3b6240d_TH.png,4,2026-09-07T16:45:02+00:00,2026-09-07T17:15:45+00:00,False,,0,0,500,1,500,1,,,,,,,0,0,2026-08-21T13:27:48.0825039+00:00
814844,medusa,MA-2026-4,140,Sieraden en Horloge's.,22529, 1044, ,1,"Een 14 karaats geelgouden zakhorloge, voorzien van secondewijzer en geëmailleerde wijzerplaat. Gemerkt ‘Système Glashütte’. Totaalgewicht 76,2 gram. Condition report upon request",,300,600,,,,,,,1,Diam. 7 cm.,,True,False,"Een 14 karaats geelgouden zakhorloge, voorzien van secondewijzer en geëmailleerde wijzerplaat. Gemerkt ‘Système Glashütte’. Totaalgewicht 76,2 gram. ;A 14-carat yellow gold pocket watch, fitted with a seconds hand and an enameled dial. Marked ‘Système Glashütte’. Total weight 76.2 grams.;;Beelden^;Zakhorloges^;;1044;Diam. 7 cm.;Sculptures^;Pocket watches^;", (-),https://lotimages.blob.core.windows.net/medusa/91af1602-76f0-4965-a93c-d4c9c00053f1_TH.png,3,2026-09-07T16:45:02+00:00,2026-09-07T17:15:45+00:00,False,,0,0,300,1,300,1,,,,,,,0,0,2026-08-21T13:27:48.6888122+00:00
814845,medusa,MA-2026-4,140,Sieraden en Horloge's.,22531, 1045, ,1,"Een 18 karaats geelgouden polshorloge, voorzien van een vergulde band. Het uurwerk gemerkt ‘Exactus, 15 Rubis’. Het horloge werd uitgereikt aan Willem Blaas, werkzaam bij De Gruyter, ter gelegenheid van zijn 25-jarig jubileum. Totaalgewicht 49 gram.Condition report upon request",,400,800,,,,,,,1,"Dima. 3,5 cm.",,True,False,"Een 18 karaats geelgouden polshorloge, voorzien van een vergulde band. Het uurwerk gemerkt ‘Exactus, 15 Rubis’. Het horloge werd uitgereikt aan Willem Blaas, werkzaam bij De Gruyter, ter gelegenheid van zijn 25-jarig jubileum. Totaalgewicht 49 gram.;An 18-carat yellow gold wristwatch with a gold-plated strap. The movement is marked ‘Exactus, 15 Rubis’. The watch was presented to Willem Blaas, an employee of De Gruyter, on the occasion of his 25th anniversary. Total weight 49 grams.;;Sieraden^;;1045;Dima. 3,5 cm.;jewellery^;", (-),https://lotimages.blob.core.windows.net/medusa/ceee154e-70d0-4551-8529-d6a4b485e5d8_TH.png,3,2026-09-07T16:45:02+00:00,2026-09-07T17:15:45+00:00,False,,0,0,400,1,400,1,,,,,,,0,0,2026-08-21T13:27:49.2910191+00:00
814846,medusa,MA-2026-4,140,Sieraden en Horloge's.,22534, 1046, ,1,"Een verzameling van drie paar oorstekers, waarvan twee paar bezet met parels, één paar bezet met briljantjes en twee paar uitgevoerd in tricolor goud. Alle vervaardigd in 14 karaat goud. Totaalgewicht 2,3 gram. Condition report upon request",,100,200,,,,,,,3,,,True,False,"Een verzameling van drie paar oorstekers, waarvan twee paar bezet met parels, één paar bezet met briljantjes en twee paar uitgevoerd in tricolor goud. Alle vervaardigd in 14 karaat goud. Totaalgewicht 2,3 gram. ;A collection of three pairs of stud earrings, two pairs set with pearls, one pair set with diamonds, and two pairs made of tricolor gold. All crafted in 14-carat gold. Total weight 2.3 grams.;;Sieraden^;;1046;;jewellery^;", (-),https://lotimages.blob.core.windows.net/medusa/7d8e553b-eeb5-499d-a7b4-07d3ac4b5f79_TH.png,2,2026-09-07T16:45:02+00:00,2026-09-07T17:15:45+00:00,False,,0,0,100,1,100,1,,,,,,,0,0,2026-08-21T13:27:49.9045408+00:00
814847,medusa,MA-2026-4,140,Sieraden en Horloge's.,22535, 1047, ,1,"<P>Een 14 karaats geelgouden hanger in de vorm van een jongenshoofd, gegraveerd aan de achterzijde. </P>
<P>Totaalgewicht 2,5 gram.</P>Condition report upon request",,100,200,,,,,,,1,2 cm,,True,False,"<P>Een 14 karaats geelgouden hanger in de vorm van een jongenshoofd, gegraveerd aan de achterzijde. </P>
<P>Totaalgewicht 2,5 gram.</P>;<P>A 14-carat yellow gold pendant in the shape of a boy's head, engraved on the back. </P>

<P>Total weight 2.5 grams.</P>;;Sieraden^;;1047;2 cm;jewellery^;", (-),https://lotimages.blob.core.windows.net/medusa/d46727bc-959a-41a3-b718-dbc720bc7911_TH.png,2,2026-09-07T16:45:02+00:00,2026-09-07T17:15:45+00:00,False,,0,0,100,1,100,1,,,,,,,0,0,2026-08-21T13:27:50.5233015+00:00
814848,medusa,MA-2026-4,140,Sieraden en Horloge's.,22536, 1048, ,1,"<P>Een 14 kt. geelgouden hanger, bezet met een ovale facet geslepen&nbsp;kunziet.</P>
<P>&nbsp;Totaalgewicht 3,3 gram.</P>Condition report upon request",,100,200,,,,,,,1,"3 x 1,5 cm.",,True,False,"<P>Een 14 kt. geelgouden hanger, bezet met een ovale facet geslepen&nbsp;kunziet.</P>
<P>&nbsp;Totaalgewicht 3,3 gram.</P>;<P>A 14 kt. yellow gold pendant, set with an oval faceted kunzite.</P>

<P>Total weight 3.3 grams.</P>;;Sieraden^;;1048;3 x 1,5 cm.;jewellery^;", (-),https://lotimages.blob.core.windows.net/medusa/bc9d6298-e8d6-40de-b881-c312cea170f3_TH.png,2,2026-09-07T16:45:02+00:00,2026-09-07T17:15:45+00:00,False,,0,0,100,1,100,1,,,,,,,0,0,2026-08-21T13:27:51.137586+00:00
814849,medusa,MA-2026-4,140,Sieraden en Horloge's.,22608, 1049, ,1,"<P>Een geelgouden 14kt klavertjevier ring bezet met 4 kleine diamanten(?) un ruitvorming chatonzetting.</P>
<P>&nbsp;gewicht 2,1 gram.</P>Condition report upon request",,100,300,,,,,,,1,"19,5/61",,True,False,"<P>Een geelgouden 14kt klavertjevier ring bezet met 4 kleine diamanten(?) un ruitvorming chatonzetting.</P>
<P>&nbsp;gewicht 2,1 gram.</P>;<P>A 14kt yellow gold four-leaf clover ring set with 4 small diamonds(?) in a diamond-shaped bezel setting.</P>

<P>Weight 2.1 grams.</P>;;Sieraden^;;1049;19,5/61;jewellery^;", (-),https://lotimages.blob.core.windows.net/medusa/b19882be-53c7-4b55-bd53-78001576f741_TH.png,2,2026-09-07T16:45:02+00:00,2026-09-07T17:15:45+00:00,False,,0,0,100,1,100,1,,,,,,,0,0,2026-08-21T13:27:51.8774643+00:00
814850,medusa,MA-2026-4,140,Sieraden en Horloge's.,22609, 1050, ,1,"<P>Een klassieke geelgouden 14kt 'trilogie' ring&nbsp;met 3 &nbsp;briljant geslepen diamanten in gladde chaton-zetting. (inscpriptie in ring)</P>
<P>gewicht&nbsp;6,4 gram.</P>Condition report upon request",,300,600,,,,,,,1,19/60,,True,False,"<P>Een klassieke geelgouden 14kt 'trilogie' ring&nbsp;met 3 &nbsp;briljant geslepen diamanten in gladde chaton-zetting. (inscpriptie in ring)</P>
<P>gewicht&nbsp;6,4 gram.</P>;<P>A classic 14kt yellow gold 'trilogy' ring with 3 brilliant-cut diamonds in a smooth chaton setting. (inscription in ring)</P>

<P>Weight 6.4 grams.</P>;;Sieraden^;;1050;19/60;jewellery^;", (-),https://lotimages.blob.core.windows.net/medusa/ded1c8b3-bd51-43f1-9767-f71d9234fd92_TH.png,2,2026-09-07T16:45:02+00:00,2026-09-07T17:15:45+00:00,False,,0,0,300,1,300,1,,,,,,,0,0,2026-08-21T13:27:52.6153611+00:00
814851,medusa,MA-2026-4,140,Sieraden en Horloge's.,22639, 1051, ,1,"<P>Antieke 5-strengs bloedkoralen collier met fijn bewerkte, bloemvormig&nbsp;14kt. gouden slot met gouden zijstukken. Nederlands gekeurd met 'Eikenblad'.</P>
<P>Gewicht 86 gram</P>Condition report upon request",,800,1600,,,,,,,1,40 cm,,True,False,"<P>Antieke 5-strengs bloedkoralen collier met fijn bewerkte, bloemvormig&nbsp;14kt. gouden slot met gouden zijstukken. Nederlands gekeurd met 'Eikenblad'.</P>
<P>Gewicht 86 gram</P>;<P>Antique 5-strand blood coral necklace with a finely crafted, flower-shaped 14kt gold clasp with gold side pieces. Dutch hallmarked with 'Oak Leaf'.</P>

<P>Weight 86 grams</P>;;Sieraden^;;1051;40 cm;jewellery^;", (-),https://lotimages.blob.core.windows.net/medusa/ce7f01b5-8f5b-47f9-84bc-b785aa97626e_TH.png,3,2026-09-07T16:45:02+00:00,2026-09-07T17:15:45+00:00,False,,0,0,800,1,800,1,,,,,,,0,0,2026-08-21T13:27:53.2765236+00:00
814852,medusa,MA-2026-4,140,Sieraden en Horloge's.,22640, 1052, ,1,"<P>Een witgouden, 14kt. collier met open hart-hanger, rondom bezet met kleine diamanten, Nederlands gekeurd '585'</P>
<P>Gewicht 4,7 gram</P>Condition report upon request",,400,800,,,,,,,1,"hart 1,5 cm - collier 37 cm",,True,False,"<P>Een witgouden, 14kt. collier met open hart-hanger, rondom bezet met kleine diamanten, Nederlands gekeurd '585'</P>
<P>Gewicht 4,7 gram</P>;<P>A white gold, 14kt. necklace with an open heart pendant, set all around with small diamonds, Dutch hallmarked '585'</P>

<P>Weight 4.7 grams</P>;;Sieraden^;;1052;hart 1,5 cm - collier 37 cm;jewellery^;", (-),https://lotimages.blob.core.windows.net/medusa/08603133-1169-4a7f-b6aa-aba534e82fe8_TH.png,2,2026-09-07T16:45:02+00:00,2026-09-07T17:15:45+00:00,False,,0,0,400,1,400,1,,,,,,,0,0,2026-08-21T13:27:53.8710144+00:00
814853,medusa,MA-2026-4,140,Sieraden en Horloge's.,22641, 1053, ,1,"<P>Antieke 4-strengs bloedkoralen armband met fijn gegraveerd&nbsp;geelgouden slot 14kt. bezet met één cabocon geslepen bloedkoraal en veiligheidsketting, Nederlands gekeurd met 'Eikenblad'</P>
<P>Gewicht 24 gram</P>Condition report upon request",,300,600,,,,,,,1,20 cm,,True,False,"<P>Antieke 4-strengs bloedkoralen armband met fijn gegraveerd&nbsp;geelgouden slot 14kt. bezet met één cabocon geslepen bloedkoraal en veiligheidsketting, Nederlands gekeurd met 'Eikenblad'</P>
<P>Gewicht 24 gram</P>;<P>Antique 4-strand blood coral bracelet with finely engraved 14kt yellow gold clasp, set with a single cabocon-cut blood coral and safety chain, Dutch hallmarked with 'Oak Leaf'</P>

<P>Weight 24 grams</P>;;Sieraden^;;1053;20 cm;jewellery^;", (-),https://lotimages.blob.core.windows.net/medusa/bee11e2c-8449-42c3-9568-a0e318a0f743_TH.png,3,2026-09-07T16:45:02+00:00,2026-09-07T17:15:45+00:00,False,,0,0,300,1,300,1,,,,,,,0,0,2026-08-21T13:27:54.5124201+00:00
814854,medusa,MA-2026-4,140,Sieraden en Horloge's.,22642, 1054, ,1,"<P>Een vintage 14kt.&nbsp;geelgouden ring met een grote ovaal gefacetteerde granaat gezet in sierlijk bewerkte schulprand, Nederlands gekeurd met 'Eikenblad'</P>
<P>gewicht 7,1 gram</P>
<P>&nbsp;</P>Condition report upon request",,200,400,,,,,,,1,18/57,,True,False,"<P>Een vintage 14kt.&nbsp;geelgouden ring met een grote ovaal gefacetteerde granaat gezet in sierlijk bewerkte schulprand, Nederlands gekeurd met 'Eikenblad'</P>
<P>gewicht 7,1 gram</P>
<P>&nbsp;</P>;<P>A vintage 14kt yellow gold ring with a large oval faceted garnet set in an elegantly worked scalloped edge, Dutch hallmarked with 'Oak Leaf'</P>

<P>weight 7.1 grams</P>

<P></P>;;Sieraden^;;1054;18/57;jewellery^;", (-),https://lotimages.blob.core.windows.net/medusa/587f453e-20e9-473f-b58c-171704abfaf5_TH.png,4,2026-09-07T16:45:02+00:00,2026-09-07T17:15:45+00:00,False,,0,0,200,1,200,1,,,,,,,0,0,2026-08-21T13:27:55.1345026+00:00
814855,medusa,MA-2026-4,140,Sieraden en Horloge's.,22643, 1055, ,1,"<P>Een vintage 14kt. geelgouden fijn gegraveerde&nbsp;entourage-ring bezet met ovale cabochon&nbsp;bloedkoraal met daar omheen tien kleine ronde bloedkoralen, Nederlands gekeurd met 'Eikenblad'</P>
<P>Gewicht 6 gram</P>Condition report upon request",,200,400,,,,,,,1,"17,8/55",,True,False,"<P>Een vintage 14kt. geelgouden fijn gegraveerde&nbsp;entourage-ring bezet met ovale cabochon&nbsp;bloedkoraal met daar omheen tien kleine ronde bloedkoralen, Nederlands gekeurd met 'Eikenblad'</P>
<P>Gewicht 6 gram</P>;<P>A vintage 14kt. yellow gold finely engraved entourage ring set with an oval cabochon blood coral surrounded by ten small round blood corals, Dutch hallmarked 'Oak Leaf'</P>

<P>Weight 6 grams</P>;;Sieraden^;;1055;17,8/55;jewellery^;", (-),https://lotimages.blob.core.windows.net/medusa/899a5f50-0dc4-490a-af40-3c5dba6b519f_TH.png,3,2026-09-07T16:45:02+00:00,2026-09-07T17:15:45+00:00,False,,0,0,200,1,200,1,,,,,,,0,0,2026-08-21T13:27:55.7368082+00:00
814856,medusa,MA-2026-4,140,Sieraden en Horloge's.,22644, 1056, ,1,"<P>Een vintage 14kt. geelgouden cocktailring&nbsp;bezet&nbsp;met een cluster van cabochon geslepen&nbsp;bloedkoraalsteentjes met een gestileerde gouden rand, Nederlands gekeurd '585', </P>
<P>Gewicht 4,2 gram</P>Condition report upon request",,200,400,,,,,,,1,"18,2 / 58",,True,False,"<P>Een vintage 14kt. geelgouden cocktailring&nbsp;bezet&nbsp;met een cluster van cabochon geslepen&nbsp;bloedkoraalsteentjes met een gestileerde gouden rand, Nederlands gekeurd '585', </P>
<P>Gewicht 4,2 gram</P>;<P>A vintage 14kt. yellow gold cocktail ring set with a cluster of cabochon-cut blood coral stones with a stylized gold edge, Dutch hallmarked '585', </P>

<P>Weight 4.2 grams</P>;;Sieraden^;;1056;18,2 / 58;jewellery^;", (-),https://lotimages.blob.core.windows.net/medusa/370d327c-a714-4b19-963e-eafe64dc37de_TH.png,4,2026-09-07T16:45:02+00:00,2026-09-07T17:15:45+00:00,False,,0,0,200,1,200,1,,,,,,,0,0,2026-08-21T13:27:56.3865338+00:00
814857,medusa,MA-2026-4,140,Sieraden en Horloge's.,22648, 1057, ,1,"Een lot diverse zilveren sieraden, bestaande uit onder andere een ring, een dasspeld en een armband. 110 gram.Condition report upon request",,80,100,,,,,,,1,,,True,False,"Een lot diverse zilveren sieraden, bestaande uit onder andere een ring, een dasspeld en een armband. 110 gram.;A lot of various silver jewelry, consisting of, among other things, a ring, a tie clip, and a bracelet. 110 grams.;;zilver^;;1057;;Silver^;", (-),https://lotimages.blob.core.windows.net/medusa/42ffff22-f2d4-4dd6-9dfb-b8c96d4d16cc_TH.png,1,2026-09-07T16:45:02+00:00,2026-09-07T17:15:45+00:00,False,,0,0,80,1,80,1,,,,,,,0,0,2026-08-21T13:27:57.0915239+00:00
814858,medusa,MA-2026-4,140,Sieraden en Horloge's.,22649, 1058, ,1,"Een lot diverse dasspelden en manchetknopen, uitgevoerd in verschillende modellen en materialen.Condition report upon request",,30,60,,,,,,,1,,,True,False,"Een lot diverse dasspelden en manchetknopen, uitgevoerd in verschillende modellen en materialen.;A lot of various tie clips and cufflinks, executed in different models and materials.;;Sieraden^;;1058;;jewellery^;", (-),https://lotimages.blob.core.windows.net/medusa/e135a560-baa3-4cef-b37f-beb1278c7b71_TH.png,1,2026-09-07T16:45:02+00:00,2026-09-07T17:15:45+00:00,False,,0,0,30,1,30,1,,,,,,,0,0,2026-08-21T13:27:57.7296458+00:00
