LotUUID,LotNo,StockNo,AuctionUUID,AuctionNo,AuctionTitle,Category,Title,ShortDescription,Description,Status,Currency,LowEstimate,HighEstimate,StartPrice,Reserve,BuyNowPrice,Quantity,NumOfBids,LastBidAmount,WinningBidAmount,IsStarted,StartDate,EndDate,ImageURLs,NrOfImages,DynamicFields
f9a2b1e5-9dc4-4ca0-b502-498eac888da8,10001,26-0528/56,67d3691b-0d4a-4615-9e5c-fbf4dfd989e8,723,Vendue Next Door Part 2 Premium | september,Premium schilderijen,De Boompjes in Rotterdam,"Carl Eduard Ahrendts (1822-1898), De Boompjes in Rotterdam","<h3>Painter / Artist / School</h3>Carl Eduard Ahrendts (1822-1898)<h3>Technique / Size</h3>olieverf op paneel, 16x21 cm (20x26 cm incl. lijst)<h3>Signature / Dating</h3>gesigneerd 'CE Ahrendts' (linksonder)",published,EUR,400.0,600.0,200.0,200.0,,1,9,350.0,350.0,True,"Mon, 31 Aug 2026 08:00:00 GMT","Tue, 08 Sep 2026 17:03:00 GMT",https://media.app.artisio.co/media/3fc437c0-fdbb-4208-955a-90293eab416d/inventory/e4b2e329-d8fb-4465-8610-f0fdf6ad3a4d/913a2261-cc15-4e15-831c-bae8922e1de4/0001_EPkOcp_sm.jpeg;https://media.app.artisio.co/media/3fc437c0-fdbb-4208-955a-90293eab416d/inventory/e4b2e329-d8fb-4465-8610-f0fdf6ad3a4d/28a8dc48-fc0f-4b24-8957-33d0da29c9e8/0002_NEwDcf_sm.jpeg,2,"{""artist_retail_right"": false, ""comments"": null, ""condition"": null, ""condition_report"": null, ""dimensions"": null, ""extra_text"": null, ""footnote"": null, ""header"": null, ""internal_reference"": null, ""keurkamer"": false, ""literature"": null, ""origin_exhibition_lite"": null, ""painter_artist_school"": ""Carl Eduard Ahrendts (1822-1898)"", ""period"": null, ""signature_dating"": ""gesigneerd 'CE Ahrendts' (linksonder)"", ""technique_size"": ""olieverf op paneel, 16x21 cm (20x26 cm incl. lijst)"", ""title"": ""De Boompjes in Rotterdam"", ""total"": null, ""weight_size_quality"": null}"
ae6a2dfc-d4e9-4968-86d8-6ef3feffd0dc,10002,26-0528/57,67d3691b-0d4a-4615-9e5c-fbf4dfd989e8,723,Vendue Next Door Part 2 Premium | september,Premium schilderijen,Chinese kom met tegeltje en vlinders,"Lux Buurman (1948), Chinese kom met tegeltje en vlinders","<h3>Painter / Artist / School</h3>Lux Buurman (1948)<h3>Technique / Size</h3>tempera op paneel, 25x14,5 cm (28,5x18,5 cm incl. lijst)<h3>Signature / Dating</h3>gesigneerd en gedateerd 'Lux/1985' (rechtsonder)",published,EUR,300.0,400.0,100.0,100.0,,1,0,,,True,"Mon, 31 Aug 2026 08:00:00 GMT","Tue, 08 Sep 2026 17:03:00 GMT",https://media.app.artisio.co/media/3fc437c0-fdbb-4208-955a-90293eab416d/inventory/7d51dcea-162c-496b-b05d-3139e7c05575/6a3c53dd-3b43-4c93-95f7-f0818991671e/0001_CueOgT_sm.jpeg;https://media.app.artisio.co/media/3fc437c0-fdbb-4208-955a-90293eab416d/inventory/7d51dcea-162c-496b-b05d-3139e7c05575/d45097e8-abd0-43bb-a428-502e88504079/0002_PwANBr_sm.jpeg,2,"{""artist_retail_right"": false, ""comments"": null, ""condition"": null, ""condition_report"": null, ""dimensions"": null, ""extra_text"": null, ""footnote"": null, ""header"": null, ""internal_reference"": null, ""keurkamer"": false, ""literature"": null, ""origin_exhibition_lite"": null, ""painter_artist_school"": ""Lux Buurman (1948)"", ""period"": null, ""signature_dating"": ""gesigneerd en gedateerd 'Lux/1985' (rechtsonder)"", ""technique_size"": ""tempera op paneel, 25x14,5 cm (28,5x18,5 cm incl. lijst)"", ""title"": ""Chinese kom met tegeltje en vlinders"", ""total"": null, ""weight_size_quality"": null}"
664a67c3-bac9-403f-ae25-60dfb0db8881,10003,26-0528/59,67d3691b-0d4a-4615-9e5c-fbf4dfd989e8,723,Vendue Next Door Part 2 Premium | september,Premium schilderijen,'Vrouw aan tafel'; Clowns,"Hermanus Berserik (1921-2002) (2x), 'Vrouw aan tafel'; Clowns","<h3>Painter / Artist / School</h3>Hermanus Berserik (1921-2002) (2x)<h3>Technique / Size</h3>I. pen op papier, 13,5x13,5 cm (25,5x25,5 cm incl. lijst); II. lithografie, 21x33 cm (33,5x45,5 cm incl. lijst)<h3>Signature / Dating</h3>I. gesigneerd en gedateerd 'Berserik 1971/23 mei' (bovenaan), getiteld (op een handgeschreven label op de achterzijde); II. gesigneerd en genummerd in potlood '18/40 Berserik eigendruk' (onderaan)",published,EUR,300.0,400.0,100.0,100.0,,1,0,,,True,"Mon, 31 Aug 2026 08:00:00 GMT","Tue, 08 Sep 2026 17:03:00 GMT",https://media.app.artisio.co/media/3fc437c0-fdbb-4208-955a-90293eab416d/inventory/0f666fbc-88a7-4096-bbeb-ccd93dd1fedf/3d1ff942-3a71-4452-9eeb-82f03d6d0aad/0001_vQYiRD_sm.jpeg;https://media.app.artisio.co/media/3fc437c0-fdbb-4208-955a-90293eab416d/inventory/0f666fbc-88a7-4096-bbeb-ccd93dd1fedf/6efcf302-68c2-432b-969e-848f4195263a/0002_ABlmSP_sm.jpeg;https://media.app.artisio.co/media/3fc437c0-fdbb-4208-955a-90293eab416d/inventory/0f666fbc-88a7-4096-bbeb-ccd93dd1fedf/851968bf-c95f-4789-8acc-f27d5054fd3a/0003_xMqCCC_sm.jpeg,3,"{""artist_retail_right"": false, ""comments"": null, ""condition"": null, ""condition_report"": null, ""dimensions"": null, ""extra_text"": null, ""footnote"": null, ""header"": null, ""internal_reference"": null, ""keurkamer"": false, ""literature"": null, ""origin_exhibition_lite"": null, ""painter_artist_school"": ""Hermanus Berserik (1921-2002) (2x)"", ""period"": null, ""signature_dating"": ""I. gesigneerd en gedateerd 'Berserik 1971/23 mei' (bovenaan), getiteld (op een handgeschreven label op de achterzijde); II. gesigneerd en genummerd in potlood '18/40 Berserik eigendruk' (onderaan)"", ""technique_size"": ""I. pen op papier, 13,5x13,5 cm (25,5x25,5 cm incl. lijst); II. lithografie, 21x33 cm (33,5x45,5 cm incl. lijst)"", ""title"": ""'Vrouw aan tafel'; Clowns"", ""total"": null, ""weight_size_quality"": null}"
4a368f30-505b-4b53-9288-87ffe51ae729,10004,26-0528/62,67d3691b-0d4a-4615-9e5c-fbf4dfd989e8,723,Vendue Next Door Part 2 Premium | september,Premium schilderijen,Terugkomst van de verloren zoon,"Charles Dufresne (1876-1938), Terugkomst van de verloren zoon","<h3>Painter / Artist / School</h3>Charles Dufresne (1876-1938)<h3>Technique / Size</h3>inkt en gouache op papier, 16x27,5 cm (28,5x40 cm incl. lijst)<h3>Signature / Dating</h3>gesigneerd 'dufresne' (rechtsonder)",published,EUR,500.0,700.0,300.0,300.0,,1,1,300.0,300.0,True,"Mon, 31 Aug 2026 08:00:00 GMT","Tue, 08 Sep 2026 17:03:00 GMT",https://media.app.artisio.co/media/3fc437c0-fdbb-4208-955a-90293eab416d/inventory/138cdbc2-9423-4311-955f-97591b759f7a/8cc3b588-09ee-4b69-b43f-e38792bdf060/0001_nXSNfI_sm.jpeg;https://media.app.artisio.co/media/3fc437c0-fdbb-4208-955a-90293eab416d/inventory/138cdbc2-9423-4311-955f-97591b759f7a/269d7156-1711-4269-8dc6-e2f290680120/0002_ZugYfO_sm.jpeg,2,"{""artist_retail_right"": false, ""comments"": null, ""condition"": null, ""condition_report"": null, ""dimensions"": null, ""extra_text"": null, ""footnote"": null, ""header"": null, ""internal_reference"": null, ""keurkamer"": false, ""literature"": null, ""origin_exhibition_lite"": null, ""painter_artist_school"": ""Charles Dufresne (1876-1938)"", ""period"": null, ""signature_dating"": ""gesigneerd 'dufresne' (rechtsonder)"", ""technique_size"": ""inkt en gouache op papier, 16x27,5 cm (28,5x40 cm incl. lijst)"", ""title"": ""Terugkomst van de verloren zoon"", ""total"": null, ""weight_size_quality"": null}"
e00cc96b-ea4b-4c9c-8ada-1619c8f84c1a,10005,26-0528/63,67d3691b-0d4a-4615-9e5c-fbf4dfd989e8,723,Vendue Next Door Part 2 Premium | september,Premium schilderijen,Mannen aan tafel,"Giuseppe Bernardino Bison (1762-1844), Mannen aan tafel","<h3>Painter / Artist / School</h3>Giuseppe Bernardino Bison (1762-1844)<h3>Technique / Size</h3>pen, gewassen inkt en aquarel op papier, 15x16,5 cm (28x26 cm incl. lijst)<h3>Signature / Dating</h3>gesigneerd 'Bison' (rechtsonder)",published,EUR,300.0,400.0,100.0,100.0,,1,1,100.0,100.0,True,"Mon, 31 Aug 2026 08:00:00 GMT","Tue, 08 Sep 2026 17:03:00 GMT",https://media.app.artisio.co/media/3fc437c0-fdbb-4208-955a-90293eab416d/inventory/646ef2bd-d2aa-491c-aae2-8e3b87b41f6d/7d0ab678-fd9c-47b9-a6c4-8b4ebdb3dfd2/0001_AuFhRx_sm.jpeg;https://media.app.artisio.co/media/3fc437c0-fdbb-4208-955a-90293eab416d/inventory/646ef2bd-d2aa-491c-aae2-8e3b87b41f6d/8d5c896b-9b16-41ee-bb4f-e42e3f88bf34/0002_BwJSbo_sm.jpeg,2,"{""artist_retail_right"": false, ""comments"": null, ""condition"": null, ""condition_report"": null, ""dimensions"": null, ""extra_text"": null, ""footnote"": null, ""header"": null, ""internal_reference"": null, ""keurkamer"": false, ""literature"": null, ""origin_exhibition_lite"": null, ""painter_artist_school"": ""Giuseppe Bernardino Bison (1762-1844)"", ""period"": null, ""signature_dating"": ""gesigneerd 'Bison' (rechtsonder)"", ""technique_size"": ""pen, gewassen inkt en aquarel op papier, 15x16,5 cm (28x26 cm incl. lijst)"", ""title"": ""Mannen aan tafel"", ""total"": null, ""weight_size_quality"": null}"
6b61d758-e5ef-4557-a661-b0dd10634fbb,10006,26-0528/61,67d3691b-0d4a-4615-9e5c-fbf4dfd989e8,723,Vendue Next Door Part 2 Premium | september,Premium schilderijen,Zonder titel,"Co Westerik (1924-2018) (2x), Zonder titel","<h3>Painter / Artist / School</h3>Co Westerik (1924-2018) (2x)<h3>Technique / Size</h3>beide ets, 8,5x10 cm (22x22 cm incl. lijst); 21x26,5 cm (34x39 cm incl. lijst)<h3>Signature / Dating</h3>waarvan één gesigneerd, gedateerd en genummerd in potlood 'Westerik 1957 HC.' (onderaan)",published,EUR,400.0,600.0,200.0,200.0,,1,0,,,True,"Mon, 31 Aug 2026 08:00:00 GMT","Tue, 08 Sep 2026 17:03:00 GMT",https://media.app.artisio.co/media/3fc437c0-fdbb-4208-955a-90293eab416d/inventory/9db28ed9-6f6a-4d37-8bfb-844cb86550fd/ce3f04c0-fe32-4b2f-a91d-9c686c0a4ba5/0001_wASrjg_sm.jpeg;https://media.app.artisio.co/media/3fc437c0-fdbb-4208-955a-90293eab416d/inventory/9db28ed9-6f6a-4d37-8bfb-844cb86550fd/7bf79ed5-096c-4a8a-8a70-86405c4c68ae/0002_vSDVFb_sm.jpeg;https://media.app.artisio.co/media/3fc437c0-fdbb-4208-955a-90293eab416d/inventory/9db28ed9-6f6a-4d37-8bfb-844cb86550fd/b832296c-fe0d-45d2-985c-31081af06fd8/0003_zqiDej_sm.jpeg,3,"{""artist_retail_right"": false, ""comments"": null, ""condition"": null, ""condition_report"": null, ""dimensions"": null, ""extra_text"": null, ""footnote"": null, ""header"": null, ""internal_reference"": null, ""keurkamer"": false, ""literature"": null, ""origin_exhibition_lite"": null, ""painter_artist_school"": ""Co Westerik (1924-2018) (2x)"", ""period"": null, ""signature_dating"": ""waarvan één gesigneerd, gedateerd en genummerd in potlood 'Westerik 1957 HC.' (onderaan)"", ""technique_size"": ""beide ets, 8,5x10 cm (22x22 cm incl. lijst); 21x26,5 cm (34x39 cm incl. lijst)"", ""title"": ""Zonder titel"", ""total"": null, ""weight_size_quality"": null}"
8a1834e3-d754-4b97-9f20-6da4debe28a2,10007,26-0528/65,67d3691b-0d4a-4615-9e5c-fbf4dfd989e8,723,Vendue Next Door Part 2 Premium | september,Premium schilderijen,Landschapstudies,"Johannes Jacob Lambertus Vlaanderen (1867-1936) (3x), Landschapstudies","<h3>Painter / Artist / School</h3>Johannes Jacob Lambertus Vlaanderen (1867-1936) (3x)<h3>Literature</h3><p>Herkomst:<br>-Familie van de kunstenaar.</p><h3>Technique / Size</h3>één olieverf op board, 12x28 cm (25,5x42,5 cm incl. lijst); twee olieverf op papier, 20x43,5 cm (38x60 cm incl. lijst)<h3>Signature / Dating</h3>waarvan één gesigneerd 'Joh. V' (linksonder)",published,EUR,300.0,400.0,100.0,100.0,,1,0,,,True,"Mon, 31 Aug 2026 08:00:00 GMT","Tue, 08 Sep 2026 17:03:00 GMT",https://media.app.artisio.co/media/3fc437c0-fdbb-4208-955a-90293eab416d/inventory/34b51b77-0078-4bdb-b14e-f2fb86998959/90142a60-9557-4915-934e-99fbeeb0fe18/0001_pffhdk_sm.jpeg;https://media.app.artisio.co/media/3fc437c0-fdbb-4208-955a-90293eab416d/inventory/34b51b77-0078-4bdb-b14e-f2fb86998959/4d21e3cc-c1d4-4480-b674-727d190d42d3/0002_jXUouC_sm.jpeg;https://media.app.artisio.co/media/3fc437c0-fdbb-4208-955a-90293eab416d/inventory/34b51b77-0078-4bdb-b14e-f2fb86998959/058a694b-fe9f-4e33-8ecb-f2c7a2a1311f/0003_QrEcUq_sm.jpeg;https://media.app.artisio.co/media/3fc437c0-fdbb-4208-955a-90293eab416d/inventory/34b51b77-0078-4bdb-b14e-f2fb86998959/44506520-4a63-4752-8aaf-63cd7e38f581/0004_pHYNMY_sm.jpeg,4,"{""artist_retail_right"": false, ""comments"": null, ""condition"": null, ""condition_report"": null, ""dimensions"": null, ""extra_text"": null, ""footnote"": null, ""header"": null, ""internal_reference"": null, ""keurkamer"": false, ""literature"": ""<p>Herkomst:<br>-Familie van de kunstenaar.</p>"", ""origin_exhibition_lite"": null, ""painter_artist_school"": ""Johannes Jacob Lambertus Vlaanderen (1867-1936) (3x)"", ""period"": null, ""signature_dating"": ""waarvan één gesigneerd 'Joh. V' (linksonder)"", ""technique_size"": ""één olieverf op board, 12x28 cm (25,5x42,5 cm incl. lijst); twee olieverf op papier, 20x43,5 cm (38x60 cm incl. lijst)"", ""title"": ""Landschapstudies"", ""total"": null, ""weight_size_quality"": null}"
703fdbc8-02ae-4782-916f-1c1d0b67412b,10008,26-0308/8,67d3691b-0d4a-4615-9e5c-fbf4dfd989e8,723,Vendue Next Door Part 2 Premium | september,Premium schilderijen,Riet oogsten,"Anthonie Jacobus van Wijngaerdt (1808-1887), Riet oogsten","<h3>Painter / Artist / School</h3>Anthonie Jacobus van Wijngaerdt (1808-1887)<h3>Literature</h3><p>Provenance:<br>-Veiling, Sotheby's, Londen, 10 maart 2004, lot 236.<br>-Privé-collectie, Ierland.</p><h3>Technique / Size</h3>olieverf op doek, 37x57,5 cm (52x72 cm incl. lijst)<h3>Signature / Dating</h3>gesigneerd 'AJ v Wijngaerdt fc' (linksonder)",published,EUR,700.0,1000.0,600.0,600.0,,1,0,,,True,"Mon, 31 Aug 2026 08:00:00 GMT","Tue, 08 Sep 2026 17:03:00 GMT",https://media.app.artisio.co/media/3fc437c0-fdbb-4208-955a-90293eab416d/inventory/f8d2700f-f04d-491e-ac4d-b3899cbb34cd/2c45eb7d-8686-4ce7-b5f5-9a9c53415356/0001_taXyOj_sm.jpeg;https://media.app.artisio.co/media/3fc437c0-fdbb-4208-955a-90293eab416d/inventory/f8d2700f-f04d-491e-ac4d-b3899cbb34cd/5061bbcc-da29-4bda-a755-98476a7c117b/0002_aUoilS_sm.jpeg;https://media.app.artisio.co/media/3fc437c0-fdbb-4208-955a-90293eab416d/inventory/f8d2700f-f04d-491e-ac4d-b3899cbb34cd/7a06b957-255c-4a22-92c2-85bb87bb5031/0003_JjciFx_sm.jpeg;https://media.app.artisio.co/media/3fc437c0-fdbb-4208-955a-90293eab416d/inventory/f8d2700f-f04d-491e-ac4d-b3899cbb34cd/bddf33cf-a965-4ddd-b1f5-decfae11053f/0004_bxoWVH_sm.jpeg,4,"{""artist_retail_right"": false, ""comments"": ""<p>https://rkd.nl/imageslite/3944165&nbsp;</p>"", ""condition"": null, ""condition_report"": null, ""dimensions"": null, ""extra_text"": null, ""footnote"": null, ""header"": null, ""internal_reference"": null, ""keurkamer"": false, ""literature"": ""<p>Provenance:<br>-Veiling, Sotheby's, Londen, 10 maart 2004, lot 236.<br>-Privé-collectie, Ierland.</p>"", ""origin_exhibition_lite"": null, ""painter_artist_school"": ""Anthonie Jacobus van Wijngaerdt (1808-1887)"", ""period"": null, ""signature_dating"": ""gesigneerd 'AJ v Wijngaerdt fc' (linksonder)"", ""technique_size"": ""olieverf op doek, 37x57,5 cm (52x72 cm incl. lijst)"", ""title"": ""Riet oogsten"", ""total"": null, ""weight_size_quality"": null}"
cc0e376e-18d7-45f9-a600-8e2c09496f2a,10009,26-0109/2,67d3691b-0d4a-4615-9e5c-fbf4dfd989e8,723,Vendue Next Door Part 2 Premium | september,Premium schilderijen,Portret van Antoine Psicha [Psycha] (1838-1911),"August Allebé (1838-1927), Portret van Antoine Psicha [Psycha] (1838-1911)","<h3>Painter / Artist / School</h3>August Allebé (1838-1927)<h3>Literature</h3><p>Tentoongesteld:<br>-Amsterdam, Rijksakademie van Beeldende Kunsten Amsterdam, ‘Tentoonstelling Aug. Allebé’, 19 Aapril-5 mei 1918.</p><p>Provenance:<br>-Collectie Maria Adeline Alice Schweistal (1864-1950), ook gekend als Fanny Psicha.<br>-Private collectie, waarschijnlijk sinds 1942.</p><h3>Technique / Size</h3>olieverf op paneel, 33,5x28,5 cm<h3>Extra Text</h3><p>Bekend bij het RKD, te vinden onder RKD Images nr. 20331.&nbsp;</p>",published,EUR,500.0,700.0,300.0,300.0,,1,0,,,True,"Mon, 31 Aug 2026 08:00:00 GMT","Tue, 08 Sep 2026 17:03:00 GMT",https://media.app.artisio.co/media/3fc437c0-fdbb-4208-955a-90293eab416d/inventory/a947b159-b309-4c4f-bb2b-2704f4233e81/5435aac7-b96d-4762-bd3c-b6933c3704d1/0001_DJvKLh_sm.jpeg;https://media.app.artisio.co/media/3fc437c0-fdbb-4208-955a-90293eab416d/inventory/a947b159-b309-4c4f-bb2b-2704f4233e81/f62340c7-82b6-47ce-a69d-4040dd86c459/0002_FNAwJJ_sm.jpeg;https://media.app.artisio.co/media/3fc437c0-fdbb-4208-955a-90293eab416d/inventory/a947b159-b309-4c4f-bb2b-2704f4233e81/4df6472e-c0c1-4195-b25d-77aa7d2a9f44/0003_xnXWDf_sm.jpeg,3,"{""artist_retail_right"": false, ""comments"": ""<p><a href=\""https://rkd.nl/images/203331\"">https://rkd.nl/images/203331</a>&nbsp;<br>https://rkd.nl/imageslite/3979212</p><p>RKD niks nieuws, gedateerd 1855? - SH</p>"", ""condition"": null, ""condition_report"": null, ""dimensions"": null, ""extra_text"": ""<p>Bekend bij het RKD, te vinden onder RKD Images nr. 20331.&nbsp;</p>"", ""footnote"": null, ""header"": null, ""internal_reference"": null, ""keurkamer"": false, ""literature"": ""<p>Tentoongesteld:<br>-Amsterdam, Rijksakademie van Beeldende Kunsten Amsterdam, ‘Tentoonstelling Aug. Allebé’, 19 Aapril-5 mei 1918.</p><p>Provenance:<br>-Collectie Maria Adeline Alice Schweistal (1864-1950), ook gekend als Fanny Psicha.<br>-Private collectie, waarschijnlijk sinds 1942.</p>"", ""origin_exhibition_lite"": null, ""painter_artist_school"": ""August Allebé (1838-1927)"", ""period"": null, ""signature_dating"": null, ""technique_size"": ""olieverf op paneel, 33,5x28,5 cm "", ""title"": ""Portret van Antoine Psicha [Psycha] (1838-1911)"", ""total"": null, ""weight_size_quality"": null}"
b3cc7bcb-4e11-4572-87a3-819e993608cc,10010,25-2663/29,67d3691b-0d4a-4615-9e5c-fbf4dfd989e8,723,Vendue Next Door Part 2 Premium | september,Premium schilderijen,Begrafenis ceremonie aan de Ganges,"Marius Bauer (1867-1932) , Begrafenis ceremonie aan de Ganges","<h3>Painter / Artist / School</h3>Marius Bauer (1867-1932)<h3>Technique / Size</h3>ets, 55,5x67,5 cm (83x93,5 cm incl. lijst)<h3>Signature / Dating</h3>gesigneerd in potlood 'MBauer' (rechtsonder); genummerd in potlood 'N. 69' (linksonder); nogmaals gesigneerd in de druk (rechtsonder)",published,EUR,500.0,700.0,300.0,,,1,1,300.0,300.0,True,"Mon, 31 Aug 2026 08:00:00 GMT","Tue, 08 Sep 2026 17:03:00 GMT",https://media.app.artisio.co/media/3fc437c0-fdbb-4208-955a-90293eab416d/inventory/202fdec3-0d5c-4242-a117-690e2b5d7539/7726e9e5-440b-4ae7-8ec4-7ff90f66509c/0001_MjxmfU_sm.jpeg;https://media.app.artisio.co/media/3fc437c0-fdbb-4208-955a-90293eab416d/inventory/202fdec3-0d5c-4242-a117-690e2b5d7539/072438c6-45bc-4ade-b832-871394bc6094/0002_jsrUvk_sm.jpeg;https://media.app.artisio.co/media/3fc437c0-fdbb-4208-955a-90293eab416d/inventory/202fdec3-0d5c-4242-a117-690e2b5d7539/3125f2e3-9f0c-457a-b4ea-1168dc25b287/0003_YbngnW_sm.jpeg;https://media.app.artisio.co/media/3fc437c0-fdbb-4208-955a-90293eab416d/inventory/202fdec3-0d5c-4242-a117-690e2b5d7539/f24f9c25-5a10-4553-9807-633330df26b8/0004_vJOgso_sm.jpeg;https://media.app.artisio.co/media/3fc437c0-fdbb-4208-955a-90293eab416d/inventory/202fdec3-0d5c-4242-a117-690e2b5d7539/572c73ea-a6d0-4caa-a316-7b0fbafa9c96/0005_RESjyN_sm.jpeg,5,"{""artist_retail_right"": false, ""comments"": null, ""condition"": null, ""condition_report"": null, ""dimensions"": null, ""extra_text"": null, ""footnote"": null, ""header"": null, ""internal_reference"": null, ""keurkamer"": false, ""literature"": null, ""origin_exhibition_lite"": null, ""painter_artist_school"": ""Marius Bauer (1867-1932) "", ""period"": null, ""signature_dating"": ""gesigneerd in potlood 'MBauer' (rechtsonder); genummerd in potlood 'N. 69' (linksonder); nogmaals gesigneerd in de druk (rechtsonder)"", ""technique_size"": ""ets, 55,5x67,5 cm (83x93,5 cm incl. lijst)"", ""title"": ""Begrafenis ceremonie aan de Ganges"", ""total"": null, ""weight_size_quality"": null}"
23b0079d-665a-4239-8541-8b9356393f7c,10011,26-0089/51,67d3691b-0d4a-4615-9e5c-fbf4dfd989e8,723,Vendue Next Door Part 2 Premium | september,Premium schilderijen,Reiziger in Egypte,"Joseph Jacob Isaacson (1859-1942), Reiziger in Egypte","<h3>Painter / Artist / School</h3>Joseph Jacob Isaacson (1859-1942)<h3>Technique / Size</h3>olieverf op doek, 120x96 cm (128x104 cm incl. lijst)<h3>Signature / Dating</h3>gedateerd en geannoteerd 'Isaäcson/18 Oct 1905' (etiket op de lijst)",published,EUR,300.0,500.0,100.0,100.0,,1,0,,,True,"Mon, 31 Aug 2026 08:00:00 GMT","Tue, 08 Sep 2026 17:03:00 GMT",https://media.app.artisio.co/media/3fc437c0-fdbb-4208-955a-90293eab416d/inventory/25a863b2-2fbe-4013-8e60-45d546cd66b0/25891ac9-97a9-4b0b-bac0-31ef98a9647a/0001_WSWPVl_sm.jpeg;https://media.app.artisio.co/media/3fc437c0-fdbb-4208-955a-90293eab416d/inventory/25a863b2-2fbe-4013-8e60-45d546cd66b0/3eeeb53d-9e20-4805-94a7-2bba23e6efa1/0002_XtVfbQ_sm.jpeg;https://media.app.artisio.co/media/3fc437c0-fdbb-4208-955a-90293eab416d/inventory/25a863b2-2fbe-4013-8e60-45d546cd66b0/c043801d-3876-4cc0-b99b-198bf635d834/0003_tVUqFt_sm.jpeg;https://media.app.artisio.co/media/3fc437c0-fdbb-4208-955a-90293eab416d/inventory/25a863b2-2fbe-4013-8e60-45d546cd66b0/580671b1-2e32-43bf-a689-5f44fc99ae9d/0004_ECUNLX_sm.jpeg;https://media.app.artisio.co/media/3fc437c0-fdbb-4208-955a-90293eab416d/inventory/25a863b2-2fbe-4013-8e60-45d546cd66b0/f2bcf0cb-cef1-4171-b988-d17550d5f295/0005_AsIgkk_sm.jpeg,5,"{""artist_retail_right"": false, ""comments"": ""<p>Niet in viewer</p>"", ""condition"": null, ""condition_report"": null, ""dimensions"": null, ""extra_text"": null, ""footnote"": null, ""header"": null, ""internal_reference"": null, ""keurkamer"": false, ""literature"": null, ""origin_exhibition_lite"": null, ""painter_artist_school"": ""Joseph Jacob Isaacson (1859-1942)"", ""period"": null, ""signature_dating"": ""gedateerd en geannoteerd 'Isaäcson/18 Oct 1905' (etiket op de lijst)"", ""technique_size"": ""olieverf op doek, 120x96 cm (128x104 cm incl. lijst)"", ""title"": ""Reiziger in Egypte"", ""total"": null, ""weight_size_quality"": null}"
0264ffee-ef08-4d21-a8dd-1e7e1b583d78,10012,26-0383/6,67d3691b-0d4a-4615-9e5c-fbf4dfd989e8,723,Vendue Next Door Part 2 Premium | september,Premium schilderijen,Liggend naakt naar links,"Sierk Schröder (1903-2002), Liggend naakt naar links","<h3>Painter / Artist / School</h3>Sierk Schröder (1903-2002)<h3>Technique / Size</h3>olieverf op doek, 40x60 cm (59x78 cm incl. lijst)",published,EUR,700.0,1000.0,500.0,,,1,0,,,True,"Mon, 31 Aug 2026 08:00:00 GMT","Tue, 08 Sep 2026 17:03:00 GMT",https://media.app.artisio.co/media/3fc437c0-fdbb-4208-955a-90293eab416d/inventory/e06f748a-fe19-4c08-a6b9-4090b7586386/7b68042c-46c5-4d54-982b-61f45d4b0b64/0001_dlLmGQ_sm.jpeg;https://media.app.artisio.co/media/3fc437c0-fdbb-4208-955a-90293eab416d/inventory/e06f748a-fe19-4c08-a6b9-4090b7586386/b03a7803-5e1a-4136-906d-fbd17faab827/0002_DRrgSS_sm.jpeg;https://media.app.artisio.co/media/3fc437c0-fdbb-4208-955a-90293eab416d/inventory/e06f748a-fe19-4c08-a6b9-4090b7586386/1fd353bd-df39-4268-be40-5026987fc755/0003_JRYDpu_sm.jpeg,3,"{""artist_retail_right"": false, ""comments"": null, ""condition"": null, ""condition_report"": null, ""dimensions"": null, ""extra_text"": null, ""footnote"": null, ""header"": null, ""internal_reference"": null, ""keurkamer"": false, ""literature"": null, ""origin_exhibition_lite"": null, ""painter_artist_school"": ""Sierk Schröder (1903-2002)"", ""period"": null, ""signature_dating"": null, ""technique_size"": ""olieverf op doek, 40x60 cm (59x78 cm incl. lijst) "", ""title"": ""Liggend naakt naar links"", ""total"": null, ""weight_size_quality"": null}"
3a6337fb-5274-4370-94c5-00186435b210,10013,26-0383/7,67d3691b-0d4a-4615-9e5c-fbf4dfd989e8,723,Vendue Next Door Part 2 Premium | september,Premium schilderijen,Liggend naakt naar rechts,"Sierk Schröder (1903-2002), Liggend naakt naar rechts","<h3>Painter / Artist / School</h3>Sierk Schröder (1903-2002)<h3>Technique / Size</h3>olieverf op doek, 46x59 cm (66x80 cm incl. lijst)",published,EUR,700.0,1000.0,500.0,,,1,0,,,True,"Mon, 31 Aug 2026 08:00:00 GMT","Tue, 08 Sep 2026 17:03:00 GMT",https://media.app.artisio.co/media/3fc437c0-fdbb-4208-955a-90293eab416d/inventory/f8a9c4ab-bbc6-4f57-b857-1ec735b008fb/9354f935-39b4-4ee3-b789-77f289a563e5/0001_bQjbud_sm.jpeg;https://media.app.artisio.co/media/3fc437c0-fdbb-4208-955a-90293eab416d/inventory/f8a9c4ab-bbc6-4f57-b857-1ec735b008fb/3508efb2-0018-4634-9cca-76b1462367b9/0002_EnbBjy_sm.jpeg;https://media.app.artisio.co/media/3fc437c0-fdbb-4208-955a-90293eab416d/inventory/f8a9c4ab-bbc6-4f57-b857-1ec735b008fb/f88f093c-f42e-4c3f-b5e0-988712d9d37b/0003_paNDWn_sm.jpeg,3,"{""artist_retail_right"": false, ""comments"": null, ""condition"": null, ""condition_report"": null, ""dimensions"": null, ""extra_text"": null, ""footnote"": null, ""header"": null, ""internal_reference"": null, ""keurkamer"": false, ""literature"": null, ""origin_exhibition_lite"": null, ""painter_artist_school"": ""Sierk Schröder (1903-2002)"", ""period"": null, ""signature_dating"": null, ""technique_size"": ""olieverf op doek, 46x59 cm (66x80 cm incl. lijst)"", ""title"": ""Liggend naakt naar rechts"", ""total"": null, ""weight_size_quality"": null}"
3e8db28c-7f76-4b7a-bce2-2cd38144e76c,10014,26-0155/15,67d3691b-0d4a-4615-9e5c-fbf4dfd989e8,723,Vendue Next Door Part 2 Premium | september,Premium schilderijen,Besneeuwde stadsstraat ,"Petrus Gerardus Vertin (1819-1893), Besneeuwde stadsstraat ","<h3>Painter / Artist / School</h3>Petrus Gerardus Vertin (1819-1893)<h3>Technique / Size</h3>aquarel op papier, 48,5x38,5 cm (61,5x51,5 cm incl. lijst)<h3>Signature / Dating</h3>gesigneerd en gedateerd 'P.G. Vertin 90' (rechtsonder)",published,EUR,700.0,900.0,500.0,500.0,,1,0,,,True,"Mon, 31 Aug 2026 08:00:00 GMT","Tue, 08 Sep 2026 17:03:00 GMT",https://media.app.artisio.co/media/3fc437c0-fdbb-4208-955a-90293eab416d/inventory/f82211be-dd7d-4700-879f-f99ec3ad34bf/e0924ffe-12e1-4c69-9db0-e18ff06ca55c/0001_BOgjha_sm.jpeg;https://media.app.artisio.co/media/3fc437c0-fdbb-4208-955a-90293eab416d/inventory/f82211be-dd7d-4700-879f-f99ec3ad34bf/831dc899-a885-4538-a4bb-e0bc6cda4542/0002_JZdwAi_sm.jpeg;https://media.app.artisio.co/media/3fc437c0-fdbb-4208-955a-90293eab416d/inventory/f82211be-dd7d-4700-879f-f99ec3ad34bf/60684737-3e12-4ff4-a179-f6be6312b540/0003_LOYEnj_sm.jpeg;https://media.app.artisio.co/media/3fc437c0-fdbb-4208-955a-90293eab416d/inventory/f82211be-dd7d-4700-879f-f99ec3ad34bf/219af609-d95c-4b73-a365-f8efa26c8deb/0004_bHMlEs_sm.jpeg,4,"{""artist_retail_right"": false, ""comments"": null, ""condition"": null, ""condition_report"": null, ""dimensions"": null, ""extra_text"": null, ""footnote"": null, ""header"": null, ""internal_reference"": null, ""keurkamer"": false, ""literature"": null, ""origin_exhibition_lite"": null, ""painter_artist_school"": ""Petrus Gerardus Vertin (1819-1893)"", ""period"": null, ""signature_dating"": ""gesigneerd en gedateerd 'P.G. Vertin 90' (rechtsonder)"", ""technique_size"": ""aquarel op papier, 48,5x38,5 cm (61,5x51,5 cm incl. lijst)"", ""title"": ""Besneeuwde stadsstraat "", ""total"": null, ""weight_size_quality"": null}"
6c7cacf5-5fae-459a-b3c8-0132a2d35372,10015,26-0132/2,67d3691b-0d4a-4615-9e5c-fbf4dfd989e8,723,Vendue Next Door Part 2 Premium | september,Premium schilderijen,Revue artiest,"Kees Maks (1876-1967), Revue artiest","<h3>Painter / Artist / School</h3>Kees Maks (1876-1967)<h3>Technique / Size</h3>aquarel en inkt op papier, 28x22 cm (48x41 cm incl. lijst)<h3>Signature / Dating</h3>gesigneerd 'C.J. Maks' (rechtsonder)",published,EUR,400.0,600.0,300.0,300.0,,1,1,300.0,300.0,True,"Mon, 31 Aug 2026 08:00:00 GMT","Tue, 08 Sep 2026 17:03:00 GMT",https://media.app.artisio.co/media/3fc437c0-fdbb-4208-955a-90293eab416d/inventory/17d6c6a0-9024-4a3c-99bd-d582b0014399/b1da9777-e5d1-45e6-a02a-07178601da29/0001_OtdHtg_sm.jpeg;https://media.app.artisio.co/media/3fc437c0-fdbb-4208-955a-90293eab416d/inventory/17d6c6a0-9024-4a3c-99bd-d582b0014399/5c37a17f-cf52-4f53-888b-df3ebf06c178/0002_yHNuvX_sm.jpeg;https://media.app.artisio.co/media/3fc437c0-fdbb-4208-955a-90293eab416d/inventory/17d6c6a0-9024-4a3c-99bd-d582b0014399/d61902b2-efe8-43bc-949d-2b4e8df35b25/0003_ybquhW_sm.jpeg;https://media.app.artisio.co/media/3fc437c0-fdbb-4208-955a-90293eab416d/inventory/17d6c6a0-9024-4a3c-99bd-d582b0014399/26be87b4-414d-46ca-95e2-98aa08400be1/0004_LxtGjB_sm.jpeg,4,"{""artist_retail_right"": false, ""comments"": ""<p>https://www.invaluable.com/auction-lot/maks-kees-dutch-1876-1967-revue-artieste-94-c-7714fb4bf8&nbsp;</p><p>Provenance:<br>-Auction, Zuydwal Veilingen, Eemnes, 16 June 2025, lot 94.</p>"", ""condition"": null, ""condition_report"": null, ""dimensions"": null, ""extra_text"": null, ""footnote"": null, ""header"": null, ""internal_reference"": null, ""keurkamer"": false, ""literature"": null, ""origin_exhibition_lite"": null, ""painter_artist_school"": ""Kees Maks (1876-1967)"", ""period"": null, ""signature_dating"": ""gesigneerd 'C.J. Maks' (rechtsonder)"", ""technique_size"": ""aquarel en inkt op papier, 28x22 cm (48x41 cm incl. lijst)"", ""title"": ""Revue artiest"", ""total"": null, ""weight_size_quality"": null}"
3927634d-da88-44f5-8350-3ad4d7d0f848,10016,26-0057/3,67d3691b-0d4a-4615-9e5c-fbf4dfd989e8,723,Vendue Next Door Part 2 Premium | september,Premium schilderijen,Aan de Ganges,"Marius Bauer (1867-1932) , Aan de Ganges","<h3>Painter / Artist / School</h3>Marius Bauer (1867-1932)<h3>Technique / Size</h3>ets, 57x68 cm (75x89 cm incl. lijst)<h3>Signature / Dating</h3>gesigneerd in potlood 'M Bauer' (rechtsonder); nogmaals gesigneerd en in de druk gedateerd '1910' (linksonder)",published,EUR,400.0,600.0,300.0,,,1,1,300.0,300.0,True,"Mon, 31 Aug 2026 08:00:00 GMT","Tue, 08 Sep 2026 17:06:00 GMT",https://media.app.artisio.co/media/3fc437c0-fdbb-4208-955a-90293eab416d/inventory/0352ecc1-3bb0-4295-992b-3bb5a9fddae4/56dce648-cab5-4e38-9ca1-462bed46f0bf/0001_cBypcv_sm.jpeg;https://media.app.artisio.co/media/3fc437c0-fdbb-4208-955a-90293eab416d/inventory/0352ecc1-3bb0-4295-992b-3bb5a9fddae4/cc47d972-198d-4a23-8c9c-2aefeef507fc/0002_swJjGV_sm.jpeg;https://media.app.artisio.co/media/3fc437c0-fdbb-4208-955a-90293eab416d/inventory/0352ecc1-3bb0-4295-992b-3bb5a9fddae4/9fca5288-35df-465b-bbd4-f6605f736f20/0003_xgbukc_sm.jpeg;https://media.app.artisio.co/media/3fc437c0-fdbb-4208-955a-90293eab416d/inventory/0352ecc1-3bb0-4295-992b-3bb5a9fddae4/5e727008-ca78-4cc6-8254-eaf6ef6e89a3/0004_sQKhqe_sm.jpeg,4,"{""artist_retail_right"": false, ""comments"": null, ""condition"": null, ""condition_report"": null, ""dimensions"": null, ""extra_text"": null, ""footnote"": null, ""header"": null, ""internal_reference"": null, ""keurkamer"": false, ""literature"": null, ""origin_exhibition_lite"": null, ""painter_artist_school"": ""Marius Bauer (1867-1932) "", ""period"": null, ""signature_dating"": ""gesigneerd in potlood 'M Bauer' (rechtsonder); nogmaals gesigneerd en in de druk gedateerd '1910' (linksonder)"", ""technique_size"": ""ets, 57x68 cm (75x89 cm incl. lijst)"", ""title"": ""Aan de Ganges"", ""total"": null, ""weight_size_quality"": null}"
e40bf9f0-fb30-4e5d-8087-14781a37fffc,10017,26-0027/14,67d3691b-0d4a-4615-9e5c-fbf4dfd989e8,723,Vendue Next Door Part 2 Premium | september,Premium schilderijen,River landscape with figures on the bank,"Flemish School (17th/18th Century) , River landscape with figures on the bank","<h3>Painter / Artist / School</h3>Flemish School (17th/18th Century)<h3>Technique / Size</h3>oil on panel, 19,5x28,5 cm<h3>Extra Text</h3><p>This composition is often seen in the landscapes of the dozen painter Marc Baets (17/18th Century)</p>",published,EUR,500.0,700.0,400.0,400.0,,1,0,,,True,"Mon, 31 Aug 2026 08:00:00 GMT","Tue, 08 Sep 2026 17:06:00 GMT",https://media.app.artisio.co/media/3fc437c0-fdbb-4208-955a-90293eab416d/inventory/f1cbdf4d-e3f5-4007-b85b-becd3924a187/a4b2b417-8f65-4229-936f-c4a74cc7cc3c/0002_EejTHl_sm.jpeg;https://media.app.artisio.co/media/3fc437c0-fdbb-4208-955a-90293eab416d/inventory/f1cbdf4d-e3f5-4007-b85b-becd3924a187/b96f073b-e914-492f-9881-db0aee1874a0/0002a_wPqVvz_sm.jpeg;https://media.app.artisio.co/media/3fc437c0-fdbb-4208-955a-90293eab416d/inventory/f1cbdf4d-e3f5-4007-b85b-becd3924a187/25b2e90c-421c-4c8c-a440-d50f8637f15d/0002b_bmIRVE_sm.jpeg,3,"{""artist_retail_right"": false, ""comments"": ""<p>RKD nagekeken -AT</p><p><strong>FM: </strong>Mark Baets, wellicht begin 18e eeuw.<br>MR: gelijkenis met Mark Baets (een dozijn schilder) &nbsp; https://www.artprice.com/artist/16276/marc-baets/painting/30537171/paysages-de-riviere-animes-avec-ruines-et-villages?p=1 . Rpr 600-800 en 500 start</p><p>Inz accoord met rpr en C2M (MR mail vr 3-4-2026 09:25)</p>"", ""condition"": null, ""condition_report"": null, ""dimensions"": null, ""extra_text"": ""<p>This composition is often seen in the landscapes of the dozen painter Marc Baets (17/18th Century)</p>"", ""footnote"": null, ""header"": null, ""internal_reference"": null, ""keurkamer"": false, ""literature"": null, ""origin_exhibition_lite"": null, ""painter_artist_school"": ""Flemish School (17th/18th Century) "", ""period"": null, ""signature_dating"": null, ""technique_size"": ""oil on panel, 19,5x28,5 cm"", ""title"": ""River landscape with figures on the bank"", ""total"": null, ""weight_size_quality"": null}"
e3075cbb-26a6-4c2b-9a9f-250a1da3c0d5,10018,26-0027/13,67d3691b-0d4a-4615-9e5c-fbf4dfd989e8,723,Vendue Next Door Part 2 Premium | september,Premium schilderijen,Portret van een dame met een Brabantse kap,"French School (17th Century)  , Portret van een dame met een Brabantse kap","<h3>Painter / Artist / School</h3>French School (17th Century)<h3>Technique / Size</h3>olieverf op paneel, ovaal, 22x17 cm",published,EUR,400.0,600.0,300.0,300.0,,1,0,,,True,"Mon, 31 Aug 2026 08:00:00 GMT","Tue, 08 Sep 2026 17:06:00 GMT",https://media.app.artisio.co/media/3fc437c0-fdbb-4208-955a-90293eab416d/inventory/028be0ff-c78e-4b98-8eb1-0fc4c06c2b25/9650be89-b4cc-48f1-88fa-4ff8945cf6d5/00001_perfba_sm.jpeg;https://media.app.artisio.co/media/3fc437c0-fdbb-4208-955a-90293eab416d/inventory/028be0ff-c78e-4b98-8eb1-0fc4c06c2b25/15f97611-9bdb-4930-b305-76b9b1e8d5c7/0001_TqqXME_sm.jpeg;https://media.app.artisio.co/media/3fc437c0-fdbb-4208-955a-90293eab416d/inventory/028be0ff-c78e-4b98-8eb1-0fc4c06c2b25/69439a2b-5504-4cb8-abc3-c2b01a2b52b8/0003_UHvQFC_sm.jpeg,3,"{""artist_retail_right"": false, ""comments"": ""<p>RKD nagekeken - AT</p><p><strong>FM: </strong>Franse school, naar 16e eeuw. Zelf niet zo oud, 17e eeuw. Niet zo bijzonder wel met huik.&nbsp;</p><p>Inz accoord met rpr en C2M (mail aan MR op vr 3-4-2026 09:25)</p>"", ""condition"": null, ""condition_report"": null, ""dimensions"": null, ""extra_text"": null, ""footnote"": null, ""header"": null, ""internal_reference"": null, ""keurkamer"": false, ""literature"": null, ""origin_exhibition_lite"": null, ""painter_artist_school"": ""French School (17th Century)  "", ""period"": null, ""signature_dating"": null, ""technique_size"": ""olieverf op paneel, ovaal, 22x17 cm "", ""title"": ""Portret van een dame met een Brabantse kap"", ""total"": null, ""weight_size_quality"": null}"
a3fcb10d-ef91-4cb6-a9fa-b067ff618009,10019,26-0057/1,67d3691b-0d4a-4615-9e5c-fbf4dfd989e8,723,Vendue Next Door Part 2 Premium | september,Premium schilderijen,Feestdag op de Ganges,"Marius Bauer (1867-1932) , Feestdag op de Ganges","<h3>Painter / Artist / School</h3>Marius Bauer (1867-1932)<h3>Technique / Size</h3>ets, 54x66 cm (73x85 cm incl. lijst)<h3>Signature / Dating</h3>gesigneerd in potlood 'M Bauer' (rechtsonder); nogmaals gesigneerd en in de druk gedateerd '1898' (rechtsonder)",published,EUR,400.0,600.0,300.0,,,1,1,300.0,300.0,True,"Mon, 31 Aug 2026 08:00:00 GMT","Tue, 08 Sep 2026 17:06:00 GMT",https://media.app.artisio.co/media/3fc437c0-fdbb-4208-955a-90293eab416d/inventory/7b145f87-b338-4896-b75a-5b821b8e1c5a/16d8ac37-5dc3-4eac-b764-26e7265b5b3d/0001_kQmslW_sm.jpeg;https://media.app.artisio.co/media/3fc437c0-fdbb-4208-955a-90293eab416d/inventory/7b145f87-b338-4896-b75a-5b821b8e1c5a/deabe864-8b5b-4af5-9a7f-411736c13d16/0002_aMLuci_sm.jpeg;https://media.app.artisio.co/media/3fc437c0-fdbb-4208-955a-90293eab416d/inventory/7b145f87-b338-4896-b75a-5b821b8e1c5a/5c18be0a-b82e-49f3-bd0a-06609974976b/0003_hikyJH_sm.jpeg;https://media.app.artisio.co/media/3fc437c0-fdbb-4208-955a-90293eab416d/inventory/7b145f87-b338-4896-b75a-5b821b8e1c5a/417477e8-d566-4c47-ba4b-e6d92f402b87/0004_SJTsip_sm.jpeg,4,"{""artist_retail_right"": false, ""comments"": null, ""condition"": null, ""condition_report"": null, ""dimensions"": null, ""extra_text"": null, ""footnote"": null, ""header"": null, ""internal_reference"": null, ""keurkamer"": false, ""literature"": null, ""origin_exhibition_lite"": null, ""painter_artist_school"": ""Marius Bauer (1867-1932) "", ""period"": null, ""signature_dating"": ""gesigneerd in potlood 'M Bauer' (rechtsonder); nogmaals gesigneerd en in de druk gedateerd '1898' (rechtsonder) "", ""technique_size"": ""ets, 54x66 cm (73x85 cm incl. lijst) "", ""title"": ""Feestdag op de Ganges"", ""total"": null, ""weight_size_quality"": null}"
03090549-a1ab-4595-83c9-47f3cd55ed63,10020,26-0150/3,67d3691b-0d4a-4615-9e5c-fbf4dfd989e8,723,Vendue Next Door Part 2 Premium | september,Premium schilderijen,Javaanse jongen / Javanese boy,"Rudolf Wenghart (Austrian, 1887-1965), Javaanse jongen / Javanese boy","<h3>Painter / Artist / School</h3>Rudolf Wenghart (Austrian, 1887-1965)<h3>Technique / Size</h3>olieverf op doek, geplakt op board, 23,5x23,5 cm (31,5x31,5 cm incl. lijst)<h3>Signature / Dating</h3>gesigneerd 'R. Wenghart' (rechtsonder)",published,EUR,300.0,400.0,200.0,200.0,,1,0,,,True,"Mon, 31 Aug 2026 08:00:00 GMT","Tue, 08 Sep 2026 17:06:00 GMT",https://media.app.artisio.co/media/3fc437c0-fdbb-4208-955a-90293eab416d/inventory/15ac9d15-1b1c-4b07-9be0-2399299f711d/724c8fad-ca70-4703-91aa-6ed105dddc11/0001_lmPREL_sm.jpeg;https://media.app.artisio.co/media/3fc437c0-fdbb-4208-955a-90293eab416d/inventory/15ac9d15-1b1c-4b07-9be0-2399299f711d/02e39d3f-f359-485d-99d8-67fc7146c51f/0002_dRrAlk_sm.jpeg;https://media.app.artisio.co/media/3fc437c0-fdbb-4208-955a-90293eab416d/inventory/15ac9d15-1b1c-4b07-9be0-2399299f711d/d4d12317-7700-4119-a0f7-3c078c0566e8/0003_KaLzvq_sm.jpeg;https://media.app.artisio.co/media/3fc437c0-fdbb-4208-955a-90293eab416d/inventory/15ac9d15-1b1c-4b07-9be0-2399299f711d/5e9d8ad3-a27c-4fa3-b97b-a6e25d230c7e/0004_LYISYA_sm.jpeg,4,"{""artist_retail_right"": false, ""comments"": null, ""condition"": null, ""condition_report"": null, ""dimensions"": null, ""extra_text"": null, ""footnote"": null, ""header"": null, ""internal_reference"": null, ""keurkamer"": false, ""literature"": null, ""origin_exhibition_lite"": null, ""painter_artist_school"": ""Rudolf Wenghart (Austrian, 1887-1965)"", ""period"": null, ""signature_dating"": ""gesigneerd 'R. Wenghart' (rechtsonder)"", ""technique_size"": ""olieverf op doek, geplakt op board, 23,5x23,5 cm (31,5x31,5 cm incl. lijst)"", ""title"": ""Javaanse jongen / Javanese boy"", ""total"": null, ""weight_size_quality"": null}"
7252a9f6-072a-4baf-a013-cd4566a329f2,10021,26-0250/2,67d3691b-0d4a-4615-9e5c-fbf4dfd989e8,723,Vendue Next Door Part 2 Premium | september,Premium schilderijen,Kerkinterieur van Haren,"Johannes Bosboom (1817-1891), Kerkinterieur van Haren","<h3>Painter / Artist / School</h3>Johannes Bosboom (1817-1891)<h3>Technique / Size</h3>houtskool op papier, 15,5x11 cm (26,5x22 cm incl. lijst)<h3>Signature / Dating</h3>gesigneerd met initialen 'JB.' (linksonder)",published,EUR,300.0,400.0,100.0,100.0,,1,1,100.0,100.0,True,"Mon, 31 Aug 2026 08:00:00 GMT","Tue, 08 Sep 2026 17:06:00 GMT",https://media.app.artisio.co/media/3fc437c0-fdbb-4208-955a-90293eab416d/inventory/f411fce7-0ebb-4f39-b904-e41e84dfaa71/7e984340-422b-4c15-a654-92d26265b72e/0001_onvXtv_sm.jpeg;https://media.app.artisio.co/media/3fc437c0-fdbb-4208-955a-90293eab416d/inventory/f411fce7-0ebb-4f39-b904-e41e84dfaa71/d67f5529-2619-40b8-9640-600720322243/0002_vYLhJT_sm.jpeg;https://media.app.artisio.co/media/3fc437c0-fdbb-4208-955a-90293eab416d/inventory/f411fce7-0ebb-4f39-b904-e41e84dfaa71/3598b0e1-cf49-4241-a500-02912c9c185a/0003_jwSDSQ_sm.jpeg;https://media.app.artisio.co/media/3fc437c0-fdbb-4208-955a-90293eab416d/inventory/f411fce7-0ebb-4f39-b904-e41e84dfaa71/c691b091-0e96-4cf0-861f-38ae987007fb/0004_tRgDaz_sm.jpeg,4,"{""artist_retail_right"": false, ""comments"": ""<p>https://rkd.nl/imageslite/3954648 zelfde interieur</p>"", ""condition"": null, ""condition_report"": null, ""dimensions"": null, ""extra_text"": null, ""footnote"": null, ""header"": null, ""internal_reference"": null, ""keurkamer"": false, ""literature"": null, ""origin_exhibition_lite"": null, ""painter_artist_school"": ""Johannes Bosboom (1817-1891)"", ""period"": null, ""signature_dating"": ""gesigneerd met initialen 'JB.' (linksonder)"", ""technique_size"": ""houtskool op papier, 15,5x11 cm (26,5x22 cm incl. lijst)"", ""title"": ""Kerkinterieur van Haren"", ""total"": null, ""weight_size_quality"": null}"
70c3a10f-1f2f-438b-b6d4-e0f0c5ca20cc,10022,26-0308/22,67d3691b-0d4a-4615-9e5c-fbf4dfd989e8,723,Vendue Next Door Part 2 Premium | september,Premium schilderijen,Bosrand aan het water,"Joseph Thors (1835-1920), Bosrand aan het water","<h3>Painter / Artist / School</h3>Joseph Thors (1835-1920)<h3>Literature</h3><p>Herkomst:<br>-Veiling, Christie's, Londen, 29 mei 2003, lot 145.<br>-Private collectie, Ierland.</p><h3>Technique / Size</h3>olieverf op doek, 22x32 cm (47x56 cm incl. lijst)<h3>Signature / Dating</h3>gesigneerd 'J Thors' (linksonder)",published,EUR,400.0,500.0,200.0,200.0,,1,1,200.0,200.0,True,"Mon, 31 Aug 2026 08:00:00 GMT","Tue, 08 Sep 2026 17:06:00 GMT",https://media.app.artisio.co/media/3fc437c0-fdbb-4208-955a-90293eab416d/inventory/6b7e4c7a-53dd-4bc3-b104-45f4f28c9899/1ae3ff91-7d02-4511-aec0-01ca99dd21a8/0002_UHxuKW_sm.jpeg;https://media.app.artisio.co/media/3fc437c0-fdbb-4208-955a-90293eab416d/inventory/6b7e4c7a-53dd-4bc3-b104-45f4f28c9899/0e744257-a6ef-4052-811e-07a6a622ed7d/0003_nRKWTJ_sm.jpeg;https://media.app.artisio.co/media/3fc437c0-fdbb-4208-955a-90293eab416d/inventory/6b7e4c7a-53dd-4bc3-b104-45f4f28c9899/50bd8d08-a4b9-489e-ac57-2a83c4a192a8/0004_azRyHj_sm.jpeg;https://media.app.artisio.co/media/3fc437c0-fdbb-4208-955a-90293eab416d/inventory/6b7e4c7a-53dd-4bc3-b104-45f4f28c9899/21abcb68-2632-4abe-b2ef-b34f71391ced/0005_ieEiYd_sm.jpeg;https://media.app.artisio.co/media/3fc437c0-fdbb-4208-955a-90293eab416d/inventory/6b7e4c7a-53dd-4bc3-b104-45f4f28c9899/e7144f96-5c6a-4fca-9495-210bc7ae9aaf/0006_WdlWNo_sm.jpeg,5,"{""artist_retail_right"": false, ""comments"": null, ""condition"": null, ""condition_report"": null, ""dimensions"": null, ""extra_text"": null, ""footnote"": null, ""header"": null, ""internal_reference"": null, ""keurkamer"": false, ""literature"": ""<p>Herkomst:<br>-Veiling, Christie's, Londen, 29 mei 2003, lot 145.<br>-Private collectie, Ierland.</p>"", ""origin_exhibition_lite"": null, ""painter_artist_school"": ""Joseph Thors (1835-1920)"", ""period"": null, ""signature_dating"": ""gesigneerd 'J Thors' (linksonder)"", ""technique_size"": ""olieverf op doek, 22x32 cm (47x56 cm incl. lijst)"", ""title"": ""Bosrand aan het water"", ""total"": null, ""weight_size_quality"": null}"
508370cf-2f51-4a4c-afe0-7318d95aacc8,10023,26-0308/30,67d3691b-0d4a-4615-9e5c-fbf4dfd989e8,723,Vendue Next Door Part 2 Premium | september,Premium schilderijen,"Visafslag, Katwijk aan Zee"," Julius Huth (Duits, 1838-1892), Visafslag, Katwijk aan Zee","<h3>Painter / Artist / School</h3>Julius Huth (Duits, 1838-1892)<h3>Literature</h3><p>Herkomst:<br>-Veiling, Sotheby's, Londen, 1 maart 2010, lot 240.<br>-Privé-collectie, Ierland.</p><h3>Technique / Size</h3>olieverf op doek, 21,5x31,5 cm (36,5x46,5 cm incl. lijst)<h3>Signature / Dating</h3>gesigneerd 'J. Huth.' (rechtsonder)",published,EUR,500.0,700.0,300.0,300.0,,1,1,300.0,300.0,True,"Mon, 31 Aug 2026 08:00:00 GMT","Tue, 08 Sep 2026 17:06:00 GMT",https://media.app.artisio.co/media/3fc437c0-fdbb-4208-955a-90293eab416d/inventory/87d0c7a6-b9da-433c-bd7d-bd3eeeb696ec/b3aad351-5066-494d-bf6e-f3ebf62f69a2/0002_yIMNdV_sm.jpeg;https://media.app.artisio.co/media/3fc437c0-fdbb-4208-955a-90293eab416d/inventory/87d0c7a6-b9da-433c-bd7d-bd3eeeb696ec/52755d83-f131-496c-aca1-fe0102588d78/0003_EXEzvS_sm.jpeg;https://media.app.artisio.co/media/3fc437c0-fdbb-4208-955a-90293eab416d/inventory/87d0c7a6-b9da-433c-bd7d-bd3eeeb696ec/d656c351-e081-4626-bfcc-c735eb092b92/0004_QWcVAA_sm.jpeg;https://media.app.artisio.co/media/3fc437c0-fdbb-4208-955a-90293eab416d/inventory/87d0c7a6-b9da-433c-bd7d-bd3eeeb696ec/54bc014e-b703-446b-8170-456e06c81aee/0005_GjDBaX_sm.jpeg,4,"{""artist_retail_right"": false, ""comments"": null, ""condition"": null, ""condition_report"": null, ""dimensions"": null, ""extra_text"": null, ""footnote"": null, ""header"": null, ""internal_reference"": null, ""keurkamer"": false, ""literature"": ""<p>Herkomst:<br>-Veiling, Sotheby's, Londen, 1 maart 2010, lot 240.<br>-Privé-collectie, Ierland.</p>"", ""origin_exhibition_lite"": null, ""painter_artist_school"": "" Julius Huth (Duits, 1838-1892)"", ""period"": null, ""signature_dating"": ""gesigneerd 'J. Huth.' (rechtsonder)"", ""technique_size"": ""olieverf op doek, 21,5x31,5 cm (36,5x46,5 cm incl. lijst)"", ""title"": ""Visafslag, Katwijk aan Zee"", ""total"": null, ""weight_size_quality"": null}"
3aecc0cd-345f-4a5a-a160-f881ba498f1d,10024,26-0308/31,67d3691b-0d4a-4615-9e5c-fbf4dfd989e8,723,Vendue Next Door Part 2 Premium | september,Premium schilderijen,Huiswaarts voor de storm,"Joseph Thors (1835-1920), Huiswaarts voor de storm","<h3>Painter / Artist / School</h3>Joseph Thors (1835-1920)<h3>Literature</h3><p>Herkomst:<br>-Haynes Fine Art Galleries, Broadway (label op het spieraam).<br>-Privé-collectie, Ierland.</p><h3>Technique / Size</h3>olieverf op paneel, 19x29 cm (29x39 cm incl. lijst)",published,EUR,300.0,400.0,200.0,200.0,,1,1,200.0,200.0,True,"Mon, 31 Aug 2026 08:00:00 GMT","Tue, 08 Sep 2026 17:06:00 GMT",https://media.app.artisio.co/media/3fc437c0-fdbb-4208-955a-90293eab416d/inventory/b342cb8e-9790-4a28-ae0c-25ab76aff4c1/1d82332d-e47f-469b-b108-a2e6eb26ecb2/0002_eCHmDB_sm.jpeg;https://media.app.artisio.co/media/3fc437c0-fdbb-4208-955a-90293eab416d/inventory/b342cb8e-9790-4a28-ae0c-25ab76aff4c1/4d190d5f-8568-40fd-b7c9-1ce0a8dd49a4/0003_RQTVWX_sm.jpeg;https://media.app.artisio.co/media/3fc437c0-fdbb-4208-955a-90293eab416d/inventory/b342cb8e-9790-4a28-ae0c-25ab76aff4c1/2a6018a2-9ff8-4c07-984d-0a4dfae420a2/0004_KrCKdT_sm.jpeg,3,"{""artist_retail_right"": false, ""comments"": null, ""condition"": null, ""condition_report"": null, ""dimensions"": null, ""extra_text"": null, ""footnote"": null, ""header"": null, ""internal_reference"": null, ""keurkamer"": false, ""literature"": ""<p>Herkomst:<br>-Haynes Fine Art Galleries, Broadway (label op het spieraam).<br>-Privé-collectie, Ierland.</p>"", ""origin_exhibition_lite"": null, ""painter_artist_school"": ""Joseph Thors (1835-1920)"", ""period"": null, ""signature_dating"": null, ""technique_size"": ""olieverf op paneel, 19x29 cm (29x39 cm incl. lijst)"", ""title"": ""Huiswaarts voor de storm"", ""total"": null, ""weight_size_quality"": null}"
4dc3b102-bc87-45a8-aadc-1fc4741ca87f,10025,26-0308/27,67d3691b-0d4a-4615-9e5c-fbf4dfd989e8,723,Vendue Next Door Part 2 Premium | september,Premium schilderijen,Familie eenden bij de waterrand,"Constant Artz (1870-1951), Familie eenden bij de waterrand","<h3>Painter / Artist / School</h3>Constant Artz (1870-1951)<h3>Literature</h3><p>Herkomst:<br>-Veiling, Christie's, Amsterdam, 18 november 2008, lot 319.<br>-Private collectie, Ierland.</p><h3>Technique / Size</h3>olieverf op doek, 30,5x40,5 cm (44x55 cm incl. lijst)<h3>Signature / Dating</h3>gesigneerd 'Constant Artz' (rechtsonder)",published,EUR,800.0,1200.0,600.0,600.0,,1,0,,,True,"Mon, 31 Aug 2026 08:00:00 GMT","Tue, 08 Sep 2026 17:06:00 GMT",https://media.app.artisio.co/media/3fc437c0-fdbb-4208-955a-90293eab416d/inventory/60ade76c-f21f-4822-9c45-f2e80603e7b2/e5074d84-b8e9-4fca-a712-11429747a484/0002_hIsHRx_sm.jpeg;https://media.app.artisio.co/media/3fc437c0-fdbb-4208-955a-90293eab416d/inventory/60ade76c-f21f-4822-9c45-f2e80603e7b2/42c33104-3c90-4ce8-85d3-c4fe6b7bd917/0003_AbCQRJ_sm.jpeg;https://media.app.artisio.co/media/3fc437c0-fdbb-4208-955a-90293eab416d/inventory/60ade76c-f21f-4822-9c45-f2e80603e7b2/a315edd6-05e6-4433-903e-9311d1ecc075/0004_ZzhVPJ_sm.jpeg;https://media.app.artisio.co/media/3fc437c0-fdbb-4208-955a-90293eab416d/inventory/60ade76c-f21f-4822-9c45-f2e80603e7b2/bd99933b-02e7-4751-8703-041694b2d052/0005_EbuVdL_sm.jpeg,4,"{""artist_retail_right"": false, ""comments"": null, ""condition"": null, ""condition_report"": null, ""dimensions"": null, ""extra_text"": null, ""footnote"": null, ""header"": null, ""internal_reference"": null, ""keurkamer"": false, ""literature"": ""<p>Herkomst:<br>-Veiling, Christie's, Amsterdam, 18 november 2008, lot 319.<br>-Private collectie, Ierland.</p>"", ""origin_exhibition_lite"": null, ""painter_artist_school"": ""Constant Artz (1870-1951)"", ""period"": null, ""signature_dating"": ""gesigneerd 'Constant Artz' (rechtsonder)"", ""technique_size"": ""olieverf op doek, 30,5x40,5 cm (44x55 cm incl. lijst)"", ""title"": ""Familie eenden bij de waterrand"", ""total"": null, ""weight_size_quality"": null}"
91166bea-9c42-4861-b381-448346fb90f7,10026,26-0120/1,67d3691b-0d4a-4615-9e5c-fbf4dfd989e8,723,Vendue Next Door Part 2 Premium | september,Premium schilderijen,"Damesportret, mogelijk Sarah Churchill, Hertogin van Marlborough.","Europese School (18de eeuw), Damesportret, mogelijk Sarah Churchill, Hertogin van Marlborough.","<h3>Painter / Artist / School</h3>Europese School (18de eeuw)<h3>Technique / Size</h3>olieverf op paneel, 26x20 cm (40x34 cm incl. lijst)",published,EUR,500.0,700.0,300.0,300.0,,1,0,,,True,"Mon, 31 Aug 2026 08:00:00 GMT","Tue, 08 Sep 2026 17:06:00 GMT",https://media.app.artisio.co/media/3fc437c0-fdbb-4208-955a-90293eab416d/inventory/2dceab5f-db37-4b8f-afe9-b24f5cb14a82/d0359535-9b79-4428-b858-03c419363165/0001_inMmqw_sm.jpeg;https://media.app.artisio.co/media/3fc437c0-fdbb-4208-955a-90293eab416d/inventory/2dceab5f-db37-4b8f-afe9-b24f5cb14a82/04a5c5af-08e5-4f17-8948-6cde52e81e24/0002_sPfVsH_sm.jpeg;https://media.app.artisio.co/media/3fc437c0-fdbb-4208-955a-90293eab416d/inventory/2dceab5f-db37-4b8f-afe9-b24f5cb14a82/5cf61c3c-a830-48b8-a99f-196df5bf434c/0003_iWYBkW_sm.jpeg,3,"{""artist_retail_right"": false, ""comments"": null, ""condition"": null, ""condition_report"": null, ""dimensions"": null, ""extra_text"": null, ""footnote"": null, ""header"": null, ""internal_reference"": null, ""keurkamer"": false, ""literature"": null, ""origin_exhibition_lite"": null, ""painter_artist_school"": ""Europese School (18de eeuw)"", ""period"": null, ""signature_dating"": null, ""technique_size"": ""olieverf op paneel, 26x20 cm (40x34 cm incl. lijst)"", ""title"": ""Damesportret, mogelijk Sarah Churchill, Hertogin van Marlborough."", ""total"": null, ""weight_size_quality"": null}"
88920068-f4c7-4927-9d0e-b6115c599298,10027,26-0145/29,67d3691b-0d4a-4615-9e5c-fbf4dfd989e8,723,Vendue Next Door Part 2 Premium | september,Premium schilderijen,Slaapend kindje,"Jan Sluijters (1881-1957), Slaapend kindje","<h3>Painter / Artist / School</h3>Jan Sluijters (1881-1957)<h3>Literature</h3><p>Herkomst:<br>-Collectie Mr en Mevr. Nijkerk.</p><h3>Technique / Size</h3>potlood en kleurpotlood op papier, 17,5x19,5 cm (33,5x34,5 cm incl. lijst)<h3>Signature / Dating</h3>gesigneerd 'Jan Sluijters' (midden onder); geannoteerd 'Voor de heer en mevrouw/Nijkerk/van hun dankbare ''lifter'' ' (op een persoonlijke kaart aan de achterzijde)",published,EUR,500.0,700.0,300.0,300.0,,1,0,,,True,"Mon, 31 Aug 2026 08:00:00 GMT","Tue, 08 Sep 2026 17:06:00 GMT",https://media.app.artisio.co/media/3fc437c0-fdbb-4208-955a-90293eab416d/inventory/dd759604-9ce7-46c6-a69c-13100824e0ce/6e6ce263-9fe6-4ce8-a3d9-57c442641c07/0002_xhQdKU_sm.jpeg;https://media.app.artisio.co/media/3fc437c0-fdbb-4208-955a-90293eab416d/inventory/dd759604-9ce7-46c6-a69c-13100824e0ce/e9d99082-ab6b-4bc1-a6c2-aabb3456da4e/0003_jvOjpT_sm.jpeg;https://media.app.artisio.co/media/3fc437c0-fdbb-4208-955a-90293eab416d/inventory/dd759604-9ce7-46c6-a69c-13100824e0ce/dbe7731b-83c9-4e1f-b311-a0e62e81c672/0004_dpueEa_sm.jpeg;https://media.app.artisio.co/media/3fc437c0-fdbb-4208-955a-90293eab416d/inventory/dd759604-9ce7-46c6-a69c-13100824e0ce/86d16ee5-0476-437c-8632-ff64d32acdfa/0005_TppNEu_sm.jpeg,4,"{""artist_retail_right"": false, ""comments"": null, ""condition"": null, ""condition_report"": null, ""dimensions"": null, ""extra_text"": null, ""footnote"": null, ""header"": null, ""internal_reference"": null, ""keurkamer"": false, ""literature"": ""<p>Herkomst:<br>-Collectie Mr en Mevr. Nijkerk.</p>"", ""origin_exhibition_lite"": null, ""painter_artist_school"": ""Jan Sluijters (1881-1957)"", ""period"": null, ""signature_dating"": ""gesigneerd 'Jan Sluijters' (midden onder); geannoteerd 'Voor de heer en mevrouw/Nijkerk/van hun dankbare ''lifter'' ' (op een persoonlijke kaart aan de achterzijde)"", ""technique_size"": ""potlood en kleurpotlood op papier, 17,5x19,5 cm (33,5x34,5 cm incl. lijst)"", ""title"": ""Slaapend kindje"", ""total"": null, ""weight_size_quality"": null}"
ab8cf7e3-187b-40cf-bd4e-acc4181e4a4b,10028,26-0145/30,67d3691b-0d4a-4615-9e5c-fbf4dfd989e8,723,Vendue Next Door Part 2 Premium | september,Premium schilderijen,Zonder titel,"Lucebert (1924-1994), Zonder titel","<h3>Painter / Artist / School</h3>Lucebert (1924-1994)<h3>Technique / Size</h3>potlood en kleurpotlood op papier, 29,5x21 cm (46,5x37 cm incl. lijst)<h3>Signature / Dating</h3>gesigneerd 'Lucebert' (rechtsonder); gedateerd '93.I.II' (linksonder)",published,EUR,500.0,700.0,300.0,300.0,,1,1,300.0,300.0,True,"Mon, 31 Aug 2026 08:00:00 GMT","Tue, 08 Sep 2026 17:06:00 GMT",https://media.app.artisio.co/media/3fc437c0-fdbb-4208-955a-90293eab416d/inventory/8888a571-73cb-47c3-a80b-a15c8d60649f/b62f48be-7d4f-4a32-8067-971c052e3d92/0002_Zcaett_sm.jpeg;https://media.app.artisio.co/media/3fc437c0-fdbb-4208-955a-90293eab416d/inventory/8888a571-73cb-47c3-a80b-a15c8d60649f/d29c3a79-91f5-4d29-887b-aa54977523e4/0003_oWeCKE_sm.jpeg;https://media.app.artisio.co/media/3fc437c0-fdbb-4208-955a-90293eab416d/inventory/8888a571-73cb-47c3-a80b-a15c8d60649f/d6b8f3fe-b9ec-470b-8227-7747fd4c4cc3/0004_PFpQDo_sm.jpeg,3,"{""artist_retail_right"": false, ""comments"": null, ""condition"": null, ""condition_report"": null, ""dimensions"": null, ""extra_text"": null, ""footnote"": null, ""header"": null, ""internal_reference"": null, ""keurkamer"": false, ""literature"": null, ""origin_exhibition_lite"": null, ""painter_artist_school"": ""Lucebert (1924-1994)"", ""period"": null, ""signature_dating"": ""gesigneerd 'Lucebert' (rechtsonder); gedateerd '93.I.II' (linksonder)"", ""technique_size"": ""potlood en kleurpotlood op papier, 29,5x21 cm (46,5x37 cm incl. lijst)"", ""title"": ""Zonder titel"", ""total"": null, ""weight_size_quality"": null}"
7b40eac3-b669-453c-bb62-b62686b99777,10029,26-0459/43,67d3691b-0d4a-4615-9e5c-fbf4dfd989e8,723,Vendue Next Door Part 2 Premium | september,Premium schilderijen,Dorpje in de heuvels,"Janez Sedej (Slovenian, 1910-1985), Dorpje in de heuvels","<h3>Painter / Artist / School</h3>Janez Sedej (Slovenian, 1910-1985)<h3>Technique / Size</h3>olieverf op paneel, 35,5x46,5 cm (45x56 cm incl. lijst)<h3>Signature / Dating</h3>gesigneerd en gedateerd 'Sedej Janez 1976' (linksonder)",published,EUR,300.0,400.0,100.0,,,1,3,140.0,140.0,True,"Mon, 31 Aug 2026 08:00:00 GMT","Tue, 08 Sep 2026 17:06:00 GMT",https://media.app.artisio.co/media/3fc437c0-fdbb-4208-955a-90293eab416d/inventory/915ca5b7-ae86-41ec-906b-f8fe3a72fe42/98dc826a-e148-4cbb-b380-27d47131214e/0001_YLUyez_sm.jpeg;https://media.app.artisio.co/media/3fc437c0-fdbb-4208-955a-90293eab416d/inventory/915ca5b7-ae86-41ec-906b-f8fe3a72fe42/3c965a0a-af77-43a6-b028-bf8d361fb271/0002_GVaaQQ_sm.jpeg;https://media.app.artisio.co/media/3fc437c0-fdbb-4208-955a-90293eab416d/inventory/915ca5b7-ae86-41ec-906b-f8fe3a72fe42/5bfd50da-7f4a-42c2-922d-da65e34c1cda/0003_VhExls_sm.jpeg;https://media.app.artisio.co/media/3fc437c0-fdbb-4208-955a-90293eab416d/inventory/915ca5b7-ae86-41ec-906b-f8fe3a72fe42/93c63d17-e4d4-4102-bf3f-fdc2ec5d1a17/0004_BxgwHd_sm.jpeg,4,"{""artist_retail_right"": false, ""comments"": null, ""condition"": null, ""condition_report"": null, ""dimensions"": null, ""extra_text"": null, ""footnote"": null, ""header"": null, ""internal_reference"": null, ""keurkamer"": false, ""literature"": null, ""origin_exhibition_lite"": null, ""painter_artist_school"": ""Janez Sedej (Slovenian, 1910-1985)"", ""period"": null, ""signature_dating"": ""gesigneerd en gedateerd 'Sedej Janez 1976' (linksonder)"", ""technique_size"": ""olieverf op paneel, 35,5x46,5 cm (45x56 cm incl. lijst)"", ""title"": ""Dorpje in de heuvels"", ""total"": null, ""weight_size_quality"": null}"
722c3895-6dcf-4be9-9f12-57f35e65842d,10030,26-0459/41,67d3691b-0d4a-4615-9e5c-fbf4dfd989e8,723,Vendue Next Door Part 2 Premium | september,Premium schilderijen,Rond de tafel,"Jan January Janczak (Pools, 1938-2025) , Rond de tafel","<h3>Painter / Artist / School</h3>Jan January Janczak (Pools, 1938-2025)<h3>Technique / Size</h3>olieverf op paneel, 58x43 cm (166,5x51,5 cm incl. lijst)<h3>Signature / Dating</h3>gesigneerd en gedateerd 'Janczak Jan A' (linksonder); gesigneerd, getiteld en geannoteerd (op een label op de achterzijde)",published,EUR,400.0,600.0,200.0,,,1,0,,,True,"Mon, 31 Aug 2026 08:00:00 GMT","Tue, 08 Sep 2026 17:06:00 GMT",https://media.app.artisio.co/media/3fc437c0-fdbb-4208-955a-90293eab416d/inventory/6848c470-a5a2-4bd9-bfbb-def001c5734b/00b509b9-7611-4cb5-a7fd-f2e64a5f1b09/0001_TLlBLh_sm.jpeg;https://media.app.artisio.co/media/3fc437c0-fdbb-4208-955a-90293eab416d/inventory/6848c470-a5a2-4bd9-bfbb-def001c5734b/69686b03-d44a-41cb-914c-67aa622e02a0/0002_OTwTRj_sm.jpeg;https://media.app.artisio.co/media/3fc437c0-fdbb-4208-955a-90293eab416d/inventory/6848c470-a5a2-4bd9-bfbb-def001c5734b/af4c52ef-1817-4f08-b545-a521be195d5f/0003_ysDWJb_sm.jpeg;https://media.app.artisio.co/media/3fc437c0-fdbb-4208-955a-90293eab416d/inventory/6848c470-a5a2-4bd9-bfbb-def001c5734b/111f0efa-fcf5-461d-b39d-3dad5b5826e7/0004_himJUA_sm.jpeg,4,"{""artist_retail_right"": false, ""comments"": null, ""condition"": null, ""condition_report"": null, ""dimensions"": null, ""extra_text"": null, ""footnote"": null, ""header"": null, ""internal_reference"": null, ""keurkamer"": false, ""literature"": null, ""origin_exhibition_lite"": null, ""painter_artist_school"": ""Jan January Janczak (Pools, 1938-2025) "", ""period"": null, ""signature_dating"": ""gesigneerd en gedateerd 'Janczak Jan A' (linksonder); gesigneerd, getiteld en geannoteerd (op een label op de achterzijde)"", ""technique_size"": ""olieverf op paneel, 58x43 cm (166,5x51,5 cm incl. lijst)"", ""title"": ""Rond de tafel"", ""total"": null, ""weight_size_quality"": null}"
723889dc-4994-4835-9afa-ee1754d48794,10031,26-0459/47,67d3691b-0d4a-4615-9e5c-fbf4dfd989e8,723,Vendue Next Door Part 2 Premium | september,Premium schilderijen,Spelnione nadzieje,"Jan January Janczak (Pools, 1938-2025) , Spelnione nadzieje","<h3>Painter / Artist / School</h3>Jan January Janczak (Pools, 1938-2025)<h3>Technique / Size</h3>olieverf op doek, 45x56 cm (57x68 cm incl. lijst)<h3>Signature / Dating</h3>gesigneerd en gedateerd 'Jan Janczak A + W' (midden onder); gesigneerd en getiteld (op de achterzijde)",published,EUR,400.0,600.0,200.0,200.0,,1,0,,,True,"Mon, 31 Aug 2026 08:00:00 GMT","Tue, 08 Sep 2026 17:09:00 GMT",https://media.app.artisio.co/media/3fc437c0-fdbb-4208-955a-90293eab416d/inventory/14b9a932-1a6f-4e47-b510-0417bf033762/7ab12138-854c-4564-b5bc-f00f88feaaf8/0001_olCZEa_sm.jpeg;https://media.app.artisio.co/media/3fc437c0-fdbb-4208-955a-90293eab416d/inventory/14b9a932-1a6f-4e47-b510-0417bf033762/14a308bf-124b-43d5-8325-ad730766416c/0002_FfgvkE_sm.jpeg;https://media.app.artisio.co/media/3fc437c0-fdbb-4208-955a-90293eab416d/inventory/14b9a932-1a6f-4e47-b510-0417bf033762/a56404c1-f4d2-40b5-92e2-3c833f95a09b/0003_vtOUwo_sm.jpeg;https://media.app.artisio.co/media/3fc437c0-fdbb-4208-955a-90293eab416d/inventory/14b9a932-1a6f-4e47-b510-0417bf033762/bb0392ad-8acb-4ca4-a211-e9be4bf04df3/0004_dujGpL_sm.jpeg,4,"{""artist_retail_right"": false, ""comments"": null, ""condition"": null, ""condition_report"": null, ""dimensions"": null, ""extra_text"": null, ""footnote"": null, ""header"": null, ""internal_reference"": null, ""keurkamer"": false, ""literature"": null, ""origin_exhibition_lite"": null, ""painter_artist_school"": ""Jan January Janczak (Pools, 1938-2025) "", ""period"": null, ""signature_dating"": ""gesigneerd en gedateerd 'Jan Janczak A + W' (midden onder); gesigneerd en getiteld (op de achterzijde)"", ""technique_size"": ""olieverf op doek, 45x56 cm (57x68 cm incl. lijst)"", ""title"": ""Spelnione nadzieje"", ""total"": null, ""weight_size_quality"": null}"
7677f399-c578-401f-ae8a-02b4edb82aea,10032,26-0459/48,67d3691b-0d4a-4615-9e5c-fbf4dfd989e8,723,Vendue Next Door Part 2 Premium | september,Premium schilderijen,'Ambicje iktopoty',"Jan January Janczak (Pools, 1938-2025) , 'Ambicje iktopoty'","<h3>Painter / Artist / School</h3>Jan January Janczak (Pools, 1938-2025)<h3>Technique / Size</h3>olieverf op doek, 59x44 cm (75x61 cm incl. lijst)<h3>Signature / Dating</h3>gesigneerd en gedateerd 'Jan Janczak A + W' (linksonder); gesigneerd en getiteld (op de achterzijde)",published,EUR,400.0,600.0,200.0,200.0,,1,0,,,True,"Mon, 31 Aug 2026 08:00:00 GMT","Tue, 08 Sep 2026 17:09:00 GMT",https://media.app.artisio.co/media/3fc437c0-fdbb-4208-955a-90293eab416d/inventory/c13a48c8-b5d2-4ac7-bfd7-2410c9ce3f0d/36369a38-13e6-42f5-84e8-9de065d2dc0b/0003_vaGriq_sm.jpeg;https://media.app.artisio.co/media/3fc437c0-fdbb-4208-955a-90293eab416d/inventory/c13a48c8-b5d2-4ac7-bfd7-2410c9ce3f0d/39e6795b-5f0d-4426-ad38-e2970e35d88c/0003a_oxoSqC_sm.jpeg;https://media.app.artisio.co/media/3fc437c0-fdbb-4208-955a-90293eab416d/inventory/c13a48c8-b5d2-4ac7-bfd7-2410c9ce3f0d/3a69a6e0-399d-4371-8dfa-167fa7083f27/0003b_pNiBIn_sm.jpeg;https://media.app.artisio.co/media/3fc437c0-fdbb-4208-955a-90293eab416d/inventory/c13a48c8-b5d2-4ac7-bfd7-2410c9ce3f0d/837e7867-9a60-4b30-bbfa-419658f034e8/0003c_hXUYuq_sm.jpeg,4,"{""artist_retail_right"": false, ""comments"": null, ""condition"": null, ""condition_report"": null, ""dimensions"": null, ""extra_text"": null, ""footnote"": null, ""header"": null, ""internal_reference"": null, ""keurkamer"": false, ""literature"": null, ""origin_exhibition_lite"": null, ""painter_artist_school"": ""Jan January Janczak (Pools, 1938-2025) "", ""period"": null, ""signature_dating"": ""gesigneerd en gedateerd 'Jan Janczak A + W' (linksonder); gesigneerd en getiteld (op de achterzijde)"", ""technique_size"": ""olieverf op doek, 59x44 cm (75x61 cm incl. lijst) "", ""title"": ""'Ambicje iktopoty'"", ""total"": null, ""weight_size_quality"": null}"
c109adcd-2492-4613-b29b-bb16356d4049,10033,26-0542/1,67d3691b-0d4a-4615-9e5c-fbf4dfd989e8,723,Vendue Next Door Part 2 Premium | september,Premium schilderijen,Town by the water,"Salomon Leonardus Verveer (1813-1876), Town by the water","<h3>Painter / Artist / School</h3>Salomon Leonardus Verveer (1813-1876)<h3>Literature</h3><p>Provenance:<br>-Bij Art Gallery Gérard, Wassenaar, tot 1976 (label op de stretcher).</p><h3>Signature / Dating</h3>watercolour and pencil on paper, 15,5x20,5 cm (35,5x39,5 cm incl. frame)<h3>Extra Text</h3><p>signed and dated ‘SL Verveer ft 51’ (lower left)</p>",published,EUR,400.0,600.0,300.0,300.0,,1,0,,,True,"Mon, 31 Aug 2026 08:00:00 GMT","Tue, 08 Sep 2026 17:09:00 GMT",https://media.app.artisio.co/media/3fc437c0-fdbb-4208-955a-90293eab416d/inventory/50b08854-8ed4-48f5-971c-1f8fc114d6bf/bdeab063-3524-4368-bc09-6c01cf85c0a4/0001_pDCjZK_sm.jpeg;https://media.app.artisio.co/media/3fc437c0-fdbb-4208-955a-90293eab416d/inventory/50b08854-8ed4-48f5-971c-1f8fc114d6bf/20acd9bf-48b3-4a77-b3ff-a0a56021f9ec/0002_eDexZw_sm.jpeg;https://media.app.artisio.co/media/3fc437c0-fdbb-4208-955a-90293eab416d/inventory/50b08854-8ed4-48f5-971c-1f8fc114d6bf/fc60d3fe-1935-4ca5-95db-9678d9cf7b04/0003_vxsiiH_sm.jpeg;https://media.app.artisio.co/media/3fc437c0-fdbb-4208-955a-90293eab416d/inventory/50b08854-8ed4-48f5-971c-1f8fc114d6bf/1f3f2856-1429-4aa0-adaf-cb31ed67ec46/0004_sJHzMO_sm.jpeg,4,"{""artist_retail_right"": false, ""comments"": null, ""condition"": null, ""condition_report"": null, ""dimensions"": null, ""extra_text"": ""<p>signed and dated ‘SL Verveer ft 51’ (lower left)</p>"", ""footnote"": null, ""header"": null, ""internal_reference"": null, ""keurkamer"": false, ""literature"": ""<p>Provenance:<br>-Bij Art Gallery Gérard, Wassenaar, tot 1976 (label op de stretcher).</p>"", ""origin_exhibition_lite"": null, ""painter_artist_school"": ""Salomon Leonardus Verveer (1813-1876)"", ""period"": null, ""signature_dating"": ""watercolour and pencil on paper, 15,5x20,5 cm (35,5x39,5 cm incl. frame)"", ""technique_size"": null, ""title"": ""Town by the water"", ""total"": null, ""weight_size_quality"": null}"
e1b34dd8-78e3-421c-b065-719299244a99,10034,26-0097/4,67d3691b-0d4a-4615-9e5c-fbf4dfd989e8,723,Vendue Next Door Part 2 Premium | september,Premium schilderijen,Diverse voorstellingen ,"Dirk Hidde Nijland (1881-1955) (7x), Diverse voorstellingen ","<h3>Painter / Artist / School</h3>Dirk Hidde Nijland (1881-1955) (7x)<h3>Technique / Size</h3>alle lithografie, zonder lijst, diverse afmetingen van 15,5x22,5 cm tot 28x45,5 cm<h3>Signature / Dating</h3>alle in potlood gesigneerd 'Dirk Nijland.' (rechtsonder); alle in potlood genummerd (linksonder)",published,EUR,300.0,400.0,100.0,100.0,,1,0,,,True,"Mon, 31 Aug 2026 08:00:00 GMT","Tue, 08 Sep 2026 17:09:00 GMT",https://media.app.artisio.co/media/3fc437c0-fdbb-4208-955a-90293eab416d/inventory/f5228d7e-e5d2-4c70-9bba-46c3f56fad63/5b2651ac-f8b5-4fe1-b339-db942d5f727b/0001_IEhoNB_sm.jpeg;https://media.app.artisio.co/media/3fc437c0-fdbb-4208-955a-90293eab416d/inventory/f5228d7e-e5d2-4c70-9bba-46c3f56fad63/0fe2ecc8-76af-4473-b431-952ad313423f/0001a_uCIMmv_sm.jpeg;https://media.app.artisio.co/media/3fc437c0-fdbb-4208-955a-90293eab416d/inventory/f5228d7e-e5d2-4c70-9bba-46c3f56fad63/5f282512-db81-4905-b332-7552ce1d13db/0002_HduKEo_sm.jpeg;https://media.app.artisio.co/media/3fc437c0-fdbb-4208-955a-90293eab416d/inventory/f5228d7e-e5d2-4c70-9bba-46c3f56fad63/b2e0c375-873f-48c4-bf6e-38b2e820f5d9/0003_FGHfZM_sm.jpeg;https://media.app.artisio.co/media/3fc437c0-fdbb-4208-955a-90293eab416d/inventory/f5228d7e-e5d2-4c70-9bba-46c3f56fad63/88988cb9-dad1-4c2b-9146-0e6ed3a6aedb/0004_ClCRkg_sm.jpeg;https://media.app.artisio.co/media/3fc437c0-fdbb-4208-955a-90293eab416d/inventory/f5228d7e-e5d2-4c70-9bba-46c3f56fad63/fd1153ad-0ca5-4e42-87f0-76cd9ae98d1d/0005_xCEIoa_sm.jpeg;https://media.app.artisio.co/media/3fc437c0-fdbb-4208-955a-90293eab416d/inventory/f5228d7e-e5d2-4c70-9bba-46c3f56fad63/fad54bcf-2f2a-44c4-bf66-4de6978dc329/0006_sxVuZv_sm.jpeg;https://media.app.artisio.co/media/3fc437c0-fdbb-4208-955a-90293eab416d/inventory/f5228d7e-e5d2-4c70-9bba-46c3f56fad63/9a180414-2cae-4c1d-918e-9eab52a3d99a/0007_KBSvsg_sm.jpeg;https://media.app.artisio.co/media/3fc437c0-fdbb-4208-955a-90293eab416d/inventory/f5228d7e-e5d2-4c70-9bba-46c3f56fad63/361cbcb8-4f94-49a5-8e33-014667fb8d21/0008_GevYbH_sm.jpeg;https://media.app.artisio.co/media/3fc437c0-fdbb-4208-955a-90293eab416d/inventory/f5228d7e-e5d2-4c70-9bba-46c3f56fad63/36638279-0889-44aa-82b4-c0d94962b96e/0009_EYMcPj_sm.jpeg;https://media.app.artisio.co/media/3fc437c0-fdbb-4208-955a-90293eab416d/inventory/f5228d7e-e5d2-4c70-9bba-46c3f56fad63/12982ae3-40b6-4331-9d6a-32466a365ab5/0010_ORvMKi_sm.jpeg;https://media.app.artisio.co/media/3fc437c0-fdbb-4208-955a-90293eab416d/inventory/f5228d7e-e5d2-4c70-9bba-46c3f56fad63/f01a6d70-e6d5-4264-8509-71ffa7f321b9/0011_zddGxJ_sm.jpeg;https://media.app.artisio.co/media/3fc437c0-fdbb-4208-955a-90293eab416d/inventory/f5228d7e-e5d2-4c70-9bba-46c3f56fad63/885164aa-7264-43d6-8b3e-a48d43857cd3/0012_Ereqba_sm.jpeg;https://media.app.artisio.co/media/3fc437c0-fdbb-4208-955a-90293eab416d/inventory/f5228d7e-e5d2-4c70-9bba-46c3f56fad63/7c2f1921-dec5-41d6-aaef-8bd1d9c67ea8/0013_vBOtZw_sm.jpeg;https://media.app.artisio.co/media/3fc437c0-fdbb-4208-955a-90293eab416d/inventory/f5228d7e-e5d2-4c70-9bba-46c3f56fad63/674b2183-08a3-4176-a7b3-d15ccd211b3a/0014_BmVJND_sm.jpeg;https://media.app.artisio.co/media/3fc437c0-fdbb-4208-955a-90293eab416d/inventory/f5228d7e-e5d2-4c70-9bba-46c3f56fad63/d0688450-8a12-40ef-adb8-15697a754f64/0015_QCeQjw_sm.jpeg;https://media.app.artisio.co/media/3fc437c0-fdbb-4208-955a-90293eab416d/inventory/f5228d7e-e5d2-4c70-9bba-46c3f56fad63/64b02ee0-c6b5-4e6d-a500-4674b7f47e3c/0016_WtWRZO_sm.jpeg;https://media.app.artisio.co/media/3fc437c0-fdbb-4208-955a-90293eab416d/inventory/f5228d7e-e5d2-4c70-9bba-46c3f56fad63/37bbe71a-27f7-4150-8aa6-8294f7b378b2/0017_Eugjnw_sm.jpeg;https://media.app.artisio.co/media/3fc437c0-fdbb-4208-955a-90293eab416d/inventory/f5228d7e-e5d2-4c70-9bba-46c3f56fad63/2db48a84-c34b-41f5-b8d6-9431afc3d5ba/0018_JYRwaW_sm.jpeg;https://media.app.artisio.co/media/3fc437c0-fdbb-4208-955a-90293eab416d/inventory/f5228d7e-e5d2-4c70-9bba-46c3f56fad63/8f6a75f9-fb5e-4835-aed9-4a76a6b38449/0019_ChFvXA_sm.jpeg;https://media.app.artisio.co/media/3fc437c0-fdbb-4208-955a-90293eab416d/inventory/f5228d7e-e5d2-4c70-9bba-46c3f56fad63/a386d6fb-5ae0-4882-b730-99f841d32fcb/0020_CPQAEb_sm.jpeg;https://media.app.artisio.co/media/3fc437c0-fdbb-4208-955a-90293eab416d/inventory/f5228d7e-e5d2-4c70-9bba-46c3f56fad63/c49174ab-adb4-442b-b868-26cafbe52cdb/0021_HGRsTy_sm.jpeg;https://media.app.artisio.co/media/3fc437c0-fdbb-4208-955a-90293eab416d/inventory/f5228d7e-e5d2-4c70-9bba-46c3f56fad63/33e3eec7-f47a-4a45-b7c8-527842290e71/0022_JJruef_sm.jpeg;https://media.app.artisio.co/media/3fc437c0-fdbb-4208-955a-90293eab416d/inventory/f5228d7e-e5d2-4c70-9bba-46c3f56fad63/64c3e7e9-81e1-42ba-9031-f38dc89be9c4/0023_ULgXyI_sm.jpeg;https://media.app.artisio.co/media/3fc437c0-fdbb-4208-955a-90293eab416d/inventory/f5228d7e-e5d2-4c70-9bba-46c3f56fad63/182767d8-9740-48e9-89cb-832017366264/0024_BnSyCq_sm.jpeg;https://media.app.artisio.co/media/3fc437c0-fdbb-4208-955a-90293eab416d/inventory/f5228d7e-e5d2-4c70-9bba-46c3f56fad63/e74ee4e1-2c6d-4bd4-ab15-20fa1f240bb7/0025_jPOiLq_sm.jpeg;https://media.app.artisio.co/media/3fc437c0-fdbb-4208-955a-90293eab416d/inventory/f5228d7e-e5d2-4c70-9bba-46c3f56fad63/6b3e9af5-b67e-469a-814f-7eef90e0dce1/0026_ADZcFC_sm.jpeg,27,"{""artist_retail_right"": false, ""comments"": null, ""condition"": null, ""condition_report"": null, ""dimensions"": null, ""extra_text"": null, ""footnote"": null, ""header"": null, ""internal_reference"": null, ""keurkamer"": false, ""literature"": null, ""origin_exhibition_lite"": null, ""painter_artist_school"": ""Dirk Hidde Nijland (1881-1955) (7x)"", ""period"": null, ""signature_dating"": ""alle in potlood gesigneerd 'Dirk Nijland.' (rechtsonder); alle in potlood genummerd (linksonder)"", ""technique_size"": ""alle lithografie, zonder lijst, diverse afmetingen van 15,5x22,5 cm tot 28x45,5 cm"", ""title"": ""Diverse voorstellingen "", ""total"": null, ""weight_size_quality"": null}"
6c653836-e760-4cf6-b532-e89793295d5f,10035,26-0097/18,67d3691b-0d4a-4615-9e5c-fbf4dfd989e8,723,Vendue Next Door Part 2 Premium | september,Premium schilderijen,"I. 'Het pierement'; II. 'Wendingen, maandblad voor bouwen en sieren van architectura et amicitia' serie 9 no. 9: Thorn Prikker","Hendrik Nicolaas Werkman (1882-1945) (2x), I. 'Het pierement'; II. 'Wendingen, maandblad voor bouwen en sieren van architectura et amicitia' serie 9 no. 9: Thorn Prikker","<h3>Painter / Artist / School</h3>Hendrik Nicolaas Werkman (1882-1945) (2x)<h3>Literature</h3><p>Literatuur:&nbsp;<br>- I. Dieuwertje Dekkers, Jikke van der Spek and Anneke de Vries, ‘H.N. Werkman. Het complete oeuvre’, Rotterdam 2008, ill. nr. G-138.&nbsp;</p><h3>Technique / Size</h3>I. druk, zonder lijst, 24,5x16 cm; II. tijdschrift, zonder lijst, 33,5x33,5 cm<h3>Extra Text</h3><p>I. Dit boekje is in 1930 gedrukt door N.H. Werkman en bevat 16 pagina’s met tekst van ‘Community Singing’, het collectieve pseudoniem van Halbo C. Kool, A.J.P. Tammes, Herman Poort en Scheltema.</p><p>II. Dit tijdschrift is gedrukt in 1928 en gewijd aan het werk van Johan Thorn Prikker (1868-1932). De omslag is gedrukt naar een houtsnede van Hildo Crop (1884-1970).</p>",published,EUR,300.0,500.0,100.0,100.0,,1,0,,,True,"Mon, 31 Aug 2026 08:00:00 GMT","Tue, 08 Sep 2026 17:09:00 GMT",https://media.app.artisio.co/media/3fc437c0-fdbb-4208-955a-90293eab416d/inventory/2beb2bae-61dc-415c-abb7-372e92ec9d39/070697f5-22c8-4f6d-9a54-caed8c8f7ece/0001_edBbDF_sm.jpeg;https://media.app.artisio.co/media/3fc437c0-fdbb-4208-955a-90293eab416d/inventory/2beb2bae-61dc-415c-abb7-372e92ec9d39/f2f8856d-9c98-46ef-9bc7-2442e1f262f5/0002_wKGXkB_sm.jpeg;https://media.app.artisio.co/media/3fc437c0-fdbb-4208-955a-90293eab416d/inventory/2beb2bae-61dc-415c-abb7-372e92ec9d39/47dd8075-3479-4347-8e99-f1407f69fd08/0003_mrBYnh_sm.jpeg;https://media.app.artisio.co/media/3fc437c0-fdbb-4208-955a-90293eab416d/inventory/2beb2bae-61dc-415c-abb7-372e92ec9d39/23e1280f-e8a8-4b70-a04d-23fc4a40388e/0004_IKXqIj_sm.jpeg,4,"{""artist_retail_right"": false, ""comments"": null, ""condition"": null, ""condition_report"": null, ""dimensions"": null, ""extra_text"": ""<p>I. Dit boekje is in 1930 gedrukt door N.H. Werkman en bevat 16 pagina’s met tekst van ‘Community Singing’, het collectieve pseudoniem van Halbo C. Kool, A.J.P. Tammes, Herman Poort en Scheltema.</p><p>II. Dit tijdschrift is gedrukt in 1928 en gewijd aan het werk van Johan Thorn Prikker (1868-1932). De omslag is gedrukt naar een houtsnede van Hildo Crop (1884-1970).</p>"", ""footnote"": null, ""header"": null, ""internal_reference"": null, ""keurkamer"": false, ""literature"": ""<p>Literatuur:&nbsp;<br>- I. Dieuwertje Dekkers, Jikke van der Spek and Anneke de Vries, ‘H.N. Werkman. Het complete oeuvre’, Rotterdam 2008, ill. nr. G-138.&nbsp;</p>"", ""origin_exhibition_lite"": null, ""painter_artist_school"": ""Hendrik Nicolaas Werkman (1882-1945) (2x)"", ""period"": null, ""signature_dating"": null, ""technique_size"": ""I. druk, zonder lijst, 24,5x16 cm; II. tijdschrift, zonder lijst, 33,5x33,5 cm"", ""title"": ""I. 'Het pierement'; II. 'Wendingen, maandblad voor bouwen en sieren van architectura et amicitia' serie 9 no. 9: Thorn Prikker"", ""total"": null, ""weight_size_quality"": null}"
4e5a5a81-4ef8-4a26-b5f1-d33ac5749a46,10036,26-0097/19,67d3691b-0d4a-4615-9e5c-fbf4dfd989e8,723,Vendue Next Door Part 2 Premium | september,Premium schilderijen,'De Zuiderzeewerken. Een schetsboek',"Dirk Hidde Nijland (1881-1955), 'De Zuiderzeewerken. Een schetsboek'","<h3>Painter / Artist / School</h3>Dirk Hidde Nijland (1881-1955)<h3>Technique / Size</h3>24 bladen, elk 40x28 cm<h3>Signature / Dating</h3>genummerd en gesigneerd '265/Dirk Nijland' (op de colofon pagina)<h3>Extra Text</h3><p>Portefeuille met 24 collotypie-reproducties van tekeningen van Nijland. Dit is exemplaar nr. 265 van een oplage van 350. Uitgegeven door G.J. Nieuwhuizen te Leiden in 1932.</p>",published,EUR,200.0,400.0,100.0,100.0,,1,0,,,True,"Mon, 31 Aug 2026 08:00:00 GMT","Tue, 08 Sep 2026 17:09:00 GMT",https://media.app.artisio.co/media/3fc437c0-fdbb-4208-955a-90293eab416d/inventory/1130eba9-9181-4426-be9d-6ce568c9ec00/15c1bc5f-9cc1-4a60-a280-efb5e11cdeed/0001_hlegbk_sm.jpeg;https://media.app.artisio.co/media/3fc437c0-fdbb-4208-955a-90293eab416d/inventory/1130eba9-9181-4426-be9d-6ce568c9ec00/78c11d30-29ff-4486-b834-2f16b3dc1c73/0002_bvRzai_sm.jpeg;https://media.app.artisio.co/media/3fc437c0-fdbb-4208-955a-90293eab416d/inventory/1130eba9-9181-4426-be9d-6ce568c9ec00/3ac30d27-d7bd-469a-a2c3-5835d6d30450/0003_SZIOfY_sm.jpeg;https://media.app.artisio.co/media/3fc437c0-fdbb-4208-955a-90293eab416d/inventory/1130eba9-9181-4426-be9d-6ce568c9ec00/36d1c417-b7dc-4887-bf49-2746166edf2e/0004_glJULd_sm.jpeg;https://media.app.artisio.co/media/3fc437c0-fdbb-4208-955a-90293eab416d/inventory/1130eba9-9181-4426-be9d-6ce568c9ec00/32f2e326-f533-4429-a5f8-6be51bb60439/0005_NAtEUA_sm.jpeg;https://media.app.artisio.co/media/3fc437c0-fdbb-4208-955a-90293eab416d/inventory/1130eba9-9181-4426-be9d-6ce568c9ec00/24502ca1-8d49-4d83-8143-1d722940a2bc/0006_JleVyS_sm.jpeg;https://media.app.artisio.co/media/3fc437c0-fdbb-4208-955a-90293eab416d/inventory/1130eba9-9181-4426-be9d-6ce568c9ec00/36412004-f0fe-4f05-b4f3-756244f105ad/0007_rQyibL_sm.jpeg;https://media.app.artisio.co/media/3fc437c0-fdbb-4208-955a-90293eab416d/inventory/1130eba9-9181-4426-be9d-6ce568c9ec00/04ddbae3-570a-4096-92cb-fcb0318671ae/0008_rLKPjB_sm.jpeg;https://media.app.artisio.co/media/3fc437c0-fdbb-4208-955a-90293eab416d/inventory/1130eba9-9181-4426-be9d-6ce568c9ec00/755e7183-e2b2-4990-9049-0a8a34952437/0009_tYyvCd_sm.jpeg;https://media.app.artisio.co/media/3fc437c0-fdbb-4208-955a-90293eab416d/inventory/1130eba9-9181-4426-be9d-6ce568c9ec00/2b8eee01-3867-4a31-9e57-934bee48ce06/0010_MsNMGI_sm.jpeg;https://media.app.artisio.co/media/3fc437c0-fdbb-4208-955a-90293eab416d/inventory/1130eba9-9181-4426-be9d-6ce568c9ec00/f9e10ad5-1ca0-4e4c-bb28-bb0ca14e768d/0011_bRclar_sm.jpeg;https://media.app.artisio.co/media/3fc437c0-fdbb-4208-955a-90293eab416d/inventory/1130eba9-9181-4426-be9d-6ce568c9ec00/1eeb87d5-8b81-4890-af47-3555797f6a7d/0012_vhhkQk_sm.jpeg;https://media.app.artisio.co/media/3fc437c0-fdbb-4208-955a-90293eab416d/inventory/1130eba9-9181-4426-be9d-6ce568c9ec00/cbd41c0e-bed7-43a1-9a15-a100e8a49c9a/0013_cXyLYj_sm.jpeg;https://media.app.artisio.co/media/3fc437c0-fdbb-4208-955a-90293eab416d/inventory/1130eba9-9181-4426-be9d-6ce568c9ec00/7315f01a-bf73-4fea-a9c0-599b50d9f3e5/0014_AhIaxS_sm.jpeg;https://media.app.artisio.co/media/3fc437c0-fdbb-4208-955a-90293eab416d/inventory/1130eba9-9181-4426-be9d-6ce568c9ec00/50c3a398-f9b0-4d11-8204-564ae4e34053/0015_YPKCOC_sm.jpeg;https://media.app.artisio.co/media/3fc437c0-fdbb-4208-955a-90293eab416d/inventory/1130eba9-9181-4426-be9d-6ce568c9ec00/b362e41e-62b7-4ce8-9cb4-74a60d16d189/0016_iVNhJI_sm.jpeg;https://media.app.artisio.co/media/3fc437c0-fdbb-4208-955a-90293eab416d/inventory/1130eba9-9181-4426-be9d-6ce568c9ec00/96d597dd-7a10-4bb9-8a65-9ae8529598b4/0017_RQFBgk_sm.jpeg;https://media.app.artisio.co/media/3fc437c0-fdbb-4208-955a-90293eab416d/inventory/1130eba9-9181-4426-be9d-6ce568c9ec00/d551ba33-6816-4239-b3ea-335392e6b42a/0018_CDVofX_sm.jpeg;https://media.app.artisio.co/media/3fc437c0-fdbb-4208-955a-90293eab416d/inventory/1130eba9-9181-4426-be9d-6ce568c9ec00/21a4e72c-90cf-4077-b017-180111b212ab/0019_kugzzI_sm.jpeg;https://media.app.artisio.co/media/3fc437c0-fdbb-4208-955a-90293eab416d/inventory/1130eba9-9181-4426-be9d-6ce568c9ec00/18890b65-a743-4b18-b30b-57b4f3e533a3/0020_CSFXXf_sm.jpeg;https://media.app.artisio.co/media/3fc437c0-fdbb-4208-955a-90293eab416d/inventory/1130eba9-9181-4426-be9d-6ce568c9ec00/e467bb14-575e-4b22-aa52-0fb68d7ba51a/0021_OOVLQG_sm.jpeg;https://media.app.artisio.co/media/3fc437c0-fdbb-4208-955a-90293eab416d/inventory/1130eba9-9181-4426-be9d-6ce568c9ec00/327efecc-4bd2-4123-8c8c-f042e4ace56c/0022_LKogXD_sm.jpeg;https://media.app.artisio.co/media/3fc437c0-fdbb-4208-955a-90293eab416d/inventory/1130eba9-9181-4426-be9d-6ce568c9ec00/e8f13f2a-ca23-4a02-b7dd-4848f388af1f/0023_CbAVCi_sm.jpeg;https://media.app.artisio.co/media/3fc437c0-fdbb-4208-955a-90293eab416d/inventory/1130eba9-9181-4426-be9d-6ce568c9ec00/7eb8175c-7117-405e-8ed3-94d9252efbc9/0024_aBmjKT_sm.jpeg;https://media.app.artisio.co/media/3fc437c0-fdbb-4208-955a-90293eab416d/inventory/1130eba9-9181-4426-be9d-6ce568c9ec00/566ce4eb-3460-4906-ae7d-8624d953a610/0025_KqHbRg_sm.jpeg;https://media.app.artisio.co/media/3fc437c0-fdbb-4208-955a-90293eab416d/inventory/1130eba9-9181-4426-be9d-6ce568c9ec00/7bcbd90c-f6ef-40c5-bbd1-c615e61adcfc/0026_ntoXGn_sm.jpeg;https://media.app.artisio.co/media/3fc437c0-fdbb-4208-955a-90293eab416d/inventory/1130eba9-9181-4426-be9d-6ce568c9ec00/8ff7d290-c6c7-46ac-a348-3468fb13c18c/0027_zqallc_sm.jpeg;https://media.app.artisio.co/media/3fc437c0-fdbb-4208-955a-90293eab416d/inventory/1130eba9-9181-4426-be9d-6ce568c9ec00/3158b91f-baad-4466-bbf6-18153eafca7a/0028_ODHIQQ_sm.jpeg,28,"{""artist_retail_right"": false, ""comments"": null, ""condition"": null, ""condition_report"": null, ""dimensions"": null, ""extra_text"": ""<p>Portefeuille met 24 collotypie-reproducties van tekeningen van Nijland. Dit is exemplaar nr. 265 van een oplage van 350. Uitgegeven door G.J. Nieuwhuizen te Leiden in 1932.</p>"", ""footnote"": null, ""header"": null, ""internal_reference"": null, ""keurkamer"": false, ""literature"": null, ""origin_exhibition_lite"": null, ""painter_artist_school"": ""Dirk Hidde Nijland (1881-1955)"", ""period"": null, ""signature_dating"": ""genummerd en gesigneerd '265/Dirk Nijland' (op de colofon pagina)"", ""technique_size"": ""24 bladen, elk 40x28 cm"", ""title"": ""'De Zuiderzeewerken. Een schetsboek'"", ""total"": null, ""weight_size_quality"": null}"
0f5b3276-eda2-4725-ba57-0cb26ce200a9,10037,26-0704/43,67d3691b-0d4a-4615-9e5c-fbf4dfd989e8,723,Vendue Next Door Part 2 Premium | september,Premium schilderijen,Bloemstilleven,"Dietz Edzard (Frans/Duits, 1893-1963), Bloemstilleven","<h3>Painter / Artist / School</h3>Dietz Edzard (Frans/Duits, 1893-1963)<h3>Technique / Size</h3>olieverf op board, 22x16 cm (39x33 cm incl. lijst)<h3>Signature / Dating</h3>gesigneerd 'D. Edzard' (linksonder)",published,EUR,300.0,400.0,100.0,100.0,,1,5,220.0,220.0,True,"Mon, 31 Aug 2026 08:00:00 GMT","Tue, 08 Sep 2026 17:09:00 GMT",https://media.app.artisio.co/media/3fc437c0-fdbb-4208-955a-90293eab416d/inventory/75f33b11-d533-4cca-81c4-0999f3cc4166/dfbaf44f-8d9a-4231-9263-7142a1846ebc/0001_BomteO_sm.jpeg;https://media.app.artisio.co/media/3fc437c0-fdbb-4208-955a-90293eab416d/inventory/75f33b11-d533-4cca-81c4-0999f3cc4166/79215650-a8a3-4501-8fa3-c6d0f77b4510/0002_XVuzNk_sm.jpeg;https://media.app.artisio.co/media/3fc437c0-fdbb-4208-955a-90293eab416d/inventory/75f33b11-d533-4cca-81c4-0999f3cc4166/d0605df2-ace1-42cc-805c-8e4b46589461/0003_yRdSIR_sm.jpeg;https://media.app.artisio.co/media/3fc437c0-fdbb-4208-955a-90293eab416d/inventory/75f33b11-d533-4cca-81c4-0999f3cc4166/0f9a18f3-ffa3-4179-8aa7-086c2fbc2aca/0004_RxyyYa_sm.jpeg,4,"{""artist_retail_right"": false, ""comments"": null, ""condition"": null, ""condition_report"": null, ""dimensions"": null, ""extra_text"": null, ""footnote"": null, ""header"": null, ""internal_reference"": null, ""keurkamer"": false, ""literature"": null, ""origin_exhibition_lite"": null, ""painter_artist_school"": ""Dietz Edzard (Frans/Duits, 1893-1963)"", ""period"": null, ""signature_dating"": ""gesigneerd 'D. Edzard' (linksonder)"", ""technique_size"": ""olieverf op board, 22x16 cm (39x33 cm incl. lijst)"", ""title"": ""Bloemstilleven"", ""total"": null, ""weight_size_quality"": null}"
b4dbd765-9101-477d-b332-d3d56619916d,10038,26-0704/44,67d3691b-0d4a-4615-9e5c-fbf4dfd989e8,723,Vendue Next Door Part 2 Premium | september,Premium schilderijen,Jachthond aan het meer ,"Colin Graeme (Engels, 1858-1910), Jachthond aan het meer ","<h3>Painter / Artist / School</h3>Colin Graeme (Engels, 1858-1910)<h3>Technique / Size</h3>olieverf op doek, 36x53 cm (44x62 cm incl. lijst)<h3>Signature / Dating</h3>gesigneerd (linksonder)",published,EUR,400.0,600.0,200.0,200.0,,1,0,,,True,"Mon, 31 Aug 2026 08:00:00 GMT","Tue, 08 Sep 2026 17:09:00 GMT",https://media.app.artisio.co/media/3fc437c0-fdbb-4208-955a-90293eab416d/inventory/2e3bd92c-ae6a-4e40-b171-086938445b78/d0c8463b-7a65-41a2-8e34-e004f23b076f/0001_evvHVl_sm.jpeg;https://media.app.artisio.co/media/3fc437c0-fdbb-4208-955a-90293eab416d/inventory/2e3bd92c-ae6a-4e40-b171-086938445b78/a37b8773-c806-42d6-8509-f1604b1acfc9/0002_qiNFPO_sm.jpeg;https://media.app.artisio.co/media/3fc437c0-fdbb-4208-955a-90293eab416d/inventory/2e3bd92c-ae6a-4e40-b171-086938445b78/5585aeba-694b-41c4-8866-9db59ec8ceec/0003_sbuzxq_sm.jpeg;https://media.app.artisio.co/media/3fc437c0-fdbb-4208-955a-90293eab416d/inventory/2e3bd92c-ae6a-4e40-b171-086938445b78/d4e25b34-5b5b-4a47-bf43-fe78c310ac8b/0004_UJYTCn_sm.jpeg,4,"{""artist_retail_right"": false, ""comments"": null, ""condition"": null, ""condition_report"": null, ""dimensions"": null, ""extra_text"": null, ""footnote"": null, ""header"": null, ""internal_reference"": null, ""keurkamer"": false, ""literature"": null, ""origin_exhibition_lite"": null, ""painter_artist_school"": ""Colin Graeme (Engels, 1858-1910)"", ""period"": null, ""signature_dating"": ""gesigneerd (linksonder)"", ""technique_size"": ""olieverf op doek, 36x53 cm (44x62 cm incl. lijst)"", ""title"": ""Jachthond aan het meer "", ""total"": null, ""weight_size_quality"": null}"
04fa0b18-c0f6-4b89-8faf-154f89aa05d0,10039,26-0704/48,67d3691b-0d4a-4615-9e5c-fbf4dfd989e8,723,Vendue Next Door Part 2 Premium | september,Premium schilderijen,I. 'Passion'; II. 'Activité' ,"Théophile Fragonard (Frans, 1806-1876) (2x), I. 'Passion'; II. 'Activité' ","<h3>Painter / Artist / School</h3>Théophile Fragonard (Frans, 1806-1876) (2x)<h3>Technique / Size</h3>beide aquarel en potlood op papier, 15x12 cm (34x29,5 cm incl. lijst)",published,EUR,300.0,500.0,100.0,100.0,,1,1,100.0,100.0,True,"Mon, 31 Aug 2026 08:00:00 GMT","Tue, 08 Sep 2026 17:09:00 GMT",https://media.app.artisio.co/media/3fc437c0-fdbb-4208-955a-90293eab416d/inventory/d5d5f15d-4c3e-456f-a7cb-734c6b1a28c0/b976bfc5-550e-43e8-aeaf-61eeeeaa2a41/0001_CXMxJF_sm.jpeg;https://media.app.artisio.co/media/3fc437c0-fdbb-4208-955a-90293eab416d/inventory/d5d5f15d-4c3e-456f-a7cb-734c6b1a28c0/9289efa2-0855-4365-8aa0-77832fce2dc2/0002_ybVBQd_sm.jpeg;https://media.app.artisio.co/media/3fc437c0-fdbb-4208-955a-90293eab416d/inventory/d5d5f15d-4c3e-456f-a7cb-734c6b1a28c0/4f6fa369-f3ca-43f4-947a-8b9445789a78/0003_JRUprA_sm.jpeg;https://media.app.artisio.co/media/3fc437c0-fdbb-4208-955a-90293eab416d/inventory/d5d5f15d-4c3e-456f-a7cb-734c6b1a28c0/9996adfb-cc51-41a3-95bc-a540e2685448/0004_RKCmoj_sm.jpeg,4,"{""artist_retail_right"": false, ""comments"": null, ""condition"": null, ""condition_report"": null, ""dimensions"": null, ""extra_text"": null, ""footnote"": null, ""header"": null, ""internal_reference"": null, ""keurkamer"": false, ""literature"": null, ""origin_exhibition_lite"": null, ""painter_artist_school"": ""Théophile Fragonard (Frans, 1806-1876) (2x)"", ""period"": null, ""signature_dating"": null, ""technique_size"": ""beide aquarel en potlood op papier, 15x12 cm (34x29,5 cm incl. lijst)"", ""title"": ""I. 'Passion'; II. 'Activité' "", ""total"": null, ""weight_size_quality"": null}"
968a2366-de7f-4f19-942a-7b78b69460f8,10040,26-0704/51,67d3691b-0d4a-4615-9e5c-fbf4dfd989e8,723,Vendue Next Door Part 2 Premium | september,Premium schilderijen,Jonge vrouw met rode jas en hoed,"Franse of Hollandse School (laat 19e eeuw)  , Jonge vrouw met rode jas en hoed","<h3>Painter / Artist / School</h3>Franse of Hollandse School (laat 19e eeuw)<h3>Technique / Size</h3>pastel, 63,5x54 cm (95x85,5 cm incl. lijst)",published,EUR,300.0,400.0,100.0,100.0,,1,1,100.0,100.0,True,"Mon, 31 Aug 2026 08:00:00 GMT","Tue, 08 Sep 2026 17:09:00 GMT",https://media.app.artisio.co/media/3fc437c0-fdbb-4208-955a-90293eab416d/inventory/6fac813e-ff85-4cef-9a90-ced54fe89825/f4fe1504-4d60-4013-a1e0-4f6aecbe4fe3/0001_igCjhg_sm.jpeg;https://media.app.artisio.co/media/3fc437c0-fdbb-4208-955a-90293eab416d/inventory/6fac813e-ff85-4cef-9a90-ced54fe89825/e2f18e5a-3939-4bcf-b33b-8ce68d0a81d0/0002_hAEkpm_sm.jpeg;https://media.app.artisio.co/media/3fc437c0-fdbb-4208-955a-90293eab416d/inventory/6fac813e-ff85-4cef-9a90-ced54fe89825/53636106-a73b-4d3f-bf51-611ac40d3eea/0003_HToocT_sm.jpeg;https://media.app.artisio.co/media/3fc437c0-fdbb-4208-955a-90293eab416d/inventory/6fac813e-ff85-4cef-9a90-ced54fe89825/29452026-d969-4324-885d-4d762e21b994/0004_KYxuJw_sm.jpeg,4,"{""artist_retail_right"": false, ""comments"": null, ""condition"": null, ""condition_report"": null, ""dimensions"": null, ""extra_text"": null, ""footnote"": null, ""header"": null, ""internal_reference"": null, ""keurkamer"": false, ""literature"": null, ""origin_exhibition_lite"": null, ""painter_artist_school"": ""Franse of Hollandse School (laat 19e eeuw)  "", ""period"": null, ""signature_dating"": null, ""technique_size"": ""pastel, 63,5x54 cm (95x85,5 cm incl. lijst)"", ""title"": ""Jonge vrouw met rode jas en hoed"", ""total"": null, ""weight_size_quality"": null}"
1971d1ca-7c88-4175-9214-5157cb133c6b,10041,26-0359/29,67d3691b-0d4a-4615-9e5c-fbf4dfd989e8,723,Vendue Next Door Part 2 Premium | september,Premium schilderijen,"Zicht op een meer, Indonesië","Leo Eland (1884-1952), Zicht op een meer, Indonesië","<h3>Painter / Artist / School</h3>Leo Eland (1884-1952)<h3>Technique / Size</h3>olieverf op doek, 40x30 cm (56,5x46,5 cm incl. lijst)<h3>Signature / Dating</h3>gesigneerd 'L. Eland' (rechtsoner)",published,EUR,300.0,500.0,200.0,200.0,,1,0,,,True,"Mon, 31 Aug 2026 08:00:00 GMT","Tue, 08 Sep 2026 17:09:00 GMT",https://media.app.artisio.co/media/3fc437c0-fdbb-4208-955a-90293eab416d/inventory/905fd5a9-cb2f-4c86-ac86-f15358df0bf9/3a84bd37-1a50-42a7-b9ac-655792c1c27b/0001_jKHtQD_sm.jpeg;https://media.app.artisio.co/media/3fc437c0-fdbb-4208-955a-90293eab416d/inventory/905fd5a9-cb2f-4c86-ac86-f15358df0bf9/ac383f78-5f40-423c-aeea-61a7167984fb/0002_XptulI_sm.jpeg;https://media.app.artisio.co/media/3fc437c0-fdbb-4208-955a-90293eab416d/inventory/905fd5a9-cb2f-4c86-ac86-f15358df0bf9/ae3a47ea-39e0-4b06-8bc3-a91fff5b7cee/0003_mbhrrW_sm.jpeg;https://media.app.artisio.co/media/3fc437c0-fdbb-4208-955a-90293eab416d/inventory/905fd5a9-cb2f-4c86-ac86-f15358df0bf9/e93b7988-d6f3-458e-aa0d-43951e0927d5/0004_EahMPE_sm.jpeg,4,"{""artist_retail_right"": false, ""comments"": null, ""condition"": null, ""condition_report"": null, ""dimensions"": null, ""extra_text"": null, ""footnote"": null, ""header"": null, ""internal_reference"": null, ""keurkamer"": false, ""literature"": null, ""origin_exhibition_lite"": null, ""painter_artist_school"": ""Leo Eland (1884-1952)"", ""period"": null, ""signature_dating"": ""gesigneerd 'L. Eland' (rechtsoner)"", ""technique_size"": ""olieverf op doek, 40x30 cm (56,5x46,5 cm incl. lijst)"", ""title"": ""Zicht op een meer, Indonesië"", ""total"": null, ""weight_size_quality"": null}"
ee60271d-fbbe-4398-ad05-8402e5d7b697,10042,26-0359/30,67d3691b-0d4a-4615-9e5c-fbf4dfd989e8,723,Vendue Next Door Part 2 Premium | september,Premium schilderijen,Dorpsbewoners aan de oever van een Indonesisch meer ,"Leo Eland (1884-1952), Dorpsbewoners aan de oever van een Indonesisch meer ","<h3>Painter / Artist / School</h3>Leo Eland (1884-1952)<h3>Technique / Size</h3>olieverf op doek, 30x40 cm (47x57 cm incl. lijst)<h3>Signature / Dating</h3>gesigneerd 'L. Eland' (lrechtsonder)",published,EUR,300.0,400.0,100.0,100.0,,1,0,,,True,"Mon, 31 Aug 2026 08:00:00 GMT","Tue, 08 Sep 2026 17:09:00 GMT",https://media.app.artisio.co/media/3fc437c0-fdbb-4208-955a-90293eab416d/inventory/51603ca6-491a-4b8b-a186-204506c4b60d/a0e7f912-d47a-46ff-9930-bad6df844a91/0001_DgkXkb_sm.jpeg;https://media.app.artisio.co/media/3fc437c0-fdbb-4208-955a-90293eab416d/inventory/51603ca6-491a-4b8b-a186-204506c4b60d/78cefe78-c5d1-4340-8db8-cbd143f92142/0002_cbPHmZ_sm.jpeg;https://media.app.artisio.co/media/3fc437c0-fdbb-4208-955a-90293eab416d/inventory/51603ca6-491a-4b8b-a186-204506c4b60d/7f5a2d82-e7d0-4bec-b6f3-c00dc902b447/0003_soxVWY_sm.jpeg;https://media.app.artisio.co/media/3fc437c0-fdbb-4208-955a-90293eab416d/inventory/51603ca6-491a-4b8b-a186-204506c4b60d/9db16eb9-2536-436b-93e9-1342118ade31/0004_nITPcJ_sm.jpeg,4,"{""artist_retail_right"": false, ""comments"": null, ""condition"": null, ""condition_report"": null, ""dimensions"": null, ""extra_text"": null, ""footnote"": null, ""header"": null, ""internal_reference"": null, ""keurkamer"": false, ""literature"": null, ""origin_exhibition_lite"": null, ""painter_artist_school"": ""Leo Eland (1884-1952)"", ""period"": null, ""signature_dating"": ""gesigneerd 'L. Eland' (lrechtsonder)"", ""technique_size"": ""olieverf op doek, 30x40 cm (47x57 cm incl. lijst)"", ""title"": ""Dorpsbewoners aan de oever van een Indonesisch meer "", ""total"": null, ""weight_size_quality"": null}"
23dba4ab-ef50-4f6a-8237-7bd4bd3c8bc7,10043,26-0359/32,67d3691b-0d4a-4615-9e5c-fbf4dfd989e8,723,Vendue Next Door Part 2 Premium | september,Premium schilderijen,Vissersboten aan de Indonesische kust bij zonsondergang,"Arthur Eland (1884-1948), Vissersboten aan de Indonesische kust bij zonsondergang","<h3>Painter / Artist / School</h3>Arthur Eland (1884-1948)<h3>Literature</h3><p>Herkomst:<br>-Veiling, Christie's, Amsterdam, 2 Oktober 2007, lot 10.</p><h3>Technique / Size</h3>olieverf op doek, 40x60 cm (52,5x73 cm incl. lijst)<h3>Signature / Dating</h3>gesigneerd 'A. Eland' (linksonder)",published,EUR,300.0,500.0,100.0,100.0,,1,0,,,True,"Mon, 31 Aug 2026 08:00:00 GMT","Tue, 08 Sep 2026 17:09:00 GMT",https://media.app.artisio.co/media/3fc437c0-fdbb-4208-955a-90293eab416d/inventory/e8761646-1815-4f86-bda7-b43741e2ed7b/c7c9aedc-64b2-4bfd-b964-7d29906c61bd/0001_pmfhGT_sm.jpeg;https://media.app.artisio.co/media/3fc437c0-fdbb-4208-955a-90293eab416d/inventory/e8761646-1815-4f86-bda7-b43741e2ed7b/aa022471-a7f0-492e-a004-26a16df61108/0002_zSRfjk_sm.jpeg;https://media.app.artisio.co/media/3fc437c0-fdbb-4208-955a-90293eab416d/inventory/e8761646-1815-4f86-bda7-b43741e2ed7b/88c04257-8951-4f87-bc85-0ba99cebf210/0003_xyywMZ_sm.jpeg;https://media.app.artisio.co/media/3fc437c0-fdbb-4208-955a-90293eab416d/inventory/e8761646-1815-4f86-bda7-b43741e2ed7b/43040da9-1a13-4d52-a648-43cb7da1f63c/0004_HzpxPO_sm.jpeg,4,"{""artist_retail_right"": false, ""comments"": ""<p><a href=\""https://www.artprice.com/artist/129475/arthur-eland/painting/4415474/fisherboats-at-dusk?p=1\"">https://www.artprice.com/artist/129475/arthur-eland/painting/4415474/fisherboats-at-dusk?p=1</a></p>"", ""condition"": null, ""condition_report"": null, ""dimensions"": null, ""extra_text"": null, ""footnote"": null, ""header"": null, ""internal_reference"": null, ""keurkamer"": false, ""literature"": ""<p>Herkomst:<br>-Veiling, Christie's, Amsterdam, 2 Oktober 2007, lot 10.</p>"", ""origin_exhibition_lite"": null, ""painter_artist_school"": ""Arthur Eland (1884-1948)"", ""period"": null, ""signature_dating"": ""gesigneerd 'A. Eland' (linksonder)"", ""technique_size"": ""olieverf op doek, 40x60 cm (52,5x73 cm incl. lijst)"", ""title"": ""Vissersboten aan de Indonesische kust bij zonsondergang"", ""total"": null, ""weight_size_quality"": null}"
9feadd9f-bc53-4540-bd37-bd0f74ac0cb9,10044,26-0359/35,67d3691b-0d4a-4615-9e5c-fbf4dfd989e8,723,Vendue Next Door Part 2 Premium | september,Premium schilderijen,Figuren in een Noord-Afrikaanse marktstraat,"Leo Eland (1884-1952), Figuren in een Noord-Afrikaanse marktstraat","<h3>Painter / Artist / School</h3>Leo Eland (1884-1952)<h3>Literature</h3><p>Herkomst:<br>-Bij Zadelhoff Veilingen en Taxaties, mei 2012, no. 1182 (label op achterzijde).</p><h3>Technique / Size</h3>olieverf op doek, 40,5x60,5 cm (51,5x71,5 cm incl. lijst)<h3>Signature / Dating</h3>gesigneerd 'L. Eland' (linksonder)",published,EUR,300.0,500.0,200.0,200.0,,1,0,,,True,"Mon, 31 Aug 2026 08:00:00 GMT","Tue, 08 Sep 2026 17:09:00 GMT",https://media.app.artisio.co/media/3fc437c0-fdbb-4208-955a-90293eab416d/inventory/093ebaa6-b8f4-4af2-84c3-cbe765ec9459/881c0239-d836-4fce-8183-a5ce08cc279a/0001_atQMZU_sm.jpeg;https://media.app.artisio.co/media/3fc437c0-fdbb-4208-955a-90293eab416d/inventory/093ebaa6-b8f4-4af2-84c3-cbe765ec9459/050d427f-6311-48ad-a1a7-27e3582b4131/0002_pPCGLI_sm.jpeg;https://media.app.artisio.co/media/3fc437c0-fdbb-4208-955a-90293eab416d/inventory/093ebaa6-b8f4-4af2-84c3-cbe765ec9459/6aa1b17a-a2c3-4304-81bf-70c51bdff510/0003_YruUbd_sm.jpeg;https://media.app.artisio.co/media/3fc437c0-fdbb-4208-955a-90293eab416d/inventory/093ebaa6-b8f4-4af2-84c3-cbe765ec9459/065757f9-18e3-4416-b454-3429186ebfca/0004_qyXwsO_sm.jpeg,4,"{""artist_retail_right"": false, ""comments"": null, ""condition"": null, ""condition_report"": null, ""dimensions"": null, ""extra_text"": null, ""footnote"": null, ""header"": null, ""internal_reference"": null, ""keurkamer"": false, ""literature"": ""<p>Herkomst:<br>-Bij Zadelhoff Veilingen en Taxaties, mei 2012, no. 1182 (label op achterzijde).</p>"", ""origin_exhibition_lite"": null, ""painter_artist_school"": ""Leo Eland (1884-1952)"", ""period"": null, ""signature_dating"": ""gesigneerd 'L. Eland' (linksonder)"", ""technique_size"": ""olieverf op doek, 40,5x60,5 cm (51,5x71,5 cm incl. lijst)"", ""title"": ""Figuren in een Noord-Afrikaanse marktstraat"", ""total"": null, ""weight_size_quality"": null}"
516195d8-9f4e-4442-be88-5fde956e47b5,10045,26-0359/38,67d3691b-0d4a-4615-9e5c-fbf4dfd989e8,723,Vendue Next Door Part 2 Premium | september,Premium schilderijen,Twee Indonesische mannen op patrouille bij de rijstvelden,"Leo Eland (1884-1952), Twee Indonesische mannen op patrouille bij de rijstvelden","<h3>Painter / Artist / School</h3>Leo Eland (1884-1952)<h3>Technique / Size</h3>pastel op papier, 56x44 cm (75x62 cm incl. lijst)<h3>Signature / Dating</h3>gesigneerd 'L. Eland' (lrechtsonder)",published,EUR,300.0,400.0,100.0,100.0,,1,1,100.0,100.0,True,"Mon, 31 Aug 2026 08:00:00 GMT","Tue, 08 Sep 2026 17:09:00 GMT",https://media.app.artisio.co/media/3fc437c0-fdbb-4208-955a-90293eab416d/inventory/b9e4ab2c-610d-40ef-bd66-4ef86a66028f/5095a620-1f80-4593-bbce-ffff170f3fc8/0001_TPcrbm_sm.jpeg;https://media.app.artisio.co/media/3fc437c0-fdbb-4208-955a-90293eab416d/inventory/b9e4ab2c-610d-40ef-bd66-4ef86a66028f/602d14e6-2c5c-4ed5-9376-c387344a0c99/0002_CUTQfQ_sm.jpeg;https://media.app.artisio.co/media/3fc437c0-fdbb-4208-955a-90293eab416d/inventory/b9e4ab2c-610d-40ef-bd66-4ef86a66028f/02d516e8-5e67-44bf-b61d-3415516cb9e6/0003_ffOJkN_sm.jpeg;https://media.app.artisio.co/media/3fc437c0-fdbb-4208-955a-90293eab416d/inventory/b9e4ab2c-610d-40ef-bd66-4ef86a66028f/2557b115-106d-4fdf-a1da-348bfb2c9197/0004_UBzalL_sm.jpeg,4,"{""artist_retail_right"": false, ""comments"": null, ""condition"": null, ""condition_report"": null, ""dimensions"": null, ""extra_text"": null, ""footnote"": null, ""header"": null, ""internal_reference"": null, ""keurkamer"": false, ""literature"": null, ""origin_exhibition_lite"": null, ""painter_artist_school"": ""Leo Eland (1884-1952)"", ""period"": null, ""signature_dating"": ""gesigneerd 'L. Eland' (lrechtsonder)"", ""technique_size"": ""pastel op papier, 56x44 cm (75x62 cm incl. lijst)"", ""title"": ""Twee Indonesische mannen op patrouille bij de rijstvelden"", ""total"": null, ""weight_size_quality"": null}"
164de682-ad81-432f-b6c4-2c5d98803f2d,10046,26-0383/35,67d3691b-0d4a-4615-9e5c-fbf4dfd989e8,723,Vendue Next Door Part 2 Premium | september,Premium schilderijen,'Günderzeirfassade 77' (2007),"Hein Spellmann (1962), 'Günderzeirfassade 77' (2007)","<h3>Painter / Artist / School</h3>Hein Spellmann (1962)<h3>Dimensions</h3>8 x 24 x 19 cm<h3>Technique / Size</h3>Mixed media<h3>Signature / Dating</h3>Gesigneerd en gedateerd op achterzijde.<h3>Extra Text</h3><p>Herkomst:<br>Aangekocht door de huidige eigenaar bij Galerie Stefan Rasche, Münster, 2007.&nbsp;<br><br>Met boekje over de kunstenaar, uitgebracht door de galerie.</p>",published,EUR,400.0,600.0,200.0,200.0,,1,5,325.0,325.0,True,"Mon, 31 Aug 2026 08:00:00 GMT","Tue, 08 Sep 2026 17:12:00 GMT",https://media.app.artisio.co/media/3fc437c0-fdbb-4208-955a-90293eab416d/inventory/61ef5864-6f53-43a6-8a11-0c077aad9d76/6d29ca85-e6d4-415a-ad69-b6bb73b7c979/0001_mbrbJj_sm.jpeg;https://media.app.artisio.co/media/3fc437c0-fdbb-4208-955a-90293eab416d/inventory/61ef5864-6f53-43a6-8a11-0c077aad9d76/6f8a11f2-c26f-43b8-a571-66f5f275c6bc/0002_TPwKqc_sm.jpeg;https://media.app.artisio.co/media/3fc437c0-fdbb-4208-955a-90293eab416d/inventory/61ef5864-6f53-43a6-8a11-0c077aad9d76/6519e505-4dee-48e2-b5f0-90b4eeb8b512/0003_bnCNYr_sm.jpeg,3,"{""artist_retail_right"": false, ""comments"": null, ""condition"": null, ""condition_report"": null, ""dimensions"": ""8 x 24 x 19 cm"", ""extra_text"": ""<p>Herkomst:<br>Aangekocht door de huidige eigenaar bij Galerie Stefan Rasche, Münster, 2007.&nbsp;<br><br>Met boekje over de kunstenaar, uitgebracht door de galerie.</p>"", ""footnote"": null, ""header"": null, ""internal_reference"": null, ""keurkamer"": false, ""literature"": null, ""origin_exhibition_lite"": null, ""painter_artist_school"": ""Hein Spellmann (1962)"", ""period"": null, ""signature_dating"": ""Gesigneerd en gedateerd op achterzijde."", ""technique_size"": ""Mixed media"", ""title"": ""'Günderzeirfassade 77' (2007)"", ""total"": null, ""weight_size_quality"": null}"
117a2b2f-5aee-4acd-92c0-34137e6c84a0,10047,26-0680/1,67d3691b-0d4a-4615-9e5c-fbf4dfd989e8,723,Vendue Next Door Part 2 Premium | september,Premium schilderijen,Vrouwelijk naakt,"Jan Asselbergs (1937-2015), Vrouwelijk naakt","<h3>Painter / Artist / School</h3>Jan Asselbergs (1937-2015)<h3>Technique / Size</h3>krijt op papier, 64x48 cm (92x77 cm incl. lijst)<h3>Signature / Dating</h3>gesigneerd 'J. Asselbergs' (linksonder)<h3>Extra Text</h3><p>Bij dit lot behoort een overzichtscatalogus: ‘Jan Asselbergs: een kleurrijk leven', Drs. Johanna Jacobs, Waanders Uitegevers, Zwolle, 2002.&nbsp;</p>",published,EUR,400.0,600.0,200.0,200.0,,1,1,200.0,200.0,True,"Mon, 31 Aug 2026 08:00:00 GMT","Tue, 08 Sep 2026 17:12:00 GMT",https://media.app.artisio.co/media/3fc437c0-fdbb-4208-955a-90293eab416d/inventory/70f4ba67-22c3-4a28-93ae-c202ad64849d/d040a594-5707-45ae-b797-f4ad3bc6925f/0001_WpBMzY_sm.jpeg;https://media.app.artisio.co/media/3fc437c0-fdbb-4208-955a-90293eab416d/inventory/70f4ba67-22c3-4a28-93ae-c202ad64849d/a9429572-5c1c-4644-9d08-aacbb34bcecc/0002_YUXBdU_sm.jpeg;https://media.app.artisio.co/media/3fc437c0-fdbb-4208-955a-90293eab416d/inventory/70f4ba67-22c3-4a28-93ae-c202ad64849d/759ba0a7-ac42-41d7-a34c-baed8ed60338/0003_rFavwN_sm.jpeg;https://media.app.artisio.co/media/3fc437c0-fdbb-4208-955a-90293eab416d/inventory/70f4ba67-22c3-4a28-93ae-c202ad64849d/90064366-1afa-4b2d-963d-bed5a8fa7b3c/0004_JblnXn_sm.jpeg,4,"{""artist_retail_right"": false, ""comments"": null, ""condition"": null, ""condition_report"": null, ""dimensions"": null, ""extra_text"": ""<p>Bij dit lot behoort een overzichtscatalogus: ‘Jan Asselbergs: een kleurrijk leven', Drs. Johanna Jacobs, Waanders Uitegevers, Zwolle, 2002.&nbsp;</p>"", ""footnote"": null, ""header"": null, ""internal_reference"": null, ""keurkamer"": false, ""literature"": null, ""origin_exhibition_lite"": null, ""painter_artist_school"": ""Jan Asselbergs (1937-2015)"", ""period"": null, ""signature_dating"": ""gesigneerd 'J. Asselbergs' (linksonder)"", ""technique_size"": ""krijt op papier, 64x48 cm (92x77 cm incl. lijst)"", ""title"": ""Vrouwelijk naakt"", ""total"": null, ""weight_size_quality"": null}"
5c9759b0-9656-44f1-9e6e-0a0b98be76ab,10048,26-0710/2,67d3691b-0d4a-4615-9e5c-fbf4dfd989e8,723,Vendue Next Door Part 2 Premium | september,Premium schilderijen,Portret van Floris Ruysch (1619-1698) en Portret van Christina Hamel ( -1698),"Hollandse School (17e eeuw) (2x), Portret van Floris Ruysch (1619-1698) en Portret van Christina Hamel ( -1698)","<h3>Painter / Artist / School</h3>Hollandse School (17e eeuw) (2x)<h3>Technique / Size</h3>beide olieverf op doek, 80x62,5 cm (94x74,5 cm incl. lijst)<h3>Signature / Dating</h3>Bekend bij het RKD, te vinden onder RKD Images nr. 131575 (Floris Ruysch) en nr. 131574 (Christina Hamel).",published,EUR,300.0,500.0,100.0,100.0,,1,4,160.0,160.0,True,"Mon, 31 Aug 2026 08:00:00 GMT","Tue, 08 Sep 2026 17:12:00 GMT",https://media.app.artisio.co/media/3fc437c0-fdbb-4208-955a-90293eab416d/inventory/0b1533bf-e841-4e85-8569-e1f3655c7bc4/305f61cf-1167-4d1e-85e5-1c9b63abfed8/0001_GTHPGj_sm.jpeg;https://media.app.artisio.co/media/3fc437c0-fdbb-4208-955a-90293eab416d/inventory/0b1533bf-e841-4e85-8569-e1f3655c7bc4/ee3adfd0-8932-4ead-848e-d7aca38abe7a/0002_DzkAep_sm.jpeg;https://media.app.artisio.co/media/3fc437c0-fdbb-4208-955a-90293eab416d/inventory/0b1533bf-e841-4e85-8569-e1f3655c7bc4/6de26e03-0ae5-4a8f-a93b-2479a952aed1/0003_wgzdYV_sm.jpeg;https://media.app.artisio.co/media/3fc437c0-fdbb-4208-955a-90293eab416d/inventory/0b1533bf-e841-4e85-8569-e1f3655c7bc4/b0a3dc95-1b02-431e-8f95-2af13c19c95f/0004_JAltli_sm.jpeg;https://media.app.artisio.co/media/3fc437c0-fdbb-4208-955a-90293eab416d/inventory/0b1533bf-e841-4e85-8569-e1f3655c7bc4/f7056bd8-718c-4afb-9d19-5f09eb248cd7/0005_ZARqTY_sm.jpeg,5,"{""artist_retail_right"": false, ""comments"": ""<p>Ruysch https://rkd.nl/images/131575</p><p>Hamel https://rkd.nl/images/131574</p>"", ""condition"": null, ""condition_report"": null, ""dimensions"": null, ""extra_text"": null, ""footnote"": null, ""header"": null, ""internal_reference"": null, ""keurkamer"": false, ""literature"": null, ""origin_exhibition_lite"": null, ""painter_artist_school"": ""Hollandse School (17e eeuw) (2x)"", ""period"": null, ""signature_dating"": ""Bekend bij het RKD, te vinden onder RKD Images nr. 131575 (Floris Ruysch) en nr. 131574 (Christina Hamel)."", ""technique_size"": ""beide olieverf op doek, 80x62,5 cm (94x74,5 cm incl. lijst)"", ""title"": ""Portret van Floris Ruysch (1619-1698) en Portret van Christina Hamel ( -1698)"", ""total"": null, ""weight_size_quality"": null}"
058d2d2a-5f49-4c2a-b7bb-92994b3c2ef7,10050,26-0611/15,67d3691b-0d4a-4615-9e5c-fbf4dfd989e8,723,Vendue Next Door Part 2 Premium | september,Premium schilderijen,Stilleven met Droste cacao's blik ,"Piet Gutter (1944), Stilleven met Droste cacao's blik ","<h3>Painter / Artist / School</h3>Piet Gutter (1944)<h3>Technique / Size</h3>olieverf op paneel, 32,5x40 cm (47x55 cm incl. lijst)<h3>Signature / Dating</h3>gesigneerd 'P.J. Gutter.' (rechtsonder)",published,EUR,600.0,800.0,400.0,,,1,3,450.0,450.0,True,"Mon, 31 Aug 2026 08:00:00 GMT","Tue, 08 Sep 2026 17:12:00 GMT",https://media.app.artisio.co/media/3fc437c0-fdbb-4208-955a-90293eab416d/inventory/4573b643-0b92-4357-9eea-44547aaa1847/46ff1668-6b0a-4681-aa01-a59138ac81a1/0001_WkdWwx_sm.jpeg;https://media.app.artisio.co/media/3fc437c0-fdbb-4208-955a-90293eab416d/inventory/4573b643-0b92-4357-9eea-44547aaa1847/754f3051-bf9b-479e-9e7c-e1186ca30a8d/0002_usgLGn_sm.jpeg;https://media.app.artisio.co/media/3fc437c0-fdbb-4208-955a-90293eab416d/inventory/4573b643-0b92-4357-9eea-44547aaa1847/40fd4918-3f93-4caa-88d2-99a2a844d0fd/0003_umeREM_sm.jpeg;https://media.app.artisio.co/media/3fc437c0-fdbb-4208-955a-90293eab416d/inventory/4573b643-0b92-4357-9eea-44547aaa1847/fa83d505-6653-426b-a8ca-7a1176b7f6a8/0004_lybZFB_sm.jpeg,4,"{""artist_retail_right"": false, ""comments"": null, ""condition"": null, ""condition_report"": null, ""dimensions"": null, ""extra_text"": null, ""footnote"": null, ""header"": null, ""internal_reference"": null, ""keurkamer"": false, ""literature"": null, ""origin_exhibition_lite"": null, ""painter_artist_school"": ""Piet Gutter (1944)"", ""period"": null, ""signature_dating"": ""gesigneerd 'P.J. Gutter.' (rechtsonder)"", ""technique_size"": ""olieverf op paneel, 32,5x40 cm (47x55 cm incl. lijst)"", ""title"": ""Stilleven met Droste cacao's blik "", ""total"": null, ""weight_size_quality"": null}"
ab2983ec-b979-4bb0-acad-dec70b10c82b,10051,26-0635/4,67d3691b-0d4a-4615-9e5c-fbf4dfd989e8,723,Vendue Next Door Part 2 Premium | september,Premium schilderijen,Zittende vrouw bij het vuur ,"Jozef Israëls (1824-1911), Zittende vrouw bij het vuur ","<h3>Painter / Artist / School</h3>Jozef Israëls (1824-1911)<h3>Technique / Size</h3>inkt op papier, 18,5x20 cm (36x38 cm incl. lijst)<h3>Signature / Dating</h3>gesigneerd 'Jozef Israels' (rechtsonder)",published,EUR,300.0,500.0,100.0,,,1,1,100.0,100.0,True,"Mon, 31 Aug 2026 08:00:00 GMT","Tue, 08 Sep 2026 17:12:00 GMT",https://media.app.artisio.co/media/3fc437c0-fdbb-4208-955a-90293eab416d/inventory/61ceb6ad-1419-4b93-a483-beb8c86bcb0b/e2267b16-2459-4af0-83ae-a8d7b5fd37e7/0001_xYwGUa_sm.jpeg;https://media.app.artisio.co/media/3fc437c0-fdbb-4208-955a-90293eab416d/inventory/61ceb6ad-1419-4b93-a483-beb8c86bcb0b/cb94e7fb-acc4-4574-a248-316ad4e79678/0002_abyorZ_sm.jpeg;https://media.app.artisio.co/media/3fc437c0-fdbb-4208-955a-90293eab416d/inventory/61ceb6ad-1419-4b93-a483-beb8c86bcb0b/97e77666-ad7e-48f8-b0df-db1543901e4c/0003_sNjZsJ_sm.jpeg;https://media.app.artisio.co/media/3fc437c0-fdbb-4208-955a-90293eab416d/inventory/61ceb6ad-1419-4b93-a483-beb8c86bcb0b/f618e2a4-2b5a-447b-908f-ffea30a95b88/0004_WfZBTN_sm.jpeg,4,"{""artist_retail_right"": false, ""comments"": null, ""condition"": null, ""condition_report"": null, ""dimensions"": null, ""extra_text"": null, ""footnote"": null, ""header"": null, ""internal_reference"": null, ""keurkamer"": false, ""literature"": null, ""origin_exhibition_lite"": null, ""painter_artist_school"": ""Jozef Israëls (1824-1911)"", ""period"": null, ""signature_dating"": ""gesigneerd 'Jozef Israels' (rechtsonder)"", ""technique_size"": ""inkt op papier, 18,5x20 cm (36x38 cm incl. lijst)"", ""title"": ""Zittende vrouw bij het vuur "", ""total"": null, ""weight_size_quality"": null}"
1e17db3e-fe11-453c-bec9-7a10c2150a8e,10052,26-0611/41,67d3691b-0d4a-4615-9e5c-fbf4dfd989e8,723,Vendue Next Door Part 2 Premium | september,Premium schilderijen,'Jái devancé la victoire mais je vaincrai' ,"Richard Roland Holst (1868-1938), 'Jái devancé la victoire mais je vaincrai' ","<h3>Painter / Artist / School</h3>Richard Roland Holst (1868-1938)<h3>Technique / Size</h3>lithografie, 78x75 cm (110x102,5 cm incl. lijst)<h3>Signature / Dating</h3>in potlood geannoteerd (middenonder)",published,EUR,300.0,500.0,100.0,100.0,,1,1,100.0,100.0,True,"Mon, 31 Aug 2026 08:00:00 GMT","Tue, 08 Sep 2026 17:12:00 GMT",https://media.app.artisio.co/media/3fc437c0-fdbb-4208-955a-90293eab416d/inventory/532e11bf-bf35-4eb6-a2ab-3ab88ebf919c/112062c3-9972-4942-8ad2-2e0ddb3c3645/0001_kgcrBR_sm.jpeg;https://media.app.artisio.co/media/3fc437c0-fdbb-4208-955a-90293eab416d/inventory/532e11bf-bf35-4eb6-a2ab-3ab88ebf919c/bdb51e0e-c284-4e6d-8b31-4ce90df8d2a7/0002_aadQck_sm.jpeg;https://media.app.artisio.co/media/3fc437c0-fdbb-4208-955a-90293eab416d/inventory/532e11bf-bf35-4eb6-a2ab-3ab88ebf919c/e1d39069-4090-406d-93a1-747c65428304/0003_WgPWnI_sm.jpeg,3,"{""artist_retail_right"": false, ""comments"": null, ""condition"": null, ""condition_report"": null, ""dimensions"": null, ""extra_text"": null, ""footnote"": null, ""header"": null, ""internal_reference"": null, ""keurkamer"": false, ""literature"": null, ""origin_exhibition_lite"": null, ""painter_artist_school"": ""Richard Roland Holst (1868-1938)"", ""period"": null, ""signature_dating"": ""in potlood geannoteerd (middenonder)"", ""technique_size"": ""lithografie, 78x75 cm (110x102,5 cm incl. lijst)"", ""title"": ""'Jái devancé la victoire mais je vaincrai' "", ""total"": null, ""weight_size_quality"": null}"
76044e08-88c2-4779-8f92-2ee65687efd4,10053,26-0692/1,67d3691b-0d4a-4615-9e5c-fbf4dfd989e8,723,Vendue Next Door Part 2 Premium | september,Premium schilderijen,Abstracte compositie,"Gerard Verdijk (1934-2005), Abstracte compositie","<h3>Painter / Artist / School</h3>Gerard Verdijk (1934-2005)<h3>Technique / Size</h3>olieverf op doek, 169x79,5 cm (171,5x81 cm incl. lijst)<h3>Signature / Dating</h3>gesigneerd en gedateerd 'G Verdijk 62' (verso)",published,EUR,800.0,1200.0,600.0,600.0,,1,0,,,True,"Mon, 31 Aug 2026 08:00:00 GMT","Tue, 08 Sep 2026 17:12:00 GMT",https://media.app.artisio.co/media/3fc437c0-fdbb-4208-955a-90293eab416d/inventory/70b84d35-74ad-49b6-a24e-19604ba48d64/9b96d7aa-c759-4d47-89ff-5baf74dbc2a0/0001_TNmwXS_sm.jpeg;https://media.app.artisio.co/media/3fc437c0-fdbb-4208-955a-90293eab416d/inventory/70b84d35-74ad-49b6-a24e-19604ba48d64/afbafc51-d666-4ae1-a0da-ae1eb0770902/0002_uzgAmw_sm.jpeg;https://media.app.artisio.co/media/3fc437c0-fdbb-4208-955a-90293eab416d/inventory/70b84d35-74ad-49b6-a24e-19604ba48d64/23c3c77b-226b-474b-9315-33dec686bdc7/0003_JCHjVU_sm.jpeg;https://media.app.artisio.co/media/3fc437c0-fdbb-4208-955a-90293eab416d/inventory/70b84d35-74ad-49b6-a24e-19604ba48d64/11c59629-eeed-4b13-9120-626161cf8082/0004_AwXcho_sm.jpeg;https://media.app.artisio.co/media/3fc437c0-fdbb-4208-955a-90293eab416d/inventory/70b84d35-74ad-49b6-a24e-19604ba48d64/41621adb-14a2-486d-853a-3f11459774c9/0005_nzSzdR_sm.jpeg,5,"{""artist_retail_right"": false, ""comments"": null, ""condition"": null, ""condition_report"": null, ""dimensions"": null, ""extra_text"": null, ""footnote"": null, ""header"": null, ""internal_reference"": null, ""keurkamer"": false, ""literature"": null, ""origin_exhibition_lite"": null, ""painter_artist_school"": ""Gerard Verdijk (1934-2005)"", ""period"": null, ""signature_dating"": ""gesigneerd en gedateerd 'G Verdijk 62' (verso)"", ""technique_size"": ""olieverf op doek, 169x79,5 cm (171,5x81 cm incl. lijst)"", ""title"": ""Abstracte compositie"", ""total"": null, ""weight_size_quality"": null}"
b678ac9d-f17d-4c5a-a1cc-8d59f17f9a73,10054,26-0692/2,67d3691b-0d4a-4615-9e5c-fbf4dfd989e8,723,Vendue Next Door Part 2 Premium | september,Premium schilderijen,Abstracte figuren,"Gerard Verdijk (1934-2005), Abstracte figuren","<h3>Painter / Artist / School</h3>Gerard Verdijk (1934-2005)<h3>Technique / Size</h3>olieverf op doek, 60x180 cm (181,5x61,5 cm incl. lijst)",published,EUR,500.0,700.0,300.0,300.0,,1,0,,,True,"Mon, 31 Aug 2026 08:00:00 GMT","Tue, 08 Sep 2026 17:12:00 GMT",https://media.app.artisio.co/media/3fc437c0-fdbb-4208-955a-90293eab416d/inventory/cc1bb223-6cd8-43d9-94d2-dd5662ccce4c/bc04c2f7-cbe3-4c58-9cd1-7937b8aacad2/0001_VdPNuT_sm.jpeg;https://media.app.artisio.co/media/3fc437c0-fdbb-4208-955a-90293eab416d/inventory/cc1bb223-6cd8-43d9-94d2-dd5662ccce4c/8fdfecf8-1dbf-41d4-8518-92f47860c203/0002_oKzdZd_sm.jpeg;https://media.app.artisio.co/media/3fc437c0-fdbb-4208-955a-90293eab416d/inventory/cc1bb223-6cd8-43d9-94d2-dd5662ccce4c/b2b263e4-537d-42f9-b2df-13312ec7b3b4/0003_JffgVd_sm.jpeg,3,"{""artist_retail_right"": false, ""comments"": null, ""condition"": null, ""condition_report"": null, ""dimensions"": null, ""extra_text"": null, ""footnote"": null, ""header"": null, ""internal_reference"": null, ""keurkamer"": false, ""literature"": null, ""origin_exhibition_lite"": null, ""painter_artist_school"": ""Gerard Verdijk (1934-2005)"", ""period"": null, ""signature_dating"": null, ""technique_size"": ""olieverf op doek, 60x180 cm (181,5x61,5 cm incl. lijst)"", ""title"": ""Abstracte figuren"", ""total"": null, ""weight_size_quality"": null}"
0acb0c2d-a117-4e33-b845-7d57a60c5104,10055,26-0587/124,67d3691b-0d4a-4615-9e5c-fbf4dfd989e8,723,Vendue Next Door Part 2 Premium | september,Premium schilderijen,Studie van Maria Alida Henrietta Arntzenius - van West,"Floris Arntzenius (1864-1925), Studie van Maria Alida Henrietta Arntzenius - van West","<h3>Painter / Artist / School</h3>Floris Arntzenius (1864-1925)<h3>Technique / Size</h3>potlood op papier, 12x9 cm (29,5x24 cm incl. lijst)",published,EUR,300.0,500.0,100.0,100.0,,1,0,,,True,"Mon, 31 Aug 2026 08:00:00 GMT","Tue, 08 Sep 2026 17:12:00 GMT",https://media.app.artisio.co/media/3fc437c0-fdbb-4208-955a-90293eab416d/inventory/9eb5f5da-26a4-43c8-8966-961fcab27b30/f29e36d5-fb7f-488c-b441-1304f1e22fea/0001_LohtPR_sm.jpeg;https://media.app.artisio.co/media/3fc437c0-fdbb-4208-955a-90293eab416d/inventory/9eb5f5da-26a4-43c8-8966-961fcab27b30/f7513f0a-4478-4edc-a5b3-69790dba5af7/0002_eNaNBA_sm.jpeg;https://media.app.artisio.co/media/3fc437c0-fdbb-4208-955a-90293eab416d/inventory/9eb5f5da-26a4-43c8-8966-961fcab27b30/cbd24f66-9d95-497c-82fb-931d2646d3d7/0003_lakQYH_sm.jpeg,3,"{""artist_retail_right"": false, ""comments"": null, ""condition"": null, ""condition_report"": null, ""dimensions"": null, ""extra_text"": null, ""footnote"": null, ""header"": null, ""internal_reference"": null, ""keurkamer"": false, ""literature"": null, ""origin_exhibition_lite"": null, ""painter_artist_school"": ""Floris Arntzenius (1864-1925)"", ""period"": null, ""signature_dating"": null, ""technique_size"": ""potlood op papier, 12x9 cm (29,5x24 cm incl. lijst)"", ""title"": ""Studie van Maria Alida Henrietta Arntzenius - van West"", ""total"": null, ""weight_size_quality"": null}"
11bf5b06-d2db-47cf-8f3a-4a0e905a03b1,10056,25-2547/3,67d3691b-0d4a-4615-9e5c-fbf4dfd989e8,723,Vendue Next Door Part 2 Premium | september,Premium schilderijen,De ondeugende kat,"Ferdinand De Braekeleer I (Belgian, 1792-1883), De ondeugende kat","<h3>Painter / Artist / School</h3>Ferdinand De Braekeleer I (Belgian, 1792-1883)<h3>Literature</h3><p>Herkomst:<br>-Veiling, Van Marle & Bignell, Den Haag, 17 oktober 1907, lot 38.&nbsp;<br>-Veiling, A. Mak, Dordrecht, 29 november 1966, lot 12.&nbsp;<br>-Veiling, Paleis van Schone Kunsten, Brussel, 29/31 oktober 1985, lot 468.</p><h3>Technique / Size</h3>olieverf op paneel, 50,5x40 cm (78x67 cm incl. lijst)<h3>Signature / Dating</h3>gesigneerd 'F. De Braekeleer' (linksonder)",published,EUR,1000.0,1500.0,800.0,800.0,,1,0,,,True,"Mon, 31 Aug 2026 08:00:00 GMT","Tue, 08 Sep 2026 17:12:00 GMT",https://media.app.artisio.co/media/3fc437c0-fdbb-4208-955a-90293eab416d/inventory/6f6add58-2f3a-420b-9db0-f7739d20a819/8143ed10-d0b3-4aca-a9df-4152e4ef39c9/0001_iBVXBi_sm.jpeg;https://media.app.artisio.co/media/3fc437c0-fdbb-4208-955a-90293eab416d/inventory/6f6add58-2f3a-420b-9db0-f7739d20a819/7724f714-af7b-4a7d-84e1-67fb2baa106d/0002_WlapVR_sm.jpeg;https://media.app.artisio.co/media/3fc437c0-fdbb-4208-955a-90293eab416d/inventory/6f6add58-2f3a-420b-9db0-f7739d20a819/a3c60bbf-5f10-4ccd-b439-56a143fc5ada/0003_pPRDOs_sm.jpeg;https://media.app.artisio.co/media/3fc437c0-fdbb-4208-955a-90293eab416d/inventory/6f6add58-2f3a-420b-9db0-f7739d20a819/0cbb3121-6c02-4fd3-9860-0a70e6d1881b/0004_CmWMnE_sm.jpeg,4,"{""artist_retail_right"": false, ""comments"": ""<p>Not on Artprice. RKD niks gevonden - MC</p><p>https://upload.wikimedia.org/wikipedia/commons/3/38/Ferdinand_de_Braekeleer%2c_1792-1883_-_notice_biographique_%28IA_ferdinanddebraek00hyma%29.pdf misschien ‘Le chat puni’ op p59&nbsp;</p><p>Gevonden in RKD viewer (foto) - SH</p>"", ""condition"": ""The naughty cat  (opened the birdcage)"", ""condition_report"": null, ""dimensions"": null, ""extra_text"": null, ""footnote"": null, ""header"": null, ""internal_reference"": null, ""keurkamer"": false, ""literature"": ""<p>Herkomst:<br>-Veiling, Van Marle & Bignell, Den Haag, 17 oktober 1907, lot 38.&nbsp;<br>-Veiling, A. Mak, Dordrecht, 29 november 1966, lot 12.&nbsp;<br>-Veiling, Paleis van Schone Kunsten, Brussel, 29/31 oktober 1985, lot 468.</p>"", ""origin_exhibition_lite"": null, ""painter_artist_school"": ""Ferdinand De Braekeleer I (Belgian, 1792-1883)"", ""period"": null, ""signature_dating"": ""gesigneerd 'F. De Braekeleer' (linksonder)"", ""technique_size"": ""olieverf op paneel, 50,5x40 cm (78x67 cm incl. lijst)"", ""title"": ""De ondeugende kat"", ""total"": null, ""weight_size_quality"": null}"
5543a9cf-555a-48bd-bcd7-34a4479ab8a9,10057,25-2547/4,67d3691b-0d4a-4615-9e5c-fbf4dfd989e8,723,Vendue Next Door Part 2 Premium | september,Premium schilderijen,Verleiding in de herberg,"Jan Hendrik van Grootvelt (1808-1855), Verleiding in de herberg","<h3>Painter / Artist / School</h3>Jan Hendrik van Grootvelt (1808-1855)<h3>Literature</h3><p>Herkomst:<br>-Kunsthandel Pieter A. Scheen, Den Haag.<br>-Veiling, Van Marle & Bignell, Den Haag, 12 maart 1974, lot 105.&nbsp;</p><h3>Technique / Size</h3>olieverf op paneel, 69x88 cm (91x109 cm incl. lijst)<h3>Signature / Dating</h3>gesigneerd en gedateerd 'J.H. van Grootvelt 1840' (rechtsonder)",published,EUR,800.0,1200.0,600.0,600.0,,1,0,,,True,"Mon, 31 Aug 2026 08:00:00 GMT","Tue, 08 Sep 2026 17:12:00 GMT",https://media.app.artisio.co/media/3fc437c0-fdbb-4208-955a-90293eab416d/inventory/5324f07e-d847-4ad3-8035-39f3bdef4672/bd516923-9a53-428e-8bbb-e0333619ea54/0001_WxBMxs_sm.jpeg;https://media.app.artisio.co/media/3fc437c0-fdbb-4208-955a-90293eab416d/inventory/5324f07e-d847-4ad3-8035-39f3bdef4672/af563b78-68f1-4b8d-9530-27592d50da83/0002_WzDQSL_sm.jpeg;https://media.app.artisio.co/media/3fc437c0-fdbb-4208-955a-90293eab416d/inventory/5324f07e-d847-4ad3-8035-39f3bdef4672/192d7214-3234-4722-9735-ee4e5a351c9d/0003_rJcsTO_sm.jpeg;https://media.app.artisio.co/media/3fc437c0-fdbb-4208-955a-90293eab416d/inventory/5324f07e-d847-4ad3-8035-39f3bdef4672/e95f3326-958e-4437-8f03-05b03a0316ad/0004_klFQAr_sm.jpeg,4,"{""artist_retail_right"": false, ""comments"": ""<p><a href=\""https://rkd.nl/imageslite/4149578\"">https://rkd.nl/imageslite/4149578</a></p><p><a href=\""https://rkd.nl/imageslite/4149578\"">https://rkd.nl/imageslite/4149578</a></p><p>RKD niks niews - SH</p>"", ""condition"": null, ""condition_report"": null, ""dimensions"": null, ""extra_text"": null, ""footnote"": null, ""header"": null, ""internal_reference"": null, ""keurkamer"": false, ""literature"": ""<p>Herkomst:<br>-Kunsthandel Pieter A. Scheen, Den Haag.<br>-Veiling, Van Marle & Bignell, Den Haag, 12 maart 1974, lot 105.&nbsp;</p>"", ""origin_exhibition_lite"": null, ""painter_artist_school"": ""Jan Hendrik van Grootvelt (1808-1855)"", ""period"": null, ""signature_dating"": ""gesigneerd en gedateerd 'J.H. van Grootvelt 1840' (rechtsonder)"", ""technique_size"": ""olieverf op paneel, 69x88 cm (91x109 cm incl. lijst)"", ""title"": ""Verleiding in de herberg"", ""total"": null, ""weight_size_quality"": null}"
a358358f-a806-41c0-84e7-f1a1b3e772a5,10058,26-0587/123,67d3691b-0d4a-4615-9e5c-fbf4dfd989e8,723,Vendue Next Door Part 2 Premium | september,Premium schilderijen,'Tommy',"Floris Arntzenius (1864-1925), 'Tommy'","<h3>Painter / Artist / School</h3>Floris Arntzenius (1864-1925)<h3>Technique / Size</h3>aquarel, 11,5x6,5 cm (16x10 cm incl. lijst)<h3>Signature / Dating</h3>in potlood gesigneerd met initialen (rechtsonder)",published,EUR,300.0,400.0,100.0,100.0,,1,2,120.0,120.0,True,"Mon, 31 Aug 2026 08:00:00 GMT","Tue, 08 Sep 2026 17:12:00 GMT",https://media.app.artisio.co/media/3fc437c0-fdbb-4208-955a-90293eab416d/inventory/7570b7dd-f3e8-4909-8558-5cca2c300d9b/2a63b4b5-9a4e-447a-a987-d1822f971db2/0001_QQIzaX_sm.jpeg;https://media.app.artisio.co/media/3fc437c0-fdbb-4208-955a-90293eab416d/inventory/7570b7dd-f3e8-4909-8558-5cca2c300d9b/15bf9393-cb43-4b71-8986-c2a03afa2761/0002_BoDqfo_sm.jpeg;https://media.app.artisio.co/media/3fc437c0-fdbb-4208-955a-90293eab416d/inventory/7570b7dd-f3e8-4909-8558-5cca2c300d9b/c73b8c9e-2896-4d18-84e1-d0dfa11e256d/0003_hUBIXy_sm.jpeg,3,"{""artist_retail_right"": false, ""comments"": null, ""condition"": null, ""condition_report"": null, ""dimensions"": null, ""extra_text"": null, ""footnote"": null, ""header"": null, ""internal_reference"": null, ""keurkamer"": false, ""literature"": null, ""origin_exhibition_lite"": null, ""painter_artist_school"": ""Floris Arntzenius (1864-1925)"", ""period"": null, ""signature_dating"": ""in potlood gesigneerd met initialen (rechtsonder)"", ""technique_size"": ""aquarel, 11,5x6,5 cm (16x10 cm incl. lijst)"", ""title"": ""'Tommy'"", ""total"": null, ""weight_size_quality"": null}"
e4ed2f16-419d-4124-ba26-2cc38480b70f,10059,26-0097/5,67d3691b-0d4a-4615-9e5c-fbf4dfd989e8,723,Vendue Next Door Part 2 Premium | september,Premium schilderijen,Make-up,"Isaac Israels (1865-1934), Make-up","<h3>Painter / Artist / School</h3>Isaac Israels (1865-1934)<h3>Technique / Size</h3>lithografie op Japans papier, zonder lijst, 32x42,5 cm (volledig blad: 49,5x65,5 cm)<h3>Signature / Dating</h3>gesigneerd in potlood 'Isaac Israels' (rechtsonder); genummerd in potlood '10/10' (linksonder)",published,EUR,300.0,500.0,100.0,100.0,,1,3,140.0,140.0,True,"Mon, 31 Aug 2026 08:00:00 GMT","Tue, 08 Sep 2026 17:12:00 GMT",https://media.app.artisio.co/media/3fc437c0-fdbb-4208-955a-90293eab416d/inventory/208406be-d1f4-45cd-ad2a-013bde5f6100/bc7b673e-b45d-4680-97da-c53957a7cbff/0001_FRsgJC_sm.jpeg;https://media.app.artisio.co/media/3fc437c0-fdbb-4208-955a-90293eab416d/inventory/208406be-d1f4-45cd-ad2a-013bde5f6100/0fb4e06a-0b63-46d3-a094-722af0685bd7/0002_OaFaZz_sm.jpeg;https://media.app.artisio.co/media/3fc437c0-fdbb-4208-955a-90293eab416d/inventory/208406be-d1f4-45cd-ad2a-013bde5f6100/3624d6df-cb8b-4576-bc21-88526692943a/0003_aqthUv_sm.jpeg;https://media.app.artisio.co/media/3fc437c0-fdbb-4208-955a-90293eab416d/inventory/208406be-d1f4-45cd-ad2a-013bde5f6100/6fa075f5-6b02-43d5-9a30-13a00ed4be51/0004_SfvomM_sm.jpeg,4,"{""artist_retail_right"": false, ""comments"": null, ""condition"": null, ""condition_report"": null, ""dimensions"": null, ""extra_text"": null, ""footnote"": null, ""header"": null, ""internal_reference"": null, ""keurkamer"": false, ""literature"": null, ""origin_exhibition_lite"": null, ""painter_artist_school"": ""Isaac Israels (1865-1934)"", ""period"": null, ""signature_dating"": ""gesigneerd in potlood 'Isaac Israels' (rechtsonder); genummerd in potlood '10/10' (linksonder)"", ""technique_size"": ""lithografie op Japans papier, zonder lijst, 32x42,5 cm (volledig blad: 49,5x65,5 cm)"", ""title"": ""Make-up"", ""total"": null, ""weight_size_quality"": null}"
1f38b068-f8a2-4ef4-b3ed-975321725419,10060,26-0097/6,67d3691b-0d4a-4615-9e5c-fbf4dfd989e8,723,Vendue Next Door Part 2 Premium | september,Premium schilderijen,Clown met ballonnen,"Isaac Israels (1865-1934), Clown met ballonnen","<h3>Painter / Artist / School</h3>Isaac Israels (1865-1934)<h3>Technique / Size</h3>lithografie op Japans papier, zonder lijst, 42,5x32 cm (volledige blad: 63x48,5 cm)<h3>Signature / Dating</h3>gesigneerd in potlood 'Isaac Israels' (rechtsonder); genummerd in potlood '10/10' (linksonder)",published,EUR,300.0,400.0,100.0,100.0,,1,0,,,True,"Mon, 31 Aug 2026 08:00:00 GMT","Tue, 08 Sep 2026 17:12:00 GMT",https://media.app.artisio.co/media/3fc437c0-fdbb-4208-955a-90293eab416d/inventory/2dcf07d0-4652-41e1-9dce-6e7aa8506214/d9930f86-251e-415a-a2bd-004f36786696/0001_fgwhVX_sm.jpeg;https://media.app.artisio.co/media/3fc437c0-fdbb-4208-955a-90293eab416d/inventory/2dcf07d0-4652-41e1-9dce-6e7aa8506214/ad38f558-7d4d-4409-a24c-2142f2f77033/0002_GiIiNn_sm.jpeg;https://media.app.artisio.co/media/3fc437c0-fdbb-4208-955a-90293eab416d/inventory/2dcf07d0-4652-41e1-9dce-6e7aa8506214/8c93b786-4838-4c9c-98c5-cf4098acb424/0003_GzhZlH_sm.jpeg;https://media.app.artisio.co/media/3fc437c0-fdbb-4208-955a-90293eab416d/inventory/2dcf07d0-4652-41e1-9dce-6e7aa8506214/79dd32fe-00bb-4676-a2e5-b14a2b3957e9/0004_UpHjqI_sm.jpeg,4,"{""artist_retail_right"": false, ""comments"": null, ""condition"": null, ""condition_report"": null, ""dimensions"": null, ""extra_text"": null, ""footnote"": null, ""header"": null, ""internal_reference"": null, ""keurkamer"": false, ""literature"": null, ""origin_exhibition_lite"": null, ""painter_artist_school"": ""Isaac Israels (1865-1934)"", ""period"": null, ""signature_dating"": ""gesigneerd in potlood 'Isaac Israels' (rechtsonder); genummerd in potlood '10/10' (linksonder)"", ""technique_size"": ""lithografie op Japans papier, zonder lijst, 42,5x32 cm (volledige blad: 63x48,5 cm)"", ""title"": ""Clown met ballonnen"", ""total"": null, ""weight_size_quality"": null}"
8fc8d2bc-6f37-4061-bf9d-101b4a7198be,10061,26-0097/8,67d3691b-0d4a-4615-9e5c-fbf4dfd989e8,723,Vendue Next Door Part 2 Premium | september,Premium schilderijen,'Et Il Distingue Une Plaine Aride Et Mamelonneuse',"Odilon Redon (Frans, 1840-1916), 'Et Il Distingue Une Plaine Aride Et Mamelonneuse'","<h3>Painter / Artist / School</h3>Odilon Redon (Frans, 1840-1916)<h3>Technique / Size</h3>lithografie, zonder lijst, 24,5x20 cm (steunpapier: 37,5x31 cm)<h3>Extra Text</h3><p>Plaat 7 uit ‘Temptation of St. Antoine’ (1896).</p>",published,EUR,300.0,400.0,100.0,100.0,,1,1,100.0,100.0,True,"Mon, 31 Aug 2026 08:00:00 GMT","Tue, 08 Sep 2026 17:12:00 GMT",https://media.app.artisio.co/media/3fc437c0-fdbb-4208-955a-90293eab416d/inventory/b7732061-6336-411b-a10d-a22ff2d7ba10/1e71b7d2-e5f5-4af8-a193-677cc295b542/0001_fMjDNs_sm.jpeg;https://media.app.artisio.co/media/3fc437c0-fdbb-4208-955a-90293eab416d/inventory/b7732061-6336-411b-a10d-a22ff2d7ba10/ac815a72-c2d4-49f6-93a2-306d557d2f91/0002_BAGTGk_sm.jpeg,2,"{""artist_retail_right"": false, ""comments"": null, ""condition"": null, ""condition_report"": null, ""dimensions"": null, ""extra_text"": ""<p>Plaat 7 uit ‘Temptation of St. Antoine’ (1896).</p>"", ""footnote"": null, ""header"": null, ""internal_reference"": null, ""keurkamer"": false, ""literature"": null, ""origin_exhibition_lite"": null, ""painter_artist_school"": ""Odilon Redon (Frans, 1840-1916)"", ""period"": null, ""signature_dating"": null, ""technique_size"": ""lithografie, zonder lijst, 24,5x20 cm (steunpapier: 37,5x31 cm)"", ""title"": ""'Et Il Distingue Une Plaine Aride Et Mamelonneuse'"", ""total"": null, ""weight_size_quality"": null}"
09e8cd82-8381-42c1-81f2-13c638e3654a,10062,26-0097/9,67d3691b-0d4a-4615-9e5c-fbf4dfd989e8,723,Vendue Next Door Part 2 Premium | september,Premium schilderijen,"'It was a hand, seemingly as much of flesh and blood as my own'","Odilon Redon (Frans, 1840-1916), 'It was a hand, seemingly as much of flesh and blood as my own'","<h3>Painter / Artist / School</h3>Odilon Redon (Frans, 1840-1916)<h3>Technique / Size</h3>lithografie, zonder lijst, 24,5x18 cm (steunpapier: 45x28,5 cm)<h3>Extra Text</h3><p>Plaat 4 van 6 uit 'La maison hauntée' (1896).</p>",published,EUR,300.0,400.0,100.0,100.0,,1,1,100.0,100.0,True,"Mon, 31 Aug 2026 08:00:00 GMT","Tue, 08 Sep 2026 17:15:00 GMT",https://media.app.artisio.co/media/3fc437c0-fdbb-4208-955a-90293eab416d/inventory/e6454edb-31dd-43e6-a90f-8cf27bed0016/a26c30e2-fbd5-4641-87ba-f90e58902239/0001_hlyeAQ_sm.jpeg;https://media.app.artisio.co/media/3fc437c0-fdbb-4208-955a-90293eab416d/inventory/e6454edb-31dd-43e6-a90f-8cf27bed0016/34ecfdca-cab2-4d69-9468-0aab4514984d/0002_vpTtju_sm.jpeg,2,"{""artist_retail_right"": false, ""comments"": null, ""condition"": null, ""condition_report"": null, ""dimensions"": null, ""extra_text"": ""<p>Plaat 4 van 6 uit 'La maison hauntée' (1896).</p>"", ""footnote"": null, ""header"": null, ""internal_reference"": null, ""keurkamer"": false, ""literature"": null, ""origin_exhibition_lite"": null, ""painter_artist_school"": ""Odilon Redon (Frans, 1840-1916)"", ""period"": null, ""signature_dating"": null, ""technique_size"": ""lithografie, zonder lijst, 24,5x18 cm (steunpapier: 45x28,5 cm)"", ""title"": ""'It was a hand, seemingly as much of flesh and blood as my own'"", ""total"": null, ""weight_size_quality"": null}"
8839e7da-806c-4cb1-a38f-a6322056f2da,10063,26-0097/10,67d3691b-0d4a-4615-9e5c-fbf4dfd989e8,723,Vendue Next Door Part 2 Premium | september,Premium schilderijen,"'Et il avait dans sa main droite sept étoiles, et de sa bouche sortait une épée aiguë à deux tranchants'","Odilon Redon (Frans, 1840-1916), 'Et il avait dans sa main droite sept étoiles, et de sa bouche sortait une épée aiguë à deux tranchants'","<h3>Painter / Artist / School</h3>Odilon Redon (Frans, 1840-1916)<h3>Technique / Size</h3>lithografie, zonder lijst, 29,5x21 cm (steunpapier: 50x38 cm)<h3>Extra Text</h3><p>Plaat 1 uit 'Apocalypste St Jean' (1899).</p>",published,EUR,400.0,600.0,200.0,200.0,,1,0,,,True,"Mon, 31 Aug 2026 08:00:00 GMT","Tue, 08 Sep 2026 17:15:00 GMT",https://media.app.artisio.co/media/3fc437c0-fdbb-4208-955a-90293eab416d/inventory/89637d81-1e79-4931-b5f5-87202696ebe3/c9e256dd-8bda-4e0b-8abe-5ed0b4e6f1a5/0001_ldBaew_sm.jpeg;https://media.app.artisio.co/media/3fc437c0-fdbb-4208-955a-90293eab416d/inventory/89637d81-1e79-4931-b5f5-87202696ebe3/7f5fc1fa-80e4-423c-9ab0-b0b3989ee3cd/0002_JeCfOZ_sm.jpeg,2,"{""artist_retail_right"": false, ""comments"": null, ""condition"": null, ""condition_report"": null, ""dimensions"": null, ""extra_text"": ""<p>Plaat 1 uit 'Apocalypste St Jean' (1899).</p>"", ""footnote"": null, ""header"": null, ""internal_reference"": null, ""keurkamer"": false, ""literature"": null, ""origin_exhibition_lite"": null, ""painter_artist_school"": ""Odilon Redon (Frans, 1840-1916)"", ""period"": null, ""signature_dating"": null, ""technique_size"": ""lithografie, zonder lijst, 29,5x21 cm (steunpapier: 50x38 cm)"", ""title"": ""'Et il avait dans sa main droite sept étoiles, et de sa bouche sortait une épée aiguë à deux tranchants'"", ""total"": null, ""weight_size_quality"": null}"
22f0bbbd-c493-4015-b396-0bce7cf3eb7d,10064,26-0097/11,67d3691b-0d4a-4615-9e5c-fbf4dfd989e8,723,Vendue Next Door Part 2 Premium | september,Premium schilderijen,Diverse landschappen,"Willem de Zwart (1862-1931) , Diverse landschappen","<h3>Painter / Artist / School</h3>Willem de Zwart (1862-1931)<h3>Technique / Size</h3>alle ets op papier, zonder lijst, afmetingen van 14,5x9 cm tot 48,5x68 cm<h3>Signature / Dating</h3>alle gesgineerd in pen (rechtsonder)",published,EUR,300.0,400.0,100.0,100.0,,1,0,,,True,"Mon, 31 Aug 2026 08:00:00 GMT","Tue, 08 Sep 2026 17:15:00 GMT",https://media.app.artisio.co/media/3fc437c0-fdbb-4208-955a-90293eab416d/inventory/502745f9-ec39-45be-9989-29dfa432ebaa/ad4da831-b58c-46e2-9980-a534374e403d/0001_CKrnNs_sm.jpeg;https://media.app.artisio.co/media/3fc437c0-fdbb-4208-955a-90293eab416d/inventory/502745f9-ec39-45be-9989-29dfa432ebaa/130d4c87-9a73-4b3d-a7c5-d20956f99feb/0001a_kKleEU_sm.jpeg;https://media.app.artisio.co/media/3fc437c0-fdbb-4208-955a-90293eab416d/inventory/502745f9-ec39-45be-9989-29dfa432ebaa/9d5a23cf-c02b-4093-a0fb-d78bf81565bb/0001b_tJcbJz_sm.jpeg;https://media.app.artisio.co/media/3fc437c0-fdbb-4208-955a-90293eab416d/inventory/502745f9-ec39-45be-9989-29dfa432ebaa/896add16-3c47-4fd8-a64b-572b6ab3cbf9/0002_CzMscZ_sm.jpeg;https://media.app.artisio.co/media/3fc437c0-fdbb-4208-955a-90293eab416d/inventory/502745f9-ec39-45be-9989-29dfa432ebaa/76cb740e-9f45-4374-ad0b-518e774df9d4/0004_VRIqjy_sm.jpeg;https://media.app.artisio.co/media/3fc437c0-fdbb-4208-955a-90293eab416d/inventory/502745f9-ec39-45be-9989-29dfa432ebaa/e45156d0-cfd1-46a6-a9d5-d33511cceb2c/0005_rjTkLo_sm.jpeg;https://media.app.artisio.co/media/3fc437c0-fdbb-4208-955a-90293eab416d/inventory/502745f9-ec39-45be-9989-29dfa432ebaa/304f26c4-6502-400c-883f-d87d64af481f/0006_KQlRgS_sm.jpeg;https://media.app.artisio.co/media/3fc437c0-fdbb-4208-955a-90293eab416d/inventory/502745f9-ec39-45be-9989-29dfa432ebaa/a6fb2bf4-fe0c-4999-9346-2b38f96bb347/0007_vsUcWZ_sm.jpeg;https://media.app.artisio.co/media/3fc437c0-fdbb-4208-955a-90293eab416d/inventory/502745f9-ec39-45be-9989-29dfa432ebaa/57c8bfa8-8ee9-4a9b-bd0c-63acdd2639ee/0008_SQZpZz_sm.jpeg;https://media.app.artisio.co/media/3fc437c0-fdbb-4208-955a-90293eab416d/inventory/502745f9-ec39-45be-9989-29dfa432ebaa/478c5575-9844-4959-bf30-5d56fdb099d8/0009_csgAoV_sm.jpeg;https://media.app.artisio.co/media/3fc437c0-fdbb-4208-955a-90293eab416d/inventory/502745f9-ec39-45be-9989-29dfa432ebaa/4ff56689-29d8-4925-998a-c956b4be6fca/0010_rNfGCk_sm.jpeg;https://media.app.artisio.co/media/3fc437c0-fdbb-4208-955a-90293eab416d/inventory/502745f9-ec39-45be-9989-29dfa432ebaa/fcda086b-d85f-46dd-ae8f-c96e03e0fd22/0011_ZFJCzS_sm.jpeg;https://media.app.artisio.co/media/3fc437c0-fdbb-4208-955a-90293eab416d/inventory/502745f9-ec39-45be-9989-29dfa432ebaa/81023a36-2150-49b5-a1f2-4193dfed9f15/0012_vvJAoC_sm.jpeg;https://media.app.artisio.co/media/3fc437c0-fdbb-4208-955a-90293eab416d/inventory/502745f9-ec39-45be-9989-29dfa432ebaa/c69dfeca-a952-46a8-a307-3d92976ace14/0013_AHuFki_sm.jpeg;https://media.app.artisio.co/media/3fc437c0-fdbb-4208-955a-90293eab416d/inventory/502745f9-ec39-45be-9989-29dfa432ebaa/a780def4-a676-41e2-957e-537c2df78e8d/0014_eZdWYR_sm.jpeg;https://media.app.artisio.co/media/3fc437c0-fdbb-4208-955a-90293eab416d/inventory/502745f9-ec39-45be-9989-29dfa432ebaa/71a3f2e0-04cd-4657-9442-c5f1c1732e43/0015_lTRYXM_sm.jpeg;https://media.app.artisio.co/media/3fc437c0-fdbb-4208-955a-90293eab416d/inventory/502745f9-ec39-45be-9989-29dfa432ebaa/77a54b71-dad2-4b0c-955d-370259592e15/0016_lvXmeD_sm.jpeg;https://media.app.artisio.co/media/3fc437c0-fdbb-4208-955a-90293eab416d/inventory/502745f9-ec39-45be-9989-29dfa432ebaa/7284fa2e-c5ca-4e15-90ce-6857fa2ad6ea/0017_DnvCBx_sm.jpeg;https://media.app.artisio.co/media/3fc437c0-fdbb-4208-955a-90293eab416d/inventory/502745f9-ec39-45be-9989-29dfa432ebaa/9cf93b49-a690-476b-8d88-adb83ee4b7e0/0018_vNDbli_sm.jpeg,19,"{""artist_retail_right"": false, ""comments"": null, ""condition"": null, ""condition_report"": null, ""dimensions"": null, ""extra_text"": null, ""footnote"": null, ""header"": null, ""internal_reference"": null, ""keurkamer"": false, ""literature"": null, ""origin_exhibition_lite"": null, ""painter_artist_school"": ""Willem de Zwart (1862-1931) "", ""period"": null, ""signature_dating"": ""alle gesgineerd in pen (rechtsonder)"", ""technique_size"": ""alle ets op papier, zonder lijst, afmetingen van 14,5x9 cm tot 48,5x68 cm"", ""title"": ""Diverse landschappen"", ""total"": null, ""weight_size_quality"": null}"
5608c3aa-0eff-45e0-8b79-3a612817255b,10065,26-0408/2,67d3691b-0d4a-4615-9e5c-fbf4dfd989e8,723,Vendue Next Door Part 2 Premium | september,Premium schilderijen,Huis bij een Franse rivier,"Evert Jan Ligtelijn (1893-1975), Huis bij een Franse rivier","<h3>Painter / Artist / School</h3>Evert Jan Ligtelijn (1893-1975)<h3>Technique / Size</h3>olieverf op paneel, 23x31 cm (36x44 cm incl. lijst)<h3>Signature / Dating</h3>gesigneerd 'E. J. Ligtelijn' (rechtsonder)",published,EUR,300.0,400.0,200.0,,,1,0,,,True,"Mon, 31 Aug 2026 08:00:00 GMT","Tue, 08 Sep 2026 17:15:00 GMT",https://media.app.artisio.co/media/3fc437c0-fdbb-4208-955a-90293eab416d/inventory/89abd0b9-0015-4fcf-95f5-2cb1491f870f/e570ebf2-7095-4838-9cf1-f97eb0702ee1/0001_XsCbBl_sm.jpeg;https://media.app.artisio.co/media/3fc437c0-fdbb-4208-955a-90293eab416d/inventory/89abd0b9-0015-4fcf-95f5-2cb1491f870f/20e79619-2659-47d8-9d2c-974fd71f88d1/0002_TPsFJS_sm.jpeg;https://media.app.artisio.co/media/3fc437c0-fdbb-4208-955a-90293eab416d/inventory/89abd0b9-0015-4fcf-95f5-2cb1491f870f/90f60ca1-ee10-4d26-9a46-f5295ec15299/0003_xmXBGn_sm.jpeg;https://media.app.artisio.co/media/3fc437c0-fdbb-4208-955a-90293eab416d/inventory/89abd0b9-0015-4fcf-95f5-2cb1491f870f/8a40377c-9fa4-48a8-bf00-5f3946d69bb7/0004_nUXxol_sm.jpeg,4,"{""artist_retail_right"": false, ""comments"": ""<p>Evert Jan Ligtelijn, Huisje aan Franse rivier, bestem voor C2M richtprijs €300-400 startprijs 200&nbsp;</p>"", ""condition"": null, ""condition_report"": null, ""dimensions"": null, ""extra_text"": null, ""footnote"": null, ""header"": null, ""internal_reference"": null, ""keurkamer"": false, ""literature"": null, ""origin_exhibition_lite"": null, ""painter_artist_school"": ""Evert Jan Ligtelijn (1893-1975)"", ""period"": null, ""signature_dating"": ""gesigneerd 'E. J. Ligtelijn' (rechtsonder)"", ""technique_size"": ""olieverf op paneel, 23x31 cm (36x44 cm incl. lijst)"", ""title"": ""Huis bij een Franse rivier"", ""total"": null, ""weight_size_quality"": null}"
cd82844c-d240-42e1-acb0-0a7a60013a5f,10066,26-0180/3,67d3691b-0d4a-4615-9e5c-fbf4dfd989e8,723,Vendue Next Door Part 2 Premium | september,Premium schilderijen,Vrolijk gezelschap,"B. Delaroche (19de eeuw), Vrolijk gezelschap","<h3>Painter / Artist / School</h3>B. Delaroche (19de eeuw)<h3>Technique / Size</h3>olieverf op doek, 65x54 cm (103x92 cm incl. lijst)<h3>Signature / Dating</h3>gesigneerd 'B. Delaroche' (rechtsonder)",published,EUR,400.0,600.0,200.0,200.0,,1,3,240.0,240.0,True,"Mon, 31 Aug 2026 08:00:00 GMT","Tue, 08 Sep 2026 17:15:00 GMT",https://media.app.artisio.co/media/3fc437c0-fdbb-4208-955a-90293eab416d/inventory/80e805cf-7e9c-4384-af63-b4200a524309/0329a9a6-95e9-4833-a2ca-6fce8b8461f3/0001_DPySKM_sm.jpeg;https://media.app.artisio.co/media/3fc437c0-fdbb-4208-955a-90293eab416d/inventory/80e805cf-7e9c-4384-af63-b4200a524309/7c9727eb-69c2-479e-817b-d10b76f59303/0002_OQVzvX_sm.jpeg;https://media.app.artisio.co/media/3fc437c0-fdbb-4208-955a-90293eab416d/inventory/80e805cf-7e9c-4384-af63-b4200a524309/0d25b6d4-2805-4da1-ad92-0618944349d3/0003_OtAmNO_sm.jpeg;https://media.app.artisio.co/media/3fc437c0-fdbb-4208-955a-90293eab416d/inventory/80e805cf-7e9c-4384-af63-b4200a524309/3bb0467d-a7a8-44bd-a5c4-351408c83b4e/0004_UUanEo_sm.jpeg,4,"{""artist_retail_right"": false, ""comments"": null, ""condition"": null, ""condition_report"": null, ""dimensions"": null, ""extra_text"": null, ""footnote"": null, ""header"": null, ""internal_reference"": null, ""keurkamer"": false, ""literature"": null, ""origin_exhibition_lite"": null, ""painter_artist_school"": ""B. Delaroche (19de eeuw)"", ""period"": null, ""signature_dating"": ""gesigneerd 'B. Delaroche' (rechtsonder)"", ""technique_size"": ""olieverf op doek, 65x54 cm (103x92 cm incl. lijst)"", ""title"": ""Vrolijk gezelschap"", ""total"": null, ""weight_size_quality"": null}"
c59a69f8-6438-4c89-8724-76ceff60b3a0,10067,26-0176/39,67d3691b-0d4a-4615-9e5c-fbf4dfd989e8,723,Vendue Next Door Part 2 Premium | september,Premium schilderijen,Madonna beeldje met bloemen,"Theo van Delft (1883-1967), Madonna beeldje met bloemen","<h3>Painter / Artist / School</h3>Theo van Delft (1883-1967)<h3>Technique / Size</h3>olieverf op doek, 55x45 cm (63x53 cm incl. lijst)<h3>Signature / Dating</h3>gesigneerd 'Theo van Delft/Jansz.' (rechtsonder)",published,EUR,200.0,300.0,100.0,100.0,,1,0,,,True,"Mon, 31 Aug 2026 08:00:00 GMT","Tue, 08 Sep 2026 17:15:00 GMT",https://media.app.artisio.co/media/3fc437c0-fdbb-4208-955a-90293eab416d/inventory/4ad88569-6649-4f42-9e9f-e28647e562e2/12f0ba07-90c7-4f9a-9a7e-440af0069c05/0001_BirGRp_sm.jpeg;https://media.app.artisio.co/media/3fc437c0-fdbb-4208-955a-90293eab416d/inventory/4ad88569-6649-4f42-9e9f-e28647e562e2/c23fa3ba-a40c-4100-b21b-ed3a20f807fd/0002_XGmnlH_sm.jpeg;https://media.app.artisio.co/media/3fc437c0-fdbb-4208-955a-90293eab416d/inventory/4ad88569-6649-4f42-9e9f-e28647e562e2/9bf6d170-c5ae-437f-82eb-cb5ab9384c9e/0003_YnGOTj_sm.jpeg;https://media.app.artisio.co/media/3fc437c0-fdbb-4208-955a-90293eab416d/inventory/4ad88569-6649-4f42-9e9f-e28647e562e2/8ab2b6f8-8c5d-4a74-89cc-9859744ceff6/0004_XKrtTO_sm.jpeg;https://media.app.artisio.co/media/3fc437c0-fdbb-4208-955a-90293eab416d/inventory/4ad88569-6649-4f42-9e9f-e28647e562e2/c2098d68-bf68-465d-b6ed-b85794d47b31/0005_NjihLn_sm.jpeg,5,"{""artist_retail_right"": false, ""comments"": null, ""condition"": null, ""condition_report"": null, ""dimensions"": null, ""extra_text"": null, ""footnote"": null, ""header"": null, ""internal_reference"": null, ""keurkamer"": false, ""literature"": null, ""origin_exhibition_lite"": null, ""painter_artist_school"": ""Theo van Delft (1883-1967)"", ""period"": null, ""signature_dating"": ""gesigneerd 'Theo van Delft/Jansz.' (rechtsonder)"", ""technique_size"": ""olieverf op doek, 55x45 cm (63x53 cm incl. lijst)"", ""title"": ""Madonna beeldje met bloemen"", ""total"": null, ""weight_size_quality"": null}"
61bb4710-fb41-4b5c-baec-c0af5b6af5de,10068,25-2333/1,67d3691b-0d4a-4615-9e5c-fbf4dfd989e8,723,Vendue Next Door Part 2 Premium | september,Premium schilderijen,"Zicht vanaf de basilique du Sacré-Cœur op Montmarte richting Place Saint Pierre en Rue de Steinkerque, Parijs","Jan Korthals (1916-1972), Zicht vanaf de basilique du Sacré-Cœur op Montmarte richting Place Saint Pierre en Rue de Steinkerque, Parijs","<h3>Painter / Artist / School</h3>Jan Korthals (1916-1972)<h3>Technique / Size</h3>olieverf op doek, 80x100 cm (84x104,5 cm incl. lijst)<h3>Signature / Dating</h3>gesigneerd 'Jan Korthals' (rechtsonder)<h3>Extra Text</h3><p>Jan Korthals kwam graag in Parijs, waar hij vele inkttekeningen maakte, die hij later op zijn atelier in Amsterdam tot goed doorwerkte olieverfschilderijen uitwerkte.&nbsp;</p>",published,EUR,600.0,800.0,400.0,400.0,,1,0,,,True,"Mon, 31 Aug 2026 08:00:00 GMT","Tue, 08 Sep 2026 17:15:00 GMT",https://media.app.artisio.co/media/3fc437c0-fdbb-4208-955a-90293eab416d/inventory/c2baae1f-5cd3-4192-b1f9-e0a1405ec87a/40f4f99d-bac3-4759-869e-293f30dcec6c/0001_ntlzdt_sm.jpeg;https://media.app.artisio.co/media/3fc437c0-fdbb-4208-955a-90293eab416d/inventory/c2baae1f-5cd3-4192-b1f9-e0a1405ec87a/6c84c16f-73ea-4ca1-919a-44969a1f49e5/0002_eMEioe_sm.jpeg;https://media.app.artisio.co/media/3fc437c0-fdbb-4208-955a-90293eab416d/inventory/c2baae1f-5cd3-4192-b1f9-e0a1405ec87a/e6916c46-be94-4fa0-8a69-73705f4699ed/0003_rPJsrZ_sm.jpeg;https://media.app.artisio.co/media/3fc437c0-fdbb-4208-955a-90293eab416d/inventory/c2baae1f-5cd3-4192-b1f9-e0a1405ec87a/3cc2c211-8985-4865-a502-ded3b8146181/0004_THjreV_sm.jpeg,4,"{""artist_retail_right"": false, ""comments"": ""<p>Nadere info van inzender: Suite aux dépôts du 05 septembre en vos locaux, je souhaiterais connaître les estimations et les dates éventielles de vente des tableaux déposés. Je précise ici que le tableau&nbsp; de Korthals Jan \""Vue de Montmartre\"" est <i>la vue prise des jardins du Sacré-coeur de l'angle de la rue Steinkerque et de la place Saint Pierre.</i> Malheureusement, je n'ai pas trouvé d'images anciennes de cette vue mais voici le lien d'une ancienne carte postale avec la vue du début de la rue : <a href=\""https://eur03.safelinks.protection.outlook.com/?url=https%3A%2F%2Fwww.delcampe.net%2Ffr%2Fcollections%2Fcartes-postales%2Ffrance%2Farrondissement-18%2Fparis-xviiie-la-rue-steinkerque-33143042.html&data=05%7C02%7Cm.regout%40venduehuis.com%7Ceb4c5316618d4b6e831308de00eb0c5a%7C5a2116df2931483fa499ce69f6170168%7C0%7C0%7C638949206709396270%7CUnknown%7CTWFpbGZsb3d8eyJFbXB0eU1hcGkiOnRydWUsIlYiOiIwLjAuMDAwMCIsIlAiOiJXaW4zMiIsIkFOIjoiTWFpbCIsIldUIjoyfQ%3D%3D%7C0%7C%7C%7C&sdata=RUrzSBriQvZsFXhOBjNEEHDeX%2F8XzJcLEEtc7ITDyrw%3D&reserved=0\"">https://www.delcampe.net/fr/collections/cartes-postales/france/arrondissement-18/paris-xviiie-la-rue-steinkerque-33143042.html</a><br>et voici une autre vue avec les jardins du Sacré-Coeur / <a href=\""https://eur03.safelinks.protection.outlook.com/?url=https%3A%2F%2Fwww.delcampe.net%2Ffr%2Fcollections%2Fcartes-postales%2Ffrance%2Farrondissement-18%2F75-paris-la-basilique-du-sacre-coeur-de-montmartre-vue-de-la-rue-de-steinkerque-1719913786.html&data=05%7C02%7Cm.regout%40venduehuis.com%7Ceb4c5316618d4b6e831308de00eb0c5a%7C5a2116df2931483fa499ce69f6170168%7C0%7C0%7C638949206709421437%7CUnknown%7CTWFpbGZsb3d8eyJFbXB0eU1hcGkiOnRydWUsIlYiOiIwLjAuMDAwMCIsIlAiOiJXaW4zMiIsIkFOIjoiTWFpbCIsIldUIjoyfQ%3D%3D%7C0%7C%7C%7C&sdata=NGP1F6RZbc6XgcTqpzlid8zE1ZLozFr9XkAQht90RSY%3D&reserved=0\"">https://www.delcampe.net/fr/collections/cartes-postales/france/arrondissement-18/75-paris-la-basilique-du-sacre-coeur-de-montmartre-vue-de-la-rue-de-steinkerque-1719913786.html</a></p>"", ""condition"": null, ""condition_report"": null, ""dimensions"": null, ""extra_text"": ""<p>Jan Korthals kwam graag in Parijs, waar hij vele inkttekeningen maakte, die hij later op zijn atelier in Amsterdam tot goed doorwerkte olieverfschilderijen uitwerkte.&nbsp;</p>"", ""footnote"": null, ""header"": null, ""internal_reference"": null, ""keurkamer"": false, ""literature"": null, ""origin_exhibition_lite"": null, ""painter_artist_school"": ""Jan Korthals (1916-1972)"", ""period"": null, ""signature_dating"": ""gesigneerd 'Jan Korthals' (rechtsonder)"", ""technique_size"": ""olieverf op doek, 80x100 cm (84x104,5 cm incl. lijst)"", ""title"": ""Zicht vanaf de basilique du Sacré-Cœur op Montmarte richting Place Saint Pierre en Rue de Steinkerque, Parijs"", ""total"": null, ""weight_size_quality"": null}"
c3517975-ea0b-4fae-80fe-43ee2a66d511,10069,25-2067/3,67d3691b-0d4a-4615-9e5c-fbf4dfd989e8,723,Vendue Next Door Part 2 Premium | september,Premium schilderijen,Flight of the fly,"Félix Anaut (1944), Flight of the fly","<h3>Painter / Artist / School</h3>Félix Anaut (1944)<h3>Technique / Size</h3>olieverf op papier, 105x75 cm (125x94 cm incl. lijst)<h3>Signature / Dating</h3>gesigneerd (linksonder); nogmaals gesigneerd en gedateerd '2009' (verso)",published,EUR,400.0,600.0,200.0,200.0,,1,1,200.0,200.0,True,"Mon, 31 Aug 2026 08:00:00 GMT","Tue, 08 Sep 2026 17:15:00 GMT",https://media.app.artisio.co/media/3fc437c0-fdbb-4208-955a-90293eab416d/inventory/11e9e3a3-841e-4847-985c-711cdf3ba100/278eadfd-bf53-4520-b8db-18c6bf235739/0001_GRtsnr_sm.jpeg;https://media.app.artisio.co/media/3fc437c0-fdbb-4208-955a-90293eab416d/inventory/11e9e3a3-841e-4847-985c-711cdf3ba100/a6976b7f-b85d-402d-9120-f54e1d668d55/0002_jkVRLe_sm.jpeg;https://media.app.artisio.co/media/3fc437c0-fdbb-4208-955a-90293eab416d/inventory/11e9e3a3-841e-4847-985c-711cdf3ba100/fc737977-8364-41e6-b31c-02c5b45b4db3/0003_wCzVKz_sm.jpeg;https://media.app.artisio.co/media/3fc437c0-fdbb-4208-955a-90293eab416d/inventory/11e9e3a3-841e-4847-985c-711cdf3ba100/90f2f6b5-2f67-494d-bc88-37c474788a40/0004_jMImMt_sm.jpeg;https://media.app.artisio.co/media/3fc437c0-fdbb-4208-955a-90293eab416d/inventory/11e9e3a3-841e-4847-985c-711cdf3ba100/515fc7ff-31b7-40f4-b61b-3f52db401247/0005_Ffqnfd_sm.jpeg,5,"{""artist_retail_right"": false, ""comments"": null, ""condition"": null, ""condition_report"": null, ""dimensions"": null, ""extra_text"": null, ""footnote"": null, ""header"": null, ""internal_reference"": null, ""keurkamer"": false, ""literature"": null, ""origin_exhibition_lite"": null, ""painter_artist_school"": ""Félix Anaut (1944)"", ""period"": null, ""signature_dating"": ""gesigneerd (linksonder); nogmaals gesigneerd en gedateerd '2009' (verso)"", ""technique_size"": ""olieverf op papier, 105x75 cm (125x94 cm incl. lijst)"", ""title"": ""Flight of the fly"", ""total"": null, ""weight_size_quality"": null}"
01f7fcfb-26be-4179-af52-c9bca3830232,10070,25-2045/2,67d3691b-0d4a-4615-9e5c-fbf4dfd989e8,723,Vendue Next Door Part 2 Premium | september,Premium schilderijen,"Decoratiestuk met dansende putti, klassieke figuren en bloemen","Johannes Evert van Leeuwen (1855-1931), Decoratiestuk met dansende putti, klassieke figuren en bloemen","<h3>Painter / Artist / School</h3>Johannes Evert van Leeuwen (1855-1931)<h3>Technique / Size</h3>olieverf op doek, 155x105 cm (165x115 cm incl .lijst)<h3>Signature / Dating</h3>gesigneerd en gedateerd '1894' (rechtsonder)",published,EUR,300.0,500.0,100.0,,,1,1,100.0,100.0,True,"Mon, 31 Aug 2026 08:00:00 GMT","Tue, 08 Sep 2026 17:15:00 GMT",https://media.app.artisio.co/media/3fc437c0-fdbb-4208-955a-90293eab416d/inventory/f2a714c4-418e-4164-8265-0fa69c358aef/740ccf44-6b9f-4f15-934f-c2d4137a0a56/0001_vmKJCC_sm.jpeg;https://media.app.artisio.co/media/3fc437c0-fdbb-4208-955a-90293eab416d/inventory/f2a714c4-418e-4164-8265-0fa69c358aef/8ee2f34f-6312-43bc-8aee-adc03f9bf879/0002_zEBZfQ_sm.jpeg;https://media.app.artisio.co/media/3fc437c0-fdbb-4208-955a-90293eab416d/inventory/f2a714c4-418e-4164-8265-0fa69c358aef/2371e573-4f08-4cb1-8757-874062a0bd61/0003_CJRiag_sm.jpeg,3,"{""artist_retail_right"": false, ""comments"": null, ""condition"": null, ""condition_report"": null, ""dimensions"": null, ""extra_text"": null, ""footnote"": null, ""header"": null, ""internal_reference"": null, ""keurkamer"": false, ""literature"": null, ""origin_exhibition_lite"": null, ""painter_artist_school"": ""Johannes Evert van Leeuwen (1855-1931)"", ""period"": null, ""signature_dating"": ""gesigneerd en gedateerd '1894' (rechtsonder)"", ""technique_size"": ""olieverf op doek, 155x105 cm (165x115 cm incl .lijst)"", ""title"": ""Decoratiestuk met dansende putti, klassieke figuren en bloemen"", ""total"": null, ""weight_size_quality"": null}"
caffa598-143e-4a75-945a-83383a5a1cc1,10071,26-0410/3,67d3691b-0d4a-4615-9e5c-fbf4dfd989e8,723,Vendue Next Door Part 2 Premium | september,Premium schilderijen,Zittend Balinees meisje met lang haar,"Krijono (Indonesisch, 1951-2011), Zittend Balinees meisje met lang haar","<h3>Painter / Artist / School</h3>Krijono (Indonesisch, 1951-2011)<h3>Technique / Size</h3>acryl op doek, 140x140 cm (incl lijst 166x166 cm)<h3>Signature / Dating</h3>gesigneerd, gedateerd, getiteld en geannoteerd 'Krijono 1993 ""Kekot [...]""/ Jogjakarta' (linksonder)",published,EUR,300.0,400.0,100.0,100.0,,1,0,,,True,"Mon, 31 Aug 2026 08:00:00 GMT","Tue, 08 Sep 2026 17:15:00 GMT",https://media.app.artisio.co/media/3fc437c0-fdbb-4208-955a-90293eab416d/inventory/bd356b10-045c-48b7-8665-8b5c180c4e6f/94020fb5-640b-4ffb-83f9-38dca6a186fc/0001_JVFQrG_sm.jpeg;https://media.app.artisio.co/media/3fc437c0-fdbb-4208-955a-90293eab416d/inventory/bd356b10-045c-48b7-8665-8b5c180c4e6f/df5ffdb5-0253-4a82-942a-87223ace332b/0002_bPsQrz_sm.jpeg;https://media.app.artisio.co/media/3fc437c0-fdbb-4208-955a-90293eab416d/inventory/bd356b10-045c-48b7-8665-8b5c180c4e6f/c6b66855-785f-46ce-89e1-0deaba0abaae/0003_ZdMTZd_sm.jpeg;https://media.app.artisio.co/media/3fc437c0-fdbb-4208-955a-90293eab416d/inventory/bd356b10-045c-48b7-8665-8b5c180c4e6f/d6d17e46-dc34-4e4c-ac1f-373ef438bb67/0004_PlEStT_sm.jpeg,4,"{""artist_retail_right"": false, ""comments"": null, ""condition"": null, ""condition_report"": null, ""dimensions"": null, ""extra_text"": null, ""footnote"": null, ""header"": null, ""internal_reference"": null, ""keurkamer"": false, ""literature"": null, ""origin_exhibition_lite"": null, ""painter_artist_school"": ""Krijono (Indonesisch, 1951-2011)"", ""period"": null, ""signature_dating"": ""gesigneerd, gedateerd, getiteld en geannoteerd 'Krijono 1993 \""Kekot [...]\""/ Jogjakarta' (linksonder)"", ""technique_size"": ""acryl op doek, 140x140 cm (incl lijst 166x166 cm)"", ""title"": ""Zittend Balinees meisje met lang haar"", ""total"": null, ""weight_size_quality"": null}"
fc8bcea9-af9d-4bae-a1e0-c76117f1c290,10072,26-0118/143,67d3691b-0d4a-4615-9e5c-fbf4dfd989e8,723,Vendue Next Door Part 2 Premium | september,Premium schilderijen,Zonder titel,"Reinoud van Vught (1960) , Zonder titel","<h3>Painter / Artist / School</h3>Reinoud van Vught (1960)<h3>Technique / Size</h3>acryl, 190x170 cm (zonder lijst)",published,EUR,400.0,600.0,200.0,200.0,,1,0,,,True,"Mon, 31 Aug 2026 08:00:00 GMT","Tue, 08 Sep 2026 17:15:00 GMT",https://media.app.artisio.co/media/3fc437c0-fdbb-4208-955a-90293eab416d/inventory/01b96636-7c76-4d6c-8e59-89395fa50e08/5a911cc8-370f-4494-8b21-cbcea2a16101/00003_oxKiKQ_sm.jpeg;https://media.app.artisio.co/media/3fc437c0-fdbb-4208-955a-90293eab416d/inventory/01b96636-7c76-4d6c-8e59-89395fa50e08/fb7ecd08-a711-4f13-9a76-d9da158e4a30/00003a_WLhPGL_sm.jpeg;https://media.app.artisio.co/media/3fc437c0-fdbb-4208-955a-90293eab416d/inventory/01b96636-7c76-4d6c-8e59-89395fa50e08/7f17396d-3ca0-4b51-8a39-29d478fd91bc/0001_IfpFan_sm.jpeg;https://media.app.artisio.co/media/3fc437c0-fdbb-4208-955a-90293eab416d/inventory/01b96636-7c76-4d6c-8e59-89395fa50e08/565e7c9b-7a3e-4f33-81e1-107473d510de/0002_TGvoXM_sm.jpeg,4,"{""artist_retail_right"": false, ""comments"": ""<p>471.001</p>"", ""condition"": null, ""condition_report"": null, ""dimensions"": null, ""extra_text"": null, ""footnote"": null, ""header"": null, ""internal_reference"": null, ""keurkamer"": false, ""literature"": null, ""origin_exhibition_lite"": null, ""painter_artist_school"": ""Reinoud van Vught (1960) "", ""period"": null, ""signature_dating"": null, ""technique_size"": ""acryl, 190x170 cm (zonder lijst)"", ""title"": ""Zonder titel"", ""total"": null, ""weight_size_quality"": null}"
04c19a51-b620-41c6-9fcc-b0503e6f311b,10073,26-0785/1,67d3691b-0d4a-4615-9e5c-fbf4dfd989e8,723,Vendue Next Door Part 2 Premium | september,Premium schilderijen,Zomerlandschap met boerin op landweg naast een beekje,"Berend Jan Brouwer (1872-1936), Zomerlandschap met boerin op landweg naast een beekje","<h3>Painter / Artist / School</h3>Berend Jan Brouwer (1872-1936)<h3>Technique / Size</h3>olieverf op doek, 71x100 cm (100x130 cm incl. lijst)<h3>Signature / Dating</h3>gesigneerd 'B Brouwer' (rechtsonder)",published,EUR,300.0,400.0,100.0,100.0,,1,0,,,True,"Mon, 31 Aug 2026 08:00:00 GMT","Tue, 08 Sep 2026 17:15:00 GMT",https://media.app.artisio.co/media/3fc437c0-fdbb-4208-955a-90293eab416d/inventory/57bad99d-11c2-481d-9fca-486046d0701e/8b624689-b163-4902-a49f-6bfa93832afb/0001_PYkcbU_sm.jpeg;https://media.app.artisio.co/media/3fc437c0-fdbb-4208-955a-90293eab416d/inventory/57bad99d-11c2-481d-9fca-486046d0701e/03e87bd0-c3e1-4c70-92e2-f6e177ee8ecb/0002_liXDKE_sm.jpeg;https://media.app.artisio.co/media/3fc437c0-fdbb-4208-955a-90293eab416d/inventory/57bad99d-11c2-481d-9fca-486046d0701e/97abf480-a719-4c20-badb-c9139986c2b6/0003_PgKmeY_sm.jpeg;https://media.app.artisio.co/media/3fc437c0-fdbb-4208-955a-90293eab416d/inventory/57bad99d-11c2-481d-9fca-486046d0701e/73434391-b945-4f0f-bd78-5137fafe28ed/0004_uYhHkz_sm.jpeg,4,"{""artist_retail_right"": false, ""comments"": null, ""condition"": null, ""condition_report"": null, ""dimensions"": null, ""extra_text"": null, ""footnote"": null, ""header"": null, ""internal_reference"": null, ""keurkamer"": false, ""literature"": null, ""origin_exhibition_lite"": null, ""painter_artist_school"": ""Berend Jan Brouwer (1872-1936)"", ""period"": null, ""signature_dating"": ""gesigneerd 'B Brouwer' (rechtsonder)"", ""technique_size"": ""olieverf op doek, 71x100 cm (100x130 cm incl. lijst)"", ""title"": ""Zomerlandschap met boerin op landweg naast een beekje"", ""total"": null, ""weight_size_quality"": null}"
964a0263-9177-4c2f-a56a-64ee584e6455,10074,26-0779/1,67d3691b-0d4a-4615-9e5c-fbf4dfd989e8,723,Vendue Next Door Part 2 Premium | september,Premium schilderijen,Windmolens bij de plassen,"Willem Roelofs (1822-1897), Windmolens bij de plassen","<h3>Painter / Artist / School</h3>Willem Roelofs (1822-1897)<h3>Technique / Size</h3>houtskool op papier, 94x62 cm (129x94 cm incl. frame)<h3>Signature / Dating</h3>gesigneerd 'W: Roelofs' (linksonder)<h3>Extra Text</h3><p>beschadiging aan het papier linksonder</p>",published,EUR,400.0,600.0,200.0,200.0,,1,0,,,True,"Mon, 31 Aug 2026 08:00:00 GMT","Tue, 08 Sep 2026 17:15:00 GMT",https://media.app.artisio.co/media/3fc437c0-fdbb-4208-955a-90293eab416d/inventory/7305110a-c2a1-4c1a-8fb5-b0e0411139f8/aaf9bf52-9e4a-498b-9b1a-68ee7910c9ee/0001_ebYMSV_sm.jpeg;https://media.app.artisio.co/media/3fc437c0-fdbb-4208-955a-90293eab416d/inventory/7305110a-c2a1-4c1a-8fb5-b0e0411139f8/d9ec3a6c-eac7-4163-8007-d9732d84b8d2/0002_lLAlOW_sm.jpeg;https://media.app.artisio.co/media/3fc437c0-fdbb-4208-955a-90293eab416d/inventory/7305110a-c2a1-4c1a-8fb5-b0e0411139f8/271dd212-ebf1-4267-8d97-4baf1ee4dc99/0003_jNAEgD_sm.jpeg,3,"{""artist_retail_right"": false, ""comments"": null, ""condition"": null, ""condition_report"": null, ""dimensions"": null, ""extra_text"": ""<p>beschadiging aan het papier linksonder</p>"", ""footnote"": null, ""header"": null, ""internal_reference"": null, ""keurkamer"": false, ""literature"": null, ""origin_exhibition_lite"": null, ""painter_artist_school"": ""Willem Roelofs (1822-1897)"", ""period"": null, ""signature_dating"": ""gesigneerd 'W: Roelofs' (linksonder)"", ""technique_size"": ""houtskool op papier, 94x62 cm (129x94 cm incl. frame)"", ""title"": ""Windmolens bij de plassen"", ""total"": null, ""weight_size_quality"": null}"
d647faaa-e9f6-449c-92f3-f85c48d50c8c,10075,26-0250/12,67d3691b-0d4a-4615-9e5c-fbf4dfd989e8,723,Vendue Next Door Part 2 Premium | september,Premium schilderijen,Rustende koeien en herder,"James de Rijk (1806-1882), Rustende koeien en herder","<h3>Painter / Artist / School</h3>James de Rijk (1806-1882)<h3>Technique / Size</h3>olieverf op paneel, 15x21 cm (29,5x35 cm incl. lijst)<h3>Signature / Dating</h3>gesigneerd 'J de Rijk' (rechtsonder)",published,EUR,400.0,600.0,200.0,200.0,,1,1,200.0,200.0,True,"Mon, 31 Aug 2026 08:00:00 GMT","Tue, 08 Sep 2026 17:15:00 GMT",https://media.app.artisio.co/media/3fc437c0-fdbb-4208-955a-90293eab416d/inventory/6ac0ea0d-ba15-49c4-95eb-3f3b66264c9e/2080a126-b809-44ef-bc95-d5ba629395e1/0001_sVczCG_sm.jpeg;https://media.app.artisio.co/media/3fc437c0-fdbb-4208-955a-90293eab416d/inventory/6ac0ea0d-ba15-49c4-95eb-3f3b66264c9e/6912e28c-8c23-4f8e-82e2-96e60d487d25/0002_mhAdOy_sm.jpeg;https://media.app.artisio.co/media/3fc437c0-fdbb-4208-955a-90293eab416d/inventory/6ac0ea0d-ba15-49c4-95eb-3f3b66264c9e/1337fbc8-5113-4760-ab8f-4ef4c19488ea/0003_JERsvW_sm.jpeg,3,"{""artist_retail_right"": false, ""comments"": null, ""condition"": null, ""condition_report"": null, ""dimensions"": null, ""extra_text"": null, ""footnote"": null, ""header"": null, ""internal_reference"": null, ""keurkamer"": false, ""literature"": null, ""origin_exhibition_lite"": null, ""painter_artist_school"": ""James de Rijk (1806-1882)"", ""period"": null, ""signature_dating"": ""gesigneerd 'J de Rijk' (rechtsonder)"", ""technique_size"": ""olieverf op paneel, 15x21 cm (29,5x35 cm incl. lijst)"", ""title"": ""Rustende koeien en herder"", ""total"": null, ""weight_size_quality"": null}"
d6d2c16e-9d05-4673-b9eb-87fd9317d4fc,10076,26-0250/8,67d3691b-0d4a-4615-9e5c-fbf4dfd989e8,723,Vendue Next Door Part 2 Premium | september,Premium schilderijen,Landschap met drie koeien en een kalf,"Jan Bedijs Tom (1813-1894), Landschap met drie koeien en een kalf","<h3>Painter / Artist / School</h3>Jan Bedijs Tom (1813-1894)<h3>Technique / Size</h3>sepia en aquarel op papier, 13x22 cm 26x35 cm incl. lijst)<h3>Signature / Dating</h3>gesigneerd 'JB Tom ft' (rechtsonder)",published,EUR,300.0,400.0,100.0,100.0,,1,2,120.0,120.0,True,"Mon, 31 Aug 2026 08:00:00 GMT","Tue, 08 Sep 2026 17:15:00 GMT",https://media.app.artisio.co/media/3fc437c0-fdbb-4208-955a-90293eab416d/inventory/5e90ccc0-9f27-42f8-9a2a-d2d8db93c433/c69dadff-5735-4128-b4bd-8cbeb7a7b1cc/0001_saQOoX_sm.jpeg;https://media.app.artisio.co/media/3fc437c0-fdbb-4208-955a-90293eab416d/inventory/5e90ccc0-9f27-42f8-9a2a-d2d8db93c433/0cf8baec-9536-4268-8e17-15fedb4250a0/0002_IQVRAp_sm.jpeg;https://media.app.artisio.co/media/3fc437c0-fdbb-4208-955a-90293eab416d/inventory/5e90ccc0-9f27-42f8-9a2a-d2d8db93c433/58108018-374e-4c8e-acde-cb5d8d1a6b07/0003_QPbcum_sm.jpeg,3,"{""artist_retail_right"": false, ""comments"": null, ""condition"": null, ""condition_report"": null, ""dimensions"": null, ""extra_text"": null, ""footnote"": null, ""header"": null, ""internal_reference"": null, ""keurkamer"": false, ""literature"": null, ""origin_exhibition_lite"": null, ""painter_artist_school"": ""Jan Bedijs Tom (1813-1894)"", ""period"": null, ""signature_dating"": ""gesigneerd 'JB Tom ft' (rechtsonder)"", ""technique_size"": ""sepia en aquarel op papier, 13x22 cm 26x35 cm incl. lijst)"", ""title"": ""Landschap met drie koeien en een kalf"", ""total"": null, ""weight_size_quality"": null}"
6a5ed543-c75d-441f-ad03-bc0bbdb83b77,10077,26-0634/15,67d3691b-0d4a-4615-9e5c-fbf4dfd989e8,723,Vendue Next Door Part 2 Premium | september,Premium schilderijen,Winterlandschap met schaatsers naast een schuurtje met knotwilgen,"Johannes Franciscus Hoppenbrouwers (1819-1866), Winterlandschap met schaatsers naast een schuurtje met knotwilgen","<h3>Painter / Artist / School</h3>Johannes Franciscus Hoppenbrouwers (1819-1866)<h3>Technique / Size</h3>aquarel op papier, 28,5x38 cm (37x47 cm incl. lijst)<h3>Signature / Dating</h3>gesigneerd en gedateerd 'J.F. Hoppenbrouwers f 62' (rechtsonder)",published,EUR,300.0,400.0,100.0,100.0,,1,2,120.0,120.0,True,"Mon, 31 Aug 2026 08:00:00 GMT","Tue, 08 Sep 2026 17:18:00 GMT",https://media.app.artisio.co/media/3fc437c0-fdbb-4208-955a-90293eab416d/inventory/40cf5bfe-6969-4b20-9693-0920067d4695/d2d2a4d1-f28d-41cc-b7eb-2a7e1e8be6a2/0001_QvFSbL_sm.jpeg;https://media.app.artisio.co/media/3fc437c0-fdbb-4208-955a-90293eab416d/inventory/40cf5bfe-6969-4b20-9693-0920067d4695/6a154613-a8c0-4d88-b569-d458d2b03d7c/0002_SwdhoC_sm.jpeg;https://media.app.artisio.co/media/3fc437c0-fdbb-4208-955a-90293eab416d/inventory/40cf5bfe-6969-4b20-9693-0920067d4695/24e53cc4-90ee-4006-a646-00415b5abc61/0003_TmFtAE_sm.jpeg,3,"{""artist_retail_right"": false, ""comments"": null, ""condition"": null, ""condition_report"": null, ""dimensions"": null, ""extra_text"": null, ""footnote"": null, ""header"": null, ""internal_reference"": null, ""keurkamer"": false, ""literature"": null, ""origin_exhibition_lite"": null, ""painter_artist_school"": ""Johannes Franciscus Hoppenbrouwers (1819-1866)"", ""period"": null, ""signature_dating"": ""gesigneerd en gedateerd 'J.F. Hoppenbrouwers f 62' (rechtsonder)"", ""technique_size"": ""aquarel op papier, 28,5x38 cm (37x47 cm incl. lijst)"", ""title"": ""Winterlandschap met schaatsers naast een schuurtje met knotwilgen"", ""total"": null, ""weight_size_quality"": null}"
101dbd16-0ba5-43d0-9ef9-c3660165569b,10078,26-0250/14,67d3691b-0d4a-4615-9e5c-fbf4dfd989e8,723,Vendue Next Door Part 2 Premium | september,Premium schilderijen,Straatje in Monnickendam,"Willem George Frederik Jansen (1871-1949), Straatje in Monnickendam","<h3>Painter / Artist / School</h3>Willem George Frederik Jansen (1871-1949)<h3>Technique / Size</h3>olieverf op paneel, 24x28 cm (37,5x43 cm incl. lijst)<h3>Signature / Dating</h3>gesigneeerd 'WGF Jansen' (rechtsonder)",published,EUR,300.0,500.0,100.0,100.0,,1,3,140.0,140.0,True,"Mon, 31 Aug 2026 08:00:00 GMT","Tue, 08 Sep 2026 17:18:00 GMT",https://media.app.artisio.co/media/3fc437c0-fdbb-4208-955a-90293eab416d/inventory/73ffd928-3aaf-4a8b-8a4c-341fe7ed0acf/0b3d24f4-5947-4c84-a168-5aa7a9103471/0001_QznkpE_sm.jpeg;https://media.app.artisio.co/media/3fc437c0-fdbb-4208-955a-90293eab416d/inventory/73ffd928-3aaf-4a8b-8a4c-341fe7ed0acf/6ea2f6b8-3428-4cfc-bf9e-c07cd870e1b1/0002_VBuBPK_sm.jpeg;https://media.app.artisio.co/media/3fc437c0-fdbb-4208-955a-90293eab416d/inventory/73ffd928-3aaf-4a8b-8a4c-341fe7ed0acf/7483658d-3d16-4560-9f01-10c35a9dc6d9/0003_PPaLww_sm.jpeg;https://media.app.artisio.co/media/3fc437c0-fdbb-4208-955a-90293eab416d/inventory/73ffd928-3aaf-4a8b-8a4c-341fe7ed0acf/cad55fab-59cd-4742-9766-9382148ceaae/0004_juTnuz_sm.jpeg,4,"{""artist_retail_right"": false, ""comments"": null, ""condition"": null, ""condition_report"": null, ""dimensions"": null, ""extra_text"": null, ""footnote"": null, ""header"": null, ""internal_reference"": null, ""keurkamer"": false, ""literature"": null, ""origin_exhibition_lite"": null, ""painter_artist_school"": ""Willem George Frederik Jansen (1871-1949)"", ""period"": null, ""signature_dating"": ""gesigneeerd 'WGF Jansen' (rechtsonder)"", ""technique_size"": ""olieverf op paneel, 24x28 cm (37,5x43 cm incl. lijst)"", ""title"": ""Straatje in Monnickendam"", ""total"": null, ""weight_size_quality"": null}"
f3d85a86-dab0-4944-9b68-7f7a2ebe9a70,10079,26-0250/9,67d3691b-0d4a-4615-9e5c-fbf4dfd989e8,723,Vendue Next Door Part 2 Premium | september,Premium schilderijen,Landschap met waterpoort en figuren,"Johannes Bosboom (1817-1891), Landschap met waterpoort en figuren","<h3>Painter / Artist / School</h3>Johannes Bosboom (1817-1891)<h3>Technique / Size</h3>sepia en aquarel op papier, 24x25 cm (45x47 cm incl. lijst)<h3>Signature / Dating</h3>gesigneerd 'J. Bosboom' (rechtsonder)",published,EUR,300.0,400.0,100.0,100.0,,1,0,,,True,"Mon, 31 Aug 2026 08:00:00 GMT","Tue, 08 Sep 2026 17:18:00 GMT",https://media.app.artisio.co/media/3fc437c0-fdbb-4208-955a-90293eab416d/inventory/65998499-a6a6-46cb-876f-fb7a4a0a7b5b/2a91837c-f7fd-4477-b3f3-d6565a9d6452/0001_Tmfvux_sm.jpeg;https://media.app.artisio.co/media/3fc437c0-fdbb-4208-955a-90293eab416d/inventory/65998499-a6a6-46cb-876f-fb7a4a0a7b5b/b3848567-e5d8-4779-bf52-dbc5482a55de/0002_srQpLY_sm.jpeg;https://media.app.artisio.co/media/3fc437c0-fdbb-4208-955a-90293eab416d/inventory/65998499-a6a6-46cb-876f-fb7a4a0a7b5b/4b015d16-dfc3-4e9e-ba12-accaf072dfe1/0003_KQPvAH_sm.jpeg,3,"{""artist_retail_right"": false, ""comments"": null, ""condition"": null, ""condition_report"": null, ""dimensions"": null, ""extra_text"": null, ""footnote"": null, ""header"": null, ""internal_reference"": null, ""keurkamer"": false, ""literature"": null, ""origin_exhibition_lite"": null, ""painter_artist_school"": ""Johannes Bosboom (1817-1891)"", ""period"": null, ""signature_dating"": ""gesigneerd 'J. Bosboom' (rechtsonder)"", ""technique_size"": ""sepia en aquarel op papier, 24x25 cm (45x47 cm incl. lijst)"", ""title"": ""Landschap met waterpoort en figuren"", ""total"": null, ""weight_size_quality"": null}"
84c3672e-5b7f-40b1-a9f9-6ba2a5682555,10080,26-0649/2,67d3691b-0d4a-4615-9e5c-fbf4dfd989e8,723,Vendue Next Door Part 2 Premium | september,Premium schilderijen,'Hoofd',"Leo Schatz (1918-2014), 'Hoofd'","<h3>Painter / Artist / School</h3>Leo Schatz (1918-2014)<h3>Technique / Size</h3>olieverf op doek, 100x75 cm (103,5x78,5 cm incl. lijst)<h3>Signature / Dating</h3>gesigneerd en gedateerd 'Leo/65/Schatz' (linksboven); getiteld en genummerd 'No. 11' (op het spieraam)<h3>Extra Text</h3><p>Rechtsonder is een gat in het doek.&nbsp;</p>",published,EUR,300.0,400.0,100.0,,,1,0,,,True,"Mon, 31 Aug 2026 08:00:00 GMT","Tue, 08 Sep 2026 17:18:00 GMT",https://media.app.artisio.co/media/3fc437c0-fdbb-4208-955a-90293eab416d/inventory/a7f40854-da84-4362-be6a-337a48309f3c/772127d6-9a5c-4cb8-9ee2-f568c87c118e/0001_GObMMV_sm.jpeg;https://media.app.artisio.co/media/3fc437c0-fdbb-4208-955a-90293eab416d/inventory/a7f40854-da84-4362-be6a-337a48309f3c/304069d3-7f3a-4ff4-94f1-0017387fd759/0002_bimXNq_sm.jpeg;https://media.app.artisio.co/media/3fc437c0-fdbb-4208-955a-90293eab416d/inventory/a7f40854-da84-4362-be6a-337a48309f3c/53e50fae-e296-48d4-9d31-08cf1fd7c4f5/0003_BmwGpQ_sm.jpeg;https://media.app.artisio.co/media/3fc437c0-fdbb-4208-955a-90293eab416d/inventory/a7f40854-da84-4362-be6a-337a48309f3c/be011422-ebe0-49bd-9648-a000eb450f4a/0004_OeQIGq_sm.jpeg;https://media.app.artisio.co/media/3fc437c0-fdbb-4208-955a-90293eab416d/inventory/a7f40854-da84-4362-be6a-337a48309f3c/55bfcea8-0cc4-431d-b25b-40deb32607dc/0005_pUserY_sm.jpeg,5,"{""artist_retail_right"": false, ""comments"": null, ""condition"": null, ""condition_report"": null, ""dimensions"": null, ""extra_text"": ""<p>Rechtsonder is een gat in het doek.&nbsp;</p>"", ""footnote"": null, ""header"": null, ""internal_reference"": null, ""keurkamer"": false, ""literature"": null, ""origin_exhibition_lite"": null, ""painter_artist_school"": ""Leo Schatz (1918-2014)"", ""period"": null, ""signature_dating"": ""gesigneerd en gedateerd 'Leo/65/Schatz' (linksboven); getiteld en genummerd 'No. 11' (op het spieraam)"", ""technique_size"": ""olieverf op doek, 100x75 cm (103,5x78,5 cm incl. lijst)"", ""title"": ""'Hoofd'"", ""total"": null, ""weight_size_quality"": null}"
b4d0b36c-ccb0-4243-88ac-15e22da82310,10081,26-0768/6,67d3691b-0d4a-4615-9e5c-fbf4dfd989e8,723,Vendue Next Door Part 2 Premium | september,Premium schilderijen,Bloemstilleven,"Arnout Colnot (1887-1983), Bloemstilleven","<h3>Painter / Artist / School</h3>Arnout Colnot (1887-1983)<h3>Technique / Size</h3>olieverf op doek, 51x41 cm (67x58 cm incl. frame)<h3>Signature / Dating</h3>gesigneerd 'A. Colnot' (linksonder)",published,EUR,300.0,400.0,100.0,100.0,,1,0,,,True,"Mon, 31 Aug 2026 08:00:00 GMT","Tue, 08 Sep 2026 17:18:00 GMT",https://media.app.artisio.co/media/3fc437c0-fdbb-4208-955a-90293eab416d/inventory/39eb13b7-60c5-47a0-ba15-9b5769573fba/b3e1e9ca-70df-41f1-9667-04f2ef5273f0/0001_cpOVft_sm.jpeg;https://media.app.artisio.co/media/3fc437c0-fdbb-4208-955a-90293eab416d/inventory/39eb13b7-60c5-47a0-ba15-9b5769573fba/2ba537e4-6939-4565-a799-5eacd63ace3b/0002_MZsVrT_sm.jpeg;https://media.app.artisio.co/media/3fc437c0-fdbb-4208-955a-90293eab416d/inventory/39eb13b7-60c5-47a0-ba15-9b5769573fba/34d60a63-7f5e-4ec6-bfe3-cc1261ff7472/0003_OEJoot_sm.jpeg;https://media.app.artisio.co/media/3fc437c0-fdbb-4208-955a-90293eab416d/inventory/39eb13b7-60c5-47a0-ba15-9b5769573fba/51c3eb3b-e67c-4ef3-aa3c-fed5edb2b412/0004_xiDdqD_sm.jpeg,4,"{""artist_retail_right"": false, ""comments"": null, ""condition"": null, ""condition_report"": null, ""dimensions"": null, ""extra_text"": null, ""footnote"": null, ""header"": null, ""internal_reference"": null, ""keurkamer"": false, ""literature"": null, ""origin_exhibition_lite"": null, ""painter_artist_school"": ""Arnout Colnot (1887-1983)"", ""period"": null, ""signature_dating"": ""gesigneerd 'A. Colnot' (linksonder)"", ""technique_size"": ""olieverf op doek, 51x41 cm (67x58 cm incl. frame)"", ""title"": ""Bloemstilleven"", ""total"": null, ""weight_size_quality"": null}"
b8a3e2f3-535e-4c19-b1cb-abcd7c099e49,10082,26-0768/1,67d3691b-0d4a-4615-9e5c-fbf4dfd989e8,723,Vendue Next Door Part 2 Premium | september,Premium schilderijen,Duinlandschap met jeneverbes,"Johannes Graadt van Roggen (1867-1959), Duinlandschap met jeneverbes","<h3>Painter / Artist / School</h3>Johannes Graadt van Roggen (1867-1959)<h3>Technique / Size</h3>olieverf op doek. 34x55,5 cm (36,5x58 cm incl. lijst)<h3>Signature / Dating</h3>gemonogrammeerd (linksonder)",published,EUR,300.0,400.0,100.0,100.0,,1,9,260.0,260.0,True,"Mon, 31 Aug 2026 08:00:00 GMT","Tue, 08 Sep 2026 17:18:00 GMT",https://media.app.artisio.co/media/3fc437c0-fdbb-4208-955a-90293eab416d/inventory/5ae54f6f-f47d-414a-a893-ddcf755469f7/914073da-3c01-438c-997b-84825feeb169/0001_SZZlZj_sm.jpeg;https://media.app.artisio.co/media/3fc437c0-fdbb-4208-955a-90293eab416d/inventory/5ae54f6f-f47d-414a-a893-ddcf755469f7/866b64a2-be3f-4446-8bd2-94a18c89a61c/0002_cPHgZk_sm.jpeg;https://media.app.artisio.co/media/3fc437c0-fdbb-4208-955a-90293eab416d/inventory/5ae54f6f-f47d-414a-a893-ddcf755469f7/e60c886c-ffd0-41f7-9d38-a937cefd74c6/0003_lsSiPn_sm.jpeg;https://media.app.artisio.co/media/3fc437c0-fdbb-4208-955a-90293eab416d/inventory/5ae54f6f-f47d-414a-a893-ddcf755469f7/6c83bdd6-12b1-40ae-bd37-9913fbe8098b/0004_xRrqMV_sm.jpeg,4,"{""artist_retail_right"": false, ""comments"": null, ""condition"": null, ""condition_report"": null, ""dimensions"": null, ""extra_text"": null, ""footnote"": null, ""header"": null, ""internal_reference"": null, ""keurkamer"": false, ""literature"": null, ""origin_exhibition_lite"": null, ""painter_artist_school"": ""Johannes Graadt van Roggen (1867-1959)"", ""period"": null, ""signature_dating"": ""gemonogrammeerd (linksonder)"", ""technique_size"": ""olieverf op doek. 34x55,5 cm (36,5x58 cm incl. lijst)"", ""title"": ""Duinlandschap met jeneverbes"", ""total"": null, ""weight_size_quality"": null}"
5737bc2b-4f38-4bd6-a87b-e5154cee588a,10083,26-0689/1,67d3691b-0d4a-4615-9e5c-fbf4dfd989e8,723,Vendue Next Door Part 2 Premium | september,Premium schilderijen,Nettenboetsers,"Sara Bisschop (1894-1992), Nettenboetsers","<h3>Painter / Artist / School</h3>Sara Bisschop (1894-1992)<h3>Technique / Size</h3>olieverf op board, 49x31,5 cm (56x39 cm incl. lijst)<h3>Signature / Dating</h3>gesigneerd 'Sara Bisschop' (rechtsonder)",published,EUR,400.0,600.0,200.0,200.0,,1,2,220.0,220.0,True,"Mon, 31 Aug 2026 08:00:00 GMT","Tue, 08 Sep 2026 17:18:00 GMT",https://media.app.artisio.co/media/3fc437c0-fdbb-4208-955a-90293eab416d/inventory/d390752b-5bb3-446e-b605-49fceb7d174d/2bd78b40-f77c-48a0-9adb-524c8cb10009/0001_rudazN_sm.jpeg;https://media.app.artisio.co/media/3fc437c0-fdbb-4208-955a-90293eab416d/inventory/d390752b-5bb3-446e-b605-49fceb7d174d/17978fa3-c60c-4d58-ba35-8ab1cc9b8863/0002_ZRRdLq_sm.jpeg;https://media.app.artisio.co/media/3fc437c0-fdbb-4208-955a-90293eab416d/inventory/d390752b-5bb3-446e-b605-49fceb7d174d/dc97c2d5-8ff9-46ac-a511-3bb88dbd9c37/0003_ZdzpuH_sm.jpeg,3,"{""artist_retail_right"": false, ""comments"": null, ""condition"": null, ""condition_report"": null, ""dimensions"": null, ""extra_text"": null, ""footnote"": null, ""header"": null, ""internal_reference"": null, ""keurkamer"": false, ""literature"": null, ""origin_exhibition_lite"": null, ""painter_artist_school"": ""Sara Bisschop (1894-1992)"", ""period"": null, ""signature_dating"": ""gesigneerd 'Sara Bisschop' (rechtsonder)"", ""technique_size"": ""olieverf op board, 49x31,5 cm (56x39 cm incl. lijst)"", ""title"": ""Nettenboetsers"", ""total"": null, ""weight_size_quality"": null}"
209e604f-6323-49ff-a2f3-6d8a35161c45,10084,26-0634/16,67d3691b-0d4a-4615-9e5c-fbf4dfd989e8,723,Vendue Next Door Part 2 Premium | september,Premium schilderijen,Besneeuwd bruggetje over een sloot,"Arie Zwart (1903-1981), Besneeuwd bruggetje over een sloot","<h3>Painter / Artist / School</h3>Arie Zwart (1903-1981)<h3>Technique / Size</h3>olieverf op doek, 40x50 cm (50x60 cm incl. lijst)<h3>Signature / Dating</h3>gesigneerd 'A.J. Zwart' (rechtsonder)",published,EUR,300.0,400.0,100.0,100.0,,1,6,200.0,200.0,True,"Mon, 31 Aug 2026 08:00:00 GMT","Tue, 08 Sep 2026 17:18:00 GMT",https://media.app.artisio.co/media/3fc437c0-fdbb-4208-955a-90293eab416d/inventory/068ed2c8-8def-4eea-abb2-851c4ea82d16/1eb127ef-f6a7-428a-b84c-646fc0fc5dc3/0001_IxNZDQ_sm.jpeg;https://media.app.artisio.co/media/3fc437c0-fdbb-4208-955a-90293eab416d/inventory/068ed2c8-8def-4eea-abb2-851c4ea82d16/af944a6f-5cf3-4233-986a-9424daf52433/0002_oidHKj_sm.jpeg;https://media.app.artisio.co/media/3fc437c0-fdbb-4208-955a-90293eab416d/inventory/068ed2c8-8def-4eea-abb2-851c4ea82d16/63a3a887-bfe0-4bab-815e-76fd2a0b9416/0003_HaAHcY_sm.jpeg;https://media.app.artisio.co/media/3fc437c0-fdbb-4208-955a-90293eab416d/inventory/068ed2c8-8def-4eea-abb2-851c4ea82d16/e7bbf4fe-1608-479d-846c-466f8f4e2160/0004_cSwrVF_sm.jpeg,4,"{""artist_retail_right"": false, ""comments"": null, ""condition"": null, ""condition_report"": null, ""dimensions"": null, ""extra_text"": null, ""footnote"": null, ""header"": null, ""internal_reference"": null, ""keurkamer"": false, ""literature"": null, ""origin_exhibition_lite"": null, ""painter_artist_school"": ""Arie Zwart (1903-1981)"", ""period"": null, ""signature_dating"": ""gesigneerd 'A.J. Zwart' (rechtsonder)"", ""technique_size"": ""olieverf op doek, 40x50 cm (50x60 cm incl. lijst)"", ""title"": ""Besneeuwd bruggetje over een sloot"", ""total"": null, ""weight_size_quality"": null}"
555c51c9-4cfa-4df2-8bf8-92dfa098429e,10085,26-0634/17,67d3691b-0d4a-4615-9e5c-fbf4dfd989e8,723,Vendue Next Door Part 2 Premium | september,Premium schilderijen,Eenden in een plas bij avondstemming,"Jo Schrijnder (1894-1968), Eenden in een plas bij avondstemming","<h3>Painter / Artist / School</h3>Jo Schrijnder (1894-1968)<h3>Technique / Size</h3>olieverf op doek, 60x50 cm (73x63 cm incl. lijst)<h3>Signature / Dating</h3>gesigneerd 'Schrijnder' (linksonder)",published,EUR,300.0,400.0,100.0,100.0,,1,4,140.0,140.0,True,"Mon, 31 Aug 2026 08:00:00 GMT","Tue, 08 Sep 2026 17:18:00 GMT",https://media.app.artisio.co/media/3fc437c0-fdbb-4208-955a-90293eab416d/inventory/1dc64a73-d0bc-4d56-ae31-95be5b98a98a/b3a15b8e-a9d2-407e-acf1-d8fcabdc497f/0001_mXnOjH_sm.jpeg;https://media.app.artisio.co/media/3fc437c0-fdbb-4208-955a-90293eab416d/inventory/1dc64a73-d0bc-4d56-ae31-95be5b98a98a/b151898a-4785-45fe-ab8a-89229b797bc9/0002_xgaGTs_sm.jpeg;https://media.app.artisio.co/media/3fc437c0-fdbb-4208-955a-90293eab416d/inventory/1dc64a73-d0bc-4d56-ae31-95be5b98a98a/8ae243ff-6a11-4eb8-97f4-c67645649840/0003_TkccEk_sm.jpeg;https://media.app.artisio.co/media/3fc437c0-fdbb-4208-955a-90293eab416d/inventory/1dc64a73-d0bc-4d56-ae31-95be5b98a98a/617db12c-5213-4493-badf-ca18c81ce183/0004_GnSbAX_sm.jpeg,4,"{""artist_retail_right"": false, ""comments"": null, ""condition"": null, ""condition_report"": null, ""dimensions"": null, ""extra_text"": null, ""footnote"": null, ""header"": null, ""internal_reference"": null, ""keurkamer"": false, ""literature"": null, ""origin_exhibition_lite"": null, ""painter_artist_school"": ""Jo Schrijnder (1894-1968)"", ""period"": null, ""signature_dating"": ""gesigneerd 'Schrijnder' (linksonder)"", ""technique_size"": ""olieverf op doek, 60x50 cm (73x63 cm incl. lijst)"", ""title"": ""Eenden in een plas bij avondstemming"", ""total"": null, ""weight_size_quality"": null}"
97abf87f-4b03-46c3-aadc-1853cb90c3da,10086,26-0560/3,67d3691b-0d4a-4615-9e5c-fbf4dfd989e8,723,Vendue Next Door Part 2 Premium | september,Premium schilderijen,Stilleven met bloemen in een omgevallen melkkan,"Leendert van Dijk (1939), Stilleven met bloemen in een omgevallen melkkan","<h3>Painter / Artist / School</h3>Leendert van Dijk (1939)<h3>Technique / Size</h3>olieverf op doek, 50x65 cm (60x75 cm incl. lijst)<h3>Signature / Dating</h3>gesigneerd en gedateerd 'Leendert Vandyk '86' (linksonder)",published,EUR,500.0,700.0,300.0,300.0,,1,0,,,True,"Mon, 31 Aug 2026 08:00:00 GMT","Tue, 08 Sep 2026 17:18:00 GMT",https://media.app.artisio.co/media/3fc437c0-fdbb-4208-955a-90293eab416d/inventory/926af9f0-e3a4-4418-86dc-7ac86a619f4e/f94fbba5-f9bf-4011-b93e-388ba1c523c2/0001_wEOFrV_sm.jpeg;https://media.app.artisio.co/media/3fc437c0-fdbb-4208-955a-90293eab416d/inventory/926af9f0-e3a4-4418-86dc-7ac86a619f4e/80f56d67-07ba-451d-a9fd-7628779e00d1/0002_GtmoYR_sm.jpeg;https://media.app.artisio.co/media/3fc437c0-fdbb-4208-955a-90293eab416d/inventory/926af9f0-e3a4-4418-86dc-7ac86a619f4e/25bca4fc-3ec4-41d7-8a66-5c90fac6f531/0003_NMwpVm_sm.jpeg;https://media.app.artisio.co/media/3fc437c0-fdbb-4208-955a-90293eab416d/inventory/926af9f0-e3a4-4418-86dc-7ac86a619f4e/9dc496c8-6a51-4826-a645-44ff77d322fa/0004_NRahnT_sm.jpeg,4,"{""artist_retail_right"": false, ""comments"": null, ""condition"": null, ""condition_report"": null, ""dimensions"": null, ""extra_text"": null, ""footnote"": null, ""header"": null, ""internal_reference"": null, ""keurkamer"": false, ""literature"": null, ""origin_exhibition_lite"": null, ""painter_artist_school"": ""Leendert van Dijk (1939)"", ""period"": null, ""signature_dating"": ""gesigneerd en gedateerd 'Leendert Vandyk '86' (linksonder)"", ""technique_size"": ""olieverf op doek, 50x65 cm (60x75 cm incl. lijst)"", ""title"": ""Stilleven met bloemen in een omgevallen melkkan"", ""total"": null, ""weight_size_quality"": null}"
b229ad8a-7349-4b17-a333-3cacbf20fc21,10087,26-0785/2,67d3691b-0d4a-4615-9e5c-fbf4dfd989e8,723,Vendue Next Door Part 2 Premium | september,Premium schilderijen,Vrouw naaiend in interieur,"Jacques Weismann (1878-1962), Vrouw naaiend in interieur","<h3>Painter / Artist / School</h3>Jacques Weismann (1878-1962)<h3>Technique / Size</h3>olieverf op board, 55x46 cm (63x54 cm incl. lijst)<h3>Signature / Dating</h3>gesigneerd 'J Weismann' (linksboven)",published,EUR,300.0,400.0,100.0,100.0,,1,0,,,True,"Mon, 31 Aug 2026 08:00:00 GMT","Tue, 08 Sep 2026 17:18:00 GMT",https://media.app.artisio.co/media/3fc437c0-fdbb-4208-955a-90293eab416d/inventory/11f6d048-038c-4d03-a5a6-6b23e6f2d1f6/34a65350-18bc-437b-8427-6f6e1bb30005/0001_OjHnBO_sm.jpeg;https://media.app.artisio.co/media/3fc437c0-fdbb-4208-955a-90293eab416d/inventory/11f6d048-038c-4d03-a5a6-6b23e6f2d1f6/ad26d69c-007d-4895-bbf0-f8212210f2ff/0002_OVJRsW_sm.jpeg,2,"{""artist_retail_right"": false, ""comments"": null, ""condition"": null, ""condition_report"": null, ""dimensions"": null, ""extra_text"": null, ""footnote"": null, ""header"": null, ""internal_reference"": null, ""keurkamer"": false, ""literature"": null, ""origin_exhibition_lite"": null, ""painter_artist_school"": ""Jacques Weismann (1878-1962)"", ""period"": null, ""signature_dating"": ""gesigneerd 'J Weismann' (linksboven)"", ""technique_size"": ""olieverf op board, 55x46 cm (63x54 cm incl. lijst)"", ""title"": ""Vrouw naaiend in interieur"", ""total"": null, ""weight_size_quality"": null}"
4cb36328-a560-4148-907b-80bf50801ed5,10088,26-0552/3,67d3691b-0d4a-4615-9e5c-fbf4dfd989e8,723,Vendue Next Door Part 2 Premium | september,Premium schilderijen,'Een wapenoefening',"Adriaan Philippus la Rivière (1857-1941), 'Een wapenoefening'","<h3>Painter / Artist / School</h3>Adriaan Philippus la Rivière (1857-1941)<h3>Technique / Size</h3>pen en aquarel op papier, 33x53,5 cm (60x81 cm incl. lijst)<h3>Signature / Dating</h3>gesigneerd 'A la Rivière' (rechtsonder); nogmaals gesigneerd, geannoteerd en gedateerd (verso)",published,EUR,300.0,400.0,100.0,100.0,,1,1,100.0,100.0,True,"Mon, 31 Aug 2026 08:00:00 GMT","Tue, 08 Sep 2026 17:18:00 GMT",https://media.app.artisio.co/media/3fc437c0-fdbb-4208-955a-90293eab416d/inventory/3e629bf3-dedc-4789-88b6-e2a120089218/dbbc1600-a5c0-45c7-8a98-d1fd22d0f5fb/0001_EplzrV_sm.jpeg;https://media.app.artisio.co/media/3fc437c0-fdbb-4208-955a-90293eab416d/inventory/3e629bf3-dedc-4789-88b6-e2a120089218/1725edd7-8098-4f34-a645-09b0aa3306a3/0002_WfyuCZ_sm.jpeg;https://media.app.artisio.co/media/3fc437c0-fdbb-4208-955a-90293eab416d/inventory/3e629bf3-dedc-4789-88b6-e2a120089218/bb92b06a-7639-4469-91c9-13fd0b5fa530/0003_kGCOlo_sm.jpeg;https://media.app.artisio.co/media/3fc437c0-fdbb-4208-955a-90293eab416d/inventory/3e629bf3-dedc-4789-88b6-e2a120089218/93a480ba-d1e3-4762-bf8d-9cc6f00358db/0004_mIljxN_sm.jpeg;https://media.app.artisio.co/media/3fc437c0-fdbb-4208-955a-90293eab416d/inventory/3e629bf3-dedc-4789-88b6-e2a120089218/f4994bb8-ed47-40f6-8e8d-08851e3851c6/0005_ZEmwvr_sm.jpeg,5,"{""artist_retail_right"": false, ""comments"": null, ""condition"": null, ""condition_report"": null, ""dimensions"": null, ""extra_text"": null, ""footnote"": null, ""header"": null, ""internal_reference"": null, ""keurkamer"": false, ""literature"": null, ""origin_exhibition_lite"": null, ""painter_artist_school"": ""Adriaan Philippus la Rivière (1857-1941)"", ""period"": null, ""signature_dating"": ""gesigneerd 'A la Rivière' (rechtsonder); nogmaals gesigneerd, geannoteerd en gedateerd (verso)"", ""technique_size"": ""pen en aquarel op papier, 33x53,5 cm (60x81 cm incl. lijst)"", ""title"": ""'Een wapenoefening'"", ""total"": null, ""weight_size_quality"": null}"
94baa5f6-45d3-4894-9da4-c6d3f2fea02f,10089,26-0634/18,67d3691b-0d4a-4615-9e5c-fbf4dfd989e8,723,Vendue Next Door Part 2 Premium | september,Premium schilderijen,Vliegende eenden langs de kust,"Jo Schrijnder (1894-1968), Vliegende eenden langs de kust","<h3>Painter / Artist / School</h3>Jo Schrijnder (1894-1968)<h3>Technique / Size</h3>olieverf op doek, 60x80 cm (74x94 cm incl. lijst)<h3>Signature / Dating</h3>gesigneerd 'Schrijnder' (rechtsonder)",published,EUR,300.0,500.0,100.0,100.0,,1,6,200.0,200.0,True,"Mon, 31 Aug 2026 08:00:00 GMT","Tue, 08 Sep 2026 17:18:00 GMT",https://media.app.artisio.co/media/3fc437c0-fdbb-4208-955a-90293eab416d/inventory/d53e7741-dc02-4dfb-9131-86149655980d/463e7d4a-5406-47e8-9634-3fa48ca3d3a5/0001_LDnPAV_sm.jpeg;https://media.app.artisio.co/media/3fc437c0-fdbb-4208-955a-90293eab416d/inventory/d53e7741-dc02-4dfb-9131-86149655980d/7cf0c9e6-7d19-494c-adfb-2bd308107509/0002_wPuSWR_sm.jpeg;https://media.app.artisio.co/media/3fc437c0-fdbb-4208-955a-90293eab416d/inventory/d53e7741-dc02-4dfb-9131-86149655980d/a498f4f6-d449-4d42-931e-b7a51f3999a6/0003_rsMDyE_sm.jpeg;https://media.app.artisio.co/media/3fc437c0-fdbb-4208-955a-90293eab416d/inventory/d53e7741-dc02-4dfb-9131-86149655980d/eb9b9fb0-c6d2-4eaa-8ac6-012fe6e5538d/0004_ZvcXkJ_sm.jpeg,4,"{""artist_retail_right"": false, ""comments"": null, ""condition"": null, ""condition_report"": null, ""dimensions"": null, ""extra_text"": null, ""footnote"": null, ""header"": null, ""internal_reference"": null, ""keurkamer"": false, ""literature"": null, ""origin_exhibition_lite"": null, ""painter_artist_school"": ""Jo Schrijnder (1894-1968)"", ""period"": null, ""signature_dating"": ""gesigneerd 'Schrijnder' (rechtsonder)"", ""technique_size"": ""olieverf op doek, 60x80 cm (74x94 cm incl. lijst)"", ""title"": ""Vliegende eenden langs de kust"", ""total"": null, ""weight_size_quality"": null}"
623342db-a6c7-4cbb-98ff-0aa46ed0be9a,10090,26-0527/1,67d3691b-0d4a-4615-9e5c-fbf4dfd989e8,723,Vendue Next Door Part 2 Premium | september,Premium schilderijen,Kerkinterieur,"Hollandse School (17de eeuw), Kerkinterieur","<h3>Painter / Artist / School</h3>Hollandse School (17de eeuw)<h3>Technique / Size</h3>olieverf op doek, 68x65 cm (85x82 cm incl. lijst)<h3>Signature / Dating</h3>draagt naam 'Albert Cuyp' (middenonder op de lijst)<h3>Extra Text</h3><p>Beschadigd doek met lacune</p>",published,EUR,500.0,700.0,300.0,300.0,,1,1,300.0,300.0,True,"Mon, 31 Aug 2026 08:00:00 GMT","Tue, 08 Sep 2026 17:18:00 GMT",https://media.app.artisio.co/media/3fc437c0-fdbb-4208-955a-90293eab416d/inventory/bccfd27d-d3bd-4802-9dcf-86dd9e3f1826/c5278de3-42ff-45ac-990f-f4ad717b9a61/0001_zfUqcY_sm.jpeg;https://media.app.artisio.co/media/3fc437c0-fdbb-4208-955a-90293eab416d/inventory/bccfd27d-d3bd-4802-9dcf-86dd9e3f1826/d9002ee8-ccf9-4789-a508-1916c60faff2/0002_duiAcI_sm.jpeg;https://media.app.artisio.co/media/3fc437c0-fdbb-4208-955a-90293eab416d/inventory/bccfd27d-d3bd-4802-9dcf-86dd9e3f1826/f9284e3f-f484-4755-8a25-2118aedfdf03/0003_MEybmt_sm.jpeg;https://media.app.artisio.co/media/3fc437c0-fdbb-4208-955a-90293eab416d/inventory/bccfd27d-d3bd-4802-9dcf-86dd9e3f1826/f6cc26c8-1e7e-4f52-8a5d-a2ee5ebf7ed1/0004_kkGHhO_sm.jpeg;https://media.app.artisio.co/media/3fc437c0-fdbb-4208-955a-90293eab416d/inventory/bccfd27d-d3bd-4802-9dcf-86dd9e3f1826/1a9b402d-5bdf-4c6a-8063-62294a34cc7b/0005_rNbLDm_sm.jpeg,5,"{""artist_retail_right"": false, ""comments"": null, ""condition"": null, ""condition_report"": null, ""dimensions"": null, ""extra_text"": ""<p>Beschadigd doek met lacune</p>"", ""footnote"": null, ""header"": null, ""internal_reference"": null, ""keurkamer"": false, ""literature"": null, ""origin_exhibition_lite"": null, ""painter_artist_school"": ""Hollandse School (17de eeuw)"", ""period"": null, ""signature_dating"": ""draagt naam 'Albert Cuyp' (middenonder op de lijst)"", ""technique_size"": ""olieverf op doek, 68x65 cm (85x82 cm incl. lijst)"", ""title"": ""Kerkinterieur"", ""total"": null, ""weight_size_quality"": null}"
f25663af-ba4b-4169-a775-234684e2144f,10091,26-0649/3,67d3691b-0d4a-4615-9e5c-fbf4dfd989e8,723,Vendue Next Door Part 2 Premium | september,Premium schilderijen,Naakt poserend op een divan,"Onbekende maker (20e eeuw), Naakt poserend op een divan","<h3>Painter / Artist / School</h3>Onbekende maker (20e eeuw)<h3>Technique / Size</h3>acryl op board, 123x190 cm (139x204 cm incl. lijst)",published,EUR,400.0,600.0,200.0,,,1,0,,,True,"Mon, 31 Aug 2026 08:00:00 GMT","Tue, 08 Sep 2026 17:18:00 GMT",https://media.app.artisio.co/media/3fc437c0-fdbb-4208-955a-90293eab416d/inventory/7468f8ed-ac80-44b1-adab-7611f92f2174/27e8acc3-daf0-4e83-9907-e1597920c9d5/0001_YuRYgp_sm.jpeg;https://media.app.artisio.co/media/3fc437c0-fdbb-4208-955a-90293eab416d/inventory/7468f8ed-ac80-44b1-adab-7611f92f2174/adbc78c1-49cc-4d15-b131-106a288b28b7/0002_EiNtKm_sm.jpeg;https://media.app.artisio.co/media/3fc437c0-fdbb-4208-955a-90293eab416d/inventory/7468f8ed-ac80-44b1-adab-7611f92f2174/5983966b-12f3-47a0-bddc-2e00221b8b18/0003_wDfwQe_sm.jpeg,3,"{""artist_retail_right"": false, ""comments"": null, ""condition"": null, ""condition_report"": null, ""dimensions"": null, ""extra_text"": null, ""footnote"": null, ""header"": null, ""internal_reference"": null, ""keurkamer"": false, ""literature"": null, ""origin_exhibition_lite"": null, ""painter_artist_school"": ""Onbekende maker (20e eeuw)"", ""period"": null, ""signature_dating"": null, ""technique_size"": ""acryl op board, 123x190 cm (139x204 cm incl. lijst)"", ""title"": ""Naakt poserend op een divan"", ""total"": null, ""weight_size_quality"": null}"
8d2b4ba1-4e2e-4a07-8608-acc3369dddd6,10092,26-0459/59,67d3691b-0d4a-4615-9e5c-fbf4dfd989e8,723,Vendue Next Door Part 2 Premium | september,Premium schilderijen,'La télévision',"Salvador Dalì (1904-1989), 'La télévision'","<h3>Painter / Artist / School</h3>Salvador Dalì (1904-1989)<h3>Technique / Size</h3>kleurenets, zonder lijst, 29,5x39,5 cm<h3>Signature / Dating</h3>genummerd in potlood '41/150' (linksonder); gesigneerd in potlood (rechtsonder)",published,EUR,200.0,400.0,100.0,,,1,0,,,True,"Mon, 31 Aug 2026 08:00:00 GMT","Tue, 08 Sep 2026 17:21:00 GMT",https://media.app.artisio.co/media/3fc437c0-fdbb-4208-955a-90293eab416d/inventory/0ea0a26e-766f-4f80-8725-193598371b35/28d3ea98-b973-4717-88a7-44ec0422225d/0001_KBegkK_sm.jpeg;https://media.app.artisio.co/media/3fc437c0-fdbb-4208-955a-90293eab416d/inventory/0ea0a26e-766f-4f80-8725-193598371b35/5e2c5234-be13-4413-82cf-a5da22ae592e/0002_ugWpAi_sm.jpeg;https://media.app.artisio.co/media/3fc437c0-fdbb-4208-955a-90293eab416d/inventory/0ea0a26e-766f-4f80-8725-193598371b35/ea289245-d428-4261-84a2-517f4c35e5dc/0003_AZLmSC_sm.jpeg;https://media.app.artisio.co/media/3fc437c0-fdbb-4208-955a-90293eab416d/inventory/0ea0a26e-766f-4f80-8725-193598371b35/c504b7e1-8493-4019-84b6-557356900a7c/0004_EMLAFX_sm.jpeg,4,"{""artist_retail_right"": false, ""comments"": null, ""condition"": null, ""condition_report"": null, ""dimensions"": null, ""extra_text"": null, ""footnote"": null, ""header"": null, ""internal_reference"": null, ""keurkamer"": false, ""literature"": null, ""origin_exhibition_lite"": null, ""painter_artist_school"": ""Salvador Dalì (1904-1989)"", ""period"": null, ""signature_dating"": ""genummerd in potlood '41/150' (linksonder); gesigneerd in potlood (rechtsonder)"", ""technique_size"": ""kleurenets, zonder lijst, 29,5x39,5 cm"", ""title"": ""'La télévision'"", ""total"": null, ""weight_size_quality"": null}"
6b671305-42cc-4967-8ead-6417d5e6e368,10093,26-0375/8,67d3691b-0d4a-4615-9e5c-fbf4dfd989e8,723,Vendue Next Door Part 2 Premium | september,Premium schilderijen,Heure tardive,"Corneille (1922-2010), Heure tardive","<h3>Painter / Artist / School</h3>Corneille (1922-2010)<h3>Literature</h3><p>Literatuur:<br>-Patricia Donkersloot-Van den Berghe, Graham Birtwistle, Enrico Baj en &nbsp;Michel Cassé, ‘Corneille: het complete grafische werk 1948-1975’, Amsterdam 1992, ill. no. 54, p. 85.</p><h3>Technique / Size</h3>kleurenlitho, 45x60 cm (65,5x85,5 cm incl. lijst)<h3>Signature / Dating</h3>rechtsonder gesigneerd in potlood 'Corneille', linksonder genummerd '62/120'",published,EUR,200.0,300.0,100.0,,,1,0,,,True,"Mon, 31 Aug 2026 08:00:00 GMT","Tue, 08 Sep 2026 17:21:00 GMT",https://media.app.artisio.co/media/3fc437c0-fdbb-4208-955a-90293eab416d/inventory/54186295-8b16-4fd6-8e75-f17c6a64ec40/1740d7f0-391c-488c-984c-c3410f72e917/0001_XVvwIH_sm.jpeg;https://media.app.artisio.co/media/3fc437c0-fdbb-4208-955a-90293eab416d/inventory/54186295-8b16-4fd6-8e75-f17c6a64ec40/4dabbb85-2b27-44e7-812e-717219edf282/0002_rQPHTy_sm.jpeg;https://media.app.artisio.co/media/3fc437c0-fdbb-4208-955a-90293eab416d/inventory/54186295-8b16-4fd6-8e75-f17c6a64ec40/80794f99-e434-4518-999d-65331797baed/0003_PNhuTn_sm.jpeg;https://media.app.artisio.co/media/3fc437c0-fdbb-4208-955a-90293eab416d/inventory/54186295-8b16-4fd6-8e75-f17c6a64ec40/3a2a90a0-f70c-4a90-b650-07ffb43e6f35/0004_KRmkgL_sm.jpeg,4,"{""artist_retail_right"": false, ""comments"": null, ""condition"": null, ""condition_report"": null, ""dimensions"": null, ""extra_text"": null, ""footnote"": null, ""header"": null, ""internal_reference"": null, ""keurkamer"": false, ""literature"": ""<p>Literatuur:<br>-Patricia Donkersloot-Van den Berghe, Graham Birtwistle, Enrico Baj en &nbsp;Michel Cassé, ‘Corneille: het complete grafische werk 1948-1975’, Amsterdam 1992, ill. no. 54, p. 85.</p>"", ""origin_exhibition_lite"": null, ""painter_artist_school"": ""Corneille (1922-2010)"", ""period"": null, ""signature_dating"": ""rechtsonder gesigneerd in potlood 'Corneille', linksonder genummerd '62/120'"", ""technique_size"": ""kleurenlitho, 45x60 cm (65,5x85,5 cm incl. lijst)"", ""title"": ""Heure tardive"", ""total"": null, ""weight_size_quality"": null}"
a0838813-92df-4075-9cfe-866381688f83,10094,25-1573/116,67d3691b-0d4a-4615-9e5c-fbf4dfd989e8,723,Vendue Next Door Part 2 Premium | september,Premium schilderijen,Heders met hun vee bij een dorpsbrug ,"Paulus Constantijn la Fargue (1728-1782), Heders met hun vee bij een dorpsbrug ","<h3>Painter / Artist / School</h3>Paulus Constantijn la Fargue (1728-1782)<h3>Technique / Size</h3>inkt op papier, zonder lijs, 8x9,5 cm<h3>Signature / Dating</h3>draagt naam 'Hobbema' (op het ondersteunende papier)<h3>Extra Text</h3><p>Paulus Constantijn la Fargue staat erom bekend verschillende composities in de stijl van de 17e eeuw te hebben getekend. Soms voorzag hij deze tekeningen van een valse signatuur, zoals ook te zien is bij het onderhavige lot.</p><p>Voor meer informatie over deze tekeningen van La Fargue, zie: Charles Dumas, ‘18th-Century Dutch Drawings in the 17th-Century Manner: Examples by Paulus Constantijn la Fargue<i>’</i>, in: P. Borusowski, A. Rosales Rodrigues, Z. Sarnecka e.a. (red.), Ingenium et Labor. Studia ofiarowane Profesorowi Antoniemu Ziembie z okazji 60. urodzin, Warschau 2020, p. 271–278.</p><p>Wij danken Charles Dumas voor zijn hulp bij het catalogiseren van dit lot.</p>",published,EUR,300.0,500.0,100.0,,,1,0,,,True,"Mon, 31 Aug 2026 08:00:00 GMT","Tue, 08 Sep 2026 17:21:00 GMT",https://media.app.artisio.co/media/3fc437c0-fdbb-4208-955a-90293eab416d/inventory/00b411a9-7947-4f38-a341-9898b6ab370e/57395135-81de-4770-bfce-203ee729fdd3/0001_VmtKRT_sm.jpeg;https://media.app.artisio.co/media/3fc437c0-fdbb-4208-955a-90293eab416d/inventory/00b411a9-7947-4f38-a341-9898b6ab370e/c0a7415d-26db-417b-b1ab-73fd0de85237/0002_MEbXIU_sm.jpeg;https://media.app.artisio.co/media/3fc437c0-fdbb-4208-955a-90293eab416d/inventory/00b411a9-7947-4f38-a341-9898b6ab370e/88bf6104-f758-4ade-af17-ce726b0a5ad3/0003_MNSROo_sm.jpeg,3,"{""artist_retail_right"": false, ""comments"": ""<p>Paulus Constantijn la Fargue,&nbsp;in 17de-eeuwse trant. Tot nu toe ken ik zo'n 60 voorbeelden daarvan&nbsp;(maar deze&nbsp;kende ik nog niet). Soms zijn ze door P.C. van een valse signatuur voorzien, en dan zullen zij ook als vervalsingen dienen te worden beschouwd.&nbsp;Is dit niet het&nbsp;geval, dan kan het ook zijn dat P.C. dat deed uit louter vermaak.</p><p>zonder bonnr&nbsp;</p><p>oude richtprijs 500-700 in Classic onverkocht&nbsp;</p>"", ""condition"": null, ""condition_report"": null, ""dimensions"": null, ""extra_text"": ""<p>Paulus Constantijn la Fargue staat erom bekend verschillende composities in de stijl van de 17e eeuw te hebben getekend. Soms voorzag hij deze tekeningen van een valse signatuur, zoals ook te zien is bij het onderhavige lot.</p><p>Voor meer informatie over deze tekeningen van La Fargue, zie: Charles Dumas, ‘18th-Century Dutch Drawings in the 17th-Century Manner: Examples by Paulus Constantijn la Fargue<i>’</i>, in: P. Borusowski, A. Rosales Rodrigues, Z. Sarnecka e.a. (red.), Ingenium et Labor. Studia ofiarowane Profesorowi Antoniemu Ziembie z okazji 60. urodzin, Warschau 2020, p. 271–278.</p><p>Wij danken Charles Dumas voor zijn hulp bij het catalogiseren van dit lot.</p>"", ""footnote"": null, ""header"": null, ""internal_reference"": null, ""keurkamer"": false, ""literature"": null, ""origin_exhibition_lite"": null, ""painter_artist_school"": ""Paulus Constantijn la Fargue (1728-1782)"", ""period"": null, ""signature_dating"": ""draagt naam 'Hobbema' (op het ondersteunende papier)"", ""technique_size"": ""inkt op papier, zonder lijs, 8x9,5 cm"", ""title"": ""Heders met hun vee bij een dorpsbrug "", ""total"": null, ""weight_size_quality"": null}"
b2c3eb61-1e7d-4499-9ecf-da35509da36f,10095,25-2691/4,67d3691b-0d4a-4615-9e5c-fbf4dfd989e8,723,Vendue Next Door Part 2 Premium | september,Premium schilderijen,Portret van een heer met sigaret,"Kees Verwey (1900-1995) , Portret van een heer met sigaret","<h3>Painter / Artist / School</h3>Kees Verwey (1900-1995)<h3>Literature</h3><p>Provenance:&nbsp;<br>-In de collectie van de familie van de huidige eigenaar voor ten minste 100 jaar.</p><h3>Technique / Size</h3>oil on canvas, unframed, 61x51 cm<h3>Signature / Dating</h3>signed 'K Verwey.' (lower left)",published,EUR,300.0,500.0,100.0,,,1,0,,,True,"Mon, 31 Aug 2026 08:00:00 GMT","Tue, 08 Sep 2026 17:21:00 GMT",https://media.app.artisio.co/media/3fc437c0-fdbb-4208-955a-90293eab416d/inventory/f6534664-7c1b-4587-a5b5-c56923442d2e/1145ef64-dea5-4399-863e-50f8a2d289d6/0001_QTnqqT_sm.jpeg;https://media.app.artisio.co/media/3fc437c0-fdbb-4208-955a-90293eab416d/inventory/f6534664-7c1b-4587-a5b5-c56923442d2e/65fd6505-68b5-418c-88bf-2faca1797363/0002_BTFith_sm.jpeg;https://media.app.artisio.co/media/3fc437c0-fdbb-4208-955a-90293eab416d/inventory/f6534664-7c1b-4587-a5b5-c56923442d2e/57d82917-598a-4b38-9843-901316cf7f78/0003_muthcY_sm.jpeg;https://media.app.artisio.co/media/3fc437c0-fdbb-4208-955a-90293eab416d/inventory/f6534664-7c1b-4587-a5b5-c56923442d2e/ed5871bd-fded-4b88-8ed7-2eaae3aee65b/0004_EpOUfv_sm.jpeg,4,"{""artist_retail_right"": true, ""comments"": ""<p>inzender gemaild retour/opnieuw 03-08-26 AT - opnieuw (oude rpr 500-700)</p>"", ""condition"": null, ""condition_report"": null, ""dimensions"": null, ""extra_text"": null, ""footnote"": null, ""header"": null, ""internal_reference"": null, ""keurkamer"": false, ""literature"": ""<p>Provenance:&nbsp;<br>-In de collectie van de familie van de huidige eigenaar voor ten minste 100 jaar.</p>"", ""origin_exhibition_lite"": null, ""painter_artist_school"": ""Kees Verwey (1900-1995) "", ""period"": null, ""signature_dating"": ""signed 'K Verwey.' (lower left)"", ""technique_size"": ""oil on canvas, unframed, 61x51 cm"", ""title"": ""Portret van een heer met sigaret"", ""total"": null, ""weight_size_quality"": null}"
15d6bc2a-826d-4f0a-b583-8e139112a39e,10096,26-0785/3,67d3691b-0d4a-4615-9e5c-fbf4dfd989e8,723,Vendue Next Door Part 2 Premium | september,Premium schilderijen,Berglandschap met huis bij een stroom,"Henri Knip (1819-1905), Berglandschap met huis bij een stroom","<h3>Painter / Artist / School</h3>Henri Knip (1819-1905)<h3>Technique / Size</h3>gouache op papier, 47x72 cm (87x108 cm incl. lijst)<h3>Signature / Dating</h3>gesigneerd 'Henri Knip' (middenonder)",published,EUR,500.0,700.0,400.0,400.0,,1,0,,,True,"Mon, 31 Aug 2026 08:00:00 GMT","Tue, 08 Sep 2026 17:21:00 GMT",https://media.app.artisio.co/media/3fc437c0-fdbb-4208-955a-90293eab416d/inventory/d9c84cf0-f63d-4c55-a326-94c2f0502dd7/95c472e9-245f-44bf-a5c9-8bc75c63b9a0/0001_lGbeNY_sm.jpeg;https://media.app.artisio.co/media/3fc437c0-fdbb-4208-955a-90293eab416d/inventory/d9c84cf0-f63d-4c55-a326-94c2f0502dd7/e105a9c4-6e7c-42a7-9f4a-607b44ff6c19/0002_NyIgzs_sm.jpeg;https://media.app.artisio.co/media/3fc437c0-fdbb-4208-955a-90293eab416d/inventory/d9c84cf0-f63d-4c55-a326-94c2f0502dd7/4d3f38cf-233d-422d-8a83-e77425f69b1b/0003_gNBtpZ_sm.jpeg,3,"{""artist_retail_right"": false, ""comments"": null, ""condition"": null, ""condition_report"": null, ""dimensions"": null, ""extra_text"": null, ""footnote"": null, ""header"": null, ""internal_reference"": null, ""keurkamer"": false, ""literature"": null, ""origin_exhibition_lite"": null, ""painter_artist_school"": ""Henri Knip (1819-1905)"", ""period"": null, ""signature_dating"": ""gesigneerd 'Henri Knip' (middenonder)"", ""technique_size"": ""gouache op papier, 47x72 cm (87x108 cm incl. lijst)"", ""title"": ""Berglandschap met huis bij een stroom"", ""total"": null, ""weight_size_quality"": null}"
ac4e42e6-4ef9-4b09-8479-9724659d505d,10097,26-0804/4,67d3691b-0d4a-4615-9e5c-fbf4dfd989e8,723,Vendue Next Door Part 2 Premium | september,Premium schilderijen,'Compositie',"Jan Olyslager (1926-2010), 'Compositie'","<h3>Painter / Artist / School</h3>Jan Olyslager (1926-2010)<h3>Literature</h3><p>Herkomst:<br>-Direct gekocht van de kunstenaar, 2000.</p><h3>Technique / Size</h3>olieverf op doek, 100x120 cm (101x121 cm incl. lijst)<h3>Signature / Dating</h3>gesigneerd en gedateerd 'Jan Olyslager '60' (rechtsonder); nogmaals gesigneerd en gedateerd, en getitled (op de stretcher)",published,EUR,500.0,700.0,300.0,300.0,,1,0,,,True,"Mon, 31 Aug 2026 08:00:00 GMT","Tue, 08 Sep 2026 17:21:00 GMT",https://media.app.artisio.co/media/3fc437c0-fdbb-4208-955a-90293eab416d/inventory/048ab3b0-eeae-4e75-8a6d-99d5af12d24f/972b2ffe-cfe3-42dd-bffc-79855b9e16e9/00002_TpTuyw_sm.jpeg;https://media.app.artisio.co/media/3fc437c0-fdbb-4208-955a-90293eab416d/inventory/048ab3b0-eeae-4e75-8a6d-99d5af12d24f/dfb05711-d997-4516-ac59-f4d6389d3b19/0002_cYsOfD_sm.jpeg;https://media.app.artisio.co/media/3fc437c0-fdbb-4208-955a-90293eab416d/inventory/048ab3b0-eeae-4e75-8a6d-99d5af12d24f/6d6440cb-77e9-4674-a0d8-e8670457362f/0003_kMsFXN_sm.jpeg;https://media.app.artisio.co/media/3fc437c0-fdbb-4208-955a-90293eab416d/inventory/048ab3b0-eeae-4e75-8a6d-99d5af12d24f/a912d34c-30dc-4c03-b54a-2a4581740fa7/0003a_NdZAjM_sm.jpeg,4,"{""artist_retail_right"": false, ""comments"": null, ""condition"": null, ""condition_report"": null, ""dimensions"": null, ""extra_text"": null, ""footnote"": null, ""header"": null, ""internal_reference"": null, ""keurkamer"": false, ""literature"": ""<p>Herkomst:<br>-Direct gekocht van de kunstenaar, 2000.</p>"", ""origin_exhibition_lite"": null, ""painter_artist_school"": ""Jan Olyslager (1926-2010)"", ""period"": null, ""signature_dating"": ""gesigneerd en gedateerd 'Jan Olyslager '60' (rechtsonder); nogmaals gesigneerd en gedateerd, en getitled (op de stretcher)"", ""technique_size"": ""olieverf op doek, 100x120 cm (101x121 cm incl. lijst)"", ""title"": ""'Compositie'"", ""total"": null, ""weight_size_quality"": null}"
b04d5c60-90a1-4f9c-8472-84b8c262944a,10098,26-0804/5,67d3691b-0d4a-4615-9e5c-fbf4dfd989e8,723,Vendue Next Door Part 2 Premium | september,Premium schilderijen,Zonder titel ,"Jan Olyslager (1926-2010)	, Zonder titel ","<h3>Painter / Artist / School</h3>Jan Olyslager (1926-2010)<h3>Literature</h3><p>Herkomst:<br>-Bij Galerie Zagwijn, Den Haag, 1990.</p><h3>Technique / Size</h3>olieverf op doek, 81x100 cm (83x103 cm incl. lijst)<h3>Signature / Dating</h3>gesigneerd en geannoteerd (op de achterzijde en stretcher)",published,EUR,400.0,600.0,200.0,200.0,,1,0,,,True,"Mon, 31 Aug 2026 08:00:00 GMT","Tue, 08 Sep 2026 17:21:00 GMT",https://media.app.artisio.co/media/3fc437c0-fdbb-4208-955a-90293eab416d/inventory/d9baee10-083c-40a4-8f78-537365045f3e/7b30b105-de59-4ff7-a1e3-adaf05687de7/0001_soUfXe_sm.jpeg;https://media.app.artisio.co/media/3fc437c0-fdbb-4208-955a-90293eab416d/inventory/d9baee10-083c-40a4-8f78-537365045f3e/fbbdb610-2c53-41db-bcbc-3d57e582cd83/0002_nWgomv_sm.jpeg;https://media.app.artisio.co/media/3fc437c0-fdbb-4208-955a-90293eab416d/inventory/d9baee10-083c-40a4-8f78-537365045f3e/0b65beac-6243-4bb5-a84e-3aee50601d36/0003_ZZavhZ_sm.jpeg,3,"{""artist_retail_right"": false, ""comments"": null, ""condition"": null, ""condition_report"": null, ""dimensions"": null, ""extra_text"": null, ""footnote"": null, ""header"": null, ""internal_reference"": null, ""keurkamer"": false, ""literature"": ""<p>Herkomst:<br>-Bij Galerie Zagwijn, Den Haag, 1990.</p>"", ""origin_exhibition_lite"": null, ""painter_artist_school"": ""Jan Olyslager (1926-2010)\t"", ""period"": null, ""signature_dating"": ""gesigneerd en geannoteerd (op de achterzijde en stretcher)"", ""technique_size"": ""olieverf op doek, 81x100 cm (83x103 cm incl. lijst)"", ""title"": ""Zonder titel "", ""total"": null, ""weight_size_quality"": null}"
5a9e2ad3-0768-4402-a542-73eea740069b,10099,26-0649/4,67d3691b-0d4a-4615-9e5c-fbf4dfd989e8,723,Vendue Next Door Part 2 Premium | september,Premium schilderijen,''Les pensees de Laura' famille Lans Lendeert',"Pierre Roger (1949), ''Les pensees de Laura' famille Lans Lendeert'","<h3>Painter / Artist / School</h3>Pierre Roger (1949)<h3>Technique / Size</h3>olieverf op doek, 92x60 cm (107x76 cm incl. lijst)<h3>Signature / Dating</h3>gesigneerd 'Pierre Roger.' (linksonder); nogmaals gesigneerd, getiteld en gedateerd '2001' (op de stretcher)",published,EUR,500.0,700.0,300.0,,,1,0,,,True,"Mon, 31 Aug 2026 08:00:00 GMT","Tue, 08 Sep 2026 17:21:00 GMT",https://media.app.artisio.co/media/3fc437c0-fdbb-4208-955a-90293eab416d/inventory/4fc57449-dc56-4f93-b4a2-0176744faff4/f2deeb01-6868-439e-99af-8a008e46b1d8/0001_GJvBKy_sm.jpeg;https://media.app.artisio.co/media/3fc437c0-fdbb-4208-955a-90293eab416d/inventory/4fc57449-dc56-4f93-b4a2-0176744faff4/3ef27d15-9347-4e97-9d7d-5d17f56bd6cc/0002_FxmRue_sm.jpeg;https://media.app.artisio.co/media/3fc437c0-fdbb-4208-955a-90293eab416d/inventory/4fc57449-dc56-4f93-b4a2-0176744faff4/9e1905b7-65ba-4839-8d47-0f639ef068f8/0003_yBkquT_sm.jpeg;https://media.app.artisio.co/media/3fc437c0-fdbb-4208-955a-90293eab416d/inventory/4fc57449-dc56-4f93-b4a2-0176744faff4/b23ca879-3c77-4b46-9605-d43904f3a492/0004_Jcybar_sm.jpeg,4,"{""artist_retail_right"": false, ""comments"": null, ""condition"": null, ""condition_report"": null, ""dimensions"": null, ""extra_text"": null, ""footnote"": null, ""header"": null, ""internal_reference"": null, ""keurkamer"": false, ""literature"": null, ""origin_exhibition_lite"": null, ""painter_artist_school"": ""Pierre Roger (1949)"", ""period"": null, ""signature_dating"": ""gesigneerd 'Pierre Roger.' (linksonder); nogmaals gesigneerd, getiteld en gedateerd '2001' (op de stretcher) "", ""technique_size"": ""olieverf op doek, 92x60 cm (107x76 cm incl. lijst)"", ""title"": ""''Les pensees de Laura' famille Lans Lendeert'"", ""total"": null, ""weight_size_quality"": null}"
10b24a5b-73df-4c28-8418-ff488d713298,10100,26-0649/5,67d3691b-0d4a-4615-9e5c-fbf4dfd989e8,723,Vendue Next Door Part 2 Premium | september,Premium schilderijen,Drie naakten en een stoel ,"Leo Schatz (1918-2014), Drie naakten en een stoel ","<h3>Painter / Artist / School</h3>Leo Schatz (1918-2014)<h3>Technique / Size</h3>olieverf op board, 98x118 cm (112x131 cm incl. lijst)<h3>Signature / Dating</h3>gesigneerd en gedateerd 'Leo Schatz oct. 57' (rechtsboven)",published,EUR,400.0,500.0,200.0,,,1,0,,,True,"Mon, 31 Aug 2026 08:00:00 GMT","Tue, 08 Sep 2026 17:21:00 GMT",https://media.app.artisio.co/media/3fc437c0-fdbb-4208-955a-90293eab416d/inventory/5273a2d6-9334-40b6-a504-621b31761543/ca6cc9b3-b117-407e-8382-80fd4ec4a2c6/0001_DikcPu_sm.jpeg;https://media.app.artisio.co/media/3fc437c0-fdbb-4208-955a-90293eab416d/inventory/5273a2d6-9334-40b6-a504-621b31761543/ead3b2cd-3a32-408e-a2c2-e1090ac12d63/0002_cJqsAe_sm.jpeg;https://media.app.artisio.co/media/3fc437c0-fdbb-4208-955a-90293eab416d/inventory/5273a2d6-9334-40b6-a504-621b31761543/c8f41bac-23aa-45f2-947f-c99e6f859d9a/0003_QDtrWE_sm.jpeg,3,"{""artist_retail_right"": false, ""comments"": null, ""condition"": null, ""condition_report"": null, ""dimensions"": null, ""extra_text"": null, ""footnote"": null, ""header"": null, ""internal_reference"": null, ""keurkamer"": false, ""literature"": null, ""origin_exhibition_lite"": null, ""painter_artist_school"": ""Leo Schatz (1918-2014)"", ""period"": null, ""signature_dating"": ""gesigneerd en gedateerd 'Leo Schatz oct. 57' (rechtsboven)"", ""technique_size"": ""olieverf op board, 98x118 cm (112x131 cm incl. lijst)"", ""title"": ""Drie naakten en een stoel "", ""total"": null, ""weight_size_quality"": null}"
e17fa7d8-98ac-47b2-ad10-2fc0a5137845,10101,25-2535/3,67d3691b-0d4a-4615-9e5c-fbf4dfd989e8,723,Vendue Next Door Part 2 Premium | september,Premium schilderijen,Boer te paard op jaagpad langs een vaart,"Jan Hendrik Weissenbruch (1824-1903), Boer te paard op jaagpad langs een vaart","<h3>Painter / Artist / School</h3>Jan Hendrik Weissenbruch (1824-1903)<h3>Technique / Size</h3>aquarel op papier, zonder lijst, 14,5x26 cm<h3>Signature / Dating</h3>gesigneerd 'J.H. Weissenbruch' (linksonder)<h3>Extra Text</h3><p>Conditie: papier en aquarel erg verkleurd</p>",published,EUR,300.0,400.0,100.0,,,1,0,,,True,"Mon, 31 Aug 2026 08:00:00 GMT","Tue, 08 Sep 2026 17:21:00 GMT",https://media.app.artisio.co/media/3fc437c0-fdbb-4208-955a-90293eab416d/inventory/c7861315-8d0e-4b75-a135-2e805be24034/1e64682b-b78e-4cbb-8d65-6cb911583dd3/0001_FWbwWt_sm.jpeg;https://media.app.artisio.co/media/3fc437c0-fdbb-4208-955a-90293eab416d/inventory/c7861315-8d0e-4b75-a135-2e805be24034/93e8228c-510a-4374-94a6-4dcb77db8f30/0002_zRRmJr_sm.jpeg;https://media.app.artisio.co/media/3fc437c0-fdbb-4208-955a-90293eab416d/inventory/c7861315-8d0e-4b75-a135-2e805be24034/03112735-0ed9-4c25-a723-c3e22beb9341/0003_LzHbEb_sm.jpeg,3,"{""artist_retail_right"": false, ""comments"": null, ""condition"": null, ""condition_report"": null, ""dimensions"": null, ""extra_text"": ""<p>Conditie: papier en aquarel erg verkleurd</p>"", ""footnote"": null, ""header"": null, ""internal_reference"": null, ""keurkamer"": false, ""literature"": null, ""origin_exhibition_lite"": null, ""painter_artist_school"": ""Jan Hendrik Weissenbruch (1824-1903)"", ""period"": null, ""signature_dating"": ""gesigneerd 'J.H. Weissenbruch' (linksonder)"", ""technique_size"": ""aquarel op papier, zonder lijst, 14,5x26 cm"", ""title"": ""Boer te paard op jaagpad langs een vaart"", ""total"": null, ""weight_size_quality"": null}"
f9386e72-4e3a-477e-92eb-2673c61d9c76,10102,26-0121/2,67d3691b-0d4a-4615-9e5c-fbf4dfd989e8,723,Vendue Next Door Part 2 Premium | september,Premium schilderijen,"Stilleven met bloemkool, appels en uien ","Hollandse school (19e eeuw), Stilleven met bloemkool, appels en uien ","<h3>Painter / Artist / School</h3>Hollandse school (19e eeuw)<h3>Literature</h3><p>Herkomst:<br>-Veiling, Sotheby's, Amsterdam, 26 november 1998, lot 203.&nbsp;</p><h3>Technique / Size</h3>olieverf op doek, 53x83 cm<h3>Signature / Dating</h3>draagt naam 'W de Zwart' (rechtsonder)",published,EUR,300.0,500.0,100.0,100.0,,1,4,140.0,140.0,True,"Mon, 31 Aug 2026 08:00:00 GMT","Tue, 08 Sep 2026 17:21:00 GMT",https://media.app.artisio.co/media/3fc437c0-fdbb-4208-955a-90293eab416d/inventory/ca92b643-5d67-4675-98ce-3d6b887078d6/927b89f8-e297-476e-b0fe-85bef79d4b82/0001_QrIwEV_sm.jpeg;https://media.app.artisio.co/media/3fc437c0-fdbb-4208-955a-90293eab416d/inventory/ca92b643-5d67-4675-98ce-3d6b887078d6/499725c2-a055-4c96-ba38-a3f4ff731921/0002_dEtIQL_sm.jpeg;https://media.app.artisio.co/media/3fc437c0-fdbb-4208-955a-90293eab416d/inventory/ca92b643-5d67-4675-98ce-3d6b887078d6/8a209c68-7ca1-401b-a1b7-95fc0dc199b3/0003_FIDVAT_sm.jpeg;https://media.app.artisio.co/media/3fc437c0-fdbb-4208-955a-90293eab416d/inventory/ca92b643-5d67-4675-98ce-3d6b887078d6/f05d37c2-1018-4ee4-a4ef-ac3345be2585/0004_zxjRnU_sm.jpeg,4,"{""artist_retail_right"": false, ""comments"": ""<p><a href=\""https://rkd.nl/imageslite/4204697\"">https://rkd.nl/imageslite/4204697</a></p>"", ""condition"": null, ""condition_report"": null, ""dimensions"": null, ""extra_text"": null, ""footnote"": null, ""header"": null, ""internal_reference"": null, ""keurkamer"": false, ""literature"": ""<p>Herkomst:<br>-Veiling, Sotheby's, Amsterdam, 26 november 1998, lot 203.&nbsp;</p>"", ""origin_exhibition_lite"": null, ""painter_artist_school"": ""Hollandse school (19e eeuw)"", ""period"": null, ""signature_dating"": ""draagt naam 'W de Zwart' (rechtsonder)"", ""technique_size"": ""olieverf op doek, 53x83 cm"", ""title"": ""Stilleven met bloemkool, appels en uien "", ""total"": null, ""weight_size_quality"": null}"
a5b7b415-7d22-4576-bd7b-6ababc81a8de,10103,26-0820/2,67d3691b-0d4a-4615-9e5c-fbf4dfd989e8,723,Vendue Next Door Part 2 Premium | september,Premium schilderijen,"Afgemeerde schepen op de Nieuwe Maas, Rotterdam","Evert Moll (1878-1955), Afgemeerde schepen op de Nieuwe Maas, Rotterdam","<h3>Painter / Artist / School</h3>Evert Moll (1878-1955)<h3>Technique / Size</h3>olieverf op doek, 44x74,5 cm (69x100 cm incl. lijst)<h3>Signature / Dating</h3>gesigneerd 'Evert Moll' (linksonder)",published,EUR,500.0,700.0,400.0,400.0,,1,2,425.0,425.0,True,"Mon, 31 Aug 2026 08:00:00 GMT","Tue, 08 Sep 2026 17:21:00 GMT",https://media.app.artisio.co/media/3fc437c0-fdbb-4208-955a-90293eab416d/inventory/ca2f7cd2-c491-493f-a275-6da29d591adb/711d8c63-a163-4102-9dbc-669a8105d709/0001_wZCbFV_sm.jpeg;https://media.app.artisio.co/media/3fc437c0-fdbb-4208-955a-90293eab416d/inventory/ca2f7cd2-c491-493f-a275-6da29d591adb/53129df4-e9f3-4dc6-a55f-8076c5266448/0002_Fiuzde_sm.jpeg;https://media.app.artisio.co/media/3fc437c0-fdbb-4208-955a-90293eab416d/inventory/ca2f7cd2-c491-493f-a275-6da29d591adb/6574b132-3d11-4ad0-8e6a-f4981af9c23c/0003_MrcoxL_sm.jpeg;https://media.app.artisio.co/media/3fc437c0-fdbb-4208-955a-90293eab416d/inventory/ca2f7cd2-c491-493f-a275-6da29d591adb/4e599d45-f111-4257-9a0a-90f100952368/0004_iEKgDR_sm.jpeg,4,"{""artist_retail_right"": false, ""comments"": null, ""condition"": null, ""condition_report"": null, ""dimensions"": null, ""extra_text"": null, ""footnote"": null, ""header"": null, ""internal_reference"": null, ""keurkamer"": false, ""literature"": null, ""origin_exhibition_lite"": null, ""painter_artist_school"": ""Evert Moll (1878-1955)"", ""period"": null, ""signature_dating"": ""gesigneerd 'Evert Moll' (linksonder)"", ""technique_size"": ""olieverf op doek, 44x74,5 cm (69x100 cm incl. lijst)"", ""title"": ""Afgemeerde schepen op de Nieuwe Maas, Rotterdam"", ""total"": null, ""weight_size_quality"": null}"
366160f0-2e91-4dba-b337-d5cbfc26b830,10104,26-0788/7,67d3691b-0d4a-4615-9e5c-fbf4dfd989e8,723,Vendue Next Door Part 2 Premium | september,Premium schilderijen,In het Andes gebergte,"Ramus Catalán (Chileens, 1888-1961), In het Andes gebergte","<h3>Painter / Artist / School</h3>Ramus Catalán (Chileens, 1888-1961)<h3>Technique / Size</h3>olieverf op doek, 72x91 cm (84x103 cm incl. lijst)<h3>Signature / Dating</h3>gesigneerd 'Ramos Catalan' (rechtsonder)",published,EUR,300.0,500.0,100.0,,,1,1,100.0,100.0,True,"Mon, 31 Aug 2026 08:00:00 GMT","Tue, 08 Sep 2026 17:21:00 GMT",https://media.app.artisio.co/media/3fc437c0-fdbb-4208-955a-90293eab416d/inventory/2ae780ef-ee92-407b-8a76-3258abeb0482/7f28218a-023d-4c74-be97-7edadc878d8c/0001_GhpTJK_sm.jpeg;https://media.app.artisio.co/media/3fc437c0-fdbb-4208-955a-90293eab416d/inventory/2ae780ef-ee92-407b-8a76-3258abeb0482/ed22dd50-bc4c-482f-a61f-a4c211796d0f/0002_rvwRHc_sm.jpeg;https://media.app.artisio.co/media/3fc437c0-fdbb-4208-955a-90293eab416d/inventory/2ae780ef-ee92-407b-8a76-3258abeb0482/85cfed83-88fa-4f74-a580-8e5fc0e275bf/0003_IOHhoJ_sm.jpeg;https://media.app.artisio.co/media/3fc437c0-fdbb-4208-955a-90293eab416d/inventory/2ae780ef-ee92-407b-8a76-3258abeb0482/faef1aff-af44-4333-bf0c-5ed564e5b4aa/0004_sGwsWj_sm.jpeg,4,"{""artist_retail_right"": false, ""comments"": null, ""condition"": null, ""condition_report"": null, ""dimensions"": null, ""extra_text"": null, ""footnote"": null, ""header"": null, ""internal_reference"": null, ""keurkamer"": false, ""literature"": null, ""origin_exhibition_lite"": null, ""painter_artist_school"": ""Ramus Catalán (Chileens, 1888-1961)"", ""period"": null, ""signature_dating"": ""gesigneerd 'Ramos Catalan' (rechtsonder)"", ""technique_size"": ""olieverf op doek, 72x91 cm (84x103 cm incl. lijst)"", ""title"": ""In het Andes gebergte"", ""total"": null, ""weight_size_quality"": null}"
92917e9d-031d-40e4-b2d3-45792a70286b,10105,26-0788/3,67d3691b-0d4a-4615-9e5c-fbf4dfd989e8,723,Vendue Next Door Part 2 Premium | september,Premium schilderijen,Rijstmolen op Sumatra,"Hugo Vilfred Pedersen (1870-1959) , Rijstmolen op Sumatra","<h3>Painter / Artist / School</h3>Hugo Vilfred Pedersen (1870-1959)<h3>Technique / Size</h3>olieverf op doek, 40x56 cm (48,5x63,5 cm)<h3>Signature / Dating</h3>gesigneerd 'Hugo. V.P' (linksonder)",published,EUR,300.0,400.0,100.0,,,1,1,100.0,100.0,True,"Mon, 31 Aug 2026 08:00:00 GMT","Tue, 08 Sep 2026 17:21:00 GMT",https://media.app.artisio.co/media/3fc437c0-fdbb-4208-955a-90293eab416d/inventory/39907c20-50f0-4516-a0f6-5e9ccf7427be/16b0fa8e-c7a2-4921-951f-308a3af6ffb2/0001_xKKPOC_sm.jpeg;https://media.app.artisio.co/media/3fc437c0-fdbb-4208-955a-90293eab416d/inventory/39907c20-50f0-4516-a0f6-5e9ccf7427be/12229b37-bd7c-4d55-9b4c-14780072a941/0002_xbGwhE_sm.jpeg;https://media.app.artisio.co/media/3fc437c0-fdbb-4208-955a-90293eab416d/inventory/39907c20-50f0-4516-a0f6-5e9ccf7427be/659af1b4-d64a-4490-94cb-731d87cb174f/0003_drzzPF_sm.jpeg,3,"{""artist_retail_right"": false, ""comments"": null, ""condition"": null, ""condition_report"": null, ""dimensions"": null, ""extra_text"": null, ""footnote"": null, ""header"": null, ""internal_reference"": null, ""keurkamer"": false, ""literature"": null, ""origin_exhibition_lite"": null, ""painter_artist_school"": ""Hugo Vilfred Pedersen (1870-1959) "", ""period"": null, ""signature_dating"": ""gesigneerd 'Hugo. V.P' (linksonder)"", ""technique_size"": ""olieverf op doek, 40x56 cm (48,5x63,5 cm)"", ""title"": ""Rijstmolen op Sumatra"", ""total"": null, ""weight_size_quality"": null}"
f9f13cdb-2184-48f7-84e0-542d599d8adb,10106,25-1572/265,67d3691b-0d4a-4615-9e5c-fbf4dfd989e8,723,Vendue Next Door Part 2 Premium | september,Premium schilderijen,Oogsttijd,"August Willem van Voorden (1881-1921), Oogsttijd","<h3>Painter / Artist / School</h3>August Willem van Voorden (1881-1921)<h3>Technique / Size</h3>pastel op papier, 35x42 cm (met lijst: 60x66 cm)<h3>Signature / Dating</h3>signed 'Aug. W v. Voorden' (lower left)",published,EUR,300.0,400.0,100.0,,,1,1,100.0,100.0,True,"Mon, 31 Aug 2026 08:00:00 GMT","Tue, 08 Sep 2026 17:21:00 GMT",https://media.app.artisio.co/media/3fc437c0-fdbb-4208-955a-90293eab416d/inventory/99753f83-81ba-487e-8d64-399dd1de8a8e/e71c25f0-30ee-4df3-850d-c8b569d928f4/0001_MuOqXi_sm.jpeg;https://media.app.artisio.co/media/3fc437c0-fdbb-4208-955a-90293eab416d/inventory/99753f83-81ba-487e-8d64-399dd1de8a8e/826fe305-16ce-4118-94a0-d4fad1427e2b/0002_yYhLtD_sm.jpeg;https://media.app.artisio.co/media/3fc437c0-fdbb-4208-955a-90293eab416d/inventory/99753f83-81ba-487e-8d64-399dd1de8a8e/d3897abc-974d-47d4-9431-cbf2c397b9a4/0003_cPATBB_sm.jpeg,3,"{""artist_retail_right"": false, ""comments"": null, ""condition"": null, ""condition_report"": null, ""dimensions"": null, ""extra_text"": null, ""footnote"": null, ""header"": null, ""internal_reference"": null, ""keurkamer"": false, ""literature"": null, ""origin_exhibition_lite"": null, ""painter_artist_school"": ""August Willem van Voorden (1881-1921)"", ""period"": null, ""signature_dating"": ""signed 'Aug. W v. Voorden' (lower left)"", ""technique_size"": ""pastel op papier, 35x42 cm (met lijst: 60x66 cm)"", ""title"": ""Oogsttijd"", ""total"": null, ""weight_size_quality"": null}"
eca91f28-fb97-4225-ace5-0082aa90f01c,10107,24-1033/23,67d3691b-0d4a-4615-9e5c-fbf4dfd989e8,723,Vendue Next Door Part 2 Premium | september,Premium schilderijen,The Lake #5,"Arjan van Helmond (1971), The Lake #5","<h3>Painter / Artist / School</h3>Arjan van Helmond (1971)<h3>Technique / Size</h3>gesigneerd, gedateerd 2004 en getiteld (verso)<h3>Signature / Dating</h3>aquarel op papier, 72,5x58 cm (zonder lijst gemonteerd op passe-partout)",published,EUR,300.0,400.0,100.0,100.0,,1,1,100.0,100.0,True,"Mon, 31 Aug 2026 08:00:00 GMT","Tue, 08 Sep 2026 17:24:00 GMT",https://media.app.artisio.co/media/3fc437c0-fdbb-4208-955a-90293eab416d/inventory/624db2f3-c870-465b-8676-be626a14d968/e376fcd6-fcc7-4dd8-819b-d87b2e17ee24/0001_jwFPMb_sm.jpeg,1,"{""artist_retail_right"": false, ""comments"": null, ""condition"": null, ""condition_report"": null, ""dimensions"": null, ""extra_text"": null, ""footnote"": null, ""header"": null, ""internal_reference"": null, ""keurkamer"": false, ""literature"": null, ""origin_exhibition_lite"": null, ""painter_artist_school"": ""Arjan van Helmond (1971)"", ""period"": null, ""signature_dating"": ""aquarel op papier, 72,5x58 cm (zonder lijst gemonteerd op passe-partout)"", ""technique_size"": ""gesigneerd, gedateerd 2004 en getiteld (verso)"", ""title"": ""The Lake #5"", ""total"": null, ""weight_size_quality"": null}"
a38d657f-0af7-4857-bfae-0e7d0bc89f08,10108,26-0851/1,67d3691b-0d4a-4615-9e5c-fbf4dfd989e8,723,Vendue Next Door Part 2 Premium | september,Premium schilderijen,Horse X 12 (Pink),"Joe Andoe (1955), Horse X 12 (Pink)","<h3>Painter / Artist / School</h3>Joe Andoe (1955)<h3>Technique / Size</h3>kleurenzeefdruk op papier, 102x122 cm (138x153 cm incl. lijst)<h3>Signature / Dating</h3>gesigneerd met witte stift (rechtsonder) en genummerd AP 4/4 (linksonder)",published,EUR,500.0,800.0,300.0,300.0,,1,0,,,True,"Mon, 31 Aug 2026 08:00:00 GMT","Tue, 08 Sep 2026 17:24:00 GMT",https://media.app.artisio.co/media/3fc437c0-fdbb-4208-955a-90293eab416d/inventory/1399ddc4-1728-4742-abe5-ba9def577ca9/974687e6-3704-44de-85d8-72a9b0cc9df0/0001_nrWmFj_sm.jpeg;https://media.app.artisio.co/media/3fc437c0-fdbb-4208-955a-90293eab416d/inventory/1399ddc4-1728-4742-abe5-ba9def577ca9/ceb68a53-c454-494f-ae11-9c1ad09088b3/0002_pHZJUn_sm.jpeg;https://media.app.artisio.co/media/3fc437c0-fdbb-4208-955a-90293eab416d/inventory/1399ddc4-1728-4742-abe5-ba9def577ca9/9287fcc3-57c2-4311-a13b-84f5fdc43dcd/0003_WdGEro_sm.jpeg;https://media.app.artisio.co/media/3fc437c0-fdbb-4208-955a-90293eab416d/inventory/1399ddc4-1728-4742-abe5-ba9def577ca9/3644817b-5677-4cb1-b26e-a00c6111752e/0004_guvRQC_sm.jpeg,4,"{""artist_retail_right"": true, ""comments"": ""<p>was 208.006</p>"", ""condition"": null, ""condition_report"": null, ""dimensions"": null, ""extra_text"": null, ""footnote"": null, ""header"": null, ""internal_reference"": null, ""keurkamer"": false, ""literature"": null, ""origin_exhibition_lite"": null, ""painter_artist_school"": ""Joe Andoe (1955)"", ""period"": null, ""signature_dating"": ""gesigneerd met witte stift (rechtsonder) en genummerd AP 4/4 (linksonder)"", ""technique_size"": ""kleurenzeefdruk op papier, 102x122 cm (138x153 cm incl. lijst)"", ""title"": ""Horse X 12 (Pink)"", ""total"": null, ""weight_size_quality"": null}"
948bddca-f408-476a-a716-bc68029399f8,10109,26-0595/6,67d3691b-0d4a-4615-9e5c-fbf4dfd989e8,723,Vendue Next Door Part 2 Premium | september,Premium schilderijen,Zonder titel,"Franz Karl Opitz (Zwitsers, 1916-1998) (14x), Zonder titel","<h3>Painter / Artist / School</h3>Franz Karl Opitz (Zwitsers, 1916-1998) (14x)<h3>Technique / Size</h3>alle kleurenets, zonder lijst, van 49,5x41 cm tot 31x37 cm (hele blad: van 60x53 cm tot 77x57 cm)<h3>Signature / Dating</h3>alle gesigneerd in potlood 'Franz K. Opitz' (rechtsonder) en genummerd in potlood (linksonder)",published,EUR,400.0,600.0,200.0,,,1,0,,,True,"Mon, 31 Aug 2026 08:00:00 GMT","Tue, 08 Sep 2026 17:24:00 GMT",https://media.app.artisio.co/media/3fc437c0-fdbb-4208-955a-90293eab416d/inventory/31de0843-6881-4030-bcca-8b70cd6553fe/536f5e3c-4315-4a8e-a930-90edcc0002c8/0001_HrWgpg_sm.jpeg;https://media.app.artisio.co/media/3fc437c0-fdbb-4208-955a-90293eab416d/inventory/31de0843-6881-4030-bcca-8b70cd6553fe/05c428ca-4e82-4213-a13b-e3531b5f2c0b/0002_ucoiqg_sm.jpeg;https://media.app.artisio.co/media/3fc437c0-fdbb-4208-955a-90293eab416d/inventory/31de0843-6881-4030-bcca-8b70cd6553fe/c78f646a-971a-4651-92fc-0af788b17ebc/0003_qlTPrL_sm.jpeg;https://media.app.artisio.co/media/3fc437c0-fdbb-4208-955a-90293eab416d/inventory/31de0843-6881-4030-bcca-8b70cd6553fe/d6aebd19-8c9f-45e3-835d-e7079e0f49fd/0004_Tvnfcy_sm.jpeg;https://media.app.artisio.co/media/3fc437c0-fdbb-4208-955a-90293eab416d/inventory/31de0843-6881-4030-bcca-8b70cd6553fe/fa293eb1-1846-40de-a07c-b4023b408918/0005_edhMIQ_sm.jpeg;https://media.app.artisio.co/media/3fc437c0-fdbb-4208-955a-90293eab416d/inventory/31de0843-6881-4030-bcca-8b70cd6553fe/1946c439-3f70-4c02-b1a6-155e2ce7fcb1/0006_baujOW_sm.jpeg;https://media.app.artisio.co/media/3fc437c0-fdbb-4208-955a-90293eab416d/inventory/31de0843-6881-4030-bcca-8b70cd6553fe/2702c715-6086-46ca-8051-7e508e6963a8/0007_CFqYZl_sm.jpeg;https://media.app.artisio.co/media/3fc437c0-fdbb-4208-955a-90293eab416d/inventory/31de0843-6881-4030-bcca-8b70cd6553fe/738bae2d-d877-43fc-843f-41e6acda00dc/0008_zFMOsl_sm.jpeg,8,"{""artist_retail_right"": false, ""comments"": null, ""condition"": null, ""condition_report"": null, ""dimensions"": null, ""extra_text"": null, ""footnote"": null, ""header"": null, ""internal_reference"": null, ""keurkamer"": false, ""literature"": null, ""origin_exhibition_lite"": null, ""painter_artist_school"": ""Franz Karl Opitz (Zwitsers, 1916-1998) (14x)"", ""period"": null, ""signature_dating"": ""alle gesigneerd in potlood 'Franz K. Opitz' (rechtsonder) en genummerd in potlood (linksonder)"", ""technique_size"": ""alle kleurenets, zonder lijst, van 49,5x41 cm tot 31x37 cm (hele blad: van 60x53 cm tot 77x57 cm)"", ""title"": ""Zonder titel"", ""total"": null, ""weight_size_quality"": null}"
ee67c884-9f15-4d75-8def-a68f306efb06,10110,26-0595/7,67d3691b-0d4a-4615-9e5c-fbf4dfd989e8,723,Vendue Next Door Part 2 Premium | september,Premium schilderijen,"'Tokyo Tower (one hundred views of Tokyo, Message to the 21st century)'","Masuo Ikeda (Japans, 1934), 'Tokyo Tower (one hundred views of Tokyo, Message to the 21st century)'","<h3>Painter / Artist / School</h3>Masuo Ikeda (Japans, 1934)<h3>Technique / Size</h3>ets, aqautint en droge naald, 39,19,5 cm (73x53 cm incl. lijst, zonder glas)<h3>Signature / Dating</h3>gesigneerd, gedateerd en genummerd in potlood 'AP 9/10 '95' (onderzijde)",published,EUR,300.0,400.0,100.0,,,1,0,,,True,"Mon, 31 Aug 2026 08:00:00 GMT","Tue, 08 Sep 2026 17:24:00 GMT",https://media.app.artisio.co/media/3fc437c0-fdbb-4208-955a-90293eab416d/inventory/6cffecd2-8623-40ed-8e0d-654c0fcf6523/b236aa69-ed15-4695-879a-fb72ef9f4ff6/0001_zHOTOn_sm.jpeg;https://media.app.artisio.co/media/3fc437c0-fdbb-4208-955a-90293eab416d/inventory/6cffecd2-8623-40ed-8e0d-654c0fcf6523/98d4b5c4-3a4e-4f30-a7d5-1d965f8d97f9/0002_ydVcLq_sm.jpeg;https://media.app.artisio.co/media/3fc437c0-fdbb-4208-955a-90293eab416d/inventory/6cffecd2-8623-40ed-8e0d-654c0fcf6523/09c39425-2d16-47ed-a6b1-848f48e82dc9/0003_jYprIG_sm.jpeg;https://media.app.artisio.co/media/3fc437c0-fdbb-4208-955a-90293eab416d/inventory/6cffecd2-8623-40ed-8e0d-654c0fcf6523/616e6b02-c124-4985-8b86-6eef13567035/0004_BsLzJo_sm.jpeg,4,"{""artist_retail_right"": false, ""comments"": null, ""condition"": null, ""condition_report"": null, ""dimensions"": null, ""extra_text"": null, ""footnote"": null, ""header"": null, ""internal_reference"": null, ""keurkamer"": false, ""literature"": null, ""origin_exhibition_lite"": null, ""painter_artist_school"": ""Masuo Ikeda (Japans, 1934)"", ""period"": null, ""signature_dating"": ""gesigneerd, gedateerd en genummerd in potlood 'AP 9/10 '95' (onderzijde)"", ""technique_size"": ""ets, aqautint en droge naald, 39,19,5 cm (73x53 cm incl. lijst, zonder glas)"", ""title"": ""'Tokyo Tower (one hundred views of Tokyo, Message to the 21st century)'"", ""total"": null, ""weight_size_quality"": null}"
21898cdd-7cd4-4833-b3c4-704accd43d73,10111,26-0595/8,67d3691b-0d4a-4615-9e5c-fbf4dfd989e8,723,Vendue Next Door Part 2 Premium | september,Premium schilderijen,Trompe l'eoil bloemstilleven ,"Renée Yolanda Hauser (1974), Trompe l'eoil bloemstilleven ","<h3>Painter / Artist / School</h3>Renée Yolanda Hauser (1974)<h3>Technique / Size</h3>olieverf op board, 45x35 cm (56x46 cm incl. lijst)<h3>Signature / Dating</h3>gesigneerd 'RY Hauser' (rechtsonder); nogmaals gesigneerd (achterzijde)",published,EUR,300.0,400.0,100.0,,,1,0,,,True,"Mon, 31 Aug 2026 08:00:00 GMT","Tue, 08 Sep 2026 17:24:00 GMT",https://media.app.artisio.co/media/3fc437c0-fdbb-4208-955a-90293eab416d/inventory/0dc3bd39-7f0d-4210-a4da-ec8a66b3bb58/1df5b19c-cf1a-4132-a36a-d1b375728de7/0001_eAcQQp_sm.jpeg;https://media.app.artisio.co/media/3fc437c0-fdbb-4208-955a-90293eab416d/inventory/0dc3bd39-7f0d-4210-a4da-ec8a66b3bb58/cd3fa4d4-0a3e-4bcf-969d-6617d80f0e66/0002_ncxXgd_sm.jpeg;https://media.app.artisio.co/media/3fc437c0-fdbb-4208-955a-90293eab416d/inventory/0dc3bd39-7f0d-4210-a4da-ec8a66b3bb58/c37e1b66-16a4-4dc9-b267-0ff30ca79e3a/0003_skKlAD_sm.jpeg;https://media.app.artisio.co/media/3fc437c0-fdbb-4208-955a-90293eab416d/inventory/0dc3bd39-7f0d-4210-a4da-ec8a66b3bb58/4f2af2bc-d917-4537-a4ba-f4401577c92e/0004_GIOmrj_sm.jpeg,4,"{""artist_retail_right"": false, ""comments"": null, ""condition"": null, ""condition_report"": null, ""dimensions"": null, ""extra_text"": null, ""footnote"": null, ""header"": null, ""internal_reference"": null, ""keurkamer"": false, ""literature"": null, ""origin_exhibition_lite"": null, ""painter_artist_school"": ""Renée Yolanda Hauser (1974)"", ""period"": null, ""signature_dating"": ""gesigneerd 'RY Hauser' (rechtsonder); nogmaals gesigneerd (achterzijde)"", ""technique_size"": ""olieverf op board, 45x35 cm (56x46 cm incl. lijst)"", ""title"": ""Trompe l'eoil bloemstilleven "", ""total"": null, ""weight_size_quality"": null}"
0d51d9f2-c5b6-4c93-9b54-ac4aee2133a7,10112,26-0595/9,67d3691b-0d4a-4615-9e5c-fbf4dfd989e8,723,Vendue Next Door Part 2 Premium | september,Premium schilderijen,Wilg bij een hek ,"Toegeschreven aan Henri Joseph Harpignies (Frans, 1819-1916), Wilg bij een hek ","<h3>Painter / Artist / School</h3>Toegeschreven aan Henri Joseph Harpignies (Frans, 1819-1916)<h3>Technique / Size</h3>olieverf op paneel, 20x10 cm (38x28 cm incl. lijst)",published,EUR,300.0,500.0,100.0,,,1,1,100.0,100.0,True,"Mon, 31 Aug 2026 08:00:00 GMT","Tue, 08 Sep 2026 17:24:00 GMT",https://media.app.artisio.co/media/3fc437c0-fdbb-4208-955a-90293eab416d/inventory/04abca32-8a17-461a-8127-91659b33eb77/1dc45345-e1d4-4d7a-8523-05b9045280c6/0001_kaObLI_sm.jpeg;https://media.app.artisio.co/media/3fc437c0-fdbb-4208-955a-90293eab416d/inventory/04abca32-8a17-461a-8127-91659b33eb77/bb7bf63c-f6dd-4182-a4b4-bfcd03f48f5c/0002_bQACHc_sm.jpeg;https://media.app.artisio.co/media/3fc437c0-fdbb-4208-955a-90293eab416d/inventory/04abca32-8a17-461a-8127-91659b33eb77/fdb7f823-48e2-4f1b-85c6-b11eca06769f/0003_LeBMHb_sm.jpeg,3,"{""artist_retail_right"": false, ""comments"": null, ""condition"": null, ""condition_report"": null, ""dimensions"": null, ""extra_text"": null, ""footnote"": null, ""header"": null, ""internal_reference"": null, ""keurkamer"": false, ""literature"": null, ""origin_exhibition_lite"": null, ""painter_artist_school"": ""Toegeschreven aan Henri Joseph Harpignies (Frans, 1819-1916)"", ""period"": null, ""signature_dating"": null, ""technique_size"": ""olieverf op paneel, 20x10 cm (38x28 cm incl. lijst)"", ""title"": ""Wilg bij een hek "", ""total"": null, ""weight_size_quality"": null}"
e02d49e2-1580-4fb4-b849-1812fb8b62eb,10113,26-0118/423,67d3691b-0d4a-4615-9e5c-fbf4dfd989e8,723,Vendue Next Door Part 2 Premium | september,Premium schilderijen,Den leut wecken,"Jörg Immendorff (1945-2007)	, Den leut wecken","<h3>Painter / Artist / School</h3>Jörg Immendorff (1945-2007)<h3>Literature</h3><p>Literatuur: H. Geuer, ‘Jörg Immendorff - Das grafische Werk’, Düsseldorf 2006,&nbsp;cat. nr. 1992.6.</p><h3>Technique / Size</h3>linosnede op papier, 50x110 cm (66,5x127 cm incl. lijst)<h3>Signature / Dating</h3>met potlood gesigneerd en gedateerd 'Immendorff '92'  (rechtsonder) en genummerd 11/20 (linksonder)",published,EUR,400.0,600.0,200.0,200.0,,1,0,,,True,"Mon, 31 Aug 2026 08:00:00 GMT","Tue, 08 Sep 2026 17:24:00 GMT",https://media.app.artisio.co/media/3fc437c0-fdbb-4208-955a-90293eab416d/inventory/91f0a032-6b81-4181-b1a4-5e8d531c8298/8743e3c9-6eaf-489a-b825-1d0747f47939/0001_VhQFMy_sm.jpeg;https://media.app.artisio.co/media/3fc437c0-fdbb-4208-955a-90293eab416d/inventory/91f0a032-6b81-4181-b1a4-5e8d531c8298/089d2de2-7d46-4868-b4c4-94dd7ea9898f/0002_JtIsWj_sm.jpeg;https://media.app.artisio.co/media/3fc437c0-fdbb-4208-955a-90293eab416d/inventory/91f0a032-6b81-4181-b1a4-5e8d531c8298/4d311200-2b04-47e9-ace4-e04c2e40f8a4/0003_PXyRQV_sm.jpeg;https://media.app.artisio.co/media/3fc437c0-fdbb-4208-955a-90293eab416d/inventory/91f0a032-6b81-4181-b1a4-5e8d531c8298/aacca7a2-ebd2-4df4-ab4a-ebd3f84948fb/0004_OVRELy_sm.jpeg;https://media.app.artisio.co/media/3fc437c0-fdbb-4208-955a-90293eab416d/inventory/91f0a032-6b81-4181-b1a4-5e8d531c8298/4b499b58-bd29-4da9-b814-64c3ffa87710/0005_eqTdiD_sm.jpeg,5,"{""artist_retail_right"": true, ""comments"": ""<p>250.001</p>"", ""condition"": null, ""condition_report"": null, ""dimensions"": null, ""extra_text"": null, ""footnote"": null, ""header"": null, ""internal_reference"": null, ""keurkamer"": false, ""literature"": ""<p>Literatuur: H. Geuer, ‘Jörg Immendorff - Das grafische Werk’, Düsseldorf 2006,&nbsp;cat. nr. 1992.6.</p>"", ""origin_exhibition_lite"": null, ""painter_artist_school"": ""Jörg Immendorff (1945-2007)\t"", ""period"": null, ""signature_dating"": ""met potlood gesigneerd en gedateerd 'Immendorff '92'  (rechtsonder) en genummerd 11/20 (linksonder)"", ""technique_size"": ""linosnede op papier, 50x110 cm (66,5x127 cm incl. lijst)"", ""title"": ""Den leut wecken"", ""total"": null, ""weight_size_quality"": null}"
dcc1f08e-eae9-48e5-b87a-809a0e21d5b6,10114,26-0118/422,67d3691b-0d4a-4615-9e5c-fbf4dfd989e8,723,Vendue Next Door Part 2 Premium | september,Premium schilderijen,Den leut wecken ,"Jörg Immendorff (1945-2007)	, Den leut wecken ","<h3>Painter / Artist / School</h3>Jörg Immendorff (1945-2007)<h3>Literature</h3><p>Literatuur: H. Geuer, ‘Jörg Immendorff - Das grafische Werk’, Düsseldorf 2006,&nbsp;cat. nr. 1992.6.</p><h3>Technique / Size</h3>linosnede in kleur, 50x110 cm (66,5x127 cm incl. lijst)<h3>Signature / Dating</h3>I. in potlood gesigneerd en gedateerd 'Immendorff '92'  (rechtsonder) en genummerd 'resp. 11/' (linksonder); II. in potlood gesigneerd en gedateerd 'Immendorff '92'  (lower right) en genummerd 6/20 (linksonder)",published,EUR,400.0,600.0,200.0,200.0,,1,0,,,True,"Mon, 31 Aug 2026 08:00:00 GMT","Tue, 08 Sep 2026 17:24:00 GMT",https://media.app.artisio.co/media/3fc437c0-fdbb-4208-955a-90293eab416d/inventory/e39ba180-2e81-4539-8023-9a883be18b82/479d78b5-2221-4436-b1a7-631072cbf35a/0001_camHdp_sm.jpeg;https://media.app.artisio.co/media/3fc437c0-fdbb-4208-955a-90293eab416d/inventory/e39ba180-2e81-4539-8023-9a883be18b82/a39e61a6-acbe-412f-8a45-3d2cf747ad07/0002_qSgKBm_sm.jpeg;https://media.app.artisio.co/media/3fc437c0-fdbb-4208-955a-90293eab416d/inventory/e39ba180-2e81-4539-8023-9a883be18b82/c73116ea-ea4b-4b08-a1c8-ac270fa04c63/0003_DcnpwB_sm.jpeg;https://media.app.artisio.co/media/3fc437c0-fdbb-4208-955a-90293eab416d/inventory/e39ba180-2e81-4539-8023-9a883be18b82/85e3cd35-3bb6-4174-a826-796f5b7bf797/0004_QryBNd_sm.jpeg;https://media.app.artisio.co/media/3fc437c0-fdbb-4208-955a-90293eab416d/inventory/e39ba180-2e81-4539-8023-9a883be18b82/b6b5173f-f1c1-48a9-abaa-61bb88b860b7/0005_MSTtXN_sm.jpeg;https://media.app.artisio.co/media/3fc437c0-fdbb-4208-955a-90293eab416d/inventory/e39ba180-2e81-4539-8023-9a883be18b82/87cf0367-d137-4133-88cc-881e8108eb81/0006_jKAJHb_sm.jpeg,6,"{""artist_retail_right"": true, ""comments"": ""<p>250.001</p>"", ""condition"": null, ""condition_report"": null, ""dimensions"": null, ""extra_text"": null, ""footnote"": null, ""header"": null, ""internal_reference"": null, ""keurkamer"": false, ""literature"": ""<p>Literatuur: H. Geuer, ‘Jörg Immendorff - Das grafische Werk’, Düsseldorf 2006,&nbsp;cat. nr. 1992.6.</p>"", ""origin_exhibition_lite"": null, ""painter_artist_school"": ""Jörg Immendorff (1945-2007)\t"", ""period"": null, ""signature_dating"": ""I. in potlood gesigneerd en gedateerd 'Immendorff '92'  (rechtsonder) en genummerd 'resp. 11/' (linksonder); II. in potlood gesigneerd en gedateerd 'Immendorff '92'  (lower right) en genummerd 6/20 (linksonder)"", ""technique_size"": ""linosnede in kleur, 50x110 cm (66,5x127 cm incl. lijst)"", ""title"": ""Den leut wecken "", ""total"": null, ""weight_size_quality"": null}"
088a19a2-702c-4354-a045-1c9f299506d2,10115,26-0118/424,67d3691b-0d4a-4615-9e5c-fbf4dfd989e8,723,Vendue Next Door Part 2 Premium | september,Premium schilderijen,PS III,"Ross Bleckner (1949), PS III","<h3>Painter / Artist / School</h3>Ross Bleckner (1949)<h3>Technique / Size</h3>kleurenzeefdruk op Museum board, 107x824 cm (135x115 cm incl. lijst)<h3>Signature / Dating</h3>gesigneerd in potlood en genummerd AP 20/20<h3>Extra Text</h3><p>Uitgegeven in 1997 door Lococo Mulder, St Louis, in een oplage van 75 genummerde exemplaren en 20 AP's.&nbsp;</p>",published,EUR,400.0,600.0,200.0,200.0,1000.0,1,0,,,True,"Mon, 31 Aug 2026 08:00:00 GMT","Tue, 08 Sep 2026 17:24:00 GMT",https://media.app.artisio.co/media/3fc437c0-fdbb-4208-955a-90293eab416d/inventory/fe11b9fb-3816-4b49-b317-c49b90e7c11d/b486b9e9-605a-46cb-8885-620a7c12f6e7/0001_wemEfX_sm.jpeg;https://media.app.artisio.co/media/3fc437c0-fdbb-4208-955a-90293eab416d/inventory/fe11b9fb-3816-4b49-b317-c49b90e7c11d/18df1cfd-c878-4bba-9975-7a406a04cfee/0002_VYQkOr_sm.jpeg;https://media.app.artisio.co/media/3fc437c0-fdbb-4208-955a-90293eab416d/inventory/fe11b9fb-3816-4b49-b317-c49b90e7c11d/e24b071d-00c7-4938-b209-f82dcb498044/0003_fiHhty_sm.jpeg;https://media.app.artisio.co/media/3fc437c0-fdbb-4208-955a-90293eab416d/inventory/fe11b9fb-3816-4b49-b317-c49b90e7c11d/36252f6a-ea32-40f2-957d-2daa86210ecf/0004_HSRpcD_sm.jpeg,4,"{""artist_retail_right"": false, ""comments"": ""<p>316.011, 316.013</p>"", ""condition"": null, ""condition_report"": null, ""dimensions"": null, ""extra_text"": ""<p>Uitgegeven in 1997 door Lococo Mulder, St Louis, in een oplage van 75 genummerde exemplaren en 20 AP's.&nbsp;</p>"", ""footnote"": null, ""header"": null, ""internal_reference"": null, ""keurkamer"": false, ""literature"": null, ""origin_exhibition_lite"": null, ""painter_artist_school"": ""Ross Bleckner (1949)"", ""period"": null, ""signature_dating"": ""gesigneerd in potlood en genummerd AP 20/20"", ""technique_size"": ""kleurenzeefdruk op Museum board, 107x824 cm (135x115 cm incl. lijst)"", ""title"": ""PS III"", ""total"": null, ""weight_size_quality"": null}"
6936c42e-6c36-4dff-aa71-6c56f6c2d6e7,10116,26-0118/425,67d3691b-0d4a-4615-9e5c-fbf4dfd989e8,723,Vendue Next Door Part 2 Premium | september,Premium schilderijen,PS I,"Ross Bleckner (1949), PS I","<h3>Painter / Artist / School</h3>Ross Bleckner (1949)<h3>Technique / Size</h3>kleurenzeefdruk op Museum board, 107x824 cm (135x115 cm incl. lijst)<h3>Signature / Dating</h3>gesigneerd met potlood en genummerd AP 20/20<h3>Extra Text</h3><p>Uitgegeven in 1997 door Lococo Mulder, St Louis, in een oplage van 75 genummerde exemplaren en 20 AP's.&nbsp;</p>",published,EUR,400.0,600.0,200.0,200.0,,1,0,,,True,"Mon, 31 Aug 2026 08:00:00 GMT","Tue, 08 Sep 2026 17:24:00 GMT",https://media.app.artisio.co/media/3fc437c0-fdbb-4208-955a-90293eab416d/inventory/a05973de-c84e-4353-af6c-d3e192b1ca25/c782b547-01f6-465f-acb7-28e89593da4d/0001_mvUwKO_sm.jpeg;https://media.app.artisio.co/media/3fc437c0-fdbb-4208-955a-90293eab416d/inventory/a05973de-c84e-4353-af6c-d3e192b1ca25/373e9ccc-ad2c-41f0-98e7-41f19aa7e1ee/0002_OJwhNZ_sm.jpeg;https://media.app.artisio.co/media/3fc437c0-fdbb-4208-955a-90293eab416d/inventory/a05973de-c84e-4353-af6c-d3e192b1ca25/e7b670fd-1961-45a0-800e-24f0757bc920/0003_VFkkkb_sm.jpeg;https://media.app.artisio.co/media/3fc437c0-fdbb-4208-955a-90293eab416d/inventory/a05973de-c84e-4353-af6c-d3e192b1ca25/e4e0e59d-763d-4070-adda-ed16df895467/0004_olUqki_sm.jpeg;https://media.app.artisio.co/media/3fc437c0-fdbb-4208-955a-90293eab416d/inventory/a05973de-c84e-4353-af6c-d3e192b1ca25/b43bc5ce-734d-4edb-9db3-ceafb2c5fab1/0005_KIucye_sm.jpeg,5,"{""artist_retail_right"": false, ""comments"": ""<p>316.011, 316.013</p>"", ""condition"": null, ""condition_report"": null, ""dimensions"": null, ""extra_text"": ""<p>Uitgegeven in 1997 door Lococo Mulder, St Louis, in een oplage van 75 genummerde exemplaren en 20 AP's.&nbsp;</p>"", ""footnote"": null, ""header"": null, ""internal_reference"": null, ""keurkamer"": false, ""literature"": null, ""origin_exhibition_lite"": null, ""painter_artist_school"": ""Ross Bleckner (1949)"", ""period"": null, ""signature_dating"": ""gesigneerd met potlood en genummerd AP 20/20"", ""technique_size"": ""kleurenzeefdruk op Museum board, 107x824 cm (135x115 cm incl. lijst)"", ""title"": ""PS I"", ""total"": null, ""weight_size_quality"": null}"
a40cbebe-3d0f-4681-8627-28d6132b0fcb,10501,26-0442/1,67d3691b-0d4a-4615-9e5c-fbf4dfd989e8,723,Vendue Next Door Part 2 Premium | september,Premium Design,Een groot Art Deco beschilderd paneel,Een groot Art Deco beschilderd paneel,"<h3>Period</h3>ca. 1930<h3>Description</h3><p>Halfrond bovenpaneel (lunetvormig), met een centraal gestileerde zittende vrouwenfiguur, omgeven door lineaire decoratieve elementen. De achtergrond bestaat uit architectonische vlakken, gearticuleerd door horizontale banden en symmetrisch gerangschikte motieven. Het paneel was waarschijnlijk bedoeld als wanddecoratie of als onderdeel van een architectonisch interieur.</p><h3>Dimensions</h3>152 cm hoog, 180 cm breedt",published,EUR,500.0,800.0,400.0,400.0,,1,0,,,True,"Mon, 31 Aug 2026 08:00:00 GMT","Tue, 08 Sep 2026 17:24:00 GMT",https://media.app.artisio.co/media/3fc437c0-fdbb-4208-955a-90293eab416d/inventory/425b0f20-8f1d-40ec-b2c8-847fe8a851c1/24bf608e-3500-42d2-a372-43a203033d5e/0001_rzkfLp_sm.jpeg;https://media.app.artisio.co/media/3fc437c0-fdbb-4208-955a-90293eab416d/inventory/425b0f20-8f1d-40ec-b2c8-847fe8a851c1/8a3fed6b-689c-47f0-8895-e319c4b52640/0002_ioONIA_sm.jpeg;https://media.app.artisio.co/media/3fc437c0-fdbb-4208-955a-90293eab416d/inventory/425b0f20-8f1d-40ec-b2c8-847fe8a851c1/cda4605b-2347-4a50-8f53-9d2bb4fe844e/0003_qHJgfy_sm.jpeg,3,"{""artist_retail_right"": false, ""comments"": null, ""condition"": null, ""condition_report"": null, ""description"": ""<p>Halfrond bovenpaneel (lunetvormig), met een centraal gestileerde zittende vrouwenfiguur, omgeven door lineaire decoratieve elementen. De achtergrond bestaat uit architectonische vlakken, gearticuleerd door horizontale banden en symmetrisch gerangschikte motieven. Het paneel was waarschijnlijk bedoeld als wanddecoratie of als onderdeel van een architectonisch interieur.</p>"", ""dimensions"": ""152 cm hoog, 180 cm breedt"", ""footnote"": null, ""header"": null, ""internal_reference"": null, ""keurkamer"": false, ""literature"": null, ""origin_exhibition_lite"": null, ""painter_artist_school"": null, ""period"": ""ca. 1930"", ""title"": ""Een groot Art Deco beschilderd paneel"", ""total"": null, ""weight_size_quality"": null}"
556d84e7-ea6a-4a17-8523-cc9c235bae38,10502,26-0389/183,67d3691b-0d4a-4615-9e5c-fbf4dfd989e8,723,Vendue Next Door Part 2 Premium | september,Premium Design,"Vico magistretti (1920-2006), een zwart lederen 'Maralunga', voor Cassina","Vico magistretti (1920-2006), een zwart lederen 'Maralunga', voor Cassina",<h3>Description</h3><p>Gemerkt met sticker.</p><h3>Dimensions</h3>Ca 75 x 175 x 90 cm<h3>Condition Report</h3><p>Met gebruikssporen aan het leer. In een overwegend goede staat.</p>,published,EUR,400.0,600.0,200.0,200.0,,1,1,200.0,200.0,True,"Mon, 31 Aug 2026 08:00:00 GMT","Tue, 08 Sep 2026 17:24:00 GMT",https://media.app.artisio.co/media/3fc437c0-fdbb-4208-955a-90293eab416d/inventory/2932588d-f2b7-4891-aeaa-0f586eb1453f/31aa5a09-adb7-45ef-a2ab-1695f081c10e/0001_VwmIMl_sm.jpeg;https://media.app.artisio.co/media/3fc437c0-fdbb-4208-955a-90293eab416d/inventory/2932588d-f2b7-4891-aeaa-0f586eb1453f/fc52c950-3089-4019-b7b3-89c16c3369a6/0002_iggxok_sm.jpeg;https://media.app.artisio.co/media/3fc437c0-fdbb-4208-955a-90293eab416d/inventory/2932588d-f2b7-4891-aeaa-0f586eb1453f/2dd81c0d-df15-4b71-8a1d-b5dfece3bc44/0003_XajvwS_sm.jpeg;https://media.app.artisio.co/media/3fc437c0-fdbb-4208-955a-90293eab416d/inventory/2932588d-f2b7-4891-aeaa-0f586eb1453f/2c5b6f4b-c28d-4f31-82bb-68652700e8da/0004_raBgHa_sm.jpeg,4,"{""artist_retail_right"": false, ""comments"": null, ""condition"": null, ""condition_report"": ""<p>Met gebruikssporen aan het leer. In een overwegend goede staat.</p>"", ""description"": ""<p>Gemerkt met sticker.</p>"", ""dimensions"": ""Ca 75 x 175 x 90 cm"", ""footnote"": null, ""header"": null, ""internal_reference"": null, ""keurkamer"": false, ""literature"": null, ""origin_exhibition_lite"": null, ""painter_artist_school"": null, ""period"": null, ""title"": ""Vico magistretti (1920-2006), een zwart lederen 'Maralunga', voor Cassina"", ""total"": null, ""weight_size_quality"": null}"
ee92eb7d-db32-43e0-9c6d-e55508cb7659,10503,26-0389/141,67d3691b-0d4a-4615-9e5c-fbf4dfd989e8,723,Vendue Next Door Part 2 Premium | september,Premium Design,"Dirk van Sliedregt (1920-2010), een paar '514C' Lounge stoelen, voor Gebroeders Jonkers","Dirk van Sliedregt (1920-2010), een paar '514C' Lounge stoelen, voor Gebroeders Jonkers","<h3>Period</h3>Ontwerp 1960, Nederland<h3>Description</h3><p>Niet gemerkt.</p><h3>Dimensions</h3>H rug ca 103 cm en h zitting 33 cm<h3>Condition Report</h3><p>Met slijtagesporen rondom zoals beschadigingen aan het rotan.</p>",published,EUR,300.0,500.0,100.0,100.0,,1,0,,,True,"Mon, 31 Aug 2026 08:00:00 GMT","Tue, 08 Sep 2026 17:24:00 GMT",https://media.app.artisio.co/media/3fc437c0-fdbb-4208-955a-90293eab416d/inventory/7342d46c-d22d-4f88-b7fb-1964c5c2e39a/5720c714-2e57-4af2-911e-c6e2b2f802ae/0001_vNspvj_sm.jpeg;https://media.app.artisio.co/media/3fc437c0-fdbb-4208-955a-90293eab416d/inventory/7342d46c-d22d-4f88-b7fb-1964c5c2e39a/923a7930-c911-487d-a581-27f23156ed88/0002_eZPagf_sm.jpeg;https://media.app.artisio.co/media/3fc437c0-fdbb-4208-955a-90293eab416d/inventory/7342d46c-d22d-4f88-b7fb-1964c5c2e39a/4c74e22d-4557-4284-949d-9bea73ec5128/0003_puKFUX_sm.jpeg,3,"{""artist_retail_right"": false, ""comments"": null, ""condition"": null, ""condition_report"": ""<p>Met slijtagesporen rondom zoals beschadigingen aan het rotan.</p>"", ""description"": ""<p>Niet gemerkt.</p>"", ""dimensions"": ""H rug ca 103 cm en h zitting 33 cm"", ""footnote"": null, ""header"": null, ""internal_reference"": null, ""keurkamer"": false, ""literature"": null, ""origin_exhibition_lite"": null, ""painter_artist_school"": null, ""period"": ""Ontwerp 1960, Nederland"", ""title"": ""Dirk van Sliedregt (1920-2010), een paar '514C' Lounge stoelen, voor Gebroeders Jonkers"", ""total"": null, ""weight_size_quality"": null}"
399d4431-7efa-45c1-b354-736d19638da8,10504,26-0387/1,67d3691b-0d4a-4615-9e5c-fbf4dfd989e8,723,Vendue Next Door Part 2 Premium | september,Premium Design,A Clarice Cliff 'conical' art deco pottery tea service in the Crocus pattern,A Clarice Cliff 'conical' art deco pottery tea service in the Crocus pattern,"<h3>Period</h3>ca. 1930, England<h3>Description</h3><p>A teapot, creamer and covered sugar bowl with six teacups and saucers. Marked to the base.</p><h3>Condition Report</h3><p>A few nibbles to the end of the spout on the teapot, the sugar bowl with a small crack on the edge, two cups with a discoloured crack and a saucer with a small chip to the edge (see close-up photos). No other damage or restoration. some wear from age and use.</p>",published,EUR,500.0,800.0,400.0,400.0,,1,0,,,True,"Mon, 31 Aug 2026 08:00:00 GMT","Tue, 08 Sep 2026 17:24:00 GMT",https://media.app.artisio.co/media/3fc437c0-fdbb-4208-955a-90293eab416d/inventory/c476e824-55dc-4322-8ae0-90f95305ea67/d67e56db-2b81-4539-8850-62fb44f5f297/0001_jjQjMP_sm.jpeg;https://media.app.artisio.co/media/3fc437c0-fdbb-4208-955a-90293eab416d/inventory/c476e824-55dc-4322-8ae0-90f95305ea67/dea26a63-f4a8-4a9b-bc0e-957d19bc5cd3/0002_dXMyVG_sm.jpeg;https://media.app.artisio.co/media/3fc437c0-fdbb-4208-955a-90293eab416d/inventory/c476e824-55dc-4322-8ae0-90f95305ea67/70558c19-c97b-4b14-818b-16d0c864bc7e/0003_wuqxOl_sm.jpeg;https://media.app.artisio.co/media/3fc437c0-fdbb-4208-955a-90293eab416d/inventory/c476e824-55dc-4322-8ae0-90f95305ea67/bfe6bb28-2ccb-4b1e-b4f9-5f333452be44/0004_WTrvyM_sm.jpeg;https://media.app.artisio.co/media/3fc437c0-fdbb-4208-955a-90293eab416d/inventory/c476e824-55dc-4322-8ae0-90f95305ea67/745ef7f7-8e85-4671-9603-95e4b0f6ebc7/0005_ilClCl_sm.jpeg;https://media.app.artisio.co/media/3fc437c0-fdbb-4208-955a-90293eab416d/inventory/c476e824-55dc-4322-8ae0-90f95305ea67/314e2638-541a-4ab0-a4fa-08f2bb6567c1/0006_fcmFaf_sm.jpeg;https://media.app.artisio.co/media/3fc437c0-fdbb-4208-955a-90293eab416d/inventory/c476e824-55dc-4322-8ae0-90f95305ea67/edd9da02-1f64-4ccc-936c-91e6c53a02be/0007_Eoqmvs_sm.jpeg;https://media.app.artisio.co/media/3fc437c0-fdbb-4208-955a-90293eab416d/inventory/c476e824-55dc-4322-8ae0-90f95305ea67/26346cae-3746-44f3-acdb-2d1a8c2f171a/0008_bxsjxi_sm.jpeg;https://media.app.artisio.co/media/3fc437c0-fdbb-4208-955a-90293eab416d/inventory/c476e824-55dc-4322-8ae0-90f95305ea67/4d5dc06f-70e3-40b7-945b-55b76839d992/0009_njRGSp_sm.jpeg;https://media.app.artisio.co/media/3fc437c0-fdbb-4208-955a-90293eab416d/inventory/c476e824-55dc-4322-8ae0-90f95305ea67/b75c01ae-6fab-4e48-b18a-6aa51cf5991e/0010_tJKxAj_sm.jpeg;https://media.app.artisio.co/media/3fc437c0-fdbb-4208-955a-90293eab416d/inventory/c476e824-55dc-4322-8ae0-90f95305ea67/adebcd18-ea3d-4ef8-9850-e0ec82d1a962/0011_MSFQCb_sm.jpeg;https://media.app.artisio.co/media/3fc437c0-fdbb-4208-955a-90293eab416d/inventory/c476e824-55dc-4322-8ae0-90f95305ea67/829208c1-3cd9-44ea-a74a-c4be3efd2286/0012_ObvSwk_sm.jpeg,12,"{""artist_retail_right"": false, ""comments"": null, ""condition"": null, ""condition_report"": ""<p>A few nibbles to the end of the spout on the teapot, the sugar bowl with a small crack on the edge, two cups with a discoloured crack and a saucer with a small chip to the edge (see close-up photos). No other damage or restoration. some wear from age and use.</p>"", ""description"": ""<p>A teapot, creamer and covered sugar bowl with six teacups and saucers. Marked to the base.</p>"", ""dimensions"": null, ""footnote"": null, ""header"": null, ""internal_reference"": null, ""keurkamer"": false, ""literature"": null, ""origin_exhibition_lite"": null, ""painter_artist_school"": null, ""period"": ""ca. 1930, England"", ""title"": ""A Clarice Cliff 'conical' art deco pottery tea service in the Crocus pattern"", ""total"": null, ""weight_size_quality"": null}"
f120d20d-e4ad-4798-860f-ccdddfc1f35d,13001,26-0389/46,67d3691b-0d4a-4615-9e5c-fbf4dfd989e8,723,Vendue Next Door Part 2 Premium | september,Premium zilver,"Een kleine collectie divers zilver, waaronder een soeplepel en bonbonmandje ","Een kleine collectie divers zilver, waaronder een soeplepel en bonbonmandje ",,published,EUR,200.0,400.0,100.0,100.0,,1,1,100.0,100.0,True,"Mon, 31 Aug 2026 08:00:00 GMT","Tue, 08 Sep 2026 17:24:00 GMT",https://media.app.artisio.co/media/3fc437c0-fdbb-4208-955a-90293eab416d/inventory/0e5700b9-5b20-4a77-9971-6b6914161d2f/17791edb-b21b-4819-b701-40556a16311d/0001_gisidQ_sm.jpeg;https://media.app.artisio.co/media/3fc437c0-fdbb-4208-955a-90293eab416d/inventory/0e5700b9-5b20-4a77-9971-6b6914161d2f/9d87356e-9dab-4f6a-8c9d-e24e6593ebc0/0002_OlZhyx_sm.jpeg;https://media.app.artisio.co/media/3fc437c0-fdbb-4208-955a-90293eab416d/inventory/0e5700b9-5b20-4a77-9971-6b6914161d2f/64965aad-758e-4dac-9f2c-cea740403a29/0003_shjQTt_sm.jpeg;https://media.app.artisio.co/media/3fc437c0-fdbb-4208-955a-90293eab416d/inventory/0e5700b9-5b20-4a77-9971-6b6914161d2f/0fd20a23-7742-43ea-9b7e-b83095001a33/0004_RyHNaH_sm.jpeg;https://media.app.artisio.co/media/3fc437c0-fdbb-4208-955a-90293eab416d/inventory/0e5700b9-5b20-4a77-9971-6b6914161d2f/f0fd62e1-258c-425f-8225-c144987055dc/0005_cHmFgA_sm.jpeg;https://media.app.artisio.co/media/3fc437c0-fdbb-4208-955a-90293eab416d/inventory/0e5700b9-5b20-4a77-9971-6b6914161d2f/bd6387cd-fa2b-4914-81d7-4747c670d4ef/0006_ZSYPNg_sm.jpeg;https://media.app.artisio.co/media/3fc437c0-fdbb-4208-955a-90293eab416d/inventory/0e5700b9-5b20-4a77-9971-6b6914161d2f/44ff8175-682f-4a6f-8060-2e03807db219/0007_cUyMOK_sm.jpeg;https://media.app.artisio.co/media/3fc437c0-fdbb-4208-955a-90293eab416d/inventory/0e5700b9-5b20-4a77-9971-6b6914161d2f/2a0c738e-b11d-4713-9868-2c092ac50b9d/0008_RqCQGo_sm.jpeg;https://media.app.artisio.co/media/3fc437c0-fdbb-4208-955a-90293eab416d/inventory/0e5700b9-5b20-4a77-9971-6b6914161d2f/c076ec7b-920f-49ad-b2e3-4c0f74a878d1/0009_GSkxYp_sm.jpeg;https://media.app.artisio.co/media/3fc437c0-fdbb-4208-955a-90293eab416d/inventory/0e5700b9-5b20-4a77-9971-6b6914161d2f/6ba63dd7-f2bc-4cf8-971a-2f8aeb78ba36/0010_xpdvuI_sm.jpeg;https://media.app.artisio.co/media/3fc437c0-fdbb-4208-955a-90293eab416d/inventory/0e5700b9-5b20-4a77-9971-6b6914161d2f/dea37adb-3312-4263-b602-b694ce8c8241/0011_aFLxDx_sm.jpeg;https://media.app.artisio.co/media/3fc437c0-fdbb-4208-955a-90293eab416d/inventory/0e5700b9-5b20-4a77-9971-6b6914161d2f/2c15b6c2-3135-41a3-8315-b99a507c359f/0012_axHPIA_sm.jpeg,12,"{""artist_retail_right"": false, ""comments"": null, ""condition"": null, ""condition_report"": null, ""description"": null, ""dimensions"": null, ""footnote"": null, ""header"": null, ""internal_reference"": null, ""literature"": null, ""origin_exhibition_lite"": null, ""painter_artist_school"": null, ""period"": null, ""title"": ""Een kleine collectie divers zilver, waaronder een soeplepel en bonbonmandje "", ""total"": null, ""weight_size_quality"": null}"
85184f4a-2311-4b2e-b8ea-c63bea7e2f43,13002,26-0203/37,67d3691b-0d4a-4615-9e5c-fbf4dfd989e8,723,Vendue Next Door Part 2 Premium | september,Premium zilver,Een zilveren schaaltje en een zilveren kom en een Duits laag vaasje,Een zilveren schaaltje en een zilveren kom en een Duits laag vaasje,"<h3>Description</h3><p>Vierkant gecontourneerd en geplooid. Gemerkt 835S en met winkeliersmerk van Roelof Citroen. Het bolle vaasje met gecanneleerde rand en gladde hals. 800/1000</p><h3>Dimensions</h3>Ca 19,5x19,5 cm<h3>Weight / Size / Quality</h3>Ca 391 gram samen",published,EUR,200.0,400.0,200.0,200.0,,1,0,,,True,"Mon, 31 Aug 2026 08:00:00 GMT","Tue, 08 Sep 2026 17:27:00 GMT",https://media.app.artisio.co/media/3fc437c0-fdbb-4208-955a-90293eab416d/inventory/680913a3-344f-4d63-8c34-a588273bf97e/aca7ca8b-c82d-48a4-8cc2-39be6d6af204/0001_vRLbId_sm.jpeg;https://media.app.artisio.co/media/3fc437c0-fdbb-4208-955a-90293eab416d/inventory/680913a3-344f-4d63-8c34-a588273bf97e/3a780a19-eeb3-417a-9c57-5326d275065a/0002_GBANlL_sm.jpeg;https://media.app.artisio.co/media/3fc437c0-fdbb-4208-955a-90293eab416d/inventory/680913a3-344f-4d63-8c34-a588273bf97e/9629ba97-ede8-48db-b3b1-c8493540aac8/0003_LFBwAX_sm.jpeg;https://media.app.artisio.co/media/3fc437c0-fdbb-4208-955a-90293eab416d/inventory/680913a3-344f-4d63-8c34-a588273bf97e/e5c89f18-1915-4e0d-bbf6-1c0de4a96ce1/0004_XdIKst_sm.jpeg;https://media.app.artisio.co/media/3fc437c0-fdbb-4208-955a-90293eab416d/inventory/680913a3-344f-4d63-8c34-a588273bf97e/c6ebd053-c919-486b-a38d-060cd4d6ffc6/0005_IeqCzr_sm.jpeg,5,"{""artist_retail_right"": false, ""comments"": null, ""condition"": null, ""condition_report"": null, ""description"": ""<p>Vierkant gecontourneerd en geplooid. Gemerkt 835S en met winkeliersmerk van Roelof Citroen. Het bolle vaasje met gecanneleerde rand en gladde hals. 800/1000</p>"", ""dimensions"": ""Ca 19,5x19,5 cm"", ""footnote"": null, ""header"": null, ""internal_reference"": null, ""literature"": null, ""origin_exhibition_lite"": null, ""painter_artist_school"": null, ""period"": null, ""title"": ""Een zilveren schaaltje en een zilveren kom en een Duits laag vaasje"", ""total"": null, ""weight_size_quality"": ""Ca 391 gram samen""}"
1f708c08-468f-4947-9993-6f415fe67c5a,13003,26-0203/40,67d3691b-0d4a-4615-9e5c-fbf4dfd989e8,723,Vendue Next Door Part 2 Premium | september,Premium zilver,"Diverse kleine (deels Duitse) zilveren voorwerpen, wo speldenkokers en miniaturen","Diverse kleine (deels Duitse) zilveren voorwerpen, wo speldenkokers en miniaturen","<h3>Description</h3><p>Bestaande uit twee sigarettenkokers, een fotolijstje van vermaakte tasbeugel,twee geribde speldenkokers, een strooilepel, een luiertang, een gesp met rocaille, een stel breidoppen, een stel kaasduimpjes, drie oud Hollands decor houders en een dop, een chatelaine-ring aan twee kettinkjes, een miniatuur blaker, een koffiepot met houten greepje en een stoeltje. 800/1000 en 835/1000.</p><h3>Dimensions</h3>Tussen 2,5 en 10,5 cm<h3>Weight / Size / Quality</h3>Ca 456 gram",published,EUR,200.0,300.0,200.0,200.0,,1,1,200.0,200.0,True,"Mon, 31 Aug 2026 08:00:00 GMT","Tue, 08 Sep 2026 17:27:00 GMT",https://media.app.artisio.co/media/3fc437c0-fdbb-4208-955a-90293eab416d/inventory/f665e146-9ea1-470d-b6bf-f04046074046/a6c8a43c-d515-4215-b526-fc64ec200435/0001_kEQDkz_sm.jpeg;https://media.app.artisio.co/media/3fc437c0-fdbb-4208-955a-90293eab416d/inventory/f665e146-9ea1-470d-b6bf-f04046074046/c8f48532-d8f1-4420-bc09-c10e16514df6/0002_QevmGM_sm.jpeg;https://media.app.artisio.co/media/3fc437c0-fdbb-4208-955a-90293eab416d/inventory/f665e146-9ea1-470d-b6bf-f04046074046/252f80a7-3899-4f03-a68b-37a7194f6cf0/0003_FvOxtI_sm.jpeg,3,"{""artist_retail_right"": false, ""comments"": null, ""condition"": null, ""condition_report"": null, ""description"": ""<p>Bestaande uit twee sigarettenkokers, een fotolijstje van vermaakte tasbeugel,twee geribde speldenkokers, een strooilepel, een luiertang, een gesp met rocaille, een stel breidoppen, een stel kaasduimpjes, drie oud Hollands decor houders en een dop, een chatelaine-ring aan twee kettinkjes, een miniatuur blaker, een koffiepot met houten greepje en een stoeltje. 800/1000 en 835/1000.</p>"", ""dimensions"": ""Tussen 2,5 en 10,5 cm"", ""footnote"": null, ""header"": null, ""internal_reference"": null, ""literature"": null, ""origin_exhibition_lite"": null, ""painter_artist_school"": null, ""period"": null, ""title"": ""Diverse kleine (deels Duitse) zilveren voorwerpen, wo speldenkokers en miniaturen"", ""total"": null, ""weight_size_quality"": ""Ca 456 gram""}"
17bde34c-c3af-4dff-9b55-2de274bbce09,13004,26-0203/41,67d3691b-0d4a-4615-9e5c-fbf4dfd989e8,723,Vendue Next Door Part 2 Premium | september,Premium zilver,"Een peper-, zout en mosterdstel met blauw glas, een glad strooibusje, een empire zoutvat met blauw glas,drie zoutlepeltjes en een confiturevorkje","Een peper-, zout en mosterdstel met blauw glas, een glad strooibusje, een empire zoutvat met blauw glas,drie zoutlepeltjes en een confiturevorkje","<h3>Description</h3><p>Setje in Lodewijk XVIe stijl met medaillons, glad strooibusje van Kempen, Voorschoten, begin 20e eeuw. Het grote zoutvat van draadwerk, maker mogelijk LCH, begin 19e eeuw. 835/1000.</p><h3>Weight / Size / Quality</h3>Samen 186 gram, zonder glas",published,EUR,100.0,200.0,100.0,100.0,,1,1,100.0,100.0,True,"Mon, 31 Aug 2026 08:00:00 GMT","Tue, 08 Sep 2026 17:27:00 GMT",https://media.app.artisio.co/media/3fc437c0-fdbb-4208-955a-90293eab416d/inventory/dce43f53-5e2f-4e38-9d54-7fbf356c8794/47fadc6c-79e9-4043-a907-b185e5a39d01/0001_YFTpDb_sm.jpeg;https://media.app.artisio.co/media/3fc437c0-fdbb-4208-955a-90293eab416d/inventory/dce43f53-5e2f-4e38-9d54-7fbf356c8794/fbd7cfb9-07b0-41ed-9692-060b1ff8b0c2/0002_pScWNg_sm.jpeg,2,"{""artist_retail_right"": false, ""comments"": null, ""condition"": null, ""condition_report"": null, ""description"": ""<p>Setje in Lodewijk XVIe stijl met medaillons, glad strooibusje van Kempen, Voorschoten, begin 20e eeuw. Het grote zoutvat van draadwerk, maker mogelijk LCH, begin 19e eeuw. 835/1000.</p>"", ""dimensions"": null, ""footnote"": null, ""header"": null, ""internal_reference"": null, ""literature"": null, ""origin_exhibition_lite"": null, ""painter_artist_school"": null, ""period"": null, ""title"": ""Een peper-, zout en mosterdstel met blauw glas, een glad strooibusje, een empire zoutvat met blauw glas,drie zoutlepeltjes en een confiturevorkje"", ""total"": null, ""weight_size_quality"": ""Samen 186 gram, zonder glas""}"
7b1d63ea-fd0f-4169-80ab-9fb2332a475f,13005,26-0203/42,67d3691b-0d4a-4615-9e5c-fbf4dfd989e8,723,Vendue Next Door Part 2 Premium | september,Premium zilver,Een zilveren broche met roosdiamant,Een zilveren broche met roosdiamant,"<h3>Description</h3><p>Een gestileerd strikmodel, zilver best met kleine roosdiamanten. Begin 20e eeuw.</p><h3>Dimensions</h3>Ca 4,5 cm",published,EUR,100.0,200.0,100.0,100.0,,1,0,,,True,"Mon, 31 Aug 2026 08:00:00 GMT","Tue, 08 Sep 2026 17:27:00 GMT",https://media.app.artisio.co/media/3fc437c0-fdbb-4208-955a-90293eab416d/inventory/43d7ab2b-f0f5-4886-954c-3ca813eac019/67f74394-60cf-4bd9-9207-99f86c2ca0a4/0001_Qmjrpk_sm.jpeg,1,"{""artist_retail_right"": false, ""comments"": null, ""condition"": null, ""condition_report"": null, ""description"": ""<p>Een gestileerd strikmodel, zilver best met kleine roosdiamanten. Begin 20e eeuw.</p>"", ""dimensions"": ""Ca 4,5 cm"", ""footnote"": null, ""header"": null, ""internal_reference"": null, ""literature"": null, ""origin_exhibition_lite"": null, ""painter_artist_school"": null, ""period"": null, ""title"": ""Een zilveren broche met roosdiamant"", ""total"": null, ""weight_size_quality"": null}"
c46a8365-a144-4f70-ae2d-f50662ac4950,13006,25-2186/82,67d3691b-0d4a-4615-9e5c-fbf4dfd989e8,723,Vendue Next Door Part 2 Premium | september,Premium zilver,"A Dutch silver brazier with copper liner, Isacq S. Busard, 1755 The Hague","A Dutch silver brazier with copper liner, Isacq S. Busard, 1755 The Hague","<h3>Description</h3><p>Round shaped with openwork of trellis and scrolls. On three curled and pointed feet. With wooden horizontal handle. Maker Isacq S. Busard, 1755 The Hague</p><h3>Condition Report</h3><p>Dented and bend on one side.</p><h3>Weight / Size / Quality</h3>Ca 318 grams gross weight",published,EUR,200.0,300.0,200.0,200.0,,1,0,,,True,"Mon, 31 Aug 2026 08:00:00 GMT","Tue, 08 Sep 2026 17:27:00 GMT",https://media.app.artisio.co/media/3fc437c0-fdbb-4208-955a-90293eab416d/inventory/f44bd41a-8737-4595-88fa-150e5b22977c/9afcf3b4-f700-46fd-a1d5-5a08aa36a01a/0001_vDrBUt_sm.jpeg;https://media.app.artisio.co/media/3fc437c0-fdbb-4208-955a-90293eab416d/inventory/f44bd41a-8737-4595-88fa-150e5b22977c/322c0e22-90d3-4533-b4d7-dbe2adeb3bad/0002_PgCUuc_sm.jpeg;https://media.app.artisio.co/media/3fc437c0-fdbb-4208-955a-90293eab416d/inventory/f44bd41a-8737-4595-88fa-150e5b22977c/9ade6592-7b5c-4d38-8197-84b5f7ea926a/0003_RWrHIr_sm.jpeg,3,"{""artist_retail_right"": false, ""comments"": null, ""condition"": null, ""condition_report"": ""<p>Dented and bend on one side.</p>"", ""description"": ""<p>Round shaped with openwork of trellis and scrolls. On three curled and pointed feet. With wooden horizontal handle. Maker Isacq S. Busard, 1755 The Hague</p>"", ""dimensions"": null, ""footnote"": null, ""header"": null, ""internal_reference"": null, ""literature"": null, ""origin_exhibition_lite"": null, ""painter_artist_school"": null, ""period"": null, ""title"": ""A Dutch silver brazier with copper liner, Isacq S. Busard, 1755 The Hague"", ""total"": null, ""weight_size_quality"": ""Ca 318 grams gross weight""}"
85dc67a4-19a9-4286-a7d9-99731c35551d,13007,26-0353/5,67d3691b-0d4a-4615-9e5c-fbf4dfd989e8,723,Vendue Next Door Part 2 Premium | september,Premium zilver,"A Dutch silver salver, D. W. Rethmeyer, Amsterdam, 1807-1809","A Dutch silver salver, D. W. Rethmeyer, Amsterdam, 1807-1809","<h3>Description</h3><p>Plain round with beaded border. Maker D.W. Rethmeyer, Amsterdam, Kingdom of Holland, 1807-1809.</p><h3>Dimensions</h3>D. ca 20,5 cm<h3>Condition Report</h3><p>Scratches of age and use. One dent in the plain.</p><h3>Weight / Size / Quality</h3>Ca 309 grams",published,EUR,400.0,600.0,300.0,300.0,,1,0,,,True,"Mon, 31 Aug 2026 08:00:00 GMT","Tue, 08 Sep 2026 17:27:00 GMT",https://media.app.artisio.co/media/3fc437c0-fdbb-4208-955a-90293eab416d/inventory/2a10473b-4b90-4bfa-a924-a68150b3bbb9/0784c9cf-2b09-4f54-a1ac-606e3648d36d/0001_MwtwKt_sm.jpeg;https://media.app.artisio.co/media/3fc437c0-fdbb-4208-955a-90293eab416d/inventory/2a10473b-4b90-4bfa-a924-a68150b3bbb9/cd52bc73-6958-4bbf-b07d-5c4501e6771b/0002_bcwmpW_sm.jpeg;https://media.app.artisio.co/media/3fc437c0-fdbb-4208-955a-90293eab416d/inventory/2a10473b-4b90-4bfa-a924-a68150b3bbb9/e54c5fe2-f721-4349-9004-a01cf97450ed/0003_eyLoDH_sm.jpeg;https://media.app.artisio.co/media/3fc437c0-fdbb-4208-955a-90293eab416d/inventory/2a10473b-4b90-4bfa-a924-a68150b3bbb9/bfa616a9-82cb-47e4-a2c2-793a942cfa96/0004_SqpZsv_sm.jpeg,4,"{""artist_retail_right"": false, ""comments"": null, ""condition"": null, ""condition_report"": ""<p>Scratches of age and use. One dent in the plain.</p>"", ""description"": ""<p>Plain round with beaded border. Maker D.W. Rethmeyer, Amsterdam, Kingdom of Holland, 1807-1809.</p>"", ""dimensions"": ""D. ca 20,5 cm"", ""footnote"": null, ""header"": null, ""internal_reference"": null, ""literature"": null, ""origin_exhibition_lite"": null, ""painter_artist_school"": null, ""period"": null, ""title"": ""A Dutch silver salver, D. W. Rethmeyer, Amsterdam, 1807-1809"", ""total"": null, ""weight_size_quality"": ""Ca 309 grams""}"
54468e12-2204-4a86-b2e0-d8b4952e9c62,13008,26-0338/29,67d3691b-0d4a-4615-9e5c-fbf4dfd989e8,723,Vendue Next Door Part 2 Premium | september,Premium zilver,"A Dutch silver tea caddy, M. Auriot, The Hague 1799","A Dutch silver tea caddy, M. Auriot, The Hague 1799","<h3>Description</h3><p>Maker M. Auriot. Oval plain and finely engraved with foliage and leaf pattern, a small C-scroll hinged handle on the cover. D under crown=1799. With detachable base metal liner.</p><h3>Dimensions</h3>Ca 12,5x7,5x9 cm<h3>Condition Report</h3><p>No key available.</p><h3>Weight / Size / Quality</h3>Ca 334 grams",published,EUR,300.0,500.0,300.0,300.0,,1,1,300.0,300.0,True,"Mon, 31 Aug 2026 08:00:00 GMT","Tue, 08 Sep 2026 17:27:00 GMT",https://media.app.artisio.co/media/3fc437c0-fdbb-4208-955a-90293eab416d/inventory/74524140-8b23-42f1-a4ec-d5f0a093d085/a3f389f9-5f29-4a30-9871-ed6a4b5b46e2/0001_VzoHfI_sm.jpeg;https://media.app.artisio.co/media/3fc437c0-fdbb-4208-955a-90293eab416d/inventory/74524140-8b23-42f1-a4ec-d5f0a093d085/843e0624-7b1a-407a-98a8-39fca8e6b0c3/0002_OSEblw_sm.jpeg;https://media.app.artisio.co/media/3fc437c0-fdbb-4208-955a-90293eab416d/inventory/74524140-8b23-42f1-a4ec-d5f0a093d085/9fb38e6f-ac6f-40b9-a075-7baccede5432/0003_ItiYdH_sm.jpeg;https://media.app.artisio.co/media/3fc437c0-fdbb-4208-955a-90293eab416d/inventory/74524140-8b23-42f1-a4ec-d5f0a093d085/f93d2a51-01e5-4a22-b610-b299334bcd52/0004_nrdwth_sm.jpeg,4,"{""artist_retail_right"": false, ""comments"": null, ""condition"": null, ""condition_report"": ""<p>No key available.</p>"", ""description"": ""<p>Maker M. Auriot. Oval plain and finely engraved with foliage and leaf pattern, a small C-scroll hinged handle on the cover. D under crown=1799. With detachable base metal liner.</p>"", ""dimensions"": ""Ca 12,5x7,5x9 cm"", ""footnote"": null, ""header"": null, ""internal_reference"": null, ""literature"": null, ""origin_exhibition_lite"": null, ""painter_artist_school"": null, ""period"": null, ""title"": ""A Dutch silver tea caddy, M. Auriot, The Hague 1799"", ""total"": null, ""weight_size_quality"": ""Ca 334 grams""}"
6a2f5643-4203-4cf4-977d-3b58d11ef2f8,13009,25-2030/173,67d3691b-0d4a-4615-9e5c-fbf4dfd989e8,723,Vendue Next Door Part 2 Premium | september,Premium zilver,"An English silver punch bowl, London 1758","An English silver punch bowl, London 1758","<h3>Description</h3><p>Round plain model, partly gadrooned, on round foot with conforming decoration. Makers' mark illegible, London, 1758. 925/1000.&nbsp;</p><h3>Dimensions</h3>D. ca 23 cm, H. ca 13 cm.<h3>Weight / Size / Quality</h3>Ca. 665 grams",published,EUR,500.0,800.0,500.0,500.0,,1,1,500.0,500.0,True,"Mon, 31 Aug 2026 08:00:00 GMT","Tue, 08 Sep 2026 17:27:00 GMT",https://media.app.artisio.co/media/3fc437c0-fdbb-4208-955a-90293eab416d/inventory/c980d758-7748-4f71-9259-ab7ae2162159/04e50dc9-57e1-4ef6-8f4d-433ac0e85888/00001_rAZnsx_sm.jpeg;https://media.app.artisio.co/media/3fc437c0-fdbb-4208-955a-90293eab416d/inventory/c980d758-7748-4f71-9259-ab7ae2162159/753d39bc-e7bd-4f09-ad66-448b6877a256/0001_vXdHZI_sm.jpeg;https://media.app.artisio.co/media/3fc437c0-fdbb-4208-955a-90293eab416d/inventory/c980d758-7748-4f71-9259-ab7ae2162159/01afd29f-51d0-4cdf-a0a0-3c9f1d371cb7/0002_dUNgUE_sm.jpeg;https://media.app.artisio.co/media/3fc437c0-fdbb-4208-955a-90293eab416d/inventory/c980d758-7748-4f71-9259-ab7ae2162159/26011e6a-dbd2-4b81-be87-e51b91fdf36c/0003_zYxccX_sm.jpeg;https://media.app.artisio.co/media/3fc437c0-fdbb-4208-955a-90293eab416d/inventory/c980d758-7748-4f71-9259-ab7ae2162159/50428c91-f088-4233-bc8b-d53fba779109/0004_Hjlvne_sm.jpeg;https://media.app.artisio.co/media/3fc437c0-fdbb-4208-955a-90293eab416d/inventory/c980d758-7748-4f71-9259-ab7ae2162159/fd20d43d-4dce-429b-b81a-a94a48217d8d/0005_kkOlbV_sm.jpeg;https://media.app.artisio.co/media/3fc437c0-fdbb-4208-955a-90293eab416d/inventory/c980d758-7748-4f71-9259-ab7ae2162159/edb62c33-4a0f-443b-9f1b-81d389c30926/0006_LfAhyp_sm.jpeg,7,"{""artist_retail_right"": false, ""comments"": null, ""condition"": null, ""condition_report"": null, ""description"": ""<p>Round plain model, partly gadrooned, on round foot with conforming decoration. Makers' mark illegible, London, 1758. 925/1000.&nbsp;</p>"", ""dimensions"": ""D. ca 23 cm, H. ca 13 cm. "", ""footnote"": null, ""header"": null, ""internal_reference"": null, ""literature"": null, ""origin_exhibition_lite"": null, ""painter_artist_school"": null, ""period"": null, ""title"": ""An English silver punch bowl, London 1758"", ""total"": null, ""weight_size_quality"": ""Ca. 665 grams""}"
241494a9-0e5a-4760-a9b2-c1d9c67f191a,13010,26-0176/25,67d3691b-0d4a-4615-9e5c-fbf4dfd989e8,723,Vendue Next Door Part 2 Premium | september,Premium zilver,"A pair of Dutch silver salt cellars with blue glass liners, Corn. Milborn, Middelburg","A pair of Dutch silver salt cellars with blue glass liners, Corn. Milborn, Middelburg","<h3>Dimensions</h3>D. ca 6 and H. ca 5 cm<h3>Condition Report</h3><p>One support with repairwork, one glass liner not original</p><h3>Weight / Size / Quality</h3>Ca 82 grams together",published,EUR,200.0,300.0,100.0,100.0,,1,0,,,True,"Mon, 31 Aug 2026 08:00:00 GMT","Tue, 08 Sep 2026 17:27:00 GMT",https://media.app.artisio.co/media/3fc437c0-fdbb-4208-955a-90293eab416d/inventory/09fb4f9f-07cc-49db-87f8-5d8449e220ce/6ff3ca3e-4819-437b-993c-c32729b08d69/0001_bEZFzn_sm.jpeg;https://media.app.artisio.co/media/3fc437c0-fdbb-4208-955a-90293eab416d/inventory/09fb4f9f-07cc-49db-87f8-5d8449e220ce/55118359-e122-48e0-9272-7f6a9d9aa2f6/0002_uOrlhm_sm.jpeg;https://media.app.artisio.co/media/3fc437c0-fdbb-4208-955a-90293eab416d/inventory/09fb4f9f-07cc-49db-87f8-5d8449e220ce/fe47c171-9780-4852-976d-a749e942c435/0003_cdXnfh_sm.jpeg;https://media.app.artisio.co/media/3fc437c0-fdbb-4208-955a-90293eab416d/inventory/09fb4f9f-07cc-49db-87f8-5d8449e220ce/3268fc11-3d7a-420b-a478-f7513b248906/0004_CBfzKa_sm.jpeg,4,"{""artist_retail_right"": false, ""comments"": null, ""condition"": null, ""condition_report"": ""<p>One support with repairwork, one glass liner not original</p>"", ""description"": null, ""dimensions"": ""D. ca 6 and H. ca 5 cm"", ""footnote"": null, ""header"": null, ""internal_reference"": null, ""literature"": null, ""origin_exhibition_lite"": null, ""painter_artist_school"": null, ""period"": null, ""title"": ""A pair of Dutch silver salt cellars with blue glass liners, Corn. Milborn, Middelburg"", ""total"": null, ""weight_size_quality"": ""Ca 82 grams together""}"
17b9134f-7a77-4520-9a1e-e540f189eb9b,13011,26-0176/27,67d3691b-0d4a-4615-9e5c-fbf4dfd989e8,723,Vendue Next Door Part 2 Premium | september,Premium zilver,An English silver set of a sugar caster and a milk jug in fitted canteen,An English silver set of a sugar caster and a milk jug in fitted canteen,"<h3>Description</h3><p>Plain panelled and incurved model, the detachable conforming cover with stylised openwork and vase finial. The plain panelled jug with C-scroll handle. Maker William Neale and Sons Ltd. Jubilee hallmark of 1934. 925/1000. The canteen of retailer Bright and Sons, Scarborough.</p><h3>Dimensions</h3>H. ca 16 and 9,5 cm<h3>Weight / Size / Quality</h3>Ca 148 and 145 grams",published,EUR,200.0,300.0,200.0,200.0,400.0,1,0,,,True,"Mon, 31 Aug 2026 08:00:00 GMT","Tue, 08 Sep 2026 17:27:00 GMT",https://media.app.artisio.co/media/3fc437c0-fdbb-4208-955a-90293eab416d/inventory/f183a9ce-e9d4-4113-a80d-30ad69ad6e75/423c9edd-ec96-44c3-8995-c8feea96f3ea/0001_dFkEbm_sm.jpeg;https://media.app.artisio.co/media/3fc437c0-fdbb-4208-955a-90293eab416d/inventory/f183a9ce-e9d4-4113-a80d-30ad69ad6e75/34cf56a8-07db-4cee-8e94-1d88fd0bcd4d/0002_ubdhQc_sm.jpeg;https://media.app.artisio.co/media/3fc437c0-fdbb-4208-955a-90293eab416d/inventory/f183a9ce-e9d4-4113-a80d-30ad69ad6e75/1cc85bb1-79a1-4dc7-9a0d-9caf03c00984/0003_psKrpd_sm.jpeg;https://media.app.artisio.co/media/3fc437c0-fdbb-4208-955a-90293eab416d/inventory/f183a9ce-e9d4-4113-a80d-30ad69ad6e75/86f767dc-764a-478a-8213-eee1816f6bb9/0004_jYiXsm_sm.jpeg;https://media.app.artisio.co/media/3fc437c0-fdbb-4208-955a-90293eab416d/inventory/f183a9ce-e9d4-4113-a80d-30ad69ad6e75/c5babafd-d3de-4f18-838c-43596f82dad4/0005_jMJrlj_sm.jpeg;https://media.app.artisio.co/media/3fc437c0-fdbb-4208-955a-90293eab416d/inventory/f183a9ce-e9d4-4113-a80d-30ad69ad6e75/1f67172e-02d0-4e3c-bf21-af09322d54a6/0006_EBHpuU_sm.jpeg,6,"{""artist_retail_right"": false, ""comments"": null, ""condition"": null, ""condition_report"": null, ""description"": ""<p>Plain panelled and incurved model, the detachable conforming cover with stylised openwork and vase finial. The plain panelled jug with C-scroll handle. Maker William Neale and Sons Ltd. Jubilee hallmark of 1934. 925/1000. The canteen of retailer Bright and Sons, Scarborough.</p>"", ""dimensions"": ""H. ca 16 and 9,5 cm"", ""footnote"": null, ""header"": null, ""internal_reference"": null, ""literature"": null, ""origin_exhibition_lite"": null, ""painter_artist_school"": null, ""period"": null, ""title"": ""An English silver set of a sugar caster and a milk jug in fitted canteen"", ""total"": null, ""weight_size_quality"": ""Ca 148 and 145 grams""}"
c4399c66-25a3-4e0a-918c-f3e94e177dfe,13012,26-0055/107,67d3691b-0d4a-4615-9e5c-fbf4dfd989e8,723,Vendue Next Door Part 2 Premium | september,Premium zilver,A rectangular Dutch silver tray,A rectangular Dutch silver tray,"<h3>Description</h3><p>Rectangular with beaded border above openwork of ovolos interspersed by flower heads, on four claw and ball feet. Maker P. Spoelstra, 1901-1919, also struck with assay masters' mark of Leeuwarden. 835/1000.</p><h3>Dimensions</h3>Ca 36x26x4 cm<h3>Weight / Size / Quality</h3>Ca 1170 gram",published,EUR,800.0,1200.0,700.0,700.0,,1,0,,,True,"Mon, 31 Aug 2026 08:00:00 GMT","Tue, 08 Sep 2026 17:27:00 GMT",https://media.app.artisio.co/media/3fc437c0-fdbb-4208-955a-90293eab416d/inventory/6fcaf1a6-7e30-4acc-a4c5-05ed39987f7a/525474aa-bbf5-43dc-afd7-8f756ad84d18/0001_ZUIzmr_sm.jpeg;https://media.app.artisio.co/media/3fc437c0-fdbb-4208-955a-90293eab416d/inventory/6fcaf1a6-7e30-4acc-a4c5-05ed39987f7a/1e796479-5eae-45eb-84c9-78eca35dff1c/0002_uvsbWJ_sm.jpeg;https://media.app.artisio.co/media/3fc437c0-fdbb-4208-955a-90293eab416d/inventory/6fcaf1a6-7e30-4acc-a4c5-05ed39987f7a/3e35ce32-11d1-4456-a677-d034fc4d0ac3/0003_IdNYJo_sm.jpeg;https://media.app.artisio.co/media/3fc437c0-fdbb-4208-955a-90293eab416d/inventory/6fcaf1a6-7e30-4acc-a4c5-05ed39987f7a/51ea913d-a766-4111-a20d-97ac3e80d701/0004_MRxOlH_sm.jpeg;https://media.app.artisio.co/media/3fc437c0-fdbb-4208-955a-90293eab416d/inventory/6fcaf1a6-7e30-4acc-a4c5-05ed39987f7a/eb2e4db4-2fa0-4757-a30f-608f24f0e90a/0005_wKupfQ_sm.jpeg,5,"{""artist_retail_right"": false, ""comments"": null, ""condition"": null, ""condition_report"": null, ""description"": ""<p>Rectangular with beaded border above openwork of ovolos interspersed by flower heads, on four claw and ball feet. Maker P. Spoelstra, 1901-1919, also struck with assay masters' mark of Leeuwarden. 835/1000.</p>"", ""dimensions"": ""Ca 36x26x4 cm"", ""footnote"": null, ""header"": null, ""internal_reference"": null, ""literature"": null, ""origin_exhibition_lite"": null, ""painter_artist_school"": null, ""period"": null, ""title"": ""A rectangular Dutch silver tray"", ""total"": null, ""weight_size_quality"": ""Ca 1170 gram""}"
d9e0db06-62b9-4b0d-b150-644fd6e743cf,13013,25-2391/42,67d3691b-0d4a-4615-9e5c-fbf4dfd989e8,723,Vendue Next Door Part 2 Premium | september,Premium zilver,A German ormolu and mother of pearl box,A German ormolu and mother of pearl box,"<h3>Description</h3><p>Cartouche shaped with engraving of trellis, shell and floral decoration. The hinged cover depicting the conversion of Paul. The underside with engraving of armor, arrow bundle, shield and banners. Germany first half of 18th century.</p><h3>Dimensions</h3>L 7.5 x 5.8 cm, H 3.5 cm",published,EUR,300.0,500.0,100.0,100.0,,1,1,100.0,100.0,True,"Mon, 31 Aug 2026 08:00:00 GMT","Tue, 08 Sep 2026 17:27:00 GMT",https://media.app.artisio.co/media/3fc437c0-fdbb-4208-955a-90293eab416d/inventory/9988f27c-602b-431d-95ee-dc7b6b14d77d/eaf45787-269b-4bc4-b04a-821baa9715aa/0001_PPMBIn_sm.jpeg;https://media.app.artisio.co/media/3fc437c0-fdbb-4208-955a-90293eab416d/inventory/9988f27c-602b-431d-95ee-dc7b6b14d77d/f6254844-fcb1-4daf-9422-320d3653a236/0002_OXbOEf_sm.jpeg;https://media.app.artisio.co/media/3fc437c0-fdbb-4208-955a-90293eab416d/inventory/9988f27c-602b-431d-95ee-dc7b6b14d77d/cb9e41de-16df-45cd-b633-63d5b6269124/0003_dqpEQB_sm.jpeg;https://media.app.artisio.co/media/3fc437c0-fdbb-4208-955a-90293eab416d/inventory/9988f27c-602b-431d-95ee-dc7b6b14d77d/43baa16a-e62d-4a0b-aaf2-68caff9c08a9/0004_HwisRy_sm.jpeg,4,"{""artist_retail_right"": false, ""comments"": null, ""condition"": null, ""condition_report"": null, ""description"": ""<p>Cartouche shaped with engraving of trellis, shell and floral decoration. The hinged cover depicting the conversion of Paul. The underside with engraving of armor, arrow bundle, shield and banners. Germany first half of 18th century.</p>"", ""dimensions"": ""L 7.5 x 5.8 cm, H 3.5 cm"", ""footnote"": null, ""header"": null, ""internal_reference"": null, ""literature"": null, ""origin_exhibition_lite"": null, ""painter_artist_school"": null, ""period"": null, ""title"": ""A German ormolu and mother of pearl box"", ""total"": null, ""weight_size_quality"": null}"
6273e032-a731-4d27-8226-28babc0c826d,13014,26-0133/38,67d3691b-0d4a-4615-9e5c-fbf4dfd989e8,723,Vendue Next Door Part 2 Premium | september,Premium zilver,Een paar zilveren kandelaars,Een paar zilveren kandelaars,"<h3>Description</h3><p>Een set van twee kolomkandelaars, gedecoreerd met cannelures, op gevulde voet, beide met inscriptie. Maker: Fa. J.M. van Kempen en Zn., Voorschoten, 1917, 835/1000.&nbsp;</p><h3>Dimensions</h3>H. ca 13.5 cm.<h3>Weight / Size / Quality</h3>Brutogewicht ca 390 gram.",published,EUR,200.0,400.0,200.0,200.0,,1,0,,,True,"Mon, 31 Aug 2026 08:00:00 GMT","Tue, 08 Sep 2026 17:27:00 GMT",https://media.app.artisio.co/media/3fc437c0-fdbb-4208-955a-90293eab416d/inventory/ab53e696-305c-42cb-b06a-fdca583cd66f/191a5c1e-2d81-491c-bf57-d39095f350df/0001_oZEJMh_sm.jpeg;https://media.app.artisio.co/media/3fc437c0-fdbb-4208-955a-90293eab416d/inventory/ab53e696-305c-42cb-b06a-fdca583cd66f/1f3ebced-381e-4c45-8a57-038e54bf5ca2/0002_HWVUfG_sm.jpeg;https://media.app.artisio.co/media/3fc437c0-fdbb-4208-955a-90293eab416d/inventory/ab53e696-305c-42cb-b06a-fdca583cd66f/df913eeb-0811-4cd4-9911-39052cdb6d48/0003_sOVcdE_sm.jpeg,3,"{""artist_retail_right"": false, ""comments"": null, ""condition"": null, ""condition_report"": null, ""description"": ""<p>Een set van twee kolomkandelaars, gedecoreerd met cannelures, op gevulde voet, beide met inscriptie. Maker: Fa. J.M. van Kempen en Zn., Voorschoten, 1917, 835/1000.&nbsp;</p>"", ""dimensions"": ""H. ca 13.5 cm. "", ""footnote"": null, ""header"": null, ""internal_reference"": null, ""literature"": null, ""origin_exhibition_lite"": null, ""painter_artist_school"": null, ""period"": null, ""title"": ""Een paar zilveren kandelaars"", ""total"": null, ""weight_size_quality"": ""Brutogewicht ca 390 gram. ""}"
5d1280e0-1c54-416b-9883-3da7c940b2f6,13015,26-0133/39,67d3691b-0d4a-4615-9e5c-fbf4dfd989e8,723,Vendue Next Door Part 2 Premium | september,Premium zilver,Een zilveren trekpotje,Een zilveren trekpotje,"<h3>Description</h3><p>Glad ‘platte kaas’ model met houten greep en knop en op ronde voet. Maker Sybren Bokma. Leeuwarden, 1864, 835/1000.</p><h3>Dimensions</h3>Ca 22.5x12x9 cm.<h3>Weight / Size / Quality</h3>Brutogewicht ca 250 gram.",published,EUR,200.0,300.0,200.0,200.0,,1,0,,,True,"Mon, 31 Aug 2026 08:00:00 GMT","Tue, 08 Sep 2026 17:27:00 GMT",https://media.app.artisio.co/media/3fc437c0-fdbb-4208-955a-90293eab416d/inventory/9fe77e3b-33c0-473c-a43e-3ba411dbf221/feea7b7b-4605-4dc2-8938-11103c6ee0f9/0001_mGWOVU_sm.jpeg;https://media.app.artisio.co/media/3fc437c0-fdbb-4208-955a-90293eab416d/inventory/9fe77e3b-33c0-473c-a43e-3ba411dbf221/194913ff-85a6-4b3d-a1a3-6ed610d91854/0002_azkWVc_sm.jpeg;https://media.app.artisio.co/media/3fc437c0-fdbb-4208-955a-90293eab416d/inventory/9fe77e3b-33c0-473c-a43e-3ba411dbf221/c29e3ffb-c244-4c32-be41-6b8561bacd77/0003_tJVjLL_sm.jpeg,3,"{""artist_retail_right"": false, ""comments"": null, ""condition"": null, ""condition_report"": null, ""description"": ""<p>Glad ‘platte kaas’ model met houten greep en knop en op ronde voet. Maker Sybren Bokma. Leeuwarden, 1864, 835/1000.</p>"", ""dimensions"": ""Ca 22.5x12x9 cm. "", ""footnote"": null, ""header"": null, ""internal_reference"": null, ""literature"": null, ""origin_exhibition_lite"": null, ""painter_artist_school"": null, ""period"": null, ""title"": ""Een zilveren trekpotje"", ""total"": null, ""weight_size_quality"": ""Brutogewicht ca 250 gram. ""}"
764595e8-dce2-4f3a-a275-12d6d2be825a,13016,26-0133/40,67d3691b-0d4a-4615-9e5c-fbf4dfd989e8,723,Vendue Next Door Part 2 Premium | september,Premium zilver,Een zilveren vaas,Een zilveren vaas,"<h3>Description</h3><p>Glad, rond model, de bodem afgezet met kabelrand. Maker Wolfers Frères, Brussel, 1e helft 20e eeuw, winkelierskeur Rikkoert Schoonhoven, 835/1000.&nbsp;</p><h3>Dimensions</h3>H. ca 12.5 cm.<h3>Weight / Size / Quality</h3>Gewicht ca 225 gram.",published,EUR,200.0,300.0,200.0,200.0,,1,0,,,True,"Mon, 31 Aug 2026 08:00:00 GMT","Tue, 08 Sep 2026 17:27:00 GMT",https://media.app.artisio.co/media/3fc437c0-fdbb-4208-955a-90293eab416d/inventory/d3705de7-0471-4fe8-8d22-8a2148f678f2/ac4eaa57-68b9-4789-8289-935dd308d7c0/0001_uyODGl_sm.jpeg;https://media.app.artisio.co/media/3fc437c0-fdbb-4208-955a-90293eab416d/inventory/d3705de7-0471-4fe8-8d22-8a2148f678f2/7d8f3048-155a-4734-b5f8-66cea30d92f7/0002_MjajyC_sm.jpeg;https://media.app.artisio.co/media/3fc437c0-fdbb-4208-955a-90293eab416d/inventory/d3705de7-0471-4fe8-8d22-8a2148f678f2/80aa2802-61f6-43cc-b8de-69593ee0f3ca/0003_fZdsoi_sm.jpeg,3,"{""artist_retail_right"": false, ""comments"": null, ""condition"": null, ""condition_report"": null, ""description"": ""<p>Glad, rond model, de bodem afgezet met kabelrand. Maker Wolfers Frères, Brussel, 1e helft 20e eeuw, winkelierskeur Rikkoert Schoonhoven, 835/1000.&nbsp;</p>"", ""dimensions"": ""H. ca 12.5 cm. "", ""footnote"": null, ""header"": null, ""internal_reference"": null, ""literature"": null, ""origin_exhibition_lite"": null, ""painter_artist_school"": null, ""period"": null, ""title"": ""Een zilveren vaas"", ""total"": null, ""weight_size_quality"": ""Gewicht ca 225 gram.""}"
076d8ad7-2cde-48d2-8f6e-acb6b5da65e4,13017,26-0133/41,67d3691b-0d4a-4615-9e5c-fbf4dfd989e8,723,Vendue Next Door Part 2 Premium | september,Premium zilver,Een zilveren en agaat visschep,Een zilveren en agaat visschep,"<h3>Description</h3><p>De opengewerkte schep met gegraveerd motief van een vis en voluten, de greep van gesneden streepagaat. Maker Wed. Adrianus P. Kuijlenburg, 1884, 835/1000.</p><h3>Dimensions</h3>L. 35 cm.<h3>Weight / Size / Quality</h3>Brutogewicht ca 195 gram.",published,EUR,200.0,300.0,100.0,100.0,,1,1,100.0,100.0,True,"Mon, 31 Aug 2026 08:00:00 GMT","Tue, 08 Sep 2026 17:30:00 GMT",https://media.app.artisio.co/media/3fc437c0-fdbb-4208-955a-90293eab416d/inventory/02b5c1ba-4d18-41b7-a0a5-f05f9e586906/e2bc5103-ef09-46ba-897e-1961e41b92fd/0001_eDgQKQ_sm.jpeg;https://media.app.artisio.co/media/3fc437c0-fdbb-4208-955a-90293eab416d/inventory/02b5c1ba-4d18-41b7-a0a5-f05f9e586906/e9b4bbee-57b2-4189-a7ca-61afe4718f60/0002_iJSmHn_sm.jpeg;https://media.app.artisio.co/media/3fc437c0-fdbb-4208-955a-90293eab416d/inventory/02b5c1ba-4d18-41b7-a0a5-f05f9e586906/68290a58-f8b8-4e72-b1c7-4b4faaf75455/0003_tKoAsj_sm.jpeg,3,"{""artist_retail_right"": false, ""comments"": null, ""condition"": null, ""condition_report"": null, ""description"": ""<p>De opengewerkte schep met gegraveerd motief van een vis en voluten, de greep van gesneden streepagaat. Maker Wed. Adrianus P. Kuijlenburg, 1884, 835/1000.</p>"", ""dimensions"": ""L. 35 cm. "", ""footnote"": null, ""header"": null, ""internal_reference"": null, ""literature"": null, ""origin_exhibition_lite"": null, ""painter_artist_school"": null, ""period"": null, ""title"": ""Een zilveren en agaat visschep"", ""total"": null, ""weight_size_quality"": ""Brutogewicht ca 195 gram.""}"
11b07d07-b794-44e6-b201-beae78e48f81,13018,26-0133/44,67d3691b-0d4a-4615-9e5c-fbf4dfd989e8,723,Vendue Next Door Part 2 Premium | september,Premium zilver,Een zilveren theepotje,Een zilveren theepotje,"<h3>Description</h3><p>Glad eivormig model, afgezet met parelranden. Maker J.M. van Kempen & Zonen, Voorschoten, 1897, 835/1000.</p><h3>Dimensions</h3>Ca 17x10x13 cm.<h3>Weight / Size / Quality</h3>Gewicht ca 300 gram",published,EUR,200.0,300.0,200.0,200.0,,1,0,,,True,"Mon, 31 Aug 2026 08:00:00 GMT","Tue, 08 Sep 2026 17:30:00 GMT",https://media.app.artisio.co/media/3fc437c0-fdbb-4208-955a-90293eab416d/inventory/b83918c3-0991-43bc-86dc-717b36dc756c/dc9c4965-5f27-41b7-b954-c4d2b58a01d0/0001_xwHhtu_sm.jpeg;https://media.app.artisio.co/media/3fc437c0-fdbb-4208-955a-90293eab416d/inventory/b83918c3-0991-43bc-86dc-717b36dc756c/f6c802b8-2908-407f-b0ef-60e60e0ef2ab/0002_VTAoNj_sm.jpeg;https://media.app.artisio.co/media/3fc437c0-fdbb-4208-955a-90293eab416d/inventory/b83918c3-0991-43bc-86dc-717b36dc756c/b5a15144-30ff-466e-aea0-51ec46c8e99d/0003_IEnYgG_sm.jpeg,3,"{""artist_retail_right"": false, ""comments"": null, ""condition"": null, ""condition_report"": null, ""description"": ""<p>Glad eivormig model, afgezet met parelranden. Maker J.M. van Kempen & Zonen, Voorschoten, 1897, 835/1000.</p>"", ""dimensions"": ""Ca 17x10x13 cm. "", ""footnote"": null, ""header"": null, ""internal_reference"": null, ""literature"": null, ""origin_exhibition_lite"": null, ""painter_artist_school"": null, ""period"": null, ""title"": ""Een zilveren theepotje"", ""total"": null, ""weight_size_quality"": ""Gewicht ca 300 gram""}"
85b047f7-963e-40f6-b1d8-e8bbb9625f6a,13019,26-0338/47,67d3691b-0d4a-4615-9e5c-fbf4dfd989e8,723,Vendue Next Door Part 2 Premium | september,Premium zilver,Een zilveren vijfdelig servies op blad,Een zilveren vijfdelig servies op blad,"<h3>Description</h3><p>Bol glad model met parelrand op ovaal blad. Bestaande uit een koffiepot, theepot, melkkan, suikerbak met hengsel en een komfoor met brander. Fa. Aubert, Voorburg/Den Haag, Jaren '60.</p><h3>Dimensions</h3>H. potten ca 23 en 17 cm, blad ca 37,5x28 cm<h3>Weight / Size / Quality</h3>Ca 2542 gram",published,EUR,1800.0,2200.0,1800.0,1800.0,,1,0,,,True,"Mon, 31 Aug 2026 08:00:00 GMT","Tue, 08 Sep 2026 17:30:00 GMT",https://media.app.artisio.co/media/3fc437c0-fdbb-4208-955a-90293eab416d/inventory/e24fb7d0-40d9-4e4f-b17c-f49363648394/64e15ae1-0cb2-4b74-a041-51db9df2c51e/0001_AlWpNm_sm.jpeg;https://media.app.artisio.co/media/3fc437c0-fdbb-4208-955a-90293eab416d/inventory/e24fb7d0-40d9-4e4f-b17c-f49363648394/ea97ba72-74c3-429e-bf62-b2d112912fa0/0002_yyGkhc_sm.jpeg;https://media.app.artisio.co/media/3fc437c0-fdbb-4208-955a-90293eab416d/inventory/e24fb7d0-40d9-4e4f-b17c-f49363648394/6c164d20-9ceb-473a-b59e-03390a7179f8/0003_eMPUAx_sm.jpeg;https://media.app.artisio.co/media/3fc437c0-fdbb-4208-955a-90293eab416d/inventory/e24fb7d0-40d9-4e4f-b17c-f49363648394/c6eb0b50-9041-4c93-bf7c-13f1a9f88007/0004_xXTtCn_sm.jpeg;https://media.app.artisio.co/media/3fc437c0-fdbb-4208-955a-90293eab416d/inventory/e24fb7d0-40d9-4e4f-b17c-f49363648394/1059e60c-ccaf-4d36-ad0a-27461902da59/0005_BCqNIZ_sm.jpeg,5,"{""artist_retail_right"": false, ""comments"": null, ""condition"": null, ""condition_report"": null, ""description"": ""<p>Bol glad model met parelrand op ovaal blad. Bestaande uit een koffiepot, theepot, melkkan, suikerbak met hengsel en een komfoor met brander. Fa. Aubert, Voorburg/Den Haag, Jaren '60.</p>"", ""dimensions"": ""H. potten ca 23 en 17 cm, blad ca 37,5x28 cm"", ""footnote"": null, ""header"": null, ""internal_reference"": null, ""literature"": null, ""origin_exhibition_lite"": null, ""painter_artist_school"": null, ""period"": null, ""title"": ""Een zilveren vijfdelig servies op blad"", ""total"": null, ""weight_size_quality"": ""Ca 2542 gram""}"
ebdda245-3ff0-46cd-b812-9bb0810d98d9,13020,26-0133/47,67d3691b-0d4a-4615-9e5c-fbf4dfd989e8,723,Vendue Next Door Part 2 Premium | september,Premium zilver,Drie grotere zilveren miniaturen ,Drie grotere zilveren miniaturen ,"<h3>Description</h3><p>Bestaande uit een bufferkast, een molen en een klok, diverse makers en jaren, 835/1000.&nbsp;</p><h3>Dimensions</h3>Molen H. ca 14 cm.<h3>Weight / Size / Quality</h3>Gewicht ca 390 gram",published,EUR,300.0,500.0,300.0,300.0,,1,1,300.0,300.0,True,"Mon, 31 Aug 2026 08:00:00 GMT","Tue, 08 Sep 2026 17:30:00 GMT",https://media.app.artisio.co/media/3fc437c0-fdbb-4208-955a-90293eab416d/inventory/db3ba992-759f-4917-ba72-24879d2532c1/20568bd1-1671-4584-a97e-102d2196d3ea/0001_CNvRIg_sm.jpeg;https://media.app.artisio.co/media/3fc437c0-fdbb-4208-955a-90293eab416d/inventory/db3ba992-759f-4917-ba72-24879d2532c1/a8ac1f64-1135-4de4-b385-234866daced3/0002_Zqesfw_sm.jpeg;https://media.app.artisio.co/media/3fc437c0-fdbb-4208-955a-90293eab416d/inventory/db3ba992-759f-4917-ba72-24879d2532c1/747fa834-1cfb-4407-ae23-b3ea5ffd2eec/0003_OgbIWn_sm.jpeg;https://media.app.artisio.co/media/3fc437c0-fdbb-4208-955a-90293eab416d/inventory/db3ba992-759f-4917-ba72-24879d2532c1/448251dc-eecb-402e-9e43-910c51625452/0004_BDozIY_sm.jpeg,4,"{""artist_retail_right"": false, ""comments"": null, ""condition"": null, ""condition_report"": null, ""description"": ""<p>Bestaande uit een bufferkast, een molen en een klok, diverse makers en jaren, 835/1000.&nbsp;</p>"", ""dimensions"": ""Molen H. ca 14 cm. "", ""footnote"": null, ""header"": null, ""internal_reference"": null, ""literature"": null, ""origin_exhibition_lite"": null, ""painter_artist_school"": null, ""period"": null, ""title"": ""Drie grotere zilveren miniaturen "", ""total"": null, ""weight_size_quality"": ""Gewicht ca 390 gram""}"
59350fc8-de5e-4f77-a377-51795038bfae,13021,26-0133/48,67d3691b-0d4a-4615-9e5c-fbf4dfd989e8,723,Vendue Next Door Part 2 Premium | september,Premium zilver,Een zilveren miniatuur: komfoor,Een zilveren miniatuur: komfoor,"<h3>Description</h3><p>Maker Arnoldus van Geffen, Amsterdam, H=1742.&nbsp;</p><h3>Dimensions</h3>D. ca 4 cm.<h3>Weight / Size / Quality</h3>Gewicht ca 40 gram.",published,EUR,300.0,500.0,200.0,200.0,,1,0,,,True,"Mon, 31 Aug 2026 08:00:00 GMT","Tue, 08 Sep 2026 17:30:00 GMT",https://media.app.artisio.co/media/3fc437c0-fdbb-4208-955a-90293eab416d/inventory/3dc10a57-d16a-47c5-92cc-dc1c65cb023e/924ee6fe-a214-4dc5-a804-b0c4150c4873/0001_rHEcwg_sm.jpeg;https://media.app.artisio.co/media/3fc437c0-fdbb-4208-955a-90293eab416d/inventory/3dc10a57-d16a-47c5-92cc-dc1c65cb023e/e96f2f01-d945-45e9-930b-62bf3666b1b2/0002_CIShwl_sm.jpeg;https://media.app.artisio.co/media/3fc437c0-fdbb-4208-955a-90293eab416d/inventory/3dc10a57-d16a-47c5-92cc-dc1c65cb023e/cc74f6eb-e0fc-4cd3-a75e-4ef7608585f3/0003_oUFaJz_sm.jpeg;https://media.app.artisio.co/media/3fc437c0-fdbb-4208-955a-90293eab416d/inventory/3dc10a57-d16a-47c5-92cc-dc1c65cb023e/53dea861-4e6f-46ee-b003-7fdae86c9c96/0004_alvcLc_sm.jpeg,4,"{""artist_retail_right"": false, ""comments"": null, ""condition"": null, ""condition_report"": null, ""description"": ""<p>Maker Arnoldus van Geffen, Amsterdam, H=1742.&nbsp;</p>"", ""dimensions"": ""D. ca 4 cm. "", ""footnote"": null, ""header"": null, ""internal_reference"": null, ""literature"": null, ""origin_exhibition_lite"": null, ""painter_artist_school"": null, ""period"": null, ""title"": ""Een zilveren miniatuur: komfoor"", ""total"": null, ""weight_size_quality"": ""Gewicht ca 40 gram. ""}"
fb55ae25-cb41-4a91-86b3-485c690edd5f,13022,26-0338/48,67d3691b-0d4a-4615-9e5c-fbf4dfd989e8,723,Vendue Next Door Part 2 Premium | september,Premium zilver,Een zilveren vijflichts kandelaber in Lodewijk XIVe stijl,Een zilveren vijflichts kandelaber in Lodewijk XIVe stijl,"<h3>Description</h3><p>Met afneembaar deel van kandelaar, de armen van voluten. Met parelrand, decor van klokjesbloemen, guirlandes en bloemen in ovaal. Op vierkante getrapte voet. Met importkeur van D. Aubert, Den Haag/Voorburg. 835/1000.</p><h3>Dimensions</h3>H. ca 41,5 cm<h3>Weight / Size / Quality</h3>Met gevulde voet; ca 1723 gram",published,EUR,800.0,1200.0,800.0,800.0,,1,0,,,True,"Mon, 31 Aug 2026 08:00:00 GMT","Tue, 08 Sep 2026 17:30:00 GMT",https://media.app.artisio.co/media/3fc437c0-fdbb-4208-955a-90293eab416d/inventory/00f8e3c6-0907-4ef9-a658-32c9a03d1c89/84f2ee6f-fb42-4b0d-a674-a4c65f02873e/0001_PFlZES_sm.jpeg;https://media.app.artisio.co/media/3fc437c0-fdbb-4208-955a-90293eab416d/inventory/00f8e3c6-0907-4ef9-a658-32c9a03d1c89/8ad47f24-c11c-4440-bfbd-dac1a4e9e3cd/0002_xeZJVP_sm.jpeg;https://media.app.artisio.co/media/3fc437c0-fdbb-4208-955a-90293eab416d/inventory/00f8e3c6-0907-4ef9-a658-32c9a03d1c89/912aec7a-f11a-43f1-bdff-3a5c23b87ace/0003_opyOIq_sm.jpeg,3,"{""artist_retail_right"": false, ""comments"": null, ""condition"": null, ""condition_report"": null, ""description"": ""<p>Met afneembaar deel van kandelaar, de armen van voluten. Met parelrand, decor van klokjesbloemen, guirlandes en bloemen in ovaal. Op vierkante getrapte voet. Met importkeur van D. Aubert, Den Haag/Voorburg. 835/1000.</p>"", ""dimensions"": ""H. ca 41,5 cm"", ""footnote"": null, ""header"": """", ""internal_reference"": null, ""literature"": null, ""origin_exhibition_lite"": null, ""painter_artist_school"": null, ""period"": null, ""title"": ""Een zilveren vijflichts kandelaber in Lodewijk XIVe stijl"", ""total"": null, ""weight_size_quality"": ""Met gevulde voet; ca 1723 gram""}"
9cb83ed6-842f-4094-ba69-7426aceee247,13023,26-0338/49,67d3691b-0d4a-4615-9e5c-fbf4dfd989e8,723,Vendue Next Door Part 2 Premium | september,Premium zilver,Twee kandelaars in twee maten,Twee kandelaars in twee maten,"<h3>Description</h3><p>Een vierkant glad geplooid model met tapse stam en ronde kaarshouder. Maker Kon. van Kempen en Begeer, Voorschoten, 1980. 925/1000.</p><h3>Dimensions</h3>H. ca 25,5 en 18,5 cm<h3>Weight / Size / Quality</h3>Ca 600 gram bruto, voeten zijn gevuld",published,EUR,400.0,600.0,400.0,400.0,,1,0,,,True,"Mon, 31 Aug 2026 08:00:00 GMT","Tue, 08 Sep 2026 17:30:00 GMT",https://media.app.artisio.co/media/3fc437c0-fdbb-4208-955a-90293eab416d/inventory/74c83244-67fb-4f60-9a16-3314137bb1e7/a888b5c3-523e-4b3a-83ac-ad9602212cde/0001_pZrkWC_sm.jpeg;https://media.app.artisio.co/media/3fc437c0-fdbb-4208-955a-90293eab416d/inventory/74c83244-67fb-4f60-9a16-3314137bb1e7/0ce66f83-f765-4250-91b8-a21dc69f2c27/0002_giCIPy_sm.jpeg;https://media.app.artisio.co/media/3fc437c0-fdbb-4208-955a-90293eab416d/inventory/74c83244-67fb-4f60-9a16-3314137bb1e7/12ac7a64-fe64-404c-a1b8-d8e0c7bc83d0/0003_xRKjdg_sm.jpeg;https://media.app.artisio.co/media/3fc437c0-fdbb-4208-955a-90293eab416d/inventory/74c83244-67fb-4f60-9a16-3314137bb1e7/94ce3477-9a72-4907-8bbd-e57309e34a87/0004_AiHGZJ_sm.jpeg,4,"{""artist_retail_right"": false, ""comments"": null, ""condition"": null, ""condition_report"": null, ""description"": ""<p>Een vierkant glad geplooid model met tapse stam en ronde kaarshouder. Maker Kon. van Kempen en Begeer, Voorschoten, 1980. 925/1000.</p>"", ""dimensions"": ""H. ca 25,5 en 18,5 cm"", ""footnote"": null, ""header"": null, ""internal_reference"": null, ""literature"": null, ""origin_exhibition_lite"": null, ""painter_artist_school"": null, ""period"": null, ""title"": ""Twee kandelaars in twee maten"", ""total"": null, ""weight_size_quality"": ""Ca 600 gram bruto, voeten zijn gevuld""}"
91a3c8da-557b-4712-a85f-932d422c45b5,13024,26-0338/50,67d3691b-0d4a-4615-9e5c-fbf4dfd989e8,723,Vendue Next Door Part 2 Premium | september,Premium zilver,Een Engels zilveren mosterdpot met blauw glas,Een Engels zilveren mosterdpot met blauw glas,"<h3>Description</h3><p>Rond en opengewerkt met bloemtakken en vogels tussen spijlen, het verhoogde deksel bekroond door een vogel op bladwerk. Maker Robert Frederick Fox, Londen, 1915. Hierbij een Engels lepeltje.&nbsp;</p><h3>Dimensions</h3>H. ca 8,5  en D. ca 6 cm<h3>Weight / Size / Quality</h3>Ca 121 gram",published,EUR,200.0,300.0,100.0,100.0,,1,1,100.0,100.0,True,"Mon, 31 Aug 2026 08:00:00 GMT","Tue, 08 Sep 2026 17:30:00 GMT",https://media.app.artisio.co/media/3fc437c0-fdbb-4208-955a-90293eab416d/inventory/fdfd53c8-7ac4-40a5-aec2-cb8c0975e3b8/151b5a80-baa6-4d7c-b24a-b3e9d7da2b6f/0001_MtDtoD_sm.jpeg;https://media.app.artisio.co/media/3fc437c0-fdbb-4208-955a-90293eab416d/inventory/fdfd53c8-7ac4-40a5-aec2-cb8c0975e3b8/7b6109cf-4763-4a77-abbe-98125f65aa26/0002_ozgkZY_sm.jpeg;https://media.app.artisio.co/media/3fc437c0-fdbb-4208-955a-90293eab416d/inventory/fdfd53c8-7ac4-40a5-aec2-cb8c0975e3b8/349aeced-2114-480d-8c8c-36d11e8dc8aa/0003_jVrNnP_sm.jpeg,3,"{""artist_retail_right"": false, ""comments"": null, ""condition"": null, ""condition_report"": null, ""description"": ""<p>Rond en opengewerkt met bloemtakken en vogels tussen spijlen, het verhoogde deksel bekroond door een vogel op bladwerk. Maker Robert Frederick Fox, Londen, 1915. Hierbij een Engels lepeltje.&nbsp;</p>"", ""dimensions"": ""H. ca 8,5  en D. ca 6 cm"", ""footnote"": null, ""header"": null, ""internal_reference"": null, ""literature"": null, ""origin_exhibition_lite"": null, ""painter_artist_school"": null, ""period"": null, ""title"": ""Een Engels zilveren mosterdpot met blauw glas"", ""total"": null, ""weight_size_quality"": ""Ca 121 gram""}"
9a5ee438-0c23-4304-8f12-4f688df34d29,13025,26-0338/54,67d3691b-0d4a-4615-9e5c-fbf4dfd989e8,723,Vendue Next Door Part 2 Premium | september,Premium zilver,"Drie zilveren tientjes, een vijfje, zeven rijksdaalders, twee guldens ","Drie zilveren tientjes, een vijfje, zeven rijksdaalders, twee guldens ","<h3>Description</h3><p>Resp. 3x1970, 2003, 1959, 1960, 2x1979, 3x 1980, 1 x 1980 en 1967. Twee muntlepels hierbij met onedele stelen.</p><h3>Weight / Size / Quality</h3>Ca 179 gram samen",published,EUR,200.0,300.0,200.0,200.0,,1,0,,,True,"Mon, 31 Aug 2026 08:00:00 GMT","Tue, 08 Sep 2026 17:30:00 GMT",https://media.app.artisio.co/media/3fc437c0-fdbb-4208-955a-90293eab416d/inventory/baaf4805-854c-4e01-a3ff-92d766fa4950/eda4c41a-52f8-4e6e-9ced-b48cdec93d9e/0001_gMpnMJ_sm.jpeg;https://media.app.artisio.co/media/3fc437c0-fdbb-4208-955a-90293eab416d/inventory/baaf4805-854c-4e01-a3ff-92d766fa4950/b1ae4423-4d77-4a6d-875d-1f0c539767ea/0002_unwbty_sm.jpeg,2,"{""artist_retail_right"": false, ""comments"": null, ""condition"": null, ""condition_report"": null, ""description"": ""<p>Resp. 3x1970, 2003, 1959, 1960, 2x1979, 3x 1980, 1 x 1980 en 1967. Twee muntlepels hierbij met onedele stelen.</p>"", ""dimensions"": null, ""footnote"": null, ""header"": null, ""internal_reference"": null, ""literature"": null, ""origin_exhibition_lite"": null, ""painter_artist_school"": null, ""period"": null, ""title"": ""Drie zilveren tientjes, een vijfje, zeven rijksdaalders, twee guldens "", ""total"": null, ""weight_size_quality"": ""Ca 179 gram samen""}"
ea0460bd-5ad7-4dc8-9a69-e6918b124010,13026,23-1190/7,67d3691b-0d4a-4615-9e5c-fbf4dfd989e8,723,Vendue Next Door Part 2 Premium | september,Premium zilver,"A silver offering bowl, Burma ","A silver offering bowl, Burma ","<h3>Period</h3>Early 20th century<h3>Description</h3><p>The round bowl embossed with Hinduistic figures. 835/1000. An additional smaller silverplated bowl.</p><h3>Dimensions</h3>H. ca 9,5 cm, D. 13 cm & H. 6 cm, D. 11 cm<h3>Weight / Size / Quality</h3>the silver bowl ca 365 grams",published,EUR,300.0,500.0,200.0,200.0,,1,1,200.0,200.0,True,"Mon, 31 Aug 2026 08:00:00 GMT","Tue, 08 Sep 2026 17:30:00 GMT",https://media.app.artisio.co/media/3fc437c0-fdbb-4208-955a-90293eab416d/inventory/55780120-8a7b-410b-a9a2-c7ae2b857362/e4678a94-bdd1-4caa-801e-98749b57d037/0001_MlgImy_sm.jpeg;https://media.app.artisio.co/media/3fc437c0-fdbb-4208-955a-90293eab416d/inventory/55780120-8a7b-410b-a9a2-c7ae2b857362/d2e4ca0b-33c5-4470-ba89-fa5db06a8654/0002_gKtseA_sm.jpeg;https://media.app.artisio.co/media/3fc437c0-fdbb-4208-955a-90293eab416d/inventory/55780120-8a7b-410b-a9a2-c7ae2b857362/f3b94562-bc2a-43b8-81fe-aecdf35efe42/0003_ShPDia_sm.jpeg;https://media.app.artisio.co/media/3fc437c0-fdbb-4208-955a-90293eab416d/inventory/55780120-8a7b-410b-a9a2-c7ae2b857362/0ba9f06d-031b-4c6d-820c-2bfa400238a9/0004_MpoVed_sm.jpeg,4,"{""artist_retail_right"": false, ""comments"": null, ""condition"": null, ""condition_report"": null, ""description"": ""<p>The round bowl embossed with Hinduistic figures. 835/1000. An additional smaller silverplated bowl.</p>"", ""dimensions"": ""H. ca 9,5 cm, D. 13 cm & H. 6 cm, D. 11 cm"", ""footnote"": null, ""header"": null, ""internal_reference"": null, ""literature"": null, ""origin_exhibition_lite"": null, ""painter_artist_school"": null, ""period"": ""Early 20th century"", ""title"": ""A silver offering bowl, Burma "", ""total"": null, ""weight_size_quality"": ""the silver bowl ca 365 grams""}"
c9e6ed14-aa32-446f-bda9-1213fa71afec,13027,23-1139/9,67d3691b-0d4a-4615-9e5c-fbf4dfd989e8,723,Vendue Next Door Part 2 Premium | september,Premium zilver,An Indonesian silver filigree carriage in display case,An Indonesian silver filigree carriage in display case,"<h3>Description</h3><p>A royal carriage drawn by six horses. 20th century. A gift from Sempati Air (until 1998), 925/1000.</p><h3>Dimensions</h3>Ca 7x15x45 cm (incl. display case, 20x58x14 cm)",published,EUR,200.0,300.0,100.0,100.0,,1,1,100.0,100.0,True,"Mon, 31 Aug 2026 08:00:00 GMT","Tue, 08 Sep 2026 17:30:00 GMT",https://media.app.artisio.co/media/3fc437c0-fdbb-4208-955a-90293eab416d/inventory/544893fe-8407-4f9d-85df-0ebec04cc4a0/311aba5a-4490-4fb4-86d9-453a35f983d7/0001_UqYRfs_sm.jpeg;https://media.app.artisio.co/media/3fc437c0-fdbb-4208-955a-90293eab416d/inventory/544893fe-8407-4f9d-85df-0ebec04cc4a0/8b00341d-fdce-4f25-b670-724c4b880e88/0002_JrGhGb_sm.jpeg;https://media.app.artisio.co/media/3fc437c0-fdbb-4208-955a-90293eab416d/inventory/544893fe-8407-4f9d-85df-0ebec04cc4a0/d609a61c-251a-40f2-a735-b1601702ac01/0003_TzahSK_sm.jpeg;https://media.app.artisio.co/media/3fc437c0-fdbb-4208-955a-90293eab416d/inventory/544893fe-8407-4f9d-85df-0ebec04cc4a0/51dd63c9-84dc-4a44-8d0d-b307174f93f6/0004_aurmDh_sm.jpeg;https://media.app.artisio.co/media/3fc437c0-fdbb-4208-955a-90293eab416d/inventory/544893fe-8407-4f9d-85df-0ebec04cc4a0/4c89be16-37b5-4197-be79-0fbcc318f132/0005_ZyLbbG_sm.jpeg;https://media.app.artisio.co/media/3fc437c0-fdbb-4208-955a-90293eab416d/inventory/544893fe-8407-4f9d-85df-0ebec04cc4a0/fe967fd9-ec6c-4f85-bbac-b08bc86c2d9f/0006_LRTriC_sm.jpeg,6,"{""artist_retail_right"": false, ""comments"": null, ""condition"": null, ""condition_report"": null, ""description"": ""<p>A royal carriage drawn by six horses. 20th century. A gift from Sempati Air (until 1998), 925/1000.</p>"", ""dimensions"": ""Ca 7x15x45 cm (incl. display case, 20x58x14 cm)"", ""footnote"": null, ""header"": null, ""internal_reference"": null, ""literature"": null, ""origin_exhibition_lite"": null, ""painter_artist_school"": null, ""period"": null, ""title"": ""An Indonesian silver filigree carriage in display case"", ""total"": null, ""weight_size_quality"": null}"
d72b44b0-f1a7-4aba-9cf0-86ec6ce14476,13028,23-1139/10,67d3691b-0d4a-4615-9e5c-fbf4dfd989e8,723,Vendue Next Door Part 2 Premium | september,Premium zilver,An Indonesian silver filigree model of a Fokker airplane in display case,An Indonesian silver filigree model of a Fokker airplane in display case,"<h3>Description</h3><p>The aircraft model of filigree threadwork, &nbsp;A gift from Sempati Air (1970 until 1998), 20th century. 925/1000.</p><h3>Dimensions</h3>Ca. 10x25x17 cm (incl. display case, 14x28x18 cm)",published,EUR,200.0,300.0,100.0,100.0,,1,1,100.0,100.0,True,"Mon, 31 Aug 2026 08:00:00 GMT","Tue, 08 Sep 2026 17:30:00 GMT",https://media.app.artisio.co/media/3fc437c0-fdbb-4208-955a-90293eab416d/inventory/7bd78f7a-5819-47c5-abb0-6b0e875b2ba2/827ca85b-c74d-4d23-87b0-673b7dfeb659/0001_cEVgfe_sm.jpeg;https://media.app.artisio.co/media/3fc437c0-fdbb-4208-955a-90293eab416d/inventory/7bd78f7a-5819-47c5-abb0-6b0e875b2ba2/37e197d7-3109-46f0-a4cd-514391c4f10c/0002_KIrbaf_sm.jpeg;https://media.app.artisio.co/media/3fc437c0-fdbb-4208-955a-90293eab416d/inventory/7bd78f7a-5819-47c5-abb0-6b0e875b2ba2/18c75e94-eb1f-4b25-8a37-4086cbc33cdf/0003_JibafD_sm.jpeg;https://media.app.artisio.co/media/3fc437c0-fdbb-4208-955a-90293eab416d/inventory/7bd78f7a-5819-47c5-abb0-6b0e875b2ba2/ecac628b-71fd-4d50-875a-79295e77ca1b/0004_McwGrP_sm.jpeg;https://media.app.artisio.co/media/3fc437c0-fdbb-4208-955a-90293eab416d/inventory/7bd78f7a-5819-47c5-abb0-6b0e875b2ba2/4f062acb-7ca6-4e24-97c2-88c9da889193/0005_BYUbTx_sm.jpeg,5,"{""artist_retail_right"": false, ""comments"": null, ""condition"": null, ""condition_report"": null, ""description"": ""<p>The aircraft model of filigree threadwork, &nbsp;A gift from Sempati Air (1970 until 1998), 20th century. 925/1000.</p>"", ""dimensions"": ""Ca. 10x25x17 cm (incl. display case, 14x28x18 cm)"", ""footnote"": null, ""header"": null, ""internal_reference"": null, ""literature"": null, ""origin_exhibition_lite"": null, ""painter_artist_school"": null, ""period"": null, ""title"": ""An Indonesian silver filigree model of a Fokker airplane in display case"", ""total"": null, ""weight_size_quality"": null}"
64114e57-4b3a-4641-b06c-aed78f1f02a0,13029,2022-1155/2,67d3691b-0d4a-4615-9e5c-fbf4dfd989e8,723,Vendue Next Door Part 2 Premium | september,Premium zilver,Een Engels zilveren strooibus,Een Engels zilveren strooibus,"<h3>Description</h3><p>Een octagonaal model met gladde vlakken. De opengewerkte dop bekroond door een urnvaasje op getrapt ornament. Op de onderzijde het winkeliersmerk van Crighton Bros. Londen, maker Crighton Bros. londen 1936. 925/1000.</p><h3>Dimensions</h3>H. ca 16,5 cm<h3>Weight / Size / Quality</h3>Ca 174 gram",published,EUR,200.0,300.0,200.0,200.0,,1,0,,,True,"Mon, 31 Aug 2026 08:00:00 GMT","Tue, 08 Sep 2026 17:30:00 GMT",https://media.app.artisio.co/media/3fc437c0-fdbb-4208-955a-90293eab416d/inventory/f343c5e4-a51d-430e-8929-4abca19ff99d/472e15da-f49d-41ee-b476-e5d1970fe04c/0001_CQdRhX_sm.jpeg;https://media.app.artisio.co/media/3fc437c0-fdbb-4208-955a-90293eab416d/inventory/f343c5e4-a51d-430e-8929-4abca19ff99d/1289b7a5-f78d-4e13-994f-5db0bb04d269/0002_dQzmwf_sm.jpeg;https://media.app.artisio.co/media/3fc437c0-fdbb-4208-955a-90293eab416d/inventory/f343c5e4-a51d-430e-8929-4abca19ff99d/c6f2d767-73f6-4f1e-8d41-3bbec9d81351/0003_gDBYMW_sm.jpeg,3,"{""artist_retail_right"": false, ""comments"": null, ""condition"": null, ""condition_report"": null, ""description"": ""<p>Een octagonaal model met gladde vlakken. De opengewerkte dop bekroond door een urnvaasje op getrapt ornament. Op de onderzijde het winkeliersmerk van Crighton Bros. Londen, maker Crighton Bros. londen 1936. 925/1000.</p>"", ""dimensions"": ""H. ca 16,5 cm"", ""footnote"": null, ""header"": """", ""internal_reference"": null, ""literature"": null, ""origin_exhibition_lite"": null, ""painter_artist_school"": null, ""period"": null, ""title"": ""Een Engels zilveren strooibus"", ""total"": null, ""weight_size_quality"": ""Ca 174 gram""}"
186da269-d2bd-41c4-b049-40d7a98de7bd,13030,26-0743/1,67d3691b-0d4a-4615-9e5c-fbf4dfd989e8,723,Vendue Next Door Part 2 Premium | september,Premium zilver,Een zilveren theebus met oud Hollands decor,Een zilveren theebus met oud Hollands decor,"<h3>Description</h3><p>Rechthoekig met parelrand, een schuif aan de onderzijde en kleine dop met bekroning van putto. De bus met voorstellingen naar Jan Steen, in reliëf. Schoonhoven, 1896, maker onleesbaar. 835/1000.</p><h3>Dimensions</h3>H. ca 15 cm<h3>Weight / Size / Quality</h3>Ca 171 gram",published,EUR,200.0,400.0,200.0,200.0,,1,0,,,True,"Mon, 31 Aug 2026 08:00:00 GMT","Tue, 08 Sep 2026 17:30:00 GMT",https://media.app.artisio.co/media/3fc437c0-fdbb-4208-955a-90293eab416d/inventory/c5e93c6b-1af9-4ddc-bdc0-669efad15518/1fba052a-15fb-4554-91f1-979c94b5b078/0001_qlpggK_sm.jpeg;https://media.app.artisio.co/media/3fc437c0-fdbb-4208-955a-90293eab416d/inventory/c5e93c6b-1af9-4ddc-bdc0-669efad15518/8c2ff196-712e-46cb-a6c4-0daae86f81bc/0002_aXteiR_sm.jpeg;https://media.app.artisio.co/media/3fc437c0-fdbb-4208-955a-90293eab416d/inventory/c5e93c6b-1af9-4ddc-bdc0-669efad15518/35b093e7-26a0-4fde-bede-2fe5cfb6fddf/0003_sPbnPG_sm.jpeg;https://media.app.artisio.co/media/3fc437c0-fdbb-4208-955a-90293eab416d/inventory/c5e93c6b-1af9-4ddc-bdc0-669efad15518/738697be-74f2-4e2a-a099-4f6937bc4957/0004_MGTCCb_sm.jpeg,4,"{""artist_retail_right"": false, ""comments"": null, ""condition"": null, ""condition_report"": null, ""description"": ""<p>Rechthoekig met parelrand, een schuif aan de onderzijde en kleine dop met bekroning van putto. De bus met voorstellingen naar Jan Steen, in reliëf. Schoonhoven, 1896, maker onleesbaar. 835/1000.</p>"", ""dimensions"": ""H. ca 15 cm"", ""footnote"": null, ""header"": null, ""internal_reference"": null, ""literature"": null, ""origin_exhibition_lite"": null, ""painter_artist_school"": null, ""period"": null, ""title"": ""Een zilveren theebus met oud Hollands decor"", ""total"": null, ""weight_size_quality"": ""Ca 171 gram""}"
6afae287-9c14-49f0-9bfc-1cdf683942b9,13031,26-0743/2,67d3691b-0d4a-4615-9e5c-fbf4dfd989e8,723,Vendue Next Door Part 2 Premium | september,Premium zilver,Twee miniatuur zilveren molens op schuur,Twee miniatuur zilveren molens op schuur,"<h3>Description</h3><p>Op ondergrond met vier bolpootjes, bij de molens diverse figuren. Jl. 1913 op de kleinste molen. 835/1000. een wiek met defecten.</p><h3>Dimensions</h3>Ca 9,5x5,5,x13 cm en 6,5x3,5x9,5 cm<h3>Weight / Size / Quality</h3>Ca 147 en 48 gram",published,EUR,200.0,400.0,200.0,,,1,0,,,True,"Mon, 31 Aug 2026 08:00:00 GMT","Tue, 08 Sep 2026 17:30:00 GMT",https://media.app.artisio.co/media/3fc437c0-fdbb-4208-955a-90293eab416d/inventory/54d4a1e4-9460-4d4a-929a-9f240d262a05/a8dea0ed-e0b1-4332-9a9f-0d5543fb15a9/0001_jYoQwX_sm.jpeg;https://media.app.artisio.co/media/3fc437c0-fdbb-4208-955a-90293eab416d/inventory/54d4a1e4-9460-4d4a-929a-9f240d262a05/8dab6a6a-fd88-4017-a81e-5ec3f5ddb9de/0002_SdpIjV_sm.jpeg;https://media.app.artisio.co/media/3fc437c0-fdbb-4208-955a-90293eab416d/inventory/54d4a1e4-9460-4d4a-929a-9f240d262a05/c9e5516c-f21d-4b8c-a809-1807f286f1a9/0003_OeszIh_sm.jpeg,3,"{""artist_retail_right"": false, ""comments"": null, ""condition"": null, ""condition_report"": null, ""description"": ""<p>Op ondergrond met vier bolpootjes, bij de molens diverse figuren. Jl. 1913 op de kleinste molen. 835/1000. een wiek met defecten.</p>"", ""dimensions"": ""Ca 9,5x5,5,x13 cm en 6,5x3,5x9,5 cm"", ""footnote"": null, ""header"": null, ""internal_reference"": null, ""literature"": null, ""origin_exhibition_lite"": null, ""painter_artist_school"": null, ""period"": null, ""title"": ""Twee miniatuur zilveren molens op schuur"", ""total"": null, ""weight_size_quality"": ""Ca 147 en 48 gram""}"
b2798bbd-1b83-48bd-9e4f-8d2649d4a57f,13032,26-0589/12,67d3691b-0d4a-4615-9e5c-fbf4dfd989e8,723,Vendue Next Door Part 2 Premium | september,Premium zilver,Een zilveren koektrommel ,Een zilveren koektrommel ,"<h3>Description</h3><p>Rond, glad model, afgezet met kabel- en filetranden. Maker J.M. van Kempen & Zonen, Voorschoten, 1866, 835/1000.</p><h3>Dimensions</h3>D. 12,5 cm, H. 8 cm.<h3>Condition Report</h3><p>Paar kleine deukjes.&nbsp;</p><h3>Weight / Size / Quality</h3>Gewicht ca 340 gram.",published,EUR,200.0,300.0,200.0,200.0,,1,0,,,True,"Mon, 31 Aug 2026 08:00:00 GMT","Tue, 08 Sep 2026 17:33:00 GMT",https://media.app.artisio.co/media/3fc437c0-fdbb-4208-955a-90293eab416d/inventory/6759b5c7-7419-48ea-bf2f-a67dce3a7676/d165f24b-2acc-42f8-9725-8d01cc912686/0001_oSZKTv_sm.jpeg;https://media.app.artisio.co/media/3fc437c0-fdbb-4208-955a-90293eab416d/inventory/6759b5c7-7419-48ea-bf2f-a67dce3a7676/1b448d16-8629-4010-9618-067726324af0/0002_YCcOtQ_sm.jpeg;https://media.app.artisio.co/media/3fc437c0-fdbb-4208-955a-90293eab416d/inventory/6759b5c7-7419-48ea-bf2f-a67dce3a7676/8853376e-4d9f-4e7a-a95c-32b0faf99140/0003_XtOUpn_sm.jpeg;https://media.app.artisio.co/media/3fc437c0-fdbb-4208-955a-90293eab416d/inventory/6759b5c7-7419-48ea-bf2f-a67dce3a7676/8799405f-6b83-4ffa-8926-067400edcec7/0004_brQhfL_sm.jpeg,4,"{""artist_retail_right"": false, ""comments"": null, ""condition"": null, ""condition_report"": ""<p>Paar kleine deukjes.&nbsp;</p>"", ""description"": ""<p>Rond, glad model, afgezet met kabel- en filetranden. Maker J.M. van Kempen & Zonen, Voorschoten, 1866, 835/1000.</p>"", ""dimensions"": ""D. 12,5 cm, H. 8 cm. "", ""footnote"": null, ""header"": null, ""internal_reference"": null, ""literature"": null, ""origin_exhibition_lite"": null, ""painter_artist_school"": null, ""period"": null, ""title"": ""Een zilveren koektrommel "", ""total"": null, ""weight_size_quality"": ""Gewicht ca 340 gram. ""}"
74724405-1122-47dc-ac52-7e888df112b4,13033,26-0589/13,67d3691b-0d4a-4615-9e5c-fbf4dfd989e8,723,Vendue Next Door Part 2 Premium | september,Premium zilver,Een driedelig Engels theeservies,Een driedelig Engels theeservies,"<h3>Description</h3><p>Bestaande uit een theepot, roomkan en suikerbak, rond model met gegraveerde cartouches en voluten. Maker Mappin & Webb, Londen, 1872-1873, 925/1000.&nbsp;</p><h3>Dimensions</h3>Theepot ca 26x15x14 cm.<h3>Condition Report</h3><p>Diverse deuken.&nbsp;</p><h3>Weight / Size / Quality</h3>Gezamelijk gewicht ca 1080 gram.",published,EUR,600.0,800.0,600.0,600.0,,1,0,,,True,"Mon, 31 Aug 2026 08:00:00 GMT","Tue, 08 Sep 2026 17:33:00 GMT",https://media.app.artisio.co/media/3fc437c0-fdbb-4208-955a-90293eab416d/inventory/b6a2055b-c41e-43f0-ac2b-39ab2d0670d0/0047dcfb-6f05-471f-adea-408d535f046c/0001_SFBHvR_sm.jpeg;https://media.app.artisio.co/media/3fc437c0-fdbb-4208-955a-90293eab416d/inventory/b6a2055b-c41e-43f0-ac2b-39ab2d0670d0/2b37d8a3-7c46-4f74-acf9-82fdfe984fe2/0002_uJbsbD_sm.jpeg;https://media.app.artisio.co/media/3fc437c0-fdbb-4208-955a-90293eab416d/inventory/b6a2055b-c41e-43f0-ac2b-39ab2d0670d0/6fbc280f-7828-43d5-a6d3-c09a14f35769/0003_fQKuxD_sm.jpeg,3,"{""artist_retail_right"": false, ""comments"": null, ""condition"": null, ""condition_report"": ""<p>Diverse deuken.&nbsp;</p>"", ""description"": ""<p>Bestaande uit een theepot, roomkan en suikerbak, rond model met gegraveerde cartouches en voluten. Maker Mappin & Webb, Londen, 1872-1873, 925/1000.&nbsp;</p>"", ""dimensions"": ""Theepot ca 26x15x14 cm. "", ""footnote"": null, ""header"": null, ""internal_reference"": null, ""literature"": null, ""origin_exhibition_lite"": null, ""painter_artist_school"": null, ""period"": null, ""title"": ""Een driedelig Engels theeservies"", ""total"": null, ""weight_size_quality"": ""Gezamelijk gewicht ca 1080 gram. ""}"
21359759-fc87-4e4b-9213-ef0ad6e60228,13034,26-0589/14,67d3691b-0d4a-4615-9e5c-fbf4dfd989e8,723,Vendue Next Door Part 2 Premium | september,Premium zilver,Een Gronings zilver kannetje,Een Gronings zilver kannetje,"<h3>Description</h3><p>In Groningse stijl, de buik met pastorale scènes, staande op drie krulpootjes. Maker Eildert Jans Smit, Oude Pekela, 1843-1859, winkelierskeur Willem Schutter, Groningen, 835/1000.&nbsp;</p><h3>Dimensions</h3>Ca 11x8x12 cm.<h3>Weight / Size / Quality</h3>Gewicht ca 195 gram",published,EUR,200.0,300.0,200.0,200.0,,1,0,,,True,"Mon, 31 Aug 2026 08:00:00 GMT","Tue, 08 Sep 2026 17:33:00 GMT",https://media.app.artisio.co/media/3fc437c0-fdbb-4208-955a-90293eab416d/inventory/aa961c09-48c9-430d-8f80-708a59feb757/78a91769-773f-49c4-b319-e46bdad12f67/0001_rhEjlA_sm.jpeg;https://media.app.artisio.co/media/3fc437c0-fdbb-4208-955a-90293eab416d/inventory/aa961c09-48c9-430d-8f80-708a59feb757/dc57b35e-a67c-4b16-82b5-62749531f167/0002_CcVmTl_sm.jpeg;https://media.app.artisio.co/media/3fc437c0-fdbb-4208-955a-90293eab416d/inventory/aa961c09-48c9-430d-8f80-708a59feb757/e4ec498f-84a5-4c0d-952e-088925e22486/0003_TUdsXU_sm.jpeg;https://media.app.artisio.co/media/3fc437c0-fdbb-4208-955a-90293eab416d/inventory/aa961c09-48c9-430d-8f80-708a59feb757/df2e0c80-1ea4-4bff-add1-8c3f293f4584/0004_PYfSkn_sm.jpeg,4,"{""artist_retail_right"": false, ""comments"": null, ""condition"": null, ""condition_report"": null, ""description"": ""<p>In Groningse stijl, de buik met pastorale scènes, staande op drie krulpootjes. Maker Eildert Jans Smit, Oude Pekela, 1843-1859, winkelierskeur Willem Schutter, Groningen, 835/1000.&nbsp;</p>"", ""dimensions"": ""Ca 11x8x12 cm. "", ""footnote"": null, ""header"": null, ""internal_reference"": null, ""literature"": null, ""origin_exhibition_lite"": null, ""painter_artist_school"": null, ""period"": null, ""title"": ""Een Gronings zilver kannetje"", ""total"": null, ""weight_size_quality"": ""Gewicht ca 195 gram""}"
fd030747-e27b-4abe-b1d7-7d09f9c7954c,13035,26-0589/15,67d3691b-0d4a-4615-9e5c-fbf4dfd989e8,723,Vendue Next Door Part 2 Premium | september,Premium zilver,Een stel bonbonmandjes,Een stel bonbonmandjes,"<h3>Description</h3><p>Opengewerkt ovaal model met gecontourneerde rand, gedecoreerd met gegoten guirlandes en met krulvormige greepjes, afgezet met putti, gemerkt met pseudokeuren, 1e helft 20e eeuw, 835/1000.&nbsp;</p><h3>Dimensions</h3>Ca 14,5x9,5x6,5.<h3>Weight / Size / Quality</h3>Gewicht ca 240 gram.",published,EUR,200.0,300.0,200.0,200.0,,1,0,,,True,"Mon, 31 Aug 2026 08:00:00 GMT","Tue, 08 Sep 2026 17:33:00 GMT",https://media.app.artisio.co/media/3fc437c0-fdbb-4208-955a-90293eab416d/inventory/1844fe2e-a995-4248-b55a-fd86a9f5298f/733cdecd-490f-466d-af22-58fd9fd3a629/0001_fSbhsA_sm.jpeg;https://media.app.artisio.co/media/3fc437c0-fdbb-4208-955a-90293eab416d/inventory/1844fe2e-a995-4248-b55a-fd86a9f5298f/49b01689-5c22-4d88-b3c8-965bdfca5819/0002_qrgbxF_sm.jpeg;https://media.app.artisio.co/media/3fc437c0-fdbb-4208-955a-90293eab416d/inventory/1844fe2e-a995-4248-b55a-fd86a9f5298f/512048f6-5467-48d2-9a5d-a18c03a44063/0003_fRhmAI_sm.jpeg,3,"{""artist_retail_right"": false, ""comments"": null, ""condition"": null, ""condition_report"": null, ""description"": ""<p>Opengewerkt ovaal model met gecontourneerde rand, gedecoreerd met gegoten guirlandes en met krulvormige greepjes, afgezet met putti, gemerkt met pseudokeuren, 1e helft 20e eeuw, 835/1000.&nbsp;</p>"", ""dimensions"": ""Ca 14,5x9,5x6,5. "", ""footnote"": null, ""header"": null, ""internal_reference"": null, ""literature"": null, ""origin_exhibition_lite"": null, ""painter_artist_school"": null, ""period"": null, ""title"": ""Een stel bonbonmandjes"", ""total"": null, ""weight_size_quality"": ""Gewicht ca 240 gram.""}"
2ffa4438-dbcb-4a87-9850-85372c3b7ca5,13036,26-0589/17,67d3691b-0d4a-4615-9e5c-fbf4dfd989e8,723,Vendue Next Door Part 2 Premium | september,Premium zilver,"Een driedelig zilver theeservies, Begeer","Een driedelig zilver theeservies, Begeer","<h3>Description</h3><p>Bestaande uit een theepot, roomkan en suikermand, ovaal glad model met gecontourneerde ribben, afgezet met kabelrand. Maker C.J.L. Begeer, Utrecht, 1926, 835/1000.</p><h3>Dimensions</h3>Theepot ca 20x10x12 cm.<h3>Condition Report</h3><p>Bodem theepot vervangen.</p><h3>Weight / Size / Quality</h3>Brutogewicht ca 590 gram.",published,EUR,300.0,500.0,300.0,300.0,,1,0,,,True,"Mon, 31 Aug 2026 08:00:00 GMT","Tue, 08 Sep 2026 17:33:00 GMT",https://media.app.artisio.co/media/3fc437c0-fdbb-4208-955a-90293eab416d/inventory/da8bd8a0-eb8d-40fc-9f07-7edafc761a27/fa85a255-734f-4512-9a16-2624d7336f3b/0001_KsqRZK_sm.jpeg;https://media.app.artisio.co/media/3fc437c0-fdbb-4208-955a-90293eab416d/inventory/da8bd8a0-eb8d-40fc-9f07-7edafc761a27/6c0ebff1-394b-418c-8df8-be845a6905dc/0002_yZhtmv_sm.jpeg;https://media.app.artisio.co/media/3fc437c0-fdbb-4208-955a-90293eab416d/inventory/da8bd8a0-eb8d-40fc-9f07-7edafc761a27/78024a25-0982-4f92-84c8-754d37391f5c/0003_ohzDIQ_sm.jpeg,3,"{""artist_retail_right"": false, ""comments"": null, ""condition"": null, ""condition_report"": ""<p>Bodem theepot vervangen.</p>"", ""description"": ""<p>Bestaande uit een theepot, roomkan en suikermand, ovaal glad model met gecontourneerde ribben, afgezet met kabelrand. Maker C.J.L. Begeer, Utrecht, 1926, 835/1000.</p>"", ""dimensions"": ""Theepot ca 20x10x12 cm. "", ""footnote"": null, ""header"": null, ""internal_reference"": null, ""literature"": null, ""origin_exhibition_lite"": null, ""painter_artist_school"": null, ""period"": null, ""title"": ""Een driedelig zilver theeservies, Begeer"", ""total"": null, ""weight_size_quality"": ""Brutogewicht ca 590 gram. ""}"
e31294d6-9081-49d7-a973-07876977c6f6,13037,26-0608/3,67d3691b-0d4a-4615-9e5c-fbf4dfd989e8,723,Vendue Next Door Part 2 Premium | september,Premium zilver,Twaalf Frans zilveren mesjes met parelmoer grepen,Twaalf Frans zilveren mesjes met parelmoer grepen,"<h3>Description</h3><p>Frankrijk, meesterteken ‘L korenaren G' in ruitvorm, 950/1000.&nbsp;</p><h3>Dimensions</h3>L. ca 19 cm.<h3>Condition Report</h3><p>Een mes met beschadiging aan parelmoeren greep.&nbsp;</p><h3>Weight / Size / Quality</h3>Brutogewicht ca 390 gram.",published,EUR,300.0,500.0,300.0,300.0,,1,0,,,True,"Mon, 31 Aug 2026 08:00:00 GMT","Tue, 08 Sep 2026 17:33:00 GMT",https://media.app.artisio.co/media/3fc437c0-fdbb-4208-955a-90293eab416d/inventory/95e93d13-6348-4d37-b329-59e359505637/7ac7c455-a738-4cac-9c99-69dd9ac98ba2/0001_NSaVES_sm.jpeg;https://media.app.artisio.co/media/3fc437c0-fdbb-4208-955a-90293eab416d/inventory/95e93d13-6348-4d37-b329-59e359505637/de8b9979-ffc6-4e8b-952e-4f27cacd6381/0002_mgQlOJ_sm.jpeg;https://media.app.artisio.co/media/3fc437c0-fdbb-4208-955a-90293eab416d/inventory/95e93d13-6348-4d37-b329-59e359505637/f8a532a4-527f-41db-ae4e-2da2f405b2ec/0003_foTIBJ_sm.jpeg;https://media.app.artisio.co/media/3fc437c0-fdbb-4208-955a-90293eab416d/inventory/95e93d13-6348-4d37-b329-59e359505637/6a6d39d6-0e16-43c9-b7f7-3b706857b111/0004_aEbVIA_sm.jpeg,4,"{""artist_retail_right"": false, ""comments"": null, ""condition"": null, ""condition_report"": ""<p>Een mes met beschadiging aan parelmoeren greep.&nbsp;</p>"", ""description"": ""<p>Frankrijk, meesterteken ‘L korenaren G' in ruitvorm, 950/1000.&nbsp;</p>"", ""dimensions"": ""L. ca 19 cm. "", ""footnote"": null, ""header"": null, ""internal_reference"": null, ""literature"": null, ""origin_exhibition_lite"": null, ""painter_artist_school"": null, ""period"": null, ""title"": ""Twaalf Frans zilveren mesjes met parelmoer grepen"", ""total"": null, ""weight_size_quality"": ""Brutogewicht ca 390 gram. ""}"
df80f947-c2e4-41d1-9f6c-4f90cede4d66,13038,26-0608/4,67d3691b-0d4a-4615-9e5c-fbf4dfd989e8,723,Vendue Next Door Part 2 Premium | september,Premium zilver,"Een collectie zilveren dien- en schepwerk, rondfilet","Een collectie zilveren dien- en schepwerk, rondfilet","<h3>Description</h3><p>Bestaande uit: een vlalepel, rijstlepel, petit-fourschep, kaasschopje, mosterdlepel, twee botermesjes en een dienvorkje, diverse makers en jaren, 835/1000.&nbsp;</p><h3>Dimensions</h3>L. 10 tot 24 cm.<h3>Weight / Size / Quality</h3>Gewicht ca 380 gram",published,EUR,400.0,600.0,400.0,400.0,,1,0,,,True,"Mon, 31 Aug 2026 08:00:00 GMT","Tue, 08 Sep 2026 17:33:00 GMT",https://media.app.artisio.co/media/3fc437c0-fdbb-4208-955a-90293eab416d/inventory/b45d6f6d-0e08-4e62-8508-4bbb2f34d8f3/a0c2a00f-b185-4382-b03a-6056c075fcb8/0001_HMJAWM_sm.jpeg;https://media.app.artisio.co/media/3fc437c0-fdbb-4208-955a-90293eab416d/inventory/b45d6f6d-0e08-4e62-8508-4bbb2f34d8f3/2a24683f-3e3e-4be4-9df7-90c4b36ce24d/0002_LCfckW_sm.jpeg;https://media.app.artisio.co/media/3fc437c0-fdbb-4208-955a-90293eab416d/inventory/b45d6f6d-0e08-4e62-8508-4bbb2f34d8f3/bc3d3303-6d78-4b32-9b39-87ce5207c98b/0003_JyDgNr_sm.jpeg;https://media.app.artisio.co/media/3fc437c0-fdbb-4208-955a-90293eab416d/inventory/b45d6f6d-0e08-4e62-8508-4bbb2f34d8f3/2ea49b33-c0e1-4515-a1a3-10d1a74fec02/0004_nNLByY_sm.jpeg,4,"{""artist_retail_right"": false, ""comments"": null, ""condition"": null, ""condition_report"": null, ""description"": ""<p>Bestaande uit: een vlalepel, rijstlepel, petit-fourschep, kaasschopje, mosterdlepel, twee botermesjes en een dienvorkje, diverse makers en jaren, 835/1000.&nbsp;</p>"", ""dimensions"": ""L. 10 tot 24 cm. "", ""footnote"": null, ""header"": null, ""internal_reference"": null, ""literature"": null, ""origin_exhibition_lite"": null, ""painter_artist_school"": null, ""period"": null, ""title"": ""Een collectie zilveren dien- en schepwerk, rondfilet"", ""total"": null, ""weight_size_quality"": ""Gewicht ca 380 gram""}"
75593878-b23b-4510-8f64-84f4dd4a8a49,13039,26-0608/5,67d3691b-0d4a-4615-9e5c-fbf4dfd989e8,723,Vendue Next Door Part 2 Premium | september,Premium zilver,Een stel zilveren strooilepels,Een stel zilveren strooilepels,"<h3>Description</h3><p>Met ovale schelpvormige bak. Maker W.F. Schuss, Amsterdam, 1883, 835/1000.</p><h3>Dimensions</h3>L. ca 19 cm.<h3>Weight / Size / Quality</h3>Gewicht ca 90 gram",published,EUR,200.0,300.0,200.0,100.0,,1,0,,,True,"Mon, 31 Aug 2026 08:00:00 GMT","Tue, 08 Sep 2026 17:33:00 GMT",https://media.app.artisio.co/media/3fc437c0-fdbb-4208-955a-90293eab416d/inventory/d4e46752-032f-4de1-be81-6f9ada7040c6/17750fbd-f4c3-4b00-abdd-833b94b1bf6b/0001_uctpOP_sm.jpeg;https://media.app.artisio.co/media/3fc437c0-fdbb-4208-955a-90293eab416d/inventory/d4e46752-032f-4de1-be81-6f9ada7040c6/fe190501-f025-4cce-a3cf-8aad03ff961c/0002_OSLhfk_sm.jpeg;https://media.app.artisio.co/media/3fc437c0-fdbb-4208-955a-90293eab416d/inventory/d4e46752-032f-4de1-be81-6f9ada7040c6/d9b9b4bb-8647-474a-b487-2f8602ed23df/0003_uPqDYU_sm.jpeg,3,"{""artist_retail_right"": false, ""comments"": null, ""condition"": null, ""condition_report"": null, ""description"": ""<p>Met ovale schelpvormige bak. Maker W.F. Schuss, Amsterdam, 1883, 835/1000.</p>"", ""dimensions"": ""L. ca 19 cm. "", ""footnote"": null, ""header"": null, ""internal_reference"": null, ""literature"": null, ""origin_exhibition_lite"": null, ""painter_artist_school"": null, ""period"": null, ""title"": ""Een stel zilveren strooilepels"", ""total"": null, ""weight_size_quality"": ""Gewicht ca 90 gram""}"
a557b97d-f14d-41a1-b681-ef66fa256572,13040,26-0608/6,67d3691b-0d4a-4615-9e5c-fbf4dfd989e8,723,Vendue Next Door Part 2 Premium | september,Premium zilver,Een collectie zilveren dien- en schepwerk en drie pastillebakjes,Een collectie zilveren dien- en schepwerk en drie pastillebakjes,"<h3>Description</h3><p>Bestaande uit: Een stel zilveren groentelepels met parelrand, een pasteilepel, een cakeprikker, een strooilepel en drie Engelse pastillebakjes, diverse makers en jaren, 835/1000 en 925/1000.</p><h3>Dimensions</h3>Groentelepels L. 25,5 cm.<h3>Weight / Size / Quality</h3>Gewicht ca 440 gram",published,EUR,400.0,600.0,400.0,400.0,,1,0,,,True,"Mon, 31 Aug 2026 08:00:00 GMT","Tue, 08 Sep 2026 17:33:00 GMT",https://media.app.artisio.co/media/3fc437c0-fdbb-4208-955a-90293eab416d/inventory/394b3c44-1e1a-485c-ace6-9224ba95481e/0a0ee7a9-9913-43e5-ac53-3f5c8691bf99/0001_lmrtQx_sm.jpeg;https://media.app.artisio.co/media/3fc437c0-fdbb-4208-955a-90293eab416d/inventory/394b3c44-1e1a-485c-ace6-9224ba95481e/4808ffba-9899-4af3-8ca1-ba72b66f8997/0002_MlAVQS_sm.jpeg;https://media.app.artisio.co/media/3fc437c0-fdbb-4208-955a-90293eab416d/inventory/394b3c44-1e1a-485c-ace6-9224ba95481e/1afc29a7-938e-460c-8a7d-e71c264dfb22/0003_lbmHtP_sm.jpeg;https://media.app.artisio.co/media/3fc437c0-fdbb-4208-955a-90293eab416d/inventory/394b3c44-1e1a-485c-ace6-9224ba95481e/5d0bc94b-2d41-49ab-b7c7-d93d6fa7fb2e/0004_tKCWZj_sm.jpeg,4,"{""artist_retail_right"": false, ""comments"": null, ""condition"": null, ""condition_report"": null, ""description"": ""<p>Bestaande uit: Een stel zilveren groentelepels met parelrand, een pasteilepel, een cakeprikker, een strooilepel en drie Engelse pastillebakjes, diverse makers en jaren, 835/1000 en 925/1000.</p>"", ""dimensions"": ""Groentelepels L. 25,5 cm. "", ""footnote"": null, ""header"": null, ""internal_reference"": null, ""literature"": null, ""origin_exhibition_lite"": null, ""painter_artist_school"": null, ""period"": null, ""title"": ""Een collectie zilveren dien- en schepwerk en drie pastillebakjes"", ""total"": null, ""weight_size_quality"": ""Gewicht ca 440 gram""}"
659d4ecd-f45b-4494-96ea-089dc9f0e0b7,13041,26-0476/44,67d3691b-0d4a-4615-9e5c-fbf4dfd989e8,723,Vendue Next Door Part 2 Premium | september,Premium zilver,Een zesdelig koffie- en theeservies op blad. Gerritsen & van Kempen,Een zesdelig koffie- en theeservies op blad. Gerritsen & van Kempen,"<h3>Description</h3><p>Kardinaalsmodel, bestaande uit een koffiepot, theekan op komfoor, roomkan, suikerpot en lepelvaasje, staande op dienblad. Maker Gerritsen & van Kempen, Zeist, 1950 t/m 1955, 835/1000.&nbsp;</p><h3>Dimensions</h3>Dienblad ca 51x37x1,5 cm.<h3>Weight / Size / Quality</h3>Brutogewicht ca 4580 gram.",published,EUR,2600.0,3600.0,2600.0,2600.0,,1,1,2600.0,2600.0,True,"Mon, 31 Aug 2026 08:00:00 GMT","Tue, 08 Sep 2026 17:33:00 GMT",https://media.app.artisio.co/media/3fc437c0-fdbb-4208-955a-90293eab416d/inventory/ab1653a0-ce15-44f4-841e-6c6961a020e0/155e8106-540e-4e33-bac0-7c79f739a081/0001_OAcUHi_sm.jpeg;https://media.app.artisio.co/media/3fc437c0-fdbb-4208-955a-90293eab416d/inventory/ab1653a0-ce15-44f4-841e-6c6961a020e0/8b895854-e4b3-4bba-9abe-511d7bc5aedc/0002_FTpNfy_sm.jpeg;https://media.app.artisio.co/media/3fc437c0-fdbb-4208-955a-90293eab416d/inventory/ab1653a0-ce15-44f4-841e-6c6961a020e0/ad50f412-357d-4fba-8863-b71304e09d8e/0003_eLhVvs_sm.jpeg;https://media.app.artisio.co/media/3fc437c0-fdbb-4208-955a-90293eab416d/inventory/ab1653a0-ce15-44f4-841e-6c6961a020e0/0fef4d69-104f-41c5-a06e-a52ba05e0236/0004_WtiYwO_sm.jpeg,4,"{""artist_retail_right"": false, ""comments"": null, ""condition"": null, ""condition_report"": null, ""description"": ""<p>Kardinaalsmodel, bestaande uit een koffiepot, theekan op komfoor, roomkan, suikerpot en lepelvaasje, staande op dienblad. Maker Gerritsen & van Kempen, Zeist, 1950 t/m 1955, 835/1000.&nbsp;</p>"", ""dimensions"": ""Dienblad ca 51x37x1,5 cm. "", ""footnote"": null, ""header"": null, ""internal_reference"": null, ""literature"": null, ""origin_exhibition_lite"": null, ""painter_artist_school"": null, ""period"": null, ""title"": ""Een zesdelig koffie- en theeservies op blad. Gerritsen & van Kempen"", ""total"": null, ""weight_size_quality"": ""Brutogewicht ca 4580 gram.""}"
56159730-afb9-4948-b058-cb374f0aef79,13042,26-0476/45,67d3691b-0d4a-4615-9e5c-fbf4dfd989e8,723,Vendue Next Door Part 2 Premium | september,Premium zilver,Een Amerikaans zilver driedelig mokkaservies,Een Amerikaans zilver driedelig mokkaservies,"<h3>Description</h3><p>Bestaande uit een mokkapot, roomkan en suikerpot. Glad, tienkantig taps toelopend model. Maker Schmitz, Moore & Co, New Jersey, gemerkt ‘Sterling’.&nbsp;</p><h3>Dimensions</h3>Mokkapot ca 14,5x9x16 cm.<h3>Weight / Size / Quality</h3>Gewicht ca 210 gram.",published,EUR,200.0,300.0,100.0,100.0,,1,1,100.0,100.0,True,"Mon, 31 Aug 2026 08:00:00 GMT","Tue, 08 Sep 2026 17:33:00 GMT",https://media.app.artisio.co/media/3fc437c0-fdbb-4208-955a-90293eab416d/inventory/a78b7c33-8d31-431b-8b7d-75e62d2ecf58/f5441db0-0d3b-4f7c-a1d6-951447b0d947/0001_JkpySJ_sm.jpeg;https://media.app.artisio.co/media/3fc437c0-fdbb-4208-955a-90293eab416d/inventory/a78b7c33-8d31-431b-8b7d-75e62d2ecf58/fd0c9aea-030f-4311-9e2b-d46e18c7ee9c/0002_IRNUKL_sm.jpeg;https://media.app.artisio.co/media/3fc437c0-fdbb-4208-955a-90293eab416d/inventory/a78b7c33-8d31-431b-8b7d-75e62d2ecf58/9a8dd671-2615-4e6c-b842-725794473d99/0003_XKQYyq_sm.jpeg;https://media.app.artisio.co/media/3fc437c0-fdbb-4208-955a-90293eab416d/inventory/a78b7c33-8d31-431b-8b7d-75e62d2ecf58/06664712-bc83-4c8b-b465-b6b93547caff/0004_ZCTueE_sm.jpeg,4,"{""artist_retail_right"": false, ""comments"": null, ""condition"": null, ""condition_report"": null, ""description"": ""<p>Bestaande uit een mokkapot, roomkan en suikerpot. Glad, tienkantig taps toelopend model. Maker Schmitz, Moore & Co, New Jersey, gemerkt ‘Sterling’.&nbsp;</p>"", ""dimensions"": ""Mokkapot ca 14,5x9x16 cm."", ""footnote"": null, ""header"": null, ""internal_reference"": null, ""literature"": null, ""origin_exhibition_lite"": null, ""painter_artist_school"": null, ""period"": null, ""title"": ""Een Amerikaans zilver driedelig mokkaservies"", ""total"": null, ""weight_size_quality"": ""Gewicht ca 210 gram. ""}"
5e226313-ba4c-4ac7-b0b3-1d89c6e0ad08,13043,26-0476/46,67d3691b-0d4a-4615-9e5c-fbf4dfd989e8,723,Vendue Next Door Part 2 Premium | september,Premium zilver,Vijf gevlochten miniatuur mandjes,Vijf gevlochten miniatuur mandjes,"<h3>Description</h3><p>Staande op vier pootjes en oplopend in maat, Azië, bwzg.&nbsp;</p><h3>Dimensions</h3>D. ca 3,5 tot 7 cm, H. ca 3 tot 6 cm.<h3>Weight / Size / Quality</h3>Gewicht ca 180 gram",published,EUR,200.0,300.0,100.0,100.0,,1,1,100.0,100.0,True,"Mon, 31 Aug 2026 08:00:00 GMT","Tue, 08 Sep 2026 17:33:00 GMT",https://media.app.artisio.co/media/3fc437c0-fdbb-4208-955a-90293eab416d/inventory/1aa56b18-f28d-4eec-bda6-5b51b2e79667/1359a2e3-76fd-41b2-8f6c-231f68504921/0001_pWpVFI_sm.jpeg;https://media.app.artisio.co/media/3fc437c0-fdbb-4208-955a-90293eab416d/inventory/1aa56b18-f28d-4eec-bda6-5b51b2e79667/29fe09fd-331a-496b-8fb7-72123bbb61a4/0002_IkTbsg_sm.jpeg,2,"{""artist_retail_right"": false, ""comments"": null, ""condition"": null, ""condition_report"": null, ""description"": ""<p>Staande op vier pootjes en oplopend in maat, Azië, bwzg.&nbsp;</p>"", ""dimensions"": ""D. ca 3,5 tot 7 cm, H. ca 3 tot 6 cm."", ""footnote"": null, ""header"": null, ""internal_reference"": null, ""literature"": null, ""origin_exhibition_lite"": """", ""painter_artist_school"": null, ""period"": null, ""title"": ""Vijf gevlochten miniatuur mandjes"", ""total"": null, ""weight_size_quality"": ""Gewicht ca 180 gram""}"
618a585b-d34f-4c67-828e-e980099dd184,13044,26-0476/48,67d3691b-0d4a-4615-9e5c-fbf4dfd989e8,723,Vendue Next Door Part 2 Premium | september,Premium zilver,"Een collectie zilveren sieraden, Azië ","Een collectie zilveren sieraden, Azië ","<h3>Description</h3><p>Bestaande uit twee colliers, drie armbanden en twee gespen, bwzg.&nbsp;</p><h3>Dimensions</h3>Grootste collier ca 19x16x4,5 cm.<h3>Weight / Size / Quality</h3>Gewicht ca 900 gram.",published,EUR,400.0,600.0,400.0,400.0,,1,0,,,True,"Mon, 31 Aug 2026 08:00:00 GMT","Tue, 08 Sep 2026 17:33:00 GMT",https://media.app.artisio.co/media/3fc437c0-fdbb-4208-955a-90293eab416d/inventory/0dedac62-ea43-4703-b75d-6e4f78fe2816/7b22ae0f-0a80-4d40-a869-0d140832e3a6/0001_qXzwhM_sm.jpeg;https://media.app.artisio.co/media/3fc437c0-fdbb-4208-955a-90293eab416d/inventory/0dedac62-ea43-4703-b75d-6e4f78fe2816/f94abfa2-95e5-4bea-815e-f3a3189ff5bf/0002_hcbTEM_sm.jpeg;https://media.app.artisio.co/media/3fc437c0-fdbb-4208-955a-90293eab416d/inventory/0dedac62-ea43-4703-b75d-6e4f78fe2816/b9d12dc1-01a7-4d11-b008-d71f9c59fd23/0003_wNLMKw_sm.jpeg;https://media.app.artisio.co/media/3fc437c0-fdbb-4208-955a-90293eab416d/inventory/0dedac62-ea43-4703-b75d-6e4f78fe2816/b6954b02-a6a2-48dc-b3dc-328b51e1f3ee/0004_PxThyW_sm.jpeg;https://media.app.artisio.co/media/3fc437c0-fdbb-4208-955a-90293eab416d/inventory/0dedac62-ea43-4703-b75d-6e4f78fe2816/7c63e94b-fa12-4594-b957-5e6b3c9da3a1/0005_mAQsmF_sm.jpeg;https://media.app.artisio.co/media/3fc437c0-fdbb-4208-955a-90293eab416d/inventory/0dedac62-ea43-4703-b75d-6e4f78fe2816/f253e493-3651-4c12-895c-9c2b49ef532d/0006_bxwwkM_sm.jpeg,6,"{""artist_retail_right"": false, ""comments"": null, ""condition"": null, ""condition_report"": null, ""description"": ""<p>Bestaande uit twee colliers, drie armbanden en twee gespen, bwzg.&nbsp;</p>"", ""dimensions"": ""Grootste collier ca 19x16x4,5 cm. "", ""footnote"": null, ""header"": null, ""internal_reference"": null, ""literature"": null, ""origin_exhibition_lite"": null, ""painter_artist_school"": null, ""period"": null, ""title"": ""Een collectie zilveren sieraden, Azië "", ""total"": null, ""weight_size_quality"": ""Gewicht ca 900 gram. ""}"
8b899f3f-7a17-4653-87bf-64678caa4079,13045,26-0476/50,67d3691b-0d4a-4615-9e5c-fbf4dfd989e8,723,Vendue Next Door Part 2 Premium | september,Premium zilver,"Een collectie divers, Azië ","Een collectie divers, Azië ","<h3>Description</h3><p>Bestaande uit twee dekseldoosjes, drie kommen, een kris in schede, en een grote haarspeld, bwzg, daarbij een onedel ornament in de vorm van een sfinx.&nbsp;</p><h3>Dimensions</h3>Grootste doos D. ca 13 cm, H. 11 cm.<h3>Weight / Size / Quality</h3>Gewicht ca 800 gram.",published,EUR,400.0,600.0,400.0,400.0,,1,0,,,True,"Mon, 31 Aug 2026 08:00:00 GMT","Tue, 08 Sep 2026 17:33:00 GMT",https://media.app.artisio.co/media/3fc437c0-fdbb-4208-955a-90293eab416d/inventory/fa323ef1-0b13-471e-9c32-a16a0b7d0577/cb4b8457-f545-4fda-8b36-09774312b316/0001_SlxQbR_sm.jpeg;https://media.app.artisio.co/media/3fc437c0-fdbb-4208-955a-90293eab416d/inventory/fa323ef1-0b13-471e-9c32-a16a0b7d0577/d5a89371-ca79-4ee4-816d-de6e2a989e6d/0002_geWBAi_sm.jpeg;https://media.app.artisio.co/media/3fc437c0-fdbb-4208-955a-90293eab416d/inventory/fa323ef1-0b13-471e-9c32-a16a0b7d0577/22617125-79f4-4778-8344-fd60cce9c134/0003_iWbvnk_sm.jpeg;https://media.app.artisio.co/media/3fc437c0-fdbb-4208-955a-90293eab416d/inventory/fa323ef1-0b13-471e-9c32-a16a0b7d0577/09bc5dd2-ee6f-451e-bfa3-9ec3bd1e1168/0004_BeskOi_sm.jpeg,4,"{""artist_retail_right"": false, ""comments"": null, ""condition"": null, ""condition_report"": null, ""description"": ""<p>Bestaande uit twee dekseldoosjes, drie kommen, een kris in schede, en een grote haarspeld, bwzg, daarbij een onedel ornament in de vorm van een sfinx.&nbsp;</p>"", ""dimensions"": ""Grootste doos D. ca 13 cm, H. 11 cm."", ""footnote"": null, ""header"": null, ""internal_reference"": null, ""literature"": null, ""origin_exhibition_lite"": null, ""painter_artist_school"": null, ""period"": null, ""title"": ""Een collectie divers, Azië "", ""total"": null, ""weight_size_quality"": ""Gewicht ca 800 gram. ""}"
1a64abc8-e1f7-446c-8e60-b31b01540429,13046,26-0020/15,67d3691b-0d4a-4615-9e5c-fbf4dfd989e8,723,Vendue Next Door Part 2 Premium | september,Premium zilver,"Een zilveren bestekgedeelte, Model 400 Gustav Beran ","Een zilveren bestekgedeelte, Model 400 Gustav Beran ","<h3>Description</h3><p>Model 400, bestaande uit zes tafelcouverts, zes dessertcouverts en een kindercouvert. Maker Gustav Beran voor Gerritsen & van Kempen, Zeist, 1939 en 1947, 835/1000.&nbsp;</p><h3>Dimensions</h3>L. ca 18 t/m 20,5 cm.<h3>Weight / Size / Quality</h3>Gewicht ca 1280 gram.",published,EUR,600.0,800.0,600.0,600.0,,1,0,,,True,"Mon, 31 Aug 2026 08:00:00 GMT","Tue, 08 Sep 2026 17:33:00 GMT",https://media.app.artisio.co/media/3fc437c0-fdbb-4208-955a-90293eab416d/inventory/0c5067c3-35bc-4575-88db-13bccd76dfe8/7021bf30-b2d8-4a80-82a9-326a73225f1f/0001_GglNgs_sm.jpeg;https://media.app.artisio.co/media/3fc437c0-fdbb-4208-955a-90293eab416d/inventory/0c5067c3-35bc-4575-88db-13bccd76dfe8/ef7b6242-7744-4e83-a43a-e82e86cc948b/0002_UVjGTU_sm.jpeg;https://media.app.artisio.co/media/3fc437c0-fdbb-4208-955a-90293eab416d/inventory/0c5067c3-35bc-4575-88db-13bccd76dfe8/3314239a-3a9e-473f-a4bd-cfb651be40e9/0003_zmSkqt_sm.jpeg;https://media.app.artisio.co/media/3fc437c0-fdbb-4208-955a-90293eab416d/inventory/0c5067c3-35bc-4575-88db-13bccd76dfe8/ffebc2fa-e014-43f8-8cbc-4305eaf45714/0004_jCKGad_sm.jpeg,4,"{""artist_retail_right"": false, ""comments"": null, ""condition"": null, ""condition_report"": null, ""description"": ""<p>Model 400, bestaande uit zes tafelcouverts, zes dessertcouverts en een kindercouvert. Maker Gustav Beran voor Gerritsen & van Kempen, Zeist, 1939 en 1947, 835/1000.&nbsp;</p>"", ""dimensions"": ""L. ca 18 t/m 20,5 cm."", ""footnote"": null, ""header"": null, ""internal_reference"": null, ""literature"": null, ""origin_exhibition_lite"": null, ""painter_artist_school"": null, ""period"": null, ""title"": ""Een zilveren bestekgedeelte, Model 400 Gustav Beran "", ""total"": null, ""weight_size_quality"": ""Gewicht ca 1280 gram.""}"
708ca948-983c-4f14-b42f-19affaea0268,13047,26-0020/16,67d3691b-0d4a-4615-9e5c-fbf4dfd989e8,723,Vendue Next Door Part 2 Premium | september,Premium zilver,"Een collectie zilveren dien- en schepwerk, Model 400 Gustav Beran","Een collectie zilveren dien- en schepwerk, Model 400 Gustav Beran","<h3>Description</h3><p>Bestaande uit: een soeplepel, paar dienlepels, paar aardappellepels, rijstlepel, vlalepel, drie sauslepels, een vleesvork, een dessertlepel en twaalf koffielepels. Maker Gustav Beran voor Gerritsen & van Kempen, Zeist, 1939 t/m 1941, 835/1000.</p><h3>Dimensions</h3>L. ca 9 t/m 28 cm.<h3>Weight / Size / Quality</h3>Gewicht ca 1160 gram.",published,EUR,600.0,800.0,600.0,600.0,,1,0,,,True,"Mon, 31 Aug 2026 08:00:00 GMT","Tue, 08 Sep 2026 17:36:00 GMT",https://media.app.artisio.co/media/3fc437c0-fdbb-4208-955a-90293eab416d/inventory/3b81a848-b2d9-4ac6-80bd-704ecf93239d/f3111d43-f73b-4aa3-a0ee-7a204b25a710/0001_lINMMZ_sm.jpeg;https://media.app.artisio.co/media/3fc437c0-fdbb-4208-955a-90293eab416d/inventory/3b81a848-b2d9-4ac6-80bd-704ecf93239d/1ab46665-16fd-48fa-9173-eb23de0b5e98/0002_fNXPwj_sm.jpeg;https://media.app.artisio.co/media/3fc437c0-fdbb-4208-955a-90293eab416d/inventory/3b81a848-b2d9-4ac6-80bd-704ecf93239d/f85c2a10-e8c3-4ba4-96d9-2aa94e2dffbc/0003_VILicy_sm.jpeg;https://media.app.artisio.co/media/3fc437c0-fdbb-4208-955a-90293eab416d/inventory/3b81a848-b2d9-4ac6-80bd-704ecf93239d/0dae4de7-9ecd-49e2-87fd-b425c42557b3/0004_UPepqC_sm.jpeg,4,"{""artist_retail_right"": false, ""comments"": null, ""condition"": null, ""condition_report"": null, ""description"": ""<p>Bestaande uit: een soeplepel, paar dienlepels, paar aardappellepels, rijstlepel, vlalepel, drie sauslepels, een vleesvork, een dessertlepel en twaalf koffielepels. Maker Gustav Beran voor Gerritsen & van Kempen, Zeist, 1939 t/m 1941, 835/1000.</p>"", ""dimensions"": ""L. ca 9 t/m 28 cm. "", ""footnote"": null, ""header"": null, ""internal_reference"": null, ""literature"": null, ""origin_exhibition_lite"": null, ""painter_artist_school"": null, ""period"": null, ""title"": ""Een collectie zilveren dien- en schepwerk, Model 400 Gustav Beran"", ""total"": null, ""weight_size_quality"": ""Gewicht ca 1160 gram. ""}"
b1dfb15b-3247-48b2-9902-ca7dd2b345b7,13048,26-0528/39,67d3691b-0d4a-4615-9e5c-fbf4dfd989e8,723,Vendue Next Door Part 2 Premium | september,Premium zilver,"Ronde zilveren schotel, Indonesië, Djokja","Ronde zilveren schotel, Indonesië, Djokja","<h3>Description</h3><p>De gecontourneerde rand gedecoreerd met bloemmotieven, het plat met gravure van diverse signaturen, bwzg.&nbsp;</p><h3>Dimensions</h3>D. ca 29,5 cm<h3>Weight / Size / Quality</h3>Gewicht ca 540 gram.",published,EUR,300.0,500.0,100.0,100.0,,1,0,,,True,"Mon, 31 Aug 2026 08:00:00 GMT","Tue, 08 Sep 2026 17:36:00 GMT",https://media.app.artisio.co/media/3fc437c0-fdbb-4208-955a-90293eab416d/inventory/04149336-b1fd-449d-84a8-d6ba7e2cbf26/a3c42cf1-9abb-4764-a40e-5dc113a75f44/0001_xOPbDo_sm.jpeg;https://media.app.artisio.co/media/3fc437c0-fdbb-4208-955a-90293eab416d/inventory/04149336-b1fd-449d-84a8-d6ba7e2cbf26/924152e6-335f-4511-ac40-41f9daad24f9/0002_CEdpbk_sm.jpeg;https://media.app.artisio.co/media/3fc437c0-fdbb-4208-955a-90293eab416d/inventory/04149336-b1fd-449d-84a8-d6ba7e2cbf26/a461c5eb-1505-40d5-9115-1737beada75b/0003_kfziXT_sm.jpeg,3,"{""artist_retail_right"": false, ""comments"": ""<p>Herkomst: dr,. Frans van Dongen, ambassadeur in Jakarta, Indonesië 1984-1987 en Bangkok, Thailand</p>"", ""condition"": null, ""condition_report"": null, ""description"": ""<p>De gecontourneerde rand gedecoreerd met bloemmotieven, het plat met gravure van diverse signaturen, bwzg.&nbsp;</p>"", ""dimensions"": ""D. ca 29,5 cm "", ""footnote"": null, ""header"": null, ""internal_reference"": null, ""literature"": null, ""origin_exhibition_lite"": null, ""painter_artist_school"": null, ""period"": null, ""title"": ""Ronde zilveren schotel, Indonesië, Djokja"", ""total"": null, ""weight_size_quality"": ""Gewicht ca 540 gram. ""}"
0cf8de49-dc82-405c-acd4-facd79386466,13049,26-0528/40,67d3691b-0d4a-4615-9e5c-fbf4dfd989e8,723,Vendue Next Door Part 2 Premium | september,Premium zilver,"Ronde zilveren kom, Birma","Ronde zilveren kom, Birma","<h3>Description</h3><p>Rondom met gedreven decoraties van Wajangdansers, staande op drie bolpootjes, de onderzijde met diverse gravures, bwzg.&nbsp;</p><h3>Dimensions</h3>H ca 10 cm & D ca 19 cm<h3>Weight / Size / Quality</h3>Gewicht ca 435 gram.",published,EUR,400.0,600.0,200.0,200.0,,1,1,200.0,200.0,True,"Mon, 31 Aug 2026 08:00:00 GMT","Tue, 08 Sep 2026 17:36:00 GMT",https://media.app.artisio.co/media/3fc437c0-fdbb-4208-955a-90293eab416d/inventory/d9871e02-52a9-4084-9a1b-ebb4c0e546d4/0abaee13-83bd-4993-a10c-7aa5218e46a3/0001_fEyQgr_sm.jpeg;https://media.app.artisio.co/media/3fc437c0-fdbb-4208-955a-90293eab416d/inventory/d9871e02-52a9-4084-9a1b-ebb4c0e546d4/edbaec64-877d-4c07-bf1b-c2c1bdc1170f/0002_uvhwzs_sm.jpeg;https://media.app.artisio.co/media/3fc437c0-fdbb-4208-955a-90293eab416d/inventory/d9871e02-52a9-4084-9a1b-ebb4c0e546d4/ad4389c3-cad5-4324-9dec-83c220ad9ace/0003_eLjYoD_sm.jpeg,3,"{""artist_retail_right"": false, ""comments"": ""<p>Herkomst: dr. Frans van Dongen, ambassadeur in Jakarta, Indonesië 1984-1987 en Bangkok, Thailand.</p>"", ""condition"": null, ""condition_report"": null, ""description"": ""<p>Rondom met gedreven decoraties van Wajangdansers, staande op drie bolpootjes, de onderzijde met diverse gravures, bwzg.&nbsp;</p>"", ""dimensions"": ""H ca 10 cm & D ca 19 cm "", ""footnote"": null, ""header"": null, ""internal_reference"": null, ""literature"": null, ""origin_exhibition_lite"": null, ""painter_artist_school"": null, ""period"": null, ""title"": ""Ronde zilveren kom, Birma"", ""total"": null, ""weight_size_quality"": ""Gewicht ca 435 gram. ""}"
23353906-e425-4ac2-bcc1-6901986edeea,13050,26-0528/41,67d3691b-0d4a-4615-9e5c-fbf4dfd989e8,723,Vendue Next Door Part 2 Premium | september,Premium zilver,"Ronde zilveren kom, Thailand","Ronde zilveren kom, Thailand","<h3>Description</h3><p>Gedecoreerd met gedreven motieven met buddha's en olifanten, bwzg.&nbsp;</p><h3>Dimensions</h3>D. ca 25 cm en H. ca 13 cm.<h3>Weight / Size / Quality</h3>Gewicht ca 650 gram.",published,EUR,800.0,1200.0,600.0,600.0,,1,0,,,True,"Mon, 31 Aug 2026 08:00:00 GMT","Tue, 08 Sep 2026 17:36:00 GMT",https://media.app.artisio.co/media/3fc437c0-fdbb-4208-955a-90293eab416d/inventory/540863ba-e548-4318-8cfb-0505b101bba4/1d5a6ae5-6bc3-44db-b834-e5c7cd61d539/0001_uSjAqG_sm.jpeg;https://media.app.artisio.co/media/3fc437c0-fdbb-4208-955a-90293eab416d/inventory/540863ba-e548-4318-8cfb-0505b101bba4/7fc018d1-5889-4b3b-ad0e-b5d3caeb9316/0002_SFgoGw_sm.jpeg;https://media.app.artisio.co/media/3fc437c0-fdbb-4208-955a-90293eab416d/inventory/540863ba-e548-4318-8cfb-0505b101bba4/0fe71802-5c03-463d-872b-6bf9153aba53/0003_zpyfYs_sm.jpeg;https://media.app.artisio.co/media/3fc437c0-fdbb-4208-955a-90293eab416d/inventory/540863ba-e548-4318-8cfb-0505b101bba4/cd76fbf9-641e-4ff7-ab92-9caea480681c/0004_ImLHTo_sm.jpeg,4,"{""artist_retail_right"": false, ""comments"": ""<p>herkomst: dr. Frans van Dongen, ambassadeur in Jakarta, Indonesië 1984-1987 en Bangkok, Thailand.</p>"", ""condition"": null, ""condition_report"": null, ""description"": ""<p>Gedecoreerd met gedreven motieven met buddha's en olifanten, bwzg.&nbsp;</p>"", ""dimensions"": ""D. ca 25 cm en H. ca 13 cm."", ""footnote"": null, ""header"": null, ""internal_reference"": null, ""literature"": null, ""origin_exhibition_lite"": null, ""painter_artist_school"": null, ""period"": null, ""title"": ""Ronde zilveren kom, Thailand"", ""total"": null, ""weight_size_quality"": ""Gewicht ca 650 gram. ""}"
2c2450fd-0152-407a-9bbd-277b7032ada3,13051,26-0546/24,67d3691b-0d4a-4615-9e5c-fbf4dfd989e8,723,Vendue Next Door Part 2 Premium | september,Premium zilver,Een zilveren vierdelig theeservies op blad,Een zilveren vierdelig theeservies op blad,"<h3>Description</h3><p>Bestaande uit een theepot, roomkan, suikerpot en lepelvaasje op gelijkend ovaal blad, glad, gedrongen rond model. Maker theeservies Anthoni Maas, Groningen, 835/1000, dienblad H.Hooijkaas, Schoonhoven, 835/1000.&nbsp;</p><h3>Dimensions</h3>Dienblad ca 43,5x29,5 cm.<h3>Weight / Size / Quality</h3>Brutogewicht ca 2070 gram.",published,EUR,1200.0,1600.0,1200.0,1200.0,,1,0,,,True,"Mon, 31 Aug 2026 08:00:00 GMT","Tue, 08 Sep 2026 17:36:00 GMT",https://media.app.artisio.co/media/3fc437c0-fdbb-4208-955a-90293eab416d/inventory/2f022173-295b-4712-b5db-3c45d4a5e646/8b8ee682-cc06-4922-af39-5b92263fa888/0001_jLNYdQ_sm.jpeg;https://media.app.artisio.co/media/3fc437c0-fdbb-4208-955a-90293eab416d/inventory/2f022173-295b-4712-b5db-3c45d4a5e646/3e87bd9a-0380-4f19-9153-511261d23be0/0002_VZqyCP_sm.jpeg;https://media.app.artisio.co/media/3fc437c0-fdbb-4208-955a-90293eab416d/inventory/2f022173-295b-4712-b5db-3c45d4a5e646/4f623f55-257c-4d2c-8124-fd6c06ec8801/0003_Xzmpyh_sm.jpeg;https://media.app.artisio.co/media/3fc437c0-fdbb-4208-955a-90293eab416d/inventory/2f022173-295b-4712-b5db-3c45d4a5e646/d559dc29-b329-4227-b189-e373fac52dd6/0004_VxCCUt_sm.jpeg,4,"{""artist_retail_right"": false, ""comments"": null, ""condition"": null, ""condition_report"": null, ""description"": ""<p>Bestaande uit een theepot, roomkan, suikerpot en lepelvaasje op gelijkend ovaal blad, glad, gedrongen rond model. Maker theeservies Anthoni Maas, Groningen, 835/1000, dienblad H.Hooijkaas, Schoonhoven, 835/1000.&nbsp;</p>"", ""dimensions"": ""Dienblad ca 43,5x29,5 cm. "", ""footnote"": null, ""header"": null, ""internal_reference"": null, ""literature"": null, ""origin_exhibition_lite"": null, ""painter_artist_school"": null, ""period"": null, ""title"": ""Een zilveren vierdelig theeservies op blad"", ""total"": null, ""weight_size_quality"": ""Brutogewicht ca 2070 gram.""}"
4719b444-c042-4b64-816d-011fcb3f0005,13052,26-0786/2,67d3691b-0d4a-4615-9e5c-fbf4dfd989e8,723,Vendue Next Door Part 2 Premium | september,Premium zilver,"Een zilveren koektrommel, J. van Vorst, Rotterdam, 1860","Een zilveren koektrommel, J. van Vorst, Rotterdam, 1860","<h3>Description</h3><p>Glad rond gelobd met geprofileerde randen. Maker J. van Vorst, Rotterdam, 1860. 835/1000.</p><h3>Dimensions</h3>D, ca 14 cm en H. ca 9 cm<h3>Condition Report</h3><p>Op vier bolle delen van de vlakken deukjes.</p><h3>Weight / Size / Quality</h3>Ca 320 gram",published,EUR,300.0,500.0,200.0,200.0,,1,0,,,True,"Mon, 31 Aug 2026 08:00:00 GMT","Tue, 08 Sep 2026 17:36:00 GMT",https://media.app.artisio.co/media/3fc437c0-fdbb-4208-955a-90293eab416d/inventory/df7e5a61-31f7-43f6-a9fa-47fafb7402ce/091962f6-55cd-43ee-9466-9b5dadbd03d5/0001_XAaEsw_sm.jpeg;https://media.app.artisio.co/media/3fc437c0-fdbb-4208-955a-90293eab416d/inventory/df7e5a61-31f7-43f6-a9fa-47fafb7402ce/bd0f2677-a20b-42b9-90ba-c54364db11e0/0002_rHwZVw_sm.jpeg;https://media.app.artisio.co/media/3fc437c0-fdbb-4208-955a-90293eab416d/inventory/df7e5a61-31f7-43f6-a9fa-47fafb7402ce/404a7e13-426f-470f-9031-ed7285e8a87a/0003_IFuIys_sm.jpeg;https://media.app.artisio.co/media/3fc437c0-fdbb-4208-955a-90293eab416d/inventory/df7e5a61-31f7-43f6-a9fa-47fafb7402ce/22e799c1-7a04-4f25-8cb2-8689e658d596/0004_InNVYS_sm.jpeg;https://media.app.artisio.co/media/3fc437c0-fdbb-4208-955a-90293eab416d/inventory/df7e5a61-31f7-43f6-a9fa-47fafb7402ce/0cfb7a93-1335-41db-aa24-feaa2ed1a520/0005_SRIvJL_sm.jpeg,5,"{""artist_retail_right"": false, ""comments"": null, ""condition"": null, ""condition_report"": ""<p>Op vier bolle delen van de vlakken deukjes.</p>"", ""description"": ""<p>Glad rond gelobd met geprofileerde randen. Maker J. van Vorst, Rotterdam, 1860. 835/1000.</p>"", ""dimensions"": ""D, ca 14 cm en H. ca 9 cm"", ""footnote"": null, ""header"": null, ""internal_reference"": null, ""literature"": null, ""origin_exhibition_lite"": null, ""painter_artist_school"": null, ""period"": null, ""title"": ""Een zilveren koektrommel, J. van Vorst, Rotterdam, 1860"", ""total"": null, ""weight_size_quality"": ""Ca 320 gram""}"
266c578b-9fcf-47f4-addb-670ce811dc93,13053,26-0055/94,67d3691b-0d4a-4615-9e5c-fbf4dfd989e8,723,Vendue Next Door Part 2 Premium | september,Premium zilver,Een stel Engels zilveren kandelaars,Een stel Engels zilveren kandelaars,"<h3>Description</h3><p>In de vorm van Korintische zuilen, staande op vierkante getrapte voet met parelrand. Maker Thomas Bradbury & Sons, Londen, 1878-1879, 925/1000.</p><h3>Dimensions</h3>H. ca 15,5 cm.<h3>Weight / Size / Quality</h3>Brutogewicht 674 gram, met gevulde voet.",published,EUR,300.0,500.0,200.0,200.0,500.0,1,0,,,True,"Mon, 31 Aug 2026 08:00:00 GMT","Tue, 08 Sep 2026 17:36:00 GMT",https://media.app.artisio.co/media/3fc437c0-fdbb-4208-955a-90293eab416d/inventory/5c8b2286-6516-4f44-b5e3-94a6a7649c4f/86d1600b-895a-49e9-874b-efa84b39712a/0001_jGcCGL_sm.jpeg;https://media.app.artisio.co/media/3fc437c0-fdbb-4208-955a-90293eab416d/inventory/5c8b2286-6516-4f44-b5e3-94a6a7649c4f/75e8ea84-51c5-4f43-8dac-d50183a56a50/0002_XFEWpw_sm.jpeg;https://media.app.artisio.co/media/3fc437c0-fdbb-4208-955a-90293eab416d/inventory/5c8b2286-6516-4f44-b5e3-94a6a7649c4f/ed27a7c6-a750-4821-9e3d-66fe25283cb4/0003_ciWozq_sm.jpeg,3,"{""artist_retail_right"": false, ""comments"": null, ""condition"": null, ""condition_report"": null, ""description"": ""<p>In de vorm van Korintische zuilen, staande op vierkante getrapte voet met parelrand. Maker Thomas Bradbury & Sons, Londen, 1878-1879, 925/1000.</p>"", ""dimensions"": ""H. ca 15,5 cm. "", ""footnote"": null, ""header"": null, ""internal_reference"": null, ""literature"": null, ""origin_exhibition_lite"": null, ""painter_artist_school"": null, ""period"": null, ""title"": ""Een stel Engels zilveren kandelaars"", ""total"": null, ""weight_size_quality"": ""Brutogewicht 674 gram, met gevulde voet. ""}"
c9845321-afa9-41a3-b9a8-19879265a54d,13054,26-0338/73,67d3691b-0d4a-4615-9e5c-fbf4dfd989e8,723,Vendue Next Door Part 2 Premium | september,Premium zilver,"Twee zilveren tasbeugels, één aan haak en één aan jasseronketting","Twee zilveren tasbeugels, één aan haak en één aan jasseronketting","<h3>Description</h3><p>Een replica beeldjesbeugel aan haak, maker We. G. Hoogendoorn, Schoonhoven, 1902 en een beugel met floraal decor aan aan weerszijden uitlopend in zwanenkop, maker Zaanse Zilversmederij, Amsterdam, 1931, aan vroegere jasseronketting. 835/1000.</p><h3>Dimensions</h3>Ca 16 en 15,5 cm dicht gemeten.<h3>Weight / Size / Quality</h3>Ca 317 gram",published,EUR,200.0,400.0,200.0,200.0,,1,0,,,True,"Mon, 31 Aug 2026 08:00:00 GMT","Tue, 08 Sep 2026 17:36:00 GMT",https://media.app.artisio.co/media/3fc437c0-fdbb-4208-955a-90293eab416d/inventory/de180b76-4f02-4122-9bbf-4a5acaf12bdb/05b7c52a-c409-4765-9fbb-eec4f07a6a9e/0001_sNphCR_sm.jpeg;https://media.app.artisio.co/media/3fc437c0-fdbb-4208-955a-90293eab416d/inventory/de180b76-4f02-4122-9bbf-4a5acaf12bdb/5b16e4d2-d286-4326-947a-41675741eeb2/0002_wxUzDg_sm.jpeg;https://media.app.artisio.co/media/3fc437c0-fdbb-4208-955a-90293eab416d/inventory/de180b76-4f02-4122-9bbf-4a5acaf12bdb/898c12ce-2049-4e45-aebb-2b05c11e9e7d/0003_FUpgux_sm.jpeg,3,"{""artist_retail_right"": false, ""comments"": null, ""condition"": null, ""condition_report"": null, ""description"": ""<p>Een replica beeldjesbeugel aan haak, maker We. G. Hoogendoorn, Schoonhoven, 1902 en een beugel met floraal decor aan aan weerszijden uitlopend in zwanenkop, maker Zaanse Zilversmederij, Amsterdam, 1931, aan vroegere jasseronketting. 835/1000.</p>"", ""dimensions"": ""Ca 16 en 15,5 cm dicht gemeten."", ""footnote"": null, ""header"": null, ""internal_reference"": null, ""literature"": null, ""origin_exhibition_lite"": null, ""painter_artist_school"": null, ""period"": null, ""title"": ""Twee zilveren tasbeugels, één aan haak en één aan jasseronketting"", ""total"": null, ""weight_size_quality"": ""Ca 317 gram""}"
045be5dd-01bf-4ca2-bb38-0e4f0974cbfb,13055,26-0338/74,67d3691b-0d4a-4615-9e5c-fbf4dfd989e8,723,Vendue Next Door Part 2 Premium | september,Premium zilver,"Een zilveren broodmand met bijpassend bonbonmandje, Kon van Kempen en Begeer, Voorschoten","Een zilveren broodmand met bijpassend bonbonmandje, Kon van Kempen en Begeer, Voorschoten","<h3>Description</h3><p>Ovaal schuitvormig, opengewerkt met spijltjes en aan weerszijden een leeuwenkopje met ringen. Maker Kon. van Kempen en Begeer, Voorschoten, 1970 en 1973. 835/1000.</p><h3>Dimensions</h3>Ca 27,5x18,5 cm en 14x10,5 cm<h3>Weight / Size / Quality</h3>Ca 385 en 118 gram",published,EUR,400.0,600.0,400.0,400.0,,1,0,,,True,"Mon, 31 Aug 2026 08:00:00 GMT","Tue, 08 Sep 2026 17:36:00 GMT",https://media.app.artisio.co/media/3fc437c0-fdbb-4208-955a-90293eab416d/inventory/8cb6747b-9040-4f53-9dc4-ddf6d6e9b17c/cdd174fb-fc25-43d8-a5dc-13223ad87ead/0001_wzNyLu_sm.jpeg;https://media.app.artisio.co/media/3fc437c0-fdbb-4208-955a-90293eab416d/inventory/8cb6747b-9040-4f53-9dc4-ddf6d6e9b17c/09ddf2c7-4f66-452f-a78b-20cee574648f/0002_JUeblU_sm.jpeg;https://media.app.artisio.co/media/3fc437c0-fdbb-4208-955a-90293eab416d/inventory/8cb6747b-9040-4f53-9dc4-ddf6d6e9b17c/327698b7-c20e-4ae9-9d74-f3331ac85457/0003_CUoidz_sm.jpeg,3,"{""artist_retail_right"": false, ""comments"": null, ""condition"": null, ""condition_report"": null, ""description"": ""<p>Ovaal schuitvormig, opengewerkt met spijltjes en aan weerszijden een leeuwenkopje met ringen. Maker Kon. van Kempen en Begeer, Voorschoten, 1970 en 1973. 835/1000.</p>"", ""dimensions"": ""Ca 27,5x18,5 cm en 14x10,5 cm"", ""footnote"": null, ""header"": null, ""internal_reference"": null, ""literature"": null, ""origin_exhibition_lite"": null, ""painter_artist_school"": null, ""period"": null, ""title"": ""Een zilveren broodmand met bijpassend bonbonmandje, Kon van Kempen en Begeer, Voorschoten"", ""total"": null, ""weight_size_quality"": ""Ca 385 en 118 gram""}"
e392b3d5-afe0-43b6-ae8f-1f532c64fd06,13056,26-0904/1,67d3691b-0d4a-4615-9e5c-fbf4dfd989e8,723,Vendue Next Door Part 2 Premium | september,Premium zilver,"Een zilveren puddinglepel, L. W. van Kooten, Amsterdam, 1947","Een zilveren puddinglepel, L. W. van Kooten, Amsterdam, 1947","<h3>Description</h3><p>Een Hollands glad model. Maker L.W. van Kooten, Amsterdam, 1947. 925/1000.</p><h3>Dimensions</h3>Ca 23 cm<h3>Weight / Size / Quality</h3>Ca 94 gram",published,EUR,200.0,400.0,200.0,200.0,,1,1,200.0,200.0,True,"Mon, 31 Aug 2026 08:00:00 GMT","Tue, 08 Sep 2026 17:36:00 GMT",https://media.app.artisio.co/media/3fc437c0-fdbb-4208-955a-90293eab416d/inventory/33e753b8-2f3a-4b91-bb9b-97132cb653ba/1710834e-ad33-4748-a0e0-9748a339b74a/0001_RxVAkt_sm.jpeg;https://media.app.artisio.co/media/3fc437c0-fdbb-4208-955a-90293eab416d/inventory/33e753b8-2f3a-4b91-bb9b-97132cb653ba/70f3d8b7-9c3b-4854-a870-9189a1ff2c3c/0002_jtSjjm_sm.jpeg,2,"{""artist_retail_right"": false, ""comments"": null, ""condition"": null, ""condition_report"": null, ""description"": ""<p>Een Hollands glad model. Maker L.W. van Kooten, Amsterdam, 1947. 925/1000.</p>"", ""dimensions"": ""Ca 23 cm"", ""footnote"": null, ""header"": null, ""internal_reference"": null, ""literature"": null, ""origin_exhibition_lite"": null, ""painter_artist_school"": null, ""period"": null, ""title"": ""Een zilveren puddinglepel, L. W. van Kooten, Amsterdam, 1947"", ""total"": null, ""weight_size_quality"": ""Ca 94 gram""}"
455b5b69-8529-43ce-a990-69c4481eabe6,13057,26-0904/2,67d3691b-0d4a-4615-9e5c-fbf4dfd989e8,723,Vendue Next Door Part 2 Premium | september,Premium zilver,"Een zilveren groentelepel, Daniel van Outvorst, Amsterdam, 1913","Een zilveren groentelepel, Daniel van Outvorst, Amsterdam, 1913","<h3>Description</h3><p>Een Hollands glad model met iets gekrulde steel. maker Daniel van Outvorst, Amsterdam, 1913. 925/1000.</p><h3>Dimensions</h3>L. ca 26 cm<h3>Weight / Size / Quality</h3>Ca 119 gram",published,EUR,200.0,400.0,200.0,200.0,,1,0,,,True,"Mon, 31 Aug 2026 08:00:00 GMT","Tue, 08 Sep 2026 17:36:00 GMT",https://media.app.artisio.co/media/3fc437c0-fdbb-4208-955a-90293eab416d/inventory/6bda071b-526b-4503-98cc-1a071ad3955e/b43bab10-e138-477b-98a9-3e42dcd471ea/0001_SargaJ_sm.jpeg;https://media.app.artisio.co/media/3fc437c0-fdbb-4208-955a-90293eab416d/inventory/6bda071b-526b-4503-98cc-1a071ad3955e/f750d9bf-eec4-4ac7-a3bd-c8dd7dd79212/0002_HJolOw_sm.jpeg,2,"{""artist_retail_right"": false, ""comments"": null, ""condition"": null, ""condition_report"": null, ""description"": ""<p>Een Hollands glad model met iets gekrulde steel. maker Daniel van Outvorst, Amsterdam, 1913. 925/1000.</p>"", ""dimensions"": ""L. ca 26 cm"", ""footnote"": null, ""header"": null, ""internal_reference"": null, ""literature"": null, ""origin_exhibition_lite"": null, ""painter_artist_school"": null, ""period"": null, ""title"": ""Een zilveren groentelepel, Daniel van Outvorst, Amsterdam, 1913"", ""total"": null, ""weight_size_quality"": ""Ca 119 gram""}"
b8971306-76c6-4ed5-a5d7-6fd9245949c9,13058,26-0904/3,67d3691b-0d4a-4615-9e5c-fbf4dfd989e8,723,Vendue Next Door Part 2 Premium | september,Premium zilver,"Zes zilveren tafellepels, F.R. Precht, Amsterdam, 1773","Zes zilveren tafellepels, F.R. Precht, Amsterdam, 1773",<h3>Description</h3><p>Een Hollands glad model met iets gekrulde steel.&nbsp;</p><h3>Dimensions</h3>L. ca 21.5 cm<h3>Weight / Size / Quality</h3>Ca 393 gram,published,EUR,600.0,800.0,500.0,500.0,,1,0,,,True,"Mon, 31 Aug 2026 08:00:00 GMT","Tue, 08 Sep 2026 17:36:00 GMT",https://media.app.artisio.co/media/3fc437c0-fdbb-4208-955a-90293eab416d/inventory/13c7f263-80f1-43ed-8263-75e08b113e93/4deaa5e5-8376-4e85-b993-c8f0305a15e6/0001_kIztUH_sm.jpeg;https://media.app.artisio.co/media/3fc437c0-fdbb-4208-955a-90293eab416d/inventory/13c7f263-80f1-43ed-8263-75e08b113e93/1ddda863-21d0-4680-a4e1-705a7f0b4003/0002_DiPmya_sm.jpeg;https://media.app.artisio.co/media/3fc437c0-fdbb-4208-955a-90293eab416d/inventory/13c7f263-80f1-43ed-8263-75e08b113e93/402fe518-796f-47a7-91c7-50198fb92e71/0003_EuHxwC_sm.jpeg,3,"{""artist_retail_right"": false, ""comments"": null, ""condition"": null, ""condition_report"": null, ""description"": ""<p>Een Hollands glad model met iets gekrulde steel.&nbsp;</p>"", ""dimensions"": ""L. ca 21.5 cm"", ""footnote"": null, ""header"": null, ""internal_reference"": null, ""literature"": null, ""origin_exhibition_lite"": null, ""painter_artist_school"": null, ""period"": null, ""title"": ""Zes zilveren tafellepels, F.R. Precht, Amsterdam, 1773"", ""total"": null, ""weight_size_quality"": ""Ca 393 gram""}"
0aa055e1-d09e-43cb-994c-9f29572706d7,13059,26-0915/1,67d3691b-0d4a-4615-9e5c-fbf4dfd989e8,723,Vendue Next Door Part 2 Premium | september,Premium zilver,"Een gouden Wapenstuiver, 1731","Een gouden Wapenstuiver, 1731",<h3>Dimensions</h3>D. circa 16 mm.<h3>Weight / Size / Quality</h3>Gewicht circa 1.75 gram.,published,EUR,500.0,700.0,300.0,,,1,3,350.0,350.0,True,"Mon, 31 Aug 2026 08:00:00 GMT","Tue, 08 Sep 2026 17:36:00 GMT",https://media.app.artisio.co/media/3fc437c0-fdbb-4208-955a-90293eab416d/inventory/38fa0054-8921-4609-b61d-d64be85ab85e/536ec0e0-6b7e-4b43-a3e3-c2d9d4f224a5/0001_OPEUFo_sm.jpeg;https://media.app.artisio.co/media/3fc437c0-fdbb-4208-955a-90293eab416d/inventory/38fa0054-8921-4609-b61d-d64be85ab85e/69e509e6-f058-401b-88b8-4159f5e42ce3/0002_rnIDsE_sm.jpeg,2,"{""artist_retail_right"": false, ""comments"": null, ""condition"": null, ""condition_report"": null, ""description"": null, ""dimensions"": ""D. circa 16 mm. "", ""footnote"": null, ""header"": null, ""internal_reference"": null, ""literature"": null, ""origin_exhibition_lite"": null, ""painter_artist_school"": null, ""period"": null, ""title"": ""Een gouden Wapenstuiver, 1731"", ""total"": null, ""weight_size_quality"": ""Gewicht circa 1.75 gram.""}"
d2be97ec-a19d-4cde-8c5f-36d4ef086f7c,15001,2021-1305/25,67d3691b-0d4a-4615-9e5c-fbf4dfd989e8,723,Vendue Next Door Part 2 Premium | september,Premium etnografica,"Een Togu Nu Y-vormige steunpaal met mensfiguur, Dogon, Mali","Een Togu Nu Y-vormige steunpaal met mensfiguur, Dogon, Mali",<h3>Description</h3><p>Rustend op metalen voetstuk.</p><h3>Dimensions</h3>H. Ca. 154 cm,published,EUR,300.0,500.0,100.0,100.0,,1,1,100.0,100.0,True,"Mon, 31 Aug 2026 08:00:00 GMT","Tue, 08 Sep 2026 17:36:00 GMT",https://media.app.artisio.co/media/3fc437c0-fdbb-4208-955a-90293eab416d/inventory/2d2b0e0f-9b06-4331-82f7-c4035fcdc8b7/6f4ecabb-a54a-4572-ab27-f9e227891ea4/0001_BYvqQX_sm.jpeg;https://media.app.artisio.co/media/3fc437c0-fdbb-4208-955a-90293eab416d/inventory/2d2b0e0f-9b06-4331-82f7-c4035fcdc8b7/6ceaa406-1522-42f3-9753-ed5ee9bb4458/0002_OZDQWG_sm.jpeg,2,"{""artist_retail_right"": false, ""comments"": null, ""condition"": null, ""condition_report"": null, ""description"": ""<p>Rustend op metalen voetstuk.</p>"", ""dimensions"": ""H. Ca. 154 cm"", ""footnote"": null, ""header"": null, ""internal_reference"": null, ""literature"": null, ""origin_exhibition_lite"": null, ""painter_artist_school"": null, ""period"": null, ""title"": ""Een Togu Nu Y-vormige steunpaal met mensfiguur, Dogon, Mali"", ""total"": null, ""weight_size_quality"": null}"
afccd3d0-fcdb-43a1-a4f1-cd5fa8ee01da,15002,2021-1305/26,67d3691b-0d4a-4615-9e5c-fbf4dfd989e8,723,Vendue Next Door Part 2 Premium | september,Premium etnografica,"Een groot Bambara houten maternité vruchtbaarheidssculptuur, Mali","Een groot Bambara houten maternité vruchtbaarheidssculptuur, Mali",<h3>Dimensions</h3>H. ca. 131 cm,published,EUR,300.0,500.0,100.0,100.0,,1,1,100.0,100.0,True,"Mon, 31 Aug 2026 08:00:00 GMT","Tue, 08 Sep 2026 17:36:00 GMT",https://media.app.artisio.co/media/3fc437c0-fdbb-4208-955a-90293eab416d/inventory/5365fbdb-112b-4914-a2ec-0efc8768c400/cf96dc11-a345-4872-84b2-da9b6aa55664/0001_qXkcJn_sm.jpeg;https://media.app.artisio.co/media/3fc437c0-fdbb-4208-955a-90293eab416d/inventory/5365fbdb-112b-4914-a2ec-0efc8768c400/bc20ad4d-8e13-49f2-a1b1-c2aedc6c1559/0002_BDqWsm_sm.jpeg;https://media.app.artisio.co/media/3fc437c0-fdbb-4208-955a-90293eab416d/inventory/5365fbdb-112b-4914-a2ec-0efc8768c400/4fd36b44-ce8a-45b5-a077-71756b5ce132/0003_jXbFPe_sm.jpeg,3,"{""artist_retail_right"": false, ""comments"": null, ""condition"": null, ""condition_report"": null, ""description"": null, ""dimensions"": ""H. ca. 131 cm"", ""footnote"": null, ""header"": null, ""internal_reference"": null, ""literature"": null, ""origin_exhibition_lite"": null, ""painter_artist_school"": null, ""period"": null, ""title"": ""Een groot Bambara houten maternité vruchtbaarheidssculptuur, Mali"", ""total"": null, ""weight_size_quality"": null}"
972d4c2a-0467-4551-a03f-dc062b4cd6af,15003,2021-1305/27,67d3691b-0d4a-4615-9e5c-fbf4dfd989e8,723,Vendue Next Door Part 2 Premium | september,Premium etnografica,"Een groot houten vooroudersculptuur, Dogon, Mali","Een groot houten vooroudersculptuur, Dogon, Mali",<h3>Description</h3><p>Rustend op een donker houten voetstuk.</p><h3>Dimensions</h3>H. ca. 98 cm,published,EUR,300.0,500.0,100.0,100.0,,1,1,100.0,100.0,True,"Mon, 31 Aug 2026 08:00:00 GMT","Tue, 08 Sep 2026 17:39:00 GMT",https://media.app.artisio.co/media/3fc437c0-fdbb-4208-955a-90293eab416d/inventory/ee84cec7-20fd-449b-9131-2abd56d2c076/48fa3f34-fcfb-4a91-8111-4c905c255a22/0001_ahgUIh_sm.jpeg;https://media.app.artisio.co/media/3fc437c0-fdbb-4208-955a-90293eab416d/inventory/ee84cec7-20fd-449b-9131-2abd56d2c076/6a2bc3e5-353e-4489-9f53-df9657f17f81/0002_NWYPXp_sm.jpeg;https://media.app.artisio.co/media/3fc437c0-fdbb-4208-955a-90293eab416d/inventory/ee84cec7-20fd-449b-9131-2abd56d2c076/ff893f02-a4e0-415f-9632-2ffd5d861d73/0003_umxrud_sm.jpeg,3,"{""artist_retail_right"": false, ""comments"": null, ""condition"": null, ""condition_report"": null, ""description"": ""<p>Rustend op een donker houten voetstuk.</p>"", ""dimensions"": ""H. ca. 98 cm"", ""footnote"": null, ""header"": null, ""internal_reference"": null, ""literature"": null, ""origin_exhibition_lite"": null, ""painter_artist_school"": null, ""period"": null, ""title"": ""Een groot houten vooroudersculptuur, Dogon, Mali"", ""total"": null, ""weight_size_quality"": null}"
1d8113f5-2b13-4296-a519-d65fd67a84b8,20001,26-0389/253,67d3691b-0d4a-4615-9e5c-fbf4dfd989e8,723,Vendue Next Door Part 2 Premium | september,Premium kleingoed,"Andries Dirk Copier (1901-1991), een unica glazen vaas voor Leerdam","Andries Dirk Copier (1901-1991), een unica glazen vaas voor Leerdam","<h3>Period</h3>20e eeuw, Nederland<h3>Description</h3><p>Gesigneerd, genummerd v648.</p><h3>Dimensions</h3>H ca 25 cm en  D 21 cm<h3>Condition Report</h3><p>Gebruikelijke slijtage op de onderkant en met enkele krasjes in het oppervlak rondom</p>",published,EUR,500.0,800.0,300.0,300.0,,1,0,,,True,"Mon, 31 Aug 2026 08:00:00 GMT","Tue, 08 Sep 2026 17:39:00 GMT",https://media.app.artisio.co/media/3fc437c0-fdbb-4208-955a-90293eab416d/inventory/74dce8e4-6359-4a7d-b244-6c11727e611c/5613f81c-ad43-4e3d-9231-d460c04ad772/0001_cSElii_sm.jpeg;https://media.app.artisio.co/media/3fc437c0-fdbb-4208-955a-90293eab416d/inventory/74dce8e4-6359-4a7d-b244-6c11727e611c/dcee0cbe-19a7-48af-963d-0f0f799c68c7/0002_oGqAuF_sm.jpeg;https://media.app.artisio.co/media/3fc437c0-fdbb-4208-955a-90293eab416d/inventory/74dce8e4-6359-4a7d-b244-6c11727e611c/66e5f0d6-b43d-4b57-87f0-cb62994bc806/0003_YEzOMK_sm.jpeg;https://media.app.artisio.co/media/3fc437c0-fdbb-4208-955a-90293eab416d/inventory/74dce8e4-6359-4a7d-b244-6c11727e611c/ea18ab28-8a3a-46f3-afda-a0db3ce2d28f/0004_YLEDKD_sm.jpeg,4,"{""artist_retail_right"": false, ""comments"": null, ""condition"": null, ""condition_report"": ""<p>Gebruikelijke slijtage op de onderkant en met enkele krasjes in het oppervlak rondom</p>"", ""description"": ""<p>Gesigneerd, genummerd v648.</p>"", ""dimensions"": ""H ca 25 cm en  D 21 cm"", ""footnote"": null, ""header"": null, ""internal_reference"": null, ""literature"": null, ""origin_exhibition_lite"": null, ""painter_artist_school"": null, ""period"": ""20e eeuw, Nederland"", ""title"": ""Andries Dirk Copier (1901-1991), een unica glazen vaas voor Leerdam"", ""total"": null, ""weight_size_quality"": null}"
5d413bcc-c296-4d15-a9b2-755bfccbc054,20005,26-0383/23,67d3691b-0d4a-4615-9e5c-fbf4dfd989e8,723,Vendue Next Door Part 2 Premium | september,Premium kleingoed,"Willem Noyons (1956), een glazen 'Judith-vaas'","Willem Noyons (1956), een glazen 'Judith-vaas'","<h3>Period</h3>1998, Utrecht<h3>Description</h3><p>Een zesdelige transparant glazen stapelvaas. Gesigneerd en genummerd <i>3/100 </i>onderop laagste segment.</p><h3>Dimensions</h3>H ca 120 cm<h3>Literature</h3><p>Herkomst:<br>Aangekocht door de huidige eigenaar bij Braggiotti Gallery Contemporary Glass, Amsterdam, 1998.</p><h3>Condition Report</h3><p>Met minimale leeftijds- en gebruikssporen en resten van oud stof.</p>",published,EUR,300.0,500.0,100.0,100.0,,1,1,100.0,100.0,True,"Mon, 31 Aug 2026 08:00:00 GMT","Tue, 08 Sep 2026 17:39:00 GMT",https://media.app.artisio.co/media/3fc437c0-fdbb-4208-955a-90293eab416d/inventory/85509f9a-4f48-478d-944b-db5f6de85b7f/c32dbcac-95e5-4a18-9004-c3797e22601d/0001_HvcyAh_sm.jpeg;https://media.app.artisio.co/media/3fc437c0-fdbb-4208-955a-90293eab416d/inventory/85509f9a-4f48-478d-944b-db5f6de85b7f/1426086d-86f9-4847-ad5a-7d4083f94aeb/0002_QUEKUk_sm.jpeg;https://media.app.artisio.co/media/3fc437c0-fdbb-4208-955a-90293eab416d/inventory/85509f9a-4f48-478d-944b-db5f6de85b7f/9c71eae8-5c6b-4966-b02d-a1c2294693c7/0003_yHcXZK_sm.jpeg,3,"{""artist_retail_right"": false, ""comments"": null, ""condition"": null, ""condition_report"": ""<p>Met minimale leeftijds- en gebruikssporen en resten van oud stof.</p>"", ""description"": ""<p>Een zesdelige transparant glazen stapelvaas. Gesigneerd en genummerd <i>3/100 </i>onderop laagste segment.</p>"", ""dimensions"": ""H ca 120 cm"", ""footnote"": null, ""header"": null, ""internal_reference"": null, ""literature"": ""<p>Herkomst:<br>Aangekocht door de huidige eigenaar bij Braggiotti Gallery Contemporary Glass, Amsterdam, 1998.</p>"", ""origin_exhibition_lite"": null, ""painter_artist_school"": null, ""period"": ""1998, Utrecht"", ""title"": ""Willem Noyons (1956), een glazen 'Judith-vaas'"", ""total"": null, ""weight_size_quality"": null}"
646ea680-eadd-428f-9aa4-82e717be4d03,20006,25-1994/4,67d3691b-0d4a-4615-9e5c-fbf4dfd989e8,723,Vendue Next Door Part 2 Premium | september,Premium kleingoed,"Christophe Fratin (1801-1864 ), a terracotta fox wall plaque (tête de renard en pendentif)","Christophe Fratin (1801-1864 ), a terracotta fox wall plaque (tête de renard en pendentif)","<h3>Period</h3>ca. 1853-1864, France<h3>Description</h3><p>Original terracotta, pink coloring. Unique piece in this material, signed ""Fratin"" in the raw clay, engraved ""15"" or ""45""? under the signature (number of the model).</p><h3>Dimensions</h3>H : 11.2 cm, W : 13.7 cm, D : 11.4 cm",published,EUR,200.0,300.0,100.0,100.0,,1,13,325.0,325.0,True,"Mon, 31 Aug 2026 08:00:00 GMT","Tue, 08 Sep 2026 17:39:00 GMT",https://media.app.artisio.co/media/3fc437c0-fdbb-4208-955a-90293eab416d/inventory/df6a834b-44d9-45e9-9387-5c594e79c5b5/3782ef07-8116-4c7d-bf50-1b117d5c2eeb/0001_Xdeybz_sm.jpeg;https://media.app.artisio.co/media/3fc437c0-fdbb-4208-955a-90293eab416d/inventory/df6a834b-44d9-45e9-9387-5c594e79c5b5/3155f99a-11c7-48e9-8298-b4bfa782436a/0002_stNwCd_sm.jpeg;https://media.app.artisio.co/media/3fc437c0-fdbb-4208-955a-90293eab416d/inventory/df6a834b-44d9-45e9-9387-5c594e79c5b5/ee863ac0-7224-4976-88ba-246cba6be580/0003_CUQhBH_sm.jpeg;https://media.app.artisio.co/media/3fc437c0-fdbb-4208-955a-90293eab416d/inventory/df6a834b-44d9-45e9-9387-5c594e79c5b5/7c69e696-b8e6-47fe-8dbd-3f949be88af6/0004_vJHPAO_sm.jpeg;https://media.app.artisio.co/media/3fc437c0-fdbb-4208-955a-90293eab416d/inventory/df6a834b-44d9-45e9-9387-5c594e79c5b5/cd9864de-d9a0-41cf-b993-a555e1155ae7/0005_LVQNnQ_sm.jpeg;https://media.app.artisio.co/media/3fc437c0-fdbb-4208-955a-90293eab416d/inventory/df6a834b-44d9-45e9-9387-5c594e79c5b5/7f636014-6f2f-48a9-a274-7d0675d3993f/0006_PHoMlU_sm.jpeg,6,"{""artist_retail_right"": false, ""comments"": null, ""condition"": ""https://www.universdubronze.com/artwork-detail/853603/18837/christophe-fratin-1801-1864-tete-de"", ""condition_report"": null, ""description"": ""<p>Original terracotta, pink coloring. Unique piece in this material, signed \""Fratin\"" in the raw clay, engraved \""15\"" or \""45\""? under the signature (number of the model).</p>"", ""dimensions"": ""H : 11.2 cm, W : 13.7 cm, D : 11.4 cm"", ""footnote"": null, ""header"": null, ""internal_reference"": null, ""literature"": null, ""origin_exhibition_lite"": null, ""painter_artist_school"": null, ""period"": ""ca. 1853-1864, France"", ""title"": ""Christophe Fratin (1801-1864 ), a terracotta fox wall plaque (tête de renard en pendentif)"", ""total"": null, ""weight_size_quality"": null}"
66f6b5c9-6ae9-4211-939b-ec9cbdae7a78,20007,25-1994/5,67d3691b-0d4a-4615-9e5c-fbf4dfd989e8,723,Vendue Next Door Part 2 Premium | september,Premium kleingoed,"Christophe Fratin (1801-1864), 'Fauve à l'affût'/'Wild beast on the prowl'","Christophe Fratin (1801-1864), 'Fauve à l'affût'/'Wild beast on the prowl'","<h3>Period</h3>Mid 19th century, France<h3>Description</h3><p>The terracotta figure of a prowling leopard. Signed on a rock just in front of the animal.</p><h3>Dimensions</h3>7.5 x 18.5 x 7.5 cm",published,EUR,300.0,500.0,200.0,200.0,,1,1,200.0,200.0,True,"Mon, 31 Aug 2026 08:00:00 GMT","Tue, 08 Sep 2026 17:39:00 GMT",https://media.app.artisio.co/media/3fc437c0-fdbb-4208-955a-90293eab416d/inventory/e821611d-e42d-4678-a033-5786d0fee5d5/e94aa5ab-05ca-4849-84fd-66a3506c06ba/0001_zlyCbg_sm.jpeg;https://media.app.artisio.co/media/3fc437c0-fdbb-4208-955a-90293eab416d/inventory/e821611d-e42d-4678-a033-5786d0fee5d5/00d8e579-903d-48d5-b627-03dccee771b4/0002_WmKCyP_sm.jpeg;https://media.app.artisio.co/media/3fc437c0-fdbb-4208-955a-90293eab416d/inventory/e821611d-e42d-4678-a033-5786d0fee5d5/96ba2e53-8f5a-45a8-bf5e-1ef2dba76922/0003_orAznA_sm.jpeg;https://media.app.artisio.co/media/3fc437c0-fdbb-4208-955a-90293eab416d/inventory/e821611d-e42d-4678-a033-5786d0fee5d5/b466229a-b02d-4eda-a2ac-c5c6a5c66b3d/0004_MEhbkb_sm.jpeg,4,"{""artist_retail_right"": false, ""comments"": null, ""condition"": ""https://www.artprice.com/artist/2305/christophe-fratin/sculpture-volume/25262532/fauve-a-l-affut?keyword=terracotta&p=1"", ""condition_report"": null, ""description"": ""<p>The terracotta figure of a prowling leopard. Signed on a rock just in front of the animal.</p>"", ""dimensions"": ""7.5 x 18.5 x 7.5 cm"", ""footnote"": null, ""header"": null, ""internal_reference"": null, ""literature"": null, ""origin_exhibition_lite"": null, ""painter_artist_school"": null, ""period"": ""Mid 19th century, France"", ""title"": ""Christophe Fratin (1801-1864), 'Fauve à l'affût'/'Wild beast on the prowl'"", ""total"": null, ""weight_size_quality"": null}"
ca628fa0-0a5f-4794-b538-5f7cd3376eda,20008,26-0694/5,67d3691b-0d4a-4615-9e5c-fbf4dfd989e8,723,Vendue Next Door Part 2 Premium | september,Premium kleingoed,"Een collectie van vijf vintage Amerikaanse mechanische ijzeren spaarpotten, kermis- en circusthema ","Een collectie van vijf vintage Amerikaanse mechanische ijzeren spaarpotten, kermis- en circusthema ","<h3>Period</h3>20e eeuw, Verenigde Staten<h3>Description</h3><p>Bevattende een clown, een poppenkast, een trick pony, een circus aap en een circus hond.</p><h3>Dimensions</h3>H tot 18,5 cm",published,EUR,300.0,500.0,100.0,100.0,,1,0,,,True,"Mon, 31 Aug 2026 08:00:00 GMT","Tue, 08 Sep 2026 17:39:00 GMT",https://media.app.artisio.co/media/3fc437c0-fdbb-4208-955a-90293eab416d/inventory/9e0070e4-5341-45ec-98d2-413224c3a6fb/34c0e9f1-3957-4c20-af85-ce404301c0de/0001_fHUPUu_sm.jpeg;https://media.app.artisio.co/media/3fc437c0-fdbb-4208-955a-90293eab416d/inventory/9e0070e4-5341-45ec-98d2-413224c3a6fb/1bdf0d75-0e2e-4e15-a9a8-1a57717362d7/0002_whCVTh_sm.jpeg;https://media.app.artisio.co/media/3fc437c0-fdbb-4208-955a-90293eab416d/inventory/9e0070e4-5341-45ec-98d2-413224c3a6fb/997e1d36-070c-4b1a-beef-3471baf55af2/0003_RAjoVE_sm.jpeg;https://media.app.artisio.co/media/3fc437c0-fdbb-4208-955a-90293eab416d/inventory/9e0070e4-5341-45ec-98d2-413224c3a6fb/b820e578-5147-4ad1-87fd-924349fa09ee/0004_INvagx_sm.jpeg,4,"{""artist_retail_right"": false, ""comments"": null, ""condition"": null, ""condition_report"": null, ""description"": ""<p>Bevattende een clown, een poppenkast, een trick pony, een circus aap en een circus hond.</p>"", ""dimensions"": ""H tot 18,5 cm"", ""footnote"": null, ""header"": null, ""internal_reference"": null, ""literature"": null, ""origin_exhibition_lite"": null, ""painter_artist_school"": null, ""period"": ""20e eeuw, Verenigde Staten"", ""title"": ""Een collectie van vijf vintage Amerikaanse mechanische ijzeren spaarpotten, kermis- en circusthema "", ""total"": null, ""weight_size_quality"": null}"
123658fe-e58d-4fff-b19b-3334a91ebe2c,20009,26-0694/9,67d3691b-0d4a-4615-9e5c-fbf4dfd989e8,723,Vendue Next Door Part 2 Premium | september,Premium kleingoed,"Een collectie van vijf vintage Amerikaanse mechanische ijzeren spaarpotten, working class thema ","Een collectie van vijf vintage Amerikaanse mechanische ijzeren spaarpotten, working class thema ","<h3>Period</h3>20e eeuw, Verenigde Staten<h3>Description</h3><p>Bevattende twee ijzersmeden, een tandarts, een matroos en een rijke bankier.</p><h3>Dimensions</h3>H tot ca. 27,5 cm",published,EUR,300.0,500.0,100.0,100.0,,1,0,,,True,"Mon, 31 Aug 2026 08:00:00 GMT","Tue, 08 Sep 2026 17:39:00 GMT",https://media.app.artisio.co/media/3fc437c0-fdbb-4208-955a-90293eab416d/inventory/5391ee54-4d26-4625-8f55-fe29795450f0/137f2003-60b3-4dcc-aff3-40076867258d/0001_tkZnPc_sm.jpeg;https://media.app.artisio.co/media/3fc437c0-fdbb-4208-955a-90293eab416d/inventory/5391ee54-4d26-4625-8f55-fe29795450f0/6004b7e0-e1ab-4cba-8a6d-b03137640cb6/0002_xGVbwR_sm.jpeg;https://media.app.artisio.co/media/3fc437c0-fdbb-4208-955a-90293eab416d/inventory/5391ee54-4d26-4625-8f55-fe29795450f0/1342d405-db42-4d9c-a0b7-a0352b52b7ed/0003_ryfmbG_sm.jpeg;https://media.app.artisio.co/media/3fc437c0-fdbb-4208-955a-90293eab416d/inventory/5391ee54-4d26-4625-8f55-fe29795450f0/e58d975c-f017-449b-a797-e69d72d03d1c/0004_GJHZAI_sm.jpeg;https://media.app.artisio.co/media/3fc437c0-fdbb-4208-955a-90293eab416d/inventory/5391ee54-4d26-4625-8f55-fe29795450f0/09d4a2b4-0671-41f5-a00d-b810819006a1/0005_IuOFUr_sm.jpeg,5,"{""artist_retail_right"": false, ""comments"": null, ""condition"": null, ""condition_report"": null, ""description"": ""<p>Bevattende twee ijzersmeden, een tandarts, een matroos en een rijke bankier.</p>"", ""dimensions"": ""H tot ca. 27,5 cm"", ""footnote"": null, ""header"": null, ""internal_reference"": null, ""literature"": null, ""origin_exhibition_lite"": null, ""painter_artist_school"": null, ""period"": ""20e eeuw, Verenigde Staten"", ""title"": ""Een collectie van vijf vintage Amerikaanse mechanische ijzeren spaarpotten, working class thema "", ""total"": null, ""weight_size_quality"": null}"
e6d6416b-47d9-43e6-8d9d-3703776a9202,20010,26-0694/10,67d3691b-0d4a-4615-9e5c-fbf4dfd989e8,723,Vendue Next Door Part 2 Premium | september,Premium kleingoed,"Een collectie van vijf vintage Amerikaanse mechanische ijzeren spaarpotten, sport en oorlogthema","Een collectie van vijf vintage Amerikaanse mechanische ijzeren spaarpotten, sport en oorlogthema","<h3>Period</h3>20e eeuw, Verenigde Staten<h3>Description</h3><p>Bevattende twee artillerie soldaten, een jager, baseballers en golfers.</p><h3>Dimensions</h3>H tot ca. 18,5 cm",published,EUR,300.0,500.0,100.0,100.0,,1,0,,,True,"Mon, 31 Aug 2026 08:00:00 GMT","Tue, 08 Sep 2026 17:39:00 GMT",https://media.app.artisio.co/media/3fc437c0-fdbb-4208-955a-90293eab416d/inventory/28e208cc-481a-4a4f-ba5d-729c0f01d20f/a177548c-b500-4adc-af24-e20431829f1e/0001_HMAwFE_sm.jpeg;https://media.app.artisio.co/media/3fc437c0-fdbb-4208-955a-90293eab416d/inventory/28e208cc-481a-4a4f-ba5d-729c0f01d20f/b7ba6b06-c849-4a22-a174-4049894f9a8a/0002_GyaSol_sm.jpeg;https://media.app.artisio.co/media/3fc437c0-fdbb-4208-955a-90293eab416d/inventory/28e208cc-481a-4a4f-ba5d-729c0f01d20f/0fd655a5-a407-4fab-92a0-1319a2519de2/0003_CHnJmT_sm.jpeg;https://media.app.artisio.co/media/3fc437c0-fdbb-4208-955a-90293eab416d/inventory/28e208cc-481a-4a4f-ba5d-729c0f01d20f/984eb3c7-89ca-412a-a5c0-7decd53e68e4/0004_YCGqXY_sm.jpeg;https://media.app.artisio.co/media/3fc437c0-fdbb-4208-955a-90293eab416d/inventory/28e208cc-481a-4a4f-ba5d-729c0f01d20f/b04099de-a0a9-48e6-82d2-4d378e894c0c/0005_LrnUoA_sm.jpeg,5,"{""artist_retail_right"": false, ""comments"": null, ""condition"": null, ""condition_report"": null, ""description"": ""<p>Bevattende twee artillerie soldaten, een jager, baseballers en golfers.</p>"", ""dimensions"": ""H tot ca. 18,5 cm"", ""footnote"": null, ""header"": null, ""internal_reference"": null, ""literature"": null, ""origin_exhibition_lite"": null, ""painter_artist_school"": null, ""period"": ""20e eeuw, Verenigde Staten"", ""title"": ""Een collectie van vijf vintage Amerikaanse mechanische ijzeren spaarpotten, sport en oorlogthema"", ""total"": null, ""weight_size_quality"": null}"
a6dabb78-74df-4036-b723-a1c94158082a,20011,26-0694/11,67d3691b-0d4a-4615-9e5c-fbf4dfd989e8,723,Vendue Next Door Part 2 Premium | september,Premium kleingoed,Een collectie van drie zeldzame vintage Amerikaanse mechanische ijzeren spaarpotten,Een collectie van drie zeldzame vintage Amerikaanse mechanische ijzeren spaarpotten,"<h3>Period</h3>Eerste helft 20e eeuw, Verenigde Staten<h3>Description</h3><p>Bevattende een spaarpot met bouwvakkers, een spaarpot met een jockey op een strekkende ezel (""I always did spice a mule"") en een circusolifant</p><h3>Dimensions</h3>H tot ca. 19,5 cm",published,EUR,300.0,500.0,100.0,100.0,,1,0,,,True,"Mon, 31 Aug 2026 08:00:00 GMT","Tue, 08 Sep 2026 17:39:00 GMT",https://media.app.artisio.co/media/3fc437c0-fdbb-4208-955a-90293eab416d/inventory/baf9b9cb-7eca-4330-a99b-f96f352bfdf6/09f35dd3-67d3-4171-97ba-1e02e0f99b39/0001_ycBsjr_sm.jpeg;https://media.app.artisio.co/media/3fc437c0-fdbb-4208-955a-90293eab416d/inventory/baf9b9cb-7eca-4330-a99b-f96f352bfdf6/f744b600-7871-4ce1-afad-27e103c3f127/0002_pUPsWK_sm.jpeg;https://media.app.artisio.co/media/3fc437c0-fdbb-4208-955a-90293eab416d/inventory/baf9b9cb-7eca-4330-a99b-f96f352bfdf6/57c86f00-a99a-4c76-9581-4a3695a60bd5/0003_rkeVVt_sm.jpeg;https://media.app.artisio.co/media/3fc437c0-fdbb-4208-955a-90293eab416d/inventory/baf9b9cb-7eca-4330-a99b-f96f352bfdf6/a706cb31-104d-4f61-a345-5f029f249ff0/0004_iylFjs_sm.jpeg,4,"{""artist_retail_right"": false, ""comments"": null, ""condition"": null, ""condition_report"": null, ""description"": ""<p>Bevattende een spaarpot met bouwvakkers, een spaarpot met een jockey op een strekkende ezel (\""I always did spice a mule\"") en een circusolifant</p>"", ""dimensions"": ""H tot ca. 19,5 cm"", ""footnote"": null, ""header"": null, ""internal_reference"": null, ""literature"": null, ""origin_exhibition_lite"": null, ""painter_artist_school"": null, ""period"": ""Eerste helft 20e eeuw, Verenigde Staten"", ""title"": ""Een collectie van drie zeldzame vintage Amerikaanse mechanische ijzeren spaarpotten"", ""total"": null, ""weight_size_quality"": null}"
3fcef921-3e6a-4c06-ad43-14eea9d7ed36,20012,26-0694/12,67d3691b-0d4a-4615-9e5c-fbf4dfd989e8,723,Vendue Next Door Part 2 Premium | september,Premium kleingoed,Een collectie van drie diverse vintage Amerikaanse mechanische ijzeren spaarpotten,Een collectie van drie diverse vintage Amerikaanse mechanische ijzeren spaarpotten,"<h3>Period</h3>20e eeuw, Verenigde Staten<h3>Description</h3><p>Bevattende een chagrijnige buldog hond, een religieuze Jonas en de walvis-spaarpot, en een spaarpot van een agent die via een varken een muntje in zijn mond krijgt.</p><h3>Dimensions</h3>H tot ca. 19,5 cm",published,EUR,300.0,500.0,100.0,100.0,,1,0,,,True,"Mon, 31 Aug 2026 08:00:00 GMT","Tue, 08 Sep 2026 17:39:00 GMT",https://media.app.artisio.co/media/3fc437c0-fdbb-4208-955a-90293eab416d/inventory/689ebb5b-cc15-4dce-a144-9b6748e84d59/736c73be-9c99-4767-8736-dc4c8538b4c4/0001_iXRoFM_sm.jpeg;https://media.app.artisio.co/media/3fc437c0-fdbb-4208-955a-90293eab416d/inventory/689ebb5b-cc15-4dce-a144-9b6748e84d59/46216f75-d05d-437d-ab7f-88538b8f6653/0002_NBfjJq_sm.jpeg;https://media.app.artisio.co/media/3fc437c0-fdbb-4208-955a-90293eab416d/inventory/689ebb5b-cc15-4dce-a144-9b6748e84d59/0afd8e64-818e-456c-bef0-879804aaf9fa/0003_udfGWM_sm.jpeg;https://media.app.artisio.co/media/3fc437c0-fdbb-4208-955a-90293eab416d/inventory/689ebb5b-cc15-4dce-a144-9b6748e84d59/1e7db551-4445-4e12-a80c-a90d9e7c7e41/0004_MWSswx_sm.jpeg,4,"{""artist_retail_right"": false, ""comments"": null, ""condition"": null, ""condition_report"": null, ""description"": ""<p>Bevattende een chagrijnige buldog hond, een religieuze Jonas en de walvis-spaarpot, en een spaarpot van een agent die via een varken een muntje in zijn mond krijgt.</p>"", ""dimensions"": ""H tot ca. 19,5 cm"", ""footnote"": null, ""header"": null, ""internal_reference"": null, ""literature"": null, ""origin_exhibition_lite"": null, ""painter_artist_school"": null, ""period"": ""20e eeuw, Verenigde Staten"", ""title"": ""Een collectie van drie diverse vintage Amerikaanse mechanische ijzeren spaarpotten"", ""total"": null, ""weight_size_quality"": null}"
80508374-19e0-4ba2-818c-549674c5c1bc,20013,26-0694/13,67d3691b-0d4a-4615-9e5c-fbf4dfd989e8,723,Vendue Next Door Part 2 Premium | september,Premium kleingoed,"Een collectie van zes vintage Amerikaanse mechanische spaarpotten, black Americans","Een collectie van zes vintage Amerikaanse mechanische spaarpotten, black Americans","<h3>Period</h3>20e eeuw, Verenigde Staten<h3>Description</h3><p>Bevattende een aardewerken missie spaarpot (nodder) die gebruikt werd in de kerk en vijf diverse ijzeren spaarpotten waaronder Mami's.</p><h3>Dimensions</h3>H. tot 32,5 cm",published,EUR,300.0,500.0,100.0,100.0,,1,0,,,True,"Mon, 31 Aug 2026 08:00:00 GMT","Tue, 08 Sep 2026 17:39:00 GMT",https://media.app.artisio.co/media/3fc437c0-fdbb-4208-955a-90293eab416d/inventory/d026953c-acf2-472a-be34-7f386f1e1b2b/be4944df-c793-42a6-95df-58fe5a7ae677/0001_RXOxTO_sm.jpeg;https://media.app.artisio.co/media/3fc437c0-fdbb-4208-955a-90293eab416d/inventory/d026953c-acf2-472a-be34-7f386f1e1b2b/02be259f-5311-42a8-a85f-92c286fb9437/0002_orYQAK_sm.jpeg;https://media.app.artisio.co/media/3fc437c0-fdbb-4208-955a-90293eab416d/inventory/d026953c-acf2-472a-be34-7f386f1e1b2b/3e37c0d6-fe38-42f5-9aec-9d163f436a4f/0003_huMNbW_sm.jpeg;https://media.app.artisio.co/media/3fc437c0-fdbb-4208-955a-90293eab416d/inventory/d026953c-acf2-472a-be34-7f386f1e1b2b/de168701-b77a-419e-ba37-2cde112a5c74/0004_ZdHVEI_sm.jpeg;https://media.app.artisio.co/media/3fc437c0-fdbb-4208-955a-90293eab416d/inventory/d026953c-acf2-472a-be34-7f386f1e1b2b/3c861bbb-c560-4d7f-9996-405484cfad3e/0005_bTBdvH_sm.jpeg,5,"{""artist_retail_right"": false, ""comments"": null, ""condition"": null, ""condition_report"": null, ""description"": ""<p>Bevattende een aardewerken missie spaarpot (nodder) die gebruikt werd in de kerk en vijf diverse ijzeren spaarpotten waaronder Mami's.</p>"", ""dimensions"": ""H. tot 32,5 cm"", ""footnote"": null, ""header"": null, ""internal_reference"": null, ""literature"": null, ""origin_exhibition_lite"": null, ""painter_artist_school"": null, ""period"": ""20e eeuw, Verenigde Staten"", ""title"": ""Een collectie van zes vintage Amerikaanse mechanische spaarpotten, black Americans"", ""total"": null, ""weight_size_quality"": null}"
c6ccd993-c11e-4c9f-bd6a-4ee97f13cc43,20014,26-0549/4,67d3691b-0d4a-4615-9e5c-fbf4dfd989e8,723,Vendue Next Door Part 2 Premium | september,Premium kleingoed,Een grote bolvormige groene glazen fles,Een grote bolvormige groene glazen fles,"<h3>Period</h3>19e eeuw, Frankrijk<h3>Description</h3><p>De ‘dame jeanne' fles van amberkleurig of groenkleurig glas met ingevouwen bodem.</p><h3>Dimensions</h3>H 32 cm; diam 25 cm<h3>Condition Report</h3><p>Onregelmatigheden rondom de opening.</p>",published,EUR,300.0,500.0,100.0,100.0,,1,1,100.0,100.0,True,"Mon, 31 Aug 2026 08:00:00 GMT","Tue, 08 Sep 2026 17:39:00 GMT",https://media.app.artisio.co/media/3fc437c0-fdbb-4208-955a-90293eab416d/inventory/c69bf4dd-d741-4233-a08d-8a4a39e738a7/9ea54c28-64df-4d87-9c98-40e87a46a172/0001_OTxdaU_sm.jpeg;https://media.app.artisio.co/media/3fc437c0-fdbb-4208-955a-90293eab416d/inventory/c69bf4dd-d741-4233-a08d-8a4a39e738a7/9a11c087-7626-4af6-9c18-c7be1b5b0762/0002_ijwHST_sm.jpeg;https://media.app.artisio.co/media/3fc437c0-fdbb-4208-955a-90293eab416d/inventory/c69bf4dd-d741-4233-a08d-8a4a39e738a7/41b1a7f5-dd6f-44fc-b353-5ea4376a01bd/0003_IEqAIN_sm.jpeg;https://media.app.artisio.co/media/3fc437c0-fdbb-4208-955a-90293eab416d/inventory/c69bf4dd-d741-4233-a08d-8a4a39e738a7/4a293638-4820-4fca-8c90-473aec70fb1e/0004_eVXtmw_sm.jpeg,4,"{""artist_retail_right"": false, ""comments"": null, ""condition"": null, ""condition_report"": ""<p>Onregelmatigheden rondom de opening.</p>"", ""description"": ""<p>De ‘dame jeanne' fles van amberkleurig of groenkleurig glas met ingevouwen bodem.</p>"", ""dimensions"": ""H 32 cm; diam 25 cm"", ""footnote"": null, ""header"": null, ""internal_reference"": null, ""literature"": null, ""origin_exhibition_lite"": null, ""painter_artist_school"": null, ""period"": ""19e eeuw, Frankrijk"", ""title"": ""Een grote bolvormige groene glazen fles"", ""total"": null, ""weight_size_quality"": null}"
90edddb5-d40a-478e-808a-58927bd2c65f,20015,26-0383/16,67d3691b-0d4a-4615-9e5c-fbf4dfd989e8,723,Vendue Next Door Part 2 Premium | september,Premium kleingoed,"A terracotta pottery dish with birds, Tuncahuan","A terracotta pottery dish with birds, Tuncahuan","<h3>Period</h3>ca. 500 BC - 500 AD, North High Andes, Ecuador/Colombia<h3>Description</h3><p>A round footed bowl, the inside decorated with geometric forms and two stylized birds.</p><h3>Dimensions</h3>D. 20 cm, H. 8.5 cm<h3>Literature</h3><p>Provenance: bought from America Antigua, april 2001. Since then in a Dutch private collection.</p>",published,EUR,200.0,300.0,100.0,100.0,,1,0,,,True,"Mon, 31 Aug 2026 08:00:00 GMT","Tue, 08 Sep 2026 17:39:00 GMT",https://media.app.artisio.co/media/3fc437c0-fdbb-4208-955a-90293eab416d/inventory/6f8cf5e8-c87e-479b-a1c3-faf49016f0f0/5b068c09-4b59-41a1-b4b2-2f92fbf7fcca/00002_HpxGDC_sm.jpeg;https://media.app.artisio.co/media/3fc437c0-fdbb-4208-955a-90293eab416d/inventory/6f8cf5e8-c87e-479b-a1c3-faf49016f0f0/96dff2c9-aaa6-4314-842f-a4d953c28868/0002_uQszlQ_sm.jpeg;https://media.app.artisio.co/media/3fc437c0-fdbb-4208-955a-90293eab416d/inventory/6f8cf5e8-c87e-479b-a1c3-faf49016f0f0/694218af-c900-46de-8f17-762c184a5a30/0002a_xECQfs_sm.jpeg;https://media.app.artisio.co/media/3fc437c0-fdbb-4208-955a-90293eab416d/inventory/6f8cf5e8-c87e-479b-a1c3-faf49016f0f0/37495357-4daf-47ff-9a71-d5ab57d22da8/0002b_nARcdW_sm.jpeg;https://media.app.artisio.co/media/3fc437c0-fdbb-4208-955a-90293eab416d/inventory/6f8cf5e8-c87e-479b-a1c3-faf49016f0f0/fbe8563f-be1e-4f71-b2a6-619b29e40b96/0002c_rnefNQ_sm.jpeg;https://media.app.artisio.co/media/3fc437c0-fdbb-4208-955a-90293eab416d/inventory/6f8cf5e8-c87e-479b-a1c3-faf49016f0f0/91875986-fb0b-4d5d-a10a-b0286eea4dc4/0004_nawZhc_sm.jpeg;https://media.app.artisio.co/media/3fc437c0-fdbb-4208-955a-90293eab416d/inventory/6f8cf5e8-c87e-479b-a1c3-faf49016f0f0/9b13bc87-70a2-4093-984a-6163d3e1a71f/0005_wYghrb_sm.jpeg,7,"{""artist_retail_right"": false, ""comments"": null, ""condition"": null, ""condition_report"": null, ""description"": ""<p>A round footed bowl, the inside decorated with geometric forms and two stylized birds.</p>"", ""dimensions"": ""D. 20 cm, H. 8.5 cm"", ""footnote"": null, ""header"": null, ""internal_reference"": null, ""literature"": ""<p>Provenance: bought from America Antigua, april 2001. Since then in a Dutch private collection.</p>"", ""origin_exhibition_lite"": null, ""painter_artist_school"": null, ""period"": ""ca. 500 BC - 500 AD, North High Andes, Ecuador/Colombia"", ""title"": ""A terracotta pottery dish with birds, Tuncahuan"", ""total"": null, ""weight_size_quality"": null}"
bf1ee12f-44ab-41eb-8d58-f0665dbb934b,20016,26-0383/17,67d3691b-0d4a-4615-9e5c-fbf4dfd989e8,723,Vendue Next Door Part 2 Premium | september,Premium kleingoed,"Two terracotta pottery footed bowls, Cuasmal Ecuador","Two terracotta pottery footed bowls, Cuasmal Ecuador","<h3>Description</h3><p>One with a pattern of lizards and a central star-shaped pattern. The other with two lightning bolts and dots.</p><h3>Dimensions</h3>D. 18.5-19 cm, H. 9 cm<h3>Literature</h3><p>Provenance by repute: bought from America Antigua, ca. 2000. Since then in a Dutch private collection.</p>",published,EUR,200.0,300.0,100.0,100.0,,1,0,,,True,"Mon, 31 Aug 2026 08:00:00 GMT","Tue, 08 Sep 2026 17:39:00 GMT",https://media.app.artisio.co/media/3fc437c0-fdbb-4208-955a-90293eab416d/inventory/cebc4678-bd6b-4390-8aa4-292a226cd12c/6405986a-7357-4b60-96a5-3034469e8a72/0001_oQRlWN_sm.jpeg;https://media.app.artisio.co/media/3fc437c0-fdbb-4208-955a-90293eab416d/inventory/cebc4678-bd6b-4390-8aa4-292a226cd12c/e7ec9399-f380-4764-8d70-7d5382f2b0d5/0002_IqFQDv_sm.jpeg;https://media.app.artisio.co/media/3fc437c0-fdbb-4208-955a-90293eab416d/inventory/cebc4678-bd6b-4390-8aa4-292a226cd12c/4f0402e1-59bc-4edc-92e3-2b6206b0b846/0003_vBOzPP_sm.jpeg;https://media.app.artisio.co/media/3fc437c0-fdbb-4208-955a-90293eab416d/inventory/cebc4678-bd6b-4390-8aa4-292a226cd12c/0be5d52c-6351-4cd7-8a84-89d8af5b007e/0004_YAgdVx_sm.jpeg;https://media.app.artisio.co/media/3fc437c0-fdbb-4208-955a-90293eab416d/inventory/cebc4678-bd6b-4390-8aa4-292a226cd12c/d3029cbf-256a-4855-b8b2-4cdad91d35fc/0005_xSaxHE_sm.jpeg;https://media.app.artisio.co/media/3fc437c0-fdbb-4208-955a-90293eab416d/inventory/cebc4678-bd6b-4390-8aa4-292a226cd12c/61bbc29c-617c-4769-84cd-ff3f0681d961/0006_BlpcZK_sm.jpeg;https://media.app.artisio.co/media/3fc437c0-fdbb-4208-955a-90293eab416d/inventory/cebc4678-bd6b-4390-8aa4-292a226cd12c/50145df8-5e56-4de8-834e-c9b09c20f224/0007_dkkACY_sm.jpeg,7,"{""artist_retail_right"": false, ""comments"": null, ""condition"": null, ""condition_report"": null, ""description"": ""<p>One with a pattern of lizards and a central star-shaped pattern. The other with two lightning bolts and dots.</p>"", ""dimensions"": ""D. 18.5-19 cm, H. 9 cm"", ""footnote"": null, ""header"": null, ""internal_reference"": null, ""literature"": ""<p>Provenance by repute: bought from America Antigua, ca. 2000. Since then in a Dutch private collection.</p>"", ""origin_exhibition_lite"": null, ""painter_artist_school"": null, ""period"": null, ""title"": ""Two terracotta pottery footed bowls, Cuasmal Ecuador"", ""total"": null, ""weight_size_quality"": null}"
104f0f9a-57e8-4569-8f0a-4ba5985eec0c,20017,26-0730/1,67d3691b-0d4a-4615-9e5c-fbf4dfd989e8,723,Vendue Next Door Part 2 Premium | september,Premium kleingoed,Een set van twee Liège percussiepistolen in bijbehorende cassette met diverse attributen ,Een set van twee Liège percussiepistolen in bijbehorende cassette met diverse attributen ,"<h3>Period</h3>Tweede helft 19e eeuw, België<h3>Description</h3><p>Mechanisme in werkende staat&nbsp;</p><h3>Dimensions</h3>L ca 41,5 cm (totaal)",published,EUR,1000.0,2000.0,500.0,500.0,,1,1,500.0,500.0,True,"Mon, 31 Aug 2026 08:00:00 GMT","Tue, 08 Sep 2026 17:39:00 GMT",https://media.app.artisio.co/media/3fc437c0-fdbb-4208-955a-90293eab416d/inventory/204b4c2f-2190-4525-93c6-4e25f8624361/bb616958-37f5-4248-9823-6fe3f71c723f/0001_DERDVC_sm.jpeg;https://media.app.artisio.co/media/3fc437c0-fdbb-4208-955a-90293eab416d/inventory/204b4c2f-2190-4525-93c6-4e25f8624361/a3978c03-e1b6-4282-8edd-e6f5c93ac5c3/0002_EoDrtM_sm.jpeg;https://media.app.artisio.co/media/3fc437c0-fdbb-4208-955a-90293eab416d/inventory/204b4c2f-2190-4525-93c6-4e25f8624361/ff6b9441-dfc9-427e-b621-085a83aa9e63/0003_BnIboW_sm.jpeg;https://media.app.artisio.co/media/3fc437c0-fdbb-4208-955a-90293eab416d/inventory/204b4c2f-2190-4525-93c6-4e25f8624361/a53e7cd6-8f96-4f50-bb2a-874938461981/0004_BZgrpX_sm.jpeg;https://media.app.artisio.co/media/3fc437c0-fdbb-4208-955a-90293eab416d/inventory/204b4c2f-2190-4525-93c6-4e25f8624361/067f6004-19c9-4f4f-bf71-5a2e322ea488/0005_koNXSK_sm.jpeg;https://media.app.artisio.co/media/3fc437c0-fdbb-4208-955a-90293eab416d/inventory/204b4c2f-2190-4525-93c6-4e25f8624361/6f156a98-b7a0-4155-b54d-467d2cc378cb/0006_BCaFDq_sm.jpeg;https://media.app.artisio.co/media/3fc437c0-fdbb-4208-955a-90293eab416d/inventory/204b4c2f-2190-4525-93c6-4e25f8624361/bfb66600-72c9-4bc6-8c9d-28917bd8e859/0007_NrGxNI_sm.jpeg,7,"{""artist_retail_right"": false, ""comments"": null, ""condition"": null, ""condition_report"": null, ""description"": ""<p>Mechanisme in werkende staat&nbsp;</p>"", ""dimensions"": ""L ca 41,5 cm (totaal)"", ""footnote"": null, ""header"": null, ""internal_reference"": null, ""literature"": null, ""origin_exhibition_lite"": null, ""painter_artist_school"": null, ""period"": ""Tweede helft 19e eeuw, België "", ""title"": ""Een set van twee Liège percussiepistolen in bijbehorende cassette met diverse attributen "", ""total"": null, ""weight_size_quality"": null}"
418e977a-9dfe-4d51-a4db-04d98aa4616a,20018,26-0515/6,67d3691b-0d4a-4615-9e5c-fbf4dfd989e8,723,Vendue Next Door Part 2 Premium | september,Premium kleingoed,A small carved limewood plaque of The Annunciation,A small carved limewood plaque of The Annunciation,"<h3>Period</h3>Probably 19th century<h3>Description</h3><p>Finely carved in high relief, the plaque depicts the Annunciation beneath an elaborate Gothic architectural canopy with pierced tracery and pendant ornament. The Virgin shown at left with head modestly inclined and hands gathered in contemplative gesture, approached by the Archangel Gabriel at right.</p><h3>Dimensions</h3>17.5 x 12.5 x 4 cm",published,EUR,200.0,300.0,100.0,100.0,,1,1,100.0,100.0,True,"Mon, 31 Aug 2026 08:00:00 GMT","Tue, 08 Sep 2026 17:42:00 GMT",https://media.app.artisio.co/media/3fc437c0-fdbb-4208-955a-90293eab416d/inventory/4645c182-82de-43fd-8d0a-54fe55ab3174/7c97a941-7b55-455f-a10e-a09324f2cf4e/0001_cLHNce_sm.jpeg;https://media.app.artisio.co/media/3fc437c0-fdbb-4208-955a-90293eab416d/inventory/4645c182-82de-43fd-8d0a-54fe55ab3174/c9a5214f-fab7-4efd-b5e0-0eae93038ae7/0002_ZgdbaK_sm.jpeg;https://media.app.artisio.co/media/3fc437c0-fdbb-4208-955a-90293eab416d/inventory/4645c182-82de-43fd-8d0a-54fe55ab3174/0d6f560f-5bc5-4230-afde-42eebf777890/0003_mASWTp_sm.jpeg;https://media.app.artisio.co/media/3fc437c0-fdbb-4208-955a-90293eab416d/inventory/4645c182-82de-43fd-8d0a-54fe55ab3174/3972b129-95d5-4be3-892c-3172e018bff4/0004_kBmLcP_sm.jpeg;https://media.app.artisio.co/media/3fc437c0-fdbb-4208-955a-90293eab416d/inventory/4645c182-82de-43fd-8d0a-54fe55ab3174/8357e1e2-d38c-4027-b042-b0fbcc89fc60/0005_qcBrkn_sm.jpeg;https://media.app.artisio.co/media/3fc437c0-fdbb-4208-955a-90293eab416d/inventory/4645c182-82de-43fd-8d0a-54fe55ab3174/1cd480cb-a3c5-4575-a1cc-cff8c2c4af04/0006_NrUxlg_sm.jpeg;https://media.app.artisio.co/media/3fc437c0-fdbb-4208-955a-90293eab416d/inventory/4645c182-82de-43fd-8d0a-54fe55ab3174/5cfafbf7-6800-42b4-b883-177db7358b4d/0007_qUyRNS_sm.jpeg,7,"{""artist_retail_right"": false, ""comments"": null, ""condition"": null, ""condition_report"": null, ""description"": ""<p>Finely carved in high relief, the plaque depicts the Annunciation beneath an elaborate Gothic architectural canopy with pierced tracery and pendant ornament. The Virgin shown at left with head modestly inclined and hands gathered in contemplative gesture, approached by the Archangel Gabriel at right.</p>"", ""dimensions"": ""17.5 x 12.5 x 4 cm"", ""footnote"": null, ""header"": null, ""internal_reference"": null, ""literature"": null, ""origin_exhibition_lite"": null, ""painter_artist_school"": null, ""period"": ""Probably 19th century"", ""title"": ""A small carved limewood plaque of The Annunciation"", ""total"": null, ""weight_size_quality"": null}"
7180cc6d-01a6-4d3a-a653-5fa299738ecb,20019,26-0520/3,67d3691b-0d4a-4615-9e5c-fbf4dfd989e8,723,Vendue Next Door Part 2 Premium | september,Premium kleingoed,Een Herend 'Apponyi Fleur' moccaserviesje op blad,Een Herend 'Apponyi Fleur' moccaserviesje op blad,"<h3>Period</h3>20e eeuw, Hongrarije<h3>Description</h3><p>Het porseleinen koffieservies met vergulding bestaande uit:<br>- Zeven kopjes;<br>- Acht schotels;<br>- Een suikerkommetje;<br>- Een koffiekan;<br>- Een melkkannetje;<br>- Een dienblad.<br><br>Gemerkt onderop.</p><h3>Condition Report</h3><p>In overwegend goede staat, met minimale beschadigingen.</p>",published,EUR,400.0,600.0,200.0,200.0,,1,0,,,True,"Mon, 31 Aug 2026 08:00:00 GMT","Tue, 08 Sep 2026 17:42:00 GMT",https://media.app.artisio.co/media/3fc437c0-fdbb-4208-955a-90293eab416d/inventory/3a7cadb4-da79-4398-9d38-4be30f1df86b/dc6b8a4d-e682-44a2-9356-2e33284b94d7/0001_AzSCgs_sm.jpeg;https://media.app.artisio.co/media/3fc437c0-fdbb-4208-955a-90293eab416d/inventory/3a7cadb4-da79-4398-9d38-4be30f1df86b/27b4f076-2756-4d6e-a244-3a511c4c4771/0002_avxJNw_sm.jpeg;https://media.app.artisio.co/media/3fc437c0-fdbb-4208-955a-90293eab416d/inventory/3a7cadb4-da79-4398-9d38-4be30f1df86b/e3794b67-6579-41c2-986a-8f5fa4bc6a2d/0003_uGPiLu_sm.jpeg;https://media.app.artisio.co/media/3fc437c0-fdbb-4208-955a-90293eab416d/inventory/3a7cadb4-da79-4398-9d38-4be30f1df86b/675881b6-d1db-42fe-97e8-f37f8a536d1a/0004_OWtPpv_sm.jpeg;https://media.app.artisio.co/media/3fc437c0-fdbb-4208-955a-90293eab416d/inventory/3a7cadb4-da79-4398-9d38-4be30f1df86b/344e12c2-0d97-4d73-9568-9a1d2c98b215/0005_hQOGMo_sm.jpeg,5,"{""artist_retail_right"": false, ""comments"": null, ""condition"": null, ""condition_report"": ""<p>In overwegend goede staat, met minimale beschadigingen.</p>"", ""description"": ""<p>Het porseleinen koffieservies met vergulding bestaande uit:<br>- Zeven kopjes;<br>- Acht schotels;<br>- Een suikerkommetje;<br>- Een koffiekan;<br>- Een melkkannetje;<br>- Een dienblad.<br><br>Gemerkt onderop.</p>"", ""dimensions"": null, ""footnote"": null, ""header"": null, ""internal_reference"": null, ""literature"": null, ""origin_exhibition_lite"": null, ""painter_artist_school"": null, ""period"": ""20e eeuw, Hongrarije"", ""title"": ""Een Herend 'Apponyi Fleur' moccaserviesje op blad"", ""total"": null, ""weight_size_quality"": null}"
02e84a41-f51b-44b9-b328-b98f74e12b56,20020,26-0589/7,67d3691b-0d4a-4615-9e5c-fbf4dfd989e8,723,Vendue Next Door Part 2 Premium | september,Premium kleingoed,Een Royal Worchester handbeschilderd Fruit Christening Mokka servies,Een Royal Worchester handbeschilderd Fruit Christening Mokka servies,"<h3>Period</h3>Ca. 1950, Engeland<h3>Description</h3><p>Het serviesgedeelte bestaande uit:<br>- Zes theekopjes;<br>- Zes schoteltjes;<br>- Een kommetje;<br>- Een koffiekan;<br>- Een melkkannetje.<br><br>Gemerkt onderop en en met de signaturen van de schilders op de onderdelen.</p><h3>Dimensions</h3>H. tot ca. 18 cm<h3>Condition Report</h3><p>De koffiekan met defecten. Verder overwegend in goede staat.</p>",published,EUR,300.0,500.0,100.0,100.0,,1,0,,,True,"Mon, 31 Aug 2026 08:00:00 GMT","Tue, 08 Sep 2026 17:42:00 GMT",https://media.app.artisio.co/media/3fc437c0-fdbb-4208-955a-90293eab416d/inventory/c24b69e1-9299-4929-aa24-9126aa474296/4f9eb57c-91ea-4deb-8aa7-85e0c245b1d0/0001_wYzcJg_sm.jpeg;https://media.app.artisio.co/media/3fc437c0-fdbb-4208-955a-90293eab416d/inventory/c24b69e1-9299-4929-aa24-9126aa474296/40229e15-b285-4010-8911-ac2ae31223f9/0002_qfdPfa_sm.jpeg;https://media.app.artisio.co/media/3fc437c0-fdbb-4208-955a-90293eab416d/inventory/c24b69e1-9299-4929-aa24-9126aa474296/a6c67385-05f4-4bc8-a39b-75fd4541b8f5/0003_sReAdU_sm.jpeg,3,"{""artist_retail_right"": false, ""comments"": null, ""condition"": null, ""condition_report"": ""<p>De koffiekan met defecten. Verder overwegend in goede staat.</p>"", ""description"": ""<p>Het serviesgedeelte bestaande uit:<br>- Zes theekopjes;<br>- Zes schoteltjes;<br>- Een kommetje;<br>- Een koffiekan;<br>- Een melkkannetje.<br><br>Gemerkt onderop en en met de signaturen van de schilders op de onderdelen.</p>"", ""dimensions"": ""H. tot ca. 18 cm"", ""footnote"": null, ""header"": null, ""internal_reference"": null, ""literature"": null, ""origin_exhibition_lite"": null, ""painter_artist_school"": null, ""period"": ""Ca. 1950, Engeland"", ""title"": ""Een Royal Worchester handbeschilderd Fruit Christening Mokka servies"", ""total"": null, ""weight_size_quality"": null}"
913d9173-8b87-466c-a247-81633353e59a,20021,2020-2384/98,67d3691b-0d4a-4615-9e5c-fbf4dfd989e8,723,Vendue Next Door Part 2 Premium | september,Premium kleingoed,"A carved limewood sculpture group of the Pieta, probably South German","A carved limewood sculpture group of the Pieta, probably South German","<h3>Period</h3>16th/17th century, Germany<h3>Description</h3><p>The cloaked figure of Mary holding the lifeless body of Christ on her lap and seated on a wall or bench, on a low base.</p><h3>Dimensions</h3>Ca. 33 x 29 x 17 cm<h3>Condition Report</h3><p>With old restorations to the legs of Christ (lower legs probably of later date) and head of Mary.</p>",published,EUR,800.0,1200.0,500.0,500.0,2000.0,1,0,,,True,"Mon, 31 Aug 2026 08:00:00 GMT","Tue, 08 Sep 2026 17:42:00 GMT",https://media.app.artisio.co/media/3fc437c0-fdbb-4208-955a-90293eab416d/inventory/5c5c1268-28d5-4101-9848-6a9fc2cd74ff/228a97b4-450c-40ed-9f10-5bff5f616485/0001_jCPVWv_sm.jpeg;https://media.app.artisio.co/media/3fc437c0-fdbb-4208-955a-90293eab416d/inventory/5c5c1268-28d5-4101-9848-6a9fc2cd74ff/6b07d2ea-7360-48ed-8ee2-1b2b4542e5db/0002_hruFZb_sm.jpeg;https://media.app.artisio.co/media/3fc437c0-fdbb-4208-955a-90293eab416d/inventory/5c5c1268-28d5-4101-9848-6a9fc2cd74ff/9db7995d-6b9c-4245-a4d8-c5f99b3e8f9d/0003_osxGpD_sm.jpeg;https://media.app.artisio.co/media/3fc437c0-fdbb-4208-955a-90293eab416d/inventory/5c5c1268-28d5-4101-9848-6a9fc2cd74ff/26de86d8-6452-405c-a664-3d3733b92d7d/0004_yMFjFn_sm.jpeg,4,"{""artist_retail_right"": false, ""comments"": null, ""condition"": null, ""condition_report"": ""<p>With old restorations to the legs of Christ (lower legs probably of later date) and head of Mary.</p>"", ""description"": ""<p>The cloaked figure of Mary holding the lifeless body of Christ on her lap and seated on a wall or bench, on a low base.</p>"", ""dimensions"": ""Ca. 33 x 29 x 17 cm"", ""footnote"": null, ""header"": null, ""internal_reference"": null, ""literature"": null, ""origin_exhibition_lite"": null, ""painter_artist_school"": null, ""period"": ""16th/17th century, Germany"", ""title"": ""A carved limewood sculpture group of the Pieta, probably South German"", ""total"": null, ""weight_size_quality"": null}"
74a5aa94-dfda-4a3a-9482-6c4de769b3da,20022,26-0438/4,67d3691b-0d4a-4615-9e5c-fbf4dfd989e8,723,Vendue Next Door Part 2 Premium | september,Premium kleingoed,Een Meissen blauw wit porseleinen ecuelle dekseldom met oortjes,Een Meissen blauw wit porseleinen ecuelle dekseldom met oortjes,"<h3>Period</h3>18e eeuw, Duitsland<h3>Description</h3><p>De ecuelle met blauwwitte decoratie geinspireerd op het Qianlong Chinese exportporselein, gemerkt voor Meissen aan de onderzijde.</p><h3>Dimensions</h3>H. 10,5 cm (incl. deksel)<h3>Condition Report</h3><p>Een klein haarlijntje, verder in goede conditie. Geen restauraties.</p>",published,EUR,300.0,500.0,200.0,200.0,,1,0,,,True,"Mon, 31 Aug 2026 08:00:00 GMT","Tue, 08 Sep 2026 17:42:00 GMT",https://media.app.artisio.co/media/3fc437c0-fdbb-4208-955a-90293eab416d/inventory/4d9d49ed-75c9-4e34-9547-5ea6aa36404c/1466799f-d0f0-4792-926d-daee5577a9d9/0001_xIZVuI_sm.jpeg;https://media.app.artisio.co/media/3fc437c0-fdbb-4208-955a-90293eab416d/inventory/4d9d49ed-75c9-4e34-9547-5ea6aa36404c/3ceb4389-3188-4387-bab7-898f3a5cbf2c/0002_rWUboj_sm.jpeg;https://media.app.artisio.co/media/3fc437c0-fdbb-4208-955a-90293eab416d/inventory/4d9d49ed-75c9-4e34-9547-5ea6aa36404c/74398030-70aa-49fc-9670-0981192f12ea/0003_itZmsS_sm.jpeg;https://media.app.artisio.co/media/3fc437c0-fdbb-4208-955a-90293eab416d/inventory/4d9d49ed-75c9-4e34-9547-5ea6aa36404c/0aea43e2-0af1-4bea-ade5-510f7d812818/0004_HXSPLJ_sm.jpeg;https://media.app.artisio.co/media/3fc437c0-fdbb-4208-955a-90293eab416d/inventory/4d9d49ed-75c9-4e34-9547-5ea6aa36404c/f425ab54-fc43-446d-9382-a02080a06607/0005_MQQZJh_sm.jpeg,5,"{""artist_retail_right"": false, ""comments"": null, ""condition"": null, ""condition_report"": ""<p>Een klein haarlijntje, verder in goede conditie. Geen restauraties.</p>"", ""description"": ""<p>De ecuelle met blauwwitte decoratie geinspireerd op het Qianlong Chinese exportporselein, gemerkt voor Meissen aan de onderzijde.</p>"", ""dimensions"": ""H. 10,5 cm (incl. deksel)"", ""footnote"": null, ""header"": """", ""internal_reference"": null, ""literature"": null, ""origin_exhibition_lite"": null, ""painter_artist_school"": """", ""period"": ""18e eeuw, Duitsland"", ""title"": ""Een Meissen blauw wit porseleinen ecuelle dekseldom met oortjes"", ""total"": null, ""weight_size_quality"": null}"
33604c63-f23d-496a-a42e-7f8efc6d0b34,20023,26-0843/13,67d3691b-0d4a-4615-9e5c-fbf4dfd989e8,723,Vendue Next Door Part 2 Premium | september,Premium kleingoed,Een wekker klokje van Van Cleef & Arpels,Een wekker klokje van Van Cleef & Arpels,"<h3>Period</h3>Ca. 1960<h3>Description</h3><p>Goudkleurige metalen cilindrische vorm, aan elke zijde versierd met geëmailleerd lapis lazuliblauw plaquette, net als de wijzerplaat waarop de wijzers zijn aangebracht die de uren aangeven. 8-daags mechanisch uurwerk met datumaanduiding op zes uur en alarmfunctie, de wijzerplaat is gesigneerd van cleef & arpels, circa 1960.<br>Conditie: Wekker gerepareerd door erkende klokkenmaker.<br>-Miniem randdeukje.<br>-lapis lazuli plaquette aan de linkerkant op enkele plaatsen bijgewerkt.&nbsp;</p><h3>Dimensions</h3>L 9.5 cm, H 6.5 cm",published,EUR,800.0,1200.0,600.0,600.0,,1,0,,,True,"Mon, 31 Aug 2026 08:00:00 GMT","Tue, 08 Sep 2026 17:42:00 GMT",https://media.app.artisio.co/media/3fc437c0-fdbb-4208-955a-90293eab416d/inventory/e1363a88-1361-4334-b6d0-5c5014c8ae21/a8b83c08-e993-4970-b0bf-f8aa1f88f6a6/0001_sGEfvY_sm.jpeg;https://media.app.artisio.co/media/3fc437c0-fdbb-4208-955a-90293eab416d/inventory/e1363a88-1361-4334-b6d0-5c5014c8ae21/5a0ce2e7-c0bc-46e5-9367-5df99bf02434/0002_NsxlOh_sm.jpeg;https://media.app.artisio.co/media/3fc437c0-fdbb-4208-955a-90293eab416d/inventory/e1363a88-1361-4334-b6d0-5c5014c8ae21/583e373d-638e-4ddb-a600-dce0abdecea1/0003_smeCpA_sm.jpeg,3,"{""artist_retail_right"": false, ""comments"": null, ""condition"": ""(1014)  "", ""condition_report"": null, ""description"": ""<p>Goudkleurige metalen cilindrische vorm, aan elke zijde versierd met geëmailleerd lapis lazuliblauw plaquette, net als de wijzerplaat waarop de wijzers zijn aangebracht die de uren aangeven. 8-daags mechanisch uurwerk met datumaanduiding op zes uur en alarmfunctie, de wijzerplaat is gesigneerd van cleef & arpels, circa 1960.<br>Conditie: Wekker gerepareerd door erkende klokkenmaker.<br>-Miniem randdeukje.<br>-lapis lazuli plaquette aan de linkerkant op enkele plaatsen bijgewerkt.&nbsp;</p>"", ""dimensions"": ""L 9.5 cm, H 6.5 cm"", ""footnote"": null, ""header"": null, ""internal_reference"": null, ""literature"": null, ""origin_exhibition_lite"": null, ""painter_artist_school"": null, ""period"": ""Ca. 1960"", ""title"": ""Een wekker klokje van Van Cleef & Arpels"", ""total"": null, ""weight_size_quality"": null}"
1da5b7b2-fd5d-43e9-a965-88e0a7538ca6,20024,26-0843/14,67d3691b-0d4a-4615-9e5c-fbf4dfd989e8,723,Vendue Next Door Part 2 Premium | september,Premium kleingoed,"The Johann Strauss Waltzes of old Vienna Music Box, gelimiteerde oplage nr. 2103 van een oplage van 2500, vervaardigd door The Franklin Mint 1985","The Johann Strauss Waltzes of old Vienna Music Box, gelimiteerde oplage nr. 2103 van een oplage van 2500, vervaardigd door The Franklin Mint 1985",<h3>Period</h3>1985<h3>Description</h3><p>Met vijf verwisselbare rollen. HxBxD: 10 x 40.5 x 16.5 cm. De doos met ingelegd hout. In zeer nette conditie.</p>,published,EUR,1000.0,1500.0,700.0,700.0,,1,0,,,True,"Mon, 31 Aug 2026 08:00:00 GMT","Tue, 08 Sep 2026 17:42:00 GMT",https://media.app.artisio.co/media/3fc437c0-fdbb-4208-955a-90293eab416d/inventory/fcf72975-00c6-413f-a685-aa1195b190ee/7bca66b9-39c8-481c-99b1-f0853c05c039/0001_ZjQjqn_sm.jpeg;https://media.app.artisio.co/media/3fc437c0-fdbb-4208-955a-90293eab416d/inventory/fcf72975-00c6-413f-a685-aa1195b190ee/2d15a5ae-8b97-41c4-8e9e-5fa550006d1d/0002_mTujOY_sm.jpeg;https://media.app.artisio.co/media/3fc437c0-fdbb-4208-955a-90293eab416d/inventory/fcf72975-00c6-413f-a685-aa1195b190ee/a9011ec2-d362-46a6-8d51-bcf0340c5e60/0003_IgjCun_sm.jpeg;https://media.app.artisio.co/media/3fc437c0-fdbb-4208-955a-90293eab416d/inventory/fcf72975-00c6-413f-a685-aa1195b190ee/53061c9c-1f4a-4107-808d-e04c6d821756/0004_gQDcYQ_sm.jpeg,4,"{""artist_retail_right"": false, ""comments"": null, ""condition"": ""(1111) "", ""condition_report"": null, ""description"": ""<p>Met vijf verwisselbare rollen. HxBxD: 10 x 40.5 x 16.5 cm. De doos met ingelegd hout. In zeer nette conditie.</p>"", ""dimensions"": null, ""footnote"": null, ""header"": null, ""internal_reference"": null, ""literature"": null, ""origin_exhibition_lite"": null, ""painter_artist_school"": null, ""period"": ""1985"", ""title"": ""The Johann Strauss Waltzes of old Vienna Music Box, gelimiteerde oplage nr. 2103 van een oplage van 2500, vervaardigd door The Franklin Mint 1985"", ""total"": null, ""weight_size_quality"": null}"
1177812a-29fe-4188-91a9-2eed0e9c9ef8,20025,26-0843/17,67d3691b-0d4a-4615-9e5c-fbf4dfd989e8,723,Vendue Next Door Part 2 Premium | september,Premium kleingoed,Een aderlatings apparaatje in foudraal,Een aderlatings apparaatje in foudraal,"<h3>Period</h3>19e eeuw<h3>Dimensions</h3>H 6.4 cm, L 5.5 x 4.3 cm",published,EUR,400.0,600.0,200.0,200.0,,1,0,,,True,"Mon, 31 Aug 2026 08:00:00 GMT","Tue, 08 Sep 2026 17:42:00 GMT",https://media.app.artisio.co/media/3fc437c0-fdbb-4208-955a-90293eab416d/inventory/62a20aa3-72ba-497e-bc56-222ea39e7681/504bfe59-79d6-4a8a-8624-1b8416878e7c/0001_SkLdwu_sm.jpeg;https://media.app.artisio.co/media/3fc437c0-fdbb-4208-955a-90293eab416d/inventory/62a20aa3-72ba-497e-bc56-222ea39e7681/153c2f35-ef4b-4da6-89b8-6ae24ebfee5a/0002_aMKAFl_sm.jpeg;https://media.app.artisio.co/media/3fc437c0-fdbb-4208-955a-90293eab416d/inventory/62a20aa3-72ba-497e-bc56-222ea39e7681/b58c8e35-bbb4-4413-b614-e13289bfe7ed/0003_KPeRhx_sm.jpeg,3,"{""artist_retail_right"": false, ""comments"": null, ""condition"": ""1009"", ""condition_report"": null, ""description"": null, ""dimensions"": ""H 6.4 cm, L 5.5 x 4.3 cm"", ""footnote"": null, ""header"": null, ""internal_reference"": null, ""literature"": null, ""origin_exhibition_lite"": null, ""painter_artist_school"": null, ""period"": ""19e eeuw"", ""title"": ""Een aderlatings apparaatje in foudraal"", ""total"": null, ""weight_size_quality"": null}"
c227637b-392b-4059-b292-45a936615360,20026,26-0843/37,67d3691b-0d4a-4615-9e5c-fbf4dfd989e8,723,Vendue Next Door Part 2 Premium | september,Premium kleingoed,Een Swarovski Habicht AT80 monokijker in tas,Een Swarovski Habicht AT80 monokijker in tas,<h3>Description</h3><p>Met een 20-60x oculair</p><h3>Dimensions</h3>L ca. 46 cm,published,EUR,800.0,1200.0,600.0,600.0,,1,0,,,True,"Mon, 31 Aug 2026 08:00:00 GMT","Tue, 08 Sep 2026 17:42:00 GMT",https://media.app.artisio.co/media/3fc437c0-fdbb-4208-955a-90293eab416d/inventory/cb2ca55a-3b0a-4937-bb3f-df9dc835afd3/03534c42-c8e4-4806-9498-47974a3f52ae/0001_tLPQcm_sm.jpeg;https://media.app.artisio.co/media/3fc437c0-fdbb-4208-955a-90293eab416d/inventory/cb2ca55a-3b0a-4937-bb3f-df9dc835afd3/996d2c37-2cd8-40b3-9d85-97651b4371a0/0002_AieFkt_sm.jpeg;https://media.app.artisio.co/media/3fc437c0-fdbb-4208-955a-90293eab416d/inventory/cb2ca55a-3b0a-4937-bb3f-df9dc835afd3/75b14ac4-aecd-46a1-bab9-6b2e04795379/0003_SCUzEt_sm.jpeg,3,"{""artist_retail_right"": false, ""comments"": null, ""condition"": null, ""condition_report"": null, ""description"": ""<p>Met een 20-60x oculair</p>"", ""dimensions"": ""L ca. 46 cm"", ""footnote"": null, ""header"": null, ""internal_reference"": null, ""literature"": null, ""origin_exhibition_lite"": null, ""painter_artist_school"": null, ""period"": null, ""title"": ""Een Swarovski Habicht AT80 monokijker in tas"", ""total"": null, ""weight_size_quality"": null}"
dbecc062-0d91-4ea3-85d5-cea4a72e98a6,20027,26-0843/40,67d3691b-0d4a-4615-9e5c-fbf4dfd989e8,723,Vendue Next Door Part 2 Premium | september,Premium kleingoed,"Vier verzilverde kandelaren, Christofle model Dupérier ","Vier verzilverde kandelaren, Christofle model Dupérier ","<h3>Period</h3>Tweede helft 20ste eeuw, Frankrijk<h3>Description</h3><p>In klassieke stijl op achthoekig basement.</p><h3>Dimensions</h3>H: 20.5 cm",published,EUR,1000.0,2000.0,700.0,700.0,,1,0,,,True,"Mon, 31 Aug 2026 08:00:00 GMT","Tue, 08 Sep 2026 17:42:00 GMT",https://media.app.artisio.co/media/3fc437c0-fdbb-4208-955a-90293eab416d/inventory/532dab61-ccba-4b84-89e4-07523b9ca846/b4a4be0d-0b5e-42d4-a4c3-f86bfa03e992/0001_GIOiUf_sm.jpeg;https://media.app.artisio.co/media/3fc437c0-fdbb-4208-955a-90293eab416d/inventory/532dab61-ccba-4b84-89e4-07523b9ca846/963b3874-7478-4229-8d22-280bee02e5d1/0002_MlCBHg_sm.jpeg;https://media.app.artisio.co/media/3fc437c0-fdbb-4208-955a-90293eab416d/inventory/532dab61-ccba-4b84-89e4-07523b9ca846/86e4fbe8-9a97-4a22-90bb-8fcf60481c88/0003_LqEKWQ_sm.jpeg,3,"{""artist_retail_right"": false, ""comments"": null, ""condition"": ""(1112) "", ""condition_report"": null, ""description"": ""<p>In klassieke stijl op achthoekig basement.</p>"", ""dimensions"": ""H: 20.5 cm"", ""footnote"": null, ""header"": null, ""internal_reference"": null, ""literature"": null, ""origin_exhibition_lite"": null, ""painter_artist_school"": null, ""period"": ""Tweede helft 20ste eeuw, Frankrijk"", ""title"": ""Vier verzilverde kandelaren, Christofle model Dupérier "", ""total"": null, ""weight_size_quality"": null}"
ed589a40-48c0-4aff-b720-76fbf0773713,20028,26-0843/44,67d3691b-0d4a-4615-9e5c-fbf4dfd989e8,723,Vendue Next Door Part 2 Premium | september,Premium kleingoed,Een monoculaire microscoop Stiassnie Paris,Een monoculaire microscoop Stiassnie Paris,<h3>Period</h3>Circa 1930<h3>Dimensions</h3>H: 31.5 cm,published,EUR,500.0,800.0,300.0,300.0,,1,0,,,True,"Mon, 31 Aug 2026 08:00:00 GMT","Tue, 08 Sep 2026 17:42:00 GMT",https://media.app.artisio.co/media/3fc437c0-fdbb-4208-955a-90293eab416d/inventory/488b039d-ad40-43ac-84c5-540aeb2949f3/029bc622-7ea8-4c46-b5d8-a69c0046ffc2/0001_VeZBMZ_sm.jpeg;https://media.app.artisio.co/media/3fc437c0-fdbb-4208-955a-90293eab416d/inventory/488b039d-ad40-43ac-84c5-540aeb2949f3/9930f578-f4a9-4e62-aaf8-1e432b8cb0c3/0002_RoeBxe_sm.jpeg;https://media.app.artisio.co/media/3fc437c0-fdbb-4208-955a-90293eab416d/inventory/488b039d-ad40-43ac-84c5-540aeb2949f3/ccb9009d-613b-47a4-b423-d3bfb85a09b1/0003_pQqTDs_sm.jpeg,3,"{""artist_retail_right"": false, ""comments"": null, ""condition"": ""(1033) "", ""condition_report"": null, ""description"": null, ""dimensions"": ""H: 31.5 cm"", ""footnote"": null, ""header"": null, ""internal_reference"": null, ""literature"": null, ""origin_exhibition_lite"": null, ""painter_artist_school"": null, ""period"": ""Circa 1930"", ""title"": ""Een monoculaire microscoop Stiassnie Paris"", ""total"": null, ""weight_size_quality"": null}"
65277210-c1fe-429f-9c55-d2115bb56b20,20029,26-0843/45,67d3691b-0d4a-4615-9e5c-fbf4dfd989e8,723,Vendue Next Door Part 2 Premium | september,Premium kleingoed,"Een koperen dubbele zuil microscoop, in kist","Een koperen dubbele zuil microscoop, in kist","<h3>Period</h3>19e eeuw<h3>Description</h3><p>Sleuteltje manco.</p><h3>Dimensions</h3>26.5 x 14.5 cm, (H 9.5 cm)",published,EUR,400.0,600.0,200.0,200.0,,1,0,,,True,"Mon, 31 Aug 2026 08:00:00 GMT","Tue, 08 Sep 2026 17:42:00 GMT",https://media.app.artisio.co/media/3fc437c0-fdbb-4208-955a-90293eab416d/inventory/3fbc4f59-6075-47ec-8729-3209e28285e7/920eab32-47bc-4d7e-833f-6c48d6648b4c/0001_CxBLOJ_sm.jpeg;https://media.app.artisio.co/media/3fc437c0-fdbb-4208-955a-90293eab416d/inventory/3fbc4f59-6075-47ec-8729-3209e28285e7/9012524c-1f9e-495e-aab6-a916b5583488/0002_lyYOJK_sm.jpeg;https://media.app.artisio.co/media/3fc437c0-fdbb-4208-955a-90293eab416d/inventory/3fbc4f59-6075-47ec-8729-3209e28285e7/f1c4faed-40aa-4b2c-99ab-11faef5c7763/0003_gZCYuE_sm.jpeg;https://media.app.artisio.co/media/3fc437c0-fdbb-4208-955a-90293eab416d/inventory/3fbc4f59-6075-47ec-8729-3209e28285e7/74397995-8c12-49e8-8263-b2af2d319786/0004_bUfpma_sm.jpeg;https://media.app.artisio.co/media/3fc437c0-fdbb-4208-955a-90293eab416d/inventory/3fbc4f59-6075-47ec-8729-3209e28285e7/b84a890d-5be6-42ac-b5fb-a94cf3aa9ff5/0005_TSEmgC_sm.jpeg,5,"{""artist_retail_right"": false, ""comments"": null, ""condition"": ""(638) "", ""condition_report"": null, ""description"": ""<p>Sleuteltje manco.</p>"", ""dimensions"": ""26.5 x 14.5 cm, (H 9.5 cm)"", ""footnote"": null, ""header"": null, ""internal_reference"": null, ""literature"": null, ""origin_exhibition_lite"": null, ""painter_artist_school"": null, ""period"": ""19e eeuw"", ""title"": ""Een koperen dubbele zuil microscoop, in kist"", ""total"": null, ""weight_size_quality"": null}"
bffe2461-2e6e-4c34-88fa-19c515861cc4,20030,26-0718/2,67d3691b-0d4a-4615-9e5c-fbf4dfd989e8,723,Vendue Next Door Part 2 Premium | september,Premium kleingoed,Een Staffordshire 'black basalt' rouwserviesgedeelte,Een Staffordshire 'black basalt' rouwserviesgedeelte,"<h3>Period</h3>Vroeg 19e eeuw, Engeland<h3>Description</h3><p>Het theeservies bestaande uit een trommelvormige theepot, een melkkan, een suikerpot en een ronde kom, allen rondom gedecoreerd met voorstellingen in reliëf. De thee- en suikerpot met ‘weeping widdow’ cybele applique op deksel.&nbsp;<br><br>Daarbij drie moderne roemerglazen, een hiervan met restauratie aan voetrand.</p><h3>Condition Report</h3><p>Het black basalt serviesje met kleine leeftijd- en gebruiksbeschadigingen. Meest in het oog springend een klein chipje bij de tuit van de theepot, een chipje bij de tuit van de melkkan en langs de rand van de kom.</p>",published,EUR,300.0,500.0,100.0,100.0,,1,0,,,True,"Mon, 31 Aug 2026 08:00:00 GMT","Tue, 08 Sep 2026 17:42:00 GMT",https://media.app.artisio.co/media/3fc437c0-fdbb-4208-955a-90293eab416d/inventory/7bd556df-e418-4f8a-8025-4fe2a309377b/868cf444-905d-49ab-ad60-d489ab87de54/0001_jTAfUu_sm.jpeg;https://media.app.artisio.co/media/3fc437c0-fdbb-4208-955a-90293eab416d/inventory/7bd556df-e418-4f8a-8025-4fe2a309377b/7ec3f64c-e0aa-47e6-87b8-a1681d328b3b/0002_QLxKWc_sm.jpeg;https://media.app.artisio.co/media/3fc437c0-fdbb-4208-955a-90293eab416d/inventory/7bd556df-e418-4f8a-8025-4fe2a309377b/d5c7a715-9bc2-4b06-8bb4-4584be4fcc93/0003_GRvmdn_sm.jpeg,3,"{""artist_retail_right"": false, ""comments"": null, ""condition"": null, ""condition_report"": ""<p>Het black basalt serviesje met kleine leeftijd- en gebruiksbeschadigingen. Meest in het oog springend een klein chipje bij de tuit van de theepot, een chipje bij de tuit van de melkkan en langs de rand van de kom.</p>"", ""description"": ""<p>Het theeservies bestaande uit een trommelvormige theepot, een melkkan, een suikerpot en een ronde kom, allen rondom gedecoreerd met voorstellingen in reliëf. De thee- en suikerpot met ‘weeping widdow’ cybele applique op deksel.&nbsp;<br><br>Daarbij drie moderne roemerglazen, een hiervan met restauratie aan voetrand.</p>"", ""dimensions"": null, ""footnote"": null, ""header"": null, ""internal_reference"": null, ""literature"": null, ""origin_exhibition_lite"": null, ""painter_artist_school"": null, ""period"": ""Vroeg 19e eeuw, Engeland"", ""title"": ""Een Staffordshire 'black basalt' rouwserviesgedeelte"", ""total"": null, ""weight_size_quality"": null}"
b9febd45-c974-4bd7-8995-c68359c2be03,20031,26-0904/4,67d3691b-0d4a-4615-9e5c-fbf4dfd989e8,723,Vendue Next Door Part 2 Premium | september,Premium kleingoed,"Een meerschuim pijp in origineel etui van Fa. Wasmann, Amsterdam","Een meerschuim pijp in origineel etui van Fa. Wasmann, Amsterdam","<h3>Description</h3><p>In de vorm van een pootje met hoef, met barnstenen mondstuk. Eind 19e eeuw.</p><h3>Dimensions</h3>L. ca 14,5 cm<h3>Literature</h3><p>Provenance: uit het bezit van de voormalige eigenaresse van Fa. Wasmann, Reguliersdwarsstraat 7, Amsterdam (gesloten in 1973).</p>",published,EUR,200.0,300.0,100.0,100.0,,1,0,,,True,"Mon, 31 Aug 2026 08:00:00 GMT","Tue, 08 Sep 2026 17:42:00 GMT",https://media.app.artisio.co/media/3fc437c0-fdbb-4208-955a-90293eab416d/inventory/4a17ee62-0c32-4b47-9360-8b6385c8a273/0812351e-e57d-4efa-8491-64add0dfb6fe/0001_waupSB_sm.jpeg;https://media.app.artisio.co/media/3fc437c0-fdbb-4208-955a-90293eab416d/inventory/4a17ee62-0c32-4b47-9360-8b6385c8a273/73f46ecd-8cfc-402d-b259-b04b24af0b74/0002_iiHVmS_sm.jpeg;https://media.app.artisio.co/media/3fc437c0-fdbb-4208-955a-90293eab416d/inventory/4a17ee62-0c32-4b47-9360-8b6385c8a273/a8e1c564-44b6-499c-b190-a4c75ac89241/0003_emIdqi_sm.jpeg;https://media.app.artisio.co/media/3fc437c0-fdbb-4208-955a-90293eab416d/inventory/4a17ee62-0c32-4b47-9360-8b6385c8a273/33a1b989-65fb-4145-9584-d50db3dbc402/0004_QaWUlA_sm.jpeg;https://media.app.artisio.co/media/3fc437c0-fdbb-4208-955a-90293eab416d/inventory/4a17ee62-0c32-4b47-9360-8b6385c8a273/c6622016-26de-4a04-8d76-9e8db273dfb3/0005_pgDDSG_sm.jpeg,5,"{""artist_retail_right"": false, ""comments"": null, ""condition"": null, ""condition_report"": null, ""description"": ""<p>In de vorm van een pootje met hoef, met barnstenen mondstuk. Eind 19e eeuw.</p>"", ""dimensions"": ""L. ca 14,5 cm"", ""footnote"": null, ""header"": null, ""internal_reference"": null, ""literature"": ""<p>Provenance: uit het bezit van de voormalige eigenaresse van Fa. Wasmann, Reguliersdwarsstraat 7, Amsterdam (gesloten in 1973).</p>"", ""origin_exhibition_lite"": null, ""painter_artist_school"": null, ""period"": null, ""title"": ""Een meerschuim pijp in origineel etui van Fa. Wasmann, Amsterdam"", ""total"": null, ""weight_size_quality"": null}"
df9892d4-e386-410f-b15e-84c7b8b3607a,20032,26-0904/5,67d3691b-0d4a-4615-9e5c-fbf4dfd989e8,723,Vendue Next Door Part 2 Premium | september,Premium kleingoed,"Vijfentwintig barnstenen mondstukken voor pijpen, Fa Wasmann, Amsterdam","Vijfentwintig barnstenen mondstukken voor pijpen, Fa Wasmann, Amsterdam","<h3>Description</h3><p>Donkere en lichtere kleuren, meest opaak en zes transparant.&nbsp;</p><h3>Dimensions</h3>Tussen ca 3,8 en 6 cm<h3>Literature</h3><p>Provenance: uit het bezit van de voormalige eigenaresse van Fa. Wasmann, Reguliersdwarsstraat 7, Amsterdam (gesloten in 1973).</p>",published,EUR,200.0,400.0,200.0,200.0,,1,0,,,True,"Mon, 31 Aug 2026 08:00:00 GMT","Tue, 08 Sep 2026 17:42:00 GMT",https://media.app.artisio.co/media/3fc437c0-fdbb-4208-955a-90293eab416d/inventory/096d5f64-11da-49c9-8a46-d4c6e78842dc/f3b7cc74-149c-48e0-81db-c34776cb8849/0001_XqUWzg_sm.jpeg;https://media.app.artisio.co/media/3fc437c0-fdbb-4208-955a-90293eab416d/inventory/096d5f64-11da-49c9-8a46-d4c6e78842dc/6cf57b4d-0fc3-4317-89ff-05f19a90e28b/0002_pIrnyG_sm.jpeg,2,"{""artist_retail_right"": false, ""comments"": null, ""condition"": null, ""condition_report"": null, ""description"": ""<p>Donkere en lichtere kleuren, meest opaak en zes transparant.&nbsp;</p>"", ""dimensions"": ""Tussen ca 3,8 en 6 cm"", ""footnote"": null, ""header"": null, ""internal_reference"": null, ""literature"": ""<p>Provenance: uit het bezit van de voormalige eigenaresse van Fa. Wasmann, Reguliersdwarsstraat 7, Amsterdam (gesloten in 1973).</p>"", ""origin_exhibition_lite"": null, ""painter_artist_school"": null, ""period"": null, ""title"": ""Vijfentwintig barnstenen mondstukken voor pijpen, Fa Wasmann, Amsterdam"", ""total"": null, ""weight_size_quality"": null}"
98afaa5e-5bfe-41db-80a0-e0775f37a067,20033,25-2350/21,67d3691b-0d4a-4615-9e5c-fbf4dfd989e8,723,Vendue Next Door Part 2 Premium | september,Premium kleingoed,Een kleine collectie Herend groen Apponyi porselein,Een kleine collectie Herend groen Apponyi porselein,"<h3>Period</h3>20e eeuw, Hongarije<h3>Description</h3><p>Bestaande uit:<br>- Een groot bladvormig dekselpotje;<br>- Een klein bladvormig dekselpotje;<br>- Een verhoogd dekselpotje;<br>- Een ovaalvormig dekselpotje;<br>- Een klein rond dekselpotje;<br>- Twee hoge kommen;<br>- Een klein dienblaadje;<br>- Een groter mandje;<br>- Een kleiner mandje;<br>- Een paars Apponyi bladvormig dienblaadje.<br><br>Allen gemerkt aan de onderzijde.</p><h3>Dimensions</h3>H. tot 14,5 cm<h3>Condition Report</h3><p>In goede conditie, minimale beschadigingen/slijtage.</p>",published,EUR,100.0,200.0,100.0,100.0,,1,1,100.0,100.0,True,"Mon, 31 Aug 2026 08:00:00 GMT","Tue, 08 Sep 2026 17:45:00 GMT",https://media.app.artisio.co/media/3fc437c0-fdbb-4208-955a-90293eab416d/inventory/80baeaf4-d662-4775-9b55-b6982fea89e1/8c4a0a7f-fd59-412d-a303-006981b45789/0001_rUhTTm_sm.jpeg;https://media.app.artisio.co/media/3fc437c0-fdbb-4208-955a-90293eab416d/inventory/80baeaf4-d662-4775-9b55-b6982fea89e1/97e7cea1-f3ad-4ad9-bba9-605b10834658/0002_wyqhPA_sm.jpeg;https://media.app.artisio.co/media/3fc437c0-fdbb-4208-955a-90293eab416d/inventory/80baeaf4-d662-4775-9b55-b6982fea89e1/d74bdb27-baeb-4fe0-9c9d-f52166190dfd/0003_RgIUay_sm.jpeg;https://media.app.artisio.co/media/3fc437c0-fdbb-4208-955a-90293eab416d/inventory/80baeaf4-d662-4775-9b55-b6982fea89e1/edda12ce-42ca-4a22-a473-a013b7e7c138/0004_wUEXGn_sm.jpeg;https://media.app.artisio.co/media/3fc437c0-fdbb-4208-955a-90293eab416d/inventory/80baeaf4-d662-4775-9b55-b6982fea89e1/e799ebe2-83dd-4179-8f8a-f71a12130f85/0005_snuJEp_sm.jpeg;https://media.app.artisio.co/media/3fc437c0-fdbb-4208-955a-90293eab416d/inventory/80baeaf4-d662-4775-9b55-b6982fea89e1/7343fda9-61ab-49d2-b756-b31164883301/0006_uhDsLq_sm.jpeg,6,"{""artist_retail_right"": false, ""comments"": null, ""condition"": null, ""condition_report"": ""<p>In goede conditie, minimale beschadigingen/slijtage.</p>"", ""description"": ""<p>Bestaande uit:<br>- Een groot bladvormig dekselpotje;<br>- Een klein bladvormig dekselpotje;<br>- Een verhoogd dekselpotje;<br>- Een ovaalvormig dekselpotje;<br>- Een klein rond dekselpotje;<br>- Twee hoge kommen;<br>- Een klein dienblaadje;<br>- Een groter mandje;<br>- Een kleiner mandje;<br>- Een paars Apponyi bladvormig dienblaadje.<br><br>Allen gemerkt aan de onderzijde.</p>"", ""dimensions"": ""H. tot 14,5 cm"", ""footnote"": null, ""header"": null, ""internal_reference"": null, ""literature"": null, ""origin_exhibition_lite"": null, ""painter_artist_school"": null, ""period"": ""20e eeuw, Hongarije"", ""title"": ""Een kleine collectie Herend groen Apponyi porselein"", ""total"": null, ""weight_size_quality"": null}"
c383eea3-55c2-479b-8747-5115074396d3,25001,26-0528/42,67d3691b-0d4a-4615-9e5c-fbf4dfd989e8,723,Vendue Next Door Part 2 Premium | september,Premium aziatica en aziatisch porselein,Een blauw wit porseleinen theebus met zilveren deksel ,Een blauw wit porseleinen theebus met zilveren deksel ,"<h3>Period</h3>18e eeuw, Vermoedelijk Vietnam<h3>Description</h3><p>Niet gemerkt.&nbsp;</p><h3>Dimensions</h3>H ca 17,5 cm<h3>Condition Report</h3><p>Zonder schilfers, haarlijnen en/of restauraties&nbsp;</p>",published,EUR,300.0,500.0,100.0,100.0,,1,0,,,True,"Mon, 31 Aug 2026 08:00:00 GMT","Tue, 08 Sep 2026 17:45:00 GMT",https://media.app.artisio.co/media/3fc437c0-fdbb-4208-955a-90293eab416d/inventory/ce9caf89-e44f-45ab-8b75-7adaa5e0acd7/9935dfac-b51c-4b28-8a0d-ab428c3b704e/0001_IAtGDo_sm.jpeg;https://media.app.artisio.co/media/3fc437c0-fdbb-4208-955a-90293eab416d/inventory/ce9caf89-e44f-45ab-8b75-7adaa5e0acd7/c5200f32-2208-4121-83de-39ce12079056/0002_VHidoq_sm.jpeg;https://media.app.artisio.co/media/3fc437c0-fdbb-4208-955a-90293eab416d/inventory/ce9caf89-e44f-45ab-8b75-7adaa5e0acd7/916a99d3-a2d2-452f-a2e8-9439694d3a2f/0003_hoXLPH_sm.jpeg;https://media.app.artisio.co/media/3fc437c0-fdbb-4208-955a-90293eab416d/inventory/ce9caf89-e44f-45ab-8b75-7adaa5e0acd7/a60002f1-afc6-4de4-9f70-54ba65d89b74/0004_GcLeJy_sm.jpeg,4,"{""artist_retail_right"": false, ""comments"": null, ""condition"": null, ""condition_report"": ""<p>Zonder schilfers, haarlijnen en/of restauraties&nbsp;</p>"", ""description"": ""<p>Niet gemerkt.&nbsp;</p>"", ""dimensions"": ""H ca 17,5 cm "", ""footnote"": null, ""header"": """", ""internal_reference"": null, ""literature"": null, ""origin_exhibition_lite"": null, ""painter_artist_school"": """", ""period"": ""18e eeuw, Vermoedelijk Vietnam "", ""title"": ""Een blauw wit porseleinen theebus met zilveren deksel "", ""total"": null, ""weight_size_quality"": null}"
3cf03bb6-d553-49a8-9cbc-d01dfb09380c,25002,26-0389/37,67d3691b-0d4a-4615-9e5c-fbf4dfd989e8,723,Vendue Next Door Part 2 Premium | september,Premium aziatica en aziatisch porselein,Een ca 24-delig Chinees famille verte porseleinen poppengoed serviesgedeelte ,Een ca 24-delig Chinees famille verte porseleinen poppengoed serviesgedeelte ,"<h3>Period</h3>18e eeuw, China<h3>Description</h3><p>Niet gemerkt.&nbsp;</p><h3>Condition Report</h3><p>Diverse delen met defecten als schilfers en/of haarlijnen.&nbsp;</p>",published,EUR,500.0,800.0,300.0,300.0,,1,3,350.0,350.0,True,"Mon, 31 Aug 2026 08:00:00 GMT","Tue, 08 Sep 2026 17:45:00 GMT",https://media.app.artisio.co/media/3fc437c0-fdbb-4208-955a-90293eab416d/inventory/8bd655d2-24da-4c01-b6a9-af89ff253775/2c4a9b8c-aff2-463f-87be-0183d99dad58/0001_hlkKJS_sm.jpeg;https://media.app.artisio.co/media/3fc437c0-fdbb-4208-955a-90293eab416d/inventory/8bd655d2-24da-4c01-b6a9-af89ff253775/2b184803-2a99-48a5-abfa-d044b2b332e5/0002_CrTftX_sm.jpeg;https://media.app.artisio.co/media/3fc437c0-fdbb-4208-955a-90293eab416d/inventory/8bd655d2-24da-4c01-b6a9-af89ff253775/4e525888-46ab-4440-a5cc-5bf307785141/0003_giatjs_sm.jpeg;https://media.app.artisio.co/media/3fc437c0-fdbb-4208-955a-90293eab416d/inventory/8bd655d2-24da-4c01-b6a9-af89ff253775/134a0283-4f5e-4883-8f8f-24608d8437dd/0004_WFbXVf_sm.jpeg;https://media.app.artisio.co/media/3fc437c0-fdbb-4208-955a-90293eab416d/inventory/8bd655d2-24da-4c01-b6a9-af89ff253775/56e7c5d9-9fcd-40c0-8d61-c7a5d89aac5c/0005_mjVasv_sm.jpeg;https://media.app.artisio.co/media/3fc437c0-fdbb-4208-955a-90293eab416d/inventory/8bd655d2-24da-4c01-b6a9-af89ff253775/cc0d3bb1-c369-4d3d-87c0-cea30d124147/0006_dxmWHh_sm.jpeg;https://media.app.artisio.co/media/3fc437c0-fdbb-4208-955a-90293eab416d/inventory/8bd655d2-24da-4c01-b6a9-af89ff253775/8a687cc9-8e18-4fff-8fec-a207db7a4dcf/0007_edDwhz_sm.jpeg,7,"{""artist_retail_right"": false, ""comments"": null, ""condition"": null, ""condition_report"": ""<p>Diverse delen met defecten als schilfers en/of haarlijnen.&nbsp;</p>"", ""description"": ""<p>Niet gemerkt.&nbsp;</p>"", ""dimensions"": null, ""footnote"": null, ""header"": null, ""internal_reference"": null, ""literature"": null, ""origin_exhibition_lite"": null, ""painter_artist_school"": null, ""period"": ""18e eeuw, China "", ""title"": ""Een ca 24-delig Chinees famille verte porseleinen poppengoed serviesgedeelte "", ""total"": null, ""weight_size_quality"": null}"
77c5e563-fe65-4594-bd65-acd6c53400f2,25003,26-0389/9,67d3691b-0d4a-4615-9e5c-fbf4dfd989e8,723,Vendue Next Door Part 2 Premium | september,Premium aziatica en aziatisch porselein,Een Perzische peervormige vaas met lusterglazuur,Een Perzische peervormige vaas met lusterglazuur,<h3>Dimensions</h3>H ca 16 cm,published,EUR,400.0,600.0,100.0,100.0,,1,2,120.0,120.0,True,"Mon, 31 Aug 2026 08:00:00 GMT","Tue, 08 Sep 2026 17:45:00 GMT",https://media.app.artisio.co/media/3fc437c0-fdbb-4208-955a-90293eab416d/inventory/1e8d1a4b-930e-4d0c-93fa-7564e27f7cb0/b904092f-ab8e-4680-977f-26810d2820d2/0001_YHirwI_sm.jpeg;https://media.app.artisio.co/media/3fc437c0-fdbb-4208-955a-90293eab416d/inventory/1e8d1a4b-930e-4d0c-93fa-7564e27f7cb0/625959fe-7d56-4134-a324-6e86002037db/0002_uuOWaa_sm.jpeg;https://media.app.artisio.co/media/3fc437c0-fdbb-4208-955a-90293eab416d/inventory/1e8d1a4b-930e-4d0c-93fa-7564e27f7cb0/aa7eab88-d3c8-4d37-ab50-bb048070040a/0003_DFaYuO_sm.jpeg,3,"{""artist_retail_right"": false, ""comments"": null, ""condition"": null, ""condition_report"": null, ""description"": null, ""dimensions"": ""H ca 16 cm"", ""footnote"": null, ""header"": null, ""internal_reference"": null, ""literature"": null, ""origin_exhibition_lite"": null, ""painter_artist_school"": null, ""period"": null, ""title"": ""Een Perzische peervormige vaas met lusterglazuur"", ""total"": null, ""weight_size_quality"": null}"
1e4ec206-4ae3-4b08-a66a-60cfd0ea3989,25004,26-0383/24,67d3691b-0d4a-4615-9e5c-fbf4dfd989e8,723,Vendue Next Door Part 2 Premium | september,Premium aziatica en aziatisch porselein,Een paar Chinese sancai geglazuurde aardewerk papagaaien,Een paar Chinese sancai geglazuurde aardewerk papagaaien,<h3>Period</h3>19e/20e eeuw<h3>Dimensions</h3>H 31 cm,published,EUR,300.0,500.0,100.0,100.0,,1,0,,,True,"Mon, 31 Aug 2026 08:00:00 GMT","Tue, 08 Sep 2026 17:45:00 GMT",https://media.app.artisio.co/media/3fc437c0-fdbb-4208-955a-90293eab416d/inventory/583b2ad8-ecb6-47b4-9480-407be004f1b3/98038e80-12a3-4a6c-a426-b5b745a34eaa/0001_CpNlpW_sm.jpeg;https://media.app.artisio.co/media/3fc437c0-fdbb-4208-955a-90293eab416d/inventory/583b2ad8-ecb6-47b4-9480-407be004f1b3/1ed85d4c-3def-44bd-b6f4-7df038f993a7/0002_YgbxeM_sm.jpeg;https://media.app.artisio.co/media/3fc437c0-fdbb-4208-955a-90293eab416d/inventory/583b2ad8-ecb6-47b4-9480-407be004f1b3/f9c2b5f2-3afe-40f0-9518-2904b8fb9d9e/0003_WgKcMI_sm.jpeg;https://media.app.artisio.co/media/3fc437c0-fdbb-4208-955a-90293eab416d/inventory/583b2ad8-ecb6-47b4-9480-407be004f1b3/b8e4a280-f45b-40c6-8026-d32554d3a6f3/0004_UEDzml_sm.jpeg,4,"{""artist_retail_right"": false, ""comments"": null, ""condition"": null, ""condition_report"": null, ""description"": null, ""dimensions"": ""H 31 cm"", ""footnote"": null, ""header"": null, ""internal_reference"": null, ""literature"": null, ""origin_exhibition_lite"": null, ""painter_artist_school"": null, ""period"": ""19e/20e eeuw"", ""title"": ""Een paar Chinese sancai geglazuurde aardewerk papagaaien"", ""total"": null, ""weight_size_quality"": null}"
63d4a60d-4282-4279-a039-9aa59ac22199,25005,2022-0191/29,67d3691b-0d4a-4615-9e5c-fbf4dfd989e8,723,Vendue Next Door Part 2 Premium | september,Premium aziatica en aziatisch porselein,A large dragon censer on wooden stand,A large dragon censer on wooden stand,"<h3>Period</h3>19th century<h3>Description</h3>A tripod bronze cast censer with cover. Profusely decorated with dragons and bats, standing on three elephant head feet. Not marked.<h3>Dimensions</h3>H 55 cm (or 63 cm, including wooden base)<h3>Condition Report</h3>One handle loose on one side. One foot with repair at the end (small piece replaced).",published,EUR,600.0,900.0,500.0,500.0,,1,0,,,True,"Mon, 31 Aug 2026 08:00:00 GMT","Tue, 08 Sep 2026 17:45:00 GMT",https://media.app.artisio.co/media/3fc437c0-fdbb-4208-955a-90293eab416d/inventory/c67d7cfd-da4b-4733-9897-f69ba50e8f85/9c349720-d4ba-442c-a3a5-f6b52d7da086/0002_URbGVz_sm.jpg;https://media.app.artisio.co/media/3fc437c0-fdbb-4208-955a-90293eab416d/inventory/c67d7cfd-da4b-4733-9897-f69ba50e8f85/4bf29e7a-332d-4431-801c-e365b778c878/0013_DnzsFN_sm.jpeg;https://media.app.artisio.co/media/3fc437c0-fdbb-4208-955a-90293eab416d/inventory/c67d7cfd-da4b-4733-9897-f69ba50e8f85/119c6315-75dc-4a91-a0e5-f8b65f079ca1/0008_YgaLYo_sm.jpeg;https://media.app.artisio.co/media/3fc437c0-fdbb-4208-955a-90293eab416d/inventory/c67d7cfd-da4b-4733-9897-f69ba50e8f85/f4ebe6d2-b37a-444c-8230-71cee0b6f34e/0010_umoiHS_sm.jpeg;https://media.app.artisio.co/media/3fc437c0-fdbb-4208-955a-90293eab416d/inventory/c67d7cfd-da4b-4733-9897-f69ba50e8f85/39a2aec8-be0c-48bd-a7e8-03d579a98dab/0005_FmJakA_sm.jpeg;https://media.app.artisio.co/media/3fc437c0-fdbb-4208-955a-90293eab416d/inventory/c67d7cfd-da4b-4733-9897-f69ba50e8f85/2f90ab0d-6521-4629-bc8d-53feb9e69af6/0021_JsjIho_sm.jpeg;https://media.app.artisio.co/media/3fc437c0-fdbb-4208-955a-90293eab416d/inventory/c67d7cfd-da4b-4733-9897-f69ba50e8f85/3efb1157-baaa-4e8d-b912-10f9c7cf1c1a/0012_oWHfOK_sm.jpeg;https://media.app.artisio.co/media/3fc437c0-fdbb-4208-955a-90293eab416d/inventory/c67d7cfd-da4b-4733-9897-f69ba50e8f85/ab26f230-ae84-4e30-99ae-4d2cdf48470f/0011_SForVt_sm.jpeg;https://media.app.artisio.co/media/3fc437c0-fdbb-4208-955a-90293eab416d/inventory/c67d7cfd-da4b-4733-9897-f69ba50e8f85/a89ab628-4d17-489f-beaf-aec5c4300b35/0009_isOxYf_sm.jpeg;https://media.app.artisio.co/media/3fc437c0-fdbb-4208-955a-90293eab416d/inventory/c67d7cfd-da4b-4733-9897-f69ba50e8f85/12a5afaf-23b3-4cbf-aceb-56fcca5dd8af/0019_OXQEHX_sm.jpeg;https://media.app.artisio.co/media/3fc437c0-fdbb-4208-955a-90293eab416d/inventory/c67d7cfd-da4b-4733-9897-f69ba50e8f85/a40a1529-d4d7-4882-b34d-2869dd772a1b/0020_qNZgZF_sm.jpeg;https://media.app.artisio.co/media/3fc437c0-fdbb-4208-955a-90293eab416d/inventory/c67d7cfd-da4b-4733-9897-f69ba50e8f85/43d688b6-5713-4f19-8f5d-a2ad423b3dbd/0016_rRnXJx_sm.jpeg;https://media.app.artisio.co/media/3fc437c0-fdbb-4208-955a-90293eab416d/inventory/c67d7cfd-da4b-4733-9897-f69ba50e8f85/37ee672e-b7b0-43fe-9047-a96075bd0f90/0006_XsXrHk_sm.jpeg;https://media.app.artisio.co/media/3fc437c0-fdbb-4208-955a-90293eab416d/inventory/c67d7cfd-da4b-4733-9897-f69ba50e8f85/d4bc13cb-29fc-4a88-84a4-8355db5b4df0/0001_oKXhQs_sm.jpg;https://media.app.artisio.co/media/3fc437c0-fdbb-4208-955a-90293eab416d/inventory/c67d7cfd-da4b-4733-9897-f69ba50e8f85/e89783c0-ee93-443f-b870-90e4bbeb86de/0018_WRwKNM_sm.jpeg;https://media.app.artisio.co/media/3fc437c0-fdbb-4208-955a-90293eab416d/inventory/c67d7cfd-da4b-4733-9897-f69ba50e8f85/b05d4703-94d2-4dc6-837b-ef9b1d39f338/0014_GitMSB_sm.jpeg;https://media.app.artisio.co/media/3fc437c0-fdbb-4208-955a-90293eab416d/inventory/c67d7cfd-da4b-4733-9897-f69ba50e8f85/92e193f8-e3fc-4b94-bcbd-1c9f13b593fa/0003_JDaiOO_sm.jpeg;https://media.app.artisio.co/media/3fc437c0-fdbb-4208-955a-90293eab416d/inventory/c67d7cfd-da4b-4733-9897-f69ba50e8f85/ce1010a5-5f92-45f9-ba98-2e89961fbd2c/0015_TnpkDf_sm.jpeg;https://media.app.artisio.co/media/3fc437c0-fdbb-4208-955a-90293eab416d/inventory/c67d7cfd-da4b-4733-9897-f69ba50e8f85/35165cf7-e6a5-4956-a7c6-5b42b165d547/0007_MAMAQk_sm.jpeg;https://media.app.artisio.co/media/3fc437c0-fdbb-4208-955a-90293eab416d/inventory/c67d7cfd-da4b-4733-9897-f69ba50e8f85/4d07f4d0-7d54-40b2-83d3-6bc7e19c5c11/0004_IKICSh_sm.jpeg;https://media.app.artisio.co/media/3fc437c0-fdbb-4208-955a-90293eab416d/inventory/c67d7cfd-da4b-4733-9897-f69ba50e8f85/d40e7010-6c29-438c-8f40-771c6990a95f/0017_faHXIm_sm.jpeg,21,"{""artist_retail_right"": false, ""comments"": ""<p>https://www.sothebys.com/en/auctions/ecatalogue/2015/saturday-at-sothebys-asian-art-n09437/lot.727.html</p><p>https://www.sothebys.com/en/auctions/ecatalogue/2015/saturday-at-sothebys-asian-art-n09481/lot.1359.html</p>"", ""condition"": ""https://www.sothebys.com/en/auctions/ecatalogue/2015/saturday-at-sothebys-asian-art-n09481/lot.1359.html A similar lot: https://www.sothebys.com/en/auctions/ecatalogue/2015/saturday-at-sothebys-asian-art-n09481/lot.1359.html"", ""condition_report"": ""One handle loose on one side. One foot with repair at the end (small piece replaced)."", ""description"": ""A tripod bronze cast censer with cover. Profusely decorated with dragons and bats, standing on three elephant head feet. Not marked."", ""dimensions"": ""H 55 cm (or 63 cm, including wooden base)"", ""footnote"": null, ""header"": null, ""internal_reference"": null, ""literature"": null, ""origin_exhibition_lite"": null, ""painter_artist_school"": null, ""period"": ""19th century"", ""title"": ""A large dragon censer on wooden stand"", ""total"": null, ""weight_size_quality"": null}"
f5c6b396-4cc7-4bcd-93a2-2d101204f31a,25006,2022-0191/26,67d3691b-0d4a-4615-9e5c-fbf4dfd989e8,723,Vendue Next Door Part 2 Premium | september,Premium aziatica en aziatisch porselein,A Japanese bronze vase with relief,A Japanese bronze vase with relief,"<h3>Period</h3>Meiji Period (1868-1912), Japan<h3>Description</h3>The vase decorated with a high relief showing a boat with figures. In the style of Genryusai Seiya. Marked on the base with a four character mark and impressed numbers.<h3>Dimensions</h3>H 25 cm, D 35 cm",published,EUR,600.0,900.0,500.0,500.0,,1,0,,,True,"Mon, 31 Aug 2026 08:00:00 GMT","Tue, 08 Sep 2026 17:45:00 GMT",https://media.app.artisio.co/media/3fc437c0-fdbb-4208-955a-90293eab416d/inventory/d2be3ee9-2306-49ac-bee4-188dede35da9/9257b69d-bf46-47a8-bdf7-86c551aebe1e/0006_JTIBop_sm.jpg;https://media.app.artisio.co/media/3fc437c0-fdbb-4208-955a-90293eab416d/inventory/d2be3ee9-2306-49ac-bee4-188dede35da9/d35e1922-806d-47ed-abe0-5ef3d00218f6/0005_wXBiHM_sm.jpg;https://media.app.artisio.co/media/3fc437c0-fdbb-4208-955a-90293eab416d/inventory/d2be3ee9-2306-49ac-bee4-188dede35da9/a66b2c66-5066-4139-b82c-f32e7407309f/0004_LkXvDH_sm.JPG;https://media.app.artisio.co/media/3fc437c0-fdbb-4208-955a-90293eab416d/inventory/d2be3ee9-2306-49ac-bee4-188dede35da9/2005b940-ace5-4d5a-86b9-97a4fffa4eb7/0003_wkPRaj_sm.JPG;https://media.app.artisio.co/media/3fc437c0-fdbb-4208-955a-90293eab416d/inventory/d2be3ee9-2306-49ac-bee4-188dede35da9/82431d40-57c5-4dd8-af9e-4cb646c766be/0002_syIKSA_sm.JPG;https://media.app.artisio.co/media/3fc437c0-fdbb-4208-955a-90293eab416d/inventory/d2be3ee9-2306-49ac-bee4-188dede35da9/9b7caee2-cd08-4b02-a814-f889797010f2/0001_IDheht_sm.JPG,6,"{""artist_retail_right"": false, ""comments"": null, ""condition"": null, ""condition_report"": null, ""description"": ""The vase decorated with a high relief showing a boat with figures. In the style of Genryusai Seiya. Marked on the base with a four character mark and impressed numbers."", ""dimensions"": ""H 25 cm, D 35 cm"", ""footnote"": null, ""header"": null, ""internal_reference"": null, ""literature"": null, ""origin_exhibition_lite"": null, ""painter_artist_school"": null, ""period"": ""Meiji Period (1868-1912), Japan"", ""title"": ""A Japanese bronze vase with relief"", ""total"": null, ""weight_size_quality"": null}"
6dfdeb2a-18ad-4a73-9258-de38c7966d70,25007,2022-0191/22,67d3691b-0d4a-4615-9e5c-fbf4dfd989e8,723,Vendue Next Door Part 2 Premium | september,Premium aziatica en aziatisch porselein,A Japanese Tokyo School bronze figure of a grandfather and grandson,A Japanese Tokyo School bronze figure of a grandfather and grandson,"<h3>Period</h3>Meiji Period (1868-1912), Japan<h3>Description</h3>The grandfather feeding the baby. The figures set loose on the wooden bench. Marked with a seal mark, possibly for Takaaki.<h3>Dimensions</h3>H 39 cm, L 62 cm<h3>Condition Report</h3>The chopsticks are bent, otherwise in good condition. It looks like the wooden bench may have been reinforced (visible from underside, see photos).",published,EUR,1000.0,1500.0,1000.0,1000.0,,1,0,,,True,"Mon, 31 Aug 2026 08:00:00 GMT","Tue, 08 Sep 2026 17:45:00 GMT",https://media.app.artisio.co/media/3fc437c0-fdbb-4208-955a-90293eab416d/inventory/657bb44a-06f8-4fd4-b0fd-393bb82a00bf/bacde9bd-385f-4bc7-8ecd-726b809429b5/0003_TlvQIC_sm.jpg;https://media.app.artisio.co/media/3fc437c0-fdbb-4208-955a-90293eab416d/inventory/657bb44a-06f8-4fd4-b0fd-393bb82a00bf/f6c08556-960d-481a-a4da-5cf941447d27/0013_ecEDoi_sm.jpeg;https://media.app.artisio.co/media/3fc437c0-fdbb-4208-955a-90293eab416d/inventory/657bb44a-06f8-4fd4-b0fd-393bb82a00bf/f29fc7c2-ef8c-4dd5-b91d-8f726f591872/0017_PlNLwB_sm.jpeg;https://media.app.artisio.co/media/3fc437c0-fdbb-4208-955a-90293eab416d/inventory/657bb44a-06f8-4fd4-b0fd-393bb82a00bf/6a5c90cb-96aa-476f-ae0e-a804614c3834/0016_HaiGvP_sm.jpeg;https://media.app.artisio.co/media/3fc437c0-fdbb-4208-955a-90293eab416d/inventory/657bb44a-06f8-4fd4-b0fd-393bb82a00bf/96448795-c517-4202-9b88-ffd07b8ea7ef/0015_UgCIMC_sm.jpeg;https://media.app.artisio.co/media/3fc437c0-fdbb-4208-955a-90293eab416d/inventory/657bb44a-06f8-4fd4-b0fd-393bb82a00bf/bbd9d405-f5c4-4e03-8e4c-c759f0e25768/0014_EpNcQp_sm.jpeg;https://media.app.artisio.co/media/3fc437c0-fdbb-4208-955a-90293eab416d/inventory/657bb44a-06f8-4fd4-b0fd-393bb82a00bf/5693d32c-62e8-4d45-b3fb-60a6ac00a489/0012_DXdziX_sm.jpeg;https://media.app.artisio.co/media/3fc437c0-fdbb-4208-955a-90293eab416d/inventory/657bb44a-06f8-4fd4-b0fd-393bb82a00bf/e66af62b-d534-4c38-bfd3-337d49f183e7/0011_RzzncW_sm.jpeg;https://media.app.artisio.co/media/3fc437c0-fdbb-4208-955a-90293eab416d/inventory/657bb44a-06f8-4fd4-b0fd-393bb82a00bf/c55f4aab-1612-48ca-8481-f38b26d18553/0010_TNkbcX_sm.jpeg;https://media.app.artisio.co/media/3fc437c0-fdbb-4208-955a-90293eab416d/inventory/657bb44a-06f8-4fd4-b0fd-393bb82a00bf/e89d8e33-96c0-4a65-99c3-ad11e159dc78/0009_aHWNke_sm.jpeg;https://media.app.artisio.co/media/3fc437c0-fdbb-4208-955a-90293eab416d/inventory/657bb44a-06f8-4fd4-b0fd-393bb82a00bf/69421d87-127b-49a3-a0bb-a5e4df346c02/0008_ccsieF_sm.jpeg;https://media.app.artisio.co/media/3fc437c0-fdbb-4208-955a-90293eab416d/inventory/657bb44a-06f8-4fd4-b0fd-393bb82a00bf/3bb57d5a-5fb6-4b62-9bfc-2509c64ff173/0007_aePRKe_sm.jpeg;https://media.app.artisio.co/media/3fc437c0-fdbb-4208-955a-90293eab416d/inventory/657bb44a-06f8-4fd4-b0fd-393bb82a00bf/592a7534-7799-4a22-b8cf-a6505bdd7ead/0006_ibsHJv_sm.jpeg;https://media.app.artisio.co/media/3fc437c0-fdbb-4208-955a-90293eab416d/inventory/657bb44a-06f8-4fd4-b0fd-393bb82a00bf/7c75392d-ce24-4a5c-93fe-e0e6da40a8b1/0005_GZTHOi_sm.jpeg;https://media.app.artisio.co/media/3fc437c0-fdbb-4208-955a-90293eab416d/inventory/657bb44a-06f8-4fd4-b0fd-393bb82a00bf/e4362f2e-b1cc-4b44-8095-d9e025de572b/0004_dgDtOR_sm.jpeg;https://media.app.artisio.co/media/3fc437c0-fdbb-4208-955a-90293eab416d/inventory/657bb44a-06f8-4fd4-b0fd-393bb82a00bf/db5e6523-34a6-42e4-a7ac-cef2ef4fb85e/0002_eoLLGG_sm.JPG;https://media.app.artisio.co/media/3fc437c0-fdbb-4208-955a-90293eab416d/inventory/657bb44a-06f8-4fd4-b0fd-393bb82a00bf/a3393b47-5f7f-4772-8870-1b63526c1111/0001_RkxpSL_sm.JPG,17,"{""artist_retail_right"": false, ""comments"": ""https://www.steveslyjapaneseart.com/product/a-charming-japanese-bronze-mixed-media-father-and-son-okimono-takaaki-koku/"", ""condition"": null, ""condition_report"": ""The chopsticks are bent, otherwise in good condition. It looks like the wooden bench may have been reinforced (visible from underside, see photos)."", ""description"": ""The grandfather feeding the baby. The figures set loose on the wooden bench. Marked with a seal mark, possibly for Takaaki."", ""dimensions"": ""H 39 cm, L 62 cm"", ""footnote"": null, ""header"": null, ""internal_reference"": null, ""literature"": null, ""origin_exhibition_lite"": null, ""painter_artist_school"": null, ""period"": ""Meiji Period (1868-1912), Japan"", ""title"": ""A Japanese Tokyo School bronze figure of a grandfather and grandson"", ""total"": null, ""weight_size_quality"": null}"
b291ac59-0e8a-4760-ab85-b7e7185fe038,25008,2022-0191/82,67d3691b-0d4a-4615-9e5c-fbf4dfd989e8,723,Vendue Next Door Part 2 Premium | september,Premium aziatica en aziatisch porselein,A large wood carved sculpture,A large wood carved sculpture,"<h3>Period</h3>20th century, probably Indonesia<h3>Header</h3>A large wood carved sculpture<h3>Description</h3>A mythical eagle-like bird attacking a dragon or demon. Not marked, probably Balinese mid-20th century.<h3>Weight / Size / Quality</h3>H 71 cm",published,EUR,400.0,600.0,200.0,200.0,,1,0,,,True,"Mon, 31 Aug 2026 08:00:00 GMT","Tue, 08 Sep 2026 17:45:00 GMT",https://media.app.artisio.co/media/3fc437c0-fdbb-4208-955a-90293eab416d/inventory/000818e0-f105-4d88-97a0-1e7ca5c1f379/a16efe25-6158-4387-8b08-5085870743dc/0001_rjJjBN_sm.jpg,1,"{""artist_retail_right"": false, ""comments"": null, ""condition"": null, ""condition_report"": null, ""description"": ""A mythical eagle-like bird attacking a dragon or demon. Not marked, probably Balinese mid-20th century."", ""dimensions"": null, ""footnote"": null, ""header"": ""A large wood carved sculpture"", ""internal_reference"": null, ""literature"": null, ""origin_exhibition_lite"": null, ""painter_artist_school"": null, ""period"": ""20th century, probably Indonesia"", ""title"": ""A large wood carved sculpture"", ""total"": null, ""weight_size_quality"": ""H 71 cm""}"
414535f7-4dc2-4b31-b6d6-1820709a4345,25009,2022-0191/63,67d3691b-0d4a-4615-9e5c-fbf4dfd989e8,723,Vendue Next Door Part 2 Premium | september,Premium aziatica en aziatisch porselein,Een paar Chinese metalen altaarkandelaars,Een paar Chinese metalen altaarkandelaars,"<h3>Period</h3>Laat 19e/begin 20e eeuw, China<h3>Header</h3>Een paar Chinese metalen altaarkandelaars<h3>Description</h3>De bladvormige bobeche boven gevormde kolom van karakters en gestileerde ornamenten gedragen door rustende ram, op lotustroon met florale en geometrische motieven. Met gegoten zegelmerk op de onderkant.<h3>Condition Report</h3>Slijtage van het patina, licht verkleurd, verder in goede staat.<h3>Weight / Size / Quality</h3>H (incl kaarsenpin) 35,5 cm",published,EUR,200.0,300.0,200.0,200.0,,1,0,,,True,"Mon, 31 Aug 2026 08:00:00 GMT","Tue, 08 Sep 2026 17:45:00 GMT",https://media.app.artisio.co/media/3fc437c0-fdbb-4208-955a-90293eab416d/inventory/b2f785ea-4613-4ec4-8a77-af88d3c1bedb/e1b601d2-3b30-46f0-b3f1-69cc72f71902/0001_CntzLn_sm.jpg;https://media.app.artisio.co/media/3fc437c0-fdbb-4208-955a-90293eab416d/inventory/b2f785ea-4613-4ec4-8a77-af88d3c1bedb/69a59199-0a6f-4835-b732-db91b1543900/0003_EkApvL_sm.jpg;https://media.app.artisio.co/media/3fc437c0-fdbb-4208-955a-90293eab416d/inventory/b2f785ea-4613-4ec4-8a77-af88d3c1bedb/b13b7ba4-1ebf-4ff5-b25e-ed7227deafe1/0002_yzhKSi_sm.jpg,3,"{""artist_retail_right"": false, ""comments"": null, ""condition"": null, ""condition_report"": ""Slijtage van het patina, licht verkleurd, verder in goede staat."", ""description"": ""De bladvormige bobeche boven gevormde kolom van karakters en gestileerde ornamenten gedragen door rustende ram, op lotustroon met florale en geometrische motieven. Met gegoten zegelmerk op de onderkant."", ""dimensions"": null, ""footnote"": null, ""header"": ""Een paar Chinese metalen altaarkandelaars"", ""internal_reference"": null, ""literature"": null, ""origin_exhibition_lite"": null, ""painter_artist_school"": null, ""period"": ""Laat 19e/begin 20e eeuw, China"", ""title"": ""Een paar Chinese metalen altaarkandelaars"", ""total"": null, ""weight_size_quality"": ""H (incl kaarsenpin) 35,5 cm""}"
9e15b67e-8677-4302-ad00-b6be9ef5735e,25010,25-1981/6,67d3691b-0d4a-4615-9e5c-fbf4dfd989e8,723,Vendue Next Door Part 2 Premium | september,Premium aziatica en aziatisch porselein,"Kanjiro Kawai (1890-1966), a flat stoneware vase in wooden case","Kanjiro Kawai (1890-1966), a flat stoneware vase in wooden case","<h3>Period</h3>20th century, Japan<h3>Description</h3><p>The rectangular vase with a tapered bowl, foot, and neck is decorated with abstract leaf motifs in relief. A seal mark is on the bottom. Comes in a matching wooden ‘kiri' box.</p><h3>Dimensions</h3>Ca 19 x 20 x 12 cm<h3>Condition Report</h3><p>Good condition.</p>",published,EUR,400.0,600.0,200.0,200.0,,1,1,200.0,200.0,True,"Mon, 31 Aug 2026 08:00:00 GMT","Tue, 08 Sep 2026 17:45:00 GMT",https://media.app.artisio.co/media/3fc437c0-fdbb-4208-955a-90293eab416d/inventory/febb7867-3c60-47f8-8580-0ac59d746bbb/da5f69a0-d402-4025-b1b3-b963199515f8/0001_BirDnX_sm.jpeg;https://media.app.artisio.co/media/3fc437c0-fdbb-4208-955a-90293eab416d/inventory/febb7867-3c60-47f8-8580-0ac59d746bbb/ae41e0f9-cbd8-4b58-a191-f17937b92618/0002_OkZZNs_sm.jpeg;https://media.app.artisio.co/media/3fc437c0-fdbb-4208-955a-90293eab416d/inventory/febb7867-3c60-47f8-8580-0ac59d746bbb/83530b30-af0e-4e2d-81ab-db203c94a856/0003_wmJZlL_sm.jpeg;https://media.app.artisio.co/media/3fc437c0-fdbb-4208-955a-90293eab416d/inventory/febb7867-3c60-47f8-8580-0ac59d746bbb/8b216405-c634-4595-9163-bcd001161162/0004_NhiazA_sm.jpeg;https://media.app.artisio.co/media/3fc437c0-fdbb-4208-955a-90293eab416d/inventory/febb7867-3c60-47f8-8580-0ac59d746bbb/e945aa87-d03b-467a-a643-10532e53b852/0005_UgYAHf_sm.jpeg;https://media.app.artisio.co/media/3fc437c0-fdbb-4208-955a-90293eab416d/inventory/febb7867-3c60-47f8-8580-0ac59d746bbb/2b528915-2f7e-4d14-929f-855341206f25/0006_osgQVo_sm.jpeg,6,"{""artist_retail_right"": false, ""comments"": null, ""condition"": null, ""condition_report"": ""<p>Good condition.</p>"", ""description"": ""<p>The rectangular vase with a tapered bowl, foot, and neck is decorated with abstract leaf motifs in relief. A seal mark is on the bottom. Comes in a matching wooden ‘kiri' box.</p>"", ""dimensions"": ""Ca 19 x 20 x 12 cm "", ""footnote"": null, ""header"": null, ""internal_reference"": null, ""literature"": null, ""origin_exhibition_lite"": null, ""painter_artist_school"": null, ""period"": ""20th century, Japan"", ""title"": ""Kanjiro Kawai (1890-1966), a flat stoneware vase in wooden case"", ""total"": null, ""weight_size_quality"": null}"
bdd60226-2af4-4d6a-91fc-e24cb24f73a3,25011,25-2109/8,67d3691b-0d4a-4615-9e5c-fbf4dfd989e8,723,Vendue Next Door Part 2 Premium | september,Premium aziatica en aziatisch porselein,A Nepalese bronze figure of Padmapani,A Nepalese bronze figure of Padmapani,"<h3>Period</h3>19th or early 20th century, Nepal<h3>Dimensions</h3>Total Height: 24 cm<h3>Condition Report</h3><p>The bronze alloy with corrosion.</p>",published,EUR,400.0,600.0,200.0,200.0,,1,0,,,True,"Mon, 31 Aug 2026 08:00:00 GMT","Tue, 08 Sep 2026 17:45:00 GMT",https://media.app.artisio.co/media/3fc437c0-fdbb-4208-955a-90293eab416d/inventory/71693668-73b4-496f-8f42-69b3249b6ffd/dec41eed-8295-4d2a-bf5f-2052a7e355a6/0001_MgTYAi_sm.jpeg;https://media.app.artisio.co/media/3fc437c0-fdbb-4208-955a-90293eab416d/inventory/71693668-73b4-496f-8f42-69b3249b6ffd/818c591d-7639-4e6a-a572-612a900cbdfe/0002_haStwQ_sm.jpeg;https://media.app.artisio.co/media/3fc437c0-fdbb-4208-955a-90293eab416d/inventory/71693668-73b4-496f-8f42-69b3249b6ffd/33a71851-41c5-4700-ab0c-35bc5f7abaca/0003_qgimrn_sm.jpeg;https://media.app.artisio.co/media/3fc437c0-fdbb-4208-955a-90293eab416d/inventory/71693668-73b4-496f-8f42-69b3249b6ffd/d228865c-bb18-4ce1-8871-c9a6e1df5e34/0004_aOTPge_sm.jpeg;https://media.app.artisio.co/media/3fc437c0-fdbb-4208-955a-90293eab416d/inventory/71693668-73b4-496f-8f42-69b3249b6ffd/7489021a-f293-40ea-a0d0-810aff88ae26/0005_NeaXex_sm.jpeg;https://media.app.artisio.co/media/3fc437c0-fdbb-4208-955a-90293eab416d/inventory/71693668-73b4-496f-8f42-69b3249b6ffd/eb12165b-784d-4cd8-a7d8-1bf7f07a3b8c/0006_kEcqtX_sm.jpeg;https://media.app.artisio.co/media/3fc437c0-fdbb-4208-955a-90293eab416d/inventory/71693668-73b4-496f-8f42-69b3249b6ffd/316c7868-729f-4725-bc74-fc662ea0b984/0007_XZaXpL_sm.jpeg;https://media.app.artisio.co/media/3fc437c0-fdbb-4208-955a-90293eab416d/inventory/71693668-73b4-496f-8f42-69b3249b6ffd/15df8341-3fa1-451a-80d2-77ed4c38caa7/0008_ubZBHN_sm.jpeg;https://media.app.artisio.co/media/3fc437c0-fdbb-4208-955a-90293eab416d/inventory/71693668-73b4-496f-8f42-69b3249b6ffd/6bc87892-6eac-4535-8119-77dd225d6693/0009_PubGAa_sm.jpeg;https://media.app.artisio.co/media/3fc437c0-fdbb-4208-955a-90293eab416d/inventory/71693668-73b4-496f-8f42-69b3249b6ffd/fbe8b29b-6bb2-4fa8-9deb-ac7a85ccdffb/0010_IyXthH_sm.jpeg;https://media.app.artisio.co/media/3fc437c0-fdbb-4208-955a-90293eab416d/inventory/71693668-73b4-496f-8f42-69b3249b6ffd/dbcdf241-7c3c-468a-9d6c-b0a151aa36fe/0011_bmNvxP_sm.jpeg;https://media.app.artisio.co/media/3fc437c0-fdbb-4208-955a-90293eab416d/inventory/71693668-73b4-496f-8f42-69b3249b6ffd/d2dc8cc2-117a-4fc4-9782-971baadfa15b/0012_htdQkF_sm.jpeg,12,"{""artist_retail_right"": false, ""comments"": null, ""condition"": null, ""condition_report"": ""<p>The bronze alloy with corrosion.</p>"", ""description"": null, ""dimensions"": ""Total Height: 24 cm"", ""footnote"": null, ""header"": null, ""internal_reference"": null, ""literature"": null, ""origin_exhibition_lite"": null, ""painter_artist_school"": null, ""period"": ""19th or early 20th century, Nepal"", ""title"": ""A Nepalese bronze figure of Padmapani"", ""total"": null, ""weight_size_quality"": null}"
8ed3d260-9eb8-44da-aa5f-288e9a7a4cfb,25012,25-2208/23,67d3691b-0d4a-4615-9e5c-fbf4dfd989e8,723,Vendue Next Door Part 2 Premium | september,Premium aziatica en aziatisch porselein,A Chinese neolithic terracotta tripod jar,A Chinese neolithic terracotta tripod jar,<h3>Period</h3>ca. 2000 B.C.<h3>Description</h3><p>The three-legged cup with relief-patterned surface and a side handle.</p><h3>Dimensions</h3>H 18 cm<h3>Condition Report</h3><p>Firing crack to the handle.</p>,published,EUR,300.0,500.0,200.0,200.0,,1,0,,,True,"Mon, 31 Aug 2026 08:00:00 GMT","Tue, 08 Sep 2026 17:45:00 GMT",https://media.app.artisio.co/media/3fc437c0-fdbb-4208-955a-90293eab416d/inventory/e09f4ef5-7c36-4c4f-ba75-7a650b5a86b8/5d284589-a8c1-4587-a96b-fe96135c759b/0001_izpBRA_sm.jpeg;https://media.app.artisio.co/media/3fc437c0-fdbb-4208-955a-90293eab416d/inventory/e09f4ef5-7c36-4c4f-ba75-7a650b5a86b8/a58eb99b-a0e5-4970-b5f9-438077e3c16c/0001a_bnmDBW_sm.jpeg;https://media.app.artisio.co/media/3fc437c0-fdbb-4208-955a-90293eab416d/inventory/e09f4ef5-7c36-4c4f-ba75-7a650b5a86b8/3f149560-fb65-42e1-ab2c-e0574a4f24c2/0003_YaPgtA_sm.jpeg;https://media.app.artisio.co/media/3fc437c0-fdbb-4208-955a-90293eab416d/inventory/e09f4ef5-7c36-4c4f-ba75-7a650b5a86b8/98e51288-5df0-4caf-9165-df7bb78b9f77/0004_vOCYrh_sm.jpeg;https://media.app.artisio.co/media/3fc437c0-fdbb-4208-955a-90293eab416d/inventory/e09f4ef5-7c36-4c4f-ba75-7a650b5a86b8/4ddbdfae-8517-404e-9955-565d15b46f1a/0005_vIgVXY_sm.jpeg;https://media.app.artisio.co/media/3fc437c0-fdbb-4208-955a-90293eab416d/inventory/e09f4ef5-7c36-4c4f-ba75-7a650b5a86b8/58b0c1ea-bd29-46da-b35c-3a1f07d927bf/0006_PyKqQj_sm.jpeg,6,"{""artist_retail_right"": false, ""comments"": null, ""condition"": null, ""condition_report"": ""<p>Firing crack to the handle.</p>"", ""description"": ""<p>The three-legged cup with relief-patterned surface and a side handle.</p>"", ""dimensions"": ""H 18 cm"", ""footnote"": null, ""header"": null, ""internal_reference"": null, ""literature"": null, ""origin_exhibition_lite"": null, ""painter_artist_school"": null, ""period"": ""ca. 2000 B.C."", ""title"": ""A Chinese neolithic terracotta tripod jar"", ""total"": null, ""weight_size_quality"": null}"
1814eb1d-c0b0-4101-9ca8-95c05cee27c3,25013,25-2208/24,67d3691b-0d4a-4615-9e5c-fbf4dfd989e8,723,Vendue Next Door Part 2 Premium | september,Premium aziatica en aziatisch porselein,A Chinese neolithic terracotta tripod jar,A Chinese neolithic terracotta tripod jar,<h3>Period</h3>Ca. 2000 B.C.<h3>Description</h3><p>The pottery jar with three legs and a trumpet-shaped top.</p>,published,EUR,300.0,500.0,200.0,200.0,,1,0,,,True,"Mon, 31 Aug 2026 08:00:00 GMT","Tue, 08 Sep 2026 17:45:00 GMT",https://media.app.artisio.co/media/3fc437c0-fdbb-4208-955a-90293eab416d/inventory/69360e10-d518-4576-86e7-a5cbb8ad922c/3905cf95-926c-481a-b767-b2eed4de127b/0001_SedhLu_sm.jpeg;https://media.app.artisio.co/media/3fc437c0-fdbb-4208-955a-90293eab416d/inventory/69360e10-d518-4576-86e7-a5cbb8ad922c/cd21a9b3-fcce-45a5-bcc5-cfdc7c4d3faf/0001a_HtupzY_sm.jpeg;https://media.app.artisio.co/media/3fc437c0-fdbb-4208-955a-90293eab416d/inventory/69360e10-d518-4576-86e7-a5cbb8ad922c/d8ee6ee0-96c6-4c70-8d33-0d04617ceeaf/0003_ALrvtJ_sm.jpeg;https://media.app.artisio.co/media/3fc437c0-fdbb-4208-955a-90293eab416d/inventory/69360e10-d518-4576-86e7-a5cbb8ad922c/2f4f1f34-9274-4baa-864c-54a7a669fac8/0004_kEhOdC_sm.jpeg;https://media.app.artisio.co/media/3fc437c0-fdbb-4208-955a-90293eab416d/inventory/69360e10-d518-4576-86e7-a5cbb8ad922c/fb0277e6-07bc-4c7a-a589-91133136987a/0005_AghEWK_sm.jpeg,5,"{""artist_retail_right"": false, ""comments"": null, ""condition"": null, ""condition_report"": null, ""description"": ""<p>The pottery jar with three legs and a trumpet-shaped top.</p>"", ""dimensions"": null, ""footnote"": null, ""header"": null, ""internal_reference"": null, ""literature"": null, ""origin_exhibition_lite"": null, ""painter_artist_school"": null, ""period"": ""Ca. 2000 B.C."", ""title"": ""A Chinese neolithic terracotta tripod jar"", ""total"": null, ""weight_size_quality"": null}"
a6e77a5b-c89e-4201-b7e6-f1c50b7d3815,25014,26-0611/18,67d3691b-0d4a-4615-9e5c-fbf4dfd989e8,723,Vendue Next Door Part 2 Premium | september,Premium aziatica en aziatisch porselein,Een paar Chinese blauw wit porseleinen kastkommen ,Een paar Chinese blauw wit porseleinen kastkommen ,"<h3>Period</h3>18e eeuw, China<h3>Description</h3><p>Niet gemerkt.&nbsp;</p><h3>Dimensions</h3>H ca 10,5 cm & D ca 23 cm<h3>Condition Report</h3><p>In goede staat zonder haarlijnen en/of schilfers&nbsp;</p>",published,EUR,300.0,500.0,100.0,100.0,,1,0,,,True,"Mon, 31 Aug 2026 08:00:00 GMT","Tue, 08 Sep 2026 17:45:00 GMT",https://media.app.artisio.co/media/3fc437c0-fdbb-4208-955a-90293eab416d/inventory/ea99f907-9161-4c46-85af-302458f75b52/7eeeace9-e90e-44fc-afbd-0a1f2a60fcfa/0001_DCkOXb_sm.jpeg;https://media.app.artisio.co/media/3fc437c0-fdbb-4208-955a-90293eab416d/inventory/ea99f907-9161-4c46-85af-302458f75b52/095ce77d-3d2c-4467-8c46-9cc94ade4622/0002_pbzYgY_sm.jpeg;https://media.app.artisio.co/media/3fc437c0-fdbb-4208-955a-90293eab416d/inventory/ea99f907-9161-4c46-85af-302458f75b52/d5946c91-8dd1-45da-8168-658aa6b7f5d8/0003_XhLXuq_sm.jpeg;https://media.app.artisio.co/media/3fc437c0-fdbb-4208-955a-90293eab416d/inventory/ea99f907-9161-4c46-85af-302458f75b52/33cc7cac-3367-4331-b32c-281b58814e1c/0004_ZBANIo_sm.jpeg;https://media.app.artisio.co/media/3fc437c0-fdbb-4208-955a-90293eab416d/inventory/ea99f907-9161-4c46-85af-302458f75b52/100833c5-0ca8-457e-8c2f-a95e03413e2a/0005_fgrmzb_sm.jpeg,5,"{""artist_retail_right"": false, ""comments"": null, ""condition"": null, ""condition_report"": ""<p>In goede staat zonder haarlijnen en/of schilfers&nbsp;</p>"", ""description"": ""<p>Niet gemerkt.&nbsp;</p>"", ""dimensions"": ""H ca 10,5 cm & D ca 23 cm "", ""footnote"": null, ""header"": """", ""internal_reference"": null, ""literature"": null, ""origin_exhibition_lite"": null, ""painter_artist_school"": """", ""period"": ""18e eeuw, China "", ""title"": ""Een paar Chinese blauw wit porseleinen kastkommen "", ""total"": null, ""weight_size_quality"": null}"
1af631c5-fe30-461e-93bc-2e5375d83af0,25015,25-2476/1,67d3691b-0d4a-4615-9e5c-fbf4dfd989e8,723,Vendue Next Door Part 2 Premium | september,Premium aziatica en aziatisch porselein,A large pair of famille verte vases with boys pattern,A large pair of famille verte vases with boys pattern,"<h3>Period</h3>Late 19th or early 20th century, China<h3>Description</h3><p>Two very large porcelain vases, each side showing similar scenes of many boys. Marked with an apocryphal Qianlong seal mark in overglaze iron red.</p><h3>Dimensions</h3>H 54 cm<h3>Condition Report</h3><p>Good condition.</p>",published,EUR,2000.0,3000.0,1500.0,1500.0,,1,0,,,True,"Mon, 31 Aug 2026 08:00:00 GMT","Tue, 08 Sep 2026 17:48:00 GMT",https://media.app.artisio.co/media/3fc437c0-fdbb-4208-955a-90293eab416d/inventory/2c4fb4ff-499c-42cb-b60a-7591c8bd3cee/cb24cae9-d102-401d-aaac-5960b17f26d4/0001_WIHegS_sm.jpeg;https://media.app.artisio.co/media/3fc437c0-fdbb-4208-955a-90293eab416d/inventory/2c4fb4ff-499c-42cb-b60a-7591c8bd3cee/ab593897-9b7f-4610-a280-db7fce2aa3bf/0002_kWFRCg_sm.jpeg;https://media.app.artisio.co/media/3fc437c0-fdbb-4208-955a-90293eab416d/inventory/2c4fb4ff-499c-42cb-b60a-7591c8bd3cee/6fd9d78f-4878-4807-9032-ae7722397c0b/0003_SpPvtF_sm.jpeg;https://media.app.artisio.co/media/3fc437c0-fdbb-4208-955a-90293eab416d/inventory/2c4fb4ff-499c-42cb-b60a-7591c8bd3cee/d967a144-1f20-473b-a246-db7b507a0bef/0004_ormaXN_sm.jpeg;https://media.app.artisio.co/media/3fc437c0-fdbb-4208-955a-90293eab416d/inventory/2c4fb4ff-499c-42cb-b60a-7591c8bd3cee/819ac890-4728-4cf0-9ceb-6b2fc0f1ac7b/0005_jpUzwo_sm.jpeg;https://media.app.artisio.co/media/3fc437c0-fdbb-4208-955a-90293eab416d/inventory/2c4fb4ff-499c-42cb-b60a-7591c8bd3cee/c78adda0-0927-4b6b-9425-436f1dbf75ad/0006_fKhnyu_sm.jpeg;https://media.app.artisio.co/media/3fc437c0-fdbb-4208-955a-90293eab416d/inventory/2c4fb4ff-499c-42cb-b60a-7591c8bd3cee/8da757ee-9804-4e97-ab95-2a766db524a8/0007_XMDcmK_sm.jpeg;https://media.app.artisio.co/media/3fc437c0-fdbb-4208-955a-90293eab416d/inventory/2c4fb4ff-499c-42cb-b60a-7591c8bd3cee/ac8a1399-9b1f-4942-9471-360e299bbef3/0008_qFChhn_sm.jpeg;https://media.app.artisio.co/media/3fc437c0-fdbb-4208-955a-90293eab416d/inventory/2c4fb4ff-499c-42cb-b60a-7591c8bd3cee/2d1e0251-deca-40bc-a573-0fd444f2bb3f/0009_TUsrhG_sm.jpeg;https://media.app.artisio.co/media/3fc437c0-fdbb-4208-955a-90293eab416d/inventory/2c4fb4ff-499c-42cb-b60a-7591c8bd3cee/c142da05-320f-4eac-b607-1be562c07f42/0010_InmNJP_sm.jpeg;https://media.app.artisio.co/media/3fc437c0-fdbb-4208-955a-90293eab416d/inventory/2c4fb4ff-499c-42cb-b60a-7591c8bd3cee/8e9d69ce-93ed-4eb7-a832-3017c8d489c0/0011_UOdghF_sm.jpeg,11,"{""artist_retail_right"": false, ""comments"": null, ""condition"": null, ""condition_report"": ""<p>Good condition.</p>"", ""description"": ""<p>Two very large porcelain vases, each side showing similar scenes of many boys. Marked with an apocryphal Qianlong seal mark in overglaze iron red.</p>"", ""dimensions"": ""H 54 cm"", ""footnote"": null, ""header"": null, ""internal_reference"": null, ""literature"": null, ""origin_exhibition_lite"": null, ""painter_artist_school"": null, ""period"": ""Late 19th or early 20th century, China"", ""title"": ""A large pair of famille verte vases with boys pattern"", ""total"": null, ""weight_size_quality"": null}"
0855ff68-21ab-4d55-8c05-11eaace0b0c1,25016,25-2476/5,67d3691b-0d4a-4615-9e5c-fbf4dfd989e8,723,Vendue Next Door Part 2 Premium | september,Premium aziatica en aziatisch porselein,A double gourd 'ge' crackle glazed double gourd vase,A double gourd 'ge' crackle glazed double gourd vase,"<h3>Period</h3>Probably 19th century, China<h3>Description</h3><p>A deliberate crackle glaze with darkened crazing lines. Not marked.</p><h3>Dimensions</h3>H 24 cm<h3>Condition Report</h3><p>No damage or restoration.</p>",published,EUR,1000.0,1500.0,800.0,800.0,,1,0,,,True,"Mon, 31 Aug 2026 08:00:00 GMT","Tue, 08 Sep 2026 17:48:00 GMT",https://media.app.artisio.co/media/3fc437c0-fdbb-4208-955a-90293eab416d/inventory/33050403-1604-4027-acbd-749e15d50b93/9a7ea700-cca2-4e73-8e1e-149faf4ce97a/0001_rauvaM_sm.jpeg;https://media.app.artisio.co/media/3fc437c0-fdbb-4208-955a-90293eab416d/inventory/33050403-1604-4027-acbd-749e15d50b93/59408727-b7c0-4e73-b995-29708fd0ae5f/0002_aEZzcT_sm.jpeg;https://media.app.artisio.co/media/3fc437c0-fdbb-4208-955a-90293eab416d/inventory/33050403-1604-4027-acbd-749e15d50b93/5b68fbd4-6705-4c82-a2d8-9ea98497ee63/0003_oeHMZM_sm.jpeg;https://media.app.artisio.co/media/3fc437c0-fdbb-4208-955a-90293eab416d/inventory/33050403-1604-4027-acbd-749e15d50b93/9edd42ea-bcb0-4c52-85fb-63d13d115d00/0004_BSLVmV_sm.jpeg;https://media.app.artisio.co/media/3fc437c0-fdbb-4208-955a-90293eab416d/inventory/33050403-1604-4027-acbd-749e15d50b93/bffe68ee-bb88-4408-978c-95480d40a1b0/0005_fSezbg_sm.jpeg;https://media.app.artisio.co/media/3fc437c0-fdbb-4208-955a-90293eab416d/inventory/33050403-1604-4027-acbd-749e15d50b93/2cc8b5d5-1d6f-448b-ab08-29b19211697d/0006_wINEtU_sm.jpeg;https://media.app.artisio.co/media/3fc437c0-fdbb-4208-955a-90293eab416d/inventory/33050403-1604-4027-acbd-749e15d50b93/6d28e34e-aeba-449f-804d-048afe1f938f/0007_qleiuQ_sm.jpeg,7,"{""artist_retail_right"": false, ""comments"": null, ""condition"": null, ""condition_report"": ""<p>No damage or restoration.</p>"", ""description"": ""<p>A deliberate crackle glaze with darkened crazing lines. Not marked.</p>"", ""dimensions"": ""H 24 cm"", ""footnote"": null, ""header"": null, ""internal_reference"": null, ""literature"": null, ""origin_exhibition_lite"": null, ""painter_artist_school"": null, ""period"": ""Probably 19th century, China"", ""title"": ""A double gourd 'ge' crackle glazed double gourd vase"", ""total"": null, ""weight_size_quality"": null}"
5c0b4ba2-1c5d-463e-bb74-7056d451224c,25017,25-2476/3,67d3691b-0d4a-4615-9e5c-fbf4dfd989e8,723,Vendue Next Door Part 2 Premium | september,Premium aziatica en aziatisch porselein,A famille rose Wu Shuang Pu brush washer,A famille rose Wu Shuang Pu brush washer,"<h3>Period</h3>19/20th century, China<h3>Description</h3><p>A low round porcelain brush washer with inverted edge, decorated around on the exterior with three figures and calligraphy. The base marked with a six-character Xianfeng mark (1851-1861), possibly of the period.</p><h3>Dimensions</h3>D 12 cm, H 4.5 cm<h3>Condition Report</h3><p>No chips, no hairlines and no restoration. A few manufacturing flaws and irregularities in the glaze.</p>",published,EUR,200.0,300.0,100.0,100.0,500.0,1,0,,,True,"Mon, 31 Aug 2026 08:00:00 GMT","Tue, 08 Sep 2026 17:48:00 GMT",https://media.app.artisio.co/media/3fc437c0-fdbb-4208-955a-90293eab416d/inventory/341466bf-b08d-4f82-a32f-f4ec07b263d7/b9e58f2e-ea05-4787-bae9-74237d1867c1/0001_ItHKnw_sm.jpeg;https://media.app.artisio.co/media/3fc437c0-fdbb-4208-955a-90293eab416d/inventory/341466bf-b08d-4f82-a32f-f4ec07b263d7/14da8595-6fe8-47b0-b2fa-a587d279e1fd/0002_KDNNJU_sm.jpeg;https://media.app.artisio.co/media/3fc437c0-fdbb-4208-955a-90293eab416d/inventory/341466bf-b08d-4f82-a32f-f4ec07b263d7/b88766b6-210b-4bc8-8778-22449ae7ae4b/0003_QyoGBP_sm.jpeg;https://media.app.artisio.co/media/3fc437c0-fdbb-4208-955a-90293eab416d/inventory/341466bf-b08d-4f82-a32f-f4ec07b263d7/c77fb464-189b-44e9-a67c-d3a6841b271c/0004_ilQkIC_sm.jpeg;https://media.app.artisio.co/media/3fc437c0-fdbb-4208-955a-90293eab416d/inventory/341466bf-b08d-4f82-a32f-f4ec07b263d7/067b8582-f605-4c0b-be88-c0282633064c/0005_WmmTSq_sm.jpeg;https://media.app.artisio.co/media/3fc437c0-fdbb-4208-955a-90293eab416d/inventory/341466bf-b08d-4f82-a32f-f4ec07b263d7/7f39e5df-e208-42f1-bc64-716baef06b17/0006_lyWhqu_sm.jpeg;https://media.app.artisio.co/media/3fc437c0-fdbb-4208-955a-90293eab416d/inventory/341466bf-b08d-4f82-a32f-f4ec07b263d7/c67cae73-f9fc-4f1e-991c-89ae3e277df1/0007_YKwPRb_sm.jpeg;https://media.app.artisio.co/media/3fc437c0-fdbb-4208-955a-90293eab416d/inventory/341466bf-b08d-4f82-a32f-f4ec07b263d7/123ad325-ce69-4477-8478-75f58c6ed5ae/0008_WlghHr_sm.jpeg,8,"{""artist_retail_right"": false, ""comments"": null, ""condition"": null, ""condition_report"": ""<p>No chips, no hairlines and no restoration. A few manufacturing flaws and irregularities in the glaze.</p>"", ""description"": ""<p>A low round porcelain brush washer with inverted edge, decorated around on the exterior with three figures and calligraphy. The base marked with a six-character Xianfeng mark (1851-1861), possibly of the period.</p>"", ""dimensions"": ""D 12 cm, H 4.5 cm"", ""footnote"": null, ""header"": null, ""internal_reference"": null, ""literature"": null, ""origin_exhibition_lite"": null, ""painter_artist_school"": null, ""period"": ""19/20th century, China"", ""title"": ""A famille rose Wu Shuang Pu brush washer"", ""total"": null, ""weight_size_quality"": null}"
43bf7b1f-9b59-494e-b62e-8b8cc3e02abb,25018,25-2476/6,67d3691b-0d4a-4615-9e5c-fbf4dfd989e8,723,Vendue Next Door Part 2 Premium | september,Premium aziatica en aziatisch porselein,A celadon mallet-shaped vase with mask handles,A celadon mallet-shaped vase with mask handles,"<h3>Period</h3>Probably 19th century, China<h3>Description</h3><p>With heavily crazed glaze. Not marked.</p><h3>Dimensions</h3>H 24 cm<h3>Condition Report</h3><p>No damage or restoration. Discoloured crazing.</p>",published,EUR,1000.0,1500.0,800.0,800.0,1500.0,1,0,,,True,"Mon, 31 Aug 2026 08:00:00 GMT","Tue, 08 Sep 2026 17:48:00 GMT",https://media.app.artisio.co/media/3fc437c0-fdbb-4208-955a-90293eab416d/inventory/95d3627e-5468-48b6-ab61-e89747878e0e/fd5c3a06-c650-4603-a9c9-a28260abdfd5/0001_BhTpfF_sm.jpeg;https://media.app.artisio.co/media/3fc437c0-fdbb-4208-955a-90293eab416d/inventory/95d3627e-5468-48b6-ab61-e89747878e0e/9e327c62-c1d5-4d85-971c-95edac68763d/0002_hRkENp_sm.jpeg;https://media.app.artisio.co/media/3fc437c0-fdbb-4208-955a-90293eab416d/inventory/95d3627e-5468-48b6-ab61-e89747878e0e/d818b36c-4502-4bf8-a2ab-656939363c40/0003_HXyFhT_sm.jpeg;https://media.app.artisio.co/media/3fc437c0-fdbb-4208-955a-90293eab416d/inventory/95d3627e-5468-48b6-ab61-e89747878e0e/c46f2dfb-cbf1-469d-aa0f-cf885667cbc1/0004_yNRUNM_sm.jpeg;https://media.app.artisio.co/media/3fc437c0-fdbb-4208-955a-90293eab416d/inventory/95d3627e-5468-48b6-ab61-e89747878e0e/071042c4-9dc0-4ef3-9d93-6a097f5ada72/0005_GwFoDG_sm.jpeg;https://media.app.artisio.co/media/3fc437c0-fdbb-4208-955a-90293eab416d/inventory/95d3627e-5468-48b6-ab61-e89747878e0e/0f1e6d44-f833-4136-8563-68e043af80a1/0006_iaEbYR_sm.jpeg;https://media.app.artisio.co/media/3fc437c0-fdbb-4208-955a-90293eab416d/inventory/95d3627e-5468-48b6-ab61-e89747878e0e/88c79ff6-0c3b-4493-a7c1-d77808851ac3/0007_PwFGGy_sm.jpeg,7,"{""artist_retail_right"": false, ""comments"": null, ""condition"": null, ""condition_report"": ""<p>No damage or restoration. Discoloured crazing.</p>"", ""description"": ""<p>With heavily crazed glaze. Not marked.</p>"", ""dimensions"": ""H 24 cm"", ""footnote"": null, ""header"": null, ""internal_reference"": null, ""literature"": null, ""origin_exhibition_lite"": null, ""painter_artist_school"": null, ""period"": ""Probably 19th century, China"", ""title"": ""A celadon mallet-shaped vase with mask handles"", ""total"": null, ""weight_size_quality"": null}"
385cb85d-3357-440e-a6e4-509611facba6,25019,26-0549/2,67d3691b-0d4a-4615-9e5c-fbf4dfd989e8,723,Vendue Next Door Part 2 Premium | september,Premium aziatica en aziatisch porselein,Een aardewerken Perzische Qajar schotel,Een aardewerken Perzische Qajar schotel,"<h3>Period</h3>Met oud label onderop dat zegt 18e eeuw, maar vermoedelijk 19e eeuw, Iran<h3>Description</h3><p>De geglazuurde faience schotel met vogels en bloemmotieven.&nbsp;</p><h3>Dimensions</h3>H ca. 14 cm; diam ca. 33 cm<h3>Condition Report</h3><p>Met normale craquele in het glazuur van productie.&nbsp;</p>",published,EUR,300.0,500.0,100.0,100.0,,1,0,,,True,"Mon, 31 Aug 2026 08:00:00 GMT","Tue, 08 Sep 2026 17:48:00 GMT",https://media.app.artisio.co/media/3fc437c0-fdbb-4208-955a-90293eab416d/inventory/98e7bf46-8ff4-477a-b833-142a261f6563/6dfbca8b-462f-45fb-b1d1-dea2301885b2/0001_YDhsGd_sm.jpeg;https://media.app.artisio.co/media/3fc437c0-fdbb-4208-955a-90293eab416d/inventory/98e7bf46-8ff4-477a-b833-142a261f6563/f6541626-833f-40b1-a58e-3414fb661c01/0002_LlpIJV_sm.jpeg;https://media.app.artisio.co/media/3fc437c0-fdbb-4208-955a-90293eab416d/inventory/98e7bf46-8ff4-477a-b833-142a261f6563/c0285d26-efeb-4022-98df-3c7ef32c707f/0003_cwUkAu_sm.jpeg;https://media.app.artisio.co/media/3fc437c0-fdbb-4208-955a-90293eab416d/inventory/98e7bf46-8ff4-477a-b833-142a261f6563/849727b2-4fb8-4628-a89a-7e49f10b800d/0004_OlDxTp_sm.jpeg,4,"{""artist_retail_right"": false, ""comments"": null, ""condition"": null, ""condition_report"": ""<p>Met normale craquele in het glazuur van productie.&nbsp;</p>"", ""description"": ""<p>De geglazuurde faience schotel met vogels en bloemmotieven.&nbsp;</p>"", ""dimensions"": ""H ca. 14 cm; diam ca. 33 cm"", ""footnote"": null, ""header"": null, ""internal_reference"": null, ""keurkamer"": false, ""literature"": null, ""origin_exhibition_lite"": null, ""painter_artist_school"": null, ""period"": ""Met oud label onderop dat zegt 18e eeuw, maar vermoedelijk 19e eeuw, Iran"", ""title"": ""Een aardewerken Perzische Qajar schotel"", ""total"": null, ""weight_size_quality"": null}"
f9663254-1261-4386-8007-601e05ffb8bc,25020,26-0549/3,67d3691b-0d4a-4615-9e5c-fbf4dfd989e8,723,Vendue Next Door Part 2 Premium | september,Premium aziatica en aziatisch porselein,Een paar terracotta grafsculpturen van rammen,Een paar terracotta grafsculpturen van rammen,"<h3>Period</h3>Mogelijk Han-dynastie (206 v.Chr. - 220 na Chr.), China, maar vermoedelijk later<h3>Description</h3><p>De grijskleurige terracotta beschilderde beelden met resten van zand en aarde.</p><h3>Dimensions</h3>Beide ca. 17 x 12 x 31 cm",published,EUR,300.0,500.0,100.0,100.0,,1,1,100.0,100.0,True,"Mon, 31 Aug 2026 08:00:00 GMT","Tue, 08 Sep 2026 17:48:00 GMT",https://media.app.artisio.co/media/3fc437c0-fdbb-4208-955a-90293eab416d/inventory/8a90f449-63ee-433a-ad4c-0d458d88f5fa/2f250851-6308-4d2c-a0b4-0594de53bc75/0001_qXQyEg_sm.jpeg;https://media.app.artisio.co/media/3fc437c0-fdbb-4208-955a-90293eab416d/inventory/8a90f449-63ee-433a-ad4c-0d458d88f5fa/54fd5f81-5a97-4a2d-9c74-9c01d0006cc3/0002_IxobmJ_sm.jpeg;https://media.app.artisio.co/media/3fc437c0-fdbb-4208-955a-90293eab416d/inventory/8a90f449-63ee-433a-ad4c-0d458d88f5fa/1157c58b-9383-4013-8754-648a167b9355/0003_IosfUn_sm.jpeg;https://media.app.artisio.co/media/3fc437c0-fdbb-4208-955a-90293eab416d/inventory/8a90f449-63ee-433a-ad4c-0d458d88f5fa/2bb9ce1a-64ba-4561-8cce-3d709ce6866d/0004_xblWOG_sm.jpeg,4,"{""artist_retail_right"": false, ""comments"": null, ""condition"": null, ""condition_report"": null, ""description"": ""<p>De grijskleurige terracotta beschilderde beelden met resten van zand en aarde.</p>"", ""dimensions"": ""Beide ca. 17 x 12 x 31 cm"", ""footnote"": null, ""header"": null, ""internal_reference"": null, ""literature"": null, ""origin_exhibition_lite"": null, ""painter_artist_school"": null, ""period"": ""Mogelijk Han-dynastie (206 v.Chr. - 220 na Chr.), China, maar vermoedelijk later"", ""title"": ""Een paar terracotta grafsculpturen van rammen"", ""total"": null, ""weight_size_quality"": null}"
b5f09ec1-f37b-432d-a94e-a30d1cb5391a,25021,26-0580/10,67d3691b-0d4a-4615-9e5c-fbf4dfd989e8,723,Vendue Next Door Part 2 Premium | september,Premium aziatica en aziatisch porselein,A small guan-type 'ge' crackle glaze celadon bowl and three other small vessels,A small guan-type 'ge' crackle glaze celadon bowl and three other small vessels,"<h3>Period</h3>Probably Ming dynasty, 15/16th century, China<h3>Description</h3><p>A small round tea bowl with deliberate dark crackling of the glaze.</p><h3>Dimensions</h3>D 8 cm, H 4.2 cm<h3>Condition Report</h3><p>Tiny bruise to the top edge. No other damage; no chips, no cracks/hairlines and no restoration.</p>",published,EUR,400.0,600.0,300.0,300.0,,1,0,,,True,"Mon, 31 Aug 2026 08:00:00 GMT","Tue, 08 Sep 2026 17:48:00 GMT",https://media.app.artisio.co/media/3fc437c0-fdbb-4208-955a-90293eab416d/inventory/2fd1eebe-55eb-4551-a3d9-0d159a86dbf6/e18073f2-b501-47d8-8591-6149a4ce7618/0001_hlwoHe_sm.jpeg;https://media.app.artisio.co/media/3fc437c0-fdbb-4208-955a-90293eab416d/inventory/2fd1eebe-55eb-4551-a3d9-0d159a86dbf6/de26fc91-c15e-4e99-8e88-1b28faa61d57/0001a_RTsIrB_sm.jpeg;https://media.app.artisio.co/media/3fc437c0-fdbb-4208-955a-90293eab416d/inventory/2fd1eebe-55eb-4551-a3d9-0d159a86dbf6/5077214e-8f9b-4a00-83d4-977e00220127/0002_MsHeDh_sm.jpeg;https://media.app.artisio.co/media/3fc437c0-fdbb-4208-955a-90293eab416d/inventory/2fd1eebe-55eb-4551-a3d9-0d159a86dbf6/1174891d-c732-4e9b-ad77-d62f8eef0001/0003_cYMsId_sm.jpeg;https://media.app.artisio.co/media/3fc437c0-fdbb-4208-955a-90293eab416d/inventory/2fd1eebe-55eb-4551-a3d9-0d159a86dbf6/0ec69f13-ff1c-4e03-8de1-812b301b70b4/0004_uHZpMm_sm.jpeg;https://media.app.artisio.co/media/3fc437c0-fdbb-4208-955a-90293eab416d/inventory/2fd1eebe-55eb-4551-a3d9-0d159a86dbf6/543b6cee-c8e2-450d-9397-1391821c1b65/0005_dhZgDe_sm.jpeg;https://media.app.artisio.co/media/3fc437c0-fdbb-4208-955a-90293eab416d/inventory/2fd1eebe-55eb-4551-a3d9-0d159a86dbf6/259d619d-f188-454e-af85-8bd23926c68a/0006_hXcfpT_sm.jpeg;https://media.app.artisio.co/media/3fc437c0-fdbb-4208-955a-90293eab416d/inventory/2fd1eebe-55eb-4551-a3d9-0d159a86dbf6/11d4e756-1b1d-4095-8211-dbe0c1a5aada/0007_DwYyYp_sm.jpeg;https://media.app.artisio.co/media/3fc437c0-fdbb-4208-955a-90293eab416d/inventory/2fd1eebe-55eb-4551-a3d9-0d159a86dbf6/76934373-d817-49f0-b7c8-60c8087677ba/0008_dgkWaK_sm.jpeg;https://media.app.artisio.co/media/3fc437c0-fdbb-4208-955a-90293eab416d/inventory/2fd1eebe-55eb-4551-a3d9-0d159a86dbf6/8240d215-34df-414c-afb4-1f2e80ff7a57/0010_JjfTIO_sm.jpeg;https://media.app.artisio.co/media/3fc437c0-fdbb-4208-955a-90293eab416d/inventory/2fd1eebe-55eb-4551-a3d9-0d159a86dbf6/b4b06cb9-deec-427a-8e18-6a3d4d44b40e/0011_UygUIN_sm.jpeg;https://media.app.artisio.co/media/3fc437c0-fdbb-4208-955a-90293eab416d/inventory/2fd1eebe-55eb-4551-a3d9-0d159a86dbf6/cfc2235b-28f6-468d-8ceb-e61af84cb47d/0012_weCkHL_sm.jpeg,12,"{""artist_retail_right"": false, ""comments"": null, ""condition"": null, ""condition_report"": ""<p>Tiny bruise to the top edge. No other damage; no chips, no cracks/hairlines and no restoration.</p>"", ""description"": ""<p>A small round tea bowl with deliberate dark crackling of the glaze.</p>"", ""dimensions"": ""D 8 cm, H 4.2 cm"", ""footnote"": null, ""header"": null, ""internal_reference"": null, ""literature"": null, ""origin_exhibition_lite"": null, ""painter_artist_school"": null, ""period"": ""Probably Ming dynasty, 15/16th century, China"", ""title"": ""A small guan-type 'ge' crackle glaze celadon bowl and three other small vessels"", ""total"": null, ""weight_size_quality"": null}"
04a02ae2-78d5-4c0f-9b5a-7582866ad685,25022,26-0580/3,67d3691b-0d4a-4615-9e5c-fbf4dfd989e8,723,Vendue Next Door Part 2 Premium | september,Premium aziatica en aziatisch porselein,A large famille rose Qianjiang cai vase with figures,A large famille rose Qianjiang cai vase with figures,"<h3>Period</h3>Late Qing dynasty, late 19th century, China<h3>Description</h3><p>With an old export certificate from Singapore to Holland dated april 1975 (from Peiping Store (Pte) Ltd, 173 Orchard Road, Singapore).</p><h3>Dimensions</h3>H 43 cm<h3>Condition Report</h3><p>An area of small damage to the top edge. No other damage or restoration. Wear from age &nbsp;and use.</p>",published,EUR,400.0,600.0,300.0,300.0,,1,0,,,True,"Mon, 31 Aug 2026 08:00:00 GMT","Tue, 08 Sep 2026 17:48:00 GMT",https://media.app.artisio.co/media/3fc437c0-fdbb-4208-955a-90293eab416d/inventory/9aedd2d1-4d13-41f7-909c-43f943968800/05a44a58-f655-4ce8-96b7-47a2049de6f3/0001_EbJqmS_sm.jpeg;https://media.app.artisio.co/media/3fc437c0-fdbb-4208-955a-90293eab416d/inventory/9aedd2d1-4d13-41f7-909c-43f943968800/4d48ea70-c711-4d12-baf6-51a492c61f9c/0002_bgeQNi_sm.jpeg;https://media.app.artisio.co/media/3fc437c0-fdbb-4208-955a-90293eab416d/inventory/9aedd2d1-4d13-41f7-909c-43f943968800/e9cc810d-ef83-467d-92d4-40c17c637fce/0003_zPYZUq_sm.jpeg;https://media.app.artisio.co/media/3fc437c0-fdbb-4208-955a-90293eab416d/inventory/9aedd2d1-4d13-41f7-909c-43f943968800/60abc8b5-ad54-40a6-b05f-8b8feb66ca9e/0004_SPxbTH_sm.jpeg;https://media.app.artisio.co/media/3fc437c0-fdbb-4208-955a-90293eab416d/inventory/9aedd2d1-4d13-41f7-909c-43f943968800/20abc7c7-b719-4ab5-8d74-41b856595a0b/0005_dpzTZM_sm.jpeg;https://media.app.artisio.co/media/3fc437c0-fdbb-4208-955a-90293eab416d/inventory/9aedd2d1-4d13-41f7-909c-43f943968800/ac4b1dc3-5ff5-47ab-8911-b73737fb1c00/0006_gPttDs_sm.jpeg,6,"{""artist_retail_right"": false, ""comments"": null, ""condition"": null, ""condition_report"": ""<p>An area of small damage to the top edge. No other damage or restoration. Wear from age &nbsp;and use.</p>"", ""description"": ""<p>With an old export certificate from Singapore to Holland dated april 1975 (from Peiping Store (Pte) Ltd, 173 Orchard Road, Singapore).</p>"", ""dimensions"": ""H 43 cm"", ""footnote"": null, ""header"": null, ""internal_reference"": null, ""literature"": null, ""origin_exhibition_lite"": null, ""painter_artist_school"": null, ""period"": ""Late Qing dynasty, late 19th century, China"", ""title"": ""A large famille rose Qianjiang cai vase with figures"", ""total"": null, ""weight_size_quality"": null}"
8287d015-a329-4f74-9dfd-090ad7d4e28c,25023,26-0580/1,67d3691b-0d4a-4615-9e5c-fbf4dfd989e8,723,Vendue Next Door Part 2 Premium | september,Premium aziatica en aziatisch porselein,A large famille rose vase decorated with valuables,A large famille rose vase decorated with valuables,"<h3>Period</h3>19th century, China<h3>Description</h3><p>Two sides featuring a vase with flowers, the sides with traditional blessings in Chinese characters. With an old export certificate from Singapore to Holland dated april 1975 (from Peiping Store (Pte) Ltd, 173 Orchard Road, Singapore).</p><h3>Dimensions</h3>H 59 cm<h3>Condition Report</h3><p>Wear from age but no damage or restoration.</p>",published,EUR,400.0,600.0,300.0,300.0,,1,0,,,True,"Mon, 31 Aug 2026 08:00:00 GMT","Tue, 08 Sep 2026 17:48:00 GMT",https://media.app.artisio.co/media/3fc437c0-fdbb-4208-955a-90293eab416d/inventory/c9affcf5-3d9a-4220-ac0a-c750114d28dd/748d7dab-14de-49b0-b89c-2fb3817cf7ac/0001_rexTTn_sm.jpeg;https://media.app.artisio.co/media/3fc437c0-fdbb-4208-955a-90293eab416d/inventory/c9affcf5-3d9a-4220-ac0a-c750114d28dd/4ac05829-087d-4c2b-94d7-ea23cc5942cc/0002_imYjdA_sm.jpeg;https://media.app.artisio.co/media/3fc437c0-fdbb-4208-955a-90293eab416d/inventory/c9affcf5-3d9a-4220-ac0a-c750114d28dd/57ea2e3f-1c2b-454d-b7ee-ea2084a70a57/0003_QOsbLU_sm.jpeg;https://media.app.artisio.co/media/3fc437c0-fdbb-4208-955a-90293eab416d/inventory/c9affcf5-3d9a-4220-ac0a-c750114d28dd/ebfe12bd-7071-423c-a25d-34b75b3cc438/0004_dGLLVi_sm.jpeg;https://media.app.artisio.co/media/3fc437c0-fdbb-4208-955a-90293eab416d/inventory/c9affcf5-3d9a-4220-ac0a-c750114d28dd/406b3dc4-8f71-4661-a10c-4479ed8d6a06/0005_QoliYU_sm.jpeg;https://media.app.artisio.co/media/3fc437c0-fdbb-4208-955a-90293eab416d/inventory/c9affcf5-3d9a-4220-ac0a-c750114d28dd/d7cf22d3-8fa8-4592-89a8-966ea2ad496b/0006_PDjfLz_sm.jpeg,6,"{""artist_retail_right"": false, ""comments"": null, ""condition"": null, ""condition_report"": ""<p>Wear from age but no damage or restoration.</p>"", ""description"": ""<p>Two sides featuring a vase with flowers, the sides with traditional blessings in Chinese characters. With an old export certificate from Singapore to Holland dated april 1975 (from Peiping Store (Pte) Ltd, 173 Orchard Road, Singapore).</p>"", ""dimensions"": ""H 59 cm"", ""footnote"": null, ""header"": null, ""internal_reference"": null, ""literature"": null, ""origin_exhibition_lite"": null, ""painter_artist_school"": null, ""period"": ""19th century, China"", ""title"": ""A large famille rose vase decorated with valuables"", ""total"": null, ""weight_size_quality"": null}"
99667b21-d457-4091-84d8-dc4d5478e933,25024,26-0580/4,67d3691b-0d4a-4615-9e5c-fbf4dfd989e8,723,Vendue Next Door Part 2 Premium | september,Premium aziatica en aziatisch porselein,Three blue and white tazzas and a lidded bowl,Three blue and white tazzas and a lidded bowl,"<h3>Period</h3>Late Qing dynasty, ca. 1900, China<h3>Description</h3><p>Of very fine quality with superb painting of the birds and foliage in underglaze blue with overglaze added characters in black enamel, &nbsp;許有志珍品, which translates as ""a treasure of (belonging to) Xu Youzhi"". With an extra cover.</p><h3>Dimensions</h3>Largest tazza: D 23.5 cm, H 9.5 cm<h3>Condition Report</h3><p>A few rim chips. No other damage or restoration.</p>",published,EUR,400.0,600.0,400.0,400.0,,1,1,400.0,400.0,True,"Mon, 31 Aug 2026 08:00:00 GMT","Tue, 08 Sep 2026 17:48:00 GMT",https://media.app.artisio.co/media/3fc437c0-fdbb-4208-955a-90293eab416d/inventory/d51b90e2-4fef-44f0-86c4-ad7b84baa5f6/13541a14-01d4-4eec-92e7-052bb91152f6/0001_YqQyWO_sm.jpeg;https://media.app.artisio.co/media/3fc437c0-fdbb-4208-955a-90293eab416d/inventory/d51b90e2-4fef-44f0-86c4-ad7b84baa5f6/457726d0-a198-4302-a781-a7f5ea1e9271/0002_lOvIMU_sm.jpeg;https://media.app.artisio.co/media/3fc437c0-fdbb-4208-955a-90293eab416d/inventory/d51b90e2-4fef-44f0-86c4-ad7b84baa5f6/273c8d4c-09b2-41e8-8375-7a3c743e2cd2/0003_sJFwcX_sm.jpeg;https://media.app.artisio.co/media/3fc437c0-fdbb-4208-955a-90293eab416d/inventory/d51b90e2-4fef-44f0-86c4-ad7b84baa5f6/35bd5548-7635-4071-bd54-d4b487e55221/0004_xSgTUx_sm.jpeg;https://media.app.artisio.co/media/3fc437c0-fdbb-4208-955a-90293eab416d/inventory/d51b90e2-4fef-44f0-86c4-ad7b84baa5f6/3b65a849-7b33-4511-9293-e581327fbb6d/0005_ajYysH_sm.jpeg;https://media.app.artisio.co/media/3fc437c0-fdbb-4208-955a-90293eab416d/inventory/d51b90e2-4fef-44f0-86c4-ad7b84baa5f6/9357cc9c-c47d-41f4-8e88-191851bea66a/0006_xYNoHK_sm.jpeg;https://media.app.artisio.co/media/3fc437c0-fdbb-4208-955a-90293eab416d/inventory/d51b90e2-4fef-44f0-86c4-ad7b84baa5f6/8428ebe4-dc40-4338-afeb-f4ca62d08140/0007_vqLkFT_sm.jpeg;https://media.app.artisio.co/media/3fc437c0-fdbb-4208-955a-90293eab416d/inventory/d51b90e2-4fef-44f0-86c4-ad7b84baa5f6/24e1b051-086f-4925-a9bc-f8d46101ba3b/0008_kyIbVS_sm.jpeg;https://media.app.artisio.co/media/3fc437c0-fdbb-4208-955a-90293eab416d/inventory/d51b90e2-4fef-44f0-86c4-ad7b84baa5f6/9d4a0c91-3d16-458a-a3aa-7d15bd78439e/0009_wmywtt_sm.jpeg;https://media.app.artisio.co/media/3fc437c0-fdbb-4208-955a-90293eab416d/inventory/d51b90e2-4fef-44f0-86c4-ad7b84baa5f6/82cb7b8f-e30e-4242-96c6-12a5dd12b26d/0010_DDBIHl_sm.jpeg;https://media.app.artisio.co/media/3fc437c0-fdbb-4208-955a-90293eab416d/inventory/d51b90e2-4fef-44f0-86c4-ad7b84baa5f6/b109db90-878b-4142-baf8-f4893cde4e14/0011_NBKIqS_sm.jpeg;https://media.app.artisio.co/media/3fc437c0-fdbb-4208-955a-90293eab416d/inventory/d51b90e2-4fef-44f0-86c4-ad7b84baa5f6/656be5c1-1837-47e5-bb3c-59f0e8a76b31/0012_tCXneU_sm.jpeg,12,"{""artist_retail_right"": false, ""comments"": null, ""condition"": null, ""condition_report"": ""<p>A few rim chips. No other damage or restoration.</p>"", ""description"": ""<p>Of very fine quality with superb painting of the birds and foliage in underglaze blue with overglaze added characters in black enamel, &nbsp;許有志珍品, which translates as \""a treasure of (belonging to) Xu Youzhi\"". With an extra cover.</p>"", ""dimensions"": ""Largest tazza: D 23.5 cm, H 9.5 cm"", ""footnote"": null, ""header"": null, ""internal_reference"": null, ""literature"": null, ""origin_exhibition_lite"": null, ""painter_artist_school"": null, ""period"": ""Late Qing dynasty, ca. 1900, China"", ""title"": ""Three blue and white tazzas and a lidded bowl"", ""total"": null, ""weight_size_quality"": null}"
22820f11-45c0-43fa-9a73-b08f102be673,25025,26-0580/2,67d3691b-0d4a-4615-9e5c-fbf4dfd989e8,723,Vendue Next Door Part 2 Premium | september,Premium aziatica en aziatisch porselein,A large famille rose Qianjiang cai vase with figures,A large famille rose Qianjiang cai vase with figures,"<h3>Period</h3>Late Qing dynasty, 19th century, China<h3>Description</h3><p>With an old export certificate from Singapore to Holland dated april 1975 (from Peiping Store (Pte) Ltd, 173 Orchard Road, Singapore).</p><h3>Dimensions</h3>H 42 cm<h3>Condition Report</h3><p>Wear from age and use. No damage or restoration.</p>",published,EUR,400.0,600.0,300.0,300.0,,1,0,,,True,"Mon, 31 Aug 2026 08:00:00 GMT","Tue, 08 Sep 2026 17:48:00 GMT",https://media.app.artisio.co/media/3fc437c0-fdbb-4208-955a-90293eab416d/inventory/f698a979-d5eb-4a7a-9f17-5dae8cc59ee1/df47b19e-de20-4091-b85b-80e0eed787a2/0001_lWrTva_sm.jpeg;https://media.app.artisio.co/media/3fc437c0-fdbb-4208-955a-90293eab416d/inventory/f698a979-d5eb-4a7a-9f17-5dae8cc59ee1/6892018a-0bee-47a8-85c8-942c1a876e57/0002_NDAGTz_sm.jpeg;https://media.app.artisio.co/media/3fc437c0-fdbb-4208-955a-90293eab416d/inventory/f698a979-d5eb-4a7a-9f17-5dae8cc59ee1/9de77461-eb0c-4b4c-a773-425bfe5b574a/0003_twagHR_sm.jpeg;https://media.app.artisio.co/media/3fc437c0-fdbb-4208-955a-90293eab416d/inventory/f698a979-d5eb-4a7a-9f17-5dae8cc59ee1/3717faae-1ac8-4781-98aa-97be30f1613f/0004_ZmRyoq_sm.jpeg;https://media.app.artisio.co/media/3fc437c0-fdbb-4208-955a-90293eab416d/inventory/f698a979-d5eb-4a7a-9f17-5dae8cc59ee1/25a8b7eb-138a-4dcb-9cc9-8489bad3d5f5/0005_LaweGy_sm.jpeg;https://media.app.artisio.co/media/3fc437c0-fdbb-4208-955a-90293eab416d/inventory/f698a979-d5eb-4a7a-9f17-5dae8cc59ee1/24edf6bd-ce9b-4072-8af7-89cc614e3750/0006_NUubta_sm.jpeg,6,"{""artist_retail_right"": false, ""comments"": null, ""condition"": null, ""condition_report"": ""<p>Wear from age and use. No damage or restoration.</p>"", ""description"": ""<p>With an old export certificate from Singapore to Holland dated april 1975 (from Peiping Store (Pte) Ltd, 173 Orchard Road, Singapore).</p>"", ""dimensions"": ""H 42 cm"", ""footnote"": null, ""header"": null, ""internal_reference"": null, ""literature"": null, ""origin_exhibition_lite"": null, ""painter_artist_school"": null, ""period"": ""Late Qing dynasty, 19th century, China"", ""title"": ""A large famille rose Qianjiang cai vase with figures"", ""total"": null, ""weight_size_quality"": null}"
89e57a4c-9d66-4ba3-b9a9-1412257aef5b,25026,26-0055/35,67d3691b-0d4a-4615-9e5c-fbf4dfd989e8,723,Vendue Next Door Part 2 Premium | september,Premium aziatica en aziatisch porselein,A pair of powder blue and gilt-decorated rouleau vases,A pair of powder blue and gilt-decorated rouleau vases,"<h3>Period</h3>18/19th century, China<h3>Description</h3><p>Both with a similar mirrored pattern of a bird on a flowering branch. Marked with a double circle in underglaze blue.</p><h3>Dimensions</h3>H ca 35.5 cm<h3>Condition Report</h3><p>A few firing flaws and some wear of the gilded decoration. Wide-shaped hairline on the base</p>",published,EUR,400.0,600.0,200.0,200.0,,1,3,240.0,240.0,True,"Mon, 31 Aug 2026 08:00:00 GMT","Tue, 08 Sep 2026 17:48:00 GMT",https://media.app.artisio.co/media/3fc437c0-fdbb-4208-955a-90293eab416d/inventory/e94ffa44-5c60-4604-b757-018d7a748b1f/9232a7f6-2a94-40d8-b051-dfe5ff8f7a35/0001_CivRBB_sm.jpeg;https://media.app.artisio.co/media/3fc437c0-fdbb-4208-955a-90293eab416d/inventory/e94ffa44-5c60-4604-b757-018d7a748b1f/fe4f1d7d-f86c-4d37-a834-32c43588a572/0004_hocoQn_sm.jpeg;https://media.app.artisio.co/media/3fc437c0-fdbb-4208-955a-90293eab416d/inventory/e94ffa44-5c60-4604-b757-018d7a748b1f/e8110cff-6078-4fb3-b21f-feef8c8b8fad/0005_MswJdv_sm.jpeg;https://media.app.artisio.co/media/3fc437c0-fdbb-4208-955a-90293eab416d/inventory/e94ffa44-5c60-4604-b757-018d7a748b1f/d567bef1-82a8-4515-989c-de64a4166e67/0006_vtSIJg_sm.jpeg;https://media.app.artisio.co/media/3fc437c0-fdbb-4208-955a-90293eab416d/inventory/e94ffa44-5c60-4604-b757-018d7a748b1f/62de90fc-d2cc-41bd-9bda-b01652f48e55/0007_ZQuujU_sm.jpeg;https://media.app.artisio.co/media/3fc437c0-fdbb-4208-955a-90293eab416d/inventory/e94ffa44-5c60-4604-b757-018d7a748b1f/1b9f0b42-49fb-464b-9199-3d6fbd832bf4/0008_heOdkN_sm.jpeg;https://media.app.artisio.co/media/3fc437c0-fdbb-4208-955a-90293eab416d/inventory/e94ffa44-5c60-4604-b757-018d7a748b1f/c28c226e-8b57-44a9-83cd-2ed796f487f3/0008a_OdQDnS_sm.jpeg;https://media.app.artisio.co/media/3fc437c0-fdbb-4208-955a-90293eab416d/inventory/e94ffa44-5c60-4604-b757-018d7a748b1f/43e91e42-bc3a-49cc-a341-5ebdbf37d00d/0008b_fFZQYx_sm.jpeg,8,"{""artist_retail_right"": false, ""comments"": null, ""condition"": null, ""condition_report"": ""<p>A few firing flaws and some wear of the gilded decoration. Wide-shaped hairline on the base</p>"", ""description"": ""<p>Both with a similar mirrored pattern of a bird on a flowering branch. Marked with a double circle in underglaze blue.</p>"", ""dimensions"": ""H ca 35.5 cm "", ""footnote"": null, ""header"": null, ""internal_reference"": null, ""literature"": null, ""origin_exhibition_lite"": null, ""painter_artist_school"": null, ""period"": ""18/19th century, China"", ""title"": ""A pair of powder blue and gilt-decorated rouleau vases"", ""total"": null, ""weight_size_quality"": null}"
6e3f1696-8d44-4fc9-8a0e-cc740efe42ef,25027,26-0506/12,67d3691b-0d4a-4615-9e5c-fbf4dfd989e8,723,Vendue Next Door Part 2 Premium | september,Premium aziatica en aziatisch porselein,A Lombok Pedang with embossed hilt and sheath ,A Lombok Pedang with embossed hilt and sheath ,<h3>Description</h3><p>The hilt and sheath with traditional embossed pattern interspersed by silver thread winding. Early 20th century.</p><h3>Dimensions</h3>L 71 cm,published,EUR,200.0,300.0,200.0,200.0,,1,0,,,True,"Mon, 31 Aug 2026 08:00:00 GMT","Tue, 08 Sep 2026 17:48:00 GMT",https://media.app.artisio.co/media/3fc437c0-fdbb-4208-955a-90293eab416d/inventory/ef3403e8-f5fe-42e3-bc0a-00ba8996e5f9/3e9726fc-340c-45a6-b48d-dc3ec7a454ed/0001_TZcVYD_sm.jpeg;https://media.app.artisio.co/media/3fc437c0-fdbb-4208-955a-90293eab416d/inventory/ef3403e8-f5fe-42e3-bc0a-00ba8996e5f9/6161cce7-2e56-4185-9658-78ff0d648692/0002_nAIIrY_sm.jpeg;https://media.app.artisio.co/media/3fc437c0-fdbb-4208-955a-90293eab416d/inventory/ef3403e8-f5fe-42e3-bc0a-00ba8996e5f9/65f158b5-9f75-4bc5-8c1a-9de84345efa3/0003_EHqKUH_sm.jpeg;https://media.app.artisio.co/media/3fc437c0-fdbb-4208-955a-90293eab416d/inventory/ef3403e8-f5fe-42e3-bc0a-00ba8996e5f9/ce4c6e3c-e8b8-46c4-aaeb-4ee0e1947350/0004_fwNMwg_sm.jpeg,4,"{""artist_retail_right"": false, ""comments"": null, ""condition"": null, ""condition_report"": null, ""description"": ""<p>The hilt and sheath with traditional embossed pattern interspersed by silver thread winding. Early 20th century.</p>"", ""dimensions"": ""L 71 cm "", ""footnote"": null, ""header"": null, ""internal_reference"": null, ""literature"": null, ""origin_exhibition_lite"": null, ""painter_artist_school"": null, ""period"": null, ""title"": ""A Lombok Pedang with embossed hilt and sheath "", ""total"": null, ""weight_size_quality"": null}"
f7ad4368-0b26-4290-9ec9-4c07a223ac51,25028,26-0653/37,67d3691b-0d4a-4615-9e5c-fbf4dfd989e8,723,Vendue Next Door Part 2 Premium | september,Premium aziatica en aziatisch porselein,Een grote bronzen bodhisattva Avalokiteshvara ,Een grote bronzen bodhisattva Avalokiteshvara ,"<h3>Period</h3>20e eeuw<h3>Dimensions</h3>H ca 53,5 cm",published,EUR,300.0,500.0,100.0,,,1,1,100.0,100.0,True,"Mon, 31 Aug 2026 08:00:00 GMT","Tue, 08 Sep 2026 17:48:00 GMT",https://media.app.artisio.co/media/3fc437c0-fdbb-4208-955a-90293eab416d/inventory/0ff74c91-b026-4b61-aa3e-0d5098340252/3467396f-a28b-4115-89c2-6ef019a73cad/0001_SgNJio_sm.jpeg;https://media.app.artisio.co/media/3fc437c0-fdbb-4208-955a-90293eab416d/inventory/0ff74c91-b026-4b61-aa3e-0d5098340252/c2da9b7c-3224-4e6b-bd19-9e495268258a/0002_ezVDFe_sm.jpeg;https://media.app.artisio.co/media/3fc437c0-fdbb-4208-955a-90293eab416d/inventory/0ff74c91-b026-4b61-aa3e-0d5098340252/398f7c9c-a6aa-44af-82a0-a914d2e3614d/0003_bGucst_sm.jpeg;https://media.app.artisio.co/media/3fc437c0-fdbb-4208-955a-90293eab416d/inventory/0ff74c91-b026-4b61-aa3e-0d5098340252/915938f9-39c8-4497-8f33-750c203e831e/0004_jHxqcd_sm.jpeg;https://media.app.artisio.co/media/3fc437c0-fdbb-4208-955a-90293eab416d/inventory/0ff74c91-b026-4b61-aa3e-0d5098340252/2c75be33-a560-4086-a380-3e994f0296e6/0005_mizwnQ_sm.jpeg;https://media.app.artisio.co/media/3fc437c0-fdbb-4208-955a-90293eab416d/inventory/0ff74c91-b026-4b61-aa3e-0d5098340252/f14cd1fd-a2dd-474c-a010-8174f5266c47/0006_zZoFOU_sm.jpeg,6,"{""artist_retail_right"": false, ""comments"": null, ""condition"": null, ""condition_report"": null, ""description"": null, ""dimensions"": ""H ca 53,5 cm "", ""footnote"": null, ""header"": null, ""internal_reference"": null, ""literature"": null, ""origin_exhibition_lite"": null, ""painter_artist_school"": null, ""period"": ""20e eeuw "", ""title"": ""Een grote bronzen bodhisattva Avalokiteshvara "", ""total"": null, ""weight_size_quality"": null}"
b0a1d2da-a424-484e-8d98-d84369404d24,25029,26-0052/17,67d3691b-0d4a-4615-9e5c-fbf4dfd989e8,723,Vendue Next Door Part 2 Premium | september,Premium aziatica en aziatisch porselein,Een set van zes Chinese porseleinen famille rose kop- en schotel met decor van hanen,Een set van zes Chinese porseleinen famille rose kop- en schotel met decor van hanen,"<h3>Period</h3>18e eeuw China<h3>Dimensions</h3>D ca 10,5 cm & 7 cm<h3>Condition Report</h3><p>Met lichte slijtage zoals chips en haarlijnen.</p><h3>Footnote</h3><p>Nummer 8</p>",published,EUR,600.0,900.0,500.0,500.0,,1,1,500.0,500.0,True,"Mon, 31 Aug 2026 08:00:00 GMT","Tue, 08 Sep 2026 17:48:00 GMT",https://media.app.artisio.co/media/3fc437c0-fdbb-4208-955a-90293eab416d/inventory/dd5986e9-6207-46c1-829d-fb9e5a99d74f/0661f3fc-89aa-4826-9795-141e7af26e2b/0001_WfXFxX_sm.jpeg;https://media.app.artisio.co/media/3fc437c0-fdbb-4208-955a-90293eab416d/inventory/dd5986e9-6207-46c1-829d-fb9e5a99d74f/1e97147c-84cd-4025-8d20-52f6aa332cf4/0002_etphRz_sm.jpeg;https://media.app.artisio.co/media/3fc437c0-fdbb-4208-955a-90293eab416d/inventory/dd5986e9-6207-46c1-829d-fb9e5a99d74f/2b7c6b33-286b-45c2-8026-7dddd4f1298f/0003_nyMpif_sm.jpeg;https://media.app.artisio.co/media/3fc437c0-fdbb-4208-955a-90293eab416d/inventory/dd5986e9-6207-46c1-829d-fb9e5a99d74f/fb20dac0-cfd4-4e3a-a1b8-24a3514f92f4/0004_vzxdpt_sm.jpeg;https://media.app.artisio.co/media/3fc437c0-fdbb-4208-955a-90293eab416d/inventory/dd5986e9-6207-46c1-829d-fb9e5a99d74f/edb303d8-a042-416c-aa96-5db9c58004e3/0005_jiJECx_sm.jpeg,5,"{""artist_retail_right"": false, ""comments"": null, ""condition"": null, ""condition_report"": ""<p>Met lichte slijtage zoals chips en haarlijnen.</p>"", ""description"": null, ""dimensions"": ""D ca 10,5 cm & 7 cm"", ""footnote"": ""<p>Nummer 8</p>"", ""header"": null, ""internal_reference"": null, ""literature"": null, ""origin_exhibition_lite"": null, ""painter_artist_school"": null, ""period"": ""18e eeuw China"", ""title"": ""Een set van zes Chinese porseleinen famille rose kop- en schotel met decor van hanen"", ""total"": null, ""weight_size_quality"": null}"
d3f089f9-f6e6-48a3-b521-9c1625917ef5,25030,26-0052/9,67d3691b-0d4a-4615-9e5c-fbf4dfd989e8,723,Vendue Next Door Part 2 Premium | september,Premium aziatica en aziatisch porselein,Een set van vier Chinese porseleinen famille rose borden,Een set van vier Chinese porseleinen famille rose borden,"<h3>Period</h3>Ca 1730, China<h3>Description</h3><p>Decor met tabaksblad en florale motieven.</p><h3>Dimensions</h3>Ca 23 cm<h3>Condition Report</h3><p>Enkele chips en schilfering.</p>",published,EUR,400.0,600.0,200.0,200.0,,1,1,200.0,200.0,True,"Mon, 31 Aug 2026 08:00:00 GMT","Tue, 08 Sep 2026 17:51:00 GMT",https://media.app.artisio.co/media/3fc437c0-fdbb-4208-955a-90293eab416d/inventory/e380e07a-926b-4e25-946c-b032686b8ad0/ba05d5dd-7349-440b-9179-6d7ae37af8cb/0001_iUNQiA_sm.jpeg;https://media.app.artisio.co/media/3fc437c0-fdbb-4208-955a-90293eab416d/inventory/e380e07a-926b-4e25-946c-b032686b8ad0/c3d51c4f-a6ec-455b-b2a9-6afa44500104/0002_OlxnDI_sm.jpeg;https://media.app.artisio.co/media/3fc437c0-fdbb-4208-955a-90293eab416d/inventory/e380e07a-926b-4e25-946c-b032686b8ad0/63390933-db2f-4f74-b747-029c1d8f38e2/0003_gpZkCP_sm.jpeg,3,"{""artist_retail_right"": false, ""comments"": ""<p>Nummer 6</p>"", ""condition"": null, ""condition_report"": ""<p>Enkele chips en schilfering.</p>"", ""description"": ""<p>Decor met tabaksblad en florale motieven.</p>"", ""dimensions"": ""Ca 23 cm"", ""footnote"": null, ""header"": null, ""internal_reference"": null, ""literature"": null, ""origin_exhibition_lite"": null, ""painter_artist_school"": null, ""period"": ""Ca 1730, China"", ""title"": ""Een set van vier Chinese porseleinen famille rose borden"", ""total"": null, ""weight_size_quality"": null}"
bbce76b4-a6f1-4603-a897-fe80663b7266,25031,26-0052/6,67d3691b-0d4a-4615-9e5c-fbf4dfd989e8,723,Vendue Next Door Part 2 Premium | september,Premium aziatica en aziatisch porselein,Een paar grote Samson porseleinen famille rose schotels,Een paar grote Samson porseleinen famille rose schotels,"<h3>Period</h3>19e eeuw, Frankrijk<h3>Description</h3><p>Beide met decor van vogels in bloementuin op het plat en uitvoerig gedecoreerd met kostbaarheden en servetwerk rondom de rand.</p><h3>Dimensions</h3>D ca 46 cm<h3>Condition Report</h3><p>In een overwegend goede conditie.</p>",published,EUR,200.0,300.0,100.0,100.0,,1,0,,,True,"Mon, 31 Aug 2026 08:00:00 GMT","Tue, 08 Sep 2026 17:51:00 GMT",https://media.app.artisio.co/media/3fc437c0-fdbb-4208-955a-90293eab416d/inventory/e91f200b-71d7-4471-b6a0-ae490000b01b/3696c945-d07f-4d87-bd86-0dc5df526338/0001_sUOSMC_sm.jpeg;https://media.app.artisio.co/media/3fc437c0-fdbb-4208-955a-90293eab416d/inventory/e91f200b-71d7-4471-b6a0-ae490000b01b/25c9cfda-24dc-4669-abb9-42db180e7674/0001a_PQrgzU_sm.jpeg;https://media.app.artisio.co/media/3fc437c0-fdbb-4208-955a-90293eab416d/inventory/e91f200b-71d7-4471-b6a0-ae490000b01b/c9ad3a24-9a69-439b-b7cb-c1139d3c05ea/0002_iXynnh_sm.jpeg,3,"{""artist_retail_right"": false, ""comments"": ""<p>Nummer 1</p>"", ""condition"": null, ""condition_report"": ""<p>In een overwegend goede conditie.</p>"", ""description"": ""<p>Beide met decor van vogels in bloementuin op het plat en uitvoerig gedecoreerd met kostbaarheden en servetwerk rondom de rand.</p>"", ""dimensions"": ""D ca 46 cm"", ""footnote"": null, ""header"": null, ""internal_reference"": null, ""literature"": null, ""origin_exhibition_lite"": null, ""painter_artist_school"": null, ""period"": ""19e eeuw, Frankrijk "", ""title"": ""Een paar grote Samson porseleinen famille rose schotels"", ""total"": null, ""weight_size_quality"": null}"
c8bdc60a-8abc-4b0c-9226-b531f4438223,25032,26-0052/5,67d3691b-0d4a-4615-9e5c-fbf4dfd989e8,723,Vendue Next Door Part 2 Premium | september,Premium aziatica en aziatisch porselein,Een set van vier gelijkende Chinese famille rose porseleinen borden & schaal met paradijsvogels ,Een set van vier gelijkende Chinese famille rose porseleinen borden & schaal met paradijsvogels ,"<h3>Period</h3>18e eeuw, China<h3>Dimensions</h3>D ca 22,5 cm & Ca 26 x 35 cm<h3>Condition Report</h3><p>De schaal met restauratie langs de rand met zichtbare verkleuring, een bord gerestaureerd, twee borden met haarlijnen/barsten.&nbsp;</p><h3>Footnote</h3><p>Nr. 15&nbsp;</p>",published,EUR,200.0,300.0,100.0,100.0,,1,2,120.0,120.0,True,"Mon, 31 Aug 2026 08:00:00 GMT","Tue, 08 Sep 2026 17:51:00 GMT",https://media.app.artisio.co/media/3fc437c0-fdbb-4208-955a-90293eab416d/inventory/d47eb667-2384-489f-a575-f3b6b679c705/56e2bdfa-d636-4189-959d-b119130f0ccd/0001_swDrEo_sm.jpeg;https://media.app.artisio.co/media/3fc437c0-fdbb-4208-955a-90293eab416d/inventory/d47eb667-2384-489f-a575-f3b6b679c705/025490d1-d2e2-44c7-ad15-3f01f2982d73/0002_PwbMRr_sm.jpeg;https://media.app.artisio.co/media/3fc437c0-fdbb-4208-955a-90293eab416d/inventory/d47eb667-2384-489f-a575-f3b6b679c705/2fd0c40c-7b1a-4aa8-a4e9-2987dd9366ee/0003_MIdOny_sm.jpeg;https://media.app.artisio.co/media/3fc437c0-fdbb-4208-955a-90293eab416d/inventory/d47eb667-2384-489f-a575-f3b6b679c705/faef1a19-e905-4e0b-a350-320d807be95b/0004_DgUaHZ_sm.jpeg;https://media.app.artisio.co/media/3fc437c0-fdbb-4208-955a-90293eab416d/inventory/d47eb667-2384-489f-a575-f3b6b679c705/66b45e8c-ce1f-4b93-9a57-589447b8c2aa/0005_plEJoZ_sm.jpeg,5,"{""artist_retail_right"": false, ""comments"": null, ""condition"": null, ""condition_report"": ""<p>De schaal met restauratie langs de rand met zichtbare verkleuring, een bord gerestaureerd, twee borden met haarlijnen/barsten.&nbsp;</p>"", ""description"": null, ""dimensions"": ""D ca 22,5 cm & Ca 26 x 35 cm "", ""footnote"": ""<p>Nr. 15&nbsp;</p>"", ""header"": null, ""internal_reference"": null, ""literature"": null, ""origin_exhibition_lite"": null, ""painter_artist_school"": null, ""period"": ""18e eeuw, China "", ""title"": ""Een set van vier gelijkende Chinese famille rose porseleinen borden & schaal met paradijsvogels "", ""total"": null, ""weight_size_quality"": null}"
9631d1dc-e5c3-4cce-8f8f-809504d2a2f5,25033,25-2268/9,67d3691b-0d4a-4615-9e5c-fbf4dfd989e8,723,Vendue Next Door Part 2 Premium | september,Premium aziatica en aziatisch porselein,"Kobayashi Issa (1763-1828), ink on paper, a kakejiku with tomobako","Kobayashi Issa (1763-1828), ink on paper, a kakejiku with tomobako","<h3>Description</h3><p>Kobayashi Issa (小林 一茶; June 15, 1763 – January 5, 1828) was a Japanese poet, best known for his haiku and personal journals. He is most commonly known simply as Issa (一茶), a pen name that means “a cup of tea”. He is considered one of Japan’s four great haiku masters, alongside Bashō, Buson, and Shiki—often referred to collectively as “the Great Four.”&nbsp;</p><p>This kakejiku (hanging scroll) comes in a wooden box (tomobako) and protective outer cardboard storage box.</p><h3>Dimensions</h3>The painting: 84 x 24.5 cm (160 x 32 cm including border and wooden scroll stick)",published,EUR,300.0,500.0,200.0,200.0,,1,0,,,True,"Mon, 31 Aug 2026 08:00:00 GMT","Tue, 08 Sep 2026 17:51:00 GMT",https://media.app.artisio.co/media/3fc437c0-fdbb-4208-955a-90293eab416d/inventory/9cd45fde-10f1-492a-8bc6-099138665931/338fe63d-5551-4948-a762-44534738e51c/0001_vlYgcW_sm.jpeg;https://media.app.artisio.co/media/3fc437c0-fdbb-4208-955a-90293eab416d/inventory/9cd45fde-10f1-492a-8bc6-099138665931/e943de97-3682-4683-8e0d-20a52823e2b9/0002_EkFGFn_sm.jpeg;https://media.app.artisio.co/media/3fc437c0-fdbb-4208-955a-90293eab416d/inventory/9cd45fde-10f1-492a-8bc6-099138665931/e3774b5c-59bf-4a29-b5c2-5a9aecdf5495/0003_ZTOXIH_sm.jpeg;https://media.app.artisio.co/media/3fc437c0-fdbb-4208-955a-90293eab416d/inventory/9cd45fde-10f1-492a-8bc6-099138665931/7b8f7710-bfe1-4f31-a366-b83a12eba876/0004_cMJJSD_sm.jpeg;https://media.app.artisio.co/media/3fc437c0-fdbb-4208-955a-90293eab416d/inventory/9cd45fde-10f1-492a-8bc6-099138665931/4eed1056-9335-42d6-a66f-16c2ba84e64b/0005_eAkrOg_sm.jpeg;https://media.app.artisio.co/media/3fc437c0-fdbb-4208-955a-90293eab416d/inventory/9cd45fde-10f1-492a-8bc6-099138665931/22441741-7ba2-4060-9b48-756954126828/0006_TxIOKE_sm.jpeg,6,"{""artist_retail_right"": false, ""comments"": null, ""condition"": null, ""condition_report"": null, ""description"": ""<p>Kobayashi Issa (小林 一茶; June 15, 1763 – January 5, 1828) was a Japanese poet, best known for his haiku and personal journals. He is most commonly known simply as Issa (一茶), a pen name that means “a cup of tea”. He is considered one of Japan’s four great haiku masters, alongside Bashō, Buson, and Shiki—often referred to collectively as “the Great Four.”&nbsp;</p><p>This kakejiku (hanging scroll) comes in a wooden box (tomobako) and protective outer cardboard storage box.</p>"", ""dimensions"": ""The painting: 84 x 24.5 cm (160 x 32 cm including border and wooden scroll stick)"", ""footnote"": null, ""header"": null, ""internal_reference"": null, ""literature"": null, ""origin_exhibition_lite"": null, ""painter_artist_school"": null, ""period"": null, ""title"": ""Kobayashi Issa (1763-1828), ink on paper, a kakejiku with tomobako"", ""total"": null, ""weight_size_quality"": null}"
197b2f68-6020-48f3-bac5-7f46f14a5242,25034,26-0423/7,67d3691b-0d4a-4615-9e5c-fbf4dfd989e8,723,Vendue Next Door Part 2 Premium | september,Premium aziatica en aziatisch porselein,A blue and white 'klapmuts' bowl,A blue and white 'klapmuts' bowl,"<h3>Period</h3>Kangxi period, ca. 1700, China<h3>Description</h3><p>A deep bowl with everted rim. The exterior decorated with ‘Long Eliza’ female figures ('Lange Lijzen') and playful boys ('Zotjes'). The interior decorated with a diaper border with panels with flowers and fruits and a central medaillon with a playful ‘zotje’. Marked with an apocryphal Chenghua mark on the base.</p><h3>Dimensions</h3>H 7.5 cm, D 15.5 cm<h3>Condition Report</h3><p>A bruise and a chip to the edge and a discoloured area and firing flaws in the interior. No further defects and no restoration.</p>",published,EUR,400.0,600.0,200.0,200.0,,1,0,,,True,"Mon, 31 Aug 2026 08:00:00 GMT","Tue, 08 Sep 2026 17:51:00 GMT",https://media.app.artisio.co/media/3fc437c0-fdbb-4208-955a-90293eab416d/inventory/a47ee2d1-4e2a-4961-aa4e-c1db966be9c4/73db8826-9a83-461f-912c-9c590b61e078/0001_QwCyyX_sm.jpeg;https://media.app.artisio.co/media/3fc437c0-fdbb-4208-955a-90293eab416d/inventory/a47ee2d1-4e2a-4961-aa4e-c1db966be9c4/6b0da7bf-b916-42cd-8a49-0dc95f1d8c09/0002_PaMAQF_sm.jpeg;https://media.app.artisio.co/media/3fc437c0-fdbb-4208-955a-90293eab416d/inventory/a47ee2d1-4e2a-4961-aa4e-c1db966be9c4/10ba3349-109d-4676-aa41-992fb4cbf1ea/0003_jtLLfS_sm.jpeg;https://media.app.artisio.co/media/3fc437c0-fdbb-4208-955a-90293eab416d/inventory/a47ee2d1-4e2a-4961-aa4e-c1db966be9c4/5ecb6eca-55a5-4a17-a218-8352bde586f9/0004_wkXvym_sm.jpeg;https://media.app.artisio.co/media/3fc437c0-fdbb-4208-955a-90293eab416d/inventory/a47ee2d1-4e2a-4961-aa4e-c1db966be9c4/344ef29a-6137-4921-999c-9312fc698c4e/0005_TczpMX_sm.jpeg;https://media.app.artisio.co/media/3fc437c0-fdbb-4208-955a-90293eab416d/inventory/a47ee2d1-4e2a-4961-aa4e-c1db966be9c4/a82165b3-cda2-45df-9c36-22a859bac6a2/0006_BABzQV_sm.jpeg;https://media.app.artisio.co/media/3fc437c0-fdbb-4208-955a-90293eab416d/inventory/a47ee2d1-4e2a-4961-aa4e-c1db966be9c4/c2d41e8c-e1e3-4697-98b8-a422f11f3e86/0007_PSNnSX_sm.jpeg;https://media.app.artisio.co/media/3fc437c0-fdbb-4208-955a-90293eab416d/inventory/a47ee2d1-4e2a-4961-aa4e-c1db966be9c4/0e582865-ee1a-4499-be12-7354e17c5520/0008_akdzAF_sm.jpeg,8,"{""artist_retail_right"": false, ""comments"": null, ""condition"": null, ""condition_report"": ""<p>A bruise and a chip to the edge and a discoloured area and firing flaws in the interior. No further defects and no restoration.</p>"", ""description"": ""<p>A deep bowl with everted rim. The exterior decorated with ‘Long Eliza’ female figures ('Lange Lijzen') and playful boys ('Zotjes'). The interior decorated with a diaper border with panels with flowers and fruits and a central medaillon with a playful ‘zotje’. Marked with an apocryphal Chenghua mark on the base.</p>"", ""dimensions"": ""H 7.5 cm, D 15.5 cm"", ""footnote"": null, ""header"": null, ""internal_reference"": null, ""literature"": null, ""origin_exhibition_lite"": null, ""painter_artist_school"": null, ""period"": ""Kangxi period, ca. 1700, China"", ""title"": ""A blue and white 'klapmuts' bowl"", ""total"": null, ""weight_size_quality"": null}"
c355f549-ed87-47b0-a29e-c78aecb3747a,25035,26-0423/12,67d3691b-0d4a-4615-9e5c-fbf4dfd989e8,723,Vendue Next Door Part 2 Premium | september,Premium aziatica en aziatisch porselein,Three small blue and white porcelain plates with figures,Three small blue and white porcelain plates with figures,"<h3>Period</h3>Kangxi period, ca. 1700, China<h3>Description</h3><p>Three scalloped dishes decorated on the back with flower sprigs and on the front with two ‘Long Eliza’ figures ('Lange Lijzen') and a playing boy. All marked at the base with an apocryphal six-character Chenghua mark.</p><h3>Dimensions</h3>D ca. 16.5 cm<h3>Condition Report</h3><p>Minor chips, one dish with a hairline at 3 o'clock position and another with a tiny hairline at 6 o'clock position. No restoration.</p>",published,EUR,500.0,800.0,400.0,400.0,,1,0,,,True,"Mon, 31 Aug 2026 08:00:00 GMT","Tue, 08 Sep 2026 17:51:00 GMT",https://media.app.artisio.co/media/3fc437c0-fdbb-4208-955a-90293eab416d/inventory/e0af0f4b-6755-44fc-8066-6d8774dd1334/49b5bbff-1c03-477e-8344-2acb56e76bb4/0001_QJvMik_sm.jpeg;https://media.app.artisio.co/media/3fc437c0-fdbb-4208-955a-90293eab416d/inventory/e0af0f4b-6755-44fc-8066-6d8774dd1334/7d095fe0-2559-4b46-9fb0-9a5b8d61f458/0002_SHuFzS_sm.jpeg;https://media.app.artisio.co/media/3fc437c0-fdbb-4208-955a-90293eab416d/inventory/e0af0f4b-6755-44fc-8066-6d8774dd1334/1e625567-566b-4e8e-ad89-581959477c18/0003_jbxJUb_sm.jpeg;https://media.app.artisio.co/media/3fc437c0-fdbb-4208-955a-90293eab416d/inventory/e0af0f4b-6755-44fc-8066-6d8774dd1334/aae04487-99f0-46df-baf7-673f7fc6ec27/0004_xUcJmU_sm.jpeg;https://media.app.artisio.co/media/3fc437c0-fdbb-4208-955a-90293eab416d/inventory/e0af0f4b-6755-44fc-8066-6d8774dd1334/9a0e0ca6-0a5d-492e-9c05-6c6ac0096b09/0005_mxyMwk_sm.jpeg;https://media.app.artisio.co/media/3fc437c0-fdbb-4208-955a-90293eab416d/inventory/e0af0f4b-6755-44fc-8066-6d8774dd1334/62459d8f-ed68-4aec-b62a-08b71b053eae/0006_mjRMNl_sm.jpeg,6,"{""artist_retail_right"": false, ""comments"": null, ""condition"": null, ""condition_report"": ""<p>Minor chips, one dish with a hairline at 3 o'clock position and another with a tiny hairline at 6 o'clock position. No restoration.</p>"", ""description"": ""<p>Three scalloped dishes decorated on the back with flower sprigs and on the front with two ‘Long Eliza’ figures ('Lange Lijzen') and a playing boy. All marked at the base with an apocryphal six-character Chenghua mark.</p>"", ""dimensions"": ""D ca. 16.5 cm"", ""footnote"": null, ""header"": null, ""internal_reference"": null, ""literature"": null, ""origin_exhibition_lite"": null, ""painter_artist_school"": null, ""period"": ""Kangxi period, ca. 1700, China"", ""title"": ""Three small blue and white porcelain plates with figures"", ""total"": null, ""weight_size_quality"": null}"
393df292-dc38-4e84-85e4-43d40ac4251f,25036,26-0423/13,67d3691b-0d4a-4615-9e5c-fbf4dfd989e8,723,Vendue Next Door Part 2 Premium | september,Premium aziatica en aziatisch porselein,Two blue and white porcelain dishes,Two blue and white porcelain dishes,"<h3>Period</h3>Kangxi period, ca. 1700, China<h3>Description</h3><p>Both scalloped dishes decorated on the outside with flowers and fruits and on the inside with a long eliza (lange lijs) offering fruits to another long eliza. Both marked at the base with a six-character yade-related mark within an underglaze blue double circle.</p><h3>Dimensions</h3>D ca. 16.5 cm<h3>Condition Report</h3><p>Minor chips/fritting. No further defects such as hairlines and no restoration.</p>",published,EUR,400.0,600.0,200.0,200.0,,1,2,220.0,220.0,True,"Mon, 31 Aug 2026 08:00:00 GMT","Tue, 08 Sep 2026 17:51:00 GMT",https://media.app.artisio.co/media/3fc437c0-fdbb-4208-955a-90293eab416d/inventory/937620d3-d6d9-4df3-bb76-fc0c49a1d239/484dff82-fc90-4248-91f5-b750ce6a37f1/0001_DbYIjb_sm.jpeg;https://media.app.artisio.co/media/3fc437c0-fdbb-4208-955a-90293eab416d/inventory/937620d3-d6d9-4df3-bb76-fc0c49a1d239/6779be82-34e1-4caa-af86-d090952397c2/0002_MojCjI_sm.jpeg;https://media.app.artisio.co/media/3fc437c0-fdbb-4208-955a-90293eab416d/inventory/937620d3-d6d9-4df3-bb76-fc0c49a1d239/657cd982-98dd-4974-9f90-98f51c054af5/0003_CJMrsJ_sm.jpeg;https://media.app.artisio.co/media/3fc437c0-fdbb-4208-955a-90293eab416d/inventory/937620d3-d6d9-4df3-bb76-fc0c49a1d239/26c7b06c-7902-41a6-aca0-e58d409cbb18/0004_kicExr_sm.jpeg,4,"{""artist_retail_right"": false, ""comments"": null, ""condition"": null, ""condition_report"": ""<p>Minor chips/fritting. No further defects such as hairlines and no restoration.</p>"", ""description"": ""<p>Both scalloped dishes decorated on the outside with flowers and fruits and on the inside with a long eliza (lange lijs) offering fruits to another long eliza. Both marked at the base with a six-character yade-related mark within an underglaze blue double circle.</p>"", ""dimensions"": ""D ca. 16.5 cm"", ""footnote"": null, ""header"": null, ""internal_reference"": null, ""literature"": null, ""origin_exhibition_lite"": null, ""painter_artist_school"": null, ""period"": ""Kangxi period, ca. 1700, China"", ""title"": ""Two blue and white porcelain dishes"", ""total"": null, ""weight_size_quality"": null}"
32493af0-e59b-4129-9f7f-5fb07d088dc6,25037,26-0675/1,67d3691b-0d4a-4615-9e5c-fbf4dfd989e8,723,Vendue Next Door Part 2 Premium | september,Premium aziatica en aziatisch porselein,Een paar Chinees blauw wit porseleinen klapmutskommen,Een paar Chinees blauw wit porseleinen klapmutskommen,"<h3>Period</h3>18e eeuw, Kangxi, China<h3>Dimensions</h3>H ca 4,5 cm en D 16 cm<h3>Condition Report</h3><p>Met defecten als haarlijnen en chips.</p>",published,EUR,400.0,600.0,200.0,200.0,,1,0,,,True,"Mon, 31 Aug 2026 08:00:00 GMT","Tue, 08 Sep 2026 17:51:00 GMT",https://media.app.artisio.co/media/3fc437c0-fdbb-4208-955a-90293eab416d/inventory/1daa211d-9463-47a4-81b4-d0a797bf3cb5/7b17660e-00d6-4e33-bcc9-fa7e7f09f1db/0001_zVndhT_sm.jpeg;https://media.app.artisio.co/media/3fc437c0-fdbb-4208-955a-90293eab416d/inventory/1daa211d-9463-47a4-81b4-d0a797bf3cb5/0d9ff52a-d441-43d9-ae46-4c2a0b47579e/0002_wtWmFu_sm.jpeg;https://media.app.artisio.co/media/3fc437c0-fdbb-4208-955a-90293eab416d/inventory/1daa211d-9463-47a4-81b4-d0a797bf3cb5/bae7d642-e6e9-4154-93fe-716ef9f40527/0003_CVmAMn_sm.jpeg,3,"{""artist_retail_right"": false, ""comments"": null, ""condition"": null, ""condition_report"": ""<p>Met defecten als haarlijnen en chips.</p>"", ""description"": null, ""dimensions"": ""H ca 4,5 cm en D 16 cm"", ""footnote"": null, ""header"": null, ""internal_reference"": null, ""literature"": null, ""origin_exhibition_lite"": null, ""painter_artist_school"": null, ""period"": ""18e eeuw, Kangxi, China"", ""title"": ""Een paar Chinees blauw wit porseleinen klapmutskommen"", ""total"": null, ""weight_size_quality"": null}"
ac0c69b8-4d6a-4278-8034-52b703264bb1,25038,26-0675/2,67d3691b-0d4a-4615-9e5c-fbf4dfd989e8,723,Vendue Next Door Part 2 Premium | september,Premium aziatica en aziatisch porselein,Een paar Chinese blauw wit porseleinen kommen op voet,Een paar Chinese blauw wit porseleinen kommen op voet,"<h3>Period</h3>17e eeuw, China<h3>Dimensions</h3>H ca 9 cm en D ca 8,5 cm<h3>Condition Report</h3><p>Met defecten als chips, haarlijnen en bakfouten.</p>",published,EUR,300.0,500.0,100.0,100.0,,1,7,375.0,375.0,True,"Mon, 31 Aug 2026 08:00:00 GMT","Tue, 08 Sep 2026 17:51:00 GMT",https://media.app.artisio.co/media/3fc437c0-fdbb-4208-955a-90293eab416d/inventory/4f7e37fd-88dd-4b15-a6b3-403d298e732a/c6b30e89-9aa6-48a3-ae97-f04f39744997/0001_kEhHXD_sm.jpeg;https://media.app.artisio.co/media/3fc437c0-fdbb-4208-955a-90293eab416d/inventory/4f7e37fd-88dd-4b15-a6b3-403d298e732a/7c1b983b-01d5-47d9-aad7-646e495a3bb2/0002_hIodCW_sm.jpeg;https://media.app.artisio.co/media/3fc437c0-fdbb-4208-955a-90293eab416d/inventory/4f7e37fd-88dd-4b15-a6b3-403d298e732a/273604d2-1e94-49cf-a781-a14e70383082/0003_fmBVtz_sm.jpeg;https://media.app.artisio.co/media/3fc437c0-fdbb-4208-955a-90293eab416d/inventory/4f7e37fd-88dd-4b15-a6b3-403d298e732a/5b8f963d-193d-48e9-8277-65a9b0c416a9/0004_vkZsOz_sm.jpeg;https://media.app.artisio.co/media/3fc437c0-fdbb-4208-955a-90293eab416d/inventory/4f7e37fd-88dd-4b15-a6b3-403d298e732a/2f6d6cda-bd5f-492e-9fc2-afc3b800f111/0005_NZVnii_sm.jpeg,5,"{""artist_retail_right"": false, ""comments"": null, ""condition"": null, ""condition_report"": ""<p>Met defecten als chips, haarlijnen en bakfouten.</p>"", ""description"": null, ""dimensions"": ""H ca 9 cm en D ca 8,5 cm"", ""footnote"": null, ""header"": null, ""internal_reference"": null, ""literature"": null, ""origin_exhibition_lite"": null, ""painter_artist_school"": null, ""period"": ""17e eeuw, China"", ""title"": ""Een paar Chinese blauw wit porseleinen kommen op voet"", ""total"": null, ""weight_size_quality"": null}"
65813b86-7868-46ff-9497-2171c7aca0f6,25039,26-0675/3,67d3691b-0d4a-4615-9e5c-fbf4dfd989e8,723,Vendue Next Door Part 2 Premium | september,Premium aziatica en aziatisch porselein,Een set van zes Chinees porseleinen famille rose kop- en schotels met theekannetje met mandarijnendecor,Een set van zes Chinees porseleinen famille rose kop- en schotels met theekannetje met mandarijnendecor,"<h3>Period</h3>18e eeuw, China<h3>Dimensions</h3>D ca 12 cm en h 10,5 cm<h3>Condition Report</h3><p>Met slijtage aan de vergulding en enkele met haarlijnen. Theepotje met breuken en restauraties.</p>",published,EUR,500.0,800.0,100.0,100.0,,1,1,100.0,100.0,True,"Mon, 31 Aug 2026 08:00:00 GMT","Tue, 08 Sep 2026 17:51:00 GMT",https://media.app.artisio.co/media/3fc437c0-fdbb-4208-955a-90293eab416d/inventory/aa8cd130-0c29-42eb-a749-82ac93ee1f51/dea2f936-8d54-4184-8f3f-e55f498e3ffc/0001_eeLAlG_sm.jpeg;https://media.app.artisio.co/media/3fc437c0-fdbb-4208-955a-90293eab416d/inventory/aa8cd130-0c29-42eb-a749-82ac93ee1f51/a526b40d-7e7b-4791-ade0-41cee84db956/0002_QPSyPq_sm.jpeg;https://media.app.artisio.co/media/3fc437c0-fdbb-4208-955a-90293eab416d/inventory/aa8cd130-0c29-42eb-a749-82ac93ee1f51/7bbd190e-6479-434c-8529-6b2b99334e51/0003_rRtDsu_sm.jpeg;https://media.app.artisio.co/media/3fc437c0-fdbb-4208-955a-90293eab416d/inventory/aa8cd130-0c29-42eb-a749-82ac93ee1f51/1adb90e1-60b5-4518-ae27-7107cb944776/0004_nnuRRN_sm.jpeg;https://media.app.artisio.co/media/3fc437c0-fdbb-4208-955a-90293eab416d/inventory/aa8cd130-0c29-42eb-a749-82ac93ee1f51/c452c496-47bc-4191-a71e-10ed994af8b6/0005_CDPfHM_sm.jpeg,5,"{""artist_retail_right"": false, ""comments"": null, ""condition"": null, ""condition_report"": ""<p>Met slijtage aan de vergulding en enkele met haarlijnen. Theepotje met breuken en restauraties.</p>"", ""description"": null, ""dimensions"": ""D ca 12 cm en h 10,5 cm"", ""footnote"": null, ""header"": null, ""internal_reference"": null, ""literature"": null, ""origin_exhibition_lite"": null, ""painter_artist_school"": null, ""period"": ""18e eeuw, China"", ""title"": ""Een set van zes Chinees porseleinen famille rose kop- en schotels met theekannetje met mandarijnendecor"", ""total"": null, ""weight_size_quality"": null}"
f6882cc3-d1ae-4114-9504-3986f973b7a2,25040,26-0675/6,67d3691b-0d4a-4615-9e5c-fbf4dfd989e8,723,Vendue Next Door Part 2 Premium | september,Premium aziatica en aziatisch porselein,"Twee Chinees blauw wit porseleinen kannetjes met daarbij een vaasje, met lange lijzen decor","Twee Chinees blauw wit porseleinen kannetjes met daarbij een vaasje, met lange lijzen decor","<h3>Period</h3>18e eeuw, China<h3>Dimensions</h3>H van ca 10 cm tot 12,5 cm<h3>Condition Report</h3><p>Met defecten als chips en fritting. Dekselkannetje met gaatjes van een montuur.</p>",published,EUR,300.0,500.0,100.0,100.0,,1,4,160.0,160.0,True,"Mon, 31 Aug 2026 08:00:00 GMT","Tue, 08 Sep 2026 17:51:00 GMT",https://media.app.artisio.co/media/3fc437c0-fdbb-4208-955a-90293eab416d/inventory/5b321332-84a0-4524-8a7e-6d4a62bc6abd/658cdc0e-d733-4157-b072-d12fff27bd7a/0001_FkIIIR_sm.jpeg;https://media.app.artisio.co/media/3fc437c0-fdbb-4208-955a-90293eab416d/inventory/5b321332-84a0-4524-8a7e-6d4a62bc6abd/a7fbbfaa-1c4d-43f4-a5a3-94f3a25bab38/0002_oNFVey_sm.jpeg;https://media.app.artisio.co/media/3fc437c0-fdbb-4208-955a-90293eab416d/inventory/5b321332-84a0-4524-8a7e-6d4a62bc6abd/2b6cfafa-04be-4475-90fd-404b1131685d/0003_OIUeTp_sm.jpeg;https://media.app.artisio.co/media/3fc437c0-fdbb-4208-955a-90293eab416d/inventory/5b321332-84a0-4524-8a7e-6d4a62bc6abd/a79d3993-40b3-4a67-bd16-55d41d9505f1/0004_bwNWdd_sm.jpeg;https://media.app.artisio.co/media/3fc437c0-fdbb-4208-955a-90293eab416d/inventory/5b321332-84a0-4524-8a7e-6d4a62bc6abd/9653fe8a-fa68-4262-bd41-ac31b939346e/0005_tQxUGW_sm.jpeg;https://media.app.artisio.co/media/3fc437c0-fdbb-4208-955a-90293eab416d/inventory/5b321332-84a0-4524-8a7e-6d4a62bc6abd/b410ace8-5136-49d2-9d32-c2aaaa92f6c6/0006_abXKMd_sm.jpeg,6,"{""artist_retail_right"": false, ""comments"": null, ""condition"": null, ""condition_report"": ""<p>Met defecten als chips en fritting. Dekselkannetje met gaatjes van een montuur.</p>"", ""description"": null, ""dimensions"": ""H van ca 10 cm tot 12,5 cm"", ""footnote"": null, ""header"": null, ""internal_reference"": null, ""literature"": null, ""origin_exhibition_lite"": null, ""painter_artist_school"": null, ""period"": ""18e eeuw, China"", ""title"": ""Twee Chinees blauw wit porseleinen kannetjes met daarbij een vaasje, met lange lijzen decor"", ""total"": null, ""weight_size_quality"": null}"
41261ab9-ce50-4faa-901b-9ead4e533f3b,25041,26-0675/7,67d3691b-0d4a-4615-9e5c-fbf4dfd989e8,723,Vendue Next Door Part 2 Premium | september,Premium aziatica en aziatisch porselein,Een  Chinese blauw wit porseleinen gemberpot met lange lijzen decor met zotje,Een  Chinese blauw wit porseleinen gemberpot met lange lijzen decor met zotje,"<h3>Period</h3>18e eeuw, China<h3>Dimensions</h3>H ca 22 cm<h3>Condition Report</h3><p>Deksel gerestaureerd.</p>",published,EUR,300.0,500.0,100.0,100.0,,1,0,,,True,"Mon, 31 Aug 2026 08:00:00 GMT","Tue, 08 Sep 2026 17:51:00 GMT",https://media.app.artisio.co/media/3fc437c0-fdbb-4208-955a-90293eab416d/inventory/ba2560c8-fd4f-4d74-8050-23a11df6ae38/507e8bb0-10b6-4848-bbe8-ffd4082c90de/0001_mPsWHH_sm.jpeg;https://media.app.artisio.co/media/3fc437c0-fdbb-4208-955a-90293eab416d/inventory/ba2560c8-fd4f-4d74-8050-23a11df6ae38/a23cd6ae-59f3-4b1e-91c2-b2711dec4c31/0002_jOQVjt_sm.jpeg;https://media.app.artisio.co/media/3fc437c0-fdbb-4208-955a-90293eab416d/inventory/ba2560c8-fd4f-4d74-8050-23a11df6ae38/2107dcb9-d336-42c1-8204-0b360d35b245/0003_BJLzLI_sm.jpeg;https://media.app.artisio.co/media/3fc437c0-fdbb-4208-955a-90293eab416d/inventory/ba2560c8-fd4f-4d74-8050-23a11df6ae38/dc28b049-3bf8-4cf1-bb50-7e001e3913fa/0004_EFcjOh_sm.jpeg;https://media.app.artisio.co/media/3fc437c0-fdbb-4208-955a-90293eab416d/inventory/ba2560c8-fd4f-4d74-8050-23a11df6ae38/e96371fe-c01d-4fc1-b8d5-6880867a9df7/0005_FLDPDi_sm.jpeg;https://media.app.artisio.co/media/3fc437c0-fdbb-4208-955a-90293eab416d/inventory/ba2560c8-fd4f-4d74-8050-23a11df6ae38/858a24be-b183-4781-9755-04f2d80cbe02/0006_isGQth_sm.jpeg,6,"{""artist_retail_right"": false, ""comments"": null, ""condition"": null, ""condition_report"": ""<p>Deksel gerestaureerd.</p>"", ""description"": null, ""dimensions"": ""H ca 22 cm"", ""footnote"": null, ""header"": null, ""internal_reference"": null, ""literature"": null, ""origin_exhibition_lite"": null, ""painter_artist_school"": null, ""period"": ""18e eeuw, China"", ""title"": ""Een  Chinese blauw wit porseleinen gemberpot met lange lijzen decor met zotje"", ""total"": null, ""weight_size_quality"": null}"
78cdd748-0f37-4540-8561-d30c749272a6,25042,25-2601/7,67d3691b-0d4a-4615-9e5c-fbf4dfd989e8,723,Vendue Next Door Part 2 Premium | september,Premium aziatica en aziatisch porselein,A blue and white covered serving dish with platter,A blue and white covered serving dish with platter,"<h3>Period</h3>Qianlong period, 18th century, China<h3>Dimensions</h3>The platter: 38 x 31.5 cm, The dish: ca. 25.5 x 20 cm<h3>Condition Report</h3><p>Chips and wear from age and use. Most of the gilding worn off.</p>",published,EUR,300.0,500.0,200.0,200.0,,1,0,,,True,"Mon, 31 Aug 2026 08:00:00 GMT","Tue, 08 Sep 2026 17:51:00 GMT",https://media.app.artisio.co/media/3fc437c0-fdbb-4208-955a-90293eab416d/inventory/16facb8a-38d5-4ff9-9740-8758dd8f58b2/d7f70864-218b-430c-abaa-d9476221ff34/00001_EqjqoN_sm.jpeg;https://media.app.artisio.co/media/3fc437c0-fdbb-4208-955a-90293eab416d/inventory/16facb8a-38d5-4ff9-9740-8758dd8f58b2/8db85f76-594c-4b5e-9af9-8784343a5954/0001_AIZaJU_sm.jpeg;https://media.app.artisio.co/media/3fc437c0-fdbb-4208-955a-90293eab416d/inventory/16facb8a-38d5-4ff9-9740-8758dd8f58b2/61f1fd7f-8469-41bf-ad43-becd5f4b34ce/0003_Jkejbq_sm.jpeg;https://media.app.artisio.co/media/3fc437c0-fdbb-4208-955a-90293eab416d/inventory/16facb8a-38d5-4ff9-9740-8758dd8f58b2/5d516a76-0c5e-4446-b572-3da09598705d/0004_EyavRu_sm.jpeg;https://media.app.artisio.co/media/3fc437c0-fdbb-4208-955a-90293eab416d/inventory/16facb8a-38d5-4ff9-9740-8758dd8f58b2/9dc1f0aa-3771-4475-9083-744f928af1fe/0005_YOIXfP_sm.jpeg;https://media.app.artisio.co/media/3fc437c0-fdbb-4208-955a-90293eab416d/inventory/16facb8a-38d5-4ff9-9740-8758dd8f58b2/404a8929-eeca-4ac0-ac26-b353f0909cbe/0006_UlurKC_sm.jpeg;https://media.app.artisio.co/media/3fc437c0-fdbb-4208-955a-90293eab416d/inventory/16facb8a-38d5-4ff9-9740-8758dd8f58b2/4c1c908c-4bb6-4e23-aba6-fd60e88d0ea5/0007_vjgeUB_sm.jpeg;https://media.app.artisio.co/media/3fc437c0-fdbb-4208-955a-90293eab416d/inventory/16facb8a-38d5-4ff9-9740-8758dd8f58b2/41a7f70e-b4ea-4232-b03c-d76815e76336/0008_QMVGfv_sm.jpeg;https://media.app.artisio.co/media/3fc437c0-fdbb-4208-955a-90293eab416d/inventory/16facb8a-38d5-4ff9-9740-8758dd8f58b2/efd1d06f-ba73-4f94-9cd6-e1a0bff57a4f/0009_xjMQfE_sm.jpeg;https://media.app.artisio.co/media/3fc437c0-fdbb-4208-955a-90293eab416d/inventory/16facb8a-38d5-4ff9-9740-8758dd8f58b2/8b2e9f5a-0abc-47ed-8cb2-4dc3658f5355/0010_KbdMNS_sm.jpeg,10,"{""artist_retail_right"": false, ""comments"": null, ""condition"": null, ""condition_report"": ""<p>Chips and wear from age and use. Most of the gilding worn off.</p>"", ""description"": null, ""dimensions"": ""The platter: 38 x 31.5 cm, The dish: ca. 25.5 x 20 cm"", ""footnote"": null, ""header"": null, ""internal_reference"": null, ""literature"": null, ""origin_exhibition_lite"": null, ""painter_artist_school"": null, ""period"": ""Qianlong period, 18th century, China"", ""title"": ""A blue and white covered serving dish with platter"", ""total"": null, ""weight_size_quality"": null}"
1ca7c1cc-1ca7-4139-8dac-a4673ee6e368,25043,26-0142/9,67d3691b-0d4a-4615-9e5c-fbf4dfd989e8,723,Vendue Next Door Part 2 Premium | september,Premium aziatica en aziatisch porselein,A Japanese samurai armor and helmet (kabuto),A Japanese samurai armor and helmet (kabuto),"<h3>Period</h3>18/19th century, Japan<h3>Description</h3><p>An authentic antique Japanese samurai armor (鎧 – Yoroi), incomplete and with heavy wear and damages.</p>",published,EUR,400.0,600.0,300.0,300.0,,1,0,,,True,"Mon, 31 Aug 2026 08:00:00 GMT","Tue, 08 Sep 2026 17:51:00 GMT",https://media.app.artisio.co/media/3fc437c0-fdbb-4208-955a-90293eab416d/inventory/94aaedd8-32ae-4952-8802-dff871a2ce13/583092f3-a48e-4a4f-bf81-aaefb453294a/0001_EAOWLT_sm.jpeg;https://media.app.artisio.co/media/3fc437c0-fdbb-4208-955a-90293eab416d/inventory/94aaedd8-32ae-4952-8802-dff871a2ce13/c0ccdae4-3741-4036-bc91-d2cd6035426d/0002_mRUstJ_sm.jpeg;https://media.app.artisio.co/media/3fc437c0-fdbb-4208-955a-90293eab416d/inventory/94aaedd8-32ae-4952-8802-dff871a2ce13/210d5044-3184-48a7-8372-913ad3080ed4/0003_pxuqKW_sm.jpeg;https://media.app.artisio.co/media/3fc437c0-fdbb-4208-955a-90293eab416d/inventory/94aaedd8-32ae-4952-8802-dff871a2ce13/dbd15b5a-dde8-4bef-ba43-6cc2513371ae/0004_QpmdCx_sm.jpeg;https://media.app.artisio.co/media/3fc437c0-fdbb-4208-955a-90293eab416d/inventory/94aaedd8-32ae-4952-8802-dff871a2ce13/ad23ad7f-ac78-45c1-802d-39f618ed4c2b/0005_RJftYa_sm.jpeg;https://media.app.artisio.co/media/3fc437c0-fdbb-4208-955a-90293eab416d/inventory/94aaedd8-32ae-4952-8802-dff871a2ce13/c0ed4137-449c-486a-902f-ec19e7cf81a9/0006_zJPayG_sm.jpeg;https://media.app.artisio.co/media/3fc437c0-fdbb-4208-955a-90293eab416d/inventory/94aaedd8-32ae-4952-8802-dff871a2ce13/317ab1e7-5d8b-46e6-a2f5-0e96c91e1f59/0007_OybHxR_sm.jpeg;https://media.app.artisio.co/media/3fc437c0-fdbb-4208-955a-90293eab416d/inventory/94aaedd8-32ae-4952-8802-dff871a2ce13/3cc63095-5c0d-4131-ba7b-6833598dfa21/0008_rexsag_sm.jpeg,8,"{""artist_retail_right"": false, ""comments"": null, ""condition"": null, ""condition_report"": null, ""description"": ""<p>An authentic antique Japanese samurai armor (鎧 – Yoroi), incomplete and with heavy wear and damages.</p>"", ""dimensions"": null, ""footnote"": null, ""header"": null, ""internal_reference"": null, ""literature"": null, ""origin_exhibition_lite"": null, ""painter_artist_school"": null, ""period"": ""18/19th century, Japan"", ""title"": ""A Japanese samurai armor and helmet (kabuto)"", ""total"": null, ""weight_size_quality"": null}"
92836c98-ccca-421b-be96-ee917ccd7cb2,25044,25-1572/25,67d3691b-0d4a-4615-9e5c-fbf4dfd989e8,723,Vendue Next Door Part 2 Premium | september,Premium aziatica en aziatisch porselein,A very large carved wooden architectural element,A very large carved wooden architectural element,"<h3>Period</h3>First half 20th century, Bali (Indonesia)<h3>Description</h3>A large wooden architectural element with two stylised elongated manly figures carved in haut-reliëf draped in beautiful traditional clothing, crowned and with clothing buckles in the shape of a bird’s head, karang manuk. The sides with intricate openwork carved floral decoration.<h3>Dimensions</h3>Height 222 cm, width 70 cm.<h3>Literature</h3><p>Provenance: Collection Dr Hedi Hinzler, Leiden, the Netherlands.</p><h3>Condition Report</h3>Signs of wear in accordance with age, the top with a broken section.",published,EUR,2000.0,3000.0,2000.0,2000.0,,1,0,,,True,"Mon, 31 Aug 2026 08:00:00 GMT","Tue, 08 Sep 2026 17:51:00 GMT",https://media.app.artisio.co/media/3fc437c0-fdbb-4208-955a-90293eab416d/inventory/371c2068-10b9-408b-924d-bca6542934a4/e0306d30-2053-413a-86ba-061b58277670/0001_OakVFV_sm.jpeg;https://media.app.artisio.co/media/3fc437c0-fdbb-4208-955a-90293eab416d/inventory/371c2068-10b9-408b-924d-bca6542934a4/a48c7bad-33a3-409b-8d74-8c9aa3acffe9/0002_walTdI_sm.jpeg;https://media.app.artisio.co/media/3fc437c0-fdbb-4208-955a-90293eab416d/inventory/371c2068-10b9-408b-924d-bca6542934a4/cdbef456-cb50-441f-9268-3b762209165f/0003_hCQIeE_sm.jpeg;https://media.app.artisio.co/media/3fc437c0-fdbb-4208-955a-90293eab416d/inventory/371c2068-10b9-408b-924d-bca6542934a4/edb11ae0-b583-427e-83f9-2ac2f8b8d56a/0004_KLIZnO_sm.jpeg;https://media.app.artisio.co/media/3fc437c0-fdbb-4208-955a-90293eab416d/inventory/371c2068-10b9-408b-924d-bca6542934a4/25a04cb9-b3be-4c49-aa3c-6a5a6b14f7a9/0005_JkBteM_sm.jpeg;https://media.app.artisio.co/media/3fc437c0-fdbb-4208-955a-90293eab416d/inventory/371c2068-10b9-408b-924d-bca6542934a4/869ddbc9-04e7-4753-8aa4-4b1431c8249d/0006_jotYyK_sm.jpeg;https://media.app.artisio.co/media/3fc437c0-fdbb-4208-955a-90293eab416d/inventory/371c2068-10b9-408b-924d-bca6542934a4/7d7b6c84-4941-4210-a9b5-b1d4394de04a/0007_VTUDHG_sm.jpeg;https://media.app.artisio.co/media/3fc437c0-fdbb-4208-955a-90293eab416d/inventory/371c2068-10b9-408b-924d-bca6542934a4/45f51c3f-f6ee-4f01-a3e6-6396f1ae8b78/0008_kfLwYc_sm.jpeg;https://media.app.artisio.co/media/3fc437c0-fdbb-4208-955a-90293eab416d/inventory/371c2068-10b9-408b-924d-bca6542934a4/9db82af4-db7c-48d6-bf0c-3600fde163fe/0009_MfnuOk_sm.jpeg;https://media.app.artisio.co/media/3fc437c0-fdbb-4208-955a-90293eab416d/inventory/371c2068-10b9-408b-924d-bca6542934a4/63086b5e-510b-4412-8c69-1f8bfa83b3fb/0010_VKLZRF_sm.jpeg;https://media.app.artisio.co/media/3fc437c0-fdbb-4208-955a-90293eab416d/inventory/371c2068-10b9-408b-924d-bca6542934a4/a1718c58-ca22-4919-aa31-f377577fba4d/0011_BpuVej_sm.jpeg;https://media.app.artisio.co/media/3fc437c0-fdbb-4208-955a-90293eab416d/inventory/371c2068-10b9-408b-924d-bca6542934a4/f1fc519e-8571-418e-b465-1bc8bbb031b6/0012_RTMbpi_sm.jpeg,12,"{""artist_retail_right"": false, ""comments"": ""<p>Oorspronkelijk: <a href=\""https://app.artisio.co/receipts/view/3f5e476c-d624-408f-9f60-7cba04b76b2b/dashboard\"">2022-0748 </a>/ 85. De koper had aangegeven dat hij dit stuk niet wilde laten opsturen ivm hoge kosten en het opnieuw wilde laten veilen. Ik heb hem daarna gevraagd voor welke prijs en welk bankrekeningnummer en gekoppeld moet worden aan de inbreng etc. na 3 keer mailen nog geen antwoord dus nu op naam van VH in IAS gezet. Andrew</p>"", ""condition"": null, ""condition_report"": ""Signs of wear in accordance with age, the top with a broken section."", ""description"": ""A large wooden architectural element with two stylised elongated manly figures carved in haut-reliëf draped in beautiful traditional clothing, crowned and with clothing buckles in the shape of a bird’s head, karang manuk. The sides with intricate openwork carved floral decoration."", ""dimensions"": ""Height 222 cm, width 70 cm."", ""footnote"": null, ""header"": null, ""internal_reference"": null, ""literature"": ""<p>Provenance: Collection Dr Hedi Hinzler, Leiden, the Netherlands.</p>"", ""origin_exhibition_lite"": null, ""painter_artist_school"": null, ""period"": ""First half 20th century, Bali (Indonesia)"", ""title"": ""A very large carved wooden architectural element"", ""total"": null, ""weight_size_quality"": null}"
628d9498-41f2-4753-800c-fa614246533d,25045,26-0515/5,67d3691b-0d4a-4615-9e5c-fbf4dfd989e8,723,Vendue Next Door Part 2 Premium | september,Premium aziatica en aziatisch porselein,A buff-coloured (duanni) pottery Yixing teapot,A buff-coloured (duanni) pottery Yixing teapot,<h3>Period</h3>20th century<h3>Description</h3><p>Not marked.&nbsp;</p><h3>Dimensions</h3>H 10.5 cm,published,EUR,200.0,400.0,200.0,200.0,,1,0,,,True,"Mon, 31 Aug 2026 08:00:00 GMT","Tue, 08 Sep 2026 17:54:00 GMT",https://media.app.artisio.co/media/3fc437c0-fdbb-4208-955a-90293eab416d/inventory/06a90ce8-c3ca-4c4b-b6f2-d1beb04c48b6/b59113e0-5cc3-4abe-b6d5-f9c225fa86c7/0001_IPEZIF_sm.jpeg;https://media.app.artisio.co/media/3fc437c0-fdbb-4208-955a-90293eab416d/inventory/06a90ce8-c3ca-4c4b-b6f2-d1beb04c48b6/66d429f3-a482-49f8-a6f2-2e43f3641678/0002_uAwEJr_sm.jpeg;https://media.app.artisio.co/media/3fc437c0-fdbb-4208-955a-90293eab416d/inventory/06a90ce8-c3ca-4c4b-b6f2-d1beb04c48b6/45c8bb95-8ebf-426d-ab70-2e2e6d47bf3d/0003_QYjvmF_sm.jpeg;https://media.app.artisio.co/media/3fc437c0-fdbb-4208-955a-90293eab416d/inventory/06a90ce8-c3ca-4c4b-b6f2-d1beb04c48b6/b44d4868-c419-4e61-a29e-c74d05a35cd8/0004_RoxgXl_sm.jpeg;https://media.app.artisio.co/media/3fc437c0-fdbb-4208-955a-90293eab416d/inventory/06a90ce8-c3ca-4c4b-b6f2-d1beb04c48b6/a8de5190-1189-4d16-bc59-d054921efa66/0005_NXwTRw_sm.jpeg;https://media.app.artisio.co/media/3fc437c0-fdbb-4208-955a-90293eab416d/inventory/06a90ce8-c3ca-4c4b-b6f2-d1beb04c48b6/73e5789a-4877-4cb7-bc60-2952d156e515/0006_ONuYUr_sm.jpeg,6,"{""artist_retail_right"": false, ""comments"": null, ""condition"": null, ""condition_report"": null, ""description"": ""<p>Not marked.&nbsp;</p>"", ""dimensions"": ""H 10.5 cm"", ""footnote"": null, ""header"": null, ""internal_reference"": null, ""literature"": null, ""origin_exhibition_lite"": null, ""painter_artist_school"": null, ""period"": ""20th century "", ""title"": ""A buff-coloured (duanni) pottery Yixing teapot"", ""total"": null, ""weight_size_quality"": null}"
91abfb91-04ea-40da-8fe6-e943108907fd,25046,25-2019/4,67d3691b-0d4a-4615-9e5c-fbf4dfd989e8,723,Vendue Next Door Part 2 Premium | september,Premium aziatica en aziatisch porselein,A pair of blue and white cups and saucers,A pair of blue and white cups and saucers,"<h3>Period</h3>18th century, China<h3>Description</h3><p>Two unusual cups and saucers, a larger than usual size and decorated with florals in underglaze blue with overglaze gilding. Not marked.</p><h3>Dimensions</h3>Saucers: D 14.3 cm, Cups: H 7 cm, D 8.3 cm<h3>Condition Report</h3><p>One cup with a hairline. Some wear of the gilding. No other damage or restoration.</p>",published,EUR,300.0,400.0,200.0,200.0,,1,0,,,True,"Mon, 31 Aug 2026 08:00:00 GMT","Tue, 08 Sep 2026 17:54:00 GMT",https://media.app.artisio.co/media/3fc437c0-fdbb-4208-955a-90293eab416d/inventory/b3510ce3-d333-412e-96b9-f52d755dd91d/91110f7e-e1b2-4e77-8ea1-e07185ff236c/0001_MSNYMa_sm.jpeg;https://media.app.artisio.co/media/3fc437c0-fdbb-4208-955a-90293eab416d/inventory/b3510ce3-d333-412e-96b9-f52d755dd91d/2a08f0e5-bebd-4dee-b0e8-b765f0a73652/0002_yiQNIW_sm.jpeg;https://media.app.artisio.co/media/3fc437c0-fdbb-4208-955a-90293eab416d/inventory/b3510ce3-d333-412e-96b9-f52d755dd91d/3154be4d-f7e0-4c2a-bb39-32282ea29e22/0003_JdvybU_sm.jpeg,3,"{""artist_retail_right"": false, ""comments"": null, ""condition"": null, ""condition_report"": ""<p>One cup with a hairline. Some wear of the gilding. No other damage or restoration.</p>"", ""description"": ""<p>Two unusual cups and saucers, a larger than usual size and decorated with florals in underglaze blue with overglaze gilding. Not marked.</p>"", ""dimensions"": ""Saucers: D 14.3 cm, Cups: H 7 cm, D 8.3 cm"", ""footnote"": null, ""header"": null, ""internal_reference"": null, ""literature"": null, ""origin_exhibition_lite"": null, ""painter_artist_school"": null, ""period"": ""18th century, China"", ""title"": ""A pair of blue and white cups and saucers"", ""total"": null, ""weight_size_quality"": null}"
1b1d0dcb-5df3-4eeb-b0b2-64c0e390047f,25047,25-2019/5,67d3691b-0d4a-4615-9e5c-fbf4dfd989e8,723,Vendue Next Door Part 2 Premium | september,Premium aziatica en aziatisch porselein,A blue and white bowl with figures,A blue and white bowl with figures,"<h3>Period</h3>Kangxi period, ca. 1700, China<h3>Description</h3><p>Decorated with two ladies playing weiqi (go). Marked with an apocryphal four character Chenghua mark. Lid missing.</p><h3>Dimensions</h3>D 11 cm, H 7 cm<h3>Condition Report</h3><p>No chips, no hairlines and no restoration. Some glaze flaws on the inside and original cover (lid) is missing.</p>",published,EUR,400.0,600.0,400.0,400.0,,1,0,,,True,"Mon, 31 Aug 2026 08:00:00 GMT","Tue, 08 Sep 2026 17:54:00 GMT",https://media.app.artisio.co/media/3fc437c0-fdbb-4208-955a-90293eab416d/inventory/7a844b8f-626b-4475-a656-95c98ae884fe/da738028-5fae-4126-b6c6-c963f2d39c1c/0001_vpJGai_sm.jpeg;https://media.app.artisio.co/media/3fc437c0-fdbb-4208-955a-90293eab416d/inventory/7a844b8f-626b-4475-a656-95c98ae884fe/426e2c7d-b4cf-4a02-a8e2-1909f302dd12/0002_NkUtEB_sm.jpeg;https://media.app.artisio.co/media/3fc437c0-fdbb-4208-955a-90293eab416d/inventory/7a844b8f-626b-4475-a656-95c98ae884fe/75373f7a-c78a-4360-bb0c-793e5c14ec17/0003_cKqMIE_sm.jpeg;https://media.app.artisio.co/media/3fc437c0-fdbb-4208-955a-90293eab416d/inventory/7a844b8f-626b-4475-a656-95c98ae884fe/46038da7-c4d9-406b-9df9-a4a2d117a142/0004_fmyiPX_sm.jpeg;https://media.app.artisio.co/media/3fc437c0-fdbb-4208-955a-90293eab416d/inventory/7a844b8f-626b-4475-a656-95c98ae884fe/aca13df2-f1e9-4623-98bb-8f1a732236fd/0005_HXamQK_sm.jpeg;https://media.app.artisio.co/media/3fc437c0-fdbb-4208-955a-90293eab416d/inventory/7a844b8f-626b-4475-a656-95c98ae884fe/5f6baa84-a5e6-4e98-b607-0ed301efec7e/0006_lqfyuP_sm.jpeg;https://media.app.artisio.co/media/3fc437c0-fdbb-4208-955a-90293eab416d/inventory/7a844b8f-626b-4475-a656-95c98ae884fe/10915b2c-3aaa-4630-87df-c3d6a314805a/0007_fwUTtF_sm.jpeg,7,"{""artist_retail_right"": false, ""comments"": null, ""condition"": null, ""condition_report"": ""<p>No chips, no hairlines and no restoration. Some glaze flaws on the inside and original cover (lid) is missing.</p>"", ""description"": ""<p>Decorated with two ladies playing weiqi (go). Marked with an apocryphal four character Chenghua mark. Lid missing.</p>"", ""dimensions"": ""D 11 cm, H 7 cm"", ""footnote"": null, ""header"": null, ""internal_reference"": null, ""literature"": null, ""origin_exhibition_lite"": null, ""painter_artist_school"": null, ""period"": ""Kangxi period, ca. 1700, China"", ""title"": ""A blue and white bowl with figures"", ""total"": null, ""weight_size_quality"": null}"
dd2a78f3-c0cf-4849-9ccd-c308316213d5,25048,25-2019/3,67d3691b-0d4a-4615-9e5c-fbf4dfd989e8,723,Vendue Next Door Part 2 Premium | september,Premium aziatica en aziatisch porselein,A pair of Chinese imari porcelain vases with grapes and vines pattern,A pair of Chinese imari porcelain vases with grapes and vines pattern,"<h3>Period</h3>First half 18th century, China<h3>Description</h3><p>Two globular jars with underglaze and overglaze red and gilding. With later replacements wooden covers and stands. Not marked.</p><h3>Dimensions</h3>H 21.5 cm (the vases, measured  without lid and base)<h3>Condition Report</h3><p>Some wear of the gilding and the usual manufacturing (glaze) flaws and irregularities. No other damage or restoration.</p>",published,EUR,1000.0,1500.0,1000.0,1000.0,,1,0,,,True,"Mon, 31 Aug 2026 08:00:00 GMT","Tue, 08 Sep 2026 17:54:00 GMT",https://media.app.artisio.co/media/3fc437c0-fdbb-4208-955a-90293eab416d/inventory/2d0f9ec6-8229-4433-b723-a099d815cd94/cbbebbd8-a5c2-4c27-a5dc-7e221d366ccf/0001_hRvjlP_sm.jpeg;https://media.app.artisio.co/media/3fc437c0-fdbb-4208-955a-90293eab416d/inventory/2d0f9ec6-8229-4433-b723-a099d815cd94/b9b0a93b-2e15-4cbf-aecb-efd03a69ec16/0002_gcwFbi_sm.jpeg;https://media.app.artisio.co/media/3fc437c0-fdbb-4208-955a-90293eab416d/inventory/2d0f9ec6-8229-4433-b723-a099d815cd94/4654d563-5db4-4924-bfe0-fec7608957b3/0003_xDdrpx_sm.jpeg;https://media.app.artisio.co/media/3fc437c0-fdbb-4208-955a-90293eab416d/inventory/2d0f9ec6-8229-4433-b723-a099d815cd94/d78d5b98-cb16-4f2c-8226-04955e90c24a/0004_gZLJRu_sm.jpeg;https://media.app.artisio.co/media/3fc437c0-fdbb-4208-955a-90293eab416d/inventory/2d0f9ec6-8229-4433-b723-a099d815cd94/ffcaf158-0429-4f27-9a63-01153a2f3295/0005_nvDIyp_sm.jpeg;https://media.app.artisio.co/media/3fc437c0-fdbb-4208-955a-90293eab416d/inventory/2d0f9ec6-8229-4433-b723-a099d815cd94/c9d8860b-2b95-4545-abc4-bbb0fccef3d1/0006_mSRGGk_sm.jpeg,6,"{""artist_retail_right"": false, ""comments"": null, ""condition"": null, ""condition_report"": ""<p>Some wear of the gilding and the usual manufacturing (glaze) flaws and irregularities. No other damage or restoration.</p>"", ""description"": ""<p>Two globular jars with underglaze and overglaze red and gilding. With later replacements wooden covers and stands. Not marked.</p>"", ""dimensions"": ""H 21.5 cm (the vases, measured  without lid and base)"", ""footnote"": null, ""header"": null, ""internal_reference"": null, ""literature"": null, ""origin_exhibition_lite"": null, ""painter_artist_school"": null, ""period"": ""First half 18th century, China"", ""title"": ""A pair of Chinese imari porcelain vases with grapes and vines pattern"", ""total"": null, ""weight_size_quality"": null}"
8c15a071-1ec5-429b-bb4e-db8bba3b3262,25049,26-0596/2,67d3691b-0d4a-4615-9e5c-fbf4dfd989e8,723,Vendue Next Door Part 2 Premium | september,Premium aziatica en aziatisch porselein,A Dutch Colonial brass-mounted padouk and rosewood bureau,A Dutch Colonial brass-mounted padouk and rosewood bureau,"<h3>Period</h3>19th century<h3>Description</h3><p>The panelled rectangular top above a hinged flap enclosing a fitted interior, the base with three bracket shaped drawers, on claw-and-ball feet.</p><h3>Dimensions</h3>108 cm high, 106 cm wide, 57 cm deep",published,EUR,300.0,500.0,200.0,200.0,,1,0,,,True,"Mon, 31 Aug 2026 08:00:00 GMT","Tue, 08 Sep 2026 17:54:00 GMT",https://media.app.artisio.co/media/3fc437c0-fdbb-4208-955a-90293eab416d/inventory/9b5e7eb0-2b48-4784-b000-f0340ed7c9b4/d3565816-fad0-44c3-bad6-8d88218f5c9a/0001_EPPVfF_sm.jpeg;https://media.app.artisio.co/media/3fc437c0-fdbb-4208-955a-90293eab416d/inventory/9b5e7eb0-2b48-4784-b000-f0340ed7c9b4/3def0038-ab45-41e0-8c50-2eba57311641/0002_tywzPG_sm.jpeg;https://media.app.artisio.co/media/3fc437c0-fdbb-4208-955a-90293eab416d/inventory/9b5e7eb0-2b48-4784-b000-f0340ed7c9b4/0faf8101-a716-4d3c-8a6f-8b6288c49a50/0003_lVAfgb_sm.jpeg;https://media.app.artisio.co/media/3fc437c0-fdbb-4208-955a-90293eab416d/inventory/9b5e7eb0-2b48-4784-b000-f0340ed7c9b4/c6277025-328f-4a2b-a67d-7a56e4f8169e/0004_WRgpIt_sm.jpeg;https://media.app.artisio.co/media/3fc437c0-fdbb-4208-955a-90293eab416d/inventory/9b5e7eb0-2b48-4784-b000-f0340ed7c9b4/46d20370-6e8d-4ce7-b7c4-1f30523f5c42/0005_ZileFI_sm.jpeg,5,"{""artist_retail_right"": false, ""comments"": null, ""condition"": null, ""condition_report"": null, ""description"": ""<p>The panelled rectangular top above a hinged flap enclosing a fitted interior, the base with three bracket shaped drawers, on claw-and-ball feet.</p>"", ""dimensions"": ""108 cm high, 106 cm wide, 57 cm deep"", ""footnote"": null, ""header"": null, ""internal_reference"": null, ""literature"": null, ""origin_exhibition_lite"": null, ""painter_artist_school"": null, ""period"": ""19th century"", ""title"": ""A Dutch Colonial brass-mounted padouk and rosewood bureau"", ""total"": null, ""weight_size_quality"": null}"
d07e69a8-52b7-4726-a929-3638989a256f,25050,26-0135/26,67d3691b-0d4a-4615-9e5c-fbf4dfd989e8,723,Vendue Next Door Part 2 Premium | september,Premium aziatica en aziatisch porselein,a Japanese kakejiku (hanging scroll painting) of two carp,a Japanese kakejiku (hanging scroll painting) of two carp,"<h3>Period</h3>18/19th century, Japan<h3>Description</h3><p>The two fish suspended from a blue rope. Ink on silk, with three red seal stamps in the lower left corner.</p><h3>Dimensions</h3>The painting: 77.5 x 26 cm (160 x 32 cm including border and wooden scroll stick153.5 x 34.5 cm)<h3>Literature</h3><p><a href=""https://online.bunka.go.jp/heritages/detail/660510"">A similar painting is in the Kobe museum in Japan.</a></p><h3>Condition Report</h3><p>Heavy wear, the stick at the base is loose.</p>",published,EUR,200.0,300.0,100.0,100.0,,1,2,120.0,120.0,True,"Mon, 31 Aug 2026 08:00:00 GMT","Tue, 08 Sep 2026 17:54:00 GMT",https://media.app.artisio.co/media/3fc437c0-fdbb-4208-955a-90293eab416d/inventory/bec1cf77-a35f-4326-9cb1-631a8aaf2039/17d079c5-dc03-4756-9187-73fbbc564a3d/0001_wULsCX_sm.jpeg;https://media.app.artisio.co/media/3fc437c0-fdbb-4208-955a-90293eab416d/inventory/bec1cf77-a35f-4326-9cb1-631a8aaf2039/a7351797-0d26-4661-b76c-2fb59e361a9a/0002_LkjxWI_sm.jpeg;https://media.app.artisio.co/media/3fc437c0-fdbb-4208-955a-90293eab416d/inventory/bec1cf77-a35f-4326-9cb1-631a8aaf2039/9f706905-a4c4-437b-9bdc-bbb1df363519/0003_ndyUgW_sm.jpeg;https://media.app.artisio.co/media/3fc437c0-fdbb-4208-955a-90293eab416d/inventory/bec1cf77-a35f-4326-9cb1-631a8aaf2039/53fbe693-b46c-40b9-b4f6-e028d8310661/0004_dgRqof_sm.jpeg;https://media.app.artisio.co/media/3fc437c0-fdbb-4208-955a-90293eab416d/inventory/bec1cf77-a35f-4326-9cb1-631a8aaf2039/e571db08-79cd-42b1-ab99-ebce790efb60/0005_fkgkGw_sm.jpeg,5,"{""artist_retail_right"": false, ""comments"": null, ""condition"": null, ""condition_report"": ""<p>Heavy wear, the stick at the base is loose.</p>"", ""description"": ""<p>The two fish suspended from a blue rope. Ink on silk, with three red seal stamps in the lower left corner.</p>"", ""dimensions"": ""The painting: 77.5 x 26 cm (160 x 32 cm including border and wooden scroll stick153.5 x 34.5 cm)"", ""footnote"": null, ""header"": null, ""internal_reference"": null, ""literature"": ""<p><a href=\""https://online.bunka.go.jp/heritages/detail/660510\"">A similar painting is in the Kobe museum in Japan.</a></p>"", ""origin_exhibition_lite"": null, ""painter_artist_school"": null, ""period"": ""18/19th century, Japan"", ""title"": ""a Japanese kakejiku (hanging scroll painting) of two carp"", ""total"": null, ""weight_size_quality"": null}"
788b831f-5323-4837-9053-de0a92e812b0,25051,26-0135/27,67d3691b-0d4a-4615-9e5c-fbf4dfd989e8,723,Vendue Next Door Part 2 Premium | september,Premium aziatica en aziatisch porselein,A Chinese painting of an old fisherman and a boy,A Chinese painting of an old fisherman and a boy,"<h3>Period</h3>Dated April, 1918 (or 1978),<h3>Description</h3><p>Made at the White Cloud Mountain studio. Framed and matted behind glass.</p>",published,EUR,200.0,300.0,100.0,100.0,,1,0,,,True,"Mon, 31 Aug 2026 08:00:00 GMT","Tue, 08 Sep 2026 17:54:00 GMT",https://media.app.artisio.co/media/3fc437c0-fdbb-4208-955a-90293eab416d/inventory/db16bc64-010c-45ff-8199-cdcc660d5c35/797e6d47-8aa7-44c2-8f2a-736c2994836d/00001_IxgSRX_sm.jpeg;https://media.app.artisio.co/media/3fc437c0-fdbb-4208-955a-90293eab416d/inventory/db16bc64-010c-45ff-8199-cdcc660d5c35/a02ef531-68f6-47a8-ba08-52ab8b4f8b59/0001_xPWTtP_sm.jpeg;https://media.app.artisio.co/media/3fc437c0-fdbb-4208-955a-90293eab416d/inventory/db16bc64-010c-45ff-8199-cdcc660d5c35/873a88b5-f2d6-4623-904f-01a9889bcedc/0002_UjTtOG_sm.jpeg,3,"{""artist_retail_right"": false, ""comments"": null, ""condition"": null, ""condition_report"": null, ""description"": ""<p>Made at the White Cloud Mountain studio. Framed and matted behind glass.</p>"", ""dimensions"": null, ""footnote"": null, ""header"": null, ""internal_reference"": null, ""literature"": null, ""origin_exhibition_lite"": null, ""painter_artist_school"": null, ""period"": ""Dated April, 1918 (or 1978),"", ""title"": ""A Chinese painting of an old fisherman and a boy"", ""total"": null, ""weight_size_quality"": null}"
58e36697-b48b-4686-ab4a-1d2db2b9e101,25052,26-0578/45,67d3691b-0d4a-4615-9e5c-fbf4dfd989e8,723,Vendue Next Door Part 2 Premium | september,Premium aziatica en aziatisch porselein,A collection of antique books on China from the collection of H.A. van Oort,A collection of antique books on China from the collection of H.A. van Oort,"<h3>Period</h3>18th and 19th century<h3>Description</h3><p>A five-volume French edition of the travels through China by Lord Macartney, two volumes 'China Opened' by Gutzzlaff and two volumes ‘History of China’ by John Francis Davis.</p><h3>Literature</h3><p>Provenance: Collection of H.A. van Oort (1916–2001), Professor of East Asian Art at the University of Amsterdam (1973–1986).</p><p>Henri Albert van Oort developed an early interest in Chinese art during his time in Singapore, where he was employed as a bank clerk. During the Second World War, he served in the Dutch army. Following his military service, he studied cultural anthropology at Leiden University, where he completed his doctoral dissertation, <i>The Porcelain of Hongxian</i>. This research was later published in 1977 as <i>Chinese Porcelain of the 19th and 20th Centuries</i>, one of the first major scholarly studies devoted to the subject. His publications also include <i>The Iconography of Chinese Buddhism in Traditional China</i> (1986).</p><p>In addition to his academic career, van Oort was an avid and discerning collector of Chinese and Japanese art. A number of the works illustrated in his publications were drawn from his own collection.</p>",published,EUR,200.0,300.0,100.0,100.0,,1,6,200.0,200.0,True,"Mon, 31 Aug 2026 08:00:00 GMT","Tue, 08 Sep 2026 17:54:00 GMT",https://media.app.artisio.co/media/3fc437c0-fdbb-4208-955a-90293eab416d/inventory/6a0b6348-ea40-4f6b-b16b-a8143cac211f/656b4dca-165a-4781-85ac-6a7ba664526d/0001_MJYcyX_sm.jpeg;https://media.app.artisio.co/media/3fc437c0-fdbb-4208-955a-90293eab416d/inventory/6a0b6348-ea40-4f6b-b16b-a8143cac211f/6d4ccce5-16eb-41ad-844c-8a540cc2d193/0002_SPSEkl_sm.jpeg;https://media.app.artisio.co/media/3fc437c0-fdbb-4208-955a-90293eab416d/inventory/6a0b6348-ea40-4f6b-b16b-a8143cac211f/c9a245de-3dd5-4d1d-b04a-c2bf4cf0ff97/0003_CRHmlD_sm.jpeg,3,"{""artist_retail_right"": false, ""comments"": null, ""condition"": null, ""condition_report"": null, ""description"": ""<p>A five-volume French edition of the travels through China by Lord Macartney, two volumes 'China Opened' by Gutzzlaff and two volumes ‘History of China’ by John Francis Davis.</p>"", ""dimensions"": null, ""footnote"": null, ""header"": null, ""internal_reference"": null, ""literature"": ""<p>Provenance: Collection of H.A. van Oort (1916–2001), Professor of East Asian Art at the University of Amsterdam (1973–1986).</p><p>Henri Albert van Oort developed an early interest in Chinese art during his time in Singapore, where he was employed as a bank clerk. During the Second World War, he served in the Dutch army. Following his military service, he studied cultural anthropology at Leiden University, where he completed his doctoral dissertation, <i>The Porcelain of Hongxian</i>. This research was later published in 1977 as <i>Chinese Porcelain of the 19th and 20th Centuries</i>, one of the first major scholarly studies devoted to the subject. His publications also include <i>The Iconography of Chinese Buddhism in Traditional China</i> (1986).</p><p>In addition to his academic career, van Oort was an avid and discerning collector of Chinese and Japanese art. A number of the works illustrated in his publications were drawn from his own collection.</p>"", ""origin_exhibition_lite"": null, ""painter_artist_school"": null, ""period"": ""18th and 19th century"", ""title"": ""A collection of antique books on China from the collection of H.A. van Oort"", ""total"": null, ""weight_size_quality"": null}"
1b1abbc9-259f-4cd9-9b05-ba9a5cf15cf5,25053,26-0578/32,67d3691b-0d4a-4615-9e5c-fbf4dfd989e8,723,Vendue Next Door Part 2 Premium | september,Premium aziatica en aziatisch porselein,Two Ghandara stone fragments,Two Ghandara stone fragments,"<h3>Period</h3>Gandhāra, Northwest Pakistan / Afghanistan, ca. 2nd–3rd century CE<h3>Description</h3><p>Gray Schist, two fragments of Buddha heads.</p><h3>Dimensions</h3>L 8 cm and 5.5 cm<h3>Literature</h3><p>Provenance: Collection of H.A. van Oort (1916–2001), Professor of East Asian Art at the University of Amsterdam (1973–1986).</p><p>Henri Albert van Oort developed an early interest in Chinese art during his time in Singapore, where he was employed as a bank clerk. During the Second World War, he served in the Dutch army. Following his military service, he studied cultural anthropology at Leiden University, where he completed his doctoral dissertation, <i>The Porcelain of Hongxian</i>. This research was later published in 1977 as <i>Chinese Porcelain of the 19th and 20th Centuries</i>, one of the first major scholarly studies devoted to the subject. His publications also include <i>The Iconography of Chinese Buddhism in Traditional China</i> (1986).</p><p>In addition to his academic career, van Oort was an avid and discerning collector of Chinese and Japanese art. A number of the works illustrated in his publications were drawn from his own collection.</p>",published,EUR,200.0,300.0,100.0,100.0,,1,1,100.0,100.0,True,"Mon, 31 Aug 2026 08:00:00 GMT","Tue, 08 Sep 2026 17:54:00 GMT",https://media.app.artisio.co/media/3fc437c0-fdbb-4208-955a-90293eab416d/inventory/c9606458-058d-4d30-9c1f-b5fa3cbd794c/110cf6e5-4d98-4038-a67d-ea8234ea438e/0001_SLwmop_sm.jpeg;https://media.app.artisio.co/media/3fc437c0-fdbb-4208-955a-90293eab416d/inventory/c9606458-058d-4d30-9c1f-b5fa3cbd794c/55f45327-7950-48e4-82fb-80f78bdb3be1/0002_kEaWsT_sm.jpeg;https://media.app.artisio.co/media/3fc437c0-fdbb-4208-955a-90293eab416d/inventory/c9606458-058d-4d30-9c1f-b5fa3cbd794c/e248e16b-2fc4-4259-959f-8cee9a504f40/0003_wsVBYx_sm.jpeg;https://media.app.artisio.co/media/3fc437c0-fdbb-4208-955a-90293eab416d/inventory/c9606458-058d-4d30-9c1f-b5fa3cbd794c/8eeba971-ee3f-4757-9a7a-df1327d3b48b/0004_CQoxLi_sm.jpeg;https://media.app.artisio.co/media/3fc437c0-fdbb-4208-955a-90293eab416d/inventory/c9606458-058d-4d30-9c1f-b5fa3cbd794c/3f8453b2-3e59-4599-9e60-22df4888572c/0005_CkkJxw_sm.jpeg;https://media.app.artisio.co/media/3fc437c0-fdbb-4208-955a-90293eab416d/inventory/c9606458-058d-4d30-9c1f-b5fa3cbd794c/8d824ac0-ca21-413b-bd77-af2178306d73/0006_EDiQMw_sm.jpeg,6,"{""artist_retail_right"": false, ""comments"": null, ""condition"": null, ""condition_report"": null, ""description"": ""<p>Gray Schist, two fragments of Buddha heads.</p>"", ""dimensions"": ""L 8 cm and 5.5 cm"", ""footnote"": null, ""header"": null, ""internal_reference"": null, ""literature"": ""<p>Provenance: Collection of H.A. van Oort (1916–2001), Professor of East Asian Art at the University of Amsterdam (1973–1986).</p><p>Henri Albert van Oort developed an early interest in Chinese art during his time in Singapore, where he was employed as a bank clerk. During the Second World War, he served in the Dutch army. Following his military service, he studied cultural anthropology at Leiden University, where he completed his doctoral dissertation, <i>The Porcelain of Hongxian</i>. This research was later published in 1977 as <i>Chinese Porcelain of the 19th and 20th Centuries</i>, one of the first major scholarly studies devoted to the subject. His publications also include <i>The Iconography of Chinese Buddhism in Traditional China</i> (1986).</p><p>In addition to his academic career, van Oort was an avid and discerning collector of Chinese and Japanese art. A number of the works illustrated in his publications were drawn from his own collection.</p>"", ""origin_exhibition_lite"": null, ""painter_artist_school"": null, ""period"": ""Gandhāra, Northwest Pakistan / Afghanistan, ca. 2nd–3rd century CE"", ""title"": ""Two Ghandara stone fragments"", ""total"": null, ""weight_size_quality"": null}"
51fc401d-dcfb-46a1-a499-ad1acb73d633,25054,26-0578/22,67d3691b-0d4a-4615-9e5c-fbf4dfd989e8,723,Vendue Next Door Part 2 Premium | september,Premium aziatica en aziatisch porselein,An early Japanese porcelain Tengudanigama Arita bowl with old kintsugi repair,An early Japanese porcelain Tengudanigama Arita bowl with old kintsugi repair,"<h3>Period</h3>17th century, Japan<h3>Description</h3><p>The exterior with blue characters. The bowl with large firing cracks and other manufacturing flaws.</p><h3>Dimensions</h3>H 8 cm, D 11 cm<h3>Literature</h3><p>Provenance: Collection of H.A. van Oort (1916–2001), Professor of East Asian Art at the University of Amsterdam (1973–1986).</p><p>Henri Albert van Oort developed an early interest in Chinese art during his time in Singapore, where he was employed as a bank clerk. During the Second World War, he served in the Dutch army. Following his military service, he studied cultural anthropology at Leiden University, where he completed his doctoral dissertation, <i>The Porcelain of Hongxian</i>. This research was later published in 1977 as <i>Chinese Porcelain of the 19th and 20th Centuries</i>, one of the first major scholarly studies devoted to the subject. His publications also include <i>The Iconography of Chinese Buddhism in Traditional China</i> (1986).</p><p>In addition to his academic career, van Oort was an avid and discerning collector of Chinese and Japanese art. A number of the works illustrated in his publications were drawn from his own collection.</p>",published,EUR,200.0,300.0,100.0,100.0,,1,3,140.0,140.0,True,"Mon, 31 Aug 2026 08:00:00 GMT","Tue, 08 Sep 2026 17:54:00 GMT",https://media.app.artisio.co/media/3fc437c0-fdbb-4208-955a-90293eab416d/inventory/4287c327-1d66-46ea-83b5-19404bcc4a50/e09b13ed-839c-4c0e-ad7e-8f769947fbee/0001_ApraOs_sm.jpeg;https://media.app.artisio.co/media/3fc437c0-fdbb-4208-955a-90293eab416d/inventory/4287c327-1d66-46ea-83b5-19404bcc4a50/482a8e8a-c89b-4429-b174-a4032d5e8608/0002_SYCaGg_sm.jpeg;https://media.app.artisio.co/media/3fc437c0-fdbb-4208-955a-90293eab416d/inventory/4287c327-1d66-46ea-83b5-19404bcc4a50/1ca7d68f-98ba-4a02-a142-00511a02f724/0003_gXABlS_sm.jpeg;https://media.app.artisio.co/media/3fc437c0-fdbb-4208-955a-90293eab416d/inventory/4287c327-1d66-46ea-83b5-19404bcc4a50/9efe5e97-7f27-443a-b565-2eadea11c118/0004_ujhMmm_sm.jpeg;https://media.app.artisio.co/media/3fc437c0-fdbb-4208-955a-90293eab416d/inventory/4287c327-1d66-46ea-83b5-19404bcc4a50/3ec65512-11d7-48fc-91cd-9e4dd2dff8be/0005_WLBLNi_sm.jpeg;https://media.app.artisio.co/media/3fc437c0-fdbb-4208-955a-90293eab416d/inventory/4287c327-1d66-46ea-83b5-19404bcc4a50/ec3345fa-e748-4151-adb8-3d54b4228609/0006_KIRfcR_sm.jpeg;https://media.app.artisio.co/media/3fc437c0-fdbb-4208-955a-90293eab416d/inventory/4287c327-1d66-46ea-83b5-19404bcc4a50/ee53382c-f7ea-4acd-b236-8c9a2ed11738/0007_AnNtPS_sm.jpeg;https://media.app.artisio.co/media/3fc437c0-fdbb-4208-955a-90293eab416d/inventory/4287c327-1d66-46ea-83b5-19404bcc4a50/c6414d61-977e-450d-a33e-4507be1ab76c/0008_IhwhVL_sm.jpeg,8,"{""artist_retail_right"": false, ""comments"": null, ""condition"": null, ""condition_report"": null, ""description"": ""<p>The exterior with blue characters. The bowl with large firing cracks and other manufacturing flaws.</p>"", ""dimensions"": ""H 8 cm, D 11 cm"", ""footnote"": null, ""header"": null, ""internal_reference"": null, ""literature"": ""<p>Provenance: Collection of H.A. van Oort (1916–2001), Professor of East Asian Art at the University of Amsterdam (1973–1986).</p><p>Henri Albert van Oort developed an early interest in Chinese art during his time in Singapore, where he was employed as a bank clerk. During the Second World War, he served in the Dutch army. Following his military service, he studied cultural anthropology at Leiden University, where he completed his doctoral dissertation, <i>The Porcelain of Hongxian</i>. This research was later published in 1977 as <i>Chinese Porcelain of the 19th and 20th Centuries</i>, one of the first major scholarly studies devoted to the subject. His publications also include <i>The Iconography of Chinese Buddhism in Traditional China</i> (1986).</p><p>In addition to his academic career, van Oort was an avid and discerning collector of Chinese and Japanese art. A number of the works illustrated in his publications were drawn from his own collection.</p>"", ""origin_exhibition_lite"": null, ""painter_artist_school"": null, ""period"": ""17th century, Japan"", ""title"": ""An early Japanese porcelain Tengudanigama Arita bowl with old kintsugi repair"", ""total"": null, ""weight_size_quality"": null}"
4eff4f89-bb87-4ac2-a080-a2282c038eab,25055,26-0578/29,67d3691b-0d4a-4615-9e5c-fbf4dfd989e8,723,Vendue Next Door Part 2 Premium | september,Premium aziatica en aziatisch porselein,A Dehua white-glazed porcelain stem cup,A Dehua white-glazed porcelain stem cup,"<h3>Period</h3>17/18th century, China<h3>Description</h3><p>A wide stem cup with a flaring bowl. Not marked.</p><h3>Dimensions</h3>H 9.5 cm, D 13.3 cm<h3>Literature</h3><p>Provenance: Collection of H.A. van Oort (1916–2001), Professor of East Asian Art at the University of Amsterdam (1973–1986).</p><p>Henri Albert van Oort developed an early interest in Chinese art during his time in Singapore, where he was employed as a bank clerk. During the Second World War, he served in the Dutch army. Following his military service, he studied cultural anthropology at Leiden University, where he completed his doctoral dissertation, <i>The Porcelain of Hongxian</i>. This research was later published in 1977 as <i>Chinese Porcelain of the 19th and 20th Centuries</i>, one of the first major scholarly studies devoted to the subject. His publications also include <i>The Iconography of Chinese Buddhism in Traditional China</i> (1986).</p><p>In addition to his academic career, van Oort was an avid and discerning collector of Chinese and Japanese art. A number of the works illustrated in his publications were drawn from his own collection.</p><h3>Condition Report</h3><p>Discolored restoration to the top edge. The base was cut short (a few centimetres) and chipping to the edge of the base.</p>",published,EUR,200.0,300.0,100.0,100.0,,1,0,,,True,"Mon, 31 Aug 2026 08:00:00 GMT","Tue, 08 Sep 2026 17:54:00 GMT",https://media.app.artisio.co/media/3fc437c0-fdbb-4208-955a-90293eab416d/inventory/6a291684-6833-467f-9636-454078a6c516/ddbbf6ce-6136-4401-b644-97c77e438030/0001_GaCbpC_sm.jpeg;https://media.app.artisio.co/media/3fc437c0-fdbb-4208-955a-90293eab416d/inventory/6a291684-6833-467f-9636-454078a6c516/f9cc86e0-3130-44c0-a271-ba365a621551/0002_zqLhHq_sm.jpeg;https://media.app.artisio.co/media/3fc437c0-fdbb-4208-955a-90293eab416d/inventory/6a291684-6833-467f-9636-454078a6c516/7ed0541d-f6bb-4987-be6a-cf2c4ebc4509/0003_rRLCXv_sm.jpeg;https://media.app.artisio.co/media/3fc437c0-fdbb-4208-955a-90293eab416d/inventory/6a291684-6833-467f-9636-454078a6c516/41bbd10e-ba06-4963-8c74-5b45af29b705/0004_pgoEvn_sm.jpeg;https://media.app.artisio.co/media/3fc437c0-fdbb-4208-955a-90293eab416d/inventory/6a291684-6833-467f-9636-454078a6c516/00f384d1-ea56-4068-b42e-552c70c23e64/0005_vkmWTp_sm.jpeg;https://media.app.artisio.co/media/3fc437c0-fdbb-4208-955a-90293eab416d/inventory/6a291684-6833-467f-9636-454078a6c516/4eeb0d06-a7b3-424c-a483-a7e29a5c5042/0006_kjjBAg_sm.jpeg;https://media.app.artisio.co/media/3fc437c0-fdbb-4208-955a-90293eab416d/inventory/6a291684-6833-467f-9636-454078a6c516/0cbea951-9b38-483e-9bbc-57c5e7387ea5/0007_uNQvOo_sm.jpeg;https://media.app.artisio.co/media/3fc437c0-fdbb-4208-955a-90293eab416d/inventory/6a291684-6833-467f-9636-454078a6c516/595c193a-bdd6-476b-99c4-3a92b4dc5489/0008_eZXdWX_sm.jpeg;https://media.app.artisio.co/media/3fc437c0-fdbb-4208-955a-90293eab416d/inventory/6a291684-6833-467f-9636-454078a6c516/58cf1ebd-d8ad-4fb8-b84e-645eb1eb2aa2/0009_JCtHKm_sm.jpeg;https://media.app.artisio.co/media/3fc437c0-fdbb-4208-955a-90293eab416d/inventory/6a291684-6833-467f-9636-454078a6c516/2c8f8563-5c6f-4b8d-b78a-9d386f01d8ee/0010_MFayQs_sm.jpeg;https://media.app.artisio.co/media/3fc437c0-fdbb-4208-955a-90293eab416d/inventory/6a291684-6833-467f-9636-454078a6c516/c44002bb-c282-4c4a-9843-55519de693d3/0011_KnlFKH_sm.jpeg;https://media.app.artisio.co/media/3fc437c0-fdbb-4208-955a-90293eab416d/inventory/6a291684-6833-467f-9636-454078a6c516/dc2a2ae9-2b03-42ff-b2fd-9eacd1f0ca99/0012_Boisvk_sm.jpeg;https://media.app.artisio.co/media/3fc437c0-fdbb-4208-955a-90293eab416d/inventory/6a291684-6833-467f-9636-454078a6c516/6c0ed4e9-49d7-42c4-aae5-ac1717ba22c9/0013_zbYTlO_sm.jpeg;https://media.app.artisio.co/media/3fc437c0-fdbb-4208-955a-90293eab416d/inventory/6a291684-6833-467f-9636-454078a6c516/bd2348de-6b5b-4b94-85eb-66bf3120bbf8/0014_FbGtgg_sm.jpeg;https://media.app.artisio.co/media/3fc437c0-fdbb-4208-955a-90293eab416d/inventory/6a291684-6833-467f-9636-454078a6c516/c6bccd9c-3336-4398-b8c3-7b246e924a16/0015_dWgwZJ_sm.jpeg;https://media.app.artisio.co/media/3fc437c0-fdbb-4208-955a-90293eab416d/inventory/6a291684-6833-467f-9636-454078a6c516/0c6fcac4-03d2-47db-8e67-1da57ec0fbb2/0016_GvcUHS_sm.jpeg;https://media.app.artisio.co/media/3fc437c0-fdbb-4208-955a-90293eab416d/inventory/6a291684-6833-467f-9636-454078a6c516/f90b1528-eae5-46f7-8368-aea5d238f49f/0017_qThpfz_sm.jpeg;https://media.app.artisio.co/media/3fc437c0-fdbb-4208-955a-90293eab416d/inventory/6a291684-6833-467f-9636-454078a6c516/a589a220-fc9d-4ec3-a643-b2675283a5c5/0018_aJcMPk_sm.jpeg;https://media.app.artisio.co/media/3fc437c0-fdbb-4208-955a-90293eab416d/inventory/6a291684-6833-467f-9636-454078a6c516/cebabebf-c8ed-42c2-9dbd-c3eb689b224a/0019_HWppkT_sm.jpeg;https://media.app.artisio.co/media/3fc437c0-fdbb-4208-955a-90293eab416d/inventory/6a291684-6833-467f-9636-454078a6c516/29f6960c-babd-44ee-90db-08b0e990fe28/0020_hswfNg_sm.jpeg,20,"{""artist_retail_right"": false, ""comments"": null, ""condition"": null, ""condition_report"": ""<p>Discolored restoration to the top edge. The base was cut short (a few centimetres) and chipping to the edge of the base.</p>"", ""description"": ""<p>A wide stem cup with a flaring bowl. Not marked.</p>"", ""dimensions"": ""H 9.5 cm, D 13.3 cm"", ""footnote"": null, ""header"": null, ""internal_reference"": null, ""literature"": ""<p>Provenance: Collection of H.A. van Oort (1916–2001), Professor of East Asian Art at the University of Amsterdam (1973–1986).</p><p>Henri Albert van Oort developed an early interest in Chinese art during his time in Singapore, where he was employed as a bank clerk. During the Second World War, he served in the Dutch army. Following his military service, he studied cultural anthropology at Leiden University, where he completed his doctoral dissertation, <i>The Porcelain of Hongxian</i>. This research was later published in 1977 as <i>Chinese Porcelain of the 19th and 20th Centuries</i>, one of the first major scholarly studies devoted to the subject. His publications also include <i>The Iconography of Chinese Buddhism in Traditional China</i> (1986).</p><p>In addition to his academic career, van Oort was an avid and discerning collector of Chinese and Japanese art. A number of the works illustrated in his publications were drawn from his own collection.</p>"", ""origin_exhibition_lite"": null, ""painter_artist_school"": null, ""period"": ""17/18th century, China"", ""title"": ""A Dehua white-glazed porcelain stem cup"", ""total"": null, ""weight_size_quality"": null}"
23bfa079-f323-4572-a086-1179b30d5340,25056,26-0578/13,67d3691b-0d4a-4615-9e5c-fbf4dfd989e8,723,Vendue Next Door Part 2 Premium | september,Premium aziatica en aziatisch porselein,A small early bronze 'Ding' or ritual vessel with a tiger as finial,A small early bronze 'Ding' or ritual vessel with a tiger as finial,"<h3>Period</h3>Warring States/Han dynasty or earlier<h3>Description</h3><p>A very unusual small early bronze round vessel on three feet with a slight-domed cover sporting a tiger with incised motifs. The centre of the lid with a deliberate hole.</p><h3>Dimensions</h3>L 15 cm (handle to handle), H 14.8 cm<h3>Literature</h3><p>Provenance: Collection of H.A. van Oort (1916–2001), Professor of East Asian Art at the University of Amsterdam (1973–1986).</p><p>Henri Albert van Oort developed an early interest in Chinese art during his time in Singapore, where he was employed as a bank clerk. During the Second World War, he served in the Dutch army. Following his military service, he studied cultural anthropology at Leiden University, where he completed his doctoral dissertation, <i>The Porcelain of Hongxian</i>. This research was later published in 1977 as <i>Chinese Porcelain of the 19th and 20th Centuries</i>, one of the first major scholarly studies devoted to the subject. His publications also include <i>The Iconography of Chinese Buddhism in Traditional China</i> (1986).</p><p>In addition to his academic career, van Oort was an avid and discerning collector of Chinese and Japanese art. A number of the works illustrated in his publications were drawn from his own collection.</p>",published,EUR,500.0,1000.0,400.0,400.0,,1,0,,,True,"Mon, 31 Aug 2026 08:00:00 GMT","Tue, 08 Sep 2026 17:54:00 GMT",https://media.app.artisio.co/media/3fc437c0-fdbb-4208-955a-90293eab416d/inventory/ac4cff5c-8be6-438d-899d-207576909dfb/1c4845c9-e667-4397-b6e8-9d899729461a/0001_Whnzqs_sm.jpeg;https://media.app.artisio.co/media/3fc437c0-fdbb-4208-955a-90293eab416d/inventory/ac4cff5c-8be6-438d-899d-207576909dfb/7f850c41-a1f6-4300-801b-701b9da7577b/0002_pNjpEf_sm.jpeg;https://media.app.artisio.co/media/3fc437c0-fdbb-4208-955a-90293eab416d/inventory/ac4cff5c-8be6-438d-899d-207576909dfb/c4a7522a-45d4-40bf-b75e-ac093e3da26b/0003_BCJjBQ_sm.jpeg;https://media.app.artisio.co/media/3fc437c0-fdbb-4208-955a-90293eab416d/inventory/ac4cff5c-8be6-438d-899d-207576909dfb/be27e69a-15d0-4035-bdd9-ac93f57e00e0/0004_oWMlEk_sm.jpeg;https://media.app.artisio.co/media/3fc437c0-fdbb-4208-955a-90293eab416d/inventory/ac4cff5c-8be6-438d-899d-207576909dfb/ba0fe168-f610-454b-a1d0-cfc6a42fc78b/0005_dqPPjV_sm.jpeg;https://media.app.artisio.co/media/3fc437c0-fdbb-4208-955a-90293eab416d/inventory/ac4cff5c-8be6-438d-899d-207576909dfb/2b89b040-c3f2-4661-9061-e84ff2e61cda/0006_iyIGED_sm.jpeg;https://media.app.artisio.co/media/3fc437c0-fdbb-4208-955a-90293eab416d/inventory/ac4cff5c-8be6-438d-899d-207576909dfb/0c181e21-f680-4046-818a-55295f885d1c/0007_zkZQpa_sm.jpeg;https://media.app.artisio.co/media/3fc437c0-fdbb-4208-955a-90293eab416d/inventory/ac4cff5c-8be6-438d-899d-207576909dfb/b1a668ae-1037-4564-8d27-857d947186d7/0008_tmWGBG_sm.jpeg,8,"{""artist_retail_right"": false, ""comments"": null, ""condition"": null, ""condition_report"": null, ""description"": ""<p>A very unusual small early bronze round vessel on three feet with a slight-domed cover sporting a tiger with incised motifs. The centre of the lid with a deliberate hole.</p>"", ""dimensions"": ""L 15 cm (handle to handle), H 14.8 cm"", ""footnote"": null, ""header"": null, ""internal_reference"": null, ""literature"": ""<p>Provenance: Collection of H.A. van Oort (1916–2001), Professor of East Asian Art at the University of Amsterdam (1973–1986).</p><p>Henri Albert van Oort developed an early interest in Chinese art during his time in Singapore, where he was employed as a bank clerk. During the Second World War, he served in the Dutch army. Following his military service, he studied cultural anthropology at Leiden University, where he completed his doctoral dissertation, <i>The Porcelain of Hongxian</i>. This research was later published in 1977 as <i>Chinese Porcelain of the 19th and 20th Centuries</i>, one of the first major scholarly studies devoted to the subject. His publications also include <i>The Iconography of Chinese Buddhism in Traditional China</i> (1986).</p><p>In addition to his academic career, van Oort was an avid and discerning collector of Chinese and Japanese art. A number of the works illustrated in his publications were drawn from his own collection.</p>"", ""origin_exhibition_lite"": null, ""painter_artist_school"": null, ""period"": ""Warring States/Han dynasty or earlier"", ""title"": ""A small early bronze 'Ding' or ritual vessel with a tiger as finial"", ""total"": null, ""weight_size_quality"": null}"
a18b8642-804f-4b37-a985-dd7a09ab1b96,25057,26-0578/2,67d3691b-0d4a-4615-9e5c-fbf4dfd989e8,723,Vendue Next Door Part 2 Premium | september,Premium aziatica en aziatisch porselein,A Korean Goryeo celadon five-lobed bowl with molded relief florals,A Korean Goryeo celadon five-lobed bowl with molded relief florals,"<h3>Period</h3>12th century, Korea<h3>Description</h3><p>With an old Kintsuge gold repair to the chip on the egde.</p><h3>Dimensions</h3>D 11.5 cm, H 4.7 cm<h3>Literature</h3><p>Provenance: Collection of H.A. van Oort (1916–2001), Professor of East Asian Art at the University of Amsterdam (1973–1986).</p><p>Henri Albert van Oort developed an early interest in Chinese art during his time in Singapore, where he was employed as a bank clerk. During the Second World War, he served in the Dutch army. Following his military service, he studied cultural anthropology at Leiden University, where he completed his doctoral dissertation, <i>The Porcelain of Hongxian</i>. This research was later published in 1977 as <i>Chinese Porcelain of the 19th and 20th Centuries</i>, one of the first major scholarly studies devoted to the subject. His publications also include <i>The Iconography of Chinese Buddhism in Traditional China</i> (1986).</p><p>In addition to his academic career, van Oort was an avid and discerning collector of Chinese and Japanese art. A number of the works illustrated in his publications were drawn from his own collection.</p>",published,EUR,400.0,600.0,200.0,200.0,,1,3,240.0,240.0,True,"Mon, 31 Aug 2026 08:00:00 GMT","Tue, 08 Sep 2026 17:54:00 GMT",https://media.app.artisio.co/media/3fc437c0-fdbb-4208-955a-90293eab416d/inventory/ce17e36e-5408-456c-a955-63cccd3157b7/9173bc6f-043e-4efb-8f18-a371350099ed/0001_bwNtNX_sm.jpeg;https://media.app.artisio.co/media/3fc437c0-fdbb-4208-955a-90293eab416d/inventory/ce17e36e-5408-456c-a955-63cccd3157b7/f1433adf-d193-498f-8fe3-fcf84a61a825/0002_BHNFjl_sm.jpeg;https://media.app.artisio.co/media/3fc437c0-fdbb-4208-955a-90293eab416d/inventory/ce17e36e-5408-456c-a955-63cccd3157b7/3f3d8ad7-4ff5-426a-beea-631a06014677/0003_svBKgI_sm.jpeg;https://media.app.artisio.co/media/3fc437c0-fdbb-4208-955a-90293eab416d/inventory/ce17e36e-5408-456c-a955-63cccd3157b7/b99a352f-a122-429f-bf8e-a15b84ac0ba2/0004_xVzBqo_sm.jpeg;https://media.app.artisio.co/media/3fc437c0-fdbb-4208-955a-90293eab416d/inventory/ce17e36e-5408-456c-a955-63cccd3157b7/76b963d0-83ba-4eb4-99de-846ab2aa4fdf/0005_Cibgwa_sm.jpeg;https://media.app.artisio.co/media/3fc437c0-fdbb-4208-955a-90293eab416d/inventory/ce17e36e-5408-456c-a955-63cccd3157b7/26279a8e-753c-4e16-a5e7-ebbd59b21412/0006_aytrrO_sm.jpeg;https://media.app.artisio.co/media/3fc437c0-fdbb-4208-955a-90293eab416d/inventory/ce17e36e-5408-456c-a955-63cccd3157b7/05433e44-4826-496f-9896-e33734964b56/0007_TTdnsP_sm.jpeg;https://media.app.artisio.co/media/3fc437c0-fdbb-4208-955a-90293eab416d/inventory/ce17e36e-5408-456c-a955-63cccd3157b7/0690e65b-689c-4d9b-90b3-827a15cacaa3/0008_zkZzMw_sm.jpeg,8,"{""artist_retail_right"": false, ""comments"": null, ""condition"": null, ""condition_report"": null, ""description"": ""<p>With an old Kintsuge gold repair to the chip on the egde.</p>"", ""dimensions"": ""D 11.5 cm, H 4.7 cm"", ""footnote"": null, ""header"": null, ""internal_reference"": null, ""literature"": ""<p>Provenance: Collection of H.A. van Oort (1916–2001), Professor of East Asian Art at the University of Amsterdam (1973–1986).</p><p>Henri Albert van Oort developed an early interest in Chinese art during his time in Singapore, where he was employed as a bank clerk. During the Second World War, he served in the Dutch army. Following his military service, he studied cultural anthropology at Leiden University, where he completed his doctoral dissertation, <i>The Porcelain of Hongxian</i>. This research was later published in 1977 as <i>Chinese Porcelain of the 19th and 20th Centuries</i>, one of the first major scholarly studies devoted to the subject. His publications also include <i>The Iconography of Chinese Buddhism in Traditional China</i> (1986).</p><p>In addition to his academic career, van Oort was an avid and discerning collector of Chinese and Japanese art. A number of the works illustrated in his publications were drawn from his own collection.</p>"", ""origin_exhibition_lite"": null, ""painter_artist_school"": null, ""period"": ""12th century, Korea"", ""title"": ""A Korean Goryeo celadon five-lobed bowl with molded relief florals"", ""total"": null, ""weight_size_quality"": null}"
4ec7930d-a1c5-415c-a8a4-223b3591d7aa,25058,26-0578/15,67d3691b-0d4a-4615-9e5c-fbf4dfd989e8,723,Vendue Next Door Part 2 Premium | september,Premium aziatica en aziatisch porselein,A large blue and white Nanking ware porcelain vase,A large blue and white Nanking ware porcelain vase,"<h3>Period</h3>19th century, China<h3>Description</h3><p>Decorated in Kangxi style with roundels containing figures. Marked on the base with an apocryphal six-character Ming mark. The glaze with deliberate heavy crazing (crackling).</p><h3>Dimensions</h3>H 41 cm<h3>Literature</h3><p>Provenance: Collection of H.A. van Oort (1916–2001), Professor of East Asian Art at the University of Amsterdam (1973–1986).</p><p>Henri Albert van Oort developed an early interest in Chinese art during his time in Singapore, where he was employed as a bank clerk. During the Second World War, he served in the Dutch army. Following his military service, he studied cultural anthropology at Leiden University, where he completed his doctoral dissertation, <i>The Porcelain of Hongxian</i>. This research was later published in 1977 as <i>Chinese Porcelain of the 19th and 20th Centuries</i>, one of the first major scholarly studies devoted to the subject. His publications also include <i>The Iconography of Chinese Buddhism in Traditional China</i> (1986).</p><p>In addition to his academic career, van Oort was an avid and discerning collector of Chinese and Japanese art. A number of the works illustrated in his publications were drawn from his own collection.</p><h3>Condition Report</h3><p>No damage or restoration. Normal wear from age and use.</p>",published,EUR,400.0,600.0,200.0,200.0,,1,0,,,True,"Mon, 31 Aug 2026 08:00:00 GMT","Tue, 08 Sep 2026 17:54:00 GMT",https://media.app.artisio.co/media/3fc437c0-fdbb-4208-955a-90293eab416d/inventory/dc26f003-3cc5-4d1b-a549-eac8afed529a/115d754d-72ba-4c69-85a7-7d29acc80d94/0001_uqfLce_sm.jpeg;https://media.app.artisio.co/media/3fc437c0-fdbb-4208-955a-90293eab416d/inventory/dc26f003-3cc5-4d1b-a549-eac8afed529a/ae592982-9193-4d7f-be8f-81d02f09f799/0002_DPljlQ_sm.jpeg;https://media.app.artisio.co/media/3fc437c0-fdbb-4208-955a-90293eab416d/inventory/dc26f003-3cc5-4d1b-a549-eac8afed529a/08dd6da5-e259-4cd0-aa5e-fc75368c3549/0003_bBRPQJ_sm.jpeg;https://media.app.artisio.co/media/3fc437c0-fdbb-4208-955a-90293eab416d/inventory/dc26f003-3cc5-4d1b-a549-eac8afed529a/43dbb4db-c494-40e5-ab62-2096c82ecf5b/0004_uOsdqO_sm.jpeg;https://media.app.artisio.co/media/3fc437c0-fdbb-4208-955a-90293eab416d/inventory/dc26f003-3cc5-4d1b-a549-eac8afed529a/9deed659-2138-4221-a56a-899ae21ccb9e/0005_KTdriV_sm.jpeg;https://media.app.artisio.co/media/3fc437c0-fdbb-4208-955a-90293eab416d/inventory/dc26f003-3cc5-4d1b-a549-eac8afed529a/f03b00e3-9733-4423-b86d-ab68667cea21/0006_ZLVfAi_sm.jpeg;https://media.app.artisio.co/media/3fc437c0-fdbb-4208-955a-90293eab416d/inventory/dc26f003-3cc5-4d1b-a549-eac8afed529a/8ef9dde2-0ac9-4058-89c5-44c4e13d7f36/0007_GARqPn_sm.jpeg;https://media.app.artisio.co/media/3fc437c0-fdbb-4208-955a-90293eab416d/inventory/dc26f003-3cc5-4d1b-a549-eac8afed529a/0269aa97-9d1c-4c9a-b6e6-b89b07a20752/0008_NFZVZn_sm.jpeg;https://media.app.artisio.co/media/3fc437c0-fdbb-4208-955a-90293eab416d/inventory/dc26f003-3cc5-4d1b-a549-eac8afed529a/ab777481-108d-47c5-806a-f5985d12f865/0009_aYYxpr_sm.jpeg,9,"{""artist_retail_right"": false, ""comments"": null, ""condition"": null, ""condition_report"": ""<p>No damage or restoration. Normal wear from age and use.</p>"", ""description"": ""<p>Decorated in Kangxi style with roundels containing figures. Marked on the base with an apocryphal six-character Ming mark. The glaze with deliberate heavy crazing (crackling).</p>"", ""dimensions"": ""H 41 cm"", ""footnote"": null, ""header"": null, ""internal_reference"": null, ""literature"": ""<p>Provenance: Collection of H.A. van Oort (1916–2001), Professor of East Asian Art at the University of Amsterdam (1973–1986).</p><p>Henri Albert van Oort developed an early interest in Chinese art during his time in Singapore, where he was employed as a bank clerk. During the Second World War, he served in the Dutch army. Following his military service, he studied cultural anthropology at Leiden University, where he completed his doctoral dissertation, <i>The Porcelain of Hongxian</i>. This research was later published in 1977 as <i>Chinese Porcelain of the 19th and 20th Centuries</i>, one of the first major scholarly studies devoted to the subject. His publications also include <i>The Iconography of Chinese Buddhism in Traditional China</i> (1986).</p><p>In addition to his academic career, van Oort was an avid and discerning collector of Chinese and Japanese art. A number of the works illustrated in his publications were drawn from his own collection.</p>"", ""origin_exhibition_lite"": null, ""painter_artist_school"": null, ""period"": ""19th century, China"", ""title"": ""A large blue and white Nanking ware porcelain vase"", ""total"": null, ""weight_size_quality"": null}"
95fb1136-65f6-4437-a59d-f39595483934,25059,26-0563/4,67d3691b-0d4a-4615-9e5c-fbf4dfd989e8,723,Vendue Next Door Part 2 Premium | september,Premium aziatica en aziatisch porselein,Een Chinees blauw wit porseleinen pioenenbord,Een Chinees blauw wit porseleinen pioenenbord,"<h3>Period</h3>Kangxi-periode (ca. 1700), China<h3>Description</h3><p>De binnenzijde gedecoreerd met ‘kikkerdrilmotief’ en pioenen, de rand met Batavia glazuur. Niet gemerkt.</p><h3>Dimensions</h3>Diam. ,ca. 35,5 cm<h3>Condition Report</h3><p>Met haarlijnen en een sterrenbarst in de bodem.</p>",published,EUR,150.0,250.0,100.0,100.0,,1,0,,,True,"Mon, 31 Aug 2026 08:00:00 GMT","Tue, 08 Sep 2026 17:54:00 GMT",https://media.app.artisio.co/media/3fc437c0-fdbb-4208-955a-90293eab416d/inventory/3217bb3f-65b2-47ec-9298-70b50b3cfde3/81881654-dab6-4e97-bd73-e3e6f2709de9/0001_EsvQXg_sm.jpeg;https://media.app.artisio.co/media/3fc437c0-fdbb-4208-955a-90293eab416d/inventory/3217bb3f-65b2-47ec-9298-70b50b3cfde3/87730a93-f89b-4142-b153-c2da8202f9fa/0002_QQbokD_sm.jpeg,2,"{""artist_retail_right"": false, ""comments"": null, ""condition"": null, ""condition_report"": ""<p>Met haarlijnen en een sterrenbarst in de bodem.</p>"", ""description"": ""<p>De binnenzijde gedecoreerd met ‘kikkerdrilmotief’ en pioenen, de rand met Batavia glazuur. Niet gemerkt.</p>"", ""dimensions"": ""Diam. ,ca. 35,5 cm"", ""footnote"": null, ""header"": null, ""internal_reference"": null, ""literature"": null, ""origin_exhibition_lite"": null, ""painter_artist_school"": """", ""period"": ""Kangxi-periode (ca. 1700), China"", ""title"": ""Een Chinees blauw wit porseleinen pioenenbord"", ""total"": null, ""weight_size_quality"": null}"
f9862c40-2198-4bde-8178-5c69c4861535,25060,26-0563/1,67d3691b-0d4a-4615-9e5c-fbf4dfd989e8,723,Vendue Next Door Part 2 Premium | september,Premium aziatica en aziatisch porselein,Een Chinese blauw wit porseleinen dekselpot,Een Chinese blauw wit porseleinen dekselpot,"<h3>Period</h3>Kangxi-periode (ca. 1700), China<h3>Description</h3><p>Met florale motieven. Niet gemerkt.</p><h3>Dimensions</h3>H. ca. 38,5 cm<h3>Condition Report</h3><p>Met een oude restauratie langs de bovenrand en fritting aan de deksel.</p>",published,EUR,200.0,300.0,100.0,100.0,,1,2,120.0,120.0,True,"Mon, 31 Aug 2026 08:00:00 GMT","Tue, 08 Sep 2026 17:57:00 GMT",https://media.app.artisio.co/media/3fc437c0-fdbb-4208-955a-90293eab416d/inventory/830e4835-23bc-4a38-abce-21bd36bdb56c/c317505a-f7c9-4381-bc73-1ba7f1017f83/0001_ZOIGsP_sm.jpeg;https://media.app.artisio.co/media/3fc437c0-fdbb-4208-955a-90293eab416d/inventory/830e4835-23bc-4a38-abce-21bd36bdb56c/33b186fa-083c-41c6-bd9e-3fdd1469fbf3/0002_ouobtq_sm.jpeg;https://media.app.artisio.co/media/3fc437c0-fdbb-4208-955a-90293eab416d/inventory/830e4835-23bc-4a38-abce-21bd36bdb56c/39ab29ad-a6eb-41a6-b089-1df34bc9a362/0003_mdvpkB_sm.jpeg;https://media.app.artisio.co/media/3fc437c0-fdbb-4208-955a-90293eab416d/inventory/830e4835-23bc-4a38-abce-21bd36bdb56c/ca56f108-9175-4e11-bce8-79e227376130/0004_EZvmdr_sm.jpeg,4,"{""artist_retail_right"": false, ""comments"": null, ""condition"": null, ""condition_report"": ""<p>Met een oude restauratie langs de bovenrand en fritting aan de deksel.</p>"", ""description"": ""<p>Met florale motieven. Niet gemerkt.</p>"", ""dimensions"": ""H. ca. 38,5 cm"", ""footnote"": null, ""header"": null, ""internal_reference"": null, ""literature"": null, ""origin_exhibition_lite"": null, ""painter_artist_school"": null, ""period"": ""Kangxi-periode (ca. 1700), China"", ""title"": ""Een Chinese blauw wit porseleinen dekselpot"", ""total"": null, ""weight_size_quality"": null}"
4af52703-552c-4158-9ad7-0ba1aa1c6f4e,25061,26-0563/6,67d3691b-0d4a-4615-9e5c-fbf4dfd989e8,723,Vendue Next Door Part 2 Premium | september,Premium aziatica en aziatisch porselein,Een Chinese Longquan celadon schotel,Een Chinese Longquan celadon schotel,"<h3>Period</h3>Yuan-/Ming-dynastie, 14/15e eeuw, China<h3>Description</h3><p>De binnenzijde met geribde rand en centraal floraal decor.&nbsp;</p><h3>Dimensions</h3>Diam. ca. 35,5 cm<h3>Condition Report</h3><p>Met beschadigingen/restauraties.</p>",published,EUR,200.0,300.0,100.0,100.0,,1,0,,,True,"Mon, 31 Aug 2026 08:00:00 GMT","Tue, 08 Sep 2026 17:57:00 GMT",https://media.app.artisio.co/media/3fc437c0-fdbb-4208-955a-90293eab416d/inventory/635c2e8a-e0d4-4bd5-8d40-64dc135d8b85/fc63a8d6-9dd8-4f20-acde-8f47b80dfcac/0001_qdlyNK_sm.jpeg;https://media.app.artisio.co/media/3fc437c0-fdbb-4208-955a-90293eab416d/inventory/635c2e8a-e0d4-4bd5-8d40-64dc135d8b85/1ce3205b-a015-42bc-a4d5-be560869b6f5/0002_FPFDKz_sm.jpeg,2,"{""artist_retail_right"": false, ""comments"": null, ""condition"": null, ""condition_report"": ""<p>Met beschadigingen/restauraties.</p>"", ""description"": ""<p>De binnenzijde met geribde rand en centraal floraal decor.&nbsp;</p>"", ""dimensions"": ""Diam. ca. 35,5 cm"", ""footnote"": null, ""header"": null, ""internal_reference"": null, ""literature"": null, ""origin_exhibition_lite"": null, ""painter_artist_school"": null, ""period"": ""Yuan-/Ming-dynastie, 14/15e eeuw, China"", ""title"": ""Een Chinese Longquan celadon schotel"", ""total"": null, ""weight_size_quality"": null}"
4ffc657c-39b3-44ae-8f2b-500508c76499,25062,26-0438/12,67d3691b-0d4a-4615-9e5c-fbf4dfd989e8,723,Vendue Next Door Part 2 Premium | september,Premium aziatica en aziatisch porselein,Zes Chinese blauw wit porseleinen kop en schotels met vissertjesdecor,Zes Chinese blauw wit porseleinen kop en schotels met vissertjesdecor,"<h3>Period</h3>18e eeuw, China<h3>Description</h3><p>De geribde kop en schotels met gekartelde bovenrand en decor van vissertjes en waterlandschappen op de randen. Een schoteltje gemerkt met tweekaraktermerk.</p><h3>Dimensions</h3>H. kopjes ca. 3,5 cm, diam schotels ca. 11 cm.<h3>Condition Report</h3><p>Gebruikelijke randslijtage. Geen restauratie.</p>",published,EUR,200.0,300.0,100.0,100.0,,1,1,100.0,100.0,True,"Mon, 31 Aug 2026 08:00:00 GMT","Tue, 08 Sep 2026 17:57:00 GMT",https://media.app.artisio.co/media/3fc437c0-fdbb-4208-955a-90293eab416d/inventory/2e04535f-3e59-4a99-8e97-65162e118119/1e8b16ea-cf63-4429-a028-878fedc0a7f0/0001_BnykUQ_sm.jpeg;https://media.app.artisio.co/media/3fc437c0-fdbb-4208-955a-90293eab416d/inventory/2e04535f-3e59-4a99-8e97-65162e118119/33e08289-8d60-49b2-a758-3b4ac60b157d/0002_eInvxa_sm.jpeg;https://media.app.artisio.co/media/3fc437c0-fdbb-4208-955a-90293eab416d/inventory/2e04535f-3e59-4a99-8e97-65162e118119/fc14a26f-5ed5-420f-9f62-f77d238eee08/0003_TRRNcm_sm.jpeg;https://media.app.artisio.co/media/3fc437c0-fdbb-4208-955a-90293eab416d/inventory/2e04535f-3e59-4a99-8e97-65162e118119/a787b4cc-b108-438c-b19e-8cb79659e63a/0004_FSexeL_sm.jpeg;https://media.app.artisio.co/media/3fc437c0-fdbb-4208-955a-90293eab416d/inventory/2e04535f-3e59-4a99-8e97-65162e118119/1ab698a3-a30c-4de2-8d7c-2735b6bcce29/0005_hZByvo_sm.jpeg,5,"{""artist_retail_right"": false, ""comments"": null, ""condition"": null, ""condition_report"": ""<p>Gebruikelijke randslijtage. Geen restauratie.</p>"", ""description"": ""<p>De geribde kop en schotels met gekartelde bovenrand en decor van vissertjes en waterlandschappen op de randen. Een schoteltje gemerkt met tweekaraktermerk.</p>"", ""dimensions"": ""H. kopjes ca. 3,5 cm, diam schotels ca. 11 cm."", ""footnote"": null, ""header"": null, ""internal_reference"": null, ""literature"": null, ""origin_exhibition_lite"": null, ""painter_artist_school"": null, ""period"": ""18e eeuw, China"", ""title"": ""Zes Chinese blauw wit porseleinen kop en schotels met vissertjesdecor"", ""total"": null, ""weight_size_quality"": null}"
dbe21f38-8490-44c8-a84b-53c525dd4c7e,25063,26-0438/9,67d3691b-0d4a-4615-9e5c-fbf4dfd989e8,723,Vendue Next Door Part 2 Premium | september,Premium aziatica en aziatisch porselein,Een set Chinese blauw wit porseleinen kop en schotels met krab en baars decor,Een set Chinese blauw wit porseleinen kop en schotels met krab en baars decor,"<h3>Period</h3>19e eeuw, China<h3>Description</h3><p>De set met licht geschulpte rand en krab- en baarsdecor aan binnen- en buitenzijde bestaande uit zestien kopjes en twaalf schotels. Gemerkt op onderzijde.</p><h3>Dimensions</h3>H. kop ca. 4,6 cm, diam. schotel ca. 13,4 cm.<h3>Condition Report</h3><p>Met enkele beschadigingen zoals haarlijnen en chips.</p>",published,EUR,500.0,800.0,400.0,400.0,,1,1,400.0,400.0,True,"Mon, 31 Aug 2026 08:00:00 GMT","Tue, 08 Sep 2026 17:57:00 GMT",https://media.app.artisio.co/media/3fc437c0-fdbb-4208-955a-90293eab416d/inventory/d4627b70-509e-4178-b9b9-5209849ef7af/961b1da7-1d76-4978-9535-d0ef5c477e5b/0001_nmWCQQ_sm.jpeg;https://media.app.artisio.co/media/3fc437c0-fdbb-4208-955a-90293eab416d/inventory/d4627b70-509e-4178-b9b9-5209849ef7af/379963e0-49f0-4d35-b791-7523d5520b67/0002_dyHnHC_sm.jpeg;https://media.app.artisio.co/media/3fc437c0-fdbb-4208-955a-90293eab416d/inventory/d4627b70-509e-4178-b9b9-5209849ef7af/53f4caaa-9cd5-41ac-bb03-efca240c52a2/0003_dpVRPw_sm.jpeg,3,"{""artist_retail_right"": false, ""comments"": null, ""condition"": null, ""condition_report"": ""<p>Met enkele beschadigingen zoals haarlijnen en chips.</p>"", ""description"": ""<p>De set met licht geschulpte rand en krab- en baarsdecor aan binnen- en buitenzijde bestaande uit zestien kopjes en twaalf schotels. Gemerkt op onderzijde.</p>"", ""dimensions"": ""H. kop ca. 4,6 cm, diam. schotel ca. 13,4 cm."", ""footnote"": null, ""header"": null, ""internal_reference"": null, ""literature"": null, ""origin_exhibition_lite"": null, ""painter_artist_school"": null, ""period"": ""19e eeuw, China"", ""title"": ""Een set Chinese blauw wit porseleinen kop en schotels met krab en baars decor"", ""total"": null, ""weight_size_quality"": null}"
41dff1d0-41c0-477b-b775-b8883eb9757d,25064,26-0438/8,67d3691b-0d4a-4615-9e5c-fbf4dfd989e8,723,Vendue Next Door Part 2 Premium | september,Premium aziatica en aziatisch porselein,Een Chinese blauw wit porseleinen klapmutskom,Een Chinese blauw wit porseleinen klapmutskom,"<h3>Period</h3>Kangxi periode (ca. 1700), China<h3>Description</h3><p>De kom gedecoreerd met figuur- en landschapsvoorstelling aan de buitenzijde en een centraal medaillon aan de binnenzijde met zotjes. Gemerkt aan de onderzijde met een onderglazuur blauw apocrief zeskarakter Chengua merk.</p><h3>Dimensions</h3>H. 10 cm, diam. 21,5 cm<h3>Condition Report</h3><p>Met restauraties.</p>",published,EUR,600.0,900.0,500.0,500.0,,1,0,,,True,"Mon, 31 Aug 2026 08:00:00 GMT","Tue, 08 Sep 2026 17:57:00 GMT",https://media.app.artisio.co/media/3fc437c0-fdbb-4208-955a-90293eab416d/inventory/448f4080-9e4a-42ee-9937-7062e663a83d/06fe611c-d885-4e34-b8b2-24b0c96fde93/0001_YyuuuQ_sm.jpeg;https://media.app.artisio.co/media/3fc437c0-fdbb-4208-955a-90293eab416d/inventory/448f4080-9e4a-42ee-9937-7062e663a83d/dbaf98ce-edd2-414a-a64e-549425ea3b16/0002_iZXqhK_sm.jpeg;https://media.app.artisio.co/media/3fc437c0-fdbb-4208-955a-90293eab416d/inventory/448f4080-9e4a-42ee-9937-7062e663a83d/d0f80fa3-4626-4855-aa40-ae9aa8e2e21d/0003_kMBnxh_sm.jpeg;https://media.app.artisio.co/media/3fc437c0-fdbb-4208-955a-90293eab416d/inventory/448f4080-9e4a-42ee-9937-7062e663a83d/c6024942-abe6-4ebd-ba5d-a97e718f4368/0004_wCkMqY_sm.jpeg;https://media.app.artisio.co/media/3fc437c0-fdbb-4208-955a-90293eab416d/inventory/448f4080-9e4a-42ee-9937-7062e663a83d/5077c314-e044-45bc-bfb3-0ea71cee1997/0005_CFnRBR_sm.jpeg;https://media.app.artisio.co/media/3fc437c0-fdbb-4208-955a-90293eab416d/inventory/448f4080-9e4a-42ee-9937-7062e663a83d/66cde56b-5a7b-42bb-837b-a91d94268f5c/0006_ervmbn_sm.jpeg,6,"{""artist_retail_right"": false, ""comments"": null, ""condition"": null, ""condition_report"": ""<p>Met restauraties.</p>"", ""description"": ""<p>De kom gedecoreerd met figuur- en landschapsvoorstelling aan de buitenzijde en een centraal medaillon aan de binnenzijde met zotjes. Gemerkt aan de onderzijde met een onderglazuur blauw apocrief zeskarakter Chengua merk.</p>"", ""dimensions"": ""H. 10 cm, diam. 21,5 cm"", ""footnote"": null, ""header"": null, ""internal_reference"": null, ""literature"": null, ""origin_exhibition_lite"": null, ""painter_artist_school"": null, ""period"": ""Kangxi periode (ca. 1700), China"", ""title"": ""Een Chinese blauw wit porseleinen klapmutskom"", ""total"": null, ""weight_size_quality"": null}"
a9b1da32-3a32-46fc-8515-f405f1f84e09,25065,26-0438/10,67d3691b-0d4a-4615-9e5c-fbf4dfd989e8,723,Vendue Next Door Part 2 Premium | september,Premium aziatica en aziatisch porselein,Een Chinees blauw wit porseleinen warmhoudbord met landschapsdecor,Een Chinees blauw wit porseleinen warmhoudbord met landschapsdecor,"<h3>Period</h3>18e eeuw, China<h3>Description</h3><p>Het warmhoudbord met fraai beschilderd landschapsdecor. Niet gemerkt.</p><h3>Dimensions</h3>Diam ca. 28 cm.<h3>Condition Report</h3><p>Met lichte bakfouten en craquelé van het glazuur.</p>",published,EUR,150.0,250.0,100.0,100.0,,1,1,100.0,100.0,True,"Mon, 31 Aug 2026 08:00:00 GMT","Tue, 08 Sep 2026 17:57:00 GMT",https://media.app.artisio.co/media/3fc437c0-fdbb-4208-955a-90293eab416d/inventory/be15eb83-f704-4226-b783-766801a46090/b5261f2c-05d2-4dc3-ab48-396131589766/0001_SZJsOO_sm.jpeg;https://media.app.artisio.co/media/3fc437c0-fdbb-4208-955a-90293eab416d/inventory/be15eb83-f704-4226-b783-766801a46090/ed314949-ce85-4df6-bbf8-f7c2df625f9e/0002_wOZJPA_sm.jpeg;https://media.app.artisio.co/media/3fc437c0-fdbb-4208-955a-90293eab416d/inventory/be15eb83-f704-4226-b783-766801a46090/f5bb12db-754a-4e70-8c6f-172c9a60b90e/0003_ONricw_sm.jpeg,3,"{""artist_retail_right"": false, ""comments"": null, ""condition"": null, ""condition_report"": ""<p>Met lichte bakfouten en craquelé van het glazuur.</p>"", ""description"": ""<p>Het warmhoudbord met fraai beschilderd landschapsdecor. Niet gemerkt.</p>"", ""dimensions"": ""Diam ca. 28 cm."", ""footnote"": null, ""header"": null, ""internal_reference"": null, ""literature"": null, ""origin_exhibition_lite"": null, ""painter_artist_school"": null, ""period"": ""18e eeuw, China"", ""title"": ""Een Chinees blauw wit porseleinen warmhoudbord met landschapsdecor"", ""total"": null, ""weight_size_quality"": null}"
a563bb50-35c8-435d-9372-076eaa9c3515,25066,26-0438/13,67d3691b-0d4a-4615-9e5c-fbf4dfd989e8,723,Vendue Next Door Part 2 Premium | september,Premium aziatica en aziatisch porselein,"Een kleine collectie divers blauw wit Chinees porselein, waaronder een theepot, twee juskommen en schotels","Een kleine collectie divers blauw wit Chinees porselein, waaronder een theepot, twee juskommen en schotels","<h3>Period</h3>18e eeuw, China<h3>Dimensions</h3>H. tot ca. 13 cm<h3>Condition Report</h3><p>Enkelen met kleine defecten zoals chipjes/fritting of haarlijntjes. Geen restauratie</p>",published,EUR,400.0,600.0,300.0,300.0,,1,1,300.0,300.0,True,"Mon, 31 Aug 2026 08:00:00 GMT","Tue, 08 Sep 2026 17:57:00 GMT",https://media.app.artisio.co/media/3fc437c0-fdbb-4208-955a-90293eab416d/inventory/7b94b082-d3b1-4ac4-95d9-4a0bfa20f3af/b7eb3acf-5450-4bd3-91ee-9ccbc228c25d/0001_ZAsQWz_sm.jpeg;https://media.app.artisio.co/media/3fc437c0-fdbb-4208-955a-90293eab416d/inventory/7b94b082-d3b1-4ac4-95d9-4a0bfa20f3af/e3c952be-6ee6-442e-abb3-8d57890619ee/0002_XzoimC_sm.jpeg;https://media.app.artisio.co/media/3fc437c0-fdbb-4208-955a-90293eab416d/inventory/7b94b082-d3b1-4ac4-95d9-4a0bfa20f3af/57a6a059-b639-4e2e-8f16-955bd9b5100d/0003_bhodkG_sm.jpeg;https://media.app.artisio.co/media/3fc437c0-fdbb-4208-955a-90293eab416d/inventory/7b94b082-d3b1-4ac4-95d9-4a0bfa20f3af/b9bc9f8d-065a-47c2-bc94-d0fdf76b7505/0004_hjhFzK_sm.jpeg;https://media.app.artisio.co/media/3fc437c0-fdbb-4208-955a-90293eab416d/inventory/7b94b082-d3b1-4ac4-95d9-4a0bfa20f3af/c711eb75-5473-4fbf-b2fd-c402ca6ff814/0005_vfpYUW_sm.jpeg;https://media.app.artisio.co/media/3fc437c0-fdbb-4208-955a-90293eab416d/inventory/7b94b082-d3b1-4ac4-95d9-4a0bfa20f3af/d2be012d-d51c-4576-9ccf-49dbd9ff69e5/0006_ocjHvP_sm.jpeg;https://media.app.artisio.co/media/3fc437c0-fdbb-4208-955a-90293eab416d/inventory/7b94b082-d3b1-4ac4-95d9-4a0bfa20f3af/676ff728-f5d9-4116-b534-b8ce16c4b6d8/0007_AHTjFL_sm.jpeg,7,"{""artist_retail_right"": false, ""comments"": null, ""condition"": null, ""condition_report"": ""<p>Enkelen met kleine defecten zoals chipjes/fritting of haarlijntjes. Geen restauratie</p>"", ""description"": null, ""dimensions"": ""H. tot ca. 13 cm"", ""footnote"": null, ""header"": null, ""internal_reference"": null, ""literature"": null, ""origin_exhibition_lite"": null, ""painter_artist_school"": null, ""period"": ""18e eeuw, China"", ""title"": ""Een kleine collectie divers blauw wit Chinees porselein, waaronder een theepot, twee juskommen en schotels"", ""total"": null, ""weight_size_quality"": null}"
05b909b7-52a8-4a9b-b07f-5a1c748f2e6a,25067,26-0668/2,67d3691b-0d4a-4615-9e5c-fbf4dfd989e8,723,Vendue Next Door Part 2 Premium | september,Premium aziatica en aziatisch porselein,Een Chinees Kanton emaille deskeldoosje,Een Chinees Kanton emaille deskeldoosje,"<h3>Period</h3>19/20ste eeuw, China<h3>Description</h3><p>Gemerkt met een vier-karakter Qianlong merk, maar waarschijnlijk 19e eeuw of vroeg 20ste eeuw. De deksel met een reiziger in een landschap. De rand met florale motieven. In een later presentatiedoosje.</p><h3>Dimensions</h3>D 6.5 cm, H 4 cm<h3>Condition Report</h3><p>Enige craquelé van het emaille en minieme stootplekjes</p>",published,EUR,300.0,500.0,100.0,100.0,,1,0,,,True,"Mon, 31 Aug 2026 08:00:00 GMT","Tue, 08 Sep 2026 17:57:00 GMT",https://media.app.artisio.co/media/3fc437c0-fdbb-4208-955a-90293eab416d/inventory/82f3888b-d8e5-4655-8e73-408747132e0b/8564d2c7-5af0-45c4-a42f-434be969ed9e/0001_WxwfrT_sm.jpeg;https://media.app.artisio.co/media/3fc437c0-fdbb-4208-955a-90293eab416d/inventory/82f3888b-d8e5-4655-8e73-408747132e0b/db4cbb75-97e6-44c2-bfea-0c7b748c01a6/0002_YeyskJ_sm.jpeg;https://media.app.artisio.co/media/3fc437c0-fdbb-4208-955a-90293eab416d/inventory/82f3888b-d8e5-4655-8e73-408747132e0b/4db81213-ac49-4b9c-8d25-7d08a1dca952/0003_mJwUBf_sm.jpeg;https://media.app.artisio.co/media/3fc437c0-fdbb-4208-955a-90293eab416d/inventory/82f3888b-d8e5-4655-8e73-408747132e0b/a77b420e-1f17-4324-b2f1-31b355ea6962/0004_daDYfs_sm.jpeg;https://media.app.artisio.co/media/3fc437c0-fdbb-4208-955a-90293eab416d/inventory/82f3888b-d8e5-4655-8e73-408747132e0b/b03f3359-203c-4b9c-a4f7-188f7835469f/0005_pCClbJ_sm.jpeg;https://media.app.artisio.co/media/3fc437c0-fdbb-4208-955a-90293eab416d/inventory/82f3888b-d8e5-4655-8e73-408747132e0b/c3ddb0c6-cf75-48e5-96ac-b1dd7dec666f/0006_tAfpcU_sm.jpeg;https://media.app.artisio.co/media/3fc437c0-fdbb-4208-955a-90293eab416d/inventory/82f3888b-d8e5-4655-8e73-408747132e0b/5bd6716f-34a0-42f0-9558-87980b05db20/0007_KYWJPn_sm.jpeg,7,"{""artist_retail_right"": false, ""comments"": null, ""condition"": null, ""condition_report"": ""<p>Enige craquelé van het emaille en minieme stootplekjes</p>"", ""description"": ""<p>Gemerkt met een vier-karakter Qianlong merk, maar waarschijnlijk 19e eeuw of vroeg 20ste eeuw. De deksel met een reiziger in een landschap. De rand met florale motieven. In een later presentatiedoosje.</p>"", ""dimensions"": ""D 6.5 cm, H 4 cm"", ""footnote"": null, ""header"": null, ""internal_reference"": null, ""literature"": null, ""origin_exhibition_lite"": null, ""painter_artist_school"": null, ""period"": ""19/20ste eeuw, China"", ""title"": ""Een Chinees Kanton emaille deskeldoosje"", ""total"": null, ""weight_size_quality"": null}"
8959330d-27fd-421c-99e8-e6dbf4c12fd8,30001,26-0528/11,67d3691b-0d4a-4615-9e5c-fbf4dfd989e8,723,Vendue Next Door Part 2 Premium | september,Premium meubelen,Een tweedelige teakhouten 'barrister' boekenkasten ,Een tweedelige teakhouten 'barrister' boekenkasten ,"<h3>Period</h3>(Laat) 20e eeuw<h3>Dimensions</h3>Ca 236 x 170,5 x 41,5 cm",published,EUR,300.0,500.0,100.0,100.0,,1,0,,,True,"Mon, 31 Aug 2026 08:00:00 GMT","Tue, 08 Sep 2026 17:57:00 GMT",https://media.app.artisio.co/media/3fc437c0-fdbb-4208-955a-90293eab416d/inventory/b046bb42-9fa0-4bf4-bc8d-6218049f3b52/ea6eafb7-38d8-4460-ae2d-b676642a948a/0001_Qbtsrj_sm.jpeg;https://media.app.artisio.co/media/3fc437c0-fdbb-4208-955a-90293eab416d/inventory/b046bb42-9fa0-4bf4-bc8d-6218049f3b52/a1a5f3e8-4533-4e56-b5ff-46797e3aeb10/0002_EKhRVj_sm.jpeg;https://media.app.artisio.co/media/3fc437c0-fdbb-4208-955a-90293eab416d/inventory/b046bb42-9fa0-4bf4-bc8d-6218049f3b52/1e3ff7fd-0af8-498a-8dd6-3b051d5f2311/0003_OjBBeF_sm.jpeg;https://media.app.artisio.co/media/3fc437c0-fdbb-4208-955a-90293eab416d/inventory/b046bb42-9fa0-4bf4-bc8d-6218049f3b52/d0621684-d8fc-4ce1-a78f-553cff71b495/0004_KWMGee_sm.jpeg,4,"{""artist_retail_right"": false, ""comments"": null, ""condition"": null, ""condition_report"": null, ""description"": null, ""dimensions"": ""Ca 236 x 170,5 x 41,5 cm "", ""footnote"": null, ""header"": null, ""internal_reference"": null, ""literature"": null, ""origin_exhibition_lite"": null, ""painter_artist_school"": null, ""period"": ""(Laat) 20e eeuw "", ""title"": ""Een tweedelige teakhouten 'barrister' boekenkasten "", ""total"": null, ""weight_size_quality"": null}"
513e44fb-462d-423d-b0c8-05372ece0bca,30003,26-0660/1,67d3691b-0d4a-4615-9e5c-fbf4dfd989e8,723,Vendue Next Door Part 2 Premium | september,Premium meubelen,"Cees Braakman (1917-1995), een Japan serie 'DU04' sideboard voor Pastoe","Cees Braakman (1917-1995), een Japan serie 'DU04' sideboard voor Pastoe","<h3>Period</h3>Ontwerp 1958, Nederland",published,EUR,800.0,1200.0,500.0,500.0,,1,1,500.0,500.0,True,"Mon, 31 Aug 2026 08:00:00 GMT","Tue, 08 Sep 2026 17:57:00 GMT",https://media.app.artisio.co/media/3fc437c0-fdbb-4208-955a-90293eab416d/inventory/936b5c92-1d6b-4df4-84b2-850aede14bab/6419a3b8-4404-49b4-b60d-1660ef87b3b6/0001_gqDTzO_sm.jpeg;https://media.app.artisio.co/media/3fc437c0-fdbb-4208-955a-90293eab416d/inventory/936b5c92-1d6b-4df4-84b2-850aede14bab/0bd1a162-ba5f-4ab0-be96-523ce39d140f/0002_zApHEv_sm.jpeg;https://media.app.artisio.co/media/3fc437c0-fdbb-4208-955a-90293eab416d/inventory/936b5c92-1d6b-4df4-84b2-850aede14bab/9f984743-5259-4b30-bb20-c115e05a8902/0003_GTUbpV_sm.jpeg,3,"{""artist_retail_right"": false, ""comments"": null, ""condition"": null, ""condition_report"": null, ""description"": null, ""dimensions"": null, ""footnote"": null, ""header"": """", ""internal_reference"": null, ""literature"": null, ""origin_exhibition_lite"": null, ""painter_artist_school"": """", ""period"": ""Ontwerp 1958, Nederland "", ""title"": ""Cees Braakman (1917-1995), een Japan serie 'DU04' sideboard voor Pastoe"", ""total"": null, ""weight_size_quality"": null}"
7dc0266b-2069-4cce-9e2d-ffe7f868c1a8,30004,26-0660/2,67d3691b-0d4a-4615-9e5c-fbf4dfd989e8,723,Vendue Next Door Part 2 Premium | september,Premium meubelen,"Cees Braakman (1917-1995), een set van vier 'SA10' eetkamerstoelen met tafel (aanvullen) ","Cees Braakman (1917-1995), een set van vier 'SA10' eetkamerstoelen met tafel (aanvullen) ","<h3>Period</h3>Jaren '50, Nederland<h3>Description</h3><p>De tafel gemerkt op de onderkant.&nbsp;</p><h3>Dimensions</h3>H ca 80 cm & ca 73 x 125 x 83 cm",published,EUR,400.0,600.0,100.0,100.0,,1,0,,,True,"Mon, 31 Aug 2026 08:00:00 GMT","Tue, 08 Sep 2026 17:57:00 GMT",https://media.app.artisio.co/media/3fc437c0-fdbb-4208-955a-90293eab416d/inventory/76f7810f-d058-452b-8264-ede33fb44091/93b5c5d3-b302-4e2c-b41e-d0afa7dbec4a/0001_SSLDQV_sm.jpeg;https://media.app.artisio.co/media/3fc437c0-fdbb-4208-955a-90293eab416d/inventory/76f7810f-d058-452b-8264-ede33fb44091/5031ffca-1544-4ba8-8ca6-8e9c13fc9925/0002_NifOqJ_sm.jpeg;https://media.app.artisio.co/media/3fc437c0-fdbb-4208-955a-90293eab416d/inventory/76f7810f-d058-452b-8264-ede33fb44091/4fc59ebe-4419-4815-9a54-85a54e0dbd92/0003_rgLICa_sm.jpeg;https://media.app.artisio.co/media/3fc437c0-fdbb-4208-955a-90293eab416d/inventory/76f7810f-d058-452b-8264-ede33fb44091/a3a13441-2b93-457a-b44b-1120a081e130/0004_hALcXi_sm.jpeg;https://media.app.artisio.co/media/3fc437c0-fdbb-4208-955a-90293eab416d/inventory/76f7810f-d058-452b-8264-ede33fb44091/cd4df606-13d6-4fa9-8a60-a18558d9417a/0005_iyEBLS_sm.jpeg;https://media.app.artisio.co/media/3fc437c0-fdbb-4208-955a-90293eab416d/inventory/76f7810f-d058-452b-8264-ede33fb44091/426157dd-83e8-4fae-a561-b86d2f28131b/0006_exfJBQ_sm.jpeg;https://media.app.artisio.co/media/3fc437c0-fdbb-4208-955a-90293eab416d/inventory/76f7810f-d058-452b-8264-ede33fb44091/d7229480-912f-4fe8-9567-12bc685c22da/0007_GfKmft_sm.jpeg,7,"{""artist_retail_right"": false, ""comments"": null, ""condition"": null, ""condition_report"": null, ""description"": ""<p>De tafel gemerkt op de onderkant.&nbsp;</p>"", ""dimensions"": ""H ca 80 cm & ca 73 x 125 x 83 cm "", ""footnote"": null, ""header"": null, ""internal_reference"": null, ""literature"": null, ""origin_exhibition_lite"": null, ""painter_artist_school"": null, ""period"": ""Jaren '50, Nederland "", ""title"": ""Cees Braakman (1917-1995), een set van vier 'SA10' eetkamerstoelen met tafel (aanvullen) "", ""total"": null, ""weight_size_quality"": null}"
ad0ba591-f060-4bbb-8f3d-010b50aa1e70,30005,26-0704/18,67d3691b-0d4a-4615-9e5c-fbf4dfd989e8,723,Vendue Next Door Part 2 Premium | september,Premium meubelen,Een paar rechthoekige penantspiegels in bewerkte houten lijst met rozetten in Louis XVI-stijl ,Een paar rechthoekige penantspiegels in bewerkte houten lijst met rozetten in Louis XVI-stijl ,<h3>Period</h3>19e/20e eeuw<h3>Dimensions</h3>Ca 144 x 55 cm (incl. lijst)<h3>Condition Report</h3><p>Beide met verweer in het glas&nbsp;</p>,published,EUR,300.0,500.0,100.0,100.0,,1,0,,,True,"Mon, 31 Aug 2026 08:00:00 GMT","Tue, 08 Sep 2026 17:57:00 GMT",https://media.app.artisio.co/media/3fc437c0-fdbb-4208-955a-90293eab416d/inventory/3c901728-f045-4366-b1c5-dee6115989f9/156de70f-f91a-4db1-81d1-4be3a3f53149/0001_mwxMed_sm.jpeg;https://media.app.artisio.co/media/3fc437c0-fdbb-4208-955a-90293eab416d/inventory/3c901728-f045-4366-b1c5-dee6115989f9/fa78e5ae-9434-4b5f-a786-f9de5fcbbdbc/0002_GJniwJ_sm.jpeg;https://media.app.artisio.co/media/3fc437c0-fdbb-4208-955a-90293eab416d/inventory/3c901728-f045-4366-b1c5-dee6115989f9/3acbd3ae-0a04-4cc0-8125-1e22d00fb05e/0003_aZbnCv_sm.jpeg,3,"{""artist_retail_right"": false, ""comments"": null, ""condition"": null, ""condition_report"": ""<p>Beide met verweer in het glas&nbsp;</p>"", ""description"": null, ""dimensions"": ""Ca 144 x 55 cm (incl. lijst) "", ""footnote"": null, ""header"": """", ""internal_reference"": null, ""literature"": null, ""origin_exhibition_lite"": null, ""painter_artist_school"": """", ""period"": ""19e/20e eeuw "", ""title"": ""Een paar rechthoekige penantspiegels in bewerkte houten lijst met rozetten in Louis XVI-stijl "", ""total"": null, ""weight_size_quality"": null}"
17e72a06-728f-4080-ab14-ffdc5b045b25,30006,26-0704/21,67d3691b-0d4a-4615-9e5c-fbf4dfd989e8,723,Vendue Next Door Part 2 Premium | september,Premium meubelen,Een modern gelakt grenenhouten wandmeubel met marmeren blad ,Een modern gelakt grenenhouten wandmeubel met marmeren blad ,<h3>Period</h3>20e eeuw<h3>Dimensions</h3>Ca 83 x 160 x 52 cm,published,EUR,300.0,500.0,100.0,100.0,,1,1,100.0,100.0,True,"Mon, 31 Aug 2026 08:00:00 GMT","Tue, 08 Sep 2026 17:57:00 GMT",https://media.app.artisio.co/media/3fc437c0-fdbb-4208-955a-90293eab416d/inventory/7c6b694f-3f63-4d89-8d6d-c08d933f1b73/06205fb0-907d-4747-a8cc-a213c22fd3d5/0001_kHkSld_sm.jpeg;https://media.app.artisio.co/media/3fc437c0-fdbb-4208-955a-90293eab416d/inventory/7c6b694f-3f63-4d89-8d6d-c08d933f1b73/bc8f5782-d915-405e-b439-ee92922041cc/0002_UaTgQZ_sm.jpeg;https://media.app.artisio.co/media/3fc437c0-fdbb-4208-955a-90293eab416d/inventory/7c6b694f-3f63-4d89-8d6d-c08d933f1b73/4409b330-bfe2-4f75-94eb-91828d4d929e/0003_knKNLY_sm.jpeg;https://media.app.artisio.co/media/3fc437c0-fdbb-4208-955a-90293eab416d/inventory/7c6b694f-3f63-4d89-8d6d-c08d933f1b73/d6d3e0f8-5590-4b68-b78a-f6dcecc7fb7f/0004_XxJkMc_sm.jpeg,4,"{""artist_retail_right"": false, ""comments"": null, ""condition"": null, ""condition_report"": null, ""description"": null, ""dimensions"": ""Ca 83 x 160 x 52 cm "", ""footnote"": null, ""header"": """", ""internal_reference"": null, ""literature"": null, ""origin_exhibition_lite"": null, ""painter_artist_school"": """", ""period"": ""20e eeuw"", ""title"": ""Een modern gelakt grenenhouten wandmeubel met marmeren blad "", ""total"": null, ""weight_size_quality"": null}"
eae2c8d5-932b-4041-ac96-6f7aa98246ef,30007,26-0653/12,67d3691b-0d4a-4615-9e5c-fbf4dfd989e8,723,Vendue Next Door Part 2 Premium | september,Premium meubelen,Een set van vijf Nederlandse iepenhouten eetkamerstoelen & een armstoel ,Een set van vijf Nederlandse iepenhouten eetkamerstoelen & een armstoel ,"<h3>Period</h3>Laat 18e/begin 19e eeuw, Nederland<h3>Dimensions</h3>H ca 86,5 cm & H zitting ca 47 cm<h3>Condition Report</h3><p>Enkele (oude) reparaties/restauraties, eentje met beschadiging aan de rug</p>",published,EUR,300.0,500.0,100.0,100.0,,1,0,,,True,"Mon, 31 Aug 2026 08:00:00 GMT","Tue, 08 Sep 2026 17:57:00 GMT",https://media.app.artisio.co/media/3fc437c0-fdbb-4208-955a-90293eab416d/inventory/369699da-beaa-4671-b3de-8bbfd2bf2116/e96a6ff5-9030-4c55-b7da-a044cff18be5/0001_ZEuyCp_sm.jpeg;https://media.app.artisio.co/media/3fc437c0-fdbb-4208-955a-90293eab416d/inventory/369699da-beaa-4671-b3de-8bbfd2bf2116/0732271b-6d0b-4e57-ba01-4b1f6ebfe310/0002_tPiwmH_sm.jpeg;https://media.app.artisio.co/media/3fc437c0-fdbb-4208-955a-90293eab416d/inventory/369699da-beaa-4671-b3de-8bbfd2bf2116/ff7da7ae-cced-45bf-b94b-b46e643cf9ea/0003_GGeJCK_sm.jpeg;https://media.app.artisio.co/media/3fc437c0-fdbb-4208-955a-90293eab416d/inventory/369699da-beaa-4671-b3de-8bbfd2bf2116/d53f6ac1-06cf-4c00-9d11-986d73523bb0/0004_Jkmrqa_sm.jpeg;https://media.app.artisio.co/media/3fc437c0-fdbb-4208-955a-90293eab416d/inventory/369699da-beaa-4671-b3de-8bbfd2bf2116/985997f7-e5f5-4f91-a8ce-63d4a1754b43/0005_rtwqtY_sm.jpeg;https://media.app.artisio.co/media/3fc437c0-fdbb-4208-955a-90293eab416d/inventory/369699da-beaa-4671-b3de-8bbfd2bf2116/8e65d106-1376-40ee-9550-16a8b3adaeb2/0006_ebKqtl_sm.jpeg;https://media.app.artisio.co/media/3fc437c0-fdbb-4208-955a-90293eab416d/inventory/369699da-beaa-4671-b3de-8bbfd2bf2116/c77de70a-cea7-410b-84ee-5aa512befe23/0007_ezfaLm_sm.jpeg;https://media.app.artisio.co/media/3fc437c0-fdbb-4208-955a-90293eab416d/inventory/369699da-beaa-4671-b3de-8bbfd2bf2116/1f0d9773-a4d9-44ac-8c3b-4d3ac61f5c29/0008_qwwlzS_sm.jpeg;https://media.app.artisio.co/media/3fc437c0-fdbb-4208-955a-90293eab416d/inventory/369699da-beaa-4671-b3de-8bbfd2bf2116/29b19148-ba59-4953-8d80-9145e23a7996/0009_meKryt_sm.jpeg,9,"{""artist_retail_right"": false, ""comments"": null, ""condition"": null, ""condition_report"": ""<p>Enkele (oude) reparaties/restauraties, eentje met beschadiging aan de rug</p>"", ""description"": null, ""dimensions"": ""H ca 86,5 cm & H zitting ca 47 cm "", ""footnote"": null, ""header"": null, ""internal_reference"": null, ""literature"": null, ""origin_exhibition_lite"": null, ""painter_artist_school"": null, ""period"": ""Laat 18e/begin 19e eeuw, Nederland "", ""title"": ""Een set van vijf Nederlandse iepenhouten eetkamerstoelen & een armstoel "", ""total"": null, ""weight_size_quality"": null}"
32bb3c4c-8e31-4410-a661-988a7d2a131a,30008,26-0653/24,67d3691b-0d4a-4615-9e5c-fbf4dfd989e8,723,Vendue Next Door Part 2 Premium | september,Premium meubelen,Een grote eikenhouten eetkamertafel,Een grote eikenhouten eetkamertafel,<h3>Dimensions</h3>Ca 81 x 300 x 100 cm,published,EUR,300.0,500.0,100.0,100.0,,1,1,100.0,100.0,True,"Mon, 31 Aug 2026 08:00:00 GMT","Tue, 08 Sep 2026 17:57:00 GMT",https://media.app.artisio.co/media/3fc437c0-fdbb-4208-955a-90293eab416d/inventory/0afa2c54-ea93-4dde-a6be-95ab09acac66/74a760c0-7cc5-4adb-863d-d06cf6e9a2a9/0001_dbzqpK_sm.jpeg;https://media.app.artisio.co/media/3fc437c0-fdbb-4208-955a-90293eab416d/inventory/0afa2c54-ea93-4dde-a6be-95ab09acac66/73544656-03a5-4a0e-9eb3-ac26a5fe5184/0002_LWWizD_sm.jpeg;https://media.app.artisio.co/media/3fc437c0-fdbb-4208-955a-90293eab416d/inventory/0afa2c54-ea93-4dde-a6be-95ab09acac66/c2423b58-968f-4c90-8f64-ea474f2b71ab/0003_nrmEUp_sm.jpeg,3,"{""artist_retail_right"": false, ""comments"": null, ""condition"": null, ""condition_report"": null, ""description"": null, ""dimensions"": ""Ca 81 x 300 x 100 cm"", ""footnote"": null, ""header"": null, ""internal_reference"": null, ""literature"": null, ""origin_exhibition_lite"": null, ""painter_artist_school"": null, ""period"": null, ""title"": ""Een grote eikenhouten eetkamertafel"", ""total"": null, ""weight_size_quality"": null}"
6a135882-f696-4073-8515-33229bb30a7c,30009,26-0653/30,67d3691b-0d4a-4615-9e5c-fbf4dfd989e8,723,Vendue Next Door Part 2 Premium | september,Premium meubelen,Een grote teak- en gepersthouten vakkenkast,Een grote teak- en gepersthouten vakkenkast,<h3>Dimensions</h3>Ca 255 x 238 x 29 cm,published,EUR,400.0,600.0,200.0,200.0,,1,0,,,True,"Mon, 31 Aug 2026 08:00:00 GMT","Tue, 08 Sep 2026 18:00:00 GMT",https://media.app.artisio.co/media/3fc437c0-fdbb-4208-955a-90293eab416d/inventory/14863b9d-d7a6-4fad-9cd4-bc4215d63155/b877bef1-edc7-454e-beeb-d99d544fa323/0001_SLaMCT_sm.jpeg;https://media.app.artisio.co/media/3fc437c0-fdbb-4208-955a-90293eab416d/inventory/14863b9d-d7a6-4fad-9cd4-bc4215d63155/eff6f928-93b7-4c21-b526-a11dcc7f2061/0001a_rcVWOx_sm.jpeg;https://media.app.artisio.co/media/3fc437c0-fdbb-4208-955a-90293eab416d/inventory/14863b9d-d7a6-4fad-9cd4-bc4215d63155/db68dff8-fa1b-402f-90cd-b91086346d15/0002_nyzbdw_sm.jpeg;https://media.app.artisio.co/media/3fc437c0-fdbb-4208-955a-90293eab416d/inventory/14863b9d-d7a6-4fad-9cd4-bc4215d63155/b901686c-6e9c-4a7a-b54e-71b9b2c941a1/0003_DOSLWW_sm.jpeg,4,"{""artist_retail_right"": false, ""comments"": null, ""condition"": null, ""condition_report"": null, ""description"": null, ""dimensions"": ""Ca 255 x 238 x 29 cm"", ""footnote"": null, ""header"": null, ""internal_reference"": null, ""literature"": null, ""origin_exhibition_lite"": null, ""painter_artist_school"": null, ""period"": null, ""title"": ""Een grote teak- en gepersthouten vakkenkast"", ""total"": null, ""weight_size_quality"": null}"
89d98b51-d4cb-4fb0-b1c7-a6e82c4d25b3,30010,26-0404/125,67d3691b-0d4a-4615-9e5c-fbf4dfd989e8,723,Vendue Next Door Part 2 Premium | september,Premium meubelen,A Frisian carved oak and ebonised cupboard 'keeftkast',A Frisian carved oak and ebonised cupboard 'keeftkast',"<h3>Period</h3>17th/18th century<h3>Description</h3><p>The rectangular moulded cornice and convex frieze above a pair of panelled doors, each carved with an arch and festoon above floral pilasters, flanked and divided by turned half-columns, the interior with a pair of carved openwork doors and a shelf, above a panelled frieze flanked and divided by lion masks, all raised on bun feet.</p><h3>Dimensions</h3>204 cm high, 178 cm wide, 80 cm deep",published,EUR,400.0,600.0,300.0,300.0,,1,0,,,True,"Mon, 31 Aug 2026 08:00:00 GMT","Tue, 08 Sep 2026 18:00:00 GMT",https://media.app.artisio.co/media/3fc437c0-fdbb-4208-955a-90293eab416d/inventory/3ade61ab-4f3b-4548-bd28-1474013efb48/556fecc3-5aa5-406e-8087-f87e7edb845a/0001_VkhiYB_sm.jpeg;https://media.app.artisio.co/media/3fc437c0-fdbb-4208-955a-90293eab416d/inventory/3ade61ab-4f3b-4548-bd28-1474013efb48/42711197-9ff6-41af-8b3c-877350ece79f/0002_irmZjY_sm.jpeg;https://media.app.artisio.co/media/3fc437c0-fdbb-4208-955a-90293eab416d/inventory/3ade61ab-4f3b-4548-bd28-1474013efb48/c09cc5c6-7a40-41ad-b085-33f7ece453e9/0003_neEsuj_sm.jpeg;https://media.app.artisio.co/media/3fc437c0-fdbb-4208-955a-90293eab416d/inventory/3ade61ab-4f3b-4548-bd28-1474013efb48/9d87aaa6-aa41-4000-b757-ba806fbfcf45/0004_QLCYgB_sm.jpeg;https://media.app.artisio.co/media/3fc437c0-fdbb-4208-955a-90293eab416d/inventory/3ade61ab-4f3b-4548-bd28-1474013efb48/0070fac6-1cae-42cd-9427-e14846db2400/0005_GKhpMa_sm.jpeg;https://media.app.artisio.co/media/3fc437c0-fdbb-4208-955a-90293eab416d/inventory/3ade61ab-4f3b-4548-bd28-1474013efb48/74af581a-1f91-4f6b-a3e2-9f30bdad02af/0006_DJChme_sm.jpeg,6,"{""artist_retail_right"": false, ""comments"": null, ""condition"": null, ""condition_report"": null, ""description"": ""<p>The rectangular moulded cornice and convex frieze above a pair of panelled doors, each carved with an arch and festoon above floral pilasters, flanked and divided by turned half-columns, the interior with a pair of carved openwork doors and a shelf, above a panelled frieze flanked and divided by lion masks, all raised on bun feet.</p>"", ""dimensions"": ""204 cm high, 178 cm wide, 80 cm deep "", ""footnote"": null, ""header"": null, ""internal_reference"": null, ""literature"": null, ""origin_exhibition_lite"": null, ""painter_artist_school"": null, ""period"": ""17th/18th century"", ""title"": ""A Frisian carved oak and ebonised cupboard 'keeftkast'"", ""total"": null, ""weight_size_quality"": null}"
1995f2d6-e7c0-47ba-8a03-1595c5585bca,30011,25-2537/3,67d3691b-0d4a-4615-9e5c-fbf4dfd989e8,723,Vendue Next Door Part 2 Premium | september,Premium meubelen,A carved oak console table with marble top,A carved oak console table with marble top,"<h3>Period</h3>ca. 1900, North European<h3>Description</h3><p>The shaped white marble top above a conforming frieze, resting on three fluted and C-scrolled legs.</p><h3>Dimensions</h3>76 cm high, 137 cm wide, 41 cm deep",published,EUR,300.0,500.0,100.0,100.0,,1,0,,,True,"Mon, 31 Aug 2026 08:00:00 GMT","Tue, 08 Sep 2026 18:00:00 GMT",https://media.app.artisio.co/media/3fc437c0-fdbb-4208-955a-90293eab416d/inventory/2458c2c3-b50e-492d-8cf6-83a8fdf4fa5a/3768c2ef-6b41-43f8-8c71-65db0c348b2f/0001_YWowla_sm.jpeg;https://media.app.artisio.co/media/3fc437c0-fdbb-4208-955a-90293eab416d/inventory/2458c2c3-b50e-492d-8cf6-83a8fdf4fa5a/0b0d06e6-6acb-47fb-8da3-5f5134d56e08/0002_ihSMHE_sm.jpeg;https://media.app.artisio.co/media/3fc437c0-fdbb-4208-955a-90293eab416d/inventory/2458c2c3-b50e-492d-8cf6-83a8fdf4fa5a/0234efff-6554-4a65-8159-80c1d0563e1b/0003_MwTOUB_sm.jpeg;https://media.app.artisio.co/media/3fc437c0-fdbb-4208-955a-90293eab416d/inventory/2458c2c3-b50e-492d-8cf6-83a8fdf4fa5a/cc5e9213-60ce-4168-8aa0-08e652d6eec5/0004_kQlMzx_sm.jpeg,4,"{""artist_retail_right"": false, ""comments"": null, ""condition"": null, ""condition_report"": null, ""description"": ""<p>The shaped white marble top above a conforming frieze, resting on three fluted and C-scrolled legs.</p>"", ""dimensions"": ""76 cm high, 137 cm wide, 41 cm deep"", ""footnote"": null, ""header"": null, ""internal_reference"": null, ""literature"": null, ""origin_exhibition_lite"": null, ""painter_artist_school"": null, ""period"": ""ca. 1900, North European"", ""title"": ""A carved oak console table with marble top"", ""total"": null, ""weight_size_quality"": null}"
a28ce457-7a4d-43ab-880b-c303a4fb7656,30012,26-0531/1,67d3691b-0d4a-4615-9e5c-fbf4dfd989e8,723,Vendue Next Door Part 2 Premium | september,Premium meubelen,"Carlo Forcolini (1947), 'Apocalypse Now' ","Carlo Forcolini (1947), 'Apocalypse Now' ","<h3>Period</h3>Designed 1984, Italy<h3>Description</h3><p>A square section metal coffee table with central lamp, for Alias</p><h3>Dimensions</h3>111 x 119,5 x 119,5 cm.<h3>Condition Report</h3><p>Electricity wiring cut, not tested</p>",published,EUR,400.0,600.0,300.0,300.0,,1,0,,,True,"Mon, 31 Aug 2026 08:00:00 GMT","Tue, 08 Sep 2026 18:00:00 GMT",https://media.app.artisio.co/media/3fc437c0-fdbb-4208-955a-90293eab416d/inventory/5cd9a363-4730-41c4-bf28-a473d4c021b7/9ac73c88-6e1b-4427-8048-08b8a6c2b490/0001_OburUZ_sm.jpeg;https://media.app.artisio.co/media/3fc437c0-fdbb-4208-955a-90293eab416d/inventory/5cd9a363-4730-41c4-bf28-a473d4c021b7/5beaf0fa-e2d6-4095-acf9-7060ff61b2aa/0002_HaJWyf_sm.jpeg;https://media.app.artisio.co/media/3fc437c0-fdbb-4208-955a-90293eab416d/inventory/5cd9a363-4730-41c4-bf28-a473d4c021b7/9fec036f-7b28-4cbd-aba1-6c017e915e3c/0003_ZciMqu_sm.jpeg;https://media.app.artisio.co/media/3fc437c0-fdbb-4208-955a-90293eab416d/inventory/5cd9a363-4730-41c4-bf28-a473d4c021b7/f773a9ff-b7d1-4565-9420-2eb0ef09d86e/0004_sRKguw_sm.jpeg;https://media.app.artisio.co/media/3fc437c0-fdbb-4208-955a-90293eab416d/inventory/5cd9a363-4730-41c4-bf28-a473d4c021b7/de4310ff-9222-41c3-88d6-6e012d330433/0005_lZUHqC_sm.jpeg,5,"{""artist_retail_right"": false, ""comments"": null, ""condition"": null, ""condition_report"": ""<p>Electricity wiring cut, not tested</p>"", ""description"": ""<p>A square section metal coffee table with central lamp, for Alias</p>"", ""dimensions"": ""111 x 119,5 x 119,5 cm."", ""footnote"": null, ""header"": null, ""internal_reference"": null, ""literature"": null, ""origin_exhibition_lite"": null, ""painter_artist_school"": null, ""period"": ""Designed 1984, Italy"", ""title"": ""Carlo Forcolini (1947), 'Apocalypse Now' "", ""total"": null, ""weight_size_quality"": null}"
7bb728d0-2128-412a-b123-7e8113207acc,30013,26-0389/1,67d3691b-0d4a-4615-9e5c-fbf4dfd989e8,723,Vendue Next Door Part 2 Premium | september,Premium meubelen,"Toshiyuki Kita (1942), een '111' fauteuil voor Cassina","Toshiyuki Kita (1942), een '111' fauteuil voor Cassina",<h3>Period</h3>Ontworpen in 1980<h3>Dimensions</h3>Ca 100 x 87 x 85 cm,published,EUR,300.0,500.0,100.0,100.0,,1,0,,,True,"Mon, 31 Aug 2026 08:00:00 GMT","Tue, 08 Sep 2026 18:00:00 GMT",https://media.app.artisio.co/media/3fc437c0-fdbb-4208-955a-90293eab416d/inventory/83be9275-b24f-4657-ad23-30ddd5072071/30752a31-470e-4e6a-a7f9-61f507f197c2/0001_niHrsl_sm.jpeg;https://media.app.artisio.co/media/3fc437c0-fdbb-4208-955a-90293eab416d/inventory/83be9275-b24f-4657-ad23-30ddd5072071/0593d1fa-a85b-4c0c-bd5a-631f89119626/0002_OSxyUi_sm.jpeg;https://media.app.artisio.co/media/3fc437c0-fdbb-4208-955a-90293eab416d/inventory/83be9275-b24f-4657-ad23-30ddd5072071/31a6580c-a0ae-4804-87d2-6b3168d3e141/0003_CgSPDy_sm.jpeg,3,"{""artist_retail_right"": false, ""comments"": null, ""condition"": null, ""condition_report"": null, ""description"": null, ""dimensions"": ""Ca 100 x 87 x 85 cm"", ""footnote"": null, ""header"": null, ""internal_reference"": null, ""literature"": null, ""origin_exhibition_lite"": null, ""painter_artist_school"": null, ""period"": ""Ontworpen in 1980"", ""title"": ""Toshiyuki Kita (1942), een '111' fauteuil voor Cassina"", ""total"": null, ""weight_size_quality"": null}"
c91e9b9e-5e83-4411-86ff-85ca476b9264,30014,26-0587/17,67d3691b-0d4a-4615-9e5c-fbf4dfd989e8,723,Vendue Next Door Part 2 Premium | september,Premium meubelen,Een Nederlandse Empire mahoniehouten bureau plat met daarbij een stoel in Empire-stijl met vergulde ornamenten,Een Nederlandse Empire mahoniehouten bureau plat met daarbij een stoel in Empire-stijl met vergulde ornamenten,"<h3>Period</h3>19e & 20e eeuw, Nederland<h3>Dimensions</h3>Ca 79 x 141 x 73 cm & H ca 87,5 cm<h3>Condition Report</h3><p>Het bureau met ouderdomssporen/slijtage aan het fineer als schilfering, enkele breukjes en (oude) reparaties</p>",published,EUR,300.0,500.0,100.0,100.0,,1,1,100.0,100.0,True,"Mon, 31 Aug 2026 08:00:00 GMT","Tue, 08 Sep 2026 18:00:00 GMT",https://media.app.artisio.co/media/3fc437c0-fdbb-4208-955a-90293eab416d/inventory/47b7500e-a33e-4051-93d2-5682c27cc522/f2d95960-ee6e-41d2-913e-2bf4f01f0f29/0001_NDLBUJ_sm.jpeg;https://media.app.artisio.co/media/3fc437c0-fdbb-4208-955a-90293eab416d/inventory/47b7500e-a33e-4051-93d2-5682c27cc522/63949268-1a1e-460e-afc0-6bc4a0628d46/0002_Fzmurv_sm.jpeg;https://media.app.artisio.co/media/3fc437c0-fdbb-4208-955a-90293eab416d/inventory/47b7500e-a33e-4051-93d2-5682c27cc522/aa870068-c2c4-4a99-bed9-8bf00f4300cf/0003_qVGUsx_sm.jpeg;https://media.app.artisio.co/media/3fc437c0-fdbb-4208-955a-90293eab416d/inventory/47b7500e-a33e-4051-93d2-5682c27cc522/e4142241-3138-452b-ba8e-8b21b8c8d46e/0004_ZfCMrP_sm.jpeg;https://media.app.artisio.co/media/3fc437c0-fdbb-4208-955a-90293eab416d/inventory/47b7500e-a33e-4051-93d2-5682c27cc522/082923ac-ac56-4e83-95b7-d9be1e0b0cb3/0005_uUlCnI_sm.jpeg;https://media.app.artisio.co/media/3fc437c0-fdbb-4208-955a-90293eab416d/inventory/47b7500e-a33e-4051-93d2-5682c27cc522/1aa31779-5326-4d86-8691-26ad08a60a0a/0006_CswslG_sm.jpeg;https://media.app.artisio.co/media/3fc437c0-fdbb-4208-955a-90293eab416d/inventory/47b7500e-a33e-4051-93d2-5682c27cc522/4211ad5b-efda-4958-8654-8a447ff402ba/0007_jMtTXE_sm.jpeg,7,"{""artist_retail_right"": false, ""comments"": null, ""condition"": null, ""condition_report"": ""<p>Het bureau met ouderdomssporen/slijtage aan het fineer als schilfering, enkele breukjes en (oude) reparaties</p>"", ""description"": null, ""dimensions"": ""Ca 79 x 141 x 73 cm & H ca 87,5 cm "", ""footnote"": null, ""header"": null, ""internal_reference"": null, ""literature"": null, ""origin_exhibition_lite"": null, ""painter_artist_school"": null, ""period"": ""19e & 20e eeuw, Nederland "", ""title"": ""Een Nederlandse Empire mahoniehouten bureau plat met daarbij een stoel in Empire-stijl met vergulde ornamenten"", ""total"": null, ""weight_size_quality"": null}"
68773471-e079-44d7-9b48-0453f682db3e,30015,26-0389/352,67d3691b-0d4a-4615-9e5c-fbf4dfd989e8,723,Vendue Next Door Part 2 Premium | september,Premium meubelen,Een zeer uitgebreid ca dertig-delig Wigwam modulair kastsysteem met bedframe en nachtkastjes ,Een zeer uitgebreid ca dertig-delig Wigwam modulair kastsysteem met bedframe en nachtkastjes ,"<h3>Period</h3>Tweede helft 20e eeuw, West-Duitsland<h3>Description</h3><p>Delen gemerkt.&nbsp;</p>",published,EUR,400.0,600.0,100.0,100.0,,1,0,,,True,"Mon, 31 Aug 2026 08:00:00 GMT","Tue, 08 Sep 2026 18:00:00 GMT",https://media.app.artisio.co/media/3fc437c0-fdbb-4208-955a-90293eab416d/inventory/4948933a-385a-4d35-be0e-a5a4b93f7dad/f8c9a55c-21c7-4ade-bb6f-ec8d31ad77bc/0001_heoXsb_sm.jpeg,1,"{""artist_retail_right"": false, ""comments"": null, ""condition"": null, ""condition_report"": null, ""description"": ""<p>Delen gemerkt.&nbsp;</p>"", ""dimensions"": """", ""footnote"": null, ""header"": """", ""internal_reference"": null, ""literature"": null, ""origin_exhibition_lite"": null, ""painter_artist_school"": """", ""period"": ""Tweede helft 20e eeuw, West-Duitsland "", ""title"": ""Een zeer uitgebreid ca dertig-delig Wigwam modulair kastsysteem met bedframe en nachtkastjes "", ""total"": null, ""weight_size_quality"": null}"
8e4d628a-a2a6-49d2-a4a2-b5c4fa6c9a63,35001,26-0653/21,67d3691b-0d4a-4615-9e5c-fbf4dfd989e8,723,Vendue Next Door Part 2 Premium | september,"Premium lampen, spiegels, klokken en tapijten",Een Ziegler vloerkleed (ca 388 x 265 cm),Een Ziegler vloerkleed (ca 388 x 265 cm),,published,EUR,400.0,600.0,200.0,202.0,,1,0,,,True,"Mon, 31 Aug 2026 08:00:00 GMT","Tue, 08 Sep 2026 18:00:00 GMT",https://media.app.artisio.co/media/3fc437c0-fdbb-4208-955a-90293eab416d/inventory/24c002f7-c069-4f0f-88a5-26a2792a0872/16a06024-1f2c-4ea6-8934-89b61f5e50ae/0001_dYmSeI_sm.jpeg;https://media.app.artisio.co/media/3fc437c0-fdbb-4208-955a-90293eab416d/inventory/24c002f7-c069-4f0f-88a5-26a2792a0872/febd3de3-97ac-4979-bbc4-d7332f4ec075/0002_JhnqLV_sm.jpeg;https://media.app.artisio.co/media/3fc437c0-fdbb-4208-955a-90293eab416d/inventory/24c002f7-c069-4f0f-88a5-26a2792a0872/64740de1-e58c-4ab3-85e8-89f0a785659b/0003_IoPtay_sm.jpeg,3,"{""artist_retail_right"": false, ""comments"": null, ""condition"": null, ""condition_report"": null, ""description"": null, ""dimensions"": null, ""footnote"": null, ""header"": null, ""internal_reference"": null, ""literature"": null, ""origin_exhibition_lite"": null, ""painter_artist_school"": null, ""period"": null, ""title"": ""Een Ziegler vloerkleed (ca 388 x 265 cm)"", ""total"": null, ""weight_size_quality"": null}"
2cc0fdbb-1ed3-4ddd-a794-79e57f4cf9a8,35002,26-0653/22,67d3691b-0d4a-4615-9e5c-fbf4dfd989e8,723,Vendue Next Door Part 2 Premium | september,"Premium lampen, spiegels, klokken en tapijten",Een Ziegler tapijt (ca 308 x 247 cm),Een Ziegler tapijt (ca 308 x 247 cm),,published,EUR,400.0,600.0,200.0,200.0,,1,1,200.0,200.0,True,"Mon, 31 Aug 2026 08:00:00 GMT","Tue, 08 Sep 2026 18:00:00 GMT",https://media.app.artisio.co/media/3fc437c0-fdbb-4208-955a-90293eab416d/inventory/dd725904-ad8b-4862-9fc2-73f454727e8c/feac67a2-c63d-459a-9a70-8cb040a5c50e/0001_wyyBFM_sm.jpeg;https://media.app.artisio.co/media/3fc437c0-fdbb-4208-955a-90293eab416d/inventory/dd725904-ad8b-4862-9fc2-73f454727e8c/84d82ef4-e0b1-4dc4-9753-7ac8469baa5f/0002_MXuZWG_sm.jpeg;https://media.app.artisio.co/media/3fc437c0-fdbb-4208-955a-90293eab416d/inventory/dd725904-ad8b-4862-9fc2-73f454727e8c/69359374-2307-4239-883f-d6f432ea0c65/0003_NIFdOZ_sm.jpeg;https://media.app.artisio.co/media/3fc437c0-fdbb-4208-955a-90293eab416d/inventory/dd725904-ad8b-4862-9fc2-73f454727e8c/9e2d92be-9d51-4579-889d-268fb412e469/0004_vAmVzm_sm.jpeg,4,"{""artist_retail_right"": false, ""comments"": null, ""condition"": null, ""condition_report"": null, ""description"": null, ""dimensions"": null, ""footnote"": null, ""header"": null, ""internal_reference"": null, ""literature"": null, ""origin_exhibition_lite"": null, ""painter_artist_school"": null, ""period"": null, ""title"": ""Een Ziegler tapijt (ca 308 x 247 cm)"", ""total"": null, ""weight_size_quality"": null}"
cac4b1f9-225b-4e7d-98b5-6872e662acf1,35003,26-0611/22,67d3691b-0d4a-4615-9e5c-fbf4dfd989e8,723,Vendue Next Door Part 2 Premium | september,"Premium lampen, spiegels, klokken en tapijten",Een Nederlandse kortstaart met scheepjesmechaniek ,Een Nederlandse kortstaart met scheepjesmechaniek ,<h3>Period</h3>18e/19e eeuw,published,EUR,400.0,600.0,200.0,200.0,,1,1,200.0,200.0,True,"Mon, 31 Aug 2026 08:00:00 GMT","Tue, 08 Sep 2026 18:00:00 GMT",https://media.app.artisio.co/media/3fc437c0-fdbb-4208-955a-90293eab416d/inventory/b4f53e8d-3586-43ab-af3b-d3bf8a0e95e5/d137fe0a-3063-4bf8-be76-1bd76f57c705/0001_pMLxCu_sm.jpeg;https://media.app.artisio.co/media/3fc437c0-fdbb-4208-955a-90293eab416d/inventory/b4f53e8d-3586-43ab-af3b-d3bf8a0e95e5/f46bc849-7045-42a1-8251-b63ac8a89d38/0002_QlyKeX_sm.jpeg;https://media.app.artisio.co/media/3fc437c0-fdbb-4208-955a-90293eab416d/inventory/b4f53e8d-3586-43ab-af3b-d3bf8a0e95e5/177610ef-e9a9-4f03-8ab7-fa9d241c2683/0003_eioWFz_sm.jpeg,3,"{""artist_retail_right"": false, ""comments"": null, ""condition"": null, ""condition_report"": null, ""description"": null, ""dimensions"": null, ""footnote"": null, ""header"": """", ""internal_reference"": null, ""literature"": null, ""origin_exhibition_lite"": null, ""painter_artist_school"": """", ""period"": ""18e/19e eeuw "", ""title"": ""Een Nederlandse kortstaart met scheepjesmechaniek "", ""total"": null, ""weight_size_quality"": null}"
205e1d4d-0417-48b5-8a04-937f4f16e8bd,35004,26-0653/35,67d3691b-0d4a-4615-9e5c-fbf4dfd989e8,723,Vendue Next Door Part 2 Premium | september,"Premium lampen, spiegels, klokken en tapijten","Ben Swildens (1938–2023), een grote 'Uovo' glazen tafellamp voor Fontana Arte ","Ben Swildens (1938–2023), een grote 'Uovo' glazen tafellamp voor Fontana Arte ",<h3>Period</h3>Ontwerp 1970<h3>Description</h3><p>Gemerkt op de onderkant.&nbsp;</p><h3>Dimensions</h3>H ca 63 cm & D ca 44 cm<h3>Condition Report</h3><p>Lichte gebruikssporen met verkleuring rondom&nbsp;</p>,published,EUR,300.0,500.0,100.0,100.0,,1,1,100.0,100.0,True,"Mon, 31 Aug 2026 08:00:00 GMT","Tue, 08 Sep 2026 18:00:00 GMT",https://media.app.artisio.co/media/3fc437c0-fdbb-4208-955a-90293eab416d/inventory/8ddc8809-85e5-4462-9c3f-b46c275d5042/dbe2eb7d-86d2-45ee-a334-1e30fa0d83b4/0001_QNiyMU_sm.jpeg;https://media.app.artisio.co/media/3fc437c0-fdbb-4208-955a-90293eab416d/inventory/8ddc8809-85e5-4462-9c3f-b46c275d5042/07a87787-ddd5-4d3c-9a27-2303e4029c29/0002_QHkHBB_sm.jpeg;https://media.app.artisio.co/media/3fc437c0-fdbb-4208-955a-90293eab416d/inventory/8ddc8809-85e5-4462-9c3f-b46c275d5042/44407a20-6fb1-4105-ad88-774347976144/0003_kKvMNZ_sm.jpeg,3,"{""artist_retail_right"": false, ""comments"": null, ""condition"": null, ""condition_report"": ""<p>Lichte gebruikssporen met verkleuring rondom&nbsp;</p>"", ""description"": ""<p>Gemerkt op de onderkant.&nbsp;</p>"", ""dimensions"": ""H ca 63 cm & D ca 44 cm "", ""footnote"": null, ""header"": """", ""internal_reference"": null, ""literature"": null, ""origin_exhibition_lite"": null, ""painter_artist_school"": """", ""period"": ""Ontwerp 1970"", ""title"": ""Ben Swildens (1938–2023), een grote 'Uovo' glazen tafellamp voor Fontana Arte "", ""total"": null, ""weight_size_quality"": null}"
f9980324-675b-4161-ad77-8d952f5d78d1,35005,26-0704/79,67d3691b-0d4a-4615-9e5c-fbf4dfd989e8,723,Vendue Next Door Part 2 Premium | september,"Premium lampen, spiegels, klokken en tapijten",Een paar schemerlampen met albasten vaasvormige voet waaraan bladmotieven met grote lampenkappen,Een paar schemerlampen met albasten vaasvormige voet waaraan bladmotieven met grote lampenkappen,<h3>Description</h3><p>Werking niet getest</p><h3>Dimensions</h3>H tot ca 89 cm (inclusief lampenkap),published,EUR,300.0,500.0,100.0,100.0,,1,1,100.0,100.0,True,"Mon, 31 Aug 2026 08:00:00 GMT","Tue, 08 Sep 2026 18:00:00 GMT",https://media.app.artisio.co/media/3fc437c0-fdbb-4208-955a-90293eab416d/inventory/a43154c9-7c54-42f7-bd35-4d0734f9304b/76437055-d02d-47ba-b89b-8b5f56f6764c/0001_LfyjEu_sm.jpeg;https://media.app.artisio.co/media/3fc437c0-fdbb-4208-955a-90293eab416d/inventory/a43154c9-7c54-42f7-bd35-4d0734f9304b/9dee9dd2-8964-4205-9dae-74c8db27cde8/0002_QHFFgQ_sm.jpeg;https://media.app.artisio.co/media/3fc437c0-fdbb-4208-955a-90293eab416d/inventory/a43154c9-7c54-42f7-bd35-4d0734f9304b/afc0e6fb-65bd-4be0-81a9-43a0f90c1f3c/0003_qAnAhO_sm.jpeg;https://media.app.artisio.co/media/3fc437c0-fdbb-4208-955a-90293eab416d/inventory/a43154c9-7c54-42f7-bd35-4d0734f9304b/a7c5956c-f063-4a44-89c4-cd35bb10bf5e/0004_YTdcAe_sm.jpeg,4,"{""artist_retail_right"": false, ""comments"": null, ""condition"": null, ""condition_report"": null, ""description"": ""<p>Werking niet getest</p>"", ""dimensions"": ""H tot ca 89 cm (inclusief lampenkap)"", ""footnote"": null, ""header"": null, ""internal_reference"": null, ""literature"": null, ""origin_exhibition_lite"": null, ""painter_artist_school"": null, ""period"": null, ""title"": ""Een paar schemerlampen met albasten vaasvormige voet waaraan bladmotieven met grote lampenkappen"", ""total"": null, ""weight_size_quality"": null}"
52b7f963-f1aa-458a-8b97-711aab395b23,35006,26-0558/1,67d3691b-0d4a-4615-9e5c-fbf4dfd989e8,723,Vendue Next Door Part 2 Premium | september,"Premium lampen, spiegels, klokken en tapijten",A French brass gilded pendulum clock,A French brass gilded pendulum clock,"<h3>Period</h3>early 19th century<h3>Description</h3><p>The case decorated with floral ornaments. The clock case surmounted by a stylised rose, flanked by an angel playing with a butterfly. The rose bud is a symbol of the birth of the ‘Roi de Rome’ the son of Napoleon Bonaparte as a promising new start and hope for the Imperial dynasty. The enamel dial with Roman numerals and Breguet hands. The mechanism with an anchor escapement and a cord suspended pendulum. A striking mechanism with a count wheel, striking once every half hour and the whole hour in full on a silver amalgamated bell.</p><h3>Dimensions</h3>37 cm high, 30 cm wide, 13 cm deep<h3>Condition Report</h3><p>Functioning not verified, &nbsp;restored damage to the enamel near the winding holes, hands probably not original.</p>",published,EUR,500.0,800.0,400.0,400.0,,1,0,,,True,"Mon, 31 Aug 2026 08:00:00 GMT","Tue, 08 Sep 2026 18:00:00 GMT",https://media.app.artisio.co/media/3fc437c0-fdbb-4208-955a-90293eab416d/inventory/0ff8176f-af31-4aa8-8c1c-a6ff00526600/2404ead2-761d-4ec5-8365-918b5514102e/0001_ImLVdE_sm.jpeg;https://media.app.artisio.co/media/3fc437c0-fdbb-4208-955a-90293eab416d/inventory/0ff8176f-af31-4aa8-8c1c-a6ff00526600/a309ce5b-e2cf-4528-8151-3e8b84be4723/0002_EbZBIQ_sm.jpeg;https://media.app.artisio.co/media/3fc437c0-fdbb-4208-955a-90293eab416d/inventory/0ff8176f-af31-4aa8-8c1c-a6ff00526600/9e64e859-b59f-4d3c-b0eb-c4e13c050e83/0003_tOLWzV_sm.jpeg;https://media.app.artisio.co/media/3fc437c0-fdbb-4208-955a-90293eab416d/inventory/0ff8176f-af31-4aa8-8c1c-a6ff00526600/2b50ea4b-f0e0-46cd-bd17-fc41af9d5cb0/0004_uRwdFb_sm.jpeg;https://media.app.artisio.co/media/3fc437c0-fdbb-4208-955a-90293eab416d/inventory/0ff8176f-af31-4aa8-8c1c-a6ff00526600/5df1e86f-b83e-489b-a928-a6808d4218d3/0005_ectNln_sm.jpeg;https://media.app.artisio.co/media/3fc437c0-fdbb-4208-955a-90293eab416d/inventory/0ff8176f-af31-4aa8-8c1c-a6ff00526600/678669e9-e43f-4f68-bcb2-4b0502083111/0006_uSwkcs_sm.jpeg;https://media.app.artisio.co/media/3fc437c0-fdbb-4208-955a-90293eab416d/inventory/0ff8176f-af31-4aa8-8c1c-a6ff00526600/a5b5763a-b6dc-4118-ae55-165f7d831fbd/0007_OZUVGK_sm.jpeg;https://media.app.artisio.co/media/3fc437c0-fdbb-4208-955a-90293eab416d/inventory/0ff8176f-af31-4aa8-8c1c-a6ff00526600/893ed56f-df2b-4fc9-857f-55ba5869ed48/0008_RVdiNF_sm.jpeg,8,"{""artist_retail_right"": false, ""comments"": null, ""condition"": null, ""condition_report"": ""<p>Functioning not verified, &nbsp;restored damage to the enamel near the winding holes, hands probably not original.</p>"", ""description"": ""<p>The case decorated with floral ornaments. The clock case surmounted by a stylised rose, flanked by an angel playing with a butterfly. The rose bud is a symbol of the birth of the ‘Roi de Rome’ the son of Napoleon Bonaparte as a promising new start and hope for the Imperial dynasty. The enamel dial with Roman numerals and Breguet hands. The mechanism with an anchor escapement and a cord suspended pendulum. A striking mechanism with a count wheel, striking once every half hour and the whole hour in full on a silver amalgamated bell.</p>"", ""dimensions"": ""37 cm high, 30 cm wide, 13 cm deep"", ""footnote"": null, ""header"": null, ""internal_reference"": null, ""literature"": null, ""origin_exhibition_lite"": null, ""painter_artist_school"": null, ""period"": ""early 19th century"", ""title"": ""A French brass gilded pendulum clock"", ""total"": null, ""weight_size_quality"": null}"
6c710279-5325-4413-8f8f-c1045ed82606,35007,26-0558/2,67d3691b-0d4a-4615-9e5c-fbf4dfd989e8,723,Vendue Next Door Part 2 Premium | september,"Premium lampen, spiegels, klokken en tapijten",A French brass gilded and patinated pendulum clock ,A French brass gilded and patinated pendulum clock ,"<h3>Period</h3>Early 19th century<h3>Description</h3><p>The case surmounted by a seated Putto with a pigeon. Acanthus leaf decorations and styled torches on the corner on scrolled feet. The dial consisting of flowers with enamel hearts with digits 1 to 12. Silvered centre of later date and Breguet hands. The mechanism with an anchor escapement and a cord suspended pendulum. A striking mechanism with a count wheel, striking once every half hour and the whole hour in full on a silver amalgamated bell. Including a winding key.</p><h3>Dimensions</h3>42 cm high, 16 cm wide, 9 cm deep<h3>Condition Report</h3><p>Case restored and varnished. Functioning not verified.</p>",published,EUR,200.0,300.0,100.0,100.0,,1,2,120.0,120.0,True,"Mon, 31 Aug 2026 08:00:00 GMT","Tue, 08 Sep 2026 18:00:00 GMT",https://media.app.artisio.co/media/3fc437c0-fdbb-4208-955a-90293eab416d/inventory/81ba9306-1647-4fc5-bcdb-95ad4a222f9f/dcb70263-50a1-495a-9314-e5962f239a8d/0001_EVOoKx_sm.jpeg;https://media.app.artisio.co/media/3fc437c0-fdbb-4208-955a-90293eab416d/inventory/81ba9306-1647-4fc5-bcdb-95ad4a222f9f/643ae1d3-5155-48d5-9f88-71d28ae30a48/0002_aqQlio_sm.jpeg;https://media.app.artisio.co/media/3fc437c0-fdbb-4208-955a-90293eab416d/inventory/81ba9306-1647-4fc5-bcdb-95ad4a222f9f/cb6d3047-ad49-4a67-945d-24d3bc1ef04a/0003_JnfFGU_sm.jpeg;https://media.app.artisio.co/media/3fc437c0-fdbb-4208-955a-90293eab416d/inventory/81ba9306-1647-4fc5-bcdb-95ad4a222f9f/733f9c5c-69e4-4727-a13d-6264c558f25b/0004_PpXuQv_sm.jpeg;https://media.app.artisio.co/media/3fc437c0-fdbb-4208-955a-90293eab416d/inventory/81ba9306-1647-4fc5-bcdb-95ad4a222f9f/9fc53034-4e23-4159-be0f-1109e60ccd6c/0005_xCPMzV_sm.jpeg;https://media.app.artisio.co/media/3fc437c0-fdbb-4208-955a-90293eab416d/inventory/81ba9306-1647-4fc5-bcdb-95ad4a222f9f/9136271c-719c-44f2-9c48-dc7af173c806/0006_QViFbB_sm.jpeg;https://media.app.artisio.co/media/3fc437c0-fdbb-4208-955a-90293eab416d/inventory/81ba9306-1647-4fc5-bcdb-95ad4a222f9f/4f25612a-3e1a-4768-af3c-4346aa378b9c/0007_vubmtK_sm.jpeg,7,"{""artist_retail_right"": false, ""comments"": null, ""condition"": ""500-800 te hoog volgens Jitsko, limiet heb ik nu op 300 gezet. "", ""condition_report"": ""<p>Case restored and varnished. Functioning not verified.</p>"", ""description"": ""<p>The case surmounted by a seated Putto with a pigeon. Acanthus leaf decorations and styled torches on the corner on scrolled feet. The dial consisting of flowers with enamel hearts with digits 1 to 12. Silvered centre of later date and Breguet hands. The mechanism with an anchor escapement and a cord suspended pendulum. A striking mechanism with a count wheel, striking once every half hour and the whole hour in full on a silver amalgamated bell. Including a winding key.</p>"", ""dimensions"": ""42 cm high, 16 cm wide, 9 cm deep"", ""footnote"": null, ""header"": null, ""internal_reference"": null, ""literature"": null, ""origin_exhibition_lite"": null, ""painter_artist_school"": null, ""period"": ""Early 19th century "", ""title"": ""A French brass gilded and patinated pendulum clock "", ""total"": null, ""weight_size_quality"": null}"
884d2488-e5f9-4792-970a-68e4855bf224,35008,26-0127/3,67d3691b-0d4a-4615-9e5c-fbf4dfd989e8,723,Vendue Next Door Part 2 Premium | september,"Premium lampen, spiegels, klokken en tapijten",A gilded brass and glass pendulum clock,A gilded brass and glass pendulum clock,"<h3>Period</h3>Late 19th century, France<h3>Description</h3><p>The Louis style gilded case with open work pewter behind glass. The enamel dial with Roman numerals and Breguet hands. The mechanism with an anchor escapement and Brocot pendulum spring suspended pendulum. A striking mechanism with a count wheel, striking once every half hour and the whole hour in full on a silver amalgamated bell. Including winding key.</p><h3>Dimensions</h3>37.5 cm high, 26.5 cm wide, 17 cm deep<h3>Condition Report</h3><p>Functioning not verified, back glass replaced by plexiglass (cracked), Enamel dial cracked.</p>",published,EUR,500.0,800.0,300.0,300.0,,1,0,,,True,"Mon, 31 Aug 2026 08:00:00 GMT","Tue, 08 Sep 2026 18:00:00 GMT",https://media.app.artisio.co/media/3fc437c0-fdbb-4208-955a-90293eab416d/inventory/8db40c59-8e5f-4595-9a6c-6d3ace394643/d28e85c7-58a1-46f7-b0f8-36bf91d81894/0001_kwnSpC_sm.jpeg;https://media.app.artisio.co/media/3fc437c0-fdbb-4208-955a-90293eab416d/inventory/8db40c59-8e5f-4595-9a6c-6d3ace394643/ace94e4e-ef33-4c1b-a76e-ed749a9818ee/0002_TnOexr_sm.jpeg;https://media.app.artisio.co/media/3fc437c0-fdbb-4208-955a-90293eab416d/inventory/8db40c59-8e5f-4595-9a6c-6d3ace394643/f5acd15d-f35c-43a1-a3eb-6f857ca1d52d/0003_zWPmFi_sm.jpeg;https://media.app.artisio.co/media/3fc437c0-fdbb-4208-955a-90293eab416d/inventory/8db40c59-8e5f-4595-9a6c-6d3ace394643/369cc311-fdf5-4d9e-9634-ce06b6b4e959/0004_njSFwo_sm.jpeg;https://media.app.artisio.co/media/3fc437c0-fdbb-4208-955a-90293eab416d/inventory/8db40c59-8e5f-4595-9a6c-6d3ace394643/e10c0635-7136-41b1-94e5-e24d37d48833/0005_NMZmgg_sm.jpeg;https://media.app.artisio.co/media/3fc437c0-fdbb-4208-955a-90293eab416d/inventory/8db40c59-8e5f-4595-9a6c-6d3ace394643/1361d1fa-01bf-42ff-8b9e-2614d432d124/0006_xFxYBZ_sm.jpeg;https://media.app.artisio.co/media/3fc437c0-fdbb-4208-955a-90293eab416d/inventory/8db40c59-8e5f-4595-9a6c-6d3ace394643/95ec8efd-984d-41a4-bc85-90424ace0d68/0007_TbRESN_sm.jpeg;https://media.app.artisio.co/media/3fc437c0-fdbb-4208-955a-90293eab416d/inventory/8db40c59-8e5f-4595-9a6c-6d3ace394643/5aeb0186-a8e5-4c0e-b96e-a9082681d3e3/0008_ZVQSdR_sm.jpeg;https://media.app.artisio.co/media/3fc437c0-fdbb-4208-955a-90293eab416d/inventory/8db40c59-8e5f-4595-9a6c-6d3ace394643/db437540-b3ba-4699-ad7a-64807c6e3178/0009_LOSXMq_sm.jpeg,9,"{""artist_retail_right"": false, ""comments"": null, ""condition"": null, ""condition_report"": ""<p>Functioning not verified, back glass replaced by plexiglass (cracked), Enamel dial cracked.</p>"", ""description"": ""<p>The Louis style gilded case with open work pewter behind glass. The enamel dial with Roman numerals and Breguet hands. The mechanism with an anchor escapement and Brocot pendulum spring suspended pendulum. A striking mechanism with a count wheel, striking once every half hour and the whole hour in full on a silver amalgamated bell. Including winding key.</p>"", ""dimensions"": ""37.5 cm high, 26.5 cm wide, 17 cm deep"", ""footnote"": null, ""header"": null, ""internal_reference"": null, ""literature"": null, ""origin_exhibition_lite"": null, ""painter_artist_school"": null, ""period"": ""Late 19th century, France "", ""title"": ""A gilded brass and glass pendulum clock"", ""total"": null, ""weight_size_quality"": null}"
233155ba-3f9a-424c-b4d0-5c472f23e9be,50001,26-0528/19,67d3691b-0d4a-4615-9e5c-fbf4dfd989e8,723,Vendue Next Door Part 2 Premium | september,"Premium witgoed, electronica en rijwielen",Een Fender Precision bass gitaar in draagkoffer en met Rumble 40 versterker en standaard ,Een Fender Precision bass gitaar in draagkoffer en met Rumble 40 versterker en standaard ,<h3>Description</h3><p>Werking niet gecontroleerd&nbsp;</p><h3>Dimensions</h3>L ca 117 cm,published,EUR,600.0,900.0,500.0,500.0,,1,7,900.0,900.0,True,"Mon, 31 Aug 2026 08:00:00 GMT","Tue, 08 Sep 2026 18:03:00 GMT",https://media.app.artisio.co/media/3fc437c0-fdbb-4208-955a-90293eab416d/inventory/1365f8c5-5e86-4f5d-a684-4b4cd8caf3b1/d093b6c7-b458-427c-afa5-c2622f908f0e/0001_FsesWo_sm.jpeg;https://media.app.artisio.co/media/3fc437c0-fdbb-4208-955a-90293eab416d/inventory/1365f8c5-5e86-4f5d-a684-4b4cd8caf3b1/9fb98261-b8e5-44b4-a5ea-0a4c1ff8940f/0002_xuuucI_sm.jpeg;https://media.app.artisio.co/media/3fc437c0-fdbb-4208-955a-90293eab416d/inventory/1365f8c5-5e86-4f5d-a684-4b4cd8caf3b1/348e2484-16ce-47a9-8993-caa92f57a495/0003_NOSrWz_sm.jpeg;https://media.app.artisio.co/media/3fc437c0-fdbb-4208-955a-90293eab416d/inventory/1365f8c5-5e86-4f5d-a684-4b4cd8caf3b1/891c2bbb-b5ab-4c48-bdb0-a0a0554aebde/0004_RkynPT_sm.jpeg;https://media.app.artisio.co/media/3fc437c0-fdbb-4208-955a-90293eab416d/inventory/1365f8c5-5e86-4f5d-a684-4b4cd8caf3b1/6eaf6e9a-e612-46a0-a35a-e00eb2db9896/0005_ZWrCxN_sm.jpeg,5,"{""artist_retail_right"": false, ""comments"": null, ""condition"": null, ""condition_report"": null, ""description"": ""<p>Werking niet gecontroleerd&nbsp;</p>"", ""dimensions"": ""L ca 117 cm "", ""footnote"": null, ""header"": null, ""internal_reference"": null, ""literature"": null, ""origin_exhibition_lite"": null, ""painter_artist_school"": null, ""period"": null, ""title"": ""Een Fender Precision bass gitaar in draagkoffer en met Rumble 40 versterker en standaard "", ""total"": null, ""weight_size_quality"": null}"
f4a76627-cb98-41d5-a8f0-b43dc545eb91,50002,26-0528/20,67d3691b-0d4a-4615-9e5c-fbf4dfd989e8,723,Vendue Next Door Part 2 Premium | september,"Premium witgoed, electronica en rijwielen",Een zeven-snarige Ibanez RGD71Alms gitaar in métallique,Een zeven-snarige Ibanez RGD71Alms gitaar in métallique,<h3>Description</h3><p>Inclusief standaard&nbsp;</p><h3>Dimensions</h3>L ca 102 cm,published,EUR,300.0,500.0,200.0,200.0,,1,3,240.0,240.0,True,"Mon, 31 Aug 2026 08:00:00 GMT","Tue, 08 Sep 2026 18:03:00 GMT",https://media.app.artisio.co/media/3fc437c0-fdbb-4208-955a-90293eab416d/inventory/1e6f4737-c9a6-4cfc-bedd-cea418502aad/3a3161a5-a021-4f8c-8316-1f5cfd9f1199/0001_eWOVuz_sm.jpeg;https://media.app.artisio.co/media/3fc437c0-fdbb-4208-955a-90293eab416d/inventory/1e6f4737-c9a6-4cfc-bedd-cea418502aad/063091c4-800d-4473-b23b-8b703715a58f/0002_GlChRs_sm.jpeg;https://media.app.artisio.co/media/3fc437c0-fdbb-4208-955a-90293eab416d/inventory/1e6f4737-c9a6-4cfc-bedd-cea418502aad/24ddd557-7579-4a35-b0a7-f937cf4108d1/0003_MCzPVq_sm.jpeg,3,"{""artist_retail_right"": false, ""comments"": null, ""condition"": null, ""condition_report"": null, ""description"": ""<p>Inclusief standaard&nbsp;</p>"", ""dimensions"": ""L ca 102 cm "", ""footnote"": null, ""header"": """", ""internal_reference"": null, ""literature"": null, ""origin_exhibition_lite"": null, ""painter_artist_school"": """", ""period"": """", ""title"": ""Een zeven-snarige Ibanez RGD71Alms gitaar in métallique"", ""total"": null, ""weight_size_quality"": null}"
93a9fd3f-1510-469a-9c90-8f83195bae08,55001,26-0528/23,67d3691b-0d4a-4615-9e5c-fbf4dfd989e8,723,Vendue Next Door Part 2 Premium | september,Premium Sculpturen,"Jan de Graaf (1948), 'De Vier Heemskinderen'"," Jan de Graaf (1948), 'De Vier Heemskinderen'",<h3>Description</h3><p>Gesigneerd en genummerd op de onderkant&nbsp;</p><h3>Dimensions</h3>Ca 25 x 18 x 6 cm (excl. houten voet),published,EUR,1000.0,2000.0,800.0,800.0,,1,0,,,True,"Mon, 31 Aug 2026 08:00:00 GMT","Tue, 08 Sep 2026 18:03:00 GMT",https://media.app.artisio.co/media/3fc437c0-fdbb-4208-955a-90293eab416d/inventory/5b9d5bca-72bb-4b6e-addc-620beda06825/ecf02eb5-0f9e-4b46-bf36-2d92cbc81b6c/00001_ACmMHC_sm.jpeg;https://media.app.artisio.co/media/3fc437c0-fdbb-4208-955a-90293eab416d/inventory/5b9d5bca-72bb-4b6e-addc-620beda06825/0a6b9cbf-d179-48ba-aa15-612540ceb9e4/0001_YkUqrq_sm.jpeg;https://media.app.artisio.co/media/3fc437c0-fdbb-4208-955a-90293eab416d/inventory/5b9d5bca-72bb-4b6e-addc-620beda06825/a3c6037e-1c87-41f5-b9e2-903662532a66/0003_kijsak_sm.jpeg;https://media.app.artisio.co/media/3fc437c0-fdbb-4208-955a-90293eab416d/inventory/5b9d5bca-72bb-4b6e-addc-620beda06825/a44c411f-37fd-4c0b-bac4-cee4eb949fd1/0004_XjqXbX_sm.jpeg,4,"{""artist_retail_right"": false, ""comments"": null, ""condition"": null, ""condition_report"": null, ""description"": ""<p>Gesigneerd en genummerd op de onderkant&nbsp;</p>"", ""dimensions"": ""Ca 25 x 18 x 6 cm (excl. houten voet)"", ""footnote"": null, ""header"": null, ""internal_reference"": null, ""literature"": null, ""origin_exhibition_lite"": null, ""painter_artist_school"": null, ""period"": null, ""title"": ""Jan de Graaf (1948), 'De Vier Heemskinderen'"", ""total"": null, ""weight_size_quality"": null}"
59a3bfae-3889-4e35-b806-ae7ada3120ed,55002,26-0528/35,67d3691b-0d4a-4615-9e5c-fbf4dfd989e8,723,Vendue Next Door Part 2 Premium | september,Premium Sculpturen,"Jan de Graaf (1948), liggend naakt "," Jan de Graaf (1948), liggend naakt ",<h3>Description</h3><p>Gesigneerd en genummerd op de onderkant&nbsp;</p><h3>Dimensions</h3>Ca 8 x 15 x 6 cm,published,EUR,400.0,600.0,300.0,300.0,,1,0,,,True,"Mon, 31 Aug 2026 08:00:00 GMT","Tue, 08 Sep 2026 18:03:00 GMT",https://media.app.artisio.co/media/3fc437c0-fdbb-4208-955a-90293eab416d/inventory/a45acae1-85ad-4108-b63a-d4fb21c8f573/f0db35ef-ae3c-444c-86ba-9d78ded7fbb3/0001_ARaBlw_sm.jpeg;https://media.app.artisio.co/media/3fc437c0-fdbb-4208-955a-90293eab416d/inventory/a45acae1-85ad-4108-b63a-d4fb21c8f573/4ca85f5c-74ee-4a0d-9cba-9fe81efe3fd8/0002_OHKyVU_sm.jpeg;https://media.app.artisio.co/media/3fc437c0-fdbb-4208-955a-90293eab416d/inventory/a45acae1-85ad-4108-b63a-d4fb21c8f573/edb2f648-25f8-4cba-82ce-0f305849b27a/0003_mAoRyx_sm.jpeg;https://media.app.artisio.co/media/3fc437c0-fdbb-4208-955a-90293eab416d/inventory/a45acae1-85ad-4108-b63a-d4fb21c8f573/e2c4c358-9323-4cc0-bc7f-3449ccacbf8a/0004_JRhAyZ_sm.jpeg;https://media.app.artisio.co/media/3fc437c0-fdbb-4208-955a-90293eab416d/inventory/a45acae1-85ad-4108-b63a-d4fb21c8f573/d8eba93f-d8dd-417d-8a20-c3f533cda430/0005_vYjTeJ_sm.jpeg,5,"{""artist_retail_right"": false, ""comments"": null, ""condition"": null, ""condition_report"": null, ""description"": ""<p>Gesigneerd en genummerd op de onderkant&nbsp;</p>"", ""dimensions"": ""Ca 8 x 15 x 6 cm"", ""footnote"": null, ""header"": null, ""internal_reference"": null, ""literature"": null, ""origin_exhibition_lite"": null, ""painter_artist_school"": null, ""period"": null, ""title"": ""Jan de Graaf (1948), liggend naakt "", ""total"": null, ""weight_size_quality"": null}"
8f857ee0-854f-4fbb-a017-646385d93f20,55003,26-0528/22,67d3691b-0d4a-4615-9e5c-fbf4dfd989e8,723,Vendue Next Door Part 2 Premium | september,Premium Sculpturen,"Dirk de Keyzer (1958), Avonturier"," Dirk de Keyzer (1958), Avonturier",<h3>Description</h3><p>Gesigneerd ‘De Keyzer’ op de voet.&nbsp;</p><h3>Dimensions</h3>Ca 21 x 30 x 12 cm (incl. voet),published,EUR,1000.0,1500.0,800.0,800.0,,1,0,,,True,"Mon, 31 Aug 2026 08:00:00 GMT","Tue, 08 Sep 2026 18:03:00 GMT",https://media.app.artisio.co/media/3fc437c0-fdbb-4208-955a-90293eab416d/inventory/a83479d5-461c-44da-8f5d-8a66b1b3e605/6454819b-2e79-4345-ab5d-b914a862e7ad/0001_Pttqvl_sm.jpeg;https://media.app.artisio.co/media/3fc437c0-fdbb-4208-955a-90293eab416d/inventory/a83479d5-461c-44da-8f5d-8a66b1b3e605/7877b2f0-0a32-43ec-8695-1f710e092917/0002_LrCPLE_sm.jpeg;https://media.app.artisio.co/media/3fc437c0-fdbb-4208-955a-90293eab416d/inventory/a83479d5-461c-44da-8f5d-8a66b1b3e605/456b1cc2-7dfd-4392-9bfd-3c511fe91d8c/0003_ewelKk_sm.jpeg;https://media.app.artisio.co/media/3fc437c0-fdbb-4208-955a-90293eab416d/inventory/a83479d5-461c-44da-8f5d-8a66b1b3e605/3a276644-acbf-44b1-9703-a9b1cad021a4/0004_tJmLHr_sm.jpeg;https://media.app.artisio.co/media/3fc437c0-fdbb-4208-955a-90293eab416d/inventory/a83479d5-461c-44da-8f5d-8a66b1b3e605/76ede58c-c353-4e90-b8da-546b8e42657d/0005_tNiiKt_sm.jpeg,5,"{""artist_retail_right"": false, ""comments"": null, ""condition"": null, ""condition_report"": null, ""description"": ""<p>Gesigneerd ‘De Keyzer’ op de voet.&nbsp;</p>"", ""dimensions"": ""Ca 21 x 30 x 12 cm (incl. voet)"", ""footnote"": null, ""header"": """", ""internal_reference"": null, ""literature"": null, ""origin_exhibition_lite"": null, ""painter_artist_school"": """", ""period"": """", ""title"": ""Dirk de Keyzer (1958), Avonturier"", ""total"": """", ""weight_size_quality"": null}"
45fc7312-9932-4642-9b99-ddd42ac1979c,55004,26-0389/19,67d3691b-0d4a-4615-9e5c-fbf4dfd989e8,723,Vendue Next Door Part 2 Premium | september,Premium Sculpturen,Vermoedelijk Eppe de Haan (1949), Vermoedelijk Eppe de Haan (1949),<h3>Dimensions</h3>H ca 62 cm,published,EUR,600.0,900.0,300.0,300.0,,1,0,,,True,"Mon, 31 Aug 2026 08:00:00 GMT","Tue, 08 Sep 2026 18:03:00 GMT",https://media.app.artisio.co/media/3fc437c0-fdbb-4208-955a-90293eab416d/inventory/ba18eec0-2f8f-4547-8381-ce72bd4a277f/43c00e10-32bb-4243-b8dd-2ddba9074ba6/0001_GCVvAU_sm.jpeg;https://media.app.artisio.co/media/3fc437c0-fdbb-4208-955a-90293eab416d/inventory/ba18eec0-2f8f-4547-8381-ce72bd4a277f/cf85f0e6-a455-440b-8714-78b7361820b8/0002_EIrdhl_sm.jpeg;https://media.app.artisio.co/media/3fc437c0-fdbb-4208-955a-90293eab416d/inventory/ba18eec0-2f8f-4547-8381-ce72bd4a277f/896ab783-6626-4677-b671-122fbb1a1206/0003_oOqygl_sm.jpeg;https://media.app.artisio.co/media/3fc437c0-fdbb-4208-955a-90293eab416d/inventory/ba18eec0-2f8f-4547-8381-ce72bd4a277f/4fa1ba26-49a1-4fa6-952e-f0a5e2558dc6/0004_FugVvx_sm.jpeg;https://media.app.artisio.co/media/3fc437c0-fdbb-4208-955a-90293eab416d/inventory/ba18eec0-2f8f-4547-8381-ce72bd4a277f/5475103f-c0db-4714-a8d2-f6d1d9b90d20/0005_oFqFUR_sm.jpeg;https://media.app.artisio.co/media/3fc437c0-fdbb-4208-955a-90293eab416d/inventory/ba18eec0-2f8f-4547-8381-ce72bd4a277f/03a4b4c3-7f0a-441b-92e9-6ed9290e6794/0006_hxBzsf_sm.jpeg;https://media.app.artisio.co/media/3fc437c0-fdbb-4208-955a-90293eab416d/inventory/ba18eec0-2f8f-4547-8381-ce72bd4a277f/ac0f7041-b9d7-4b4c-84c0-df348d3edebe/0007_DGNlUc_sm.jpeg;https://media.app.artisio.co/media/3fc437c0-fdbb-4208-955a-90293eab416d/inventory/ba18eec0-2f8f-4547-8381-ce72bd4a277f/5bfcc1f7-8a39-4a0c-b16a-b54dba1f34c5/0008_hryohn_sm.jpeg;https://media.app.artisio.co/media/3fc437c0-fdbb-4208-955a-90293eab416d/inventory/ba18eec0-2f8f-4547-8381-ce72bd4a277f/100ab18b-15ac-45fb-b256-3f72cbc686ac/0009_SflaUv_sm.jpeg,9,"{""artist_retail_right"": false, ""comments"": null, ""condition"": null, ""condition_report"": null, ""description"": null, ""dimensions"": ""H ca 62 cm "", ""footnote"": null, ""header"": null, ""internal_reference"": null, ""literature"": null, ""origin_exhibition_lite"": null, ""painter_artist_school"": null, ""period"": null, ""title"": ""Vermoedelijk Eppe de Haan (1949)"", ""total"": null, ""weight_size_quality"": null}"
08ed5286-1624-4d2a-b32e-2eddeb7990c6,55005,26-0389/15,67d3691b-0d4a-4615-9e5c-fbf4dfd989e8,723,Vendue Next Door Part 2 Premium | september,Premium Sculpturen,Eppe de Haan (1949), Eppe de Haan (1949),,published,EUR,700.0,1000.0,400.0,400.0,,1,0,,,True,"Mon, 31 Aug 2026 08:00:00 GMT","Tue, 08 Sep 2026 18:03:00 GMT",https://media.app.artisio.co/media/3fc437c0-fdbb-4208-955a-90293eab416d/inventory/376af3c6-c6ea-4b2c-a40e-27d524893a45/edda233f-c65f-4596-bb0f-d283084f8357/0001_jYfyBm_sm.jpeg;https://media.app.artisio.co/media/3fc437c0-fdbb-4208-955a-90293eab416d/inventory/376af3c6-c6ea-4b2c-a40e-27d524893a45/dc37abeb-25e9-4c50-b107-2a1dff1796f8/0002_QioZTO_sm.jpeg;https://media.app.artisio.co/media/3fc437c0-fdbb-4208-955a-90293eab416d/inventory/376af3c6-c6ea-4b2c-a40e-27d524893a45/20b3ae7f-2954-4fe5-b186-38360a8227dd/0003_TJzDvd_sm.jpeg;https://media.app.artisio.co/media/3fc437c0-fdbb-4208-955a-90293eab416d/inventory/376af3c6-c6ea-4b2c-a40e-27d524893a45/254db18f-4582-44b5-b44c-79c70406e45b/0004_sfCuvM_sm.jpeg;https://media.app.artisio.co/media/3fc437c0-fdbb-4208-955a-90293eab416d/inventory/376af3c6-c6ea-4b2c-a40e-27d524893a45/a5eeda68-3ef9-4eb9-a937-4cde5003a11c/0005_mtVoyy_sm.jpeg;https://media.app.artisio.co/media/3fc437c0-fdbb-4208-955a-90293eab416d/inventory/376af3c6-c6ea-4b2c-a40e-27d524893a45/e5d7a66b-f1d8-425c-b4af-44bec19c866f/0006_SqjNCa_sm.jpeg;https://media.app.artisio.co/media/3fc437c0-fdbb-4208-955a-90293eab416d/inventory/376af3c6-c6ea-4b2c-a40e-27d524893a45/921ca40b-4c90-4691-9625-287827385a0d/0007_Pmbxqt_sm.jpeg,7,"{""artist_retail_right"": false, ""comments"": null, ""condition"": null, ""condition_report"": null, ""description"": null, ""dimensions"": null, ""footnote"": null, ""header"": null, ""internal_reference"": null, ""literature"": null, ""origin_exhibition_lite"": null, ""painter_artist_school"": null, ""period"": null, ""title"": ""Eppe de Haan (1949)"", ""total"": null, ""weight_size_quality"": null}"
ada5efed-beba-4fc4-8973-e67dd2c1e449,55006,26-0389/290,67d3691b-0d4a-4615-9e5c-fbf4dfd989e8,723,Vendue Next Door Part 2 Premium | september,Premium Sculpturen,Een groot stenen tuinsculptuur, Een groot stenen tuinsculptuur,<h3>Description</h3><p>Niet gesigneerd.</p><h3>Dimensions</h3>Ca 45 x 90 x 67 cm,published,EUR,300.0,500.0,100.0,100.0,,1,0,,,True,"Mon, 31 Aug 2026 08:00:00 GMT","Tue, 08 Sep 2026 18:03:00 GMT",https://media.app.artisio.co/media/3fc437c0-fdbb-4208-955a-90293eab416d/inventory/de4a1439-0871-4280-8213-6bb04dee1c62/449c62b6-1d1e-44d7-862a-2873db0fe3ca/0001_UWPgzL_sm.jpeg;https://media.app.artisio.co/media/3fc437c0-fdbb-4208-955a-90293eab416d/inventory/de4a1439-0871-4280-8213-6bb04dee1c62/07aa8b92-4482-4bf9-ba3f-abf90c4d9666/0002_cwAovu_sm.jpeg;https://media.app.artisio.co/media/3fc437c0-fdbb-4208-955a-90293eab416d/inventory/de4a1439-0871-4280-8213-6bb04dee1c62/97b8f2df-9f84-42fe-a515-b5b8618e3c4e/0003_zVVksG_sm.jpeg;https://media.app.artisio.co/media/3fc437c0-fdbb-4208-955a-90293eab416d/inventory/de4a1439-0871-4280-8213-6bb04dee1c62/ff977caf-dfee-402e-b73d-0f1676535782/0004_XAOZDi_sm.jpeg,4,"{""artist_retail_right"": false, ""comments"": null, ""condition"": null, ""condition_report"": null, ""description"": ""<p>Niet gesigneerd.</p>"", ""dimensions"": ""Ca 45 x 90 x 67 cm"", ""footnote"": null, ""header"": null, ""internal_reference"": null, ""literature"": null, ""origin_exhibition_lite"": null, ""painter_artist_school"": null, ""period"": null, ""title"": ""Een groot stenen tuinsculptuur"", ""total"": null, ""weight_size_quality"": null}"
7b18a914-7ebf-4b59-9ef8-4c4eddb24179,55008,26-0383/32,67d3691b-0d4a-4615-9e5c-fbf4dfd989e8,723,Vendue Next Door Part 2 Premium | september,Premium Sculpturen,"Rod Bugg (1946), 'Thin Red Line'"," Rod Bugg (1946), 'Thin Red Line'",<h3>Description</h3><p>Een keramieken sculptuur</p><h3>Dimensions</h3>22 x 22 x 7 cm,published,EUR,200.0,300.0,100.0,100.0,,1,1,100.0,100.0,True,"Mon, 31 Aug 2026 08:00:00 GMT","Tue, 08 Sep 2026 18:03:00 GMT",https://media.app.artisio.co/media/3fc437c0-fdbb-4208-955a-90293eab416d/inventory/9ab5c7d1-b35e-4cc3-ad68-a26ff4cf868b/9fc26b4b-1a1e-404d-8a91-5e4cbea513f6/0001_YiiSjn_sm.jpeg;https://media.app.artisio.co/media/3fc437c0-fdbb-4208-955a-90293eab416d/inventory/9ab5c7d1-b35e-4cc3-ad68-a26ff4cf868b/5edaca54-38a6-4c64-af31-083a40cba2ae/0002_wzzbmh_sm.jpeg;https://media.app.artisio.co/media/3fc437c0-fdbb-4208-955a-90293eab416d/inventory/9ab5c7d1-b35e-4cc3-ad68-a26ff4cf868b/e058960d-e041-4186-afe2-3168dd3ea01a/0003_BZpQLY_sm.jpeg,3,"{""artist_retail_right"": false, ""comments"": null, ""condition"": null, ""condition_report"": null, ""description"": ""<p>Een keramieken sculptuur</p>"", ""dimensions"": ""22 x 22 x 7 cm"", ""footnote"": null, ""header"": null, ""internal_reference"": null, ""literature"": null, ""origin_exhibition_lite"": null, ""painter_artist_school"": null, ""period"": null, ""title"": ""Rod Bugg (1946), 'Thin Red Line'"", ""total"": null, ""weight_size_quality"": null}"
4bc96e29-7b5b-489e-a535-aae75dc2b56d,55009,26-0383/45,67d3691b-0d4a-4615-9e5c-fbf4dfd989e8,723,Vendue Next Door Part 2 Premium | september,Premium Sculpturen,"Angel Garazza (1950), Hartvormige schaal"," Angel Garazza (1950), Hartvormige schaal","<h3>Description</h3><p>Het zwartkleurige keramieken vormstuk niet gemerkt.</p><h3>Dimensions</h3>30 x 31 cm<h3>Literature</h3><p>Herkomst:<br>Aangekocht door de huidige eigenaar bij Galerie De Witte Voet, Amsterdam, 2007.</p>",published,EUR,300.0,500.0,100.0,100.0,,1,0,,,True,"Mon, 31 Aug 2026 08:00:00 GMT","Tue, 08 Sep 2026 18:03:00 GMT",https://media.app.artisio.co/media/3fc437c0-fdbb-4208-955a-90293eab416d/inventory/bc86ea7f-2e8d-40cb-a880-f7526308583c/b800a336-d341-4fdb-9882-c586f5591a67/0001_QRyfux_sm.jpeg;https://media.app.artisio.co/media/3fc437c0-fdbb-4208-955a-90293eab416d/inventory/bc86ea7f-2e8d-40cb-a880-f7526308583c/8a360e7b-0b6e-42d4-8f32-e3bba959dba7/0002_TlMTtk_sm.jpeg,2,"{""artist_retail_right"": false, ""comments"": null, ""condition"": null, ""condition_report"": null, ""description"": ""<p>Het zwartkleurige keramieken vormstuk niet gemerkt.</p>"", ""dimensions"": ""30 x 31 cm"", ""footnote"": null, ""header"": null, ""internal_reference"": null, ""literature"": ""<p>Herkomst:<br>Aangekocht door de huidige eigenaar bij Galerie De Witte Voet, Amsterdam, 2007.</p>"", ""origin_exhibition_lite"": null, ""painter_artist_school"": null, ""period"": null, ""title"": ""Angel Garazza (1950), Hartvormige schaal"", ""total"": null, ""weight_size_quality"": null}"
7dd4db02-915a-469d-a5dd-bf88ad6f365e,55010,26-0383/20,67d3691b-0d4a-4615-9e5c-fbf4dfd989e8,723,Vendue Next Door Part 2 Premium | september,Premium Sculpturen,"Netty van den Heuvel (1956-2012), 'Object met Ballen'"," Netty van den Heuvel (1956-2012), 'Object met Ballen'","<h3>Dimensions</h3>12 x 26 x 24 cm<h3>Literature</h3><p>Herkomst:&nbsp;<br>Aangekocht door de huidige eigenaar bij Galerie de Witte Voet, Amsterdam, 1992.</p>",published,EUR,200.0,300.0,100.0,100.0,,1,1,100.0,100.0,True,"Mon, 31 Aug 2026 08:00:00 GMT","Tue, 08 Sep 2026 18:03:00 GMT",https://media.app.artisio.co/media/3fc437c0-fdbb-4208-955a-90293eab416d/inventory/6f0bfe67-fd02-4ea3-969b-d0f740737da7/cd8d9b08-8728-43b8-97b9-10d41f7d9c1e/0001_XYogiH_sm.jpeg;https://media.app.artisio.co/media/3fc437c0-fdbb-4208-955a-90293eab416d/inventory/6f0bfe67-fd02-4ea3-969b-d0f740737da7/951e29d9-7654-415d-8b58-edf91eb3bb60/0002_kmMcEf_sm.jpeg;https://media.app.artisio.co/media/3fc437c0-fdbb-4208-955a-90293eab416d/inventory/6f0bfe67-fd02-4ea3-969b-d0f740737da7/693692bd-3de8-4375-89a8-aeb875ae2c82/0003_BsmDwp_sm.jpeg,3,"{""artist_retail_right"": false, ""comments"": null, ""condition"": null, ""condition_report"": null, ""description"": null, ""dimensions"": ""12 x 26 x 24 cm"", ""footnote"": null, ""header"": null, ""internal_reference"": null, ""literature"": ""<p>Herkomst:&nbsp;<br>Aangekocht door de huidige eigenaar bij Galerie de Witte Voet, Amsterdam, 1992.</p>"", ""origin_exhibition_lite"": null, ""painter_artist_school"": null, ""period"": null, ""title"": ""Netty van den Heuvel (1956-2012), 'Object met Ballen'"", ""total"": null, ""weight_size_quality"": null}"
2f8d7127-59e3-4554-b4bc-d17595c6f2cb,55011,26-0383/26,67d3691b-0d4a-4615-9e5c-fbf4dfd989e8,723,Vendue Next Door Part 2 Premium | september,Premium Sculpturen,"Piet Stockmans (1940), drie blauw en wit biscuit vormstukken "," Piet Stockmans (1940), drie blauw en wit biscuit vormstukken ","<h3>Description</h3><p>Waarvan een een zwangere buikmasker. Allen gesigneerd en gedateerd <i>1989, 2001 </i>en <i>2003</i>.</p><h3>Dimensions</h3>afm tot 48 x 31 cm<h3>Literature</h3><p>Herkomst:&nbsp;<br>Allen aangekocht door de huidige eigenaar bij Galerie de Witte Voet, Amsterdam.</p>",published,EUR,300.0,500.0,100.0,100.0,,1,0,,,True,"Mon, 31 Aug 2026 08:00:00 GMT","Tue, 08 Sep 2026 18:03:00 GMT",https://media.app.artisio.co/media/3fc437c0-fdbb-4208-955a-90293eab416d/inventory/26131a61-89ab-48e1-9cb7-ed3737e98b80/325cc80d-b64d-4eac-887d-8faf30c00f09/0001_CoMgob_sm.jpeg;https://media.app.artisio.co/media/3fc437c0-fdbb-4208-955a-90293eab416d/inventory/26131a61-89ab-48e1-9cb7-ed3737e98b80/c3c9d658-6a26-4bfd-bd39-f09c67a4df58/0002_anwNyD_sm.jpeg;https://media.app.artisio.co/media/3fc437c0-fdbb-4208-955a-90293eab416d/inventory/26131a61-89ab-48e1-9cb7-ed3737e98b80/cb5edfd9-0fb7-4d3f-b1af-dd53038eff9d/0003_voQLVh_sm.jpeg;https://media.app.artisio.co/media/3fc437c0-fdbb-4208-955a-90293eab416d/inventory/26131a61-89ab-48e1-9cb7-ed3737e98b80/467de322-fc37-4b7d-acac-ab7ebd88fbe9/0004_ShOHmb_sm.jpeg;https://media.app.artisio.co/media/3fc437c0-fdbb-4208-955a-90293eab416d/inventory/26131a61-89ab-48e1-9cb7-ed3737e98b80/1d58d7d6-e555-476f-a769-986b9a8f2038/0005_DAdeLe_sm.jpeg;https://media.app.artisio.co/media/3fc437c0-fdbb-4208-955a-90293eab416d/inventory/26131a61-89ab-48e1-9cb7-ed3737e98b80/490f9f72-fc14-4a33-b2c4-a8635f32c9df/0006_hGppoe_sm.jpeg;https://media.app.artisio.co/media/3fc437c0-fdbb-4208-955a-90293eab416d/inventory/26131a61-89ab-48e1-9cb7-ed3737e98b80/254bb41d-1ef4-4399-b12e-730f81719e72/0007_IfHQvz_sm.jpeg,7,"{""artist_retail_right"": false, ""comments"": null, ""condition"": null, ""condition_report"": null, ""description"": ""<p>Waarvan een een zwangere buikmasker. Allen gesigneerd en gedateerd <i>1989, 2001 </i>en <i>2003</i>.</p>"", ""dimensions"": ""afm tot 48 x 31 cm"", ""footnote"": null, ""header"": null, ""internal_reference"": null, ""literature"": ""<p>Herkomst:&nbsp;<br>Allen aangekocht door de huidige eigenaar bij Galerie de Witte Voet, Amsterdam.</p>"", ""origin_exhibition_lite"": null, ""painter_artist_school"": null, ""period"": null, ""title"": ""Piet Stockmans (1940), drie blauw en wit biscuit vormstukken "", ""total"": null, ""weight_size_quality"": null}"
6a945dd8-86f3-404d-9162-1e1c0e964e4c,55012,26-0383/38,67d3691b-0d4a-4615-9e5c-fbf4dfd989e8,723,Vendue Next Door Part 2 Premium | september,Premium Sculpturen,"Piet Stockmans (1940), Een keramieken torso in houten krat plus boek"," Piet Stockmans (1940), Een keramieken torso in houten krat plus boek","<h3>Description</h3><p>Gesigneerd en gedateerd <i>2002</i> onderop.</p><h3>Dimensions</h3>L 48 cm, krat: 10 x 30 x 49 cm",published,EUR,300.0,500.0,100.0,100.0,,1,0,,,True,"Mon, 31 Aug 2026 08:00:00 GMT","Tue, 08 Sep 2026 18:03:00 GMT",https://media.app.artisio.co/media/3fc437c0-fdbb-4208-955a-90293eab416d/inventory/6ab8d496-8d35-4c74-b69e-ff42b60961e1/627f1967-1cbd-43fe-8cf4-9c69c7b4437b/0001_hyLybO_sm.jpeg;https://media.app.artisio.co/media/3fc437c0-fdbb-4208-955a-90293eab416d/inventory/6ab8d496-8d35-4c74-b69e-ff42b60961e1/4974b4bb-cb44-4f2b-8299-7238efbdb137/0002_wpSPkX_sm.jpeg;https://media.app.artisio.co/media/3fc437c0-fdbb-4208-955a-90293eab416d/inventory/6ab8d496-8d35-4c74-b69e-ff42b60961e1/97f3107e-5809-41cf-adc1-65c80d1d9f23/0003_iOSqqX_sm.jpeg,3,"{""artist_retail_right"": false, ""comments"": null, ""condition"": null, ""condition_report"": null, ""description"": ""<p>Gesigneerd en gedateerd <i>2002</i> onderop.</p>"", ""dimensions"": ""L 48 cm, krat: 10 x 30 x 49 cm"", ""footnote"": null, ""header"": null, ""internal_reference"": null, ""literature"": null, ""origin_exhibition_lite"": null, ""painter_artist_school"": null, ""period"": """", ""title"": ""Piet Stockmans (1940), Een keramieken torso in houten krat plus boek"", ""total"": null, ""weight_size_quality"": null}"
c2083bce-9539-437e-a6d5-72bf511e3362,55013,26-0383/39,67d3691b-0d4a-4615-9e5c-fbf4dfd989e8,723,Vendue Next Door Part 2 Premium | september,Premium Sculpturen,"Piet Stockmans (1940), Boek in keramieken sleef "," Piet Stockmans (1940), Boek in keramieken sleef ",<h3>Description</h3><p>Gesigneerd en gedateerd <i>2018</i> op rug sleef.</p><h3>Dimensions</h3>32 x 5 x 26 cm,published,EUR,300.0,500.0,100.0,100.0,,1,0,,,True,"Mon, 31 Aug 2026 08:00:00 GMT","Tue, 08 Sep 2026 18:03:00 GMT",https://media.app.artisio.co/media/3fc437c0-fdbb-4208-955a-90293eab416d/inventory/0459486a-e24c-4aaf-b001-e4647eac65ee/f901ae15-6663-4d2f-bf5d-65503a00e571/0001_tDoEtc_sm.jpeg;https://media.app.artisio.co/media/3fc437c0-fdbb-4208-955a-90293eab416d/inventory/0459486a-e24c-4aaf-b001-e4647eac65ee/751ce9d9-e51e-4388-876b-262791c931a4/0002_tLSreK_sm.jpeg;https://media.app.artisio.co/media/3fc437c0-fdbb-4208-955a-90293eab416d/inventory/0459486a-e24c-4aaf-b001-e4647eac65ee/b504b1b9-e68f-4bf1-b6b1-667edafad1c3/0003_fGfnse_sm.jpeg;https://media.app.artisio.co/media/3fc437c0-fdbb-4208-955a-90293eab416d/inventory/0459486a-e24c-4aaf-b001-e4647eac65ee/854d0c13-aad2-414a-8323-4c91fadb40e0/0004_lhmPrM_sm.jpeg,4,"{""artist_retail_right"": false, ""comments"": null, ""condition"": null, ""condition_report"": null, ""description"": ""<p>Gesigneerd en gedateerd <i>2018</i> op rug sleef.</p>"", ""dimensions"": ""32 x 5 x 26 cm"", ""footnote"": null, ""header"": null, ""internal_reference"": null, ""literature"": null, ""origin_exhibition_lite"": null, ""painter_artist_school"": null, ""period"": null, ""title"": ""Piet Stockmans (1940), Boek in keramieken sleef "", ""total"": null, ""weight_size_quality"": null}"
8c748c13-7cd1-43b9-9858-270dd7c78c8d,55014,26-0383/48,67d3691b-0d4a-4615-9e5c-fbf4dfd989e8,723,Vendue Next Door Part 2 Premium | september,Premium Sculpturen,"Setsuko Nagasawa (1941), twee cilindrische bekers in verpakking "," Setsuko Nagasawa (1941), twee cilindrische bekers in verpakking ","<h3>Dimensions</h3>H 8 cm, D 5.5 cm, verpakking: 8 x 13 x 13 cm",published,EUR,300.0,500.0,100.0,100.0,,1,0,,,True,"Mon, 31 Aug 2026 08:00:00 GMT","Tue, 08 Sep 2026 18:03:00 GMT",https://media.app.artisio.co/media/3fc437c0-fdbb-4208-955a-90293eab416d/inventory/e0cf42a0-d1fc-4efc-a9a3-654c5f063f49/ef97a786-7bee-4160-b30e-ed2349505a05/0001_iNKddD_sm.jpeg;https://media.app.artisio.co/media/3fc437c0-fdbb-4208-955a-90293eab416d/inventory/e0cf42a0-d1fc-4efc-a9a3-654c5f063f49/3f3e74b7-98bc-44c7-a7b1-0dbe638f25c5/0002_KiyaXR_sm.jpeg;https://media.app.artisio.co/media/3fc437c0-fdbb-4208-955a-90293eab416d/inventory/e0cf42a0-d1fc-4efc-a9a3-654c5f063f49/e3cb0830-498e-485f-aba7-42b2929ec3ae/0003_SuGXLV_sm.jpeg;https://media.app.artisio.co/media/3fc437c0-fdbb-4208-955a-90293eab416d/inventory/e0cf42a0-d1fc-4efc-a9a3-654c5f063f49/8ae3281b-9eeb-44b1-b997-af5633a01d85/0004_AnLFtg_sm.jpeg;https://media.app.artisio.co/media/3fc437c0-fdbb-4208-955a-90293eab416d/inventory/e0cf42a0-d1fc-4efc-a9a3-654c5f063f49/77e36ff3-630c-4594-b171-d596d7d28ea0/0005_isTdTC_sm.jpeg,5,"{""artist_retail_right"": false, ""comments"": null, ""condition"": null, ""condition_report"": null, ""description"": null, ""dimensions"": ""H 8 cm, D 5.5 cm, verpakking: 8 x 13 x 13 cm"", ""footnote"": null, ""header"": null, ""internal_reference"": null, ""literature"": null, ""origin_exhibition_lite"": null, ""painter_artist_school"": null, ""period"": null, ""title"": ""Setsuko Nagasawa (1941), twee cilindrische bekers in verpakking "", ""total"": null, ""weight_size_quality"": null}"
b4c3db7a-eacd-4501-9d27-9d22d3bb230c,55015,26-0383/41,67d3691b-0d4a-4615-9e5c-fbf4dfd989e8,723,Vendue Next Door Part 2 Premium | september,Premium Sculpturen,"Piet Stockmans (1940), keramieken fragmenten in houten kist"," Piet Stockmans (1940), keramieken fragmenten in houten kist",<h3>Description</h3><p>Inclusief boek over de kunstenaar</p><h3>Dimensions</h3>kist: 6 x 82 x 33 cm,published,EUR,300.0,500.0,100.0,100.0,,1,0,,,True,"Mon, 31 Aug 2026 08:00:00 GMT","Tue, 08 Sep 2026 18:06:00 GMT",https://media.app.artisio.co/media/3fc437c0-fdbb-4208-955a-90293eab416d/inventory/f8f8de96-1cb5-4d19-9311-d74e3be727b3/3d089dde-5f3e-460d-8024-fabceaa1c508/0001_rRSPzi_sm.jpeg;https://media.app.artisio.co/media/3fc437c0-fdbb-4208-955a-90293eab416d/inventory/f8f8de96-1cb5-4d19-9311-d74e3be727b3/7bf42a8a-a074-4d57-98d3-4e40a0007cbc/0002_EEsoxH_sm.jpeg;https://media.app.artisio.co/media/3fc437c0-fdbb-4208-955a-90293eab416d/inventory/f8f8de96-1cb5-4d19-9311-d74e3be727b3/5c906b92-df57-410e-bca3-427fd9decb52/0003_KUQxrQ_sm.jpeg,3,"{""artist_retail_right"": false, ""comments"": null, ""condition"": null, ""condition_report"": null, ""description"": ""<p>Inclusief boek over de kunstenaar</p>"", ""dimensions"": ""kist: 6 x 82 x 33 cm"", ""footnote"": null, ""header"": null, ""internal_reference"": null, ""literature"": null, ""origin_exhibition_lite"": null, ""painter_artist_school"": null, ""period"": null, ""title"": ""Piet Stockmans (1940), keramieken fragmenten in houten kist"", ""total"": null, ""weight_size_quality"": null}"
a60c5545-ace7-4061-b5db-26a7341cd2d0,55016,26-0404/38,67d3691b-0d4a-4615-9e5c-fbf4dfd989e8,723,Vendue Next Door Part 2 Premium | september,Premium Sculpturen,"Henri Eugène Nocq (1869-1944), 'Pierrot' for Emile Muller"," Henri Eugène Nocq (1869-1944), 'Pierrot' for Emile Muller","<h3>Description</h3><p>Bust of a pierrot, white glazed stoneware with remnants of polychrome painted. Signed ‘H. Nocq', inscr. ‘E. Muller’ and stamped 'Grande Tuilerie d'Ivry'.</p><h3>Dimensions</h3>46 cm high, 48 cm wide<h3>Literature</h3><p>Long fracture line on the back.</p>",published,EUR,400.0,600.0,300.0,300.0,,1,0,,,True,"Mon, 31 Aug 2026 08:00:00 GMT","Tue, 08 Sep 2026 18:06:00 GMT",https://media.app.artisio.co/media/3fc437c0-fdbb-4208-955a-90293eab416d/inventory/37cd6ad3-cb29-41ab-ab75-2960709c3d23/b1f6b6ec-8dbd-4a74-84dc-0e78d4f2027b/0001_ZHTtMA_sm.jpeg;https://media.app.artisio.co/media/3fc437c0-fdbb-4208-955a-90293eab416d/inventory/37cd6ad3-cb29-41ab-ab75-2960709c3d23/596cfb5a-5f64-45cc-b700-f3d227c96fd2/0002_fnqBCz_sm.jpeg;https://media.app.artisio.co/media/3fc437c0-fdbb-4208-955a-90293eab416d/inventory/37cd6ad3-cb29-41ab-ab75-2960709c3d23/d8ec2131-8ec2-4507-b81a-08996ac22adb/0003_bNQlKz_sm.jpeg;https://media.app.artisio.co/media/3fc437c0-fdbb-4208-955a-90293eab416d/inventory/37cd6ad3-cb29-41ab-ab75-2960709c3d23/8e5cedbb-c48d-40e7-aee4-b0319a978a96/0004_xAuzvz_sm.jpeg;https://media.app.artisio.co/media/3fc437c0-fdbb-4208-955a-90293eab416d/inventory/37cd6ad3-cb29-41ab-ab75-2960709c3d23/5b8c7316-5295-4c5b-9eb3-b087ab0cea8b/0005_cfQAxr_sm.jpeg;https://media.app.artisio.co/media/3fc437c0-fdbb-4208-955a-90293eab416d/inventory/37cd6ad3-cb29-41ab-ab75-2960709c3d23/49a3e218-88c2-4d6c-ba75-3755c4e54203/0006_FfKmjX_sm.jpeg;https://media.app.artisio.co/media/3fc437c0-fdbb-4208-955a-90293eab416d/inventory/37cd6ad3-cb29-41ab-ab75-2960709c3d23/9be041cb-6cea-458c-84a8-cbfdfb76dbe6/0007_UZLIlX_sm.jpeg;https://media.app.artisio.co/media/3fc437c0-fdbb-4208-955a-90293eab416d/inventory/37cd6ad3-cb29-41ab-ab75-2960709c3d23/0d861baa-12df-4357-946e-a3e5acde55f7/0008_MbeGxN_sm.jpeg;https://media.app.artisio.co/media/3fc437c0-fdbb-4208-955a-90293eab416d/inventory/37cd6ad3-cb29-41ab-ab75-2960709c3d23/4b457f51-01b7-45ee-91f5-3ffdb02d6ac5/0009_TrNcLJ_sm.jpeg,9,"{""artist_retail_right"": false, ""comments"": null, ""condition"": null, ""condition_report"": null, ""description"": ""<p>Bust of a pierrot, white glazed stoneware with remnants of polychrome painted. Signed ‘H. Nocq', inscr. ‘E. Muller’ and stamped 'Grande Tuilerie d'Ivry'.</p>"", ""dimensions"": ""46 cm high, 48 cm wide"", ""footnote"": null, ""header"": null, ""internal_reference"": null, ""literature"": ""<p>Long fracture line on the back.</p>"", ""origin_exhibition_lite"": null, ""painter_artist_school"": null, ""period"": null, ""title"": ""Henri Eugène Nocq (1869-1944), 'Pierrot' for Emile Muller"", ""total"": null, ""weight_size_quality"": null}"
178e3e4d-b5b6-4b15-99f9-0c75559200dc,55017,26-0704/76,67d3691b-0d4a-4615-9e5c-fbf4dfd989e8,723,Vendue Next Door Part 2 Premium | september,Premium Sculpturen,Drie bronzen beelden van een nijlpaard en twee honden met daarbij een spelter tijger, Drie bronzen beelden van een nijlpaard en twee honden met daarbij een spelter tijger,<h3>Description</h3><p>Waarvan de hond gesigneerd met E. Drouot en Fouques.</p><h3>Dimensions</h3>H tot ca 21 cm,published,EUR,400.0,600.0,200.0,200.0,,1,0,,,True,"Mon, 31 Aug 2026 08:00:00 GMT","Tue, 08 Sep 2026 18:06:00 GMT",https://media.app.artisio.co/media/3fc437c0-fdbb-4208-955a-90293eab416d/inventory/5151d290-22ce-4d3b-a9f9-b2fc7c4b286c/2aada993-46a1-4f28-a8c8-772e595cb9f9/0001_MgAHCq_sm.jpeg;https://media.app.artisio.co/media/3fc437c0-fdbb-4208-955a-90293eab416d/inventory/5151d290-22ce-4d3b-a9f9-b2fc7c4b286c/6ac78ccc-f330-4a08-a5a9-b7abda017fb1/0002_XsBqeQ_sm.jpeg;https://media.app.artisio.co/media/3fc437c0-fdbb-4208-955a-90293eab416d/inventory/5151d290-22ce-4d3b-a9f9-b2fc7c4b286c/c60e7cb4-aa6e-4175-be13-1979f3f9d45e/0003_yHmZjX_sm.jpeg;https://media.app.artisio.co/media/3fc437c0-fdbb-4208-955a-90293eab416d/inventory/5151d290-22ce-4d3b-a9f9-b2fc7c4b286c/9e5cc4bf-2969-444f-a969-ce2f31f9ada6/0004_FMVwnY_sm.jpeg;https://media.app.artisio.co/media/3fc437c0-fdbb-4208-955a-90293eab416d/inventory/5151d290-22ce-4d3b-a9f9-b2fc7c4b286c/061351a3-52d6-4553-9e4f-2e1700b5c97b/0005_uMpAlm_sm.jpeg;https://media.app.artisio.co/media/3fc437c0-fdbb-4208-955a-90293eab416d/inventory/5151d290-22ce-4d3b-a9f9-b2fc7c4b286c/36e74c02-a67d-431a-ba64-dd26e62d532d/0006_ZACtSh_sm.jpeg;https://media.app.artisio.co/media/3fc437c0-fdbb-4208-955a-90293eab416d/inventory/5151d290-22ce-4d3b-a9f9-b2fc7c4b286c/487be888-d237-492e-8546-acb98ffde45e/0007_UcgTeU_sm.jpeg;https://media.app.artisio.co/media/3fc437c0-fdbb-4208-955a-90293eab416d/inventory/5151d290-22ce-4d3b-a9f9-b2fc7c4b286c/0b5a6e41-e8c3-4a4c-a5d2-f67947504d66/0008_enWJvn_sm.jpeg;https://media.app.artisio.co/media/3fc437c0-fdbb-4208-955a-90293eab416d/inventory/5151d290-22ce-4d3b-a9f9-b2fc7c4b286c/06c8af2d-2898-48bd-ac78-1e14bba2a3b1/0009_TsgZUo_sm.jpeg,9,"{""artist_retail_right"": false, ""comments"": null, ""condition"": null, ""condition_report"": null, ""description"": ""<p>Waarvan de hond gesigneerd met E. Drouot en Fouques.</p>"", ""dimensions"": ""H tot ca 21 cm"", ""footnote"": null, ""header"": null, ""internal_reference"": null, ""literature"": null, ""origin_exhibition_lite"": null, ""painter_artist_school"": null, ""period"": null, ""title"": ""Drie bronzen beelden van een nijlpaard en twee honden met daarbij een spelter tijger"", ""total"": null, ""weight_size_quality"": null}"
065e4caf-790e-406b-ae75-5b502f2ce711,55018,26-0451/2,67d3691b-0d4a-4615-9e5c-fbf4dfd989e8,723,Vendue Next Door Part 2 Premium | september,Premium Sculpturen,"Karel Gomes (1930-2016), een groot bronzen beeld van een staande naakte dame "," Karel Gomes (1930-2016), een groot bronzen beeld van een staande naakte dame ","<h3>Period</h3>20e eeuw<h3>Description</h3><p>Gesigneerd met initialen ‘K.G.’ op de voet.&nbsp;</p><h3>Dimensions</h3>H ca 42,5 cm",published,EUR,500.0,800.0,400.0,400.0,,1,0,,,True,"Mon, 31 Aug 2026 08:00:00 GMT","Tue, 08 Sep 2026 18:06:00 GMT",https://media.app.artisio.co/media/3fc437c0-fdbb-4208-955a-90293eab416d/inventory/b61bc8f2-331f-4026-9235-91a29fe0d7e0/af043702-8c5d-4620-9190-aec81bfe58d4/0001_uwgNAP_sm.jpeg;https://media.app.artisio.co/media/3fc437c0-fdbb-4208-955a-90293eab416d/inventory/b61bc8f2-331f-4026-9235-91a29fe0d7e0/5d35e206-ad99-4e51-aa73-499d940360d8/0002_VMereE_sm.jpeg;https://media.app.artisio.co/media/3fc437c0-fdbb-4208-955a-90293eab416d/inventory/b61bc8f2-331f-4026-9235-91a29fe0d7e0/9c6ac0fc-742b-4588-b3df-6ff6ff812a37/0003_wAZyAp_sm.jpeg;https://media.app.artisio.co/media/3fc437c0-fdbb-4208-955a-90293eab416d/inventory/b61bc8f2-331f-4026-9235-91a29fe0d7e0/e96117e8-9f66-45da-8e3a-1286eb9747f1/0004_GPVOTs_sm.jpeg;https://media.app.artisio.co/media/3fc437c0-fdbb-4208-955a-90293eab416d/inventory/b61bc8f2-331f-4026-9235-91a29fe0d7e0/67641f12-5e50-4e20-af26-94a241170e09/0005_jwucuy_sm.jpeg,5,"{""artist_retail_right"": false, ""comments"": null, ""condition"": null, ""condition_report"": null, ""description"": ""<p>Gesigneerd met initialen ‘K.G.’ op de voet.&nbsp;</p>"", ""dimensions"": ""H ca 42,5 cm "", ""footnote"": null, ""header"": null, ""internal_reference"": null, ""literature"": null, ""origin_exhibition_lite"": null, ""painter_artist_school"": null, ""period"": ""20e eeuw "", ""title"": ""Karel Gomes (1930-2016), een groot bronzen beeld van een staande naakte dame "", ""total"": null, ""weight_size_quality"": null}"
f713df7d-5af3-44f0-b500-b00689b59899,55019,26-0459/49,67d3691b-0d4a-4615-9e5c-fbf4dfd989e8,723,Vendue Next Door Part 2 Premium | september,Premium Sculpturen,'La Belle Epoque',"Alfred Liyolo (1943-2019), 'La Belle Epoque'","<h3>Painter / Artist / School</h3>Alfred Liyolo (1943-2019)<h3>Description</h3><p>messing sculptuur, 28x40 cm</p><p>gesigneerd, gedateerd en genummerd ‘Liyolo 3/5 78' (achterop)</p>",published,EUR,300.0,500.0,100.0,100.0,,1,0,,,True,"Mon, 31 Aug 2026 08:00:00 GMT","Tue, 08 Sep 2026 18:06:00 GMT",https://media.app.artisio.co/media/3fc437c0-fdbb-4208-955a-90293eab416d/inventory/7f3932ad-bb6c-42a5-bd5f-105e929b655f/92fad0db-e4d1-40f8-9260-b7363d688544/0001_ctwdwi_sm.jpeg;https://media.app.artisio.co/media/3fc437c0-fdbb-4208-955a-90293eab416d/inventory/7f3932ad-bb6c-42a5-bd5f-105e929b655f/2e478441-415a-480c-a07f-55deaf31688f/0002_aqeJgy_sm.jpeg,2,"{""artist_retail_right"": false, ""comments"": null, ""condition"": null, ""condition_report"": null, ""description"": ""<p>messing sculptuur, 28x40 cm</p><p>gesigneerd, gedateerd en genummerd ‘Liyolo 3/5 78' (achterop)</p>"", ""dimensions"": null, ""footnote"": null, ""header"": null, ""internal_reference"": null, ""literature"": null, ""origin_exhibition_lite"": null, ""painter_artist_school"": ""Alfred Liyolo (1943-2019)"", ""period"": null, ""title"": ""'La Belle Epoque'"", ""total"": null, ""weight_size_quality"": null}"
0ceef163-c44b-4849-a4ed-e898abe1e17e,55020,26-0459/50,67d3691b-0d4a-4615-9e5c-fbf4dfd989e8,723,Vendue Next Door Part 2 Premium | september,Premium Sculpturen,Fluitspeler,"Alfred Liyolo (1943-2019), Fluitspeler","<h3>Painter / Artist / School</h3>Alfred Liyolo (1943-2019)<h3>Description</h3><p>messing sculptuur, 34x30 cm</p><p>gesigneerd en gedateerd ‘Liyolo 78' (achterop)</p>",published,EUR,300.0,400.0,100.0,100.0,,1,0,,,True,"Mon, 31 Aug 2026 08:00:00 GMT","Tue, 08 Sep 2026 18:06:00 GMT",https://media.app.artisio.co/media/3fc437c0-fdbb-4208-955a-90293eab416d/inventory/a55e1208-4f7c-4e55-bdf3-7bb80c643e0b/fa59bebd-8f8c-425b-8c33-45c4df53e9ef/0001_ayqVCP_sm.jpeg;https://media.app.artisio.co/media/3fc437c0-fdbb-4208-955a-90293eab416d/inventory/a55e1208-4f7c-4e55-bdf3-7bb80c643e0b/57b2613e-8719-4e05-bf9a-9e718f045312/0002_wxHqAk_sm.jpeg;https://media.app.artisio.co/media/3fc437c0-fdbb-4208-955a-90293eab416d/inventory/a55e1208-4f7c-4e55-bdf3-7bb80c643e0b/8c8b8d01-0091-4212-9568-ebb23f0b3842/0003_KKJNcT_sm.jpeg;https://media.app.artisio.co/media/3fc437c0-fdbb-4208-955a-90293eab416d/inventory/a55e1208-4f7c-4e55-bdf3-7bb80c643e0b/6c57d34c-be68-4c8a-a9cf-374fd99f5916/0004_TRAdzG_sm.jpeg,4,"{""artist_retail_right"": false, ""comments"": null, ""condition"": null, ""condition_report"": null, ""description"": ""<p>messing sculptuur, 34x30 cm</p><p>gesigneerd en gedateerd ‘Liyolo 78' (achterop)</p>"", ""dimensions"": null, ""footnote"": null, ""header"": null, ""internal_reference"": null, ""literature"": null, ""origin_exhibition_lite"": null, ""painter_artist_school"": ""Alfred Liyolo (1943-2019)"", ""period"": null, ""title"": ""Fluitspeler"", ""total"": null, ""weight_size_quality"": null}"
020e7e37-2bca-444c-8f30-ebc71a259e04,55021,26-0653/2,67d3691b-0d4a-4615-9e5c-fbf4dfd989e8,723,Vendue Next Door Part 2 Premium | september,Premium Sculpturen,Een bronzen vrouwelijk naakt, Een bronzen vrouwelijk naakt,<h3>Description</h3><p>Niet gesigneerd.</p><h3>Dimensions</h3>Ca 49 x 29 x 25 cm,published,EUR,400.0,600.0,200.0,,,1,0,,,True,"Mon, 31 Aug 2026 08:00:00 GMT","Tue, 08 Sep 2026 18:06:00 GMT",https://media.app.artisio.co/media/3fc437c0-fdbb-4208-955a-90293eab416d/inventory/5bd4f74d-20c3-4e48-86de-e86806a730bc/55091d93-9b55-4e8f-9565-a9a107495012/0001_xHssHq_sm.jpeg;https://media.app.artisio.co/media/3fc437c0-fdbb-4208-955a-90293eab416d/inventory/5bd4f74d-20c3-4e48-86de-e86806a730bc/1a755b63-82d0-4941-9c0b-878ba576b872/0002_HyhbXE_sm.jpeg;https://media.app.artisio.co/media/3fc437c0-fdbb-4208-955a-90293eab416d/inventory/5bd4f74d-20c3-4e48-86de-e86806a730bc/cd42236c-4896-467b-ab8d-c746a578486f/0003_awBXwx_sm.jpeg;https://media.app.artisio.co/media/3fc437c0-fdbb-4208-955a-90293eab416d/inventory/5bd4f74d-20c3-4e48-86de-e86806a730bc/8f2aed16-464c-47ed-b3b7-1225bda7ec14/0004_jXGQwf_sm.jpeg;https://media.app.artisio.co/media/3fc437c0-fdbb-4208-955a-90293eab416d/inventory/5bd4f74d-20c3-4e48-86de-e86806a730bc/a3b08b73-cb50-4515-a3d1-5a522c26ffc5/0005_ysHrSl_sm.jpeg,5,"{""artist_retail_right"": false, ""comments"": null, ""condition"": null, ""condition_report"": null, ""description"": ""<p>Niet gesigneerd.</p>"", ""dimensions"": ""Ca 49 x 29 x 25 cm"", ""footnote"": null, ""header"": null, ""internal_reference"": null, ""literature"": null, ""origin_exhibition_lite"": null, ""painter_artist_school"": null, ""period"": null, ""title"": ""Een bronzen vrouwelijk naakt"", ""total"": null, ""weight_size_quality"": null}"
06048b7c-a69c-40c5-bc3d-c9a01e1b4687,55022,26-0653/3,67d3691b-0d4a-4615-9e5c-fbf4dfd989e8,723,Vendue Next Door Part 2 Premium | september,Premium Sculpturen,Een bronzen portretbuste op hardstenen voet, Een bronzen portretbuste op hardstenen voet,<h3>Description</h3><p>Niet gesigneerd.</p><h3>Dimensions</h3>H ca 40 cm (inclusief voet),published,EUR,300.0,500.0,100.0,,,1,0,,,True,"Mon, 31 Aug 2026 08:00:00 GMT","Tue, 08 Sep 2026 18:06:00 GMT",https://media.app.artisio.co/media/3fc437c0-fdbb-4208-955a-90293eab416d/inventory/595e3e03-df7f-4cf4-8c6a-357eddb54034/37a549b0-28a4-4124-a447-4a2934fd029e/0001_AQdvjJ_sm.jpeg;https://media.app.artisio.co/media/3fc437c0-fdbb-4208-955a-90293eab416d/inventory/595e3e03-df7f-4cf4-8c6a-357eddb54034/6f491692-5226-46b8-8711-ed7a4fe536f2/0002_UPKAQg_sm.jpeg;https://media.app.artisio.co/media/3fc437c0-fdbb-4208-955a-90293eab416d/inventory/595e3e03-df7f-4cf4-8c6a-357eddb54034/03735c1b-79bc-4013-a8e9-c1f66724b492/0003_zgwtnC_sm.jpeg;https://media.app.artisio.co/media/3fc437c0-fdbb-4208-955a-90293eab416d/inventory/595e3e03-df7f-4cf4-8c6a-357eddb54034/7ec026c8-00b4-45af-a599-b61751b84fc6/0004_CBQlGX_sm.jpeg;https://media.app.artisio.co/media/3fc437c0-fdbb-4208-955a-90293eab416d/inventory/595e3e03-df7f-4cf4-8c6a-357eddb54034/556f6602-ee1c-4120-9282-3e1b8894b12a/0005_FCXvfe_sm.jpeg,5,"{""artist_retail_right"": false, ""comments"": null, ""condition"": null, ""condition_report"": null, ""description"": ""<p>Niet gesigneerd.</p>"", ""dimensions"": ""H ca 40 cm (inclusief voet)"", ""footnote"": null, ""header"": null, ""internal_reference"": null, ""literature"": null, ""origin_exhibition_lite"": null, ""painter_artist_school"": null, ""period"": null, ""title"": ""Een bronzen portretbuste op hardstenen voet"", ""total"": null, ""weight_size_quality"": null}"
0dd2d494-bdc5-409d-bd95-dbc07ad503d6,55023,26-0653/4,67d3691b-0d4a-4615-9e5c-fbf4dfd989e8,723,Vendue Next Door Part 2 Premium | september,Premium Sculpturen,Een stenen beeldengroep van gestileerde figuren , Een stenen beeldengroep van gestileerde figuren ,<h3>Description</h3><p>Niet gesigneerd.</p><h3>Dimensions</h3>Ca 23 x 26 x 26 cm,published,EUR,300.0,400.0,100.0,,,1,0,,,True,"Mon, 31 Aug 2026 08:00:00 GMT","Tue, 08 Sep 2026 18:06:00 GMT",https://media.app.artisio.co/media/3fc437c0-fdbb-4208-955a-90293eab416d/inventory/760fcaa7-778c-48dd-8626-1e58aeba0fe3/706fae89-1a39-4085-acda-9174ee4e021a/0001_FhGohh_sm.jpeg;https://media.app.artisio.co/media/3fc437c0-fdbb-4208-955a-90293eab416d/inventory/760fcaa7-778c-48dd-8626-1e58aeba0fe3/e00ed21a-dc42-4032-8b54-a8688fc9cd26/0002_jrbURT_sm.jpeg;https://media.app.artisio.co/media/3fc437c0-fdbb-4208-955a-90293eab416d/inventory/760fcaa7-778c-48dd-8626-1e58aeba0fe3/5646868c-44e2-43f3-8d27-2265f2fb09f6/0003_IUzpKI_sm.jpeg;https://media.app.artisio.co/media/3fc437c0-fdbb-4208-955a-90293eab416d/inventory/760fcaa7-778c-48dd-8626-1e58aeba0fe3/5e31b020-88d5-497c-b2a8-b0650c78fd7e/0004_nKCyyz_sm.jpeg;https://media.app.artisio.co/media/3fc437c0-fdbb-4208-955a-90293eab416d/inventory/760fcaa7-778c-48dd-8626-1e58aeba0fe3/e84b2b21-2f43-4421-a4d1-7f6ebb853200/0005_adpchD_sm.jpeg,5,"{""artist_retail_right"": false, ""comments"": null, ""condition"": null, ""condition_report"": null, ""description"": ""<p>Niet gesigneerd.</p>"", ""dimensions"": ""Ca 23 x 26 x 26 cm"", ""footnote"": null, ""header"": null, ""internal_reference"": null, ""literature"": null, ""origin_exhibition_lite"": null, ""painter_artist_school"": null, ""period"": null, ""title"": ""Een stenen beeldengroep van gestileerde figuren "", ""total"": null, ""weight_size_quality"": null}"
e6ac458b-df07-47e9-8c7e-743d973cf228,55024,26-0653/5,67d3691b-0d4a-4615-9e5c-fbf4dfd989e8,723,Vendue Next Door Part 2 Premium | september,Premium Sculpturen,Een stenen sculptuur van zittende vrouw, Een stenen sculptuur van zittende vrouw,<h3>Description</h3><p>Niet gesigneerd.</p><h3>Dimensions</h3>H ca 47 cm,published,EUR,300.0,500.0,100.0,,,1,0,,,True,"Mon, 31 Aug 2026 08:00:00 GMT","Tue, 08 Sep 2026 18:06:00 GMT",https://media.app.artisio.co/media/3fc437c0-fdbb-4208-955a-90293eab416d/inventory/eda29078-afef-4ff8-b569-38e7d5cff225/4794ac65-9fe3-4333-94c0-700d253b4af5/00001_CmkxfZ_sm.jpeg;https://media.app.artisio.co/media/3fc437c0-fdbb-4208-955a-90293eab416d/inventory/eda29078-afef-4ff8-b569-38e7d5cff225/3debb4ca-7cf3-4907-bf93-f9a73fcd3f2f/0001_lvEkHQ_sm.jpeg;https://media.app.artisio.co/media/3fc437c0-fdbb-4208-955a-90293eab416d/inventory/eda29078-afef-4ff8-b569-38e7d5cff225/09cd07e2-8f8a-4ed6-a2cd-36c781155485/0003_adxpbw_sm.jpeg;https://media.app.artisio.co/media/3fc437c0-fdbb-4208-955a-90293eab416d/inventory/eda29078-afef-4ff8-b569-38e7d5cff225/b7ad718c-87e7-4d77-afbe-3d9d2f00070b/0004_DGzIvk_sm.jpeg;https://media.app.artisio.co/media/3fc437c0-fdbb-4208-955a-90293eab416d/inventory/eda29078-afef-4ff8-b569-38e7d5cff225/56671135-295e-486a-8ef4-528522b6b2eb/0005_GcKPri_sm.jpeg;https://media.app.artisio.co/media/3fc437c0-fdbb-4208-955a-90293eab416d/inventory/eda29078-afef-4ff8-b569-38e7d5cff225/bace4a0b-b08b-4824-ba81-be3d8a13e97e/0006_tIbtVP_sm.jpeg,6,"{""artist_retail_right"": false, ""comments"": null, ""condition"": null, ""condition_report"": null, ""description"": ""<p>Niet gesigneerd.</p>"", ""dimensions"": ""H ca 47 cm"", ""footnote"": null, ""header"": null, ""internal_reference"": null, ""literature"": null, ""origin_exhibition_lite"": null, ""painter_artist_school"": null, ""period"": null, ""title"": ""Een stenen sculptuur van zittende vrouw"", ""total"": null, ""weight_size_quality"": null}"
648826b1-8786-41ac-be44-5fd8b41532e7,55025,26-0653/7,67d3691b-0d4a-4615-9e5c-fbf4dfd989e8,723,Vendue Next Door Part 2 Premium | september,Premium Sculpturen,Een bronzen sculptuur van een mannelijk figuur met stok, Een bronzen sculptuur van een mannelijk figuur met stok,<h3>Description</h3><p>Niet gesigneerd.</p><h3>Dimensions</h3>H ca 45 cm,published,EUR,400.0,600.0,200.0,,,1,1,200.0,200.0,True,"Mon, 31 Aug 2026 08:00:00 GMT","Tue, 08 Sep 2026 18:06:00 GMT",https://media.app.artisio.co/media/3fc437c0-fdbb-4208-955a-90293eab416d/inventory/9bd533ae-1ad0-4385-a876-148625eef9b5/ad219eb2-3fe9-466a-8c4e-333d8a2ee8ae/0001_KRjlPO_sm.jpeg;https://media.app.artisio.co/media/3fc437c0-fdbb-4208-955a-90293eab416d/inventory/9bd533ae-1ad0-4385-a876-148625eef9b5/b0a60814-2197-470c-a069-84027cfc2781/0002_fLjBXs_sm.jpeg;https://media.app.artisio.co/media/3fc437c0-fdbb-4208-955a-90293eab416d/inventory/9bd533ae-1ad0-4385-a876-148625eef9b5/4d8b0294-7564-4e75-8901-0a3063e70cf1/0003_arZDEc_sm.jpeg;https://media.app.artisio.co/media/3fc437c0-fdbb-4208-955a-90293eab416d/inventory/9bd533ae-1ad0-4385-a876-148625eef9b5/38d049cc-2d87-43c8-b6de-1f9a7fca934c/0004_rQCtsT_sm.jpeg;https://media.app.artisio.co/media/3fc437c0-fdbb-4208-955a-90293eab416d/inventory/9bd533ae-1ad0-4385-a876-148625eef9b5/c4d03e33-1821-420c-b029-9674a7ea082b/0005_MKBcOs_sm.jpeg,5,"{""artist_retail_right"": false, ""comments"": null, ""condition"": null, ""condition_report"": null, ""description"": ""<p>Niet gesigneerd.</p>"", ""dimensions"": ""H ca 45 cm"", ""footnote"": null, ""header"": null, ""internal_reference"": null, ""literature"": null, ""origin_exhibition_lite"": null, ""painter_artist_school"": null, ""period"": null, ""title"": ""Een bronzen sculptuur van een mannelijk figuur met stok"", ""total"": null, ""weight_size_quality"": null}"
