LotUUID,LotNo,StockNo,AuctionUUID,AuctionNo,AuctionTitle,Category,Title,ShortDescription,Description,Status,Currency,LowEstimate,HighEstimate,StartPrice,Reserve,BuyNowPrice,Quantity,NumOfBids,LastBidAmount,WinningBidAmount,IsStarted,StartDate,EndDate,ImageURLs,NrOfImages,DynamicFields
e90bd4ae-365e-49d7-8661-a090871de883,1001,26-0626/46,cf6791c9-ca51-4cf7-a7d7-ec9c22d7e67d,730,Sculpting Beauty: Spotlight on a Private Collection,Werken op papier ,Standing Nude,"Jean Fautrier (1898-1964), Standing Nude","<h3>Painter / Artist / School</h3>Jean Fautrier (1898-1964)<h3>Technique / Size</h3>ink on paper, 28x21 cm (47x35 cm incl. frame)<h3>Signature / Dating</h3>signed 'Fautrier' and indistinctly dated (lower left)",published,EUR,1000.0,1500.0,800.0,800.0,,1,0,,,True,"Mon, 31 Aug 2026 08:00:00 GMT","Mon, 14 Sep 2026 17:03:00 GMT",https://media.app.artisio.co/media/3fc437c0-fdbb-4208-955a-90293eab416d/inventory/aeae2cdc-b47a-4e71-a9da-99d75a82ba41/e08dd80c-c7bc-4700-bfc3-1539a1f7a862/0001_PnApOm_sm.jpeg;https://media.app.artisio.co/media/3fc437c0-fdbb-4208-955a-90293eab416d/inventory/aeae2cdc-b47a-4e71-a9da-99d75a82ba41/c3f01a99-df9f-43b2-a564-2ab2351ee5a6/0002_cqLKuH_sm.jpeg;https://media.app.artisio.co/media/3fc437c0-fdbb-4208-955a-90293eab416d/inventory/aeae2cdc-b47a-4e71-a9da-99d75a82ba41/47313093-a98f-4d42-8555-1b4374819710/0003_ilVKdC_sm.jpeg;https://media.app.artisio.co/media/3fc437c0-fdbb-4208-955a-90293eab416d/inventory/aeae2cdc-b47a-4e71-a9da-99d75a82ba41/0f0bcd2d-7d5e-4c03-a246-c104ab244797/0004_qIIlLm_sm.jpeg,4,"{""artist_retail_right"": true, ""comments"": null, ""condition"": null, ""condition_report"": null, ""dimensions"": null, ""extra_text"": null, ""footnote"": null, ""header"": null, ""internal_reference"": null, ""literature"": null, ""origin_exhibition_lite"": null, ""painter_artist_school"": ""Jean Fautrier (1898-1964)"", ""period"": null, ""signature_dating"": ""signed 'Fautrier' and indistinctly dated (lower left)"", ""technique_size"": ""ink on paper, 28x21 cm (47x35 cm incl. frame)"", ""title"": ""Standing Nude"", ""total"": null, ""weight_size_quality"": null}"
a26f3f9e-3653-44a3-87e9-b0f3258c814d,1002,26-0626/16,cf6791c9-ca51-4cf7-a7d7-ec9c22d7e67d,730,Sculpting Beauty: Spotlight on a Private Collection,Sculpturen ,Donna che si guarda il piede (Woman Checking Her Foot),"Pericle Fazzini (1913-1987), Donna che si guarda il piede (Woman Checking Her Foot)","<h3>Painter / Artist / School</h3>Pericle Fazzini (1913-1987)<h3>Technique / Size</h3>bronze with dark brown patina, on a stone base, H. 32 cm (incl. base)<h3>Signature / Dating</h3>signed 'Pericle Fazzini' (under the left thigh)",published,EUR,1000.0,1500.0,800.0,800.0,,1,0,,,True,"Mon, 31 Aug 2026 08:00:00 GMT","Mon, 14 Sep 2026 17:03:00 GMT",https://media.app.artisio.co/media/3fc437c0-fdbb-4208-955a-90293eab416d/inventory/ec263091-4928-4c64-a4e3-37b8c385d4de/aa45f81b-39ef-4111-96e5-e5b4e84c56d9/0001_PgmJcs_sm.jpeg;https://media.app.artisio.co/media/3fc437c0-fdbb-4208-955a-90293eab416d/inventory/ec263091-4928-4c64-a4e3-37b8c385d4de/d1a84871-daa9-4e7c-86e9-23bd8b00c7ea/0002_qBlQmz_sm.jpeg;https://media.app.artisio.co/media/3fc437c0-fdbb-4208-955a-90293eab416d/inventory/ec263091-4928-4c64-a4e3-37b8c385d4de/40696066-58e5-46b4-856b-f3735ec0a425/0003_BvhEYP_sm.jpeg;https://media.app.artisio.co/media/3fc437c0-fdbb-4208-955a-90293eab416d/inventory/ec263091-4928-4c64-a4e3-37b8c385d4de/f91a2ee0-6165-445b-9270-416b3e569636/0004_xwMGXt_sm.jpeg;https://media.app.artisio.co/media/3fc437c0-fdbb-4208-955a-90293eab416d/inventory/ec263091-4928-4c64-a4e3-37b8c385d4de/2cf02766-f154-4558-a08c-f2ee5001fffd/0005_rxNeeJ_sm.jpeg;https://media.app.artisio.co/media/3fc437c0-fdbb-4208-955a-90293eab416d/inventory/ec263091-4928-4c64-a4e3-37b8c385d4de/e5f368a8-c909-47fc-8cd1-cd0bb6c4ba1e/0006_bFAain_sm.jpeg;https://media.app.artisio.co/media/3fc437c0-fdbb-4208-955a-90293eab416d/inventory/ec263091-4928-4c64-a4e3-37b8c385d4de/009754f7-2386-4e40-8eb5-396cfb77458f/0007_vugedQ_sm.jpeg;https://media.app.artisio.co/media/3fc437c0-fdbb-4208-955a-90293eab416d/inventory/ec263091-4928-4c64-a4e3-37b8c385d4de/40b3cb0c-acfd-4ebe-b537-d88efee674a6/0008_UFqQAs_sm.jpeg,8,"{""artist_retail_right"": true, ""comments"": null, ""condition"": null, ""condition_report"": null, ""dimensions"": null, ""extra_text"": null, ""footnote"": null, ""header"": null, ""internal_reference"": null, ""literature"": null, ""origin_exhibition_lite"": null, ""painter_artist_school"": ""Pericle Fazzini (1913-1987)"", ""period"": null, ""signature_dating"": ""signed 'Pericle Fazzini' (under the left thigh) "", ""technique_size"": ""bronze with dark brown patina, on a stone base, H. 32 cm (incl. base)"", ""title"": ""Donna che si guarda il piede (Woman Checking Her Foot)"", ""total"": null, ""weight_size_quality"": null}"
ab078e5e-3c05-4703-b20c-b02d4ca2ddee,1003,26-0626/24,cf6791c9-ca51-4cf7-a7d7-ec9c22d7e67d,730,Sculpting Beauty: Spotlight on a Private Collection,Sculpturen ,Staande met gekruiste armen (Standing Woman with crossed arms),"Charlotte van Pallandt (1898-1997), Staande met gekruiste armen (Standing Woman with crossed arms)","<h3>Painter / Artist / School</h3>Charlotte van Pallandt (1898-1997)<h3>Literature</h3><p>Litearture: L. Tegenbosch, M. Koekoek, ‘Charlotte van Pallandt. Beelden en tekeningen’, Zwolle 1994, cat. no. 57.</p><h3>Technique / Size</h3>bronze with black patina, H. 21,5 cm<h3>Signature / Dating</h3>cast signature 'VPALLANDT' (on the base)",published,EUR,700.0,1000.0,500.0,,,1,0,,,True,"Mon, 31 Aug 2026 08:00:00 GMT","Mon, 14 Sep 2026 17:03:00 GMT",https://media.app.artisio.co/media/3fc437c0-fdbb-4208-955a-90293eab416d/inventory/f18d1071-3ec0-4cb1-97f5-7d5b001a3829/5a2a1799-cfd2-4dd7-b41d-59ba7f7d7caf/0001_ZHDfwQ_sm.jpeg;https://media.app.artisio.co/media/3fc437c0-fdbb-4208-955a-90293eab416d/inventory/f18d1071-3ec0-4cb1-97f5-7d5b001a3829/873f829e-5c52-4391-a302-18a44589079e/0002_LeUSFr_sm.jpeg;https://media.app.artisio.co/media/3fc437c0-fdbb-4208-955a-90293eab416d/inventory/f18d1071-3ec0-4cb1-97f5-7d5b001a3829/4cf01988-348d-4351-90e6-6dc141f2a24a/0003_mrXCSs_sm.jpeg;https://media.app.artisio.co/media/3fc437c0-fdbb-4208-955a-90293eab416d/inventory/f18d1071-3ec0-4cb1-97f5-7d5b001a3829/794df062-3672-4fc7-9e8d-ce5be30900fe/0004_GNZAmP_sm.jpeg;https://media.app.artisio.co/media/3fc437c0-fdbb-4208-955a-90293eab416d/inventory/f18d1071-3ec0-4cb1-97f5-7d5b001a3829/75c4bef3-79d3-4bc4-afc2-6374ce50a59c/0005_qLeoCB_sm.jpeg;https://media.app.artisio.co/media/3fc437c0-fdbb-4208-955a-90293eab416d/inventory/f18d1071-3ec0-4cb1-97f5-7d5b001a3829/10d00bf5-2159-4669-af2d-303869213349/0006_DjWWZO_sm.jpeg,6,"{""artist_retail_right"": true, ""comments"": null, ""condition"": null, ""condition_report"": null, ""dimensions"": null, ""extra_text"": null, ""footnote"": null, ""header"": null, ""internal_reference"": null, ""literature"": ""<p>Litearture: L. Tegenbosch, M. Koekoek, ‘Charlotte van Pallandt. Beelden en tekeningen’, Zwolle 1994, cat. no. 57.</p>"", ""origin_exhibition_lite"": null, ""painter_artist_school"": ""Charlotte van Pallandt (1898-1997)"", ""period"": null, ""signature_dating"": ""cast signature 'VPALLANDT' (on the base)"", ""technique_size"": ""bronze with black patina, H. 21,5 cm"", ""title"": ""Staande met gekruiste armen (Standing Woman with crossed arms)"", ""total"": null, ""weight_size_quality"": null}"
75125d3d-5637-4a6d-8a14-755789da366a,1004,26-0626/14,cf6791c9-ca51-4cf7-a7d7-ec9c22d7e67d,730,Sculpting Beauty: Spotlight on a Private Collection,Sculpturen ,Staande met gekruiste armen (Standing Woman with crossed arms),"Charlotte van Pallandt (1898-1997), Staande met gekruiste armen (Standing Woman with crossed arms)","<h3>Painter / Artist / School</h3>Charlotte van Pallandt (1898-1997)<h3>Literature</h3><p>Litearture: L. Tegenbosch, M. Koekoek, ‘Charlotte van Pallandt. Beelden en tekeningen’, Zwolle 1994, cat. no. 57.</p><h3>Technique / Size</h3>bronze with black patina, H. 20,5 cm<h3>Signature / Dating</h3>cast signature 'PALLANDT' (on the base)",published,EUR,700.0,1000.0,500.0,,,1,0,,,True,"Mon, 31 Aug 2026 08:00:00 GMT","Mon, 14 Sep 2026 17:03:00 GMT",https://media.app.artisio.co/media/3fc437c0-fdbb-4208-955a-90293eab416d/inventory/e73549c9-f3d3-4820-83cf-5c7ce89d9aad/1679ef5c-150b-46d5-a4d8-7fcb22ff0fa2/0001_kuOUqo_sm.jpeg;https://media.app.artisio.co/media/3fc437c0-fdbb-4208-955a-90293eab416d/inventory/e73549c9-f3d3-4820-83cf-5c7ce89d9aad/3b495bb3-5d25-402f-a606-70e196340a74/0002_eGMpZz_sm.jpeg;https://media.app.artisio.co/media/3fc437c0-fdbb-4208-955a-90293eab416d/inventory/e73549c9-f3d3-4820-83cf-5c7ce89d9aad/4f8301ad-4d75-40c9-ac84-9b9d55afcf3b/0003_yOZXwm_sm.jpeg;https://media.app.artisio.co/media/3fc437c0-fdbb-4208-955a-90293eab416d/inventory/e73549c9-f3d3-4820-83cf-5c7ce89d9aad/1565dee5-5efb-48a5-a26e-36e8fa78c676/0004_zgxPoZ_sm.jpeg;https://media.app.artisio.co/media/3fc437c0-fdbb-4208-955a-90293eab416d/inventory/e73549c9-f3d3-4820-83cf-5c7ce89d9aad/6f8c38c4-6dac-4b66-9bab-cd6b5d218b7c/0005_WDBzGf_sm.jpeg;https://media.app.artisio.co/media/3fc437c0-fdbb-4208-955a-90293eab416d/inventory/e73549c9-f3d3-4820-83cf-5c7ce89d9aad/bdfbace1-54e4-47e6-b2ca-4d238df5351c/0006_JaNLgd_sm.jpeg,6,"{""artist_retail_right"": true, ""comments"": null, ""condition"": null, ""condition_report"": null, ""dimensions"": null, ""extra_text"": null, ""footnote"": null, ""header"": null, ""internal_reference"": null, ""literature"": ""<p>Litearture: L. Tegenbosch, M. Koekoek, ‘Charlotte van Pallandt. Beelden en tekeningen’, Zwolle 1994, cat. no. 57.</p>"", ""origin_exhibition_lite"": null, ""painter_artist_school"": ""Charlotte van Pallandt (1898-1997)"", ""period"": null, ""signature_dating"": ""cast signature 'PALLANDT' (on the base)"", ""technique_size"": ""bronze with black patina, H. 20,5 cm"", ""title"": ""Staande met gekruiste armen (Standing Woman with crossed arms)"", ""total"": null, ""weight_size_quality"": null}"
942aeaf6-6476-4922-86af-0188a6e2490c,1005,26-0626/20,cf6791c9-ca51-4cf7-a7d7-ec9c22d7e67d,730,Sculpting Beauty: Spotlight on a Private Collection,Sculpturen ,Pensée (Thought),"Aristide Maillol (1861-1944), Pensée (Thought)","<h3>Painter / Artist / School</h3>Aristide Maillol (1861-1944)<h3>Technique / Size</h3>bronze, with dark-brown blackish patina, 18x12.5x12 cm Conceived in 1902 and cast at a later moment (postume).<h3>Signature / Dating</h3>signed with the artist's monogram and numbered 1/6 (on the side), also inscribed with foundry mark 'Alexis Rudier.Fondeur.Paris' (on the back of the base)<h3>Extra Text</h3><p>We thank Mr. Lorquin for confirming the authenticity of the piece.</p>",published,EUR,15000.0,20000.0,10000.0,10000.0,,1,1,10000.0,10000.0,True,"Mon, 31 Aug 2026 08:00:00 GMT","Mon, 14 Sep 2026 17:03:00 GMT",https://media.app.artisio.co/media/3fc437c0-fdbb-4208-955a-90293eab416d/inventory/3cd45518-2716-465e-a2c4-cc7fcea8e2d4/2bffa5b1-ee10-47e6-bc5f-b7c4078b6479/0001_pWSghA_sm.jpeg;https://media.app.artisio.co/media/3fc437c0-fdbb-4208-955a-90293eab416d/inventory/3cd45518-2716-465e-a2c4-cc7fcea8e2d4/a8815124-637b-4667-889e-74f7b3c7f2b0/0002_bAUPwd_sm.jpeg;https://media.app.artisio.co/media/3fc437c0-fdbb-4208-955a-90293eab416d/inventory/3cd45518-2716-465e-a2c4-cc7fcea8e2d4/f794bc14-c308-4d37-aa72-bf1b1638a155/0003_UJnITL_sm.jpeg;https://media.app.artisio.co/media/3fc437c0-fdbb-4208-955a-90293eab416d/inventory/3cd45518-2716-465e-a2c4-cc7fcea8e2d4/2604d674-a7c3-4cda-8b37-03508e50d8fa/0004_bXyTMT_sm.jpeg;https://media.app.artisio.co/media/3fc437c0-fdbb-4208-955a-90293eab416d/inventory/3cd45518-2716-465e-a2c4-cc7fcea8e2d4/0ba76ecd-8f59-455e-9470-e4d78edaccf9/0005_ZhMWAv_sm.jpeg;https://media.app.artisio.co/media/3fc437c0-fdbb-4208-955a-90293eab416d/inventory/3cd45518-2716-465e-a2c4-cc7fcea8e2d4/b0ac77a0-8207-41a4-b874-d2b1bd4831f8/0006_ySExpZ_sm.jpeg;https://media.app.artisio.co/media/3fc437c0-fdbb-4208-955a-90293eab416d/inventory/3cd45518-2716-465e-a2c4-cc7fcea8e2d4/8a595ad5-f05f-4644-8d61-4849e353d6d5/0007_oZuhAX_sm.jpeg;https://media.app.artisio.co/media/3fc437c0-fdbb-4208-955a-90293eab416d/inventory/3cd45518-2716-465e-a2c4-cc7fcea8e2d4/9fa1339b-089b-4158-92eb-8060d989faad/0008_wEQeuB_sm.jpeg,8,"{""artist_retail_right"": false, ""comments"": null, ""condition"": null, ""condition_report"": null, ""dimensions"": null, ""extra_text"": ""<p>We thank Mr. Lorquin for confirming the authenticity of the piece.</p>"", ""footnote"": null, ""header"": null, ""internal_reference"": null, ""literature"": null, ""origin_exhibition_lite"": null, ""painter_artist_school"": ""Aristide Maillol (1861-1944)"", ""period"": null, ""signature_dating"": ""signed with the artist's monogram and numbered 1/6 (on the side), also inscribed with foundry mark 'Alexis Rudier.Fondeur.Paris' (on the back of the base)"", ""technique_size"": ""bronze, with dark-brown blackish patina, 18x12.5x12 cm Conceived in 1902 and cast at a later moment (postume)."", ""title"": ""Pensée (Thought)"", ""total"": null, ""weight_size_quality"": null}"
f6146e4a-a202-4b4d-b405-6d47567fa11b,1006,26-0626/45,cf6791c9-ca51-4cf7-a7d7-ec9c22d7e67d,730,Sculpting Beauty: Spotlight on a Private Collection,Werken op papier ,Female Nude Seen from the Back,"Marcel Gromaire (1892-1971), Female Nude Seen from the Back","<h3>Painter / Artist / School</h3>Marcel Gromaire (1892-1971)<h3>Technique / Size</h3>ink on paper, 35x22 cm (54,5x40,5 cm incl. frame)<h3>Signature / Dating</h3>signed and dated 'Gromaire 1921' (lower right)",published,EUR,500.0,800.0,400.0,400.0,,1,0,,,True,"Mon, 31 Aug 2026 08:00:00 GMT","Mon, 14 Sep 2026 17:03:00 GMT",https://media.app.artisio.co/media/3fc437c0-fdbb-4208-955a-90293eab416d/inventory/3dc14268-75ac-4e66-815f-4e95976169f7/74e28324-94cf-4b41-b448-afb942aba75b/0001_epuLLl_sm.jpeg;https://media.app.artisio.co/media/3fc437c0-fdbb-4208-955a-90293eab416d/inventory/3dc14268-75ac-4e66-815f-4e95976169f7/f3e6c259-711a-44cb-ab0f-1925634e62fa/0002_FpcXBo_sm.jpeg;https://media.app.artisio.co/media/3fc437c0-fdbb-4208-955a-90293eab416d/inventory/3dc14268-75ac-4e66-815f-4e95976169f7/9046ea2e-331e-4d7b-8799-93014b81ea10/0003_gqQedX_sm.jpeg;https://media.app.artisio.co/media/3fc437c0-fdbb-4208-955a-90293eab416d/inventory/3dc14268-75ac-4e66-815f-4e95976169f7/30cb96ff-208c-4720-88e8-e05b8ed1529f/0004_OMsCRy_sm.jpeg,4,"{""artist_retail_right"": true, ""comments"": null, ""condition"": null, ""condition_report"": null, ""dimensions"": null, ""extra_text"": null, ""footnote"": null, ""header"": null, ""internal_reference"": null, ""literature"": null, ""origin_exhibition_lite"": null, ""painter_artist_school"": ""Marcel Gromaire (1892-1971)"", ""period"": null, ""signature_dating"": ""signed and dated 'Gromaire 1921' (lower right)"", ""technique_size"": ""ink on paper, 35x22 cm (54,5x40,5 cm incl. frame)"", ""title"": ""Female Nude Seen from the Back"", ""total"": null, ""weight_size_quality"": null}"
11932d71-f5d5-4e30-8f1c-ea396769dfab,1007,26-0626/53,cf6791c9-ca51-4cf7-a7d7-ec9c22d7e67d,730,Sculpting Beauty: Spotlight on a Private Collection,Schilderijen ,Boerenbruid (Farmer's Bride),"Hendrick Chabot (1894-1949), Boerenbruid (Farmer's Bride)","<h3>Painter / Artist / School</h3>Hendrick Chabot (1894-1949)<h3>Literature</h3><p>Provenance: Galerie d'Eendt, Amsterdam.</p><h3>Technique / Size</h3>oil on canvas, 101x91 cm (125x116 cm incl. frame)<h3>Signature / Dating</h3>signed  twice 'Chabot' (lower right)",published,EUR,4000.0,6000.0,3000.0,3000.0,,1,0,,,True,"Mon, 31 Aug 2026 08:00:00 GMT","Mon, 14 Sep 2026 17:06:00 GMT",https://media.app.artisio.co/media/3fc437c0-fdbb-4208-955a-90293eab416d/inventory/e4e8f48e-609b-4480-b4e2-4b347107f935/bf80a1a1-4269-479b-b033-eefd0e301f56/0001_IuXDfW_sm.jpeg;https://media.app.artisio.co/media/3fc437c0-fdbb-4208-955a-90293eab416d/inventory/e4e8f48e-609b-4480-b4e2-4b347107f935/4c255807-1c25-409e-8288-f19a92961f97/0002_dariOc_sm.jpeg;https://media.app.artisio.co/media/3fc437c0-fdbb-4208-955a-90293eab416d/inventory/e4e8f48e-609b-4480-b4e2-4b347107f935/13b9a800-96c1-424e-aec3-de3f7ce2a628/0003_mZxQpq_sm.jpeg;https://media.app.artisio.co/media/3fc437c0-fdbb-4208-955a-90293eab416d/inventory/e4e8f48e-609b-4480-b4e2-4b347107f935/758bbc65-dbfa-4902-b6f0-72caf3d5c0eb/0004_sWlMUL_sm.jpeg,4,"{""artist_retail_right"": false, ""comments"": null, ""condition"": null, ""condition_report"": null, ""dimensions"": null, ""extra_text"": null, ""footnote"": null, ""header"": null, ""internal_reference"": null, ""literature"": ""<p>Provenance: Galerie d'Eendt, Amsterdam.</p>"", ""origin_exhibition_lite"": null, ""painter_artist_school"": ""Hendrick Chabot (1894-1949)"", ""period"": null, ""signature_dating"": ""signed  twice 'Chabot' (lower right)"", ""technique_size"": ""oil on canvas, 101x91 cm (125x116 cm incl. frame)"", ""title"": ""Boerenbruid (Farmer's Bride)"", ""total"": null, ""weight_size_quality"": null}"
dd975315-538b-478a-919c-a50ef4de91e7,1008,26-0626/30,cf6791c9-ca51-4cf7-a7d7-ec9c22d7e67d,730,Sculpting Beauty: Spotlight on a Private Collection,Sculpturen ,Dancing Woman,"Nic Jonk (1928-1994), Dancing Woman","<h3>Painter / Artist / School</h3>Nic Jonk (1928-1994)<h3>Technique / Size</h3>bronze with black-green patina, H. 26 cm<h3>Signature / Dating</h3>signed 'nic jonk' (on the base)",published,EUR,400.0,600.0,300.0,300.0,,1,1,300.0,300.0,True,"Mon, 31 Aug 2026 08:00:00 GMT","Mon, 14 Sep 2026 17:06:00 GMT",https://media.app.artisio.co/media/3fc437c0-fdbb-4208-955a-90293eab416d/inventory/4922fb56-205f-4545-8020-107f1401870d/537d1a71-8562-4572-8137-960374394773/0001_ALrQCA_sm.jpeg;https://media.app.artisio.co/media/3fc437c0-fdbb-4208-955a-90293eab416d/inventory/4922fb56-205f-4545-8020-107f1401870d/a46e0c80-a252-4c26-be71-ac37425aa32a/0002_jGzSzB_sm.jpeg;https://media.app.artisio.co/media/3fc437c0-fdbb-4208-955a-90293eab416d/inventory/4922fb56-205f-4545-8020-107f1401870d/de2e97e0-9437-47ed-a088-71ce169f27cc/0003_kMFcjS_sm.jpeg;https://media.app.artisio.co/media/3fc437c0-fdbb-4208-955a-90293eab416d/inventory/4922fb56-205f-4545-8020-107f1401870d/1a8b4ede-99be-44ed-92b0-8f9f7ba7cbcf/0004_vOVuSx_sm.jpeg;https://media.app.artisio.co/media/3fc437c0-fdbb-4208-955a-90293eab416d/inventory/4922fb56-205f-4545-8020-107f1401870d/a6b0c2d6-34b0-455b-9e9b-eca94a86bb78/0005_SxDRhZ_sm.jpeg,5,"{""artist_retail_right"": true, ""comments"": null, ""condition"": null, ""condition_report"": null, ""dimensions"": null, ""extra_text"": null, ""footnote"": null, ""header"": null, ""internal_reference"": null, ""literature"": null, ""origin_exhibition_lite"": null, ""painter_artist_school"": ""Nic Jonk (1928-1994)"", ""period"": null, ""signature_dating"": ""signed 'nic jonk' (on the base)"", ""technique_size"": ""bronze with black-green patina, H. 26 cm"", ""title"": ""Dancing Woman"", ""total"": null, ""weight_size_quality"": null}"
770b2f52-21c0-466a-abe9-1d332fd06026,1009,26-0626/52,cf6791c9-ca51-4cf7-a7d7-ec9c22d7e67d,730,Sculpting Beauty: Spotlight on a Private Collection,Werken op papier ,Three seated Nudes,"Nic Jonk (1928-1994) , Three seated Nudes","<h3>Painter / Artist / School</h3>Nic Jonk (1928-1994)<h3>Technique / Size</h3>ink and watercolour on paper, 29,5x46 cm (49x64 cm incl. frame)<h3>Signature / Dating</h3>signed and dated 'nicjonk 20-1-65' (lower right)",published,EUR,150.0,200.0,80.0,,,1,1,80.0,80.0,True,"Mon, 31 Aug 2026 08:00:00 GMT","Mon, 14 Sep 2026 17:06:00 GMT",https://media.app.artisio.co/media/3fc437c0-fdbb-4208-955a-90293eab416d/inventory/9090eb39-5d33-41d5-bf99-a1fef2316bdd/21c84e5d-07bb-4983-b306-267e526191bd/0001_elcyOU_sm.jpeg;https://media.app.artisio.co/media/3fc437c0-fdbb-4208-955a-90293eab416d/inventory/9090eb39-5d33-41d5-bf99-a1fef2316bdd/5feeeade-18df-4082-9d10-e7b30399af7f/0002_Pcrrsg_sm.jpeg;https://media.app.artisio.co/media/3fc437c0-fdbb-4208-955a-90293eab416d/inventory/9090eb39-5d33-41d5-bf99-a1fef2316bdd/59407d25-d7d7-4cfb-8dab-7d10e5498614/0003_exIdgn_sm.jpeg;https://media.app.artisio.co/media/3fc437c0-fdbb-4208-955a-90293eab416d/inventory/9090eb39-5d33-41d5-bf99-a1fef2316bdd/97f71985-e9f8-44c6-8121-eeb34220846d/0004_aWXBlJ_sm.jpeg,4,"{""artist_retail_right"": true, ""comments"": null, ""condition"": null, ""condition_report"": null, ""dimensions"": null, ""extra_text"": null, ""footnote"": null, ""header"": null, ""internal_reference"": null, ""literature"": null, ""origin_exhibition_lite"": null, ""painter_artist_school"": ""Nic Jonk (1928-1994) "", ""period"": null, ""signature_dating"": ""signed and dated 'nicjonk 20-1-65' (lower right)"", ""technique_size"": ""ink and watercolour on paper, 29,5x46 cm (49x64 cm incl. frame)"", ""title"": ""Three seated Nudes"", ""total"": null, ""weight_size_quality"": null}"
0e476969-d546-4962-8f07-61748de7a182,1010,26-0626/48,cf6791c9-ca51-4cf7-a7d7-ec9c22d7e67d,730,Sculpting Beauty: Spotlight on a Private Collection,Grafiek & multiples,"Two Nudes, 1961","Marino Marini (1901-1980), Two Nudes, 1961","<h3>Painter / Artist / School</h3>Marino Marini (1901-1980)<h3>Technique / Size</h3>lithograph on paper, 48x31 cm (50x33 cm incl. frame)<h3>Signature / Dating</h3>signed with ball-point pen 'MARINO' (lower right)",published,EUR,100.0,200.0,50.0,,,1,0,,,True,"Mon, 31 Aug 2026 08:00:00 GMT","Mon, 14 Sep 2026 17:06:00 GMT",https://media.app.artisio.co/media/3fc437c0-fdbb-4208-955a-90293eab416d/inventory/c5494b70-f6ce-49d4-bb5a-13b111c12cc5/b30ee974-2748-4731-acc0-356dd4eaccce/0001_tDiubz_sm.jpeg;https://media.app.artisio.co/media/3fc437c0-fdbb-4208-955a-90293eab416d/inventory/c5494b70-f6ce-49d4-bb5a-13b111c12cc5/d0005cd5-3b73-46b4-a918-ede83713d98a/0002_kDVVVC_sm.jpeg;https://media.app.artisio.co/media/3fc437c0-fdbb-4208-955a-90293eab416d/inventory/c5494b70-f6ce-49d4-bb5a-13b111c12cc5/95f551fe-1fe2-4758-a3c9-3ceede866f8c/0003_fmFYpu_sm.jpeg;https://media.app.artisio.co/media/3fc437c0-fdbb-4208-955a-90293eab416d/inventory/c5494b70-f6ce-49d4-bb5a-13b111c12cc5/153e925a-10b2-4b0a-967c-e0a4e19b3dbc/0004_psmySl_sm.jpeg,4,"{""artist_retail_right"": false, ""comments"": null, ""condition"": null, ""condition_report"": null, ""dimensions"": null, ""extra_text"": null, ""footnote"": null, ""header"": null, ""internal_reference"": null, ""literature"": null, ""origin_exhibition_lite"": null, ""painter_artist_school"": ""Marino Marini (1901-1980)"", ""period"": null, ""signature_dating"": ""signed with ball-point pen 'MARINO' (lower right)"", ""technique_size"": ""lithograph on paper, 48x31 cm (50x33 cm incl. frame)"", ""title"": ""Two Nudes, 1961"", ""total"": null, ""weight_size_quality"": null}"
f548e917-f1c4-4a90-9530-3f13e4835ab1,1011,26-0626/66,cf6791c9-ca51-4cf7-a7d7-ec9c22d7e67d,730,Sculpting Beauty: Spotlight on a Private Collection,Werken op papier , Female Nude in Repose,"Dutch School  (20th Century),  Female Nude in Repose","<h3>Painter / Artist / School</h3>Dutch School  (20th Century)<h3>Technique / Size</h3>bronze with brown patina, H. 20 cm",published,EUR,300.0,500.0,260.0,,,1,0,,,True,"Mon, 31 Aug 2026 08:00:00 GMT","Mon, 14 Sep 2026 17:06:00 GMT",https://media.app.artisio.co/media/3fc437c0-fdbb-4208-955a-90293eab416d/inventory/bf7ebc9a-e1ef-434d-9599-7797ed69e485/9b1f92db-4b5e-4214-a566-7f76c0acfefd/0001_PUFRSR_sm.jpeg;https://media.app.artisio.co/media/3fc437c0-fdbb-4208-955a-90293eab416d/inventory/bf7ebc9a-e1ef-434d-9599-7797ed69e485/ac24924b-1801-4147-ba5f-436867585d90/0002_MproAC_sm.jpeg;https://media.app.artisio.co/media/3fc437c0-fdbb-4208-955a-90293eab416d/inventory/bf7ebc9a-e1ef-434d-9599-7797ed69e485/5ebbfa69-acdb-4b86-a2a5-d77b90e37e4a/0003_QmQBmW_sm.jpeg;https://media.app.artisio.co/media/3fc437c0-fdbb-4208-955a-90293eab416d/inventory/bf7ebc9a-e1ef-434d-9599-7797ed69e485/b43e9996-392a-45fb-8bff-810fe9cbe29c/0004_KBNHlE_sm.jpeg,4,"{""artist_retail_right"": false, ""comments"": ""<p>Karel Gomez (1930-2016) &nbsp;CHECK</p>"", ""condition"": null, ""condition_report"": null, ""dimensions"": null, ""extra_text"": null, ""footnote"": null, ""header"": null, ""internal_reference"": null, ""literature"": null, ""origin_exhibition_lite"": null, ""painter_artist_school"": ""Dutch School  (20th Century)"", ""period"": null, ""signature_dating"": null, ""technique_size"": ""bronze with brown patina, H. 20 cm"", ""title"": "" Female Nude in Repose"", ""total"": null, ""weight_size_quality"": null}"
72502672-5f8a-45d1-8394-68fd1161c6da,1012,26-0626/96,cf6791c9-ca51-4cf7-a7d7-ec9c22d7e67d,730,Sculpting Beauty: Spotlight on a Private Collection,Sculpturen ,Crouching Female Torso,"Eppe de Haan (1949), Crouching Female Torso","<h3>Painter / Artist / School</h3>Eppe de Haan (1949)<h3>Technique / Size</h3>bronze with greyish green patina, H. 12,5 cm",published,EUR,150.0,200.0,70.0,70.0,,1,0,,,True,"Mon, 31 Aug 2026 08:00:00 GMT","Mon, 14 Sep 2026 17:06:00 GMT",https://media.app.artisio.co/media/3fc437c0-fdbb-4208-955a-90293eab416d/inventory/f16b1a7f-d750-4d2b-97f3-8663b65ae977/270ba1bd-a205-4522-bc6e-9855c5fb8f83/0001_pvkUQL_sm.jpeg;https://media.app.artisio.co/media/3fc437c0-fdbb-4208-955a-90293eab416d/inventory/f16b1a7f-d750-4d2b-97f3-8663b65ae977/2afbf6e1-01ff-41b2-8f6e-e342e4044496/0002_jgUmXj_sm.jpeg;https://media.app.artisio.co/media/3fc437c0-fdbb-4208-955a-90293eab416d/inventory/f16b1a7f-d750-4d2b-97f3-8663b65ae977/352122d1-1d9e-4a59-b8fa-1fb619a0121f/0003_cwYION_sm.jpeg;https://media.app.artisio.co/media/3fc437c0-fdbb-4208-955a-90293eab416d/inventory/f16b1a7f-d750-4d2b-97f3-8663b65ae977/d21274f1-8394-45ff-a118-ee3bbb611196/0004_zAwiYm_sm.jpeg;https://media.app.artisio.co/media/3fc437c0-fdbb-4208-955a-90293eab416d/inventory/f16b1a7f-d750-4d2b-97f3-8663b65ae977/066648e0-f243-4ecc-85bd-b34e2b83f87c/0005_PSzwAp_sm.jpeg,5,"{""artist_retail_right"": true, ""comments"": null, ""condition"": null, ""condition_report"": null, ""dimensions"": null, ""extra_text"": null, ""footnote"": null, ""header"": null, ""internal_reference"": null, ""literature"": null, ""origin_exhibition_lite"": null, ""painter_artist_school"": ""Eppe de Haan (1949)"", ""period"": null, ""signature_dating"": null, ""technique_size"": ""bronze with greyish green patina, H. 12,5 cm"", ""title"": ""Crouching Female Torso"", ""total"": null, ""weight_size_quality"": null}"
424a8e97-609a-40ec-83b2-6b43cbe4fe3c,1013,26-0626/82,cf6791c9-ca51-4cf7-a7d7-ec9c22d7e67d,730,Sculpting Beauty: Spotlight on a Private Collection,Sculpturen ,Resting Female Nude,"Dutch School (20th Century), Resting Female Nude","<h3>Painter / Artist / School</h3>Dutch School (20th Century)<h3>Technique / Size</h3>bronze with golden brown patina, on a hardstone base, H. 14 cm (incl. a 5 cm hardstone pedestal)",published,EUR,100.0,150.0,70.0,,,1,0,,,True,"Mon, 31 Aug 2026 08:00:00 GMT","Mon, 14 Sep 2026 17:09:00 GMT",https://media.app.artisio.co/media/3fc437c0-fdbb-4208-955a-90293eab416d/inventory/df68c9db-c769-48fc-bfae-c78a933e96ed/2cecb6dd-f959-4607-b35a-f0679857e835/00002_oJNcwG_sm.jpeg;https://media.app.artisio.co/media/3fc437c0-fdbb-4208-955a-90293eab416d/inventory/df68c9db-c769-48fc-bfae-c78a933e96ed/493dfce8-45b0-4fab-9492-281b38c7881c/0002_PagKVW_sm.jpeg;https://media.app.artisio.co/media/3fc437c0-fdbb-4208-955a-90293eab416d/inventory/df68c9db-c769-48fc-bfae-c78a933e96ed/afe1fa6e-15c3-4a52-af13-2c0b5eddb4eb/0004_hxCIuY_sm.jpeg;https://media.app.artisio.co/media/3fc437c0-fdbb-4208-955a-90293eab416d/inventory/df68c9db-c769-48fc-bfae-c78a933e96ed/62f87bf5-97cf-4046-8e86-2abab8b5547e/0005_fDfvFm_sm.jpeg,4,"{""artist_retail_right"": false, ""comments"": null, ""condition"": null, ""condition_report"": null, ""dimensions"": null, ""extra_text"": null, ""footnote"": null, ""header"": null, ""internal_reference"": null, ""literature"": null, ""origin_exhibition_lite"": null, ""painter_artist_school"": ""Dutch School (20th Century)"", ""period"": null, ""signature_dating"": null, ""technique_size"": ""bronze with golden brown patina, on a hardstone base, H. 14 cm (incl. a 5 cm hardstone pedestal)"", ""title"": ""Resting Female Nude"", ""total"": null, ""weight_size_quality"": null}"
3f72e72f-8db1-4c7f-ac1b-679eeeb97e92,1014,26-0626/47,cf6791c9-ca51-4cf7-a7d7-ec9c22d7e67d,730,Sculpting Beauty: Spotlight on a Private Collection,Grafiek & multiples,"Femme accroupie de dos, 1926 (Back View of a Crouching Woman) ","Aristide Maillol 1861-1944)	, Femme accroupie de dos, 1926 (Back View of a Crouching Woman) ","<h3>Painter / Artist / School</h3>Aristide Maillol 1861-1944)<h3>Technique / Size</h3>drypoint on paper, image 23,5x16,5 cm (44x32 cm incl. frame)<h3>Signature / Dating</h3>signed in pencil with monogram (lower right)",published,EUR,500.0,800.0,400.0,,,1,0,,,True,"Mon, 31 Aug 2026 08:00:00 GMT","Mon, 14 Sep 2026 17:09:00 GMT",https://media.app.artisio.co/media/3fc437c0-fdbb-4208-955a-90293eab416d/inventory/4888aa1c-c191-482d-b9e7-d2800bf2ecac/1ee5e003-807d-45ee-80d0-ca3751105fbc/0001_IgAVoG_sm.jpeg;https://media.app.artisio.co/media/3fc437c0-fdbb-4208-955a-90293eab416d/inventory/4888aa1c-c191-482d-b9e7-d2800bf2ecac/7df59880-949f-4565-bca7-6eb3897573f5/0002_qkrysH_sm.jpeg;https://media.app.artisio.co/media/3fc437c0-fdbb-4208-955a-90293eab416d/inventory/4888aa1c-c191-482d-b9e7-d2800bf2ecac/0efac3ca-0739-4ff8-99ee-4d6a5509f306/0003_nEHPLD_sm.jpeg;https://media.app.artisio.co/media/3fc437c0-fdbb-4208-955a-90293eab416d/inventory/4888aa1c-c191-482d-b9e7-d2800bf2ecac/4c8eb2a6-b1a6-4057-b331-5d655724aa4b/0004_woPzLT_sm.jpeg,4,"{""artist_retail_right"": false, ""comments"": null, ""condition"": ""boek in RKD opzoeken: Catalogue raisonné de l'oeuvre gravé et lithographié de Aristide Maillol Auteur(s) Guerin, Marcel"", ""condition_report"": null, ""dimensions"": null, ""extra_text"": null, ""footnote"": null, ""header"": null, ""internal_reference"": null, ""literature"": null, ""origin_exhibition_lite"": null, ""painter_artist_school"": ""Aristide Maillol 1861-1944)\t"", ""period"": null, ""signature_dating"": ""signed in pencil with monogram (lower right)"", ""technique_size"": ""drypoint on paper, image 23,5x16,5 cm (44x32 cm incl. frame)"", ""title"": ""Femme accroupie de dos, 1926 (Back View of a Crouching Woman) "", ""total"": null, ""weight_size_quality"": null}"
b20ac2f2-a431-4f92-989d-7391de214f28,1015,26-0626/43,cf6791c9-ca51-4cf7-a7d7-ec9c22d7e67d,730,Sculpting Beauty: Spotlight on a Private Collection,Werken op papier ,Standing Female Nude,"Aristide Maillol 1861-1944) , Standing Female Nude","<h3>Painter / Artist / School</h3>Aristide Maillol 1861-1944)<h3>Technique / Size</h3>charcoal on paper, 33x24 cm (48x39,5 cm incl. frame)<h3>Signature / Dating</h3>stamped with monogram (lower right)",published,EUR,1000.0,1500.0,900.0,,,1,1,900.0,900.0,True,"Mon, 31 Aug 2026 08:00:00 GMT","Mon, 14 Sep 2026 17:09:00 GMT",https://media.app.artisio.co/media/3fc437c0-fdbb-4208-955a-90293eab416d/inventory/654c86d5-a8fa-4c67-be1d-a5a11f31f1f6/1f604994-2e75-4770-bdb1-5387297cabd0/0001_xIMHeD_sm.jpeg;https://media.app.artisio.co/media/3fc437c0-fdbb-4208-955a-90293eab416d/inventory/654c86d5-a8fa-4c67-be1d-a5a11f31f1f6/af6e6f71-8672-4de8-8d94-32de4bac9e26/0002_SzoDtf_sm.jpeg;https://media.app.artisio.co/media/3fc437c0-fdbb-4208-955a-90293eab416d/inventory/654c86d5-a8fa-4c67-be1d-a5a11f31f1f6/83575a51-849a-40e0-a9eb-d25fe05c6f16/0003_TVpUGx_sm.jpeg;https://media.app.artisio.co/media/3fc437c0-fdbb-4208-955a-90293eab416d/inventory/654c86d5-a8fa-4c67-be1d-a5a11f31f1f6/88c30e68-cccc-488e-9798-b2a1c84a278d/0004_QJxyBO_sm.jpeg,4,"{""artist_retail_right"": false, ""comments"": null, ""condition"": null, ""condition_report"": null, ""dimensions"": null, ""extra_text"": null, ""footnote"": null, ""header"": null, ""internal_reference"": null, ""literature"": null, ""origin_exhibition_lite"": null, ""painter_artist_school"": ""Aristide Maillol 1861-1944) "", ""period"": null, ""signature_dating"": ""stamped with monogram (lower right)"", ""technique_size"": ""charcoal on paper, 33x24 cm (48x39,5 cm incl. frame)"", ""title"": ""Standing Female Nude"", ""total"": null, ""weight_size_quality"": null}"
fd35296c-e3d6-49ce-a584-c97f535f58ee,1016,26-0626/95,cf6791c9-ca51-4cf7-a7d7-ec9c22d7e67d,730,Sculpting Beauty: Spotlight on a Private Collection,Sculpturen ,Swirling Female Torso,"Theo Germann (1924), Swirling Female Torso","<h3>Painter / Artist / School</h3>Theo Germann (1924)<h3>Technique / Size</h3>bronze with black-green patina on a hardstone pedestal, H. 31 cm<h3>Signature / Dating</h3>stamped and numbered 'THEO GERMANN 2/8'",published,EUR,150.0,200.0,70.0,70.0,,1,1,70.0,70.0,True,"Mon, 31 Aug 2026 08:00:00 GMT","Mon, 14 Sep 2026 17:09:00 GMT",https://media.app.artisio.co/media/3fc437c0-fdbb-4208-955a-90293eab416d/inventory/408a03f5-7288-41e4-be97-cdb2a6e57eaa/ca18d86c-ca0e-4359-b5d2-f52c984b25bb/0001_tQpbfL_sm.jpeg;https://media.app.artisio.co/media/3fc437c0-fdbb-4208-955a-90293eab416d/inventory/408a03f5-7288-41e4-be97-cdb2a6e57eaa/82cf34ec-eb71-476d-87c3-2b3461f4c765/0002_ecLfnk_sm.jpeg;https://media.app.artisio.co/media/3fc437c0-fdbb-4208-955a-90293eab416d/inventory/408a03f5-7288-41e4-be97-cdb2a6e57eaa/9435191b-c58c-4072-9ffb-edba86630691/0003_BwoZun_sm.jpeg;https://media.app.artisio.co/media/3fc437c0-fdbb-4208-955a-90293eab416d/inventory/408a03f5-7288-41e4-be97-cdb2a6e57eaa/509fa2b1-48e7-4346-8b25-f77ba847bec3/0004_qVGKBp_sm.jpeg;https://media.app.artisio.co/media/3fc437c0-fdbb-4208-955a-90293eab416d/inventory/408a03f5-7288-41e4-be97-cdb2a6e57eaa/fdf27cfa-9763-482b-86dd-1e298606f006/0005_taadZP_sm.jpeg;https://media.app.artisio.co/media/3fc437c0-fdbb-4208-955a-90293eab416d/inventory/408a03f5-7288-41e4-be97-cdb2a6e57eaa/e21af44d-1b87-4ca5-9cdc-93aaa05bdeb1/0006_wRtVUd_sm.jpeg,6,"{""artist_retail_right"": true, ""comments"": null, ""condition"": null, ""condition_report"": null, ""dimensions"": null, ""extra_text"": null, ""footnote"": null, ""header"": null, ""internal_reference"": null, ""literature"": null, ""origin_exhibition_lite"": null, ""painter_artist_school"": ""Theo Germann (1924)"", ""period"": null, ""signature_dating"": ""stamped and numbered 'THEO GERMANN 2/8'"", ""technique_size"": ""bronze with black-green patina on a hardstone pedestal, H. 31 cm"", ""title"": ""Swirling Female Torso"", ""total"": null, ""weight_size_quality"": null}"
a5531623-d71f-4b8b-98a9-0a16c3324ef9,1017,26-0626/13,cf6791c9-ca51-4cf7-a7d7-ec9c22d7e67d,730,Sculpting Beauty: Spotlight on a Private Collection,Sculpturen ,Reclining Figure,"Henri-Georges Adam (1904-1967), Reclining Figure","<h3>Painter / Artist / School</h3>Henri-Georges Adam (1904-1967)<h3>Technique / Size</h3>bronze with golden-brown patina, in four parts, approx. 46x23x80 cm, 40x50x100 cm, 14x28x24 cm and 70x24x60 cm<h3>Signature / Dating</h3>the centre part signed 'Adam'",published,EUR,6000.0,8000.0,5000.0,,,1,0,,,True,"Mon, 31 Aug 2026 08:00:00 GMT","Mon, 14 Sep 2026 17:09:00 GMT",https://media.app.artisio.co/media/3fc437c0-fdbb-4208-955a-90293eab416d/inventory/db08d68f-760d-4531-8be3-496b3bf98d7a/c1584018-808f-4ad0-8f16-ea805978a72c/0001_yXjkpl_sm.jpeg;https://media.app.artisio.co/media/3fc437c0-fdbb-4208-955a-90293eab416d/inventory/db08d68f-760d-4531-8be3-496b3bf98d7a/061dbd05-9ec7-4848-93b5-1f202a9c07b0/0002_WDPaLw_sm.jpeg,2,"{""artist_retail_right"": true, ""comments"": null, ""condition"": null, ""condition_report"": null, ""dimensions"": null, ""extra_text"": null, ""footnote"": null, ""header"": null, ""internal_reference"": null, ""literature"": null, ""origin_exhibition_lite"": null, ""painter_artist_school"": ""Henri-Georges Adam (1904-1967)"", ""period"": null, ""signature_dating"": ""the centre part signed 'Adam'"", ""technique_size"": "" bronze with golden-brown patina, in four parts, approx. 46x23x80 cm, 40x50x100 cm, 14x28x24 cm and 70x24x60 cm"", ""title"": ""Reclining Figure"", ""total"": null, ""weight_size_quality"": null}"
9400241c-39f9-4fb4-927a-72c1c70c6755,1018,26-0626/28,cf6791c9-ca51-4cf7-a7d7-ec9c22d7e67d,730,Sculpting Beauty: Spotlight on a Private Collection,Sculpturen ,"Study for 'Out-In', 1965","Günter Ferdinand Ris (1928), Study for 'Out-In', 1965","<h3>Painter / Artist / School</h3>Günter Ferdinand Ris (1928)<h3>Technique / Size</h3>bronze with golden brown patina, 39,5x30,5 cm, mounted on hardboard, overall 47x47 cm",published,EUR,1000.0,1500.0,800.0,800.0,,1,0,,,True,"Mon, 31 Aug 2026 08:00:00 GMT","Mon, 14 Sep 2026 17:09:00 GMT",https://media.app.artisio.co/media/3fc437c0-fdbb-4208-955a-90293eab416d/inventory/f4dfb212-d7a0-4652-a210-8059d755ec60/18c3bcf5-1090-4415-93ba-890a1e2cb55d/0001_IlmwWB_sm.jpeg;https://media.app.artisio.co/media/3fc437c0-fdbb-4208-955a-90293eab416d/inventory/f4dfb212-d7a0-4652-a210-8059d755ec60/1b2b43f7-8593-44f6-8754-c05e72ecdce4/0002_neMGTt_sm.jpeg;https://media.app.artisio.co/media/3fc437c0-fdbb-4208-955a-90293eab416d/inventory/f4dfb212-d7a0-4652-a210-8059d755ec60/dcabbe35-cb41-453b-8091-61f6a9872ca3/0003_aqpZkk_sm.jpeg;https://media.app.artisio.co/media/3fc437c0-fdbb-4208-955a-90293eab416d/inventory/f4dfb212-d7a0-4652-a210-8059d755ec60/c253564c-ca02-4775-ab5b-d711116847b1/0004_EpbwLe_sm.jpeg,4,"{""artist_retail_right"": true, ""comments"": null, ""condition"": null, ""condition_report"": null, ""dimensions"": null, ""extra_text"": null, ""footnote"": null, ""header"": null, ""internal_reference"": null, ""literature"": null, ""origin_exhibition_lite"": null, ""painter_artist_school"": ""Günter Ferdinand Ris (1928)"", ""period"": null, ""signature_dating"": null, ""technique_size"": ""bronze with golden brown patina, 39,5x30,5 cm, mounted on hardboard, overall 47x47 cm"", ""title"": ""Study for 'Out-In', 1965"", ""total"": null, ""weight_size_quality"": null}"
ac36d000-51a6-40ed-95d0-cc2864103b3d,1019,26-0626/1,cf6791c9-ca51-4cf7-a7d7-ec9c22d7e67d,730,Sculpting Beauty: Spotlight on a Private Collection,Sculpturen ,Concetto Spaziale Cratere,"Lucio Fontana (1899-1968), Concetto Spaziale Cratere","<h3>Painter / Artist / School</h3>Lucio Fontana (1899-1968)<h3>Total</h3><p>Issued in 1968 by ars porcellana/Rosenthal, in an edition of 75 numbered copies. The present work bears no Rosenthal mark and is a so called ‘Serie 0’, &nbsp;a non commercial factory cast besides the signed and numbered edition.</p><h3>Technique / Size</h3>white porcelain with golden glaze, 38x29x5 cm",published,EUR,5000.0,7000.0,3000.0,3000.0,,1,0,,,True,"Mon, 31 Aug 2026 08:00:00 GMT","Mon, 14 Sep 2026 17:12:00 GMT",https://media.app.artisio.co/media/3fc437c0-fdbb-4208-955a-90293eab416d/inventory/36d0ffee-0d30-4b24-b488-556de8d5ec22/7a62f69e-b73b-4d25-8ffd-8def9ef30703/00001_IjfZqV_sm.jpeg;https://media.app.artisio.co/media/3fc437c0-fdbb-4208-955a-90293eab416d/inventory/36d0ffee-0d30-4b24-b488-556de8d5ec22/e0ed47cf-c339-4460-ab3d-2bb8e7b821b9/0001_hfVsgE_sm.jpeg;https://media.app.artisio.co/media/3fc437c0-fdbb-4208-955a-90293eab416d/inventory/36d0ffee-0d30-4b24-b488-556de8d5ec22/e472b7fd-30bc-4fc9-a060-2274dd063766/0003_qczdOQ_sm.jpeg;https://media.app.artisio.co/media/3fc437c0-fdbb-4208-955a-90293eab416d/inventory/36d0ffee-0d30-4b24-b488-556de8d5ec22/2e596f0e-88d4-4662-88c1-8e7f27f49610/0004_TtNwep_sm.jpeg;https://media.app.artisio.co/media/3fc437c0-fdbb-4208-955a-90293eab416d/inventory/36d0ffee-0d30-4b24-b488-556de8d5ec22/42cdddc8-f476-490d-9c18-6098bf3e3d36/0005_USAKJy_sm.jpeg;https://media.app.artisio.co/media/3fc437c0-fdbb-4208-955a-90293eab416d/inventory/36d0ffee-0d30-4b24-b488-556de8d5ec22/d20098e7-6648-45e1-aef8-86521eb82764/0006_optLnj_sm.jpeg,6,"{""artist_retail_right"": true, ""comments"": null, ""condition"": null, ""condition_report"": null, ""dimensions"": null, ""extra_text"": null, ""footnote"": null, ""header"": null, ""internal_reference"": null, ""literature"": null, ""origin_exhibition_lite"": null, ""painter_artist_school"": ""Lucio Fontana (1899-1968)"", ""period"": null, ""signature_dating"": null, ""technique_size"": ""white porcelain with golden glaze, 38x29x5 cm"", ""title"": ""Concetto Spaziale Cratere"", ""total"": ""<p>Issued in 1968 by ars porcellana/Rosenthal, in an edition of 75 numbered copies. The present work bears no Rosenthal mark and is a so called ‘Serie 0’, &nbsp;a non commercial factory cast besides the signed and numbered edition.</p>"", ""weight_size_quality"": null}"
07de5815-2352-41a0-8ff6-b35de4433b8e,1020,26-0626/78,cf6791c9-ca51-4cf7-a7d7-ec9c22d7e67d,730,Sculpting Beauty: Spotlight on a Private Collection,Sculpturen ,Untitled (4),"Jef Wishaupt (1940), Untitled (4)","<h3>Painter / Artist / School</h3>Jef Wishaupt (1940)<h3>Technique / Size</h3>four brass sculptures, on hardstone pedestals, heights ranging from 29 to 37 cm (incl. bases)",published,EUR,700.0,1000.0,500.0,,,1,0,,,True,"Mon, 31 Aug 2026 08:00:00 GMT","Mon, 14 Sep 2026 17:12:00 GMT",https://media.app.artisio.co/media/3fc437c0-fdbb-4208-955a-90293eab416d/inventory/9143e079-b7ca-4e0f-90ac-87049260854e/16313ad2-891d-4ac4-bd76-62e9c5f553da/0001_bORhsW_sm.jpeg;https://media.app.artisio.co/media/3fc437c0-fdbb-4208-955a-90293eab416d/inventory/9143e079-b7ca-4e0f-90ac-87049260854e/894951d3-0aa3-49b6-9ba5-889af53a1fde/0002_qmeWEY_sm.jpeg;https://media.app.artisio.co/media/3fc437c0-fdbb-4208-955a-90293eab416d/inventory/9143e079-b7ca-4e0f-90ac-87049260854e/5c53e544-2cb1-4d1e-9596-488348707d5c/0003_fvZqin_sm.jpeg;https://media.app.artisio.co/media/3fc437c0-fdbb-4208-955a-90293eab416d/inventory/9143e079-b7ca-4e0f-90ac-87049260854e/3f8a5eb2-f919-4834-805b-b324904023f4/0004_QmoduU_sm.jpeg,4,"{""artist_retail_right"": true, ""comments"": null, ""condition"": null, ""condition_report"": null, ""dimensions"": null, ""extra_text"": null, ""footnote"": null, ""header"": null, ""internal_reference"": null, ""literature"": null, ""origin_exhibition_lite"": null, ""painter_artist_school"": ""Jef Wishaupt (1940)"", ""period"": null, ""signature_dating"": null, ""technique_size"": ""four brass sculptures, on hardstone pedestals, heights ranging from 29 to 37 cm (incl. bases)"", ""title"": ""Untitled (4)"", ""total"": null, ""weight_size_quality"": null}"
6b9aa2d7-264e-4bf4-a13a-b267084da087,1021,26-0626/6,cf6791c9-ca51-4cf7-a7d7-ec9c22d7e67d,730,Sculpting Beauty: Spotlight on a Private Collection,Sculpturen ,Untitled,"José Lois Sanchez (1926-2018), Untitled","<h3>Painter / Artist / School</h3>José Lois Sanchez (1926-2018)<h3>Technique / Size</h3>messing, on a hardstone base, overall H. 24 cm<h3>Signature / Dating</h3>stamped 'JOSE LOIS SANCHEZ 10/300 (close to the base)",published,EUR,1000.0,1500.0,700.0,700.0,,1,0,,,True,"Mon, 31 Aug 2026 08:00:00 GMT","Mon, 14 Sep 2026 17:12:00 GMT",https://media.app.artisio.co/media/3fc437c0-fdbb-4208-955a-90293eab416d/inventory/5f8d2394-8a62-488e-b8a7-83d96a8baa07/1a86ae1e-9561-4a35-8e55-5638bc5d96eb/0001_YBhXKD_sm.jpeg;https://media.app.artisio.co/media/3fc437c0-fdbb-4208-955a-90293eab416d/inventory/5f8d2394-8a62-488e-b8a7-83d96a8baa07/fa954dc9-acc1-43d3-a7c6-bcfa8ddfb055/0002_HdidKz_sm.jpeg;https://media.app.artisio.co/media/3fc437c0-fdbb-4208-955a-90293eab416d/inventory/5f8d2394-8a62-488e-b8a7-83d96a8baa07/5baea694-d7a5-4565-9ec0-88917b5069cf/0003_EvZzSN_sm.jpeg;https://media.app.artisio.co/media/3fc437c0-fdbb-4208-955a-90293eab416d/inventory/5f8d2394-8a62-488e-b8a7-83d96a8baa07/dbac4379-6d61-42db-b108-48e622c5585b/0004_DKmQOe_sm.jpeg;https://media.app.artisio.co/media/3fc437c0-fdbb-4208-955a-90293eab416d/inventory/5f8d2394-8a62-488e-b8a7-83d96a8baa07/514093be-91ad-43fb-be69-28dc81a6bf47/0005_AulNCv_sm.jpeg;https://media.app.artisio.co/media/3fc437c0-fdbb-4208-955a-90293eab416d/inventory/5f8d2394-8a62-488e-b8a7-83d96a8baa07/24fb61f1-0f6b-4664-88f4-0d5bc7985393/0006_oexIkr_sm.jpeg;https://media.app.artisio.co/media/3fc437c0-fdbb-4208-955a-90293eab416d/inventory/5f8d2394-8a62-488e-b8a7-83d96a8baa07/7166c1bf-0d04-4017-825b-2af0ff99611e/0007_nsXmHv_sm.jpeg,7,"{""artist_retail_right"": true, ""comments"": null, ""condition"": null, ""condition_report"": null, ""dimensions"": null, ""extra_text"": null, ""footnote"": null, ""header"": null, ""internal_reference"": null, ""literature"": null, ""origin_exhibition_lite"": null, ""painter_artist_school"": ""José Lois Sanchez (1926-2018)"", ""period"": null, ""signature_dating"": ""stamped 'JOSE LOIS SANCHEZ 10/300 (close to the base)"", ""technique_size"": ""messing, on a hardstone base, overall H. 24 cm"", ""title"": ""Untitled"", ""total"": null, ""weight_size_quality"": null}"
c32facb3-2733-4567-b9ee-dc51202f28ae,1022,26-0626/38,cf6791c9-ca51-4cf7-a7d7-ec9c22d7e67d,730,Sculpting Beauty: Spotlight on a Private Collection,Sculpturen ,Stylized Female Torso,"Luut de Gelder (1942-2018) , Stylized Female Torso","<h3>Painter / Artist / School</h3>Luut de Gelder (1942-2018)<h3>Technique / Size</h3>bronze with a dark brown patina, on a hardstone base, H. 28 cm (incl. base)",published,EUR,300.0,400.0,200.0,,,1,0,,,True,"Mon, 31 Aug 2026 08:00:00 GMT","Mon, 14 Sep 2026 17:12:00 GMT",https://media.app.artisio.co/media/3fc437c0-fdbb-4208-955a-90293eab416d/inventory/b045cfa0-edc0-49d9-8cc0-8e36ef0fc66f/fe4b118d-92c2-41f3-9d64-ddc9a3064eac/0001_MNwIVL_sm.jpeg;https://media.app.artisio.co/media/3fc437c0-fdbb-4208-955a-90293eab416d/inventory/b045cfa0-edc0-49d9-8cc0-8e36ef0fc66f/2ba25f07-8d33-4094-a78b-5881c4d2b3dc/0002_zRppun_sm.jpeg;https://media.app.artisio.co/media/3fc437c0-fdbb-4208-955a-90293eab416d/inventory/b045cfa0-edc0-49d9-8cc0-8e36ef0fc66f/3167cff1-bb95-4076-83fc-f518ab2973c3/0003_csUzST_sm.jpeg;https://media.app.artisio.co/media/3fc437c0-fdbb-4208-955a-90293eab416d/inventory/b045cfa0-edc0-49d9-8cc0-8e36ef0fc66f/b133f7da-4706-49c4-985e-4b26fa4622bc/0004_YnnkUH_sm.jpeg;https://media.app.artisio.co/media/3fc437c0-fdbb-4208-955a-90293eab416d/inventory/b045cfa0-edc0-49d9-8cc0-8e36ef0fc66f/2ee9b51e-6ba4-4c4b-8b3a-940878307014/0005_ApdXXJ_sm.jpeg,5,"{""artist_retail_right"": true, ""comments"": null, ""condition"": null, ""condition_report"": null, ""dimensions"": null, ""extra_text"": null, ""footnote"": null, ""header"": null, ""internal_reference"": null, ""literature"": null, ""origin_exhibition_lite"": null, ""painter_artist_school"": ""Luut de Gelder (1942-2018) "", ""period"": null, ""signature_dating"": null, ""technique_size"": ""bronze with a dark brown patina, on a hardstone base, H. 28 cm (incl. base)"", ""title"": ""Stylized Female Torso"", ""total"": null, ""weight_size_quality"": null}"
637009f8-0993-449c-a0c1-8ea040d29545,1023,26-0626/39,cf6791c9-ca51-4cf7-a7d7-ec9c22d7e67d,730,Sculpting Beauty: Spotlight on a Private Collection,Sculpturen ,Intertwined Male and Female Torso,"Monica van Dael (1943), Intertwined Male and Female Torso","<h3>Painter / Artist / School</h3>Monica van Dael (1943)<h3>Technique / Size</h3>light pink hardstone, ca. 35,5x40x12 cm<h3>Signature / Dating</h3>signed with monogram 'MD' (close to the underside)",published,EUR,500.0,700.0,300.0,300.0,,1,0,,,True,"Mon, 31 Aug 2026 08:00:00 GMT","Mon, 14 Sep 2026 17:12:00 GMT",https://media.app.artisio.co/media/3fc437c0-fdbb-4208-955a-90293eab416d/inventory/1512c053-7ffb-4eec-8cc8-676e7f3ad6fb/753dfe92-7645-49f8-a224-1aab3a6b9320/0001_zoPzPo_sm.jpeg;https://media.app.artisio.co/media/3fc437c0-fdbb-4208-955a-90293eab416d/inventory/1512c053-7ffb-4eec-8cc8-676e7f3ad6fb/78be871b-800a-4e61-98fc-38e3f96b01e9/0002_POOgLG_sm.jpeg;https://media.app.artisio.co/media/3fc437c0-fdbb-4208-955a-90293eab416d/inventory/1512c053-7ffb-4eec-8cc8-676e7f3ad6fb/caf65047-72d1-4663-981b-dda9c90fd345/0003_kjsoux_sm.jpeg;https://media.app.artisio.co/media/3fc437c0-fdbb-4208-955a-90293eab416d/inventory/1512c053-7ffb-4eec-8cc8-676e7f3ad6fb/ee1faa27-8215-42b6-992c-cc8e7805e571/0004_szZSgr_sm.jpeg,4,"{""artist_retail_right"": true, ""comments"": null, ""condition"": null, ""condition_report"": null, ""dimensions"": null, ""extra_text"": null, ""footnote"": null, ""header"": null, ""internal_reference"": null, ""literature"": null, ""origin_exhibition_lite"": null, ""painter_artist_school"": ""Monica van Dael (1943)"", ""period"": null, ""signature_dating"": ""signed with monogram 'MD' (close to the underside)"", ""technique_size"": ""light pink hardstone, ca. 35,5x40x12 cm"", ""title"": ""Intertwined Male and Female Torso"", ""total"": null, ""weight_size_quality"": null}"
411436eb-4ad5-411e-9cc5-aec70fa5ad33,1024,26-0626/60,cf6791c9-ca51-4cf7-a7d7-ec9c22d7e67d,730,Sculpting Beauty: Spotlight on a Private Collection,Sculpturen ,Abstracted Female Torso,"Dutch School (20th Century), Abstracted Female Torso","<h3>Painter / Artist / School</h3>Dutch School (20th Century)<h3>Technique / Size</h3>bronze with a light-brown patina on a hardstone base, H. 29 cm<h3>Signature / Dating</h3>signed with monogram 'JR' (on the reverse)",published,EUR,250.0,350.0,200.0,100.0,,1,0,,,True,"Mon, 31 Aug 2026 08:00:00 GMT","Mon, 14 Sep 2026 17:12:00 GMT",https://media.app.artisio.co/media/3fc437c0-fdbb-4208-955a-90293eab416d/inventory/d7e37976-47ac-4118-b528-7813e5168fd4/41048ca9-ee11-469d-b881-336edfbfd215/0001_HCGFsY_sm.jpeg;https://media.app.artisio.co/media/3fc437c0-fdbb-4208-955a-90293eab416d/inventory/d7e37976-47ac-4118-b528-7813e5168fd4/e2380635-94e4-40e0-a799-68019229c1cb/0002_DrKljU_sm.jpeg;https://media.app.artisio.co/media/3fc437c0-fdbb-4208-955a-90293eab416d/inventory/d7e37976-47ac-4118-b528-7813e5168fd4/03ea2169-d815-4c72-8d68-67a72cdebadb/0003_spkWGt_sm.jpeg;https://media.app.artisio.co/media/3fc437c0-fdbb-4208-955a-90293eab416d/inventory/d7e37976-47ac-4118-b528-7813e5168fd4/4fcb46d6-a4ea-41e7-8aaa-f9784a64b0f2/0004_ijFbSg_sm.jpeg;https://media.app.artisio.co/media/3fc437c0-fdbb-4208-955a-90293eab416d/inventory/d7e37976-47ac-4118-b528-7813e5168fd4/b2db9353-fab5-48e1-a07f-c264895d48ff/0005_RPekNg_sm.jpeg,5,"{""artist_retail_right"": false, ""comments"": null, ""condition"": null, ""condition_report"": null, ""dimensions"": null, ""extra_text"": null, ""footnote"": null, ""header"": null, ""internal_reference"": null, ""literature"": null, ""origin_exhibition_lite"": null, ""painter_artist_school"": ""Dutch School (20th Century)"", ""period"": null, ""signature_dating"": ""signed with monogram 'JR' (on the reverse)"", ""technique_size"": ""bronze with a light-brown patina on a hardstone base, H. 29 cm"", ""title"": ""Abstracted Female Torso"", ""total"": null, ""weight_size_quality"": null}"
51e892e6-1e1f-4c7e-8912-4af62757f4f5,1025,26-0626/15,cf6791c9-ca51-4cf7-a7d7-ec9c22d7e67d,730,Sculpting Beauty: Spotlight on a Private Collection,Sculpturen ,Expectant Woman,"Sybille de Braak (1947), Expectant Woman","<h3>Painter / Artist / School</h3>Sybille de Braak (1947)<h3>Technique / Size</h3>polished bronze, H. 39 cm",published,EUR,500.0,800.0,400.0,,,1,0,,,True,"Mon, 31 Aug 2026 08:00:00 GMT","Mon, 14 Sep 2026 17:15:00 GMT",https://media.app.artisio.co/media/3fc437c0-fdbb-4208-955a-90293eab416d/inventory/c984980e-3f92-4687-9b06-b79298086326/1edb72ab-e981-48bb-a2ed-292b432947c3/0001_waCOJW_sm.jpeg;https://media.app.artisio.co/media/3fc437c0-fdbb-4208-955a-90293eab416d/inventory/c984980e-3f92-4687-9b06-b79298086326/9c2ce727-f199-4b11-b147-6f19b8734328/0002_aqtmDV_sm.jpeg;https://media.app.artisio.co/media/3fc437c0-fdbb-4208-955a-90293eab416d/inventory/c984980e-3f92-4687-9b06-b79298086326/bb9e91f9-6db5-4939-9001-f60dccf8112e/0003_BFkLHc_sm.jpeg;https://media.app.artisio.co/media/3fc437c0-fdbb-4208-955a-90293eab416d/inventory/c984980e-3f92-4687-9b06-b79298086326/ebacb4d6-27cc-4387-a1be-bfdd0a228cd3/0004_NWpbnm_sm.jpeg;https://media.app.artisio.co/media/3fc437c0-fdbb-4208-955a-90293eab416d/inventory/c984980e-3f92-4687-9b06-b79298086326/22177cb8-9c92-465c-bbd9-d3aa9573790b/0005_dXLIGw_sm.jpeg,5,"{""artist_retail_right"": true, ""comments"": null, ""condition"": null, ""condition_report"": null, ""dimensions"": null, ""extra_text"": null, ""footnote"": null, ""header"": null, ""internal_reference"": null, ""literature"": null, ""origin_exhibition_lite"": null, ""painter_artist_school"": ""Sybille de Braak (1947)"", ""period"": null, ""signature_dating"": null, ""technique_size"": ""polished bronze, H. 39 cm"", ""title"": ""Expectant Woman"", ""total"": null, ""weight_size_quality"": null}"
f2ccdbb5-8065-4341-b466-657b95453abd,1026,26-0626/40,cf6791c9-ca51-4cf7-a7d7-ec9c22d7e67d,730,Sculpting Beauty: Spotlight on a Private Collection,Sculpturen ,Expectant Woman,"Sybille de Braak (1947), Expectant Woman","<h3>Painter / Artist / School</h3>Sybille de Braak (1947)<h3>Technique / Size</h3>carved stone, H. 39 cm",published,EUR,200.0,300.0,160.0,400.0,,1,1,160.0,160.0,True,"Mon, 31 Aug 2026 08:00:00 GMT","Mon, 14 Sep 2026 17:15:00 GMT",https://media.app.artisio.co/media/3fc437c0-fdbb-4208-955a-90293eab416d/inventory/4b4c4f4a-6d7d-44c2-8257-4d5ff3360bdf/f47e0d8b-8d31-42b5-97e0-be6db19b8a60/0001_HJeiCY_sm.jpeg;https://media.app.artisio.co/media/3fc437c0-fdbb-4208-955a-90293eab416d/inventory/4b4c4f4a-6d7d-44c2-8257-4d5ff3360bdf/3325e110-122d-40d8-873d-a9af794084bb/0002_qYzZxk_sm.jpeg;https://media.app.artisio.co/media/3fc437c0-fdbb-4208-955a-90293eab416d/inventory/4b4c4f4a-6d7d-44c2-8257-4d5ff3360bdf/10e7e3fe-db7c-4a35-b228-f7c2f2e5f0cc/0003_yzMJeJ_sm.jpeg;https://media.app.artisio.co/media/3fc437c0-fdbb-4208-955a-90293eab416d/inventory/4b4c4f4a-6d7d-44c2-8257-4d5ff3360bdf/e7616444-a06b-4d86-9c3a-54214d5efebf/0004_zOFxRa_sm.jpeg;https://media.app.artisio.co/media/3fc437c0-fdbb-4208-955a-90293eab416d/inventory/4b4c4f4a-6d7d-44c2-8257-4d5ff3360bdf/cfe7aa64-fa19-419f-a714-1c0ee0e10444/0005_pYMtGH_sm.jpeg,5,"{""artist_retail_right"": true, ""comments"": null, ""condition"": null, ""condition_report"": null, ""dimensions"": null, ""extra_text"": null, ""footnote"": null, ""header"": null, ""internal_reference"": null, ""literature"": null, ""origin_exhibition_lite"": null, ""painter_artist_school"": ""Sybille de Braak (1947)"", ""period"": null, ""signature_dating"": null, ""technique_size"": ""carved stone, H. 39 cm"", ""title"": ""Expectant Woman"", ""total"": null, ""weight_size_quality"": null}"
ab990a64-62aa-404e-929c-4f1c5f05c161,1027,26-0626/77,cf6791c9-ca51-4cf7-a7d7-ec9c22d7e67d,730,Sculpting Beauty: Spotlight on a Private Collection,Sculpturen ,Stylized Female Torso,"Dutch School (20th century), Stylized Female Torso","<h3>Painter / Artist / School</h3>Dutch School (20th century)<h3>Technique / Size</h3>carved hardstone on a stone pedestal, H. 65 cm",published,EUR,300.0,500.0,160.0,,,1,0,,,True,"Mon, 31 Aug 2026 08:00:00 GMT","Mon, 14 Sep 2026 17:15:00 GMT",https://media.app.artisio.co/media/3fc437c0-fdbb-4208-955a-90293eab416d/inventory/b3e93081-84e0-48e2-9e64-4d89f58b2a28/b70a47b4-ae95-4da3-9d6d-4a0bf17ad7ec/0001_tJARIk_sm.jpeg;https://media.app.artisio.co/media/3fc437c0-fdbb-4208-955a-90293eab416d/inventory/b3e93081-84e0-48e2-9e64-4d89f58b2a28/03d94879-505b-4c2c-b1e8-a65a87299094/0002_LcnTZG_sm.jpeg;https://media.app.artisio.co/media/3fc437c0-fdbb-4208-955a-90293eab416d/inventory/b3e93081-84e0-48e2-9e64-4d89f58b2a28/ac45c392-99c5-4929-b6fe-401de19eb98e/0003_exXzjl_sm.jpeg;https://media.app.artisio.co/media/3fc437c0-fdbb-4208-955a-90293eab416d/inventory/b3e93081-84e0-48e2-9e64-4d89f58b2a28/900cac07-30ea-4210-806b-8f89a9afe2ed/0004_RyzKeg_sm.jpeg,4,"{""artist_retail_right"": false, ""comments"": null, ""condition"": null, ""condition_report"": null, ""dimensions"": null, ""extra_text"": null, ""footnote"": null, ""header"": null, ""internal_reference"": null, ""literature"": null, ""origin_exhibition_lite"": null, ""painter_artist_school"": ""Dutch School (20th century)"", ""period"": null, ""signature_dating"": null, ""technique_size"": ""carved hardstone on a stone pedestal, H. 65 cm"", ""title"": ""Stylized Female Torso"", ""total"": null, ""weight_size_quality"": null}"
321ef21e-a1fb-48b1-b574-2b714a59abb8,1028,26-0626/42,cf6791c9-ca51-4cf7-a7d7-ec9c22d7e67d,730,Sculpting Beauty: Spotlight on a Private Collection,Sculpturen ,Standing Female Nude,"Michel Charpentier (1927-2023), Standing Female Nude","<h3>Painter / Artist / School</h3>Michel Charpentier (1927-2023)<h3>Technique / Size</h3>bronze, with greyish black patina, on a metal base, H. 37 cm (incl. base) Executed in 1961.<h3>Signature / Dating</h3>signed 'CHARPENTIER' (on the side)",published,EUR,250.0,350.0,200.0,,,1,0,,,True,"Mon, 31 Aug 2026 08:00:00 GMT","Mon, 14 Sep 2026 17:15:00 GMT",https://media.app.artisio.co/media/3fc437c0-fdbb-4208-955a-90293eab416d/inventory/d60dae46-f1f1-4fc3-8a28-e54e87724ed2/d00117e8-1cce-486a-b151-2543dc3fc3bf/0001_vgrzlW_sm.jpeg;https://media.app.artisio.co/media/3fc437c0-fdbb-4208-955a-90293eab416d/inventory/d60dae46-f1f1-4fc3-8a28-e54e87724ed2/0897df8c-bb08-4efc-8d41-900bffa1a5f9/0002_YhRVHo_sm.jpeg;https://media.app.artisio.co/media/3fc437c0-fdbb-4208-955a-90293eab416d/inventory/d60dae46-f1f1-4fc3-8a28-e54e87724ed2/1ff6c07d-f14d-43e7-8753-07c488ec87e8/0002a_tkEoCR_sm.jpeg;https://media.app.artisio.co/media/3fc437c0-fdbb-4208-955a-90293eab416d/inventory/d60dae46-f1f1-4fc3-8a28-e54e87724ed2/c6e961b9-d32b-422d-af1c-780e27f2df6a/0004_xdbUdW_sm.jpeg;https://media.app.artisio.co/media/3fc437c0-fdbb-4208-955a-90293eab416d/inventory/d60dae46-f1f1-4fc3-8a28-e54e87724ed2/b6cf06f7-fc28-4671-b2cb-e43481511a56/0005_yqewGp_sm.jpeg;https://media.app.artisio.co/media/3fc437c0-fdbb-4208-955a-90293eab416d/inventory/d60dae46-f1f1-4fc3-8a28-e54e87724ed2/91e03daa-20a1-4f80-8969-f1a055809459/0006_vQvcLO_sm.jpeg;https://media.app.artisio.co/media/3fc437c0-fdbb-4208-955a-90293eab416d/inventory/d60dae46-f1f1-4fc3-8a28-e54e87724ed2/3360bdcf-0b0b-4247-9aa1-24d48c9cb2b8/0007_RlEdcb_sm.jpeg,7,"{""artist_retail_right"": true, ""comments"": null, ""condition"": null, ""condition_report"": null, ""dimensions"": null, ""extra_text"": null, ""footnote"": null, ""header"": null, ""internal_reference"": null, ""literature"": null, ""origin_exhibition_lite"": null, ""painter_artist_school"": ""Michel Charpentier (1927-2023)"", ""period"": null, ""signature_dating"": ""signed 'CHARPENTIER' (on the side)"", ""technique_size"": ""bronze, with greyish black patina, on a metal base, H. 37 cm (incl. base) Executed in 1961."", ""title"": ""Standing Female Nude"", ""total"": null, ""weight_size_quality"": null}"
de4108d0-f8b7-4356-bb9c-5d99f52f46b4,1029,26-0626/36,cf6791c9-ca51-4cf7-a7d7-ec9c22d7e67d,730,Sculpting Beauty: Spotlight on a Private Collection,Sculpturen ,Untitled,"Wout Maters (1931), Untitled","<h3>Painter / Artist / School</h3>Wout Maters (1931)<h3>Technique / Size</h3>bronze with golden patina, H. 34 cm<h3>Signature / Dating</h3>stamped 'MATERS' (on the side) and cast with the artist's monogram",published,EUR,300.0,400.0,200.0,,,1,1,200.0,200.0,True,"Mon, 31 Aug 2026 08:00:00 GMT","Mon, 14 Sep 2026 17:15:00 GMT",https://media.app.artisio.co/media/3fc437c0-fdbb-4208-955a-90293eab416d/inventory/c4bfdc09-990c-4425-927c-ddbd006e643e/fb846f08-fdcc-4ac1-87a3-130cb8e838ed/0001_MiDbdC_sm.jpeg;https://media.app.artisio.co/media/3fc437c0-fdbb-4208-955a-90293eab416d/inventory/c4bfdc09-990c-4425-927c-ddbd006e643e/31ffe12d-2bf3-4efb-a621-66197919dc63/0002_tufFyT_sm.jpeg;https://media.app.artisio.co/media/3fc437c0-fdbb-4208-955a-90293eab416d/inventory/c4bfdc09-990c-4425-927c-ddbd006e643e/496fe167-0237-480c-a738-cec31958672b/0003_XEcPIX_sm.jpeg;https://media.app.artisio.co/media/3fc437c0-fdbb-4208-955a-90293eab416d/inventory/c4bfdc09-990c-4425-927c-ddbd006e643e/2ba2d34c-272b-40ed-b4cc-c99d133e8903/0004_wetJEh_sm.jpeg;https://media.app.artisio.co/media/3fc437c0-fdbb-4208-955a-90293eab416d/inventory/c4bfdc09-990c-4425-927c-ddbd006e643e/047b23c1-c87d-4241-a8d4-fe47fac8ee0d/0005_KNXgOd_sm.jpeg;https://media.app.artisio.co/media/3fc437c0-fdbb-4208-955a-90293eab416d/inventory/c4bfdc09-990c-4425-927c-ddbd006e643e/b7a73c07-d4bd-4056-84fc-e0179567786c/0006_muRdBA_sm.jpeg,6,"{""artist_retail_right"": true, ""comments"": null, ""condition"": null, ""condition_report"": null, ""dimensions"": null, ""extra_text"": null, ""footnote"": null, ""header"": null, ""internal_reference"": null, ""literature"": null, ""origin_exhibition_lite"": null, ""painter_artist_school"": ""Wout Maters (1931)"", ""period"": null, ""signature_dating"": ""stamped 'MATERS' (on the side) and cast with the artist's monogram"", ""technique_size"": ""bronze with golden patina, H. 34 cm"", ""title"": ""Untitled"", ""total"": null, ""weight_size_quality"": null}"
0d8eea27-84e5-495d-afb4-a89ed6bfa4b8,1030,26-0626/8,cf6791c9-ca51-4cf7-a7d7-ec9c22d7e67d,730,Sculpting Beauty: Spotlight on a Private Collection,Sculpturen ,Tondi depicting a female torso on one side and a male torso on the other (2),"Eppe de Haan (1949), Tondi depicting a female torso on one side and a male torso on the other (2)","<h3>Painter / Artist / School</h3>Eppe de Haan (1949)<h3>Technique / Size</h3>both bronze with green patina, the smaller one with a black hardstone pedestal, H. 22,5 & 19,5 cm<h3>Signature / Dating</h3>both signed 'EPPE', the larger one also dated 2004 and numbered 2/24 (on the base)",published,EUR,300.0,400.0,100.0,,,1,1,100.0,100.0,True,"Mon, 31 Aug 2026 08:00:00 GMT","Mon, 14 Sep 2026 17:15:00 GMT",https://media.app.artisio.co/media/3fc437c0-fdbb-4208-955a-90293eab416d/inventory/53181a20-c5a8-48d5-b93c-28823706e401/502f5b1e-7d4c-499a-8c7d-5194fcc20724/0001_jIUIqI_sm.jpeg;https://media.app.artisio.co/media/3fc437c0-fdbb-4208-955a-90293eab416d/inventory/53181a20-c5a8-48d5-b93c-28823706e401/bdb09cd5-4e61-4d1a-8509-5ae4c4449fcd/0002_ZJHQjk_sm.jpeg;https://media.app.artisio.co/media/3fc437c0-fdbb-4208-955a-90293eab416d/inventory/53181a20-c5a8-48d5-b93c-28823706e401/c4f1570c-7d2f-4225-9230-f6c08b37c243/0003_yLUKKE_sm.jpeg;https://media.app.artisio.co/media/3fc437c0-fdbb-4208-955a-90293eab416d/inventory/53181a20-c5a8-48d5-b93c-28823706e401/83873e24-271f-45d2-a386-9031128ced00/0004_sWbEiS_sm.jpeg;https://media.app.artisio.co/media/3fc437c0-fdbb-4208-955a-90293eab416d/inventory/53181a20-c5a8-48d5-b93c-28823706e401/5f8da521-c826-4805-a7d4-f9d20e60dba4/0005_vsbnLn_sm.jpeg,5,"{""artist_retail_right"": true, ""comments"": null, ""condition"": null, ""condition_report"": null, ""dimensions"": null, ""extra_text"": null, ""footnote"": null, ""header"": null, ""internal_reference"": null, ""literature"": null, ""origin_exhibition_lite"": null, ""painter_artist_school"": ""Eppe de Haan (1949)"", ""period"": null, ""signature_dating"": ""both signed 'EPPE', the larger one also dated 2004 and numbered 2/24 (on the base)"", ""technique_size"": ""both bronze with green patina, the smaller one with a black hardstone pedestal, H. 22,5 & 19,5 cm"", ""title"": ""Tondi depicting a female torso on one side and a male torso on the other (2)"", ""total"": null, ""weight_size_quality"": null}"
0279b94d-118d-4cf1-bb2a-40ef95ae916a,1031,26-0626/97,cf6791c9-ca51-4cf7-a7d7-ec9c22d7e67d,730,Sculpting Beauty: Spotlight on a Private Collection,Sculpturen ,"Buste of Francis Bacon, 1983","William Redgrave (1903-1986) , Buste of Francis Bacon, 1983","<h3>Painter / Artist / School</h3>William Redgrave (1903-1986)<h3>Technique / Size</h3>bronze with brown patina, H 23 cm<h3>Signature / Dating</h3>signed with initials W.R. and numbered 5/8 (on the side)",published,EUR,300.0,500.0,200.0,200.0,,1,0,,,True,"Mon, 31 Aug 2026 08:00:00 GMT","Mon, 14 Sep 2026 17:18:00 GMT",https://media.app.artisio.co/media/3fc437c0-fdbb-4208-955a-90293eab416d/inventory/73e0ae4a-2711-459c-83f9-02ed95f6e617/50a21d41-82c7-4baa-a429-74cf523bdce6/0002_JrNnXu_sm.jpeg;https://media.app.artisio.co/media/3fc437c0-fdbb-4208-955a-90293eab416d/inventory/73e0ae4a-2711-459c-83f9-02ed95f6e617/5f096de7-e789-408d-ba6d-f72fe554d9e7/0003_tJJlsl_sm.jpeg;https://media.app.artisio.co/media/3fc437c0-fdbb-4208-955a-90293eab416d/inventory/73e0ae4a-2711-459c-83f9-02ed95f6e617/fa76c73d-7958-402d-b40f-3391bf12166a/0004_osDxSI_sm.jpeg;https://media.app.artisio.co/media/3fc437c0-fdbb-4208-955a-90293eab416d/inventory/73e0ae4a-2711-459c-83f9-02ed95f6e617/73493d26-d294-4310-ba82-64810770927c/0005_FavEFZ_sm.jpeg;https://media.app.artisio.co/media/3fc437c0-fdbb-4208-955a-90293eab416d/inventory/73e0ae4a-2711-459c-83f9-02ed95f6e617/f864a1ce-8190-4b7c-966b-5b47729f4d87/0006_bSsNHA_sm.jpeg;https://media.app.artisio.co/media/3fc437c0-fdbb-4208-955a-90293eab416d/inventory/73e0ae4a-2711-459c-83f9-02ed95f6e617/4672f2ca-be6e-49ab-93cc-4c51835ce83a/0007_DXFgXU_sm.jpeg,6,"{""artist_retail_right"": true, ""comments"": null, ""condition"": null, ""condition_report"": null, ""dimensions"": null, ""extra_text"": null, ""footnote"": null, ""header"": null, ""internal_reference"": null, ""literature"": null, ""origin_exhibition_lite"": null, ""painter_artist_school"": ""William Redgrave (1903-1986) "", ""period"": null, ""signature_dating"": ""signed with initials W.R. and numbered 5/8 (on the side)"", ""technique_size"": ""bronze with brown patina, H 23 cm "", ""title"": ""Buste of Francis Bacon, 1983"", ""total"": null, ""weight_size_quality"": null}"
ebe3b928-4084-4a55-8474-6928504bb627,1032,26-0626/35,cf6791c9-ca51-4cf7-a7d7-ec9c22d7e67d,730,Sculpting Beauty: Spotlight on a Private Collection,Sculpturen ,Fragment (Head),"Eppe de Haan (1949), Fragment (Head)","<h3>Painter / Artist / School</h3>Eppe de Haan (1949)<h3>Technique / Size</h3>bronze with golden brown patina on  a hardstone pedestal, bronze: 12x11x7 cm, overall H. 117 cm (incl. pedestal)",published,EUR,300.0,400.0,200.0,,,1,0,,,True,"Mon, 31 Aug 2026 08:00:00 GMT","Mon, 14 Sep 2026 17:18:00 GMT",https://media.app.artisio.co/media/3fc437c0-fdbb-4208-955a-90293eab416d/inventory/89191db5-8910-47b5-8a68-7a4b60add51c/ba4a51c2-3a07-49a7-b6e9-c2c8508a41b8/0001_bLWFFe_sm.jpeg;https://media.app.artisio.co/media/3fc437c0-fdbb-4208-955a-90293eab416d/inventory/89191db5-8910-47b5-8a68-7a4b60add51c/82b14de1-3f2c-4902-9ada-07365db44ecb/0002_EpQECA_sm.jpeg;https://media.app.artisio.co/media/3fc437c0-fdbb-4208-955a-90293eab416d/inventory/89191db5-8910-47b5-8a68-7a4b60add51c/3cea8aaf-9bd5-4131-8f56-88b8d1b0d7a8/0003_HTWnlf_sm.jpeg;https://media.app.artisio.co/media/3fc437c0-fdbb-4208-955a-90293eab416d/inventory/89191db5-8910-47b5-8a68-7a4b60add51c/a1deafd9-8503-49ed-a2c2-bc88de965424/0004_UMjFJr_sm.jpeg;https://media.app.artisio.co/media/3fc437c0-fdbb-4208-955a-90293eab416d/inventory/89191db5-8910-47b5-8a68-7a4b60add51c/bdcf4779-c5c1-4cd2-ae3b-c2142b7d8447/0005_tzxXqK_sm.jpeg,5,"{""artist_retail_right"": true, ""comments"": null, ""condition"": null, ""condition_report"": null, ""dimensions"": null, ""extra_text"": null, ""footnote"": null, ""header"": null, ""internal_reference"": null, ""literature"": null, ""origin_exhibition_lite"": null, ""painter_artist_school"": ""Eppe de Haan (1949)"", ""period"": null, ""signature_dating"": null, ""technique_size"": ""bronze with golden brown patina on  a hardstone pedestal, bronze: 12x11x7 cm, overall H. 117 cm (incl. pedestal)"", ""title"": ""Fragment (Head)"", ""total"": null, ""weight_size_quality"": null}"
b5ff9db4-af69-43b2-8a9d-c011030c4cd8,1033,26-0626/54,cf6791c9-ca51-4cf7-a7d7-ec9c22d7e67d,730,Sculpting Beauty: Spotlight on a Private Collection,Sculpturen ,Fragment (Head and Shoulder),"Eppe de Haan (1949), Fragment (Head and Shoulder)","<h3>Painter / Artist / School</h3>Eppe de Haan (1949)<h3>Technique / Size</h3>bronze with black green patina, H. 16 cm",published,EUR,300.0,500.0,200.0,,,1,0,,,True,"Mon, 31 Aug 2026 08:00:00 GMT","Mon, 14 Sep 2026 17:18:00 GMT",https://media.app.artisio.co/media/3fc437c0-fdbb-4208-955a-90293eab416d/inventory/5a4893f5-7d3d-433b-b2a7-a8dca8739a2c/ea3bd811-fabe-4c3b-a651-3d897b404a3c/00001_czIABc_sm.jpeg;https://media.app.artisio.co/media/3fc437c0-fdbb-4208-955a-90293eab416d/inventory/5a4893f5-7d3d-433b-b2a7-a8dca8739a2c/d2fc96b1-5579-42f4-93da-8f1ba7cb7ec1/0001_SSceze_sm.jpeg;https://media.app.artisio.co/media/3fc437c0-fdbb-4208-955a-90293eab416d/inventory/5a4893f5-7d3d-433b-b2a7-a8dca8739a2c/f90e0210-efef-4be8-8da9-0ea7d8d3b277/0003_LfDmHG_sm.jpeg;https://media.app.artisio.co/media/3fc437c0-fdbb-4208-955a-90293eab416d/inventory/5a4893f5-7d3d-433b-b2a7-a8dca8739a2c/385a4d0f-6d0c-4b93-8325-3d4164071494/0004_IOQgeR_sm.jpeg;https://media.app.artisio.co/media/3fc437c0-fdbb-4208-955a-90293eab416d/inventory/5a4893f5-7d3d-433b-b2a7-a8dca8739a2c/3a6a58a4-f6fc-42a0-baad-59e9ef144d23/0005_DlzjnF_sm.jpeg;https://media.app.artisio.co/media/3fc437c0-fdbb-4208-955a-90293eab416d/inventory/5a4893f5-7d3d-433b-b2a7-a8dca8739a2c/798d9b21-6c94-4b90-8767-8ba706fd155b/0006_SoDhDX_sm.jpeg,6,"{""artist_retail_right"": true, ""comments"": null, ""condition"": null, ""condition_report"": null, ""dimensions"": null, ""extra_text"": null, ""footnote"": null, ""header"": null, ""internal_reference"": null, ""literature"": null, ""origin_exhibition_lite"": null, ""painter_artist_school"": ""Eppe de Haan (1949)"", ""period"": null, ""signature_dating"": null, ""technique_size"": ""bronze with black green patina, H. 16 cm"", ""title"": ""Fragment (Head and Shoulder)"", ""total"": null, ""weight_size_quality"": null}"
fdc83152-6a50-401d-bb16-23d54bee811f,1034,26-0626/22,cf6791c9-ca51-4cf7-a7d7-ec9c22d7e67d,730,Sculpting Beauty: Spotlight on a Private Collection,Sculpturen ,Unitas in Diversitate,"Eppe de Haan (1949), Unitas in Diversitate","<h3>Painter / Artist / School</h3>Eppe de Haan (1949)<h3>Technique / Size</h3>white-gray marble on a marble base, H. 50 cm Executed in 2002.",published,EUR,3000.0,4000.0,3000.0,3000.0,,1,0,,,True,"Mon, 31 Aug 2026 08:00:00 GMT","Mon, 14 Sep 2026 17:18:00 GMT",https://media.app.artisio.co/media/3fc437c0-fdbb-4208-955a-90293eab416d/inventory/580a5ec4-fc73-40b7-bed7-d3bea912efbd/b4c8bc67-17c6-4aa5-8569-15802a8bac23/0002_zOfEAA_sm.jpeg;https://media.app.artisio.co/media/3fc437c0-fdbb-4208-955a-90293eab416d/inventory/580a5ec4-fc73-40b7-bed7-d3bea912efbd/f4820654-f4b8-4b75-b40c-750ff9440a6c/0003_uPjaRg_sm.jpeg;https://media.app.artisio.co/media/3fc437c0-fdbb-4208-955a-90293eab416d/inventory/580a5ec4-fc73-40b7-bed7-d3bea912efbd/32cef1fa-3a39-488a-9028-b8c5129e9947/0004_NjtqvD_sm.jpeg;https://media.app.artisio.co/media/3fc437c0-fdbb-4208-955a-90293eab416d/inventory/580a5ec4-fc73-40b7-bed7-d3bea912efbd/f76f7994-57de-4115-9abc-5034f5240e1a/0005_yWglnF_sm.jpeg;https://media.app.artisio.co/media/3fc437c0-fdbb-4208-955a-90293eab416d/inventory/580a5ec4-fc73-40b7-bed7-d3bea912efbd/c1293b70-58f6-4ad0-9f2b-9ab12b3a1d92/0006_qHuwfV_sm.jpeg,5,"{""artist_retail_right"": true, ""comments"": null, ""condition"": null, ""condition_report"": null, ""dimensions"": null, ""extra_text"": null, ""footnote"": null, ""header"": null, ""internal_reference"": null, ""literature"": null, ""origin_exhibition_lite"": null, ""painter_artist_school"": ""Eppe de Haan (1949)"", ""period"": null, ""signature_dating"": null, ""technique_size"": ""white-gray marble on a marble base, H. 50 cm Executed in 2002."", ""title"": ""Unitas in Diversitate"", ""total"": null, ""weight_size_quality"": null}"
50472be0-889c-44e9-9bec-bbca4dd87523,1035,26-0626/32,cf6791c9-ca51-4cf7-a7d7-ec9c22d7e67d,730,Sculpting Beauty: Spotlight on a Private Collection,Sculpturen ,Female Nude,"Eppe de Haan (1949), Female Nude","<h3>Painter / Artist / School</h3>Eppe de Haan (1949)<h3>Technique / Size</h3>white marble, H. 45,5 cm",published,EUR,2000.0,3000.0,2000.0,,,1,0,,,True,"Mon, 31 Aug 2026 08:00:00 GMT","Mon, 14 Sep 2026 17:18:00 GMT",https://media.app.artisio.co/media/3fc437c0-fdbb-4208-955a-90293eab416d/inventory/c1dee3c7-ab37-47b7-a4bf-7e91130b29bf/141a5b42-25ea-4653-a217-8a5164b3dd4e/0001_atkNCD_sm.jpeg;https://media.app.artisio.co/media/3fc437c0-fdbb-4208-955a-90293eab416d/inventory/c1dee3c7-ab37-47b7-a4bf-7e91130b29bf/e5e445fe-162d-407c-814e-82c9acc6f5a6/0002_mkOytE_sm.jpeg;https://media.app.artisio.co/media/3fc437c0-fdbb-4208-955a-90293eab416d/inventory/c1dee3c7-ab37-47b7-a4bf-7e91130b29bf/db775cea-d152-492c-b36f-34c982cea672/0003_gkqRxP_sm.jpeg;https://media.app.artisio.co/media/3fc437c0-fdbb-4208-955a-90293eab416d/inventory/c1dee3c7-ab37-47b7-a4bf-7e91130b29bf/e17e2119-07fe-41b5-aaf3-168c4f04b2d6/0004_LQFPnH_sm.jpeg;https://media.app.artisio.co/media/3fc437c0-fdbb-4208-955a-90293eab416d/inventory/c1dee3c7-ab37-47b7-a4bf-7e91130b29bf/041e51c9-a33a-41e6-8588-4bf9d6597eea/0005_egqJeT_sm.jpeg;https://media.app.artisio.co/media/3fc437c0-fdbb-4208-955a-90293eab416d/inventory/c1dee3c7-ab37-47b7-a4bf-7e91130b29bf/834e4eb8-0c43-4265-907f-20b2dd65b3d9/0006_tLZqtg_sm.jpeg,6,"{""artist_retail_right"": true, ""comments"": null, ""condition"": null, ""condition_report"": null, ""dimensions"": null, ""extra_text"": null, ""footnote"": null, ""header"": null, ""internal_reference"": null, ""literature"": null, ""origin_exhibition_lite"": null, ""painter_artist_school"": ""Eppe de Haan (1949)"", ""period"": null, ""signature_dating"": null, ""technique_size"": ""white marble, H. 45,5 cm "", ""title"": ""Female Nude"", ""total"": null, ""weight_size_quality"": null}"
fa236953-4fca-49a0-82c1-2127a4cab82e,1036,26-0626/34,cf6791c9-ca51-4cf7-a7d7-ec9c22d7e67d,730,Sculpting Beauty: Spotlight on a Private Collection,Sculpturen ,Head,"Peter Harskamp (1951), Head","<h3>Painter / Artist / School</h3>Peter Harskamp (1951)<h3>Technique / Size</h3>bronze with green patina, ca. 22x25x15 cm<h3>Signature / Dating</h3>stamped with intials (on the back of the head)",published,EUR,500.0,800.0,400.0,400.0,,1,0,,,True,"Mon, 31 Aug 2026 08:00:00 GMT","Mon, 14 Sep 2026 17:18:00 GMT",https://media.app.artisio.co/media/3fc437c0-fdbb-4208-955a-90293eab416d/inventory/2c2463cc-58a4-4d44-9a1f-30f0c70d9642/32500b51-6ea6-481b-b482-d681cae80efb/0001_tAxePf_sm.jpeg;https://media.app.artisio.co/media/3fc437c0-fdbb-4208-955a-90293eab416d/inventory/2c2463cc-58a4-4d44-9a1f-30f0c70d9642/a9b91f9c-8f7e-4ed0-92e6-6da1bfc5e5f4/0002_NWrxNb_sm.jpeg;https://media.app.artisio.co/media/3fc437c0-fdbb-4208-955a-90293eab416d/inventory/2c2463cc-58a4-4d44-9a1f-30f0c70d9642/bc7402a1-cdd6-4aba-86ab-1133b60603e7/0003_WIBaSy_sm.jpeg;https://media.app.artisio.co/media/3fc437c0-fdbb-4208-955a-90293eab416d/inventory/2c2463cc-58a4-4d44-9a1f-30f0c70d9642/84a69614-fefb-4282-b26e-11a63a19083d/0004_FmWsNC_sm.jpeg;https://media.app.artisio.co/media/3fc437c0-fdbb-4208-955a-90293eab416d/inventory/2c2463cc-58a4-4d44-9a1f-30f0c70d9642/aebe63ba-e2aa-4c53-8d0f-bc30501d8abb/0005_YSGSZN_sm.jpeg;https://media.app.artisio.co/media/3fc437c0-fdbb-4208-955a-90293eab416d/inventory/2c2463cc-58a4-4d44-9a1f-30f0c70d9642/879f0aea-391e-469f-a39b-52a6ef6a725a/0006_DPLQmB_sm.jpeg;https://media.app.artisio.co/media/3fc437c0-fdbb-4208-955a-90293eab416d/inventory/2c2463cc-58a4-4d44-9a1f-30f0c70d9642/8fedbbd5-7b73-430e-90e6-f5e6f13eb073/0007_FCEEfx_sm.jpeg;https://media.app.artisio.co/media/3fc437c0-fdbb-4208-955a-90293eab416d/inventory/2c2463cc-58a4-4d44-9a1f-30f0c70d9642/b8abe0a6-57ad-45d4-aaf7-bc93f746ebe1/0007a_ETYRzf_sm.jpeg,8,"{""artist_retail_right"": true, ""comments"": null, ""condition"": null, ""condition_report"": null, ""dimensions"": null, ""extra_text"": null, ""footnote"": null, ""header"": null, ""internal_reference"": null, ""literature"": null, ""origin_exhibition_lite"": null, ""painter_artist_school"": ""Peter Harskamp (1951)"", ""period"": null, ""signature_dating"": ""stamped with intials (on the back of the head)"", ""technique_size"": "" bronze with green patina, ca. 22x25x15 cm"", ""title"": ""Head"", ""total"": null, ""weight_size_quality"": null}"
b9428bbd-14b7-4df6-bd19-2f2b3be778fb,1037,26-0626/71,cf6791c9-ca51-4cf7-a7d7-ec9c22d7e67d,730,Sculpting Beauty: Spotlight on a Private Collection,Sculpturen ,Reclining Female Nude,"Monica van Dael (1943), Reclining Female Nude","<h3>Painter / Artist / School</h3>Monica van Dael (1943)<h3>Technique / Size</h3>bronze with greyish-green patina, ca. 12x12x16 cm<h3>Signature / Dating</h3>signed with initials and numbered 'MD 5/5' (on the side)",published,EUR,100.0,200.0,80.0,,,1,1,80.0,80.0,True,"Mon, 31 Aug 2026 08:00:00 GMT","Mon, 14 Sep 2026 17:21:00 GMT",https://media.app.artisio.co/media/3fc437c0-fdbb-4208-955a-90293eab416d/inventory/834f523f-8f7d-4f27-a7c3-a391c6b6ab43/f6048964-73d3-4987-92c9-c7096cf89c47/0001_AMTCeW_sm.jpeg;https://media.app.artisio.co/media/3fc437c0-fdbb-4208-955a-90293eab416d/inventory/834f523f-8f7d-4f27-a7c3-a391c6b6ab43/a62653f8-da72-4387-b722-ac612840bba0/0002_wSJaux_sm.jpeg;https://media.app.artisio.co/media/3fc437c0-fdbb-4208-955a-90293eab416d/inventory/834f523f-8f7d-4f27-a7c3-a391c6b6ab43/0e9349a7-b43a-4c25-a493-00da054ba24b/0003_pxxJwo_sm.jpeg;https://media.app.artisio.co/media/3fc437c0-fdbb-4208-955a-90293eab416d/inventory/834f523f-8f7d-4f27-a7c3-a391c6b6ab43/53289c08-25de-43ba-bda8-703ae754e614/0004_ethvth_sm.jpeg;https://media.app.artisio.co/media/3fc437c0-fdbb-4208-955a-90293eab416d/inventory/834f523f-8f7d-4f27-a7c3-a391c6b6ab43/d4bcc0c9-b276-4e12-9907-fb48cb37af61/0005_ylcydq_sm.jpeg;https://media.app.artisio.co/media/3fc437c0-fdbb-4208-955a-90293eab416d/inventory/834f523f-8f7d-4f27-a7c3-a391c6b6ab43/7aeb3d35-f3ff-4e84-a813-bd48628d56e8/0006_IjluqU_sm.jpeg;https://media.app.artisio.co/media/3fc437c0-fdbb-4208-955a-90293eab416d/inventory/834f523f-8f7d-4f27-a7c3-a391c6b6ab43/033231bc-2860-43d8-9798-bfd1f853d72c/0007_mOPxIc_sm.jpeg,7,"{""artist_retail_right"": true, ""comments"": null, ""condition"": null, ""condition_report"": null, ""dimensions"": null, ""extra_text"": null, ""footnote"": null, ""header"": null, ""internal_reference"": null, ""literature"": null, ""origin_exhibition_lite"": null, ""painter_artist_school"": ""Monica van Dael (1943)"", ""period"": null, ""signature_dating"": ""signed with initials and numbered 'MD 5/5' (on the side)"", ""technique_size"": ""bronze with greyish-green patina, ca. 12x12x16 cm "", ""title"": ""Reclining Female Nude"", ""total"": null, ""weight_size_quality"": null}"
8bf41199-a859-4797-b743-3084d394b4d2,1038,26-0626/68,cf6791c9-ca51-4cf7-a7d7-ec9c22d7e67d,730,Sculpting Beauty: Spotlight on a Private Collection,Sculpturen ,Woman taking a bath with her cat by the side,"Loek Bos (1946), Woman taking a bath with her cat by the side","<h3>Painter / Artist / School</h3>Loek Bos (1946)<h3>Technique / Size</h3>black patined bronze and epoxy, ca. 22x34x17 cm",published,EUR,300.0,500.0,200.0,,,1,1,200.0,200.0,True,"Mon, 31 Aug 2026 08:00:00 GMT","Mon, 14 Sep 2026 17:21:00 GMT",https://media.app.artisio.co/media/3fc437c0-fdbb-4208-955a-90293eab416d/inventory/7e410d21-9bf9-47a7-b356-739d61d37dd8/d4afbf74-4782-4078-8168-0b5b3f81b818/0001_zMrbWL_sm.jpeg;https://media.app.artisio.co/media/3fc437c0-fdbb-4208-955a-90293eab416d/inventory/7e410d21-9bf9-47a7-b356-739d61d37dd8/390f0a38-80e4-48c7-b5fc-0b252c0051c5/0002_LuwpCX_sm.jpeg;https://media.app.artisio.co/media/3fc437c0-fdbb-4208-955a-90293eab416d/inventory/7e410d21-9bf9-47a7-b356-739d61d37dd8/30c8af38-7b44-4daa-8348-9892f930a464/0003_qbTrlx_sm.jpeg;https://media.app.artisio.co/media/3fc437c0-fdbb-4208-955a-90293eab416d/inventory/7e410d21-9bf9-47a7-b356-739d61d37dd8/e28e7d71-d2ca-4f18-8064-9b4f923768f4/0004_muFAxE_sm.jpeg,4,"{""artist_retail_right"": true, ""comments"": null, ""condition"": null, ""condition_report"": null, ""dimensions"": null, ""extra_text"": null, ""footnote"": null, ""header"": null, ""internal_reference"": null, ""literature"": null, ""origin_exhibition_lite"": null, ""painter_artist_school"": ""Loek Bos (1946)"", ""period"": null, ""signature_dating"": null, ""technique_size"": ""black patined bronze and epoxy, ca. 22x34x17 cm"", ""title"": ""Woman taking a bath with her cat by the side"", ""total"": null, ""weight_size_quality"": null}"
ab5c2ab6-938e-43e7-92f2-41c72a16b8f3,1039,26-0626/26,cf6791c9-ca51-4cf7-a7d7-ec9c22d7e67d,730,Sculpting Beauty: Spotlight on a Private Collection,Sculpturen ,Playing kittens,"Frits Stapel (1910-1987), Playing kittens","<h3>Painter / Artist / School</h3>Frits Stapel (1910-1987)<h3>Technique / Size</h3>four bronzes with dark brown patina, heights from 6 cm up to 12,5 cm<h3>Signature / Dating</h3>monogrammed F.S.",published,EUR,200.0,300.0,100.0,,,1,1,100.0,100.0,True,"Mon, 31 Aug 2026 08:00:00 GMT","Mon, 14 Sep 2026 17:21:00 GMT",https://media.app.artisio.co/media/3fc437c0-fdbb-4208-955a-90293eab416d/inventory/6b25f749-2bd5-43e0-9250-de1d5d112eed/0de29399-4a65-4bc1-b301-cb1496e1bf30/0002_XZAiDg_sm.jpeg;https://media.app.artisio.co/media/3fc437c0-fdbb-4208-955a-90293eab416d/inventory/6b25f749-2bd5-43e0-9250-de1d5d112eed/ecee659c-41c6-4575-a08f-448c1fff5fe4/0003_SLoVgO_sm.jpeg;https://media.app.artisio.co/media/3fc437c0-fdbb-4208-955a-90293eab416d/inventory/6b25f749-2bd5-43e0-9250-de1d5d112eed/17c4f31f-d9dd-4153-beab-bedd04af163a/0004_wjCdRW_sm.jpeg;https://media.app.artisio.co/media/3fc437c0-fdbb-4208-955a-90293eab416d/inventory/6b25f749-2bd5-43e0-9250-de1d5d112eed/a4311155-4b36-4b84-a16e-253bc9341baf/0005_stkrhK_sm.jpeg;https://media.app.artisio.co/media/3fc437c0-fdbb-4208-955a-90293eab416d/inventory/6b25f749-2bd5-43e0-9250-de1d5d112eed/b242ed18-81b4-47a0-9208-3fc8188a537c/0006_gjEBKf_sm.jpeg;https://media.app.artisio.co/media/3fc437c0-fdbb-4208-955a-90293eab416d/inventory/6b25f749-2bd5-43e0-9250-de1d5d112eed/3df88f6f-5340-46cb-a3c3-90fd9e4fa588/0007_yutqQC_sm.jpeg,6,"{""artist_retail_right"": true, ""comments"": null, ""condition"": null, ""condition_report"": null, ""dimensions"": null, ""extra_text"": null, ""footnote"": null, ""header"": null, ""internal_reference"": null, ""literature"": null, ""origin_exhibition_lite"": null, ""painter_artist_school"": ""Frits Stapel (1910-1987)"", ""period"": null, ""signature_dating"": ""monogrammed F.S."", ""technique_size"": ""four bronzes with dark brown patina, heights from 6 cm up to 12,5 cm"", ""title"": ""Playing kittens"", ""total"": null, ""weight_size_quality"": null}"
a2726fdf-bbbb-4c37-baf3-c349608be569,1040,26-0626/55,cf6791c9-ca51-4cf7-a7d7-ec9c22d7e67d,730,Sculpting Beauty: Spotlight on a Private Collection,Sculpturen ,Reclining Nude,"Sybille de Braak (1947), Reclining Nude","<h3>Painter / Artist / School</h3>Sybille de Braak (1947)<h3>Technique / Size</h3>messing, 8x19x11 cm<h3>Signature / Dating</h3>signed 'SYBILLE' (on the side)",published,EUR,200.0,300.0,100.0,100.0,,1,0,,,True,"Mon, 31 Aug 2026 08:00:00 GMT","Mon, 14 Sep 2026 17:21:00 GMT",https://media.app.artisio.co/media/3fc437c0-fdbb-4208-955a-90293eab416d/inventory/21a479f0-a71b-458d-a32c-91620de586cc/414b85c8-8ee8-48ef-a5f1-819b103221e0/0001_gSHVWB_sm.jpeg;https://media.app.artisio.co/media/3fc437c0-fdbb-4208-955a-90293eab416d/inventory/21a479f0-a71b-458d-a32c-91620de586cc/b2be6355-dd7a-463b-9073-ab8e81d8a8c2/0002_sXYmCr_sm.jpeg;https://media.app.artisio.co/media/3fc437c0-fdbb-4208-955a-90293eab416d/inventory/21a479f0-a71b-458d-a32c-91620de586cc/6b722cc8-96d7-48f4-b751-7f4aa74dab3c/0003_uDtYiD_sm.jpeg,3,"{""artist_retail_right"": true, ""comments"": null, ""condition"": null, ""condition_report"": null, ""dimensions"": null, ""extra_text"": null, ""footnote"": null, ""header"": null, ""internal_reference"": null, ""literature"": null, ""origin_exhibition_lite"": null, ""painter_artist_school"": ""Sybille de Braak (1947)"", ""period"": null, ""signature_dating"": ""signed 'SYBILLE' (on the side)"", ""technique_size"": ""messing, 8x19x11 cm"", ""title"": ""Reclining Nude"", ""total"": null, ""weight_size_quality"": null}"
1c1b10a2-7a0e-4ae5-acc4-0c24325ddbbb,1041,26-0626/69,cf6791c9-ca51-4cf7-a7d7-ec9c22d7e67d,730,Sculpting Beauty: Spotlight on a Private Collection,Sculpturen ,Figure riding on a bird,"Unknown artist (20e century), Figure riding on a bird","<h3>Painter / Artist / School</h3>Unknown artist (20e century)<h3>Technique / Size</h3>bronze with greenish gray patina, ca. 31x24x9 cm<h3>Signature / Dating</h3>stamped with initials, numbered, and dated 'BM 2/25 97' (on the base)",published,EUR,300.0,500.0,100.0,,,1,0,,,True,"Mon, 31 Aug 2026 08:00:00 GMT","Mon, 14 Sep 2026 17:21:00 GMT",https://media.app.artisio.co/media/3fc437c0-fdbb-4208-955a-90293eab416d/inventory/f6754856-1c98-4396-b5f1-5cd331073afa/d667f590-53e1-40f5-8eb1-c12d01fd3db8/0001_DnVLIs_sm.jpeg;https://media.app.artisio.co/media/3fc437c0-fdbb-4208-955a-90293eab416d/inventory/f6754856-1c98-4396-b5f1-5cd331073afa/4663eed1-3b35-42b4-92f6-fcebabec4ec2/0002_rNnssP_sm.jpeg;https://media.app.artisio.co/media/3fc437c0-fdbb-4208-955a-90293eab416d/inventory/f6754856-1c98-4396-b5f1-5cd331073afa/6eee560f-6b16-497c-b5ef-1f96f3a21f84/0003_mHqgCp_sm.jpeg;https://media.app.artisio.co/media/3fc437c0-fdbb-4208-955a-90293eab416d/inventory/f6754856-1c98-4396-b5f1-5cd331073afa/4bcbc68d-d153-4fd6-bad4-af232333fb0d/0004_KPZTtU_sm.jpeg;https://media.app.artisio.co/media/3fc437c0-fdbb-4208-955a-90293eab416d/inventory/f6754856-1c98-4396-b5f1-5cd331073afa/3632d847-38cb-4e4d-b451-5f6b10168d7b/0005_liiMTs_sm.jpeg;https://media.app.artisio.co/media/3fc437c0-fdbb-4208-955a-90293eab416d/inventory/f6754856-1c98-4396-b5f1-5cd331073afa/a4dd9ab2-a846-45de-9104-1ff92eeacf4c/0006_WMllZL_sm.jpeg,6,"{""artist_retail_right"": true, ""comments"": null, ""condition"": null, ""condition_report"": null, ""dimensions"": null, ""extra_text"": null, ""footnote"": null, ""header"": null, ""internal_reference"": null, ""literature"": null, ""origin_exhibition_lite"": null, ""painter_artist_school"": ""Unknown artist (20e century)"", ""period"": null, ""signature_dating"": ""stamped with initials, numbered, and dated 'BM 2/25 97' (on the base)"", ""technique_size"": ""bronze with greenish gray patina, ca. 31x24x9 cm"", ""title"": ""Figure riding on a bird"", ""total"": null, ""weight_size_quality"": null}"
2b402ab4-9444-4d3e-8176-c7586d654025,1042,26-0626/74,cf6791c9-ca51-4cf7-a7d7-ec9c22d7e67d,730,Sculpting Beauty: Spotlight on a Private Collection,Sculpturen ,Untitled (Head),"Eppe de Haan (1949), Untitled (Head)","<h3>Painter / Artist / School</h3>Eppe de Haan (1949)<h3>Technique / Size</h3>white marble, 15x18x9,5 cm<h3>Signature / Dating</h3>signed and dated 'Eppe 99' (underneath)",published,EUR,500.0,700.0,400.0,,,1,0,,,True,"Mon, 31 Aug 2026 08:00:00 GMT","Mon, 14 Sep 2026 17:21:00 GMT",https://media.app.artisio.co/media/3fc437c0-fdbb-4208-955a-90293eab416d/inventory/2dd14352-3035-4fce-9038-64fc477c156b/61ea87bb-6a39-4007-912d-f483ce9273d2/0001_eHsTqt_sm.jpeg;https://media.app.artisio.co/media/3fc437c0-fdbb-4208-955a-90293eab416d/inventory/2dd14352-3035-4fce-9038-64fc477c156b/8c3f37ad-4546-44f3-aa12-359f1528e8b1/0002_NuitPV_sm.jpeg;https://media.app.artisio.co/media/3fc437c0-fdbb-4208-955a-90293eab416d/inventory/2dd14352-3035-4fce-9038-64fc477c156b/88e0b19f-e925-46b4-93a1-d8b271d6d6e4/0003_VBVAfh_sm.jpeg;https://media.app.artisio.co/media/3fc437c0-fdbb-4208-955a-90293eab416d/inventory/2dd14352-3035-4fce-9038-64fc477c156b/6b628973-c313-421b-91b1-8b92f341173c/0004_KlrfBt_sm.jpeg;https://media.app.artisio.co/media/3fc437c0-fdbb-4208-955a-90293eab416d/inventory/2dd14352-3035-4fce-9038-64fc477c156b/4964673f-b6d0-4474-8f6c-b84a08116233/0005_GjroHg_sm.jpeg;https://media.app.artisio.co/media/3fc437c0-fdbb-4208-955a-90293eab416d/inventory/2dd14352-3035-4fce-9038-64fc477c156b/6a347832-455a-4f51-8d9b-79b6c199a33b/0006_bGtRjd_sm.jpeg;https://media.app.artisio.co/media/3fc437c0-fdbb-4208-955a-90293eab416d/inventory/2dd14352-3035-4fce-9038-64fc477c156b/8d371bce-f00a-460b-a6c7-e88403443303/0007_MIeaoz_sm.jpeg,7,"{""artist_retail_right"": true, ""comments"": null, ""condition"": null, ""condition_report"": null, ""dimensions"": null, ""extra_text"": null, ""footnote"": null, ""header"": null, ""internal_reference"": null, ""literature"": null, ""origin_exhibition_lite"": null, ""painter_artist_school"": ""Eppe de Haan (1949)"", ""period"": null, ""signature_dating"": ""signed and dated 'Eppe 99' (underneath)"", ""technique_size"": ""white marble, 15x18x9,5 cm"", ""title"": ""Untitled (Head)"", ""total"": null, ""weight_size_quality"": null}"
942d9a8c-be64-4fe9-9dcf-57f385328a33,1043,26-0626/73,cf6791c9-ca51-4cf7-a7d7-ec9c22d7e67d,730,Sculpting Beauty: Spotlight on a Private Collection,Sculpturen ,Untitled (Head),"Eppe de Haan (1949), Untitled (Head)","<h3>Painter / Artist / School</h3>Eppe de Haan (1949)<h3>Technique / Size</h3>white-grey marble, 15x14x9 cm<h3>Signature / Dating</h3>signed and dated 'Eppe 97' (on the side)",published,EUR,400.0,600.0,200.0,200.0,,1,0,,,True,"Mon, 31 Aug 2026 08:00:00 GMT","Mon, 14 Sep 2026 17:24:00 GMT",https://media.app.artisio.co/media/3fc437c0-fdbb-4208-955a-90293eab416d/inventory/a7910ead-abf3-44eb-900d-a09cd1c100e3/d748b5d7-e712-4280-9d5a-306ef0c9a66b/00002_ZTNUlQ_sm.jpeg;https://media.app.artisio.co/media/3fc437c0-fdbb-4208-955a-90293eab416d/inventory/a7910ead-abf3-44eb-900d-a09cd1c100e3/b7a8937f-2d7f-41b4-ae90-90a728d641fc/0002_bIoCMb_sm.jpeg;https://media.app.artisio.co/media/3fc437c0-fdbb-4208-955a-90293eab416d/inventory/a7910ead-abf3-44eb-900d-a09cd1c100e3/d455c41b-c5a9-4fc9-b7f8-a42114c1f211/0004_ziqwGW_sm.jpeg;https://media.app.artisio.co/media/3fc437c0-fdbb-4208-955a-90293eab416d/inventory/a7910ead-abf3-44eb-900d-a09cd1c100e3/ca40c28b-9814-4551-b194-320610d7073b/0004a_UPEOpZ_sm.jpeg;https://media.app.artisio.co/media/3fc437c0-fdbb-4208-955a-90293eab416d/inventory/a7910ead-abf3-44eb-900d-a09cd1c100e3/080e385b-e2f7-4526-904e-f312cbc852a2/0004b_WWHvqj_sm.jpeg,5,"{""artist_retail_right"": true, ""comments"": null, ""condition"": null, ""condition_report"": null, ""dimensions"": null, ""extra_text"": null, ""footnote"": null, ""header"": null, ""internal_reference"": null, ""literature"": null, ""origin_exhibition_lite"": null, ""painter_artist_school"": ""Eppe de Haan (1949)"", ""period"": null, ""signature_dating"": ""signed and dated 'Eppe 97' (on the side)"", ""technique_size"": ""white-grey marble, 15x14x9 cm"", ""title"": ""Untitled (Head)"", ""total"": null, ""weight_size_quality"": null}"
b88752c9-20e8-4187-8cc9-1e72c9ee43f7,1044,26-0626/76,cf6791c9-ca51-4cf7-a7d7-ec9c22d7e67d,730,Sculpting Beauty: Spotlight on a Private Collection,Sculpturen ,Untitled,"Eppe de Haan (1949), Untitled","<h3>Painter / Artist / School</h3>Eppe de Haan (1949)<h3>Technique / Size</h3>white marble on hardstone base,  H. 48 cm",published,EUR,2000.0,3000.0,2000.0,2000.0,,1,0,,,True,"Mon, 31 Aug 2026 08:00:00 GMT","Mon, 14 Sep 2026 17:24:00 GMT",https://media.app.artisio.co/media/3fc437c0-fdbb-4208-955a-90293eab416d/inventory/ec7976be-2d8c-47c7-8164-d6a0fe43e750/b6d146e1-b990-4824-8c82-063e10cd99ea/0001_HJAANw_sm.jpeg;https://media.app.artisio.co/media/3fc437c0-fdbb-4208-955a-90293eab416d/inventory/ec7976be-2d8c-47c7-8164-d6a0fe43e750/160713e5-2e6d-4812-b4bf-bb0817035535/0002_ZapLou_sm.jpeg;https://media.app.artisio.co/media/3fc437c0-fdbb-4208-955a-90293eab416d/inventory/ec7976be-2d8c-47c7-8164-d6a0fe43e750/991e045f-a68b-488b-aa12-d0ca1d8891ea/0003_CfMACl_sm.jpeg;https://media.app.artisio.co/media/3fc437c0-fdbb-4208-955a-90293eab416d/inventory/ec7976be-2d8c-47c7-8164-d6a0fe43e750/ebc66f2d-9186-43e2-9421-6c443f0b0e74/0004_dRScAz_sm.jpeg;https://media.app.artisio.co/media/3fc437c0-fdbb-4208-955a-90293eab416d/inventory/ec7976be-2d8c-47c7-8164-d6a0fe43e750/47ebf48a-8d88-4a0d-95a8-492e8b50119d/0005_yPAtJZ_sm.jpeg,5,"{""artist_retail_right"": true, ""comments"": null, ""condition"": null, ""condition_report"": null, ""dimensions"": null, ""extra_text"": null, ""footnote"": null, ""header"": null, ""internal_reference"": null, ""literature"": null, ""origin_exhibition_lite"": null, ""painter_artist_school"": ""Eppe de Haan (1949)"", ""period"": null, ""signature_dating"": null, ""technique_size"": ""white marble on hardstone base,  H. 48 cm "", ""title"": ""Untitled"", ""total"": null, ""weight_size_quality"": null}"
fa9e76a6-f220-4b7a-8935-d528ff4f7cdb,1045,26-0626/9,cf6791c9-ca51-4cf7-a7d7-ec9c22d7e67d,730,Sculpting Beauty: Spotlight on a Private Collection,Sculpturen ,Kneeling Female Torso,"Hanneke Pereboom (1956), Kneeling Female Torso","<h3>Painter / Artist / School</h3>Hanneke Pereboom (1956)<h3>Technique / Size</h3>alabaster on a hardstone base, H. 37 cm (incl. base)<h3>Signature / Dating</h3>incised with initials 'HP' (on the foot)",published,EUR,400.0,600.0,250.0,,,1,0,,,True,"Mon, 31 Aug 2026 08:00:00 GMT","Mon, 14 Sep 2026 17:24:00 GMT",https://media.app.artisio.co/media/3fc437c0-fdbb-4208-955a-90293eab416d/inventory/43d689fb-d4b7-484c-8e6a-6af5c7a617d0/3b4f258f-1280-4217-90a8-83217e399d24/0001_WPCTsG_sm.jpeg;https://media.app.artisio.co/media/3fc437c0-fdbb-4208-955a-90293eab416d/inventory/43d689fb-d4b7-484c-8e6a-6af5c7a617d0/f13d0663-ecd6-406f-8b64-5e799584843d/0002_tSWbTC_sm.jpeg;https://media.app.artisio.co/media/3fc437c0-fdbb-4208-955a-90293eab416d/inventory/43d689fb-d4b7-484c-8e6a-6af5c7a617d0/74231f97-cbd0-4bde-ab5c-ee7105150fad/0003_rVYSzN_sm.jpeg;https://media.app.artisio.co/media/3fc437c0-fdbb-4208-955a-90293eab416d/inventory/43d689fb-d4b7-484c-8e6a-6af5c7a617d0/1d0698ab-48f0-405c-86dc-d915974bcbf8/0004_IvGXGS_sm.jpeg;https://media.app.artisio.co/media/3fc437c0-fdbb-4208-955a-90293eab416d/inventory/43d689fb-d4b7-484c-8e6a-6af5c7a617d0/4e04c0f9-4eee-4d61-b754-4e5418984e5a/0005_ojebbK_sm.jpeg;https://media.app.artisio.co/media/3fc437c0-fdbb-4208-955a-90293eab416d/inventory/43d689fb-d4b7-484c-8e6a-6af5c7a617d0/80ee1380-0768-4150-a7b9-46a4ea5aa2ff/0006_TzrXnr_sm.jpeg,6,"{""artist_retail_right"": true, ""comments"": null, ""condition"": null, ""condition_report"": null, ""dimensions"": null, ""extra_text"": null, ""footnote"": null, ""header"": null, ""internal_reference"": null, ""literature"": null, ""origin_exhibition_lite"": null, ""painter_artist_school"": ""Hanneke Pereboom (1956)"", ""period"": null, ""signature_dating"": ""incised with initials 'HP' (on the foot)"", ""technique_size"": ""alabaster on a hardstone base, H. 37 cm (incl. base)"", ""title"": ""Kneeling Female Torso"", ""total"": null, ""weight_size_quality"": null}"
65ca677d-71d9-448c-9f92-2db5eefa06d7,1046,26-0626/98,cf6791c9-ca51-4cf7-a7d7-ec9c22d7e67d,730,Sculpting Beauty: Spotlight on a Private Collection,Sculpturen ,Female Torso,"Dutch School (20th Century), Female Torso","<h3>Painter / Artist / School</h3>Dutch School (20th Century)<h3>Technique / Size</h3>soap (?) stone, on a hardstone base, overall H. 35 cm",published,EUR,150.0,200.0,80.0,,,1,0,,,True,"Mon, 31 Aug 2026 08:00:00 GMT","Mon, 14 Sep 2026 17:24:00 GMT",https://media.app.artisio.co/media/3fc437c0-fdbb-4208-955a-90293eab416d/inventory/f7f77fdd-6820-4c09-95d8-7af69c2ae3a0/8f9abafc-808b-4a6c-b327-77e451bef1c7/0001_MAHKaD_sm.jpeg;https://media.app.artisio.co/media/3fc437c0-fdbb-4208-955a-90293eab416d/inventory/f7f77fdd-6820-4c09-95d8-7af69c2ae3a0/1d93227b-3b0c-4ed8-8cf5-5c3790f66f42/0002_QbmPVh_sm.jpeg;https://media.app.artisio.co/media/3fc437c0-fdbb-4208-955a-90293eab416d/inventory/f7f77fdd-6820-4c09-95d8-7af69c2ae3a0/156bf5b3-8f94-4cda-90a3-dad37542033d/0003_pbtFjb_sm.jpeg;https://media.app.artisio.co/media/3fc437c0-fdbb-4208-955a-90293eab416d/inventory/f7f77fdd-6820-4c09-95d8-7af69c2ae3a0/a6ff089f-8a5f-4f6a-8616-3dfa811821a8/0004_rlBSRx_sm.jpeg;https://media.app.artisio.co/media/3fc437c0-fdbb-4208-955a-90293eab416d/inventory/f7f77fdd-6820-4c09-95d8-7af69c2ae3a0/2a0501b7-967e-49a3-bb63-a5fee1422454/0005_fdMulM_sm.jpeg,5,"{""artist_retail_right"": false, ""comments"": null, ""condition"": null, ""condition_report"": null, ""dimensions"": null, ""extra_text"": null, ""footnote"": null, ""header"": null, ""internal_reference"": null, ""literature"": null, ""origin_exhibition_lite"": null, ""painter_artist_school"": ""Dutch School (20th Century)"", ""period"": null, ""signature_dating"": null, ""technique_size"": ""soap (?) stone, on a hardstone base, overall H. 35 cm"", ""title"": ""Female Torso"", ""total"": null, ""weight_size_quality"": null}"
f6f1ceba-aceb-457a-81ec-82c865a481ec,1047,26-0626/7,cf6791c9-ca51-4cf7-a7d7-ec9c22d7e67d,730,Sculpting Beauty: Spotlight on a Private Collection,Sculpturen ,Female Nude,"Monica van Dael (1943), Female Nude","<h3>Painter / Artist / School</h3>Monica van Dael (1943)<h3>Technique / Size</h3>bronze with greenish blue patina, on a hardstone pedestal, H. 23 cm<h3>Signature / Dating</h3>stamped with initials and dated 'MD. 2/25' (on the side)",published,EUR,200.0,300.0,100.0,,,1,0,,,True,"Mon, 31 Aug 2026 08:00:00 GMT","Mon, 14 Sep 2026 17:24:00 GMT",https://media.app.artisio.co/media/3fc437c0-fdbb-4208-955a-90293eab416d/inventory/04b5c76c-c53f-4f58-9f47-ad99c25e17b6/4d914a9b-8f25-4763-a766-ebdddbce0ca7/0001_yFGpCj_sm.jpeg;https://media.app.artisio.co/media/3fc437c0-fdbb-4208-955a-90293eab416d/inventory/04b5c76c-c53f-4f58-9f47-ad99c25e17b6/76387b67-4382-46be-887a-f2cc97b1cb77/0002_IoRdfm_sm.jpeg;https://media.app.artisio.co/media/3fc437c0-fdbb-4208-955a-90293eab416d/inventory/04b5c76c-c53f-4f58-9f47-ad99c25e17b6/c649dac0-5d9b-41ab-923a-1412c74906a0/0003_evQeNu_sm.jpeg;https://media.app.artisio.co/media/3fc437c0-fdbb-4208-955a-90293eab416d/inventory/04b5c76c-c53f-4f58-9f47-ad99c25e17b6/e45e6157-b80f-4913-b7b9-bc90f9314b04/0004_StnSno_sm.jpeg;https://media.app.artisio.co/media/3fc437c0-fdbb-4208-955a-90293eab416d/inventory/04b5c76c-c53f-4f58-9f47-ad99c25e17b6/2f4abef8-5ef1-4177-997a-0ab88c163d9a/0005_eJwNMA_sm.jpeg;https://media.app.artisio.co/media/3fc437c0-fdbb-4208-955a-90293eab416d/inventory/04b5c76c-c53f-4f58-9f47-ad99c25e17b6/f9065ec6-6a81-4b69-8f29-b6fe8c1dccf0/0006_grYavW_sm.jpeg,6,"{""artist_retail_right"": true, ""comments"": null, ""condition"": null, ""condition_report"": null, ""dimensions"": null, ""extra_text"": null, ""footnote"": null, ""header"": null, ""internal_reference"": null, ""literature"": null, ""origin_exhibition_lite"": null, ""painter_artist_school"": ""Monica van Dael (1943)"", ""period"": null, ""signature_dating"": ""stamped with initials and dated 'MD. 2/25' (on the side)"", ""technique_size"": ""bronze with greenish blue patina, on a hardstone pedestal, H. 23 cm"", ""title"": ""Female Nude"", ""total"": null, ""weight_size_quality"": null}"
8fbc6ae2-2dd8-4398-9970-a02052f6a52a,1048,26-0626/41,cf6791c9-ca51-4cf7-a7d7-ec9c22d7e67d,730,Sculpting Beauty: Spotlight on a Private Collection,Sculpturen ,Violin Players,"Loek Bos (1946), Violin Players","<h3>Painter / Artist / School</h3>Loek Bos (1946)<h3>Technique / Size</h3>bronze with brown patina, on a stone base, H. 54 cm",published,EUR,300.0,500.0,200.0,,,1,0,,,True,"Mon, 31 Aug 2026 08:00:00 GMT","Mon, 14 Sep 2026 17:24:00 GMT",https://media.app.artisio.co/media/3fc437c0-fdbb-4208-955a-90293eab416d/inventory/db95314d-8bd0-4e90-8871-40444410b0c9/e55021a8-b1bd-44d6-b3a9-97f51609e7db/0002_rvOeyy_sm.jpeg;https://media.app.artisio.co/media/3fc437c0-fdbb-4208-955a-90293eab416d/inventory/db95314d-8bd0-4e90-8871-40444410b0c9/1c75398b-2461-40d7-9d32-a0c370a8f28e/0003_DICiPf_sm.jpeg;https://media.app.artisio.co/media/3fc437c0-fdbb-4208-955a-90293eab416d/inventory/db95314d-8bd0-4e90-8871-40444410b0c9/fab166fd-e944-4c54-82b4-e887033a0b4e/0004_IgqZCG_sm.jpeg;https://media.app.artisio.co/media/3fc437c0-fdbb-4208-955a-90293eab416d/inventory/db95314d-8bd0-4e90-8871-40444410b0c9/ad6a0395-ace0-4ca6-889d-431ed0a15487/0005_hnQCsF_sm.jpeg;https://media.app.artisio.co/media/3fc437c0-fdbb-4208-955a-90293eab416d/inventory/db95314d-8bd0-4e90-8871-40444410b0c9/c14a5340-7bc3-4bd2-9e68-07f36b54dcdf/0006_GPZqHH_sm.jpeg,5,"{""artist_retail_right"": true, ""comments"": null, ""condition"": null, ""condition_report"": null, ""dimensions"": null, ""extra_text"": null, ""footnote"": null, ""header"": null, ""internal_reference"": null, ""literature"": null, ""origin_exhibition_lite"": null, ""painter_artist_school"": ""Loek Bos (1946)"", ""period"": null, ""signature_dating"": null, ""technique_size"": ""bronze with brown patina, on a stone base, H. 54 cm"", ""title"": ""Violin Players"", ""total"": null, ""weight_size_quality"": null}"
2cceefa1-76a1-4a98-9e5f-af4c5aa91565,1049,26-0626/21,cf6791c9-ca51-4cf7-a7d7-ec9c22d7e67d,730,Sculpting Beauty: Spotlight on a Private Collection,Sculpturen ,"Sliced Violin, 1994","Arman (1928-2005), Sliced Violin, 1994","<h3>Painter / Artist / School</h3>Arman (1928-2005)<h3>Technique / Size</h3>partially polished bronze, 68x24,5x21 cm<h3>Signature / Dating</h3>incised with signature and numbered 'arman 7/100' (on the side)",published,EUR,4000.0,6000.0,3000.0,3000.0,,1,0,,,True,"Mon, 31 Aug 2026 08:00:00 GMT","Mon, 14 Sep 2026 17:27:00 GMT",https://media.app.artisio.co/media/3fc437c0-fdbb-4208-955a-90293eab416d/inventory/5ee9e7ee-3b9b-4afe-b2c3-63067ac8e9f9/b7be5d8e-d852-4478-bc1b-ad1381168928/0001_XkoXRH_sm.jpeg;https://media.app.artisio.co/media/3fc437c0-fdbb-4208-955a-90293eab416d/inventory/5ee9e7ee-3b9b-4afe-b2c3-63067ac8e9f9/4b6ff2ab-82ff-4c60-90b6-416dc654599b/0002_zVWZdX_sm.jpeg;https://media.app.artisio.co/media/3fc437c0-fdbb-4208-955a-90293eab416d/inventory/5ee9e7ee-3b9b-4afe-b2c3-63067ac8e9f9/10c57553-6c39-4b94-a067-9d099502a9eb/0003_vSbKoM_sm.jpeg;https://media.app.artisio.co/media/3fc437c0-fdbb-4208-955a-90293eab416d/inventory/5ee9e7ee-3b9b-4afe-b2c3-63067ac8e9f9/f834a580-1895-427d-a88d-e1c95ef1fc28/0004_qwNSXU_sm.jpeg;https://media.app.artisio.co/media/3fc437c0-fdbb-4208-955a-90293eab416d/inventory/5ee9e7ee-3b9b-4afe-b2c3-63067ac8e9f9/3914c5b3-06a3-473e-8bb9-49e2cd0ae79e/0005_Tnzsye_sm.jpeg,5,"{""artist_retail_right"": true, ""comments"": null, ""condition"": null, ""condition_report"": null, ""dimensions"": null, ""extra_text"": null, ""footnote"": null, ""header"": null, ""internal_reference"": null, ""literature"": null, ""origin_exhibition_lite"": null, ""painter_artist_school"": ""Arman (1928-2005)"", ""period"": null, ""signature_dating"": ""incised with signature and numbered 'arman 7/100' (on the side)"", ""technique_size"": ""partially polished bronze, 68x24,5x21 cm"", ""title"": ""Sliced Violin, 1994"", ""total"": null, ""weight_size_quality"": null}"
4eafdb7e-e7a8-43b8-aaea-ce8b8973e510,1050,26-0626/61,cf6791c9-ca51-4cf7-a7d7-ec9c22d7e67d,730,Sculpting Beauty: Spotlight on a Private Collection,Sculpturen ,Piano Player,"Loek Bos (1946), Piano Player","<h3>Painter / Artist / School</h3>Loek Bos (1946)<h3>Technique / Size</h3>bronze with brown patina, H. 67 cm<h3>Signature / Dating</h3>signed, dated, and numbered 'L. Bos '93 3/4' (near the bottom)",published,EUR,400.0,600.0,300.0,,,1,0,,,True,"Mon, 31 Aug 2026 08:00:00 GMT","Mon, 14 Sep 2026 17:27:00 GMT",https://media.app.artisio.co/media/3fc437c0-fdbb-4208-955a-90293eab416d/inventory/9d34c6ba-d019-47c7-b4bb-fa4bb60e5fba/f28425c5-43cb-4e84-a1c1-0cc42f1a60d3/0001_BZRbrB_sm.jpeg;https://media.app.artisio.co/media/3fc437c0-fdbb-4208-955a-90293eab416d/inventory/9d34c6ba-d019-47c7-b4bb-fa4bb60e5fba/3b63f081-f5e5-497c-9931-ae6f6a1a36e1/0002_YNVtlq_sm.jpeg;https://media.app.artisio.co/media/3fc437c0-fdbb-4208-955a-90293eab416d/inventory/9d34c6ba-d019-47c7-b4bb-fa4bb60e5fba/aaff9ab5-dc9e-4d29-96ff-3f2b99b6afad/0003_ixIfTG_sm.jpeg;https://media.app.artisio.co/media/3fc437c0-fdbb-4208-955a-90293eab416d/inventory/9d34c6ba-d019-47c7-b4bb-fa4bb60e5fba/89c3f5b9-46ab-4c6c-87d6-9d7a5fb2a809/0004_SsedHA_sm.jpeg,4,"{""artist_retail_right"": true, ""comments"": null, ""condition"": null, ""condition_report"": null, ""dimensions"": null, ""extra_text"": null, ""footnote"": null, ""header"": null, ""internal_reference"": null, ""literature"": null, ""origin_exhibition_lite"": null, ""painter_artist_school"": ""Loek Bos (1946)"", ""period"": null, ""signature_dating"": ""signed, dated, and numbered 'L. Bos '93 3/4' (near the bottom)"", ""technique_size"": ""bronze with brown patina, H. 67 cm"", ""title"": ""Piano Player"", ""total"": null, ""weight_size_quality"": null}"
bf013473-0e4e-4f3e-af76-ab7194f8f5f5,1051,26-0626/3,cf6791c9-ca51-4cf7-a7d7-ec9c22d7e67d,730,Sculpting Beauty: Spotlight on a Private Collection,Sculpturen ,Couple on a bench,"Odile Kinart (1945), Couple on a bench","<h3>Painter / Artist / School</h3>Odile Kinart (1945)<h3>Technique / Size</h3>bronze with brown patina, ca.18,5x19x15 cm<h3>Signature / Dating</h3>signed with initials OK and stamped 2/8 (on the reverse)",published,EUR,1500.0,2000.0,1300.0,1300.0,,1,1,1300.0,1300.0,True,"Mon, 31 Aug 2026 08:00:00 GMT","Mon, 14 Sep 2026 17:27:00 GMT",https://media.app.artisio.co/media/3fc437c0-fdbb-4208-955a-90293eab416d/inventory/145d40aa-22d9-4551-acce-f9111ac9ee73/430616ea-8270-4f8a-8db7-9d0ab9fc2f95/0001_TsOVrA_sm.jpeg;https://media.app.artisio.co/media/3fc437c0-fdbb-4208-955a-90293eab416d/inventory/145d40aa-22d9-4551-acce-f9111ac9ee73/0f3cbe45-183c-406e-8d9e-04c146857954/0002_mZLQjw_sm.jpeg;https://media.app.artisio.co/media/3fc437c0-fdbb-4208-955a-90293eab416d/inventory/145d40aa-22d9-4551-acce-f9111ac9ee73/2175b188-6641-45de-b5ec-019138ab3719/0003_ecVbjd_sm.jpeg;https://media.app.artisio.co/media/3fc437c0-fdbb-4208-955a-90293eab416d/inventory/145d40aa-22d9-4551-acce-f9111ac9ee73/eebd4fe6-18e2-4ee2-87ed-4fe919bf2df9/0004_TTNnOB_sm.jpeg;https://media.app.artisio.co/media/3fc437c0-fdbb-4208-955a-90293eab416d/inventory/145d40aa-22d9-4551-acce-f9111ac9ee73/251978e5-9925-4ec3-8900-230dfd056816/0005_JlTJxL_sm.jpeg;https://media.app.artisio.co/media/3fc437c0-fdbb-4208-955a-90293eab416d/inventory/145d40aa-22d9-4551-acce-f9111ac9ee73/bb6e40e4-3256-4109-b9a2-4e534edd2516/0006_gDQzAu_sm.jpeg,6,"{""artist_retail_right"": true, ""comments"": null, ""condition"": null, ""condition_report"": null, ""dimensions"": null, ""extra_text"": null, ""footnote"": null, ""header"": null, ""internal_reference"": null, ""literature"": null, ""origin_exhibition_lite"": null, ""painter_artist_school"": ""Odile Kinart (1945)"", ""period"": null, ""signature_dating"": ""signed with initials OK and stamped 2/8 (on the reverse) "", ""technique_size"": ""bronze with brown patina, ca.18,5x19x15 cm "", ""title"": ""Couple on a bench"", ""total"": null, ""weight_size_quality"": null}"
a09d3142-db8f-4692-a19e-1ad010383c38,1052,26-0626/99,cf6791c9-ca51-4cf7-a7d7-ec9c22d7e67d,730,Sculpting Beauty: Spotlight on a Private Collection,Sculpturen ,Balance,"Jos Oehlen (1953), Balance","<h3>Painter / Artist / School</h3>Jos Oehlen (1953)<h3>Technique / Size</h3>bronze with black patina, on a hardstone pedestal, affixed to a plexiglass plinth,  bronze: H. 43 cm, hardstone pedestal: H 45 cm, overall H. 156 cm<h3>Signature / Dating</h3>stamped with the artist's symbol (close to the base)",published,EUR,500.0,800.0,400.0,,,1,0,,,True,"Mon, 31 Aug 2026 08:00:00 GMT","Mon, 14 Sep 2026 17:27:00 GMT",https://media.app.artisio.co/media/3fc437c0-fdbb-4208-955a-90293eab416d/inventory/b0c92596-7578-415e-adc7-7ef7fbfbfaf1/da568df3-1f3c-4695-813d-14ddfc29b597/00001_GQTqDP_sm.jpeg;https://media.app.artisio.co/media/3fc437c0-fdbb-4208-955a-90293eab416d/inventory/b0c92596-7578-415e-adc7-7ef7fbfbfaf1/09ee4269-15d0-40c2-9361-99619c0b4120/0001_iipgML_sm.jpeg;https://media.app.artisio.co/media/3fc437c0-fdbb-4208-955a-90293eab416d/inventory/b0c92596-7578-415e-adc7-7ef7fbfbfaf1/904eaeee-7087-438b-a04b-d4a0cfc17c2b/0003_kgDcAv_sm.jpeg;https://media.app.artisio.co/media/3fc437c0-fdbb-4208-955a-90293eab416d/inventory/b0c92596-7578-415e-adc7-7ef7fbfbfaf1/7d384196-5506-459b-beb0-1e9a1e304029/0004_aiTfMI_sm.jpeg;https://media.app.artisio.co/media/3fc437c0-fdbb-4208-955a-90293eab416d/inventory/b0c92596-7578-415e-adc7-7ef7fbfbfaf1/af7aead1-839a-4176-a63a-070ad76d7cef/0005_jpNWyo_sm.jpeg;https://media.app.artisio.co/media/3fc437c0-fdbb-4208-955a-90293eab416d/inventory/b0c92596-7578-415e-adc7-7ef7fbfbfaf1/9dc101c5-4114-43e1-878a-e8a4f633a66a/0006_WALyxW_sm.jpeg,6,"{""artist_retail_right"": true, ""comments"": null, ""condition"": null, ""condition_report"": null, ""dimensions"": null, ""extra_text"": null, ""footnote"": null, ""header"": null, ""internal_reference"": null, ""literature"": null, ""origin_exhibition_lite"": null, ""painter_artist_school"": ""Jos Oehlen (1953)"", ""period"": null, ""signature_dating"": ""stamped with the artist's symbol (close to the base)"", ""technique_size"": ""bronze with black patina, on a hardstone pedestal, affixed to a plexiglass plinth,  bronze: H. 43 cm, hardstone pedestal: H 45 cm, overall H. 156 cm "", ""title"": ""Balance"", ""total"": null, ""weight_size_quality"": null}"
8741a453-c145-4241-ad81-add4b6f32a99,1053,26-0626/17,cf6791c9-ca51-4cf7-a7d7-ec9c22d7e67d,730,Sculpting Beauty: Spotlight on a Private Collection,Sculpturen ,Crouching Figure,"Theo Germann (1924), Crouching Figure","<h3>Painter / Artist / School</h3>Theo Germann (1924)<h3>Technique / Size</h3>bronze with black-brown patina, H. 33 cm (incl. hardstone pedestal)<h3>Signature / Dating</h3>stamped and date 'THEO GERMANN 1984' (close to the base)",published,EUR,700.0,1000.0,500.0,500.0,,1,1,500.0,500.0,True,"Mon, 31 Aug 2026 08:00:00 GMT","Mon, 14 Sep 2026 17:27:00 GMT",https://media.app.artisio.co/media/3fc437c0-fdbb-4208-955a-90293eab416d/inventory/b8b281c9-bd3b-4cf5-a3c8-2d82bc6fab39/f1d5afef-0d8c-44bc-8e11-fb419785e1fa/0002_pWuMPS_sm.jpeg;https://media.app.artisio.co/media/3fc437c0-fdbb-4208-955a-90293eab416d/inventory/b8b281c9-bd3b-4cf5-a3c8-2d82bc6fab39/9d92c772-b903-40b3-801b-35c0b4249d44/0003_UsRfVn_sm.jpeg;https://media.app.artisio.co/media/3fc437c0-fdbb-4208-955a-90293eab416d/inventory/b8b281c9-bd3b-4cf5-a3c8-2d82bc6fab39/0990258c-eb39-43b3-b838-1bc84e7a5355/0004_cgUEYp_sm.jpeg;https://media.app.artisio.co/media/3fc437c0-fdbb-4208-955a-90293eab416d/inventory/b8b281c9-bd3b-4cf5-a3c8-2d82bc6fab39/a283f74f-215e-437b-aaa2-aaf5ec8d520d/0005_dUiUPx_sm.jpeg;https://media.app.artisio.co/media/3fc437c0-fdbb-4208-955a-90293eab416d/inventory/b8b281c9-bd3b-4cf5-a3c8-2d82bc6fab39/df4b1123-fc54-448e-8ed7-7716a7170cd9/0006_GnpQOr_sm.jpeg;https://media.app.artisio.co/media/3fc437c0-fdbb-4208-955a-90293eab416d/inventory/b8b281c9-bd3b-4cf5-a3c8-2d82bc6fab39/ef017aff-3b56-4fc3-a0e9-38bc3c1bba76/0007_ygDBeE_sm.jpeg,6,"{""artist_retail_right"": true, ""comments"": null, ""condition"": null, ""condition_report"": null, ""dimensions"": null, ""extra_text"": null, ""footnote"": null, ""header"": null, ""internal_reference"": null, ""literature"": null, ""origin_exhibition_lite"": null, ""painter_artist_school"": ""Theo Germann (1924)"", ""period"": null, ""signature_dating"": ""stamped and date 'THEO GERMANN 1984' (close to the base)"", ""technique_size"": ""bronze with black-brown patina, H. 33 cm (incl. hardstone pedestal)"", ""title"": ""Crouching Figure"", ""total"": null, ""weight_size_quality"": null}"
8dde8a6d-ff21-4ffc-9313-516c7fc87b55,1054,26-0626/25,cf6791c9-ca51-4cf7-a7d7-ec9c22d7e67d,730,Sculpting Beauty: Spotlight on a Private Collection,Sculpturen ,Crouching Female Nude,"Rini Dado (1955), Crouching Female Nude","<h3>Painter / Artist / School</h3>Rini Dado (1955)<h3>Technique / Size</h3>bronze with black patina,  H. 26 cm (incl. hardstone pedestal)<h3>Signature / Dating</h3>stamped 'RINI DADO V/V' (close to the base)",published,EUR,500.0,700.0,300.0,,,1,0,,,True,"Mon, 31 Aug 2026 08:00:00 GMT","Mon, 14 Sep 2026 17:27:00 GMT",https://media.app.artisio.co/media/3fc437c0-fdbb-4208-955a-90293eab416d/inventory/554f29e1-888f-421f-926c-85293706ac95/269c5e9b-07a9-4897-8d2b-c3fd47ab9ca0/0001_rIqmZZ_sm.jpeg;https://media.app.artisio.co/media/3fc437c0-fdbb-4208-955a-90293eab416d/inventory/554f29e1-888f-421f-926c-85293706ac95/d0321bec-f9a2-4215-b2fe-5103773e63da/0002_ULTivJ_sm.jpeg;https://media.app.artisio.co/media/3fc437c0-fdbb-4208-955a-90293eab416d/inventory/554f29e1-888f-421f-926c-85293706ac95/c5713e67-b138-4e01-ae4e-17b9a36ca7f4/0003_lIRGEn_sm.jpeg;https://media.app.artisio.co/media/3fc437c0-fdbb-4208-955a-90293eab416d/inventory/554f29e1-888f-421f-926c-85293706ac95/7cd4b33d-934e-41bf-9b84-02f85769133e/0004_Ymjnlu_sm.jpeg;https://media.app.artisio.co/media/3fc437c0-fdbb-4208-955a-90293eab416d/inventory/554f29e1-888f-421f-926c-85293706ac95/9509ffad-4879-424e-bd07-48ba6d87d320/0005_JcSqrB_sm.jpeg;https://media.app.artisio.co/media/3fc437c0-fdbb-4208-955a-90293eab416d/inventory/554f29e1-888f-421f-926c-85293706ac95/1617a531-6d00-4ac1-affb-9ee4d7fe4f34/0006_WCkqAX_sm.jpeg,6,"{""artist_retail_right"": true, ""comments"": null, ""condition"": null, ""condition_report"": null, ""dimensions"": null, ""extra_text"": null, ""footnote"": null, ""header"": null, ""internal_reference"": null, ""literature"": null, ""origin_exhibition_lite"": null, ""painter_artist_school"": ""Rini Dado (1955)"", ""period"": null, ""signature_dating"": ""stamped 'RINI DADO V/V' (close to the base)"", ""technique_size"": ""bronze with black patina,  H. 26 cm (incl. hardstone pedestal)"", ""title"": ""Crouching Female Nude"", ""total"": null, ""weight_size_quality"": null}"
7819e579-9f7f-4dce-a1c2-d9c15e6f4fa6,1055,26-0626/18,cf6791c9-ca51-4cf7-a7d7-ec9c22d7e67d,730,Sculpting Beauty: Spotlight on a Private Collection,Sculpturen ,Cat with Arched Back,"Peter Harskamp (1951), Cat with Arched Back","<h3>Painter / Artist / School</h3>Peter Harskamp (1951)<h3>Technique / Size</h3>bronze with green patina, ca. 36x33x10 cm",published,EUR,600.0,800.0,500.0,,,1,0,,,True,"Mon, 31 Aug 2026 08:00:00 GMT","Mon, 14 Sep 2026 17:30:00 GMT",https://media.app.artisio.co/media/3fc437c0-fdbb-4208-955a-90293eab416d/inventory/bcc59a05-7a76-43ba-8261-d806e17f975a/98c2b5d0-1e5f-4c50-a397-4fb043a1d283/0001_KSitBJ_sm.jpeg;https://media.app.artisio.co/media/3fc437c0-fdbb-4208-955a-90293eab416d/inventory/bcc59a05-7a76-43ba-8261-d806e17f975a/b0cce3b2-9b25-410a-b7fc-2ed0be287a0b/0002_PQDAEE_sm.jpeg;https://media.app.artisio.co/media/3fc437c0-fdbb-4208-955a-90293eab416d/inventory/bcc59a05-7a76-43ba-8261-d806e17f975a/1515e87b-4b8a-4310-8a09-65a72da924fa/0003_NORJoj_sm.jpeg,3,"{""artist_retail_right"": true, ""comments"": null, ""condition"": null, ""condition_report"": null, ""dimensions"": null, ""extra_text"": null, ""footnote"": null, ""header"": null, ""internal_reference"": null, ""literature"": null, ""origin_exhibition_lite"": null, ""painter_artist_school"": ""Peter Harskamp (1951)"", ""period"": null, ""signature_dating"": null, ""technique_size"": ""bronze with green patina, ca. 36x33x10 cm"", ""title"": ""Cat with Arched Back"", ""total"": null, ""weight_size_quality"": null}"
e7017f9f-7645-42f3-9257-63a87ec9a7ab,1056,26-0626/19,cf6791c9-ca51-4cf7-a7d7-ec9c22d7e67d,730,Sculpting Beauty: Spotlight on a Private Collection,Sculpturen ,Playing Cat,"Peter Harskamp (1951), Playing Cat","<h3>Painter / Artist / School</h3>Peter Harskamp (1951)<h3>Technique / Size</h3>bronze with green patina, ca. 35x26x12 cm<h3>Signature / Dating</h3>signed with initials (on the base)",published,EUR,600.0,800.0,500.0,,,1,0,,,True,"Mon, 31 Aug 2026 08:00:00 GMT","Mon, 14 Sep 2026 17:30:00 GMT",https://media.app.artisio.co/media/3fc437c0-fdbb-4208-955a-90293eab416d/inventory/a2814480-720a-4167-a4c6-1007448d9571/caabba00-9400-4e87-a2f3-b88a67bc9597/0001_QoPLjI_sm.jpeg;https://media.app.artisio.co/media/3fc437c0-fdbb-4208-955a-90293eab416d/inventory/a2814480-720a-4167-a4c6-1007448d9571/6276b95a-e324-4152-b492-eab7dfc28972/0002_TbszxE_sm.jpeg;https://media.app.artisio.co/media/3fc437c0-fdbb-4208-955a-90293eab416d/inventory/a2814480-720a-4167-a4c6-1007448d9571/497cce61-dc5f-4e4d-9b51-767f9d73922e/0003_XeBFWs_sm.jpeg;https://media.app.artisio.co/media/3fc437c0-fdbb-4208-955a-90293eab416d/inventory/a2814480-720a-4167-a4c6-1007448d9571/c9ef4cef-71c4-47b7-bbe1-42482d47b405/0004_deIlnK_sm.jpeg;https://media.app.artisio.co/media/3fc437c0-fdbb-4208-955a-90293eab416d/inventory/a2814480-720a-4167-a4c6-1007448d9571/b22bf7b7-b92d-4d4a-b3bc-39875e19a073/0005_ZxUpcK_sm.jpeg;https://media.app.artisio.co/media/3fc437c0-fdbb-4208-955a-90293eab416d/inventory/a2814480-720a-4167-a4c6-1007448d9571/73cfe4c7-6049-40b0-8f38-aad0152f1bc3/0006_oszsFv_sm.jpeg,6,"{""artist_retail_right"": true, ""comments"": null, ""condition"": null, ""condition_report"": null, ""dimensions"": null, ""extra_text"": null, ""footnote"": null, ""header"": null, ""internal_reference"": null, ""literature"": null, ""origin_exhibition_lite"": null, ""painter_artist_school"": ""Peter Harskamp (1951)"", ""period"": null, ""signature_dating"": ""signed with initials (on the base)"", ""technique_size"": ""bronze with green patina, ca. 35x26x12 cm"", ""title"": ""Playing Cat"", ""total"": null, ""weight_size_quality"": null}"
a535de6e-72e8-4abf-aa8e-578f50045949,1057,26-0626/103,cf6791c9-ca51-4cf7-a7d7-ec9c22d7e67d,730,Sculpting Beauty: Spotlight on a Private Collection,Sculpturen ,A bear and two toads,"Dutch School (20th Century), A bear and two toads","<h3>Painter / Artist / School</h3>Dutch School (20th Century)<h3>Technique / Size</h3>the bear with monogram 'CW', the toads unmarked, all bronze, H. 5 & 10 cm",published,EUR,100.0,150.0,70.0,70.0,,1,0,,,True,"Mon, 31 Aug 2026 08:00:00 GMT","Mon, 14 Sep 2026 17:30:00 GMT",https://media.app.artisio.co/media/3fc437c0-fdbb-4208-955a-90293eab416d/inventory/3ed29725-46e9-4867-8a3e-a30e57176021/31b63d10-4842-4c99-84ac-2d69aec3dae9/0002_gtkkWF_sm.jpeg;https://media.app.artisio.co/media/3fc437c0-fdbb-4208-955a-90293eab416d/inventory/3ed29725-46e9-4867-8a3e-a30e57176021/d31b094f-fa92-4606-9994-f3cea626a076/0002a_ndivpS_sm.jpeg;https://media.app.artisio.co/media/3fc437c0-fdbb-4208-955a-90293eab416d/inventory/3ed29725-46e9-4867-8a3e-a30e57176021/ecb17934-24a2-42c4-a202-8f1ca532d5b4/0002b_PiMEvg_sm.jpeg;https://media.app.artisio.co/media/3fc437c0-fdbb-4208-955a-90293eab416d/inventory/3ed29725-46e9-4867-8a3e-a30e57176021/64f199f6-3874-4dc2-b2c1-3d7179e52398/0004_HVPluU_sm.jpeg;https://media.app.artisio.co/media/3fc437c0-fdbb-4208-955a-90293eab416d/inventory/3ed29725-46e9-4867-8a3e-a30e57176021/c6016232-38e0-4e34-a083-95369fc93abd/0005_zgsjrf_sm.jpeg,5,"{""artist_retail_right"": true, ""comments"": null, ""condition"": null, ""condition_report"": null, ""dimensions"": null, ""extra_text"": null, ""footnote"": null, ""header"": null, ""internal_reference"": null, ""literature"": null, ""origin_exhibition_lite"": null, ""painter_artist_school"": ""Dutch School (20th Century)"", ""period"": null, ""signature_dating"": null, ""technique_size"": ""the bear with monogram 'CW', the toads unmarked, all bronze, H. 5 & 10 cm "", ""title"": ""A bear and two toads"", ""total"": null, ""weight_size_quality"": null}"
e4106409-317a-4fa3-baf7-4dc152a9376a,1058,26-0626/4,cf6791c9-ca51-4cf7-a7d7-ec9c22d7e67d,730,Sculpting Beauty: Spotlight on a Private Collection,Sculpturen ,Portrait of Nathalie,"Charlotte van Pallandt (1898-1997), Portrait of Nathalie","<h3>Painter / Artist / School</h3>Charlotte van Pallandt (1898-1997)<h3>Technique / Size</h3>bronze with brown patina, H 18 cm (mounted on a hardstone pedestal of 6 cm)<h3>Signature / Dating</h3>signed with the artist's monogram (on the side of the neck)",published,EUR,1000.0,1500.0,700.0,700.0,,1,0,,,True,"Mon, 31 Aug 2026 08:00:00 GMT","Mon, 14 Sep 2026 17:30:00 GMT",https://media.app.artisio.co/media/3fc437c0-fdbb-4208-955a-90293eab416d/inventory/54eed99d-262c-4f06-bda0-252e72d40eb4/df41706e-502b-4663-b1ad-73f2cfbf61d0/0001_ynqjhL_sm.jpeg;https://media.app.artisio.co/media/3fc437c0-fdbb-4208-955a-90293eab416d/inventory/54eed99d-262c-4f06-bda0-252e72d40eb4/feae0e13-3b2c-4c18-ba9e-79014436e7e3/0002_UHFgES_sm.jpeg;https://media.app.artisio.co/media/3fc437c0-fdbb-4208-955a-90293eab416d/inventory/54eed99d-262c-4f06-bda0-252e72d40eb4/bfc9c723-57dd-4562-8860-28cf4f56008d/0003_Fqgivv_sm.jpeg;https://media.app.artisio.co/media/3fc437c0-fdbb-4208-955a-90293eab416d/inventory/54eed99d-262c-4f06-bda0-252e72d40eb4/15937476-626d-4401-a96b-3dbe8bfd6612/0004_OmigHt_sm.jpeg;https://media.app.artisio.co/media/3fc437c0-fdbb-4208-955a-90293eab416d/inventory/54eed99d-262c-4f06-bda0-252e72d40eb4/6f5e2954-18ee-45ba-992c-063d223f2d7a/0005_nUUfIY_sm.jpeg,5,"{""artist_retail_right"": true, ""comments"": null, ""condition"": null, ""condition_report"": null, ""dimensions"": null, ""extra_text"": null, ""footnote"": null, ""header"": null, ""internal_reference"": null, ""literature"": null, ""origin_exhibition_lite"": null, ""painter_artist_school"": ""Charlotte van Pallandt (1898-1997)"", ""period"": null, ""signature_dating"": ""signed with the artist's monogram (on the side of the neck)"", ""technique_size"": ""bronze with brown patina, H 18 cm (mounted on a hardstone pedestal of 6 cm)"", ""title"": ""Portrait of Nathalie"", ""total"": null, ""weight_size_quality"": null}"
f0749466-ea4c-4d5c-bbdd-da40586b1eaa,1059,26-0626/44,cf6791c9-ca51-4cf7-a7d7-ec9c22d7e67d,730,Sculpting Beauty: Spotlight on a Private Collection,Werken op papier ,Study of two Dansers,"Marie Laurencin (1883-1956), Study of two Dansers","<h3>Painter / Artist / School</h3>Marie Laurencin (1883-1956)<h3>Technique / Size</h3>watercolour and pencil on paper, 24x17,5 cm (40,5x33,5 cm incl. frame)<h3>Signature / Dating</h3>signed 'Marie Laurencin' (lower right)",published,EUR,1000.0,1500.0,800.0,,,1,1,800.0,800.0,True,"Mon, 31 Aug 2026 08:00:00 GMT","Mon, 14 Sep 2026 17:30:00 GMT",https://media.app.artisio.co/media/3fc437c0-fdbb-4208-955a-90293eab416d/inventory/2274f038-d5a2-4d9a-bf4f-8277be0666f6/4a478bd1-827b-4c9e-94ea-a537db42a9c1/0001_QbXynd_sm.jpeg;https://media.app.artisio.co/media/3fc437c0-fdbb-4208-955a-90293eab416d/inventory/2274f038-d5a2-4d9a-bf4f-8277be0666f6/d1e40f4f-89f0-4acb-9d79-0e4f30294776/0002_zeIjRu_sm.jpeg;https://media.app.artisio.co/media/3fc437c0-fdbb-4208-955a-90293eab416d/inventory/2274f038-d5a2-4d9a-bf4f-8277be0666f6/356edb56-bc41-4833-a495-76807f46052c/0003_LXIDmD_sm.jpeg;https://media.app.artisio.co/media/3fc437c0-fdbb-4208-955a-90293eab416d/inventory/2274f038-d5a2-4d9a-bf4f-8277be0666f6/00daee05-677e-4ed8-aeca-7549b10ff740/0004_DBnAER_sm.jpeg,4,"{""artist_retail_right"": false, ""comments"": null, ""condition"": null, ""condition_report"": null, ""dimensions"": null, ""extra_text"": null, ""footnote"": null, ""header"": null, ""internal_reference"": null, ""literature"": null, ""origin_exhibition_lite"": null, ""painter_artist_school"": ""Marie Laurencin (1883-1956)"", ""period"": null, ""signature_dating"": ""signed 'Marie Laurencin' (lower right)"", ""technique_size"": ""watercolour and pencil on paper, 24x17,5 cm (40,5x33,5 cm incl. frame)"", ""title"": ""Study of two Dansers"", ""total"": null, ""weight_size_quality"": null}"
5810d246-c619-42e3-9a0c-14eaeb06e7ef,1060,26-0626/49,cf6791c9-ca51-4cf7-a7d7-ec9c22d7e67d,730,Sculpting Beauty: Spotlight on a Private Collection,Werken op papier ,Portrait of a Young Woman,"Hans van Ieperen (1909-1995) , Portrait of a Young Woman","<h3>Painter / Artist / School</h3>Hans van Ieperen (1909-1995)<h3>Technique / Size</h3>watercolour and brush on paper, 29x21 cm (42x32,5 cm incl. frame)<h3>Signature / Dating</h3>signed 'v. Ieperen' (lower right)",published,EUR,100.0,150.0,50.0,,,1,0,,,True,"Mon, 31 Aug 2026 08:00:00 GMT","Mon, 14 Sep 2026 17:30:00 GMT",https://media.app.artisio.co/media/3fc437c0-fdbb-4208-955a-90293eab416d/inventory/f9506b3e-3f67-49da-be8e-dd011d82caac/296559af-2004-4254-9717-7e8b839dff2a/0001_wkaSXD_sm.jpeg;https://media.app.artisio.co/media/3fc437c0-fdbb-4208-955a-90293eab416d/inventory/f9506b3e-3f67-49da-be8e-dd011d82caac/1d49e0ee-9c22-4836-b727-ca0d32f248b2/0002_SfEIyc_sm.jpeg;https://media.app.artisio.co/media/3fc437c0-fdbb-4208-955a-90293eab416d/inventory/f9506b3e-3f67-49da-be8e-dd011d82caac/584f7a78-571e-49e8-8448-fe285578c12f/0003_xlpgYc_sm.jpeg,3,"{""artist_retail_right"": true, ""comments"": null, ""condition"": null, ""condition_report"": null, ""dimensions"": null, ""extra_text"": null, ""footnote"": null, ""header"": null, ""internal_reference"": null, ""literature"": null, ""origin_exhibition_lite"": null, ""painter_artist_school"": ""Hans van Ieperen (1909-1995) "", ""period"": null, ""signature_dating"": ""signed 'v. Ieperen' (lower right)"", ""technique_size"": ""watercolour and brush on paper, 29x21 cm (42x32,5 cm incl. frame)"", ""title"": ""Portrait of a Young Woman"", ""total"": null, ""weight_size_quality"": null}"
4760b7c5-79d4-4c44-941b-2c86223a983e,1061,26-0626/79,cf6791c9-ca51-4cf7-a7d7-ec9c22d7e67d,730,Sculpting Beauty: Spotlight on a Private Collection,Sculpturen ,Reclining Nude,"Peter Kortekaas (1946), Reclining Nude","<h3>Painter / Artist / School</h3>Peter Kortekaas (1946)<h3>Technique / Size</h3>unglazed ceramic, ca. 17x16x8 cm<h3>Signature / Dating</h3>signed 'P KORTEKAAS' (underneath)",published,EUR,200.0,300.0,100.0,,,1,0,,,True,"Mon, 31 Aug 2026 08:00:00 GMT","Mon, 14 Sep 2026 17:33:00 GMT",https://media.app.artisio.co/media/3fc437c0-fdbb-4208-955a-90293eab416d/inventory/c1095ac3-8dbe-4be8-9537-ca417b66a091/4f61ff2d-0bf2-40d8-80ae-5db1e2ec964b/0001_vuhyfk_sm.jpeg;https://media.app.artisio.co/media/3fc437c0-fdbb-4208-955a-90293eab416d/inventory/c1095ac3-8dbe-4be8-9537-ca417b66a091/3fbb22a0-59aa-4c98-a590-63d9d6512986/0002_mRtjAu_sm.jpeg;https://media.app.artisio.co/media/3fc437c0-fdbb-4208-955a-90293eab416d/inventory/c1095ac3-8dbe-4be8-9537-ca417b66a091/20d3b8f4-ef9c-43fa-8711-34867bc89af8/0003_MnDCRH_sm.jpeg;https://media.app.artisio.co/media/3fc437c0-fdbb-4208-955a-90293eab416d/inventory/c1095ac3-8dbe-4be8-9537-ca417b66a091/fbcb0c9e-f15c-4175-b3d4-f3336da1d736/0004_qGELdK_sm.jpeg,4,"{""artist_retail_right"": true, ""comments"": null, ""condition"": null, ""condition_report"": null, ""dimensions"": null, ""extra_text"": null, ""footnote"": null, ""header"": null, ""internal_reference"": null, ""literature"": null, ""origin_exhibition_lite"": null, ""painter_artist_school"": ""Peter Kortekaas (1946)"", ""period"": null, ""signature_dating"": ""signed 'P KORTEKAAS' (underneath)"", ""technique_size"": ""unglazed ceramic, ca. 17x16x8 cm"", ""title"": ""Reclining Nude"", ""total"": null, ""weight_size_quality"": null}"
ed76ac70-0b96-49c9-992b-a4512670c96e,1062,26-0626/105,cf6791c9-ca51-4cf7-a7d7-ec9c22d7e67d,730,Sculpting Beauty: Spotlight on a Private Collection,Sculpturen ,Bathing Woman,"Leendert Blom (1901-1983), Bathing Woman","<h3>Painter / Artist / School</h3>Leendert Blom (1901-1983)<h3>Technique / Size</h3>gesso, ca. 39 x15x11 cm<h3>Signature / Dating</h3>signed 'L. Blom' (on the base)",published,EUR,100.0,150.0,60.0,60.0,,1,0,,,True,"Mon, 31 Aug 2026 08:00:00 GMT","Mon, 14 Sep 2026 17:33:00 GMT",https://media.app.artisio.co/media/3fc437c0-fdbb-4208-955a-90293eab416d/inventory/ea73b72c-a723-4c27-8e6e-b061733d95eb/c8637638-cd57-4b82-bd99-1369f0bc90a8/0001_ubkboH_sm.jpeg;https://media.app.artisio.co/media/3fc437c0-fdbb-4208-955a-90293eab416d/inventory/ea73b72c-a723-4c27-8e6e-b061733d95eb/a8ec4f0e-51b9-41be-a4e2-2ce17ae6d2b5/0002_zbHynj_sm.jpeg;https://media.app.artisio.co/media/3fc437c0-fdbb-4208-955a-90293eab416d/inventory/ea73b72c-a723-4c27-8e6e-b061733d95eb/4ae128d6-6d2c-4c9e-887c-b68f479f060a/0003_DrcOyV_sm.jpeg;https://media.app.artisio.co/media/3fc437c0-fdbb-4208-955a-90293eab416d/inventory/ea73b72c-a723-4c27-8e6e-b061733d95eb/f0f8257f-807f-4b3c-90f4-1c3aabc48fb5/0004_BTHTkk_sm.jpeg;https://media.app.artisio.co/media/3fc437c0-fdbb-4208-955a-90293eab416d/inventory/ea73b72c-a723-4c27-8e6e-b061733d95eb/d4f08d47-99c5-435f-9d79-1c962049adfd/0005_LkRUky_sm.jpeg;https://media.app.artisio.co/media/3fc437c0-fdbb-4208-955a-90293eab416d/inventory/ea73b72c-a723-4c27-8e6e-b061733d95eb/b5bdd80c-99b9-4bb4-97e0-66bff3647835/0006_nxsVIW_sm.jpeg,6,"{""artist_retail_right"": true, ""comments"": null, ""condition"": null, ""condition_report"": null, ""dimensions"": null, ""extra_text"": null, ""footnote"": null, ""header"": null, ""internal_reference"": null, ""literature"": null, ""origin_exhibition_lite"": null, ""painter_artist_school"": ""Leendert Blom (1901-1983)"", ""period"": null, ""signature_dating"": ""signed 'L. Blom' (on the base)"", ""technique_size"": ""gesso, ca. 39 x15x11 cm"", ""title"": ""Bathing Woman"", ""total"": null, ""weight_size_quality"": null}"
f59f78ac-ff18-4458-9a1e-000845fd3a63,1063,26-0626/107,cf6791c9-ca51-4cf7-a7d7-ec9c22d7e67d,730,Sculpting Beauty: Spotlight on a Private Collection,Sculpturen ,Bathing Woman,"Leendert Blom (1901-1983), Bathing Woman","<h3>Painter / Artist / School</h3>Leendert Blom (1901-1983)<h3>Technique / Size</h3>bronze with dark brown patina, H. 37 cm<h3>Signature / Dating</h3>signed 'L. Blom' (on the base)",published,EUR,150.0,250.0,100.0,,,1,2,120.0,120.0,True,"Mon, 31 Aug 2026 08:00:00 GMT","Mon, 14 Sep 2026 17:33:00 GMT",https://media.app.artisio.co/media/3fc437c0-fdbb-4208-955a-90293eab416d/inventory/08c939d3-ca56-48ed-98ee-36d0c1cb436b/ad8b02ab-b42b-4ef8-929b-43b4374e6a63/0001_xOUgtb_sm.jpeg;https://media.app.artisio.co/media/3fc437c0-fdbb-4208-955a-90293eab416d/inventory/08c939d3-ca56-48ed-98ee-36d0c1cb436b/fed28f0e-c66d-40a2-abcd-fd5c5ee3069b/0002_RfUgFG_sm.jpeg;https://media.app.artisio.co/media/3fc437c0-fdbb-4208-955a-90293eab416d/inventory/08c939d3-ca56-48ed-98ee-36d0c1cb436b/3c0d9f7c-5fd1-431b-b9a4-e06e685a844a/0003_ugKDfX_sm.jpeg;https://media.app.artisio.co/media/3fc437c0-fdbb-4208-955a-90293eab416d/inventory/08c939d3-ca56-48ed-98ee-36d0c1cb436b/ac56cbb8-b057-4f1d-8b61-30955c4e0017/0004_uFPnVK_sm.jpeg;https://media.app.artisio.co/media/3fc437c0-fdbb-4208-955a-90293eab416d/inventory/08c939d3-ca56-48ed-98ee-36d0c1cb436b/eec7ef21-d5fc-4701-92b7-2df772fd7b4e/0005_qYQPwt_sm.jpeg,5,"{""artist_retail_right"": true, ""comments"": null, ""condition"": null, ""condition_report"": null, ""dimensions"": null, ""extra_text"": null, ""footnote"": null, ""header"": null, ""internal_reference"": null, ""literature"": null, ""origin_exhibition_lite"": null, ""painter_artist_school"": ""Leendert Blom (1901-1983)"", ""period"": null, ""signature_dating"": ""signed 'L. Blom' (on the base)"", ""technique_size"": ""bronze with dark brown patina, H. 37 cm"", ""title"": ""Bathing Woman"", ""total"": null, ""weight_size_quality"": null}"
41efed85-8835-4fea-9811-f3c968d9fe0b,1064,26-0626/63,cf6791c9-ca51-4cf7-a7d7-ec9c22d7e67d,730,Sculpting Beauty: Spotlight on a Private Collection,Sculpturen ,Standing Female Torso,"José Clara Ayats (1878-1958), Standing Female Torso","<h3>Painter / Artist / School</h3>José Clara Ayats (1878-1958)<h3>Technique / Size</h3>bronze with dark brown patina, H. 52 cm<h3>Signature / Dating</h3>signed and numbered 'José Clara 1/3' (on the plinth)",published,EUR,2000.0,3000.0,1500.0,,,1,0,,,True,"Mon, 31 Aug 2026 08:00:00 GMT","Mon, 14 Sep 2026 17:33:00 GMT",https://media.app.artisio.co/media/3fc437c0-fdbb-4208-955a-90293eab416d/inventory/f311ffb7-cdeb-4c7c-8fa1-1ea78917e956/6617f3be-0a8e-48e1-adc6-85f2f943bfeb/0001_wLKtqs_sm.jpeg;https://media.app.artisio.co/media/3fc437c0-fdbb-4208-955a-90293eab416d/inventory/f311ffb7-cdeb-4c7c-8fa1-1ea78917e956/49ca831b-53cb-4bb8-a469-cdcc6adc2162/0002_GRbWUj_sm.jpeg;https://media.app.artisio.co/media/3fc437c0-fdbb-4208-955a-90293eab416d/inventory/f311ffb7-cdeb-4c7c-8fa1-1ea78917e956/7e14385c-68ab-41c6-811f-4643b137b85c/0003_ojYQXA_sm.jpeg;https://media.app.artisio.co/media/3fc437c0-fdbb-4208-955a-90293eab416d/inventory/f311ffb7-cdeb-4c7c-8fa1-1ea78917e956/84b46fd4-567a-4a57-9cd3-57abe40fdcde/0004_iVWvBC_sm.jpeg;https://media.app.artisio.co/media/3fc437c0-fdbb-4208-955a-90293eab416d/inventory/f311ffb7-cdeb-4c7c-8fa1-1ea78917e956/ad3bc641-f6d8-45d5-9b8c-8bf1589464f2/0005_joWqQT_sm.jpeg;https://media.app.artisio.co/media/3fc437c0-fdbb-4208-955a-90293eab416d/inventory/f311ffb7-cdeb-4c7c-8fa1-1ea78917e956/175b149b-df56-4ea0-857d-a5d9852ce99a/0006_TVQKKi_sm.jpeg,6,"{""artist_retail_right"": true, ""comments"": null, ""condition"": null, ""condition_report"": null, ""dimensions"": null, ""extra_text"": null, ""footnote"": null, ""header"": null, ""internal_reference"": null, ""literature"": null, ""origin_exhibition_lite"": null, ""painter_artist_school"": ""José Clara Ayats (1878-1958)"", ""period"": null, ""signature_dating"": ""signed and numbered 'José Clara 1/3' (on the plinth)"", ""technique_size"": ""bronze with dark brown patina, H. 52 cm"", ""title"": ""Standing Female Torso"", ""total"": null, ""weight_size_quality"": null}"
ee81dfe1-16a9-4193-98d3-a596e1c1ef49,1065,26-0389/291,cf6791c9-ca51-4cf7-a7d7-ec9c22d7e67d,730,Sculpting Beauty: Spotlight on a Private Collection,Sculpturen ,Bending Female Torso,"Eppe de Haan (1949), Bending Female Torso","<h3>Painter / Artist / School</h3>Eppe de Haan (1949)<h3>Dimensions</h3>H. ca. 50,5 cm<h3>Technique / Size</h3>bronze with black patina, H. 50,5 cm<h3>Signature / Dating</h3>signed and numbered 'Eppe 2/6' (on the side)",published,EUR,600.0,900.0,300.0,300.0,,1,0,,,True,"Mon, 31 Aug 2026 08:00:00 GMT","Mon, 14 Sep 2026 17:33:00 GMT",https://media.app.artisio.co/media/3fc437c0-fdbb-4208-955a-90293eab416d/inventory/3f653013-a972-4f30-87b5-1a842c0cf302/61d262ce-d830-481d-bdf8-ea9be8d7514c/0001_ehUVvq_sm.jpeg;https://media.app.artisio.co/media/3fc437c0-fdbb-4208-955a-90293eab416d/inventory/3f653013-a972-4f30-87b5-1a842c0cf302/0c5cdd58-bc0e-4def-abcc-8be3e52907f0/0002_LJVFTv_sm.jpeg;https://media.app.artisio.co/media/3fc437c0-fdbb-4208-955a-90293eab416d/inventory/3f653013-a972-4f30-87b5-1a842c0cf302/d4cf2276-8cca-402b-9ef9-d0edd7a8acf3/0003_hXXSjV_sm.jpeg;https://media.app.artisio.co/media/3fc437c0-fdbb-4208-955a-90293eab416d/inventory/3f653013-a972-4f30-87b5-1a842c0cf302/dd57e214-ca47-43fb-9fe2-d63bb7d2fcc7/0004_IytXOJ_sm.jpeg;https://media.app.artisio.co/media/3fc437c0-fdbb-4208-955a-90293eab416d/inventory/3f653013-a972-4f30-87b5-1a842c0cf302/555aa76e-69ea-4047-b59c-26835240f3e3/0005_MSLTdu_sm.jpeg,5,"{""artist_retail_right"": true, ""comments"": null, ""condition"": null, ""condition_report"": null, ""dimensions"": ""H. ca. 50,5 cm"", ""extra_text"": null, ""footnote"": null, ""header"": null, ""internal_reference"": null, ""literature"": null, ""origin_exhibition_lite"": null, ""painter_artist_school"": ""Eppe de Haan (1949)"", ""period"": null, ""signature_dating"": ""signed and numbered 'Eppe 2/6' (on the side)"", ""technique_size"": ""bronze with black patina, H. 50,5 cm"", ""title"": ""Bending Female Torso"", ""total"": null, ""weight_size_quality"": null}"
a8efa61b-5242-462d-97bc-a694599e0162,1066,26-0626/12,cf6791c9-ca51-4cf7-a7d7-ec9c22d7e67d,730,Sculpting Beauty: Spotlight on a Private Collection,Sculpturen ,Cubist Head,"Willa Menzel (1907-1995) , Cubist Head","<h3>Painter / Artist / School</h3>Willa Menzel (1907-1995)<h3>Technique / Size</h3>bronze with greenish bown patina, H 38 cm<h3>Signature / Dating</h3>stampeld  'W. MENZEL 35' (on the reverse)",published,EUR,1000.0,1500.0,800.0,800.0,,1,2,850.0,850.0,True,"Mon, 31 Aug 2026 08:00:00 GMT","Mon, 14 Sep 2026 17:33:00 GMT",https://media.app.artisio.co/media/3fc437c0-fdbb-4208-955a-90293eab416d/inventory/2a73c328-d4a6-4c09-adde-ee68b937407c/81fd79cd-68a8-4876-b00b-ec10c417227d/0001_IUNufz_sm.jpeg;https://media.app.artisio.co/media/3fc437c0-fdbb-4208-955a-90293eab416d/inventory/2a73c328-d4a6-4c09-adde-ee68b937407c/d4de51a1-e5f3-48fc-8edb-779ff8524ec5/0002_uXGbqF_sm.jpeg;https://media.app.artisio.co/media/3fc437c0-fdbb-4208-955a-90293eab416d/inventory/2a73c328-d4a6-4c09-adde-ee68b937407c/dcae7891-a0d2-45b5-af01-2ab3a2ce8c7f/0003_JBxhRD_sm.jpeg;https://media.app.artisio.co/media/3fc437c0-fdbb-4208-955a-90293eab416d/inventory/2a73c328-d4a6-4c09-adde-ee68b937407c/e2c8d8b7-b6f2-4178-b4d3-36817e9a16a7/0004_ZROSdQ_sm.jpeg;https://media.app.artisio.co/media/3fc437c0-fdbb-4208-955a-90293eab416d/inventory/2a73c328-d4a6-4c09-adde-ee68b937407c/e3c6d6d4-1f4c-4c53-b6cb-5d1fb8387c97/0005_TYhiFo_sm.jpeg;https://media.app.artisio.co/media/3fc437c0-fdbb-4208-955a-90293eab416d/inventory/2a73c328-d4a6-4c09-adde-ee68b937407c/c507ebe7-8972-42d2-b2d1-aa4691247d7b/0006_jPCzIv_sm.jpeg,6,"{""artist_retail_right"": true, ""comments"": null, ""condition"": null, ""condition_report"": null, ""dimensions"": null, ""extra_text"": null, ""footnote"": null, ""header"": null, ""internal_reference"": null, ""literature"": null, ""origin_exhibition_lite"": null, ""painter_artist_school"": ""Willa Menzel (1907-1995) "", ""period"": null, ""signature_dating"": ""stampeld  'W. MENZEL 35' (on the reverse)"", ""technique_size"": ""bronze with greenish bown patina, H 38 cm"", ""title"": ""Cubist Head"", ""total"": null, ""weight_size_quality"": null}"
2c155c58-f4e4-4783-b5bf-ad25611a7c46,1067,26-0626/58,cf6791c9-ca51-4cf7-a7d7-ec9c22d7e67d,730,Sculpting Beauty: Spotlight on a Private Collection,Werken op papier ,Nude Studies ,"Theo Bitter (1916-1994), Nude Studies ","<h3>Painter / Artist / School</h3>Theo Bitter (1916-1994)<h3>Technique / Size</h3>pencil on paper, 33x54 cm (50,5x70,5 cm incl. frame)<h3>Signature / Dating</h3>signed and dated 'THEO BITTER NOV. 47' (lower right)",published,EUR,100.0,150.0,50.0,50.0,,1,0,,,True,"Mon, 31 Aug 2026 08:00:00 GMT","Mon, 14 Sep 2026 17:36:00 GMT",https://media.app.artisio.co/media/3fc437c0-fdbb-4208-955a-90293eab416d/inventory/611af8dd-3087-4273-8ca4-1d53f0df39c9/8536da89-e6cf-4f49-9a9a-b550a488a034/0001_KvSdDz_sm.jpeg;https://media.app.artisio.co/media/3fc437c0-fdbb-4208-955a-90293eab416d/inventory/611af8dd-3087-4273-8ca4-1d53f0df39c9/32f33a14-dc8e-433d-beb8-866396098eb1/0002_PDaEtg_sm.jpeg;https://media.app.artisio.co/media/3fc437c0-fdbb-4208-955a-90293eab416d/inventory/611af8dd-3087-4273-8ca4-1d53f0df39c9/46ee6af9-55a2-4dcf-acc9-25bb6065a2c6/0003_cxEroj_sm.jpeg;https://media.app.artisio.co/media/3fc437c0-fdbb-4208-955a-90293eab416d/inventory/611af8dd-3087-4273-8ca4-1d53f0df39c9/3534a89f-ceb5-495d-8e3e-a1cf2add2662/0004_WvDZpl_sm.jpeg,4,"{""artist_retail_right"": true, ""comments"": null, ""condition"": null, ""condition_report"": null, ""dimensions"": null, ""extra_text"": null, ""footnote"": null, ""header"": null, ""internal_reference"": null, ""literature"": null, ""origin_exhibition_lite"": null, ""painter_artist_school"": ""Theo Bitter (1916-1994)"", ""period"": null, ""signature_dating"": ""signed and dated 'THEO BITTER NOV. 47' (lower right)"", ""technique_size"": ""pencil on paper, 33x54 cm (50,5x70,5 cm incl. frame)"", ""title"": ""Nude Studies "", ""total"": null, ""weight_size_quality"": null}"
51b0ee29-c176-473b-bda7-9672d14f2180,1068,26-0626/57,cf6791c9-ca51-4cf7-a7d7-ec9c22d7e67d,730,Sculpting Beauty: Spotlight on a Private Collection,Werken op papier ,Reclining Woman with Purple Dress,"Theo van der Nahmer (1917-1989)	, Reclining Woman with Purple Dress","<h3>Painter / Artist / School</h3>Theo van der Nahmer (1917-1989)<h3>Technique / Size</h3>mixed media on paper, 80x100 cm (98x125 cm incl. frame)<h3>Signature / Dating</h3>signed and dated 'TheovdNahmer 1984' (lower right)",published,EUR,200.0,300.0,100.0,,,1,0,,,True,"Mon, 31 Aug 2026 08:00:00 GMT","Mon, 14 Sep 2026 17:36:00 GMT",https://media.app.artisio.co/media/3fc437c0-fdbb-4208-955a-90293eab416d/inventory/f3061c7c-a66d-4289-bbfc-ff3c3c1a22d2/8c207a90-5d19-4c4a-9e14-e9e0d85dd2c1/0001_mYKAqj_sm.jpeg;https://media.app.artisio.co/media/3fc437c0-fdbb-4208-955a-90293eab416d/inventory/f3061c7c-a66d-4289-bbfc-ff3c3c1a22d2/b22787df-ee89-4540-a6ac-d72c9af21043/0002_xdNsAk_sm.jpeg;https://media.app.artisio.co/media/3fc437c0-fdbb-4208-955a-90293eab416d/inventory/f3061c7c-a66d-4289-bbfc-ff3c3c1a22d2/ed277b49-5778-46ec-b8ff-09aa9c4ee89c/0003_PvhHwf_sm.jpeg,3,"{""artist_retail_right"": true, ""comments"": null, ""condition"": null, ""condition_report"": null, ""dimensions"": null, ""extra_text"": null, ""footnote"": null, ""header"": null, ""internal_reference"": null, ""literature"": null, ""origin_exhibition_lite"": null, ""painter_artist_school"": ""Theo van der Nahmer (1917-1989)\t"", ""period"": null, ""signature_dating"": ""signed and dated 'TheovdNahmer 1984' (lower right)"", ""technique_size"": ""mixed media on paper, 80x100 cm (98x125 cm incl. frame)"", ""title"": ""Reclining Woman with Purple Dress"", ""total"": null, ""weight_size_quality"": null}"
75523510-1667-4425-8aa8-1e4febe16e8b,1069,26-0626/5,cf6791c9-ca51-4cf7-a7d7-ec9c22d7e67d,730,Sculpting Beauty: Spotlight on a Private Collection,Schilderijen ,Untitled,"Poen de Wijs (1948-2014), Untitled","<h3>Painter / Artist / School</h3>Poen de Wijs (1948-2014)<h3>Technique / Size</h3>oil and crayon on canvas, 70x70 cm (74x74 cm incl. frame)<h3>Signature / Dating</h3>signed 'Poen de Wijs' (lower centre)",published,EUR,800.0,1200.0,700.0,,,1,0,,,True,"Mon, 31 Aug 2026 08:00:00 GMT","Mon, 14 Sep 2026 17:36:00 GMT",https://media.app.artisio.co/media/3fc437c0-fdbb-4208-955a-90293eab416d/inventory/0f18d53f-149a-4f3d-8d40-83b8cf0fb49e/a9a690c6-254f-42e3-a7af-51f5c019fc1a/00001_SKsHMC_sm.jpeg;https://media.app.artisio.co/media/3fc437c0-fdbb-4208-955a-90293eab416d/inventory/0f18d53f-149a-4f3d-8d40-83b8cf0fb49e/d4893bbb-0ce6-482c-8f79-2c60e7a188ec/0001_BgrbcJ_sm.jpeg;https://media.app.artisio.co/media/3fc437c0-fdbb-4208-955a-90293eab416d/inventory/0f18d53f-149a-4f3d-8d40-83b8cf0fb49e/6c94f70f-58a9-4b43-899e-e933b2fab906/0003_ZbAaOh_sm.jpeg,3,"{""artist_retail_right"": true, ""comments"": null, ""condition"": null, ""condition_report"": null, ""dimensions"": null, ""extra_text"": null, ""footnote"": null, ""header"": null, ""internal_reference"": null, ""literature"": null, ""origin_exhibition_lite"": null, ""painter_artist_school"": ""Poen de Wijs (1948-2014)"", ""period"": null, ""signature_dating"": ""signed 'Poen de Wijs' (lower centre)"", ""technique_size"": ""oil and crayon on canvas, 70x70 cm (74x74 cm incl. frame)"", ""title"": ""Untitled"", ""total"": null, ""weight_size_quality"": null}"
c6569f5f-3b79-4b94-86d4-fa863eb93193,1070,26-0626/23,cf6791c9-ca51-4cf7-a7d7-ec9c22d7e67d,730,Sculpting Beauty: Spotlight on a Private Collection,Sculpturen ,Comédienne,"Theo van der Nahmer (1917-1989) , Comédienne","<h3>Painter / Artist / School</h3>Theo van der Nahmer (1917-1989)<h3>Technique / Size</h3>bronze with golden brown patina, H. 45 cm",published,EUR,300.0,400.0,200.0,100.0,,1,0,,,True,"Mon, 31 Aug 2026 08:00:00 GMT","Mon, 14 Sep 2026 17:36:00 GMT",https://media.app.artisio.co/media/3fc437c0-fdbb-4208-955a-90293eab416d/inventory/4c2c209c-6710-4e0e-80c6-5ebcefaf7ba6/4594740c-3203-40fa-903c-6b4c29635706/0002_BWEklx_sm.jpeg;https://media.app.artisio.co/media/3fc437c0-fdbb-4208-955a-90293eab416d/inventory/4c2c209c-6710-4e0e-80c6-5ebcefaf7ba6/5e3abb2e-52b5-46f3-b32c-7b6c3e2f1146/0003_ntmpaI_sm.jpeg;https://media.app.artisio.co/media/3fc437c0-fdbb-4208-955a-90293eab416d/inventory/4c2c209c-6710-4e0e-80c6-5ebcefaf7ba6/b57024db-d523-4b32-b212-00dae18fd1b6/0004_RcvwQr_sm.jpeg;https://media.app.artisio.co/media/3fc437c0-fdbb-4208-955a-90293eab416d/inventory/4c2c209c-6710-4e0e-80c6-5ebcefaf7ba6/7689b972-3ef0-4f6c-8b0c-1ff163af7ee6/0005_NkgoxP_sm.jpeg;https://media.app.artisio.co/media/3fc437c0-fdbb-4208-955a-90293eab416d/inventory/4c2c209c-6710-4e0e-80c6-5ebcefaf7ba6/248168b7-d86e-4171-a246-8b32beb16a92/0006_LcnlJi_sm.jpeg;https://media.app.artisio.co/media/3fc437c0-fdbb-4208-955a-90293eab416d/inventory/4c2c209c-6710-4e0e-80c6-5ebcefaf7ba6/885d8ca8-0418-433f-b9dd-6eb9e0e429df/0007_cyBMgC_sm.jpeg,6,"{""artist_retail_right"": true, ""comments"": null, ""condition"": null, ""condition_report"": null, ""dimensions"": null, ""extra_text"": null, ""footnote"": null, ""header"": null, ""internal_reference"": null, ""literature"": null, ""origin_exhibition_lite"": null, ""painter_artist_school"": ""Theo van der Nahmer (1917-1989) "", ""period"": null, ""signature_dating"": null, ""technique_size"": ""bronze with golden brown patina, H. 45 cm"", ""title"": ""Comédienne"", ""total"": null, ""weight_size_quality"": null}"
b5e2a517-6f42-4b3c-9276-f951772b5f20,1071,26-0626/75,cf6791c9-ca51-4cf7-a7d7-ec9c22d7e67d,730,Sculpting Beauty: Spotlight on a Private Collection,Werken op papier ,Portrait of a Woman,"Theo van der Nahmer (1917-1989) , Portrait of a Woman","<h3>Painter / Artist / School</h3>Theo van der Nahmer (1917-1989)<h3>Technique / Size</h3>bronze with golden brown patina, H. 64 cm<h3>Signature / Dating</h3>signed with black pen 'theo van der NAHMER' (on the reverse)",published,EUR,300.0,500.0,200.0,,,1,0,,,True,"Mon, 31 Aug 2026 08:00:00 GMT","Mon, 14 Sep 2026 17:36:00 GMT",https://media.app.artisio.co/media/3fc437c0-fdbb-4208-955a-90293eab416d/inventory/3b4919ab-46a4-4d9e-b893-2782dd0eaf0a/d88b6946-5a4b-4cf1-a342-c30e630f7790/0001_GMrsYf_sm.jpeg;https://media.app.artisio.co/media/3fc437c0-fdbb-4208-955a-90293eab416d/inventory/3b4919ab-46a4-4d9e-b893-2782dd0eaf0a/16830cc1-bec5-4a2a-9029-1b2319234a3a/0002_JRtHMG_sm.jpeg;https://media.app.artisio.co/media/3fc437c0-fdbb-4208-955a-90293eab416d/inventory/3b4919ab-46a4-4d9e-b893-2782dd0eaf0a/041f26c3-249e-495c-90b6-14541a402809/0003_zdCttK_sm.jpeg;https://media.app.artisio.co/media/3fc437c0-fdbb-4208-955a-90293eab416d/inventory/3b4919ab-46a4-4d9e-b893-2782dd0eaf0a/5ac9adec-cfae-4a25-8e49-e6852db11143/0004_LMgtPl_sm.jpeg,4,"{""artist_retail_right"": true, ""comments"": null, ""condition"": null, ""condition_report"": null, ""dimensions"": null, ""extra_text"": null, ""footnote"": null, ""header"": null, ""internal_reference"": null, ""literature"": null, ""origin_exhibition_lite"": null, ""painter_artist_school"": ""Theo van der Nahmer (1917-1989) "", ""period"": null, ""signature_dating"": ""signed with black pen 'theo van der NAHMER' (on the reverse)"", ""technique_size"": ""bronze with golden brown patina, H. 64 cm"", ""title"": ""Portrait of a Woman"", ""total"": null, ""weight_size_quality"": null}"
2c992266-bcf3-41ad-a600-4c332eb06514,1072,26-0626/62,cf6791c9-ca51-4cf7-a7d7-ec9c22d7e67d,730,Sculpting Beauty: Spotlight on a Private Collection,Sculpturen ,Nike,"Manolo (20th Century), Nike","<h3>Painter / Artist / School</h3>Manolo (20th Century)<h3>Technique / Size</h3>bronze with golden brown patina, on a hardstone base, H. 64 cm (including base)<h3>Signature / Dating</h3>signed and dated 1992 (on a plate applied to the pedestal)",published,EUR,400.0,600.0,300.0,,,1,0,,,True,"Mon, 31 Aug 2026 08:00:00 GMT","Mon, 14 Sep 2026 17:36:00 GMT",https://media.app.artisio.co/media/3fc437c0-fdbb-4208-955a-90293eab416d/inventory/95d0042f-cbc8-4e8e-b1e8-d5453b152a21/6296c1c8-2f87-4d5f-8b61-031c03682c62/0001_QGdRQS_sm.jpeg;https://media.app.artisio.co/media/3fc437c0-fdbb-4208-955a-90293eab416d/inventory/95d0042f-cbc8-4e8e-b1e8-d5453b152a21/00e6cbb1-fe01-4f80-853b-d9ece4b8cbc4/0002_llSMQO_sm.jpeg;https://media.app.artisio.co/media/3fc437c0-fdbb-4208-955a-90293eab416d/inventory/95d0042f-cbc8-4e8e-b1e8-d5453b152a21/04516333-6b17-4b6e-8b64-9c94dd9a8cae/0003_DfgKUZ_sm.jpeg;https://media.app.artisio.co/media/3fc437c0-fdbb-4208-955a-90293eab416d/inventory/95d0042f-cbc8-4e8e-b1e8-d5453b152a21/3e5cf76a-41c5-44c9-be84-e77b3ac6b1fa/0004_qMBXui_sm.jpeg;https://media.app.artisio.co/media/3fc437c0-fdbb-4208-955a-90293eab416d/inventory/95d0042f-cbc8-4e8e-b1e8-d5453b152a21/a2a67b06-809b-47e4-9703-21a7e9870d33/0005_CNhFGp_sm.jpeg;https://media.app.artisio.co/media/3fc437c0-fdbb-4208-955a-90293eab416d/inventory/95d0042f-cbc8-4e8e-b1e8-d5453b152a21/42a47905-5190-41a6-ad32-70eed8bf6f46/0006_mvhNBl_sm.jpeg,6,"{""artist_retail_right"": true, ""comments"": null, ""condition"": null, ""condition_report"": null, ""dimensions"": null, ""extra_text"": null, ""footnote"": null, ""header"": null, ""internal_reference"": null, ""literature"": null, ""origin_exhibition_lite"": null, ""painter_artist_school"": ""Manolo (20th Century)"", ""period"": null, ""signature_dating"": ""signed and dated 1992 (on a plate applied to the pedestal)"", ""technique_size"": ""bronze with golden brown patina, on a hardstone base, H. 64 cm (including base)"", ""title"": ""Nike"", ""total"": null, ""weight_size_quality"": null}"
a459a39a-d569-4e5e-8761-56c14975b4fd,1073,26-0626/100,cf6791c9-ca51-4cf7-a7d7-ec9c22d7e67d,730,Sculpting Beauty: Spotlight on a Private Collection,Sculpturen ,Seated Half-Nude ,"Dutch School (20th Century), Seated Half-Nude ","<h3>Painter / Artist / School</h3>Dutch School (20th Century)<h3>Technique / Size</h3>bronze with green patina, H. 33 cm",published,EUR,300.0,400.0,200.0,,,1,0,,,True,"Mon, 31 Aug 2026 08:00:00 GMT","Mon, 14 Sep 2026 17:39:00 GMT",https://media.app.artisio.co/media/3fc437c0-fdbb-4208-955a-90293eab416d/inventory/f46d0855-832a-4586-baec-7b695e03259e/5e9ca31e-2e7c-4d44-afbf-c9b053155fa4/00001_pujvAD_sm.jpeg;https://media.app.artisio.co/media/3fc437c0-fdbb-4208-955a-90293eab416d/inventory/f46d0855-832a-4586-baec-7b695e03259e/012a7688-8c1d-4a27-b6f2-b49cce3a20c8/0001_iyKDYv_sm.jpeg;https://media.app.artisio.co/media/3fc437c0-fdbb-4208-955a-90293eab416d/inventory/f46d0855-832a-4586-baec-7b695e03259e/18935d65-00e1-47c0-a59e-db9c8484cfc5/0002_jraECJ_sm.jpeg;https://media.app.artisio.co/media/3fc437c0-fdbb-4208-955a-90293eab416d/inventory/f46d0855-832a-4586-baec-7b695e03259e/c392b6a3-e030-4809-b900-670c1c4f91a0/0003_thhchz_sm.jpeg;https://media.app.artisio.co/media/3fc437c0-fdbb-4208-955a-90293eab416d/inventory/f46d0855-832a-4586-baec-7b695e03259e/1c5851e7-c826-4e8e-8964-e1a13089aea1/0004_qYIqHI_sm.jpeg,5,"{""artist_retail_right"": false, ""comments"": null, ""condition"": null, ""condition_report"": null, ""dimensions"": null, ""extra_text"": null, ""footnote"": null, ""header"": null, ""internal_reference"": null, ""literature"": null, ""origin_exhibition_lite"": null, ""painter_artist_school"": ""Dutch School (20th Century)"", ""period"": null, ""signature_dating"": null, ""technique_size"": ""bronze with green patina, H. 33 cm"", ""title"": ""Seated Half-Nude "", ""total"": null, ""weight_size_quality"": null}"
519f51fc-a203-42e9-95e9-fbda7e49659e,1074,26-0626/33,cf6791c9-ca51-4cf7-a7d7-ec9c22d7e67d,730,Sculpting Beauty: Spotlight on a Private Collection,Sculpturen ,Pensato (Thought),"Eppe de Haan (1949), Pensato (Thought)","<h3>Painter / Artist / School</h3>Eppe de Haan (1949)<h3>Technique / Size</h3>light pink marble, 29x35x20 cm",published,EUR,1500.0,2000.0,1300.0,1300.0,,1,0,,,True,"Mon, 31 Aug 2026 08:00:00 GMT","Mon, 14 Sep 2026 17:39:00 GMT",https://media.app.artisio.co/media/3fc437c0-fdbb-4208-955a-90293eab416d/inventory/b14a8f95-52fc-44b8-ba79-f934456f1740/7cb12f51-8bab-4ecc-a8f4-2ef5227e472e/0001_xdobDZ_sm.jpeg;https://media.app.artisio.co/media/3fc437c0-fdbb-4208-955a-90293eab416d/inventory/b14a8f95-52fc-44b8-ba79-f934456f1740/f43fa29f-989f-42f5-82ba-4d780369e6e6/0002_PEjxQC_sm.jpeg;https://media.app.artisio.co/media/3fc437c0-fdbb-4208-955a-90293eab416d/inventory/b14a8f95-52fc-44b8-ba79-f934456f1740/a320f611-d86b-4239-97c7-3218306d4cfe/0003_WGwtwv_sm.jpeg;https://media.app.artisio.co/media/3fc437c0-fdbb-4208-955a-90293eab416d/inventory/b14a8f95-52fc-44b8-ba79-f934456f1740/6db35e70-695d-4505-9dbe-0da4944c670a/0004_vfNYSL_sm.jpeg,4,"{""artist_retail_right"": true, ""comments"": null, ""condition"": null, ""condition_report"": null, ""dimensions"": null, ""extra_text"": null, ""footnote"": null, ""header"": null, ""internal_reference"": null, ""literature"": null, ""origin_exhibition_lite"": null, ""painter_artist_school"": ""Eppe de Haan (1949)"", ""period"": null, ""signature_dating"": null, ""technique_size"": ""light pink marble, 29x35x20 cm"", ""title"": ""Pensato (Thought)"", ""total"": null, ""weight_size_quality"": null}"
6822f845-2c89-4d94-8cf3-b46eb44d6b9d,1075,26-0626/27,cf6791c9-ca51-4cf7-a7d7-ec9c22d7e67d,730,Sculpting Beauty: Spotlight on a Private Collection,Sculpturen ,La Forza dei Sogni (The Power of Dreams),"Eppe de Haan (1949) , La Forza dei Sogni (The Power of Dreams)","<h3>Painter / Artist / School</h3>Eppe de Haan (1949)<h3>Technique / Size</h3>Venetian glass, ca. 21x22,5x23,5 cm<h3>Signature / Dating</h3>signed 'Eppe' (on the side)",published,EUR,1000.0,1500.0,700.0,,,1,0,,,True,"Mon, 31 Aug 2026 08:00:00 GMT","Mon, 14 Sep 2026 17:39:00 GMT",https://media.app.artisio.co/media/3fc437c0-fdbb-4208-955a-90293eab416d/inventory/a0b0c818-f273-4c75-841f-d656b8536f30/39cdab5c-a790-494d-b764-809e045fe8b2/0001_PeWgXO_sm.jpeg;https://media.app.artisio.co/media/3fc437c0-fdbb-4208-955a-90293eab416d/inventory/a0b0c818-f273-4c75-841f-d656b8536f30/ccc336c1-ed70-453d-afc8-25237c1e8cd9/0002_LMifVs_sm.jpeg;https://media.app.artisio.co/media/3fc437c0-fdbb-4208-955a-90293eab416d/inventory/a0b0c818-f273-4c75-841f-d656b8536f30/beb7619a-9a97-4781-86e9-9367d6d0b63e/0003_IOvOxm_sm.jpeg;https://media.app.artisio.co/media/3fc437c0-fdbb-4208-955a-90293eab416d/inventory/a0b0c818-f273-4c75-841f-d656b8536f30/1b959d01-ef78-4b2a-805a-a9183d9e9484/0004_CpFRRj_sm.jpeg;https://media.app.artisio.co/media/3fc437c0-fdbb-4208-955a-90293eab416d/inventory/a0b0c818-f273-4c75-841f-d656b8536f30/8f8c1b88-5570-4a23-8333-51b46183de35/0005_jZHOyf_sm.jpeg,5,"{""artist_retail_right"": true, ""comments"": null, ""condition"": null, ""condition_report"": null, ""dimensions"": null, ""extra_text"": null, ""footnote"": null, ""header"": null, ""internal_reference"": null, ""literature"": null, ""origin_exhibition_lite"": null, ""painter_artist_school"": ""Eppe de Haan (1949) "", ""period"": null, ""signature_dating"": ""signed 'Eppe' (on the side)"", ""technique_size"": ""Venetian glass, ca. 21x22,5x23,5 cm "", ""title"": ""La Forza dei Sogni (The Power of Dreams)"", ""total"": null, ""weight_size_quality"": null}"
825c1638-bbd6-45f3-b3ca-67f037d530b5,1076,26-0626/81,cf6791c9-ca51-4cf7-a7d7-ec9c22d7e67d,730,Sculpting Beauty: Spotlight on a Private Collection,Sculpturen ,Untitled,"Jan Snoeck (1927-2018), Untitled","<h3>Painter / Artist / School</h3>Jan Snoeck (1927-2018)<h3>Technique / Size</h3>glazed ceramic, H. 44 cm<h3>Signature / Dating</h3>signed and dated 'snoeck 24 augustus 2007' (underneath the right foot)",published,EUR,300.0,500.0,200.0,,,1,1,200.0,200.0,True,"Mon, 31 Aug 2026 08:00:00 GMT","Mon, 14 Sep 2026 17:39:00 GMT",https://media.app.artisio.co/media/3fc437c0-fdbb-4208-955a-90293eab416d/inventory/15922bb0-916b-4375-9eac-ee48e021e1f7/e68aa18b-ddc9-4b43-91a6-f0a9f745d29d/0002_XxewDZ_sm.jpeg;https://media.app.artisio.co/media/3fc437c0-fdbb-4208-955a-90293eab416d/inventory/15922bb0-916b-4375-9eac-ee48e021e1f7/9312d0cb-0e59-4983-afb2-df5a3cd6d740/0003_VsdTna_sm.jpeg;https://media.app.artisio.co/media/3fc437c0-fdbb-4208-955a-90293eab416d/inventory/15922bb0-916b-4375-9eac-ee48e021e1f7/1c795408-845e-45dc-8643-94287b921986/0004_nOXpDH_sm.jpeg;https://media.app.artisio.co/media/3fc437c0-fdbb-4208-955a-90293eab416d/inventory/15922bb0-916b-4375-9eac-ee48e021e1f7/c8d9fd57-7780-4a3f-b960-57d1e33df467/0005_EOUsUW_sm.jpeg,4,"{""artist_retail_right"": true, ""comments"": null, ""condition"": null, ""condition_report"": null, ""dimensions"": null, ""extra_text"": null, ""footnote"": null, ""header"": null, ""internal_reference"": null, ""literature"": null, ""origin_exhibition_lite"": null, ""painter_artist_school"": ""Jan Snoeck (1927-2018)"", ""period"": null, ""signature_dating"": ""signed and dated 'snoeck 24 augustus 2007' (underneath the right foot)"", ""technique_size"": ""glazed ceramic, H. 44 cm"", ""title"": ""Untitled"", ""total"": null, ""weight_size_quality"": null}"
04e8d1c5-92c8-4182-85cc-f205df9e2e2b,1077,26-0626/50,cf6791c9-ca51-4cf7-a7d7-ec9c22d7e67d,730,Sculpting Beauty: Spotlight on a Private Collection,Schilderijen ,Cercles ,"Geneviève Claisse (1935-2018), Cercles ","<h3>Painter / Artist / School</h3>Geneviève Claisse (1935-2018)<h3>Technique / Size</h3>oil on canvas, 144x112,5 cm (146,5x114,5 cm incl. frame)<h3>Signature / Dating</h3>signed and dated 'Claisse 1967' and titled (on the reverse)",published,EUR,8000.0,12000.0,7000.0,7000.0,,1,0,,,True,"Mon, 31 Aug 2026 08:00:00 GMT","Mon, 14 Sep 2026 17:39:00 GMT",https://media.app.artisio.co/media/3fc437c0-fdbb-4208-955a-90293eab416d/inventory/742a69d5-3cf0-4808-8671-6f49bcd72259/dd770d35-d1ba-4bd9-a44d-938854664d62/0001_ZXNtsv_sm.jpeg;https://media.app.artisio.co/media/3fc437c0-fdbb-4208-955a-90293eab416d/inventory/742a69d5-3cf0-4808-8671-6f49bcd72259/0e083de0-50a4-4119-b6b0-61b1c594b7dd/0002_gmskZd_sm.jpeg;https://media.app.artisio.co/media/3fc437c0-fdbb-4208-955a-90293eab416d/inventory/742a69d5-3cf0-4808-8671-6f49bcd72259/d2402574-abb4-4de3-821b-422ac601954f/0003_tvKWwp_sm.jpeg;https://media.app.artisio.co/media/3fc437c0-fdbb-4208-955a-90293eab416d/inventory/742a69d5-3cf0-4808-8671-6f49bcd72259/0f0c9f1e-47d5-4480-8181-dd8af85b5d05/0004_LoxJDx_sm.jpeg;https://media.app.artisio.co/media/3fc437c0-fdbb-4208-955a-90293eab416d/inventory/742a69d5-3cf0-4808-8671-6f49bcd72259/9e32ab4a-af28-48a3-b4c7-280e15a9ff8e/0005_neaEdG_sm.jpeg,5,"{""artist_retail_right"": true, ""comments"": null, ""condition"": null, ""condition_report"": null, ""dimensions"": null, ""extra_text"": null, ""footnote"": null, ""header"": null, ""internal_reference"": null, ""literature"": null, ""origin_exhibition_lite"": null, ""painter_artist_school"": ""Geneviève Claisse (1935-2018)"", ""period"": null, ""signature_dating"": ""signed and dated 'Claisse 1967' and titled (on the reverse)"", ""technique_size"": ""oil on canvas, 144x112,5 cm (146,5x114,5 cm incl. frame)"", ""title"": ""Cercles "", ""total"": null, ""weight_size_quality"": null}"
8623b3d6-1df7-467b-96eb-362249db35aa,1078,26-0626/65,cf6791c9-ca51-4cf7-a7d7-ec9c22d7e67d,730,Sculpting Beauty: Spotlight on a Private Collection,Grafiek & multiples,I. Touvent; II. Favorite,"Maurice Estève (1904-2001), I. Touvent; II. Favorite","<h3>Painter / Artist / School</h3>Maurice Estève (1904-2001)<h3>Technique / Size</h3>both etching and aquatint in colours, I. 37,5x27 cm; II. 37,5x26 cm (both 57x42 cm incl. frame)<h3>Signature / Dating</h3>both signed in pencil 'Estève' (lower right) and  numbered '52/75' (lower left)",published,EUR,500.0,800.0,300.0,,,1,0,,,True,"Mon, 31 Aug 2026 08:00:00 GMT","Mon, 14 Sep 2026 17:39:00 GMT",https://media.app.artisio.co/media/3fc437c0-fdbb-4208-955a-90293eab416d/inventory/59f19fa9-5fb2-4e5e-a3d1-cd0c00812e79/66bba966-2bac-4d90-9e8f-bc2ed0eb2b58/0001_PJhQFe_sm.jpeg;https://media.app.artisio.co/media/3fc437c0-fdbb-4208-955a-90293eab416d/inventory/59f19fa9-5fb2-4e5e-a3d1-cd0c00812e79/f592e265-8972-4b1c-83a0-47d3f83f80f9/0002_SOBEnP_sm.jpeg;https://media.app.artisio.co/media/3fc437c0-fdbb-4208-955a-90293eab416d/inventory/59f19fa9-5fb2-4e5e-a3d1-cd0c00812e79/e206b917-132a-4d2e-9233-acd9278fd553/0003_kLFWdD_sm.jpeg;https://media.app.artisio.co/media/3fc437c0-fdbb-4208-955a-90293eab416d/inventory/59f19fa9-5fb2-4e5e-a3d1-cd0c00812e79/3a5f999d-10b6-4c9e-a6ec-5cee10cbf64a/0004_scQnYl_sm.jpeg;https://media.app.artisio.co/media/3fc437c0-fdbb-4208-955a-90293eab416d/inventory/59f19fa9-5fb2-4e5e-a3d1-cd0c00812e79/c6db117c-b376-44bd-83f8-e49a5ec9295b/0005_nvRrDq_sm.jpeg;https://media.app.artisio.co/media/3fc437c0-fdbb-4208-955a-90293eab416d/inventory/59f19fa9-5fb2-4e5e-a3d1-cd0c00812e79/5e53adce-e83e-4be7-9318-5ac3c8c76110/0006_UbkZkV_sm.jpeg;https://media.app.artisio.co/media/3fc437c0-fdbb-4208-955a-90293eab416d/inventory/59f19fa9-5fb2-4e5e-a3d1-cd0c00812e79/af790d52-eda1-4801-aff9-27f0c874c9c3/0007_TeRvZc_sm.jpeg,7,"{""artist_retail_right"": true, ""comments"": null, ""condition"": null, ""condition_report"": null, ""dimensions"": null, ""extra_text"": null, ""footnote"": null, ""header"": null, ""internal_reference"": null, ""literature"": null, ""origin_exhibition_lite"": null, ""painter_artist_school"": ""Maurice Estève (1904-2001)"", ""period"": null, ""signature_dating"": ""both signed in pencil 'Estève' (lower right) and  numbered '52/75' (lower left)"", ""technique_size"": ""both etching and aquatint in colours, I. 37,5x27 cm; II. 37,5x26 cm (both 57x42 cm incl. frame)"", ""title"": ""I. Touvent; II. Favorite"", ""total"": null, ""weight_size_quality"": null}"
759c4662-787c-4607-bcdc-93206904a736,1079,26-0626/51,cf6791c9-ca51-4cf7-a7d7-ec9c22d7e67d,730,Sculpting Beauty: Spotlight on a Private Collection,Grafiek & multiples,"Man, emmer enz.","Roger Raveel (1921-2013),, Man, emmer enz.","<h3>Painter / Artist / School</h3>Roger Raveel (1921-2013),<h3>Technique / Size</h3>lithograph in colour, on wove paper, 76x56 cm (80x60 cm incl. frame)<h3>Signature / Dating</h3>singed in pencil 'RRaveel' (lower right) and numbered '149/190' (lower left)<h3>Extra Text</h3><p>Published in 1967 by Prent 190, Utrecht and printed by Piet Clement, Amsterdam.</p>",published,EUR,500.0,800.0,400.0,,,1,2,425.0,425.0,True,"Mon, 31 Aug 2026 08:00:00 GMT","Mon, 14 Sep 2026 17:42:00 GMT",https://media.app.artisio.co/media/3fc437c0-fdbb-4208-955a-90293eab416d/inventory/86d1d885-4b37-4aba-8a96-1a467a1192b5/7bc7a54f-dde2-448b-8980-3bc583e92fab/0001_qWpERb_sm.jpeg;https://media.app.artisio.co/media/3fc437c0-fdbb-4208-955a-90293eab416d/inventory/86d1d885-4b37-4aba-8a96-1a467a1192b5/405bcee7-5409-487d-8ba8-0b79aab37e04/0002_WENUWc_sm.jpeg;https://media.app.artisio.co/media/3fc437c0-fdbb-4208-955a-90293eab416d/inventory/86d1d885-4b37-4aba-8a96-1a467a1192b5/8f395748-8e97-4544-bf9d-fe4734cab840/0003_ysFEzn_sm.jpeg;https://media.app.artisio.co/media/3fc437c0-fdbb-4208-955a-90293eab416d/inventory/86d1d885-4b37-4aba-8a96-1a467a1192b5/abf70b15-1902-4993-ba58-79f521381f7c/0004_SKywkY_sm.jpeg,4,"{""artist_retail_right"": true, ""comments"": ""<p>in de literatuur opzoeken</p>"", ""condition"": null, ""condition_report"": null, ""dimensions"": null, ""extra_text"": ""<p>Published in 1967 by Prent 190, Utrecht and printed by Piet Clement, Amsterdam.</p>"", ""footnote"": null, ""header"": null, ""internal_reference"": null, ""literature"": """", ""origin_exhibition_lite"": null, ""painter_artist_school"": ""Roger Raveel (1921-2013),"", ""period"": null, ""signature_dating"": ""singed in pencil 'RRaveel' (lower right) and numbered '149/190' (lower left)"", ""technique_size"": ""lithograph in colour, on wove paper, 76x56 cm (80x60 cm incl. frame)"", ""title"": ""Man, emmer enz."", ""total"": null, ""weight_size_quality"": null}"
2f7d123f-3234-4095-a07b-663f84549df5,1080,26-0389/202,cf6791c9-ca51-4cf7-a7d7-ec9c22d7e67d,730,Sculpting Beauty: Spotlight on a Private Collection,Sculpturen ,Embracing Couple,"Ula van Ophuysen (1916-1996), Embracing Couple","<h3>Painter / Artist / School</h3>Ula van Ophuysen (1916-1996)<h3>Technique / Size</h3>bronze with dark brown patina, H. 53 cm<h3>Signature / Dating</h3>signed 'ULA' (on the back of the male figure)",published,EUR,250.0,350.0,150.0,,,1,0,,,True,"Mon, 31 Aug 2026 08:00:00 GMT","Mon, 14 Sep 2026 17:42:00 GMT",https://media.app.artisio.co/media/3fc437c0-fdbb-4208-955a-90293eab416d/inventory/fcdf9a40-3489-4a77-ba08-b4760cfda58a/f66540d6-1bbd-4b69-a718-48559cf6ef8b/0001_vTiizu_sm.jpeg;https://media.app.artisio.co/media/3fc437c0-fdbb-4208-955a-90293eab416d/inventory/fcdf9a40-3489-4a77-ba08-b4760cfda58a/3047ae5f-2379-4167-9e6e-588de2df94f4/0004_eRWgFq_sm.jpeg,2,"{""artist_retail_right"": true, ""comments"": null, ""condition"": null, ""condition_report"": null, ""dimensions"": null, ""extra_text"": null, ""footnote"": null, ""header"": null, ""internal_reference"": null, ""literature"": null, ""origin_exhibition_lite"": null, ""painter_artist_school"": ""Ula van Ophuysen (1916-1996)"", ""period"": null, ""signature_dating"": ""signed 'ULA' (on the back of the male figure)"", ""technique_size"": ""bronze with dark brown patina, H. 53 cm"", ""title"": ""Embracing Couple"", ""total"": null, ""weight_size_quality"": null}"
4fca11d7-e27e-47cb-8e5c-891196453fd1,1081,26-0626/80,cf6791c9-ca51-4cf7-a7d7-ec9c22d7e67d,730,Sculpting Beauty: Spotlight on a Private Collection,Sculpturen ,Pregnant Woman Standing,"Ula van Ophuysen (1916-1996) , Pregnant Woman Standing","<h3>Painter / Artist / School</h3>Ula van Ophuysen (1916-1996)<h3>Technique / Size</h3>bronze with blackish green patina, H. 42 cm<h3>Signature / Dating</h3>signed ' ULA' (on the base)",published,EUR,300.0,400.0,160.0,,,1,0,,,True,"Mon, 31 Aug 2026 08:00:00 GMT","Mon, 14 Sep 2026 17:42:00 GMT",https://media.app.artisio.co/media/3fc437c0-fdbb-4208-955a-90293eab416d/inventory/6d76ec46-b4bf-4a6f-868c-d0011d513aae/3b08743e-9089-443d-97a7-683a36aa9c60/0001_RAiVEY_sm.jpeg;https://media.app.artisio.co/media/3fc437c0-fdbb-4208-955a-90293eab416d/inventory/6d76ec46-b4bf-4a6f-868c-d0011d513aae/79c3d97a-6a69-469d-a639-26529a9dee1d/0002_YrBdNw_sm.jpeg;https://media.app.artisio.co/media/3fc437c0-fdbb-4208-955a-90293eab416d/inventory/6d76ec46-b4bf-4a6f-868c-d0011d513aae/2faf7f32-654a-48b2-8ba4-1442cb0a4c04/0003_rmmAsY_sm.jpeg;https://media.app.artisio.co/media/3fc437c0-fdbb-4208-955a-90293eab416d/inventory/6d76ec46-b4bf-4a6f-868c-d0011d513aae/5724578d-52c1-49c5-9aae-de0b27a2c1be/0004_YBbtZl_sm.jpeg;https://media.app.artisio.co/media/3fc437c0-fdbb-4208-955a-90293eab416d/inventory/6d76ec46-b4bf-4a6f-868c-d0011d513aae/9f11ddfc-e879-402d-86ff-adb67ea6b4e3/0005_hRjpTF_sm.jpeg,5,"{""artist_retail_right"": true, ""comments"": null, ""condition"": null, ""condition_report"": null, ""dimensions"": null, ""extra_text"": null, ""footnote"": null, ""header"": null, ""internal_reference"": null, ""literature"": null, ""origin_exhibition_lite"": null, ""painter_artist_school"": ""Ula van Ophuysen (1916-1996) "", ""period"": null, ""signature_dating"": ""signed ' ULA' (on the base)"", ""technique_size"": ""bronze with blackish green patina, H. 42 cm"", ""title"": ""Pregnant Woman Standing"", ""total"": null, ""weight_size_quality"": null}"
591cb20f-688f-429c-8e09-4702916e28a9,1082,26-0626/108,cf6791c9-ca51-4cf7-a7d7-ec9c22d7e67d,730,Sculpting Beauty: Spotlight on a Private Collection,Sculpturen ,Motherhood,"Marja Proper (1949), Motherhood","<h3>Painter / Artist / School</h3>Marja Proper (1949)<h3>Technique / Size</h3>bronze with black patina on a hardstone base, H. 17 cm",published,EUR,100.0,150.0,80.0,,,1,0,,,True,"Mon, 31 Aug 2026 08:00:00 GMT","Mon, 14 Sep 2026 17:42:00 GMT",https://media.app.artisio.co/media/3fc437c0-fdbb-4208-955a-90293eab416d/inventory/f1b9c96d-86a7-42e4-a09c-5c79259cc2f2/4ecbc982-22b0-43b3-b65d-cc36fa67fbe6/0001_kWJftm_sm.jpeg;https://media.app.artisio.co/media/3fc437c0-fdbb-4208-955a-90293eab416d/inventory/f1b9c96d-86a7-42e4-a09c-5c79259cc2f2/0cc66da4-35a1-4e8c-87f4-71d5930051c0/0002_kUFpMj_sm.jpeg;https://media.app.artisio.co/media/3fc437c0-fdbb-4208-955a-90293eab416d/inventory/f1b9c96d-86a7-42e4-a09c-5c79259cc2f2/30a6d3c5-8e7f-4c1a-9b76-61989b00cd50/0003_vtAorp_sm.jpeg;https://media.app.artisio.co/media/3fc437c0-fdbb-4208-955a-90293eab416d/inventory/f1b9c96d-86a7-42e4-a09c-5c79259cc2f2/1375c765-5595-415c-ad18-2b25448b94af/0004_zhTqaD_sm.jpeg;https://media.app.artisio.co/media/3fc437c0-fdbb-4208-955a-90293eab416d/inventory/f1b9c96d-86a7-42e4-a09c-5c79259cc2f2/6c611a9a-c628-4127-bf6d-2c3bdbe9fe2a/0005_uTmZHv_sm.jpeg;https://media.app.artisio.co/media/3fc437c0-fdbb-4208-955a-90293eab416d/inventory/f1b9c96d-86a7-42e4-a09c-5c79259cc2f2/58e177c9-9c8b-4de5-8a14-d7997bc71020/0006_GQZscM_sm.jpeg,6,"{""artist_retail_right"": true, ""comments"": null, ""condition"": null, ""condition_report"": null, ""dimensions"": null, ""extra_text"": null, ""footnote"": null, ""header"": null, ""internal_reference"": null, ""literature"": null, ""origin_exhibition_lite"": null, ""painter_artist_school"": ""Marja Proper (1949)"", ""period"": null, ""signature_dating"": null, ""technique_size"": ""bronze with black patina on a hardstone base, H. 17 cm"", ""title"": ""Motherhood"", ""total"": null, ""weight_size_quality"": null}"
9b4ecf5e-ed24-4594-9a0b-317a91084ae6,1083,26-0626/102,cf6791c9-ca51-4cf7-a7d7-ec9c22d7e67d,730,Sculpting Beauty: Spotlight on a Private Collection,Sculpturen ,Male Torso with Wings,"Eppe de Haan (1949), Male Torso with Wings","<h3>Painter / Artist / School</h3>Eppe de Haan (1949)<h3>Technique / Size</h3>bronze with greyish green patina on a hardstone base, H. 45 cm (incl. base)<h3>Signature / Dating</h3>signed 'Eppe' (on the left leg)",published,EUR,250.0,350.0,200.0,,,1,0,,,True,"Mon, 31 Aug 2026 08:00:00 GMT","Mon, 14 Sep 2026 17:42:00 GMT",https://media.app.artisio.co/media/3fc437c0-fdbb-4208-955a-90293eab416d/inventory/92a63200-5019-431d-8f8f-089bfcd4eac0/9dc3273b-afbc-47d9-a39d-f73fd6031d3f/0001a_ZVzner_sm.jpeg;https://media.app.artisio.co/media/3fc437c0-fdbb-4208-955a-90293eab416d/inventory/92a63200-5019-431d-8f8f-089bfcd4eac0/758ba961-9754-4339-8ae9-4004a827a873/0002_ZnGdrV_sm.jpeg;https://media.app.artisio.co/media/3fc437c0-fdbb-4208-955a-90293eab416d/inventory/92a63200-5019-431d-8f8f-089bfcd4eac0/1f9005a0-775e-4727-be0c-a89e072c1e87/0003_bWRnUe_sm.jpeg;https://media.app.artisio.co/media/3fc437c0-fdbb-4208-955a-90293eab416d/inventory/92a63200-5019-431d-8f8f-089bfcd4eac0/afdc664a-03f2-4faa-98af-05f9bd4cbe85/0004_DdyUaE_sm.jpeg;https://media.app.artisio.co/media/3fc437c0-fdbb-4208-955a-90293eab416d/inventory/92a63200-5019-431d-8f8f-089bfcd4eac0/aec845e0-8adc-4be5-9f84-69641b1d05ac/0005_QTWAtF_sm.jpeg;https://media.app.artisio.co/media/3fc437c0-fdbb-4208-955a-90293eab416d/inventory/92a63200-5019-431d-8f8f-089bfcd4eac0/820af8cb-7fed-4652-973c-8f4b6659ec9f/0006_FpMXlH_sm.jpeg,6,"{""artist_retail_right"": true, ""comments"": null, ""condition"": null, ""condition_report"": null, ""dimensions"": null, ""extra_text"": null, ""footnote"": null, ""header"": null, ""internal_reference"": null, ""literature"": null, ""origin_exhibition_lite"": null, ""painter_artist_school"": ""Eppe de Haan (1949)"", ""period"": null, ""signature_dating"": ""signed 'Eppe' (on the left leg)"", ""technique_size"": ""bronze with greyish green patina on a hardstone base, H. 45 cm (incl. base) "", ""title"": ""Male Torso with Wings"", ""total"": null, ""weight_size_quality"": null}"
c66a85fd-bf51-4b2e-b3cf-0175179af5e3,1084,26-0626/29,cf6791c9-ca51-4cf7-a7d7-ec9c22d7e67d,730,Sculpting Beauty: Spotlight on a Private Collection,Sculpturen ,The Abduction of the Sabine Women,"Eppe de Haan (1949), The Abduction of the Sabine Women","<h3>Painter / Artist / School</h3>Eppe de Haan (1949)<h3>Technique / Size</h3>bronze with black-green patina, H. 34 cm<h3>Signature / Dating</h3>signed 'EPPE 2/6' (on the base)",published,EUR,300.0,500.0,200.0,,,1,0,,,True,"Mon, 31 Aug 2026 08:00:00 GMT","Mon, 14 Sep 2026 17:42:00 GMT",https://media.app.artisio.co/media/3fc437c0-fdbb-4208-955a-90293eab416d/inventory/48dceb7a-cd12-456e-bd8d-e1faffde82c8/1221e59c-6a3f-4208-b17a-4d8e1e2b9e28/0002_gKBpwZ_sm.jpeg;https://media.app.artisio.co/media/3fc437c0-fdbb-4208-955a-90293eab416d/inventory/48dceb7a-cd12-456e-bd8d-e1faffde82c8/0d63d5f9-b9c8-4825-8a3e-4c00ee671836/0003_riQVlZ_sm.jpeg;https://media.app.artisio.co/media/3fc437c0-fdbb-4208-955a-90293eab416d/inventory/48dceb7a-cd12-456e-bd8d-e1faffde82c8/ede072f2-ed9c-4196-a228-e9f9ee17d2a7/0004_XzMrdq_sm.jpeg;https://media.app.artisio.co/media/3fc437c0-fdbb-4208-955a-90293eab416d/inventory/48dceb7a-cd12-456e-bd8d-e1faffde82c8/82edc221-49df-4b26-a874-c28104692142/0005_ZYnjpM_sm.jpeg;https://media.app.artisio.co/media/3fc437c0-fdbb-4208-955a-90293eab416d/inventory/48dceb7a-cd12-456e-bd8d-e1faffde82c8/ae4f3ddc-ccc6-4674-8402-22753286b72b/0006_jfDTJQ_sm.jpeg;https://media.app.artisio.co/media/3fc437c0-fdbb-4208-955a-90293eab416d/inventory/48dceb7a-cd12-456e-bd8d-e1faffde82c8/f060f0e5-e132-442f-8703-a8cf9cb46791/0007_JBuUhX_sm.jpeg,6,"{""artist_retail_right"": true, ""comments"": null, ""condition"": null, ""condition_report"": null, ""dimensions"": null, ""extra_text"": null, ""footnote"": null, ""header"": null, ""internal_reference"": null, ""literature"": null, ""origin_exhibition_lite"": null, ""painter_artist_school"": ""Eppe de Haan (1949)"", ""period"": null, ""signature_dating"": ""signed 'EPPE 2/6' (on the base)"", ""technique_size"": ""bronze with black-green patina, H. 34 cm"", ""title"": ""The Abduction of the Sabine Women"", ""total"": null, ""weight_size_quality"": null}"
f2b9aadb-5e83-4529-b3e0-222113c63bb0,1085,26-0626/56,cf6791c9-ca51-4cf7-a7d7-ec9c22d7e67d,730,Sculpting Beauty: Spotlight on a Private Collection,Sculpturen ,I. Standing Male Torso II. Fragment of a Torso,"Eppe de Haan (1949), I. Standing Male Torso II. Fragment of a Torso","<h3>Painter / Artist / School</h3>Eppe de Haan (1949)<h3>Technique / Size</h3>bronze with black green patina, on a hardstone pedestal, H. 42 cm II. painted wood on a hardstone base, H. 41 cm<h3>Signature / Dating</h3>signed and dated 'Eppe '05' and indistincly numbered 1/6 (?) (on the left leg) II. signed and dated 'Eppe '96' (on the plinth)",published,EUR,400.0,600.0,280.0,,,1,1,280.0,280.0,True,"Mon, 31 Aug 2026 08:00:00 GMT","Mon, 14 Sep 2026 17:45:00 GMT",https://media.app.artisio.co/media/3fc437c0-fdbb-4208-955a-90293eab416d/inventory/08c702b7-c450-48d7-920b-82dbf09e6fd1/bcafb36b-c668-4e9d-9555-989ca311e953/0001_nZPJfS_sm.jpeg;https://media.app.artisio.co/media/3fc437c0-fdbb-4208-955a-90293eab416d/inventory/08c702b7-c450-48d7-920b-82dbf09e6fd1/19846066-ba5e-437a-b505-0bd2ef6291ca/0001a_ubRkAF_sm.jpeg;https://media.app.artisio.co/media/3fc437c0-fdbb-4208-955a-90293eab416d/inventory/08c702b7-c450-48d7-920b-82dbf09e6fd1/efcbf9d5-ce06-4bcb-933a-df0a448e8b28/0002_NXqUfg_sm.jpeg;https://media.app.artisio.co/media/3fc437c0-fdbb-4208-955a-90293eab416d/inventory/08c702b7-c450-48d7-920b-82dbf09e6fd1/820b6bb2-c15d-496c-ad84-2c90a41b04fc/0003_cDURXO_sm.jpeg;https://media.app.artisio.co/media/3fc437c0-fdbb-4208-955a-90293eab416d/inventory/08c702b7-c450-48d7-920b-82dbf09e6fd1/ae283bec-1017-4c42-add6-065033b06f9d/0004_UHcwqQ_sm.jpeg;https://media.app.artisio.co/media/3fc437c0-fdbb-4208-955a-90293eab416d/inventory/08c702b7-c450-48d7-920b-82dbf09e6fd1/013d9956-d537-4bd3-844b-7074bf15e215/0005_HYJOvO_sm.jpeg;https://media.app.artisio.co/media/3fc437c0-fdbb-4208-955a-90293eab416d/inventory/08c702b7-c450-48d7-920b-82dbf09e6fd1/e0d68de2-c641-4c8c-9f68-1f18703892b6/0006_btxAOf_sm.jpeg,7,"{""artist_retail_right"": true, ""comments"": null, ""condition"": null, ""condition_report"": null, ""dimensions"": null, ""extra_text"": null, ""footnote"": null, ""header"": null, ""internal_reference"": null, ""literature"": null, ""origin_exhibition_lite"": null, ""painter_artist_school"": ""Eppe de Haan (1949)"", ""period"": null, ""signature_dating"": ""signed and dated 'Eppe '05' and indistincly numbered 1/6 (?) (on the left leg) II. signed and dated 'Eppe '96' (on the plinth)"", ""technique_size"": ""bronze with black green patina, on a hardstone pedestal, H. 42 cm II. painted wood on a hardstone base, H. 41 cm"", ""title"": ""I. Standing Male Torso II. Fragment of a Torso"", ""total"": null, ""weight_size_quality"": null}"
7e429ffb-a2e9-4718-a022-a99db026dbf9,1086,26-0626/72,cf6791c9-ca51-4cf7-a7d7-ec9c22d7e67d,730,Sculpting Beauty: Spotlight on a Private Collection,Sculpturen ,Fragment,"Eppe de Haan (1949), Fragment","<h3>Painter / Artist / School</h3>Eppe de Haan (1949)<h3>Technique / Size</h3>bronze with greyish brown patina, H. 29 cm<h3>Signature / Dating</h3>inscribed '1 AE' (on the reverse)",published,EUR,300.0,500.0,100.0,,,1,0,,,True,"Mon, 31 Aug 2026 08:00:00 GMT","Mon, 14 Sep 2026 17:45:00 GMT",https://media.app.artisio.co/media/3fc437c0-fdbb-4208-955a-90293eab416d/inventory/c2e882ad-89ca-4a00-917d-33f2432b6bc9/d51c7259-b04a-43a9-b85f-80d9edb5d29d/00001_JbJSXQ_sm.jpeg;https://media.app.artisio.co/media/3fc437c0-fdbb-4208-955a-90293eab416d/inventory/c2e882ad-89ca-4a00-917d-33f2432b6bc9/f959266c-5ccf-436c-9576-d8bedd71bff6/0001_gXOqvR_sm.jpeg;https://media.app.artisio.co/media/3fc437c0-fdbb-4208-955a-90293eab416d/inventory/c2e882ad-89ca-4a00-917d-33f2432b6bc9/8062721f-5ea2-40f9-9e83-5bb6352861e2/0003_EkjLVf_sm.jpeg;https://media.app.artisio.co/media/3fc437c0-fdbb-4208-955a-90293eab416d/inventory/c2e882ad-89ca-4a00-917d-33f2432b6bc9/8d01bb64-6f2c-40ea-ba1b-8b517f079327/0004_xXSkGH_sm.jpeg;https://media.app.artisio.co/media/3fc437c0-fdbb-4208-955a-90293eab416d/inventory/c2e882ad-89ca-4a00-917d-33f2432b6bc9/400fac0a-bb80-45aa-822b-7b88e03207e6/0005_HeumXu_sm.jpeg;https://media.app.artisio.co/media/3fc437c0-fdbb-4208-955a-90293eab416d/inventory/c2e882ad-89ca-4a00-917d-33f2432b6bc9/55421ecc-fc5f-443a-8b00-b22be86f84ad/0006_DhjXRF_sm.jpeg,6,"{""artist_retail_right"": true, ""comments"": null, ""condition"": null, ""condition_report"": null, ""dimensions"": null, ""extra_text"": null, ""footnote"": null, ""header"": null, ""internal_reference"": null, ""literature"": null, ""origin_exhibition_lite"": null, ""painter_artist_school"": ""Eppe de Haan (1949)"", ""period"": null, ""signature_dating"": ""inscribed '1 AE' (on the reverse) "", ""technique_size"": ""bronze with greyish brown patina, H. 29 cm "", ""title"": ""Fragment"", ""total"": null, ""weight_size_quality"": null}"
afc7b726-f961-457d-a7b7-513ebda0ff58,1087,26-0389/167,cf6791c9-ca51-4cf7-a7d7-ec9c22d7e67d,730,Sculpting Beauty: Spotlight on a Private Collection,Sculpturen ,Homage to Giacometti,"Ula van Ophuysen (1916-1996), Homage to Giacometti","<h3>Painter / Artist / School</h3>Ula van Ophuysen (1916-1996)<h3>Technique / Size</h3>bronze with black patina, H 44 cm<h3>Signature / Dating</h3>signed 'ULA' (on the side)",published,EUR,200.0,300.0,150.0,,,1,0,,,True,"Mon, 31 Aug 2026 08:00:00 GMT","Mon, 14 Sep 2026 17:45:00 GMT",https://media.app.artisio.co/media/3fc437c0-fdbb-4208-955a-90293eab416d/inventory/69f2abf4-f8c0-404f-8615-afcfbdab4dc4/362366aa-43c9-4f08-a19a-9c9fe3712907/0001_hmjmYx_sm.jpeg;https://media.app.artisio.co/media/3fc437c0-fdbb-4208-955a-90293eab416d/inventory/69f2abf4-f8c0-404f-8615-afcfbdab4dc4/a6504edf-cd40-4042-855c-242f671261e3/0002_iZnYPd_sm.jpeg;https://media.app.artisio.co/media/3fc437c0-fdbb-4208-955a-90293eab416d/inventory/69f2abf4-f8c0-404f-8615-afcfbdab4dc4/29fdbaf1-3e34-4823-b6b8-c14f0437b916/0004_tFODCF_sm.jpeg;https://media.app.artisio.co/media/3fc437c0-fdbb-4208-955a-90293eab416d/inventory/69f2abf4-f8c0-404f-8615-afcfbdab4dc4/8b54e50c-668d-45aa-be14-65331016eb4f/0005_tOwDso_sm.jpeg;https://media.app.artisio.co/media/3fc437c0-fdbb-4208-955a-90293eab416d/inventory/69f2abf4-f8c0-404f-8615-afcfbdab4dc4/5bcb3c59-c06e-498a-9427-06f8462adda6/0006_wMBZNI_sm.jpeg;https://media.app.artisio.co/media/3fc437c0-fdbb-4208-955a-90293eab416d/inventory/69f2abf4-f8c0-404f-8615-afcfbdab4dc4/e6d13ddc-f703-499b-a991-f775d9c9c875/0007_IegGxJ_sm.jpeg,6,"{""artist_retail_right"": true, ""comments"": null, ""condition"": null, ""condition_report"": null, ""dimensions"": null, ""extra_text"": null, ""footnote"": null, ""header"": null, ""internal_reference"": null, ""literature"": null, ""origin_exhibition_lite"": null, ""painter_artist_school"": ""Ula van Ophuysen (1916-1996)"", ""period"": null, ""signature_dating"": ""signed 'ULA' (on the side)"", ""technique_size"": ""bronze with black patina, H 44 cm"", ""title"": ""Homage to Giacometti"", ""total"": null, ""weight_size_quality"": null}"
2331a3f9-ad0b-4a56-a855-bca42ff2d232,1088,26-0626/64,cf6791c9-ca51-4cf7-a7d7-ec9c22d7e67d,730,Sculpting Beauty: Spotlight on a Private Collection,Grafiek & multiples,"Atelier à la sellette, 1964","Alberto Giacometti (1901-1966), Atelier à la sellette, 1964","<h3>Painter / Artist / School</h3>Alberto Giacometti (1901-1966)<h3>Footnote</h3><p>.</p><h3>Technique / Size</h3>etching, 35,5x25,5 cm (53,5x43 cm incl. frame)<h3>Extra Text</h3><p>Published in 1964 by Galerie Beyerle, Basel, as a New Year Greeting, issued in an edition of 380 unsigned copies.</p>",published,EUR,400.0,600.0,300.0,,,1,0,,,True,"Mon, 31 Aug 2026 08:00:00 GMT","Mon, 14 Sep 2026 17:45:00 GMT",https://media.app.artisio.co/media/3fc437c0-fdbb-4208-955a-90293eab416d/inventory/8741f6cc-7b2c-4858-96f5-da0868d56895/0cdb5df9-ac34-456d-b075-833cd039b726/0001_MSUCpk_sm.jpeg;https://media.app.artisio.co/media/3fc437c0-fdbb-4208-955a-90293eab416d/inventory/8741f6cc-7b2c-4858-96f5-da0868d56895/5384419f-3695-46ab-b275-baab3d94c585/0002_sLsBaa_sm.jpeg;https://media.app.artisio.co/media/3fc437c0-fdbb-4208-955a-90293eab416d/inventory/8741f6cc-7b2c-4858-96f5-da0868d56895/7aaff729-5758-472a-ba9f-1e3f4dc5d2d7/0003_BNbEei_sm.jpeg,3,"{""artist_retail_right"": true, ""comments"": null, ""condition"": null, ""condition_report"": null, ""dimensions"": null, ""extra_text"": ""<p>Published in 1964 by Galerie Beyerle, Basel, as a New Year Greeting, issued in an edition of 380 unsigned copies.</p>"", ""footnote"": ""<p>.</p>"", ""header"": null, ""internal_reference"": null, ""literature"": null, ""origin_exhibition_lite"": null, ""painter_artist_school"": ""Alberto Giacometti (1901-1966)"", ""period"": null, ""signature_dating"": null, ""technique_size"": ""etching, 35,5x25,5 cm (53,5x43 cm incl. frame)"", ""title"": ""Atelier à la sellette, 1964"", ""total"": null, ""weight_size_quality"": null}"
651a31b4-d919-4849-81df-26e0b7e7a465,1089,26-0626/101,cf6791c9-ca51-4cf7-a7d7-ec9c22d7e67d,730,Sculpting Beauty: Spotlight on a Private Collection,Sculpturen ,Untitled,"Dutch School (20th Century), Untitled","<h3>Painter / Artist / School</h3>Dutch School (20th Century)<h3>Technique / Size</h3>hardstone on a high hardstone pedestal, overall H ca. 105 cm",published,EUR,300.0,500.0,100.0,35.0,,1,0,,,True,"Mon, 31 Aug 2026 08:00:00 GMT","Mon, 14 Sep 2026 17:45:00 GMT",https://media.app.artisio.co/media/3fc437c0-fdbb-4208-955a-90293eab416d/inventory/a8eb5c50-7e98-44d6-bdd7-5024a191ea18/61aaf970-3463-4600-82d9-31c6daf43ef4/0001_TMmaHl_sm.jpeg;https://media.app.artisio.co/media/3fc437c0-fdbb-4208-955a-90293eab416d/inventory/a8eb5c50-7e98-44d6-bdd7-5024a191ea18/a5acb20c-5cbf-4048-8266-db1f602fa89f/0002_CbghMb_sm.jpeg,2,"{""artist_retail_right"": false, ""comments"": null, ""condition"": null, ""condition_report"": null, ""dimensions"": null, ""extra_text"": null, ""footnote"": null, ""header"": null, ""internal_reference"": null, ""literature"": null, ""origin_exhibition_lite"": null, ""painter_artist_school"": ""Dutch School (20th Century)"", ""period"": null, ""signature_dating"": null, ""technique_size"": ""hardstone on a high hardstone pedestal, overall H ca. 105 cm"", ""title"": ""Untitled"", ""total"": null, ""weight_size_quality"": null}"
4ec28ee3-8696-4713-85cf-e13ad3442fe9,1090,26-0626/70,cf6791c9-ca51-4cf7-a7d7-ec9c22d7e67d,730,Sculpting Beauty: Spotlight on a Private Collection,Sculpturen ,Untitled (4),"Dutch School (20th Century), Untitled (4)","<h3>Painter / Artist / School</h3>Dutch School (20th Century)<h3>Technique / Size</h3>brass, in four parts, heights reaching from 19 to 23,5 cm (incl. hardstone pedestals)<h3>Signature / Dating</h3>all marked with the artist's initials 'MU', one also dated 1993 (close to the base)",published,EUR,300.0,400.0,100.0,,,1,1,100.0,100.0,True,"Mon, 31 Aug 2026 08:00:00 GMT","Mon, 14 Sep 2026 17:45:00 GMT",https://media.app.artisio.co/media/3fc437c0-fdbb-4208-955a-90293eab416d/inventory/a1ad8545-2852-455e-809f-10181c1a4fbd/b32869e5-3136-4b0d-b612-aa23dce10545/0001_YESFDF_sm.jpeg;https://media.app.artisio.co/media/3fc437c0-fdbb-4208-955a-90293eab416d/inventory/a1ad8545-2852-455e-809f-10181c1a4fbd/ce8b0daf-ff8c-43f8-a748-80f0400534fd/0002_fDbhyU_sm.jpeg;https://media.app.artisio.co/media/3fc437c0-fdbb-4208-955a-90293eab416d/inventory/a1ad8545-2852-455e-809f-10181c1a4fbd/e15450bd-0f14-48df-9a5f-14027841afe1/0003_VpuWgp_sm.jpeg;https://media.app.artisio.co/media/3fc437c0-fdbb-4208-955a-90293eab416d/inventory/a1ad8545-2852-455e-809f-10181c1a4fbd/8b549ab2-2b8e-453b-aee1-7eaa4bf26720/0004_zrMSvu_sm.jpeg;https://media.app.artisio.co/media/3fc437c0-fdbb-4208-955a-90293eab416d/inventory/a1ad8545-2852-455e-809f-10181c1a4fbd/2c6654f8-0a04-490f-8d07-1264e6cd2d33/0005_AlBPwJ_sm.jpeg,5,"{""artist_retail_right"": false, ""comments"": null, ""condition"": null, ""condition_report"": null, ""dimensions"": null, ""extra_text"": null, ""footnote"": null, ""header"": null, ""internal_reference"": null, ""literature"": null, ""origin_exhibition_lite"": null, ""painter_artist_school"": ""Dutch School (20th Century)"", ""period"": null, ""signature_dating"": ""all marked with the artist's initials 'MU', one also dated 1993 (close to the base)"", ""technique_size"": ""brass, in four parts, heights reaching from 19 to 23,5 cm (incl. hardstone pedestals)"", ""title"": ""Untitled (4)"", ""total"": null, ""weight_size_quality"": null}"
90f14fc2-39b0-4f51-9a34-2376b4a557d0,1091,26-0626/37,cf6791c9-ca51-4cf7-a7d7-ec9c22d7e67d,730,Sculpting Beauty: Spotlight on a Private Collection,Sculpturen ,Untitled (2),"Jef Wishaupt (1940), Untitled (2)","<h3>Painter / Artist / School</h3>Jef Wishaupt (1940)<h3>Technique / Size</h3>two chrome-plated sculptures, H 25 cm each  (incl. hardstone pedestal)",published,EUR,300.0,500.0,160.0,160.0,,1,1,160.0,160.0,True,"Mon, 31 Aug 2026 08:00:00 GMT","Mon, 14 Sep 2026 17:48:00 GMT",https://media.app.artisio.co/media/3fc437c0-fdbb-4208-955a-90293eab416d/inventory/29965fd9-991c-4e7a-81c5-b2d387437e9f/656051b3-a36d-4135-973f-d16e117b32e7/0001_ZFULij_sm.jpeg;https://media.app.artisio.co/media/3fc437c0-fdbb-4208-955a-90293eab416d/inventory/29965fd9-991c-4e7a-81c5-b2d387437e9f/edcf6962-01ac-49ce-a459-877e15f5e43e/0002_pthMaS_sm.jpeg;https://media.app.artisio.co/media/3fc437c0-fdbb-4208-955a-90293eab416d/inventory/29965fd9-991c-4e7a-81c5-b2d387437e9f/9ea8431c-ac7f-4e3d-807d-8544a3cede9c/0003_LfahRw_sm.jpeg;https://media.app.artisio.co/media/3fc437c0-fdbb-4208-955a-90293eab416d/inventory/29965fd9-991c-4e7a-81c5-b2d387437e9f/1d2bf72b-7b16-4485-9faf-d7942ea09a8c/0004_qWjNSq_sm.jpeg;https://media.app.artisio.co/media/3fc437c0-fdbb-4208-955a-90293eab416d/inventory/29965fd9-991c-4e7a-81c5-b2d387437e9f/7cb96981-46cb-457b-8d61-8db555ea995b/0005_YEWlge_sm.jpeg;https://media.app.artisio.co/media/3fc437c0-fdbb-4208-955a-90293eab416d/inventory/29965fd9-991c-4e7a-81c5-b2d387437e9f/876a037a-6105-4ca3-a872-bce7ec4c7ef2/0006_iIqtkS_sm.jpeg;https://media.app.artisio.co/media/3fc437c0-fdbb-4208-955a-90293eab416d/inventory/29965fd9-991c-4e7a-81c5-b2d387437e9f/675f6190-7e67-400a-a37c-cc1e18b6cc3e/0007_rnxJiG_sm.jpeg,7,"{""artist_retail_right"": true, ""comments"": null, ""condition"": null, ""condition_report"": null, ""dimensions"": null, ""extra_text"": null, ""footnote"": null, ""header"": null, ""internal_reference"": null, ""literature"": null, ""origin_exhibition_lite"": null, ""painter_artist_school"": ""Jef Wishaupt (1940)"", ""period"": null, ""signature_dating"": null, ""technique_size"": ""two chrome-plated sculptures, H 25 cm each  (incl. hardstone pedestal)"", ""title"": ""Untitled (2)"", ""total"": null, ""weight_size_quality"": null}"
d3056381-1b85-42ba-93b5-b1a3be970f01,1092,26-0626/10,cf6791c9-ca51-4cf7-a7d7-ec9c22d7e67d,730,Sculpting Beauty: Spotlight on a Private Collection,Sculpturen ,Untitled (3),"Mia Moreaux (1950), Untitled (3)","<h3>Painter / Artist / School</h3>Mia Moreaux (1950)<h3>Technique / Size</h3>a set of three bronzes, ca. 7x27x6 cm, 25x17x10 cm & 48,5x12x10 cm (incl. sandstone pedestal)<h3>Signature / Dating</h3>all signed and numbered resp. 5/8, 2/8 and 32/50",published,EUR,500.0,700.0,300.0,,,1,0,,,True,"Mon, 31 Aug 2026 08:00:00 GMT","Mon, 14 Sep 2026 17:48:00 GMT",https://media.app.artisio.co/media/3fc437c0-fdbb-4208-955a-90293eab416d/inventory/b14b1248-2927-44e7-93ce-3e48bf2609ae/345fb2a4-bda3-4d10-885a-fbca4b0b62b6/0001_oIjmrf_sm.jpeg;https://media.app.artisio.co/media/3fc437c0-fdbb-4208-955a-90293eab416d/inventory/b14b1248-2927-44e7-93ce-3e48bf2609ae/dd7da5a0-336f-41c2-a931-27df019cc2bb/0001a_COZUYP_sm.jpeg;https://media.app.artisio.co/media/3fc437c0-fdbb-4208-955a-90293eab416d/inventory/b14b1248-2927-44e7-93ce-3e48bf2609ae/869926fb-5e52-4c1a-a72a-71e7e73342b9/0001b_PAosqF_sm.jpeg;https://media.app.artisio.co/media/3fc437c0-fdbb-4208-955a-90293eab416d/inventory/b14b1248-2927-44e7-93ce-3e48bf2609ae/ec12c8dd-f4af-4c78-9c99-75f9027969ce/0003_FvKXHi_sm.jpeg;https://media.app.artisio.co/media/3fc437c0-fdbb-4208-955a-90293eab416d/inventory/b14b1248-2927-44e7-93ce-3e48bf2609ae/ca85e117-9d47-4afa-a6a5-17b6dde122fc/0005_wzuCOi_sm.jpeg;https://media.app.artisio.co/media/3fc437c0-fdbb-4208-955a-90293eab416d/inventory/b14b1248-2927-44e7-93ce-3e48bf2609ae/330f6888-079a-4996-b647-422ac7729497/0006_aFGzWS_sm.jpeg;https://media.app.artisio.co/media/3fc437c0-fdbb-4208-955a-90293eab416d/inventory/b14b1248-2927-44e7-93ce-3e48bf2609ae/e3ebc63b-f764-4bcd-9eef-2d06939d2ed4/0010_vuroBT_sm.jpeg;https://media.app.artisio.co/media/3fc437c0-fdbb-4208-955a-90293eab416d/inventory/b14b1248-2927-44e7-93ce-3e48bf2609ae/1d81af35-7bef-4c30-a1d7-38d777879452/0010a_KOjWjW_sm.jpeg;https://media.app.artisio.co/media/3fc437c0-fdbb-4208-955a-90293eab416d/inventory/b14b1248-2927-44e7-93ce-3e48bf2609ae/e00b9ccd-a038-4224-895e-896cb7890cfc/0010b_OcmGsm_sm.jpeg;https://media.app.artisio.co/media/3fc437c0-fdbb-4208-955a-90293eab416d/inventory/b14b1248-2927-44e7-93ce-3e48bf2609ae/5f923946-e2f8-414d-b2e5-71750835146f/0010c_aerquy_sm.jpeg;https://media.app.artisio.co/media/3fc437c0-fdbb-4208-955a-90293eab416d/inventory/b14b1248-2927-44e7-93ce-3e48bf2609ae/ff06905e-9bc8-4463-8816-1e6c9888b5c9/0010d_bzBKFb_sm.jpeg;https://media.app.artisio.co/media/3fc437c0-fdbb-4208-955a-90293eab416d/inventory/b14b1248-2927-44e7-93ce-3e48bf2609ae/ac32175b-4ce2-46fd-810a-1119bba9f158/0011_kVNasS_sm.jpeg;https://media.app.artisio.co/media/3fc437c0-fdbb-4208-955a-90293eab416d/inventory/b14b1248-2927-44e7-93ce-3e48bf2609ae/6fcb0c61-715b-42d7-88ea-61632b9e8e15/0013_IXFwUz_sm.jpeg;https://media.app.artisio.co/media/3fc437c0-fdbb-4208-955a-90293eab416d/inventory/b14b1248-2927-44e7-93ce-3e48bf2609ae/ba747d56-6324-4f5c-a76b-dd0925bfd830/0013a_ekdhQC_sm.jpeg;https://media.app.artisio.co/media/3fc437c0-fdbb-4208-955a-90293eab416d/inventory/b14b1248-2927-44e7-93ce-3e48bf2609ae/da49c772-89fa-4382-8c23-7fdcbe0d3fe9/0013b_redtXy_sm.jpeg,15,"{""artist_retail_right"": true, ""comments"": null, ""condition"": null, ""condition_report"": null, ""dimensions"": null, ""extra_text"": null, ""footnote"": null, ""header"": null, ""internal_reference"": null, ""literature"": null, ""origin_exhibition_lite"": null, ""painter_artist_school"": ""Mia Moreaux (1950)"", ""period"": null, ""signature_dating"": ""all signed and numbered resp. 5/8, 2/8 and 32/50"", ""technique_size"": ""a set of three bronzes, ca. 7x27x6 cm, 25x17x10 cm & 48,5x12x10 cm (incl. sandstone pedestal)"", ""title"": ""Untitled (3)"", ""total"": null, ""weight_size_quality"": null}"
00599335-dfa4-4db7-b67a-228e182d30c0,1093,26-0626/11,cf6791c9-ca51-4cf7-a7d7-ec9c22d7e67d,730,Sculpting Beauty: Spotlight on a Private Collection,Sculpturen ,Untitled,"Rien Goené (1929-2013), Untitled","<h3>Painter / Artist / School</h3>Rien Goené (1929-2013)<h3>Technique / Size</h3>bronze with golden and greenish patina, on a hardstone base, H. 40 cm<h3>Signature / Dating</h3>incised with the signature on a metal label affixed to the plinth",published,EUR,600.0,800.0,400.0,400.0,,1,0,,,True,"Mon, 31 Aug 2026 08:00:00 GMT","Mon, 14 Sep 2026 17:48:00 GMT",https://media.app.artisio.co/media/3fc437c0-fdbb-4208-955a-90293eab416d/inventory/7e185d09-ec84-44d8-859a-7a9c83e4769a/85c0ab78-db29-4fc0-8484-58062cb03c37/0002_PmsOQY_sm.jpeg;https://media.app.artisio.co/media/3fc437c0-fdbb-4208-955a-90293eab416d/inventory/7e185d09-ec84-44d8-859a-7a9c83e4769a/68bd1241-cc7e-4605-b2c2-e8794dec3144/0003_MRSMZf_sm.jpeg;https://media.app.artisio.co/media/3fc437c0-fdbb-4208-955a-90293eab416d/inventory/7e185d09-ec84-44d8-859a-7a9c83e4769a/99ee7c10-a119-4537-896c-216bc85a3c89/0004_mGXoSv_sm.jpeg,3,"{""artist_retail_right"": true, ""comments"": null, ""condition"": null, ""condition_report"": null, ""dimensions"": null, ""extra_text"": null, ""footnote"": null, ""header"": null, ""internal_reference"": null, ""literature"": null, ""origin_exhibition_lite"": null, ""painter_artist_school"": ""Rien Goené (1929-2013)"", ""period"": null, ""signature_dating"": ""incised with the signature on a metal label affixed to the plinth"", ""technique_size"": ""bronze with golden and greenish patina, on a hardstone base, H. 40 cm"", ""title"": ""Untitled"", ""total"": null, ""weight_size_quality"": null}"
e9ca2d48-9c2a-4157-92dd-0eb16f942724,1094,26-0626/2,cf6791c9-ca51-4cf7-a7d7-ec9c22d7e67d,730,Sculpting Beauty: Spotlight on a Private Collection,Sculpturen ,Untitled (2),"Anita Tullio (1935-2014) and Cokio (Claude Barart 1936), Untitled (2)","<h3>Painter / Artist / School</h3>Anita Tullio (1935-2014) and Cokio (Claude Barart 1936)<h3>Technique / Size</h3>both bronze with a golden brown patina, H. 16 cm and 19 cm<h3>Signature / Dating</h3>both signed, I. stamped with the artist's name, the foundry's stamp (Bocquel fondeur) and the publisher'stamp and edition number (Artcurial 5/50) II inscribed 'COKIO '82 E.A. (underneath)",published,EUR,200.0,300.0,100.0,,,1,0,,,True,"Mon, 31 Aug 2026 08:00:00 GMT","Mon, 14 Sep 2026 17:48:00 GMT",https://media.app.artisio.co/media/3fc437c0-fdbb-4208-955a-90293eab416d/inventory/630c32b4-9dcf-4acf-9b8c-993e8c256fdd/d26f122a-444d-47fd-b120-1d0d60373ecc/0001_psnFUk_sm.jpeg;https://media.app.artisio.co/media/3fc437c0-fdbb-4208-955a-90293eab416d/inventory/630c32b4-9dcf-4acf-9b8c-993e8c256fdd/a21ea1ba-e4d9-4826-8346-84a3604297de/0002_Keddsr_sm.jpeg;https://media.app.artisio.co/media/3fc437c0-fdbb-4208-955a-90293eab416d/inventory/630c32b4-9dcf-4acf-9b8c-993e8c256fdd/4bbfdab8-ae25-4621-bf06-ecae1e1b7a12/0003_XMSffK_sm.jpeg;https://media.app.artisio.co/media/3fc437c0-fdbb-4208-955a-90293eab416d/inventory/630c32b4-9dcf-4acf-9b8c-993e8c256fdd/50bd7c9f-938b-4e28-a258-630da3bfe539/0004_CpWLWN_sm.jpeg;https://media.app.artisio.co/media/3fc437c0-fdbb-4208-955a-90293eab416d/inventory/630c32b4-9dcf-4acf-9b8c-993e8c256fdd/79216273-afd2-45bf-b33c-1c9cfa3237bc/0005_XyZVAB_sm.jpeg;https://media.app.artisio.co/media/3fc437c0-fdbb-4208-955a-90293eab416d/inventory/630c32b4-9dcf-4acf-9b8c-993e8c256fdd/f50a250c-c9a3-43f0-86fa-c23343fcee1f/0006_MyhoVu_sm.jpeg;https://media.app.artisio.co/media/3fc437c0-fdbb-4208-955a-90293eab416d/inventory/630c32b4-9dcf-4acf-9b8c-993e8c256fdd/93ed59f9-b362-43de-8d66-09a247426848/0007_UrHvDj_sm.jpeg;https://media.app.artisio.co/media/3fc437c0-fdbb-4208-955a-90293eab416d/inventory/630c32b4-9dcf-4acf-9b8c-993e8c256fdd/feaf727f-1642-42d3-9e73-8452dea721bc/0008_Iyhsgf_sm.jpeg;https://media.app.artisio.co/media/3fc437c0-fdbb-4208-955a-90293eab416d/inventory/630c32b4-9dcf-4acf-9b8c-993e8c256fdd/9d2f456c-a15a-4f0c-9899-c30ea3af0d1c/0009_RnpGin_sm.jpeg;https://media.app.artisio.co/media/3fc437c0-fdbb-4208-955a-90293eab416d/inventory/630c32b4-9dcf-4acf-9b8c-993e8c256fdd/f24aa601-0bae-4dcf-b09f-e46dc9fd7834/0010_nfHYUF_sm.jpeg;https://media.app.artisio.co/media/3fc437c0-fdbb-4208-955a-90293eab416d/inventory/630c32b4-9dcf-4acf-9b8c-993e8c256fdd/80710e07-bba1-46fc-877b-a0102754cdb3/0011_ntycSd_sm.jpeg,11,"{""artist_retail_right"": true, ""comments"": null, ""condition"": null, ""condition_report"": null, ""dimensions"": null, ""extra_text"": null, ""footnote"": null, ""header"": null, ""internal_reference"": null, ""literature"": null, ""origin_exhibition_lite"": null, ""painter_artist_school"": ""Anita Tullio (1935-2014) and Cokio (Claude Barart 1936)"", ""period"": null, ""signature_dating"": ""both signed, I. stamped with the artist's name, the foundry's stamp (Bocquel fondeur) and the publisher'stamp and edition number (Artcurial 5/50) II inscribed 'COKIO '82 E.A. (underneath)"", ""technique_size"": ""both bronze with a golden brown patina, H. 16 cm and 19 cm"", ""title"": ""Untitled (2)"", ""total"": null, ""weight_size_quality"": null}"
9b8e72e2-fc62-4f06-bde8-9c0abbbf8300,1095,26-0389/191,cf6791c9-ca51-4cf7-a7d7-ec9c22d7e67d,730,Sculpting Beauty: Spotlight on a Private Collection,Sculpturen ,Overhangende vorm (Overhanging Form) and a similar work," Ernest Joachim (1949), Overhangende vorm (Overhanging Form) and a similar work","<h3>Painter / Artist / School</h3>Ernest Joachim (1949)<h3>Technique / Size</h3>both polished bronze on a hardstone base, Heights: 26 cm each",published,EUR,300.0,500.0,200.0,,,1,0,,,True,"Mon, 31 Aug 2026 08:00:00 GMT","Mon, 14 Sep 2026 17:48:00 GMT",https://media.app.artisio.co/media/3fc437c0-fdbb-4208-955a-90293eab416d/inventory/69114258-d76a-4930-abec-f02b5e39a438/6f01cfb6-028e-43ea-9403-dd0d106a8e4c/0001_EnqdQh_sm.jpeg;https://media.app.artisio.co/media/3fc437c0-fdbb-4208-955a-90293eab416d/inventory/69114258-d76a-4930-abec-f02b5e39a438/28d79dc1-cfb9-47be-8603-c4085cb7df24/0001a_fXRbaU_sm.jpeg;https://media.app.artisio.co/media/3fc437c0-fdbb-4208-955a-90293eab416d/inventory/69114258-d76a-4930-abec-f02b5e39a438/7a2d6d70-467e-46ef-8fa1-f71763958f5a/0002_SmfKzd_sm.jpeg;https://media.app.artisio.co/media/3fc437c0-fdbb-4208-955a-90293eab416d/inventory/69114258-d76a-4930-abec-f02b5e39a438/b59cc4e3-3eb6-40ed-9c93-46ffd7588caa/0003_QljIuf_sm.jpeg;https://media.app.artisio.co/media/3fc437c0-fdbb-4208-955a-90293eab416d/inventory/69114258-d76a-4930-abec-f02b5e39a438/edb876f7-60b8-4fa8-8e41-98ec246869ae/0004_DpzJUF_sm.jpeg;https://media.app.artisio.co/media/3fc437c0-fdbb-4208-955a-90293eab416d/inventory/69114258-d76a-4930-abec-f02b5e39a438/f8e9fecb-a601-4ec2-a6ea-3b4c17ebff10/0005_HZefwn_sm.jpeg;https://media.app.artisio.co/media/3fc437c0-fdbb-4208-955a-90293eab416d/inventory/69114258-d76a-4930-abec-f02b5e39a438/547aaa6d-fab9-42b9-895a-61d89d86808b/0006_GGBhEF_sm.jpeg;https://media.app.artisio.co/media/3fc437c0-fdbb-4208-955a-90293eab416d/inventory/69114258-d76a-4930-abec-f02b5e39a438/1c7d8164-2c64-4619-a457-15a770a68f46/0008_LoLzUa_sm.jpeg;https://media.app.artisio.co/media/3fc437c0-fdbb-4208-955a-90293eab416d/inventory/69114258-d76a-4930-abec-f02b5e39a438/bf099d2b-3724-4086-ba48-38ee8438835f/0009_nJMEYb_sm.jpeg;https://media.app.artisio.co/media/3fc437c0-fdbb-4208-955a-90293eab416d/inventory/69114258-d76a-4930-abec-f02b5e39a438/0eaf7a2d-bced-485d-8c48-8064f7508a4b/0010_lxEhIZ_sm.jpeg;https://media.app.artisio.co/media/3fc437c0-fdbb-4208-955a-90293eab416d/inventory/69114258-d76a-4930-abec-f02b5e39a438/ba691562-f80a-493c-b286-a88b07c81db9/0011_bIKXxB_sm.jpeg;https://media.app.artisio.co/media/3fc437c0-fdbb-4208-955a-90293eab416d/inventory/69114258-d76a-4930-abec-f02b5e39a438/522eec65-41a7-4d97-8f8b-2cad04e5cbed/0012_EZfbuM_sm.jpeg;https://media.app.artisio.co/media/3fc437c0-fdbb-4208-955a-90293eab416d/inventory/69114258-d76a-4930-abec-f02b5e39a438/91daa66f-36af-4ede-91ea-9936600f1466/0013_kvaDOP_sm.jpeg,13,"{""artist_retail_right"": true, ""comments"": null, ""condition"": null, ""condition_report"": null, ""dimensions"": null, ""extra_text"": null, ""footnote"": null, ""header"": null, ""internal_reference"": null, ""literature"": null, ""origin_exhibition_lite"": null, ""painter_artist_school"": "" Ernest Joachim (1949)"", ""period"": null, ""signature_dating"": null, ""technique_size"": ""both polished bronze on a hardstone base, Heights: 26 cm each"", ""title"": ""Overhangende vorm (Overhanging Form) and a similar work"", ""total"": null, ""weight_size_quality"": null}"
e5cbbc91-1778-4608-9681-39828c696c6e,1096,26-0389/169,cf6791c9-ca51-4cf7-a7d7-ec9c22d7e67d,730,Sculpting Beauty: Spotlight on a Private Collection,Sculpturen ,Organic shape,"Dutch School (20th Century), Organic shape","<h3>Painter / Artist / School</h3>Dutch School (20th Century)<h3>Technique / Size</h3>alabaster, H. 27 cm<h3>Signature / Dating</h3>unsigned",published,EUR,70.0,100.0,60.0,,,1,0,,,True,"Mon, 31 Aug 2026 08:00:00 GMT","Mon, 14 Sep 2026 17:48:00 GMT",https://media.app.artisio.co/media/3fc437c0-fdbb-4208-955a-90293eab416d/inventory/065eff25-af9e-498a-9223-c0ccda1b1e5f/ec4ef843-8b22-42e8-9607-21a7d18e8c5c/0001_sOZNtp_sm.jpeg;https://media.app.artisio.co/media/3fc437c0-fdbb-4208-955a-90293eab416d/inventory/065eff25-af9e-498a-9223-c0ccda1b1e5f/18aea280-b149-4ae7-be31-c9e022f5ab87/0002_ceppEv_sm.jpeg;https://media.app.artisio.co/media/3fc437c0-fdbb-4208-955a-90293eab416d/inventory/065eff25-af9e-498a-9223-c0ccda1b1e5f/48f5a34d-4145-4162-9f4d-0fa275e54aa6/0003_vEcffF_sm.jpeg,3,"{""artist_retail_right"": false, ""comments"": null, ""condition"": null, ""condition_report"": null, ""dimensions"": null, ""extra_text"": null, ""footnote"": null, ""header"": null, ""internal_reference"": null, ""literature"": null, ""origin_exhibition_lite"": null, ""painter_artist_school"": ""Dutch School (20th Century)"", ""period"": null, ""signature_dating"": ""unsigned"", ""technique_size"": ""alabaster, H. 27 cm"", ""title"": ""Organic shape"", ""total"": null, ""weight_size_quality"": null}"
0b1450fe-f29a-430c-897e-ac5a8bc6854a,1097,26-0626/104,cf6791c9-ca51-4cf7-a7d7-ec9c22d7e67d,730,Sculpting Beauty: Spotlight on a Private Collection,Sculpturen ,Head,"Dutch School (20th Century), Head","<h3>Painter / Artist / School</h3>Dutch School (20th Century)<h3>Technique / Size</h3>carved green stone, H 22 cm",published,EUR,200.0,300.0,100.0,,,1,0,,,True,"Mon, 31 Aug 2026 08:00:00 GMT","Mon, 14 Sep 2026 17:51:00 GMT",https://media.app.artisio.co/media/3fc437c0-fdbb-4208-955a-90293eab416d/inventory/63699a8b-f702-4767-8430-230ebfac8094/77e439f6-90f5-4454-866a-9a06aaf4d019/0002_HHqOPg_sm.jpeg;https://media.app.artisio.co/media/3fc437c0-fdbb-4208-955a-90293eab416d/inventory/63699a8b-f702-4767-8430-230ebfac8094/ca5142fa-50f5-41b4-bfdf-eea432b1f442/0003_rTZXtT_sm.jpeg;https://media.app.artisio.co/media/3fc437c0-fdbb-4208-955a-90293eab416d/inventory/63699a8b-f702-4767-8430-230ebfac8094/e7a0cd10-a69e-4ea1-8ed5-0548ebb948a9/0004_jKTcgn_sm.jpeg;https://media.app.artisio.co/media/3fc437c0-fdbb-4208-955a-90293eab416d/inventory/63699a8b-f702-4767-8430-230ebfac8094/2689ced1-6c7f-4343-9486-baa020463daa/0005_rbhGpj_sm.jpeg;https://media.app.artisio.co/media/3fc437c0-fdbb-4208-955a-90293eab416d/inventory/63699a8b-f702-4767-8430-230ebfac8094/027aaa49-5510-4426-a6ca-cf5f80fc5f46/0006_nSwzOk_sm.jpeg,5,"{""artist_retail_right"": false, ""comments"": null, ""condition"": null, ""condition_report"": null, ""dimensions"": null, ""extra_text"": null, ""footnote"": null, ""header"": null, ""internal_reference"": null, ""literature"": null, ""origin_exhibition_lite"": null, ""painter_artist_school"": ""Dutch School (20th Century)"", ""period"": null, ""signature_dating"": null, ""technique_size"": ""carved green stone, H 22 cm"", ""title"": ""Head"", ""total"": null, ""weight_size_quality"": null}"
0969aa1a-ac1b-43d5-a26c-f427c18e57bd,1098,26-0389/120,cf6791c9-ca51-4cf7-a7d7-ec9c22d7e67d,730,Sculpting Beauty: Spotlight on a Private Collection,Sculpturen ,Peacocks,"Daniëlle Orelio (1943) , Peacocks","<h3>Painter / Artist / School</h3>Daniëlle Orelio (1943)<h3>Technique / Size</h3>two green patinated bronzes,  on hard stone bases, ca. 48x46x15 cm  and H 27 cm D 40 cm<h3>Signature / Dating</h3>one with stamped signature the other monogrammed, both numberer 1/1",published,EUR,400.0,600.0,280.0,,,1,2,300.0,300.0,True,"Mon, 31 Aug 2026 08:00:00 GMT","Mon, 14 Sep 2026 17:51:00 GMT",https://media.app.artisio.co/media/3fc437c0-fdbb-4208-955a-90293eab416d/inventory/ff6e799b-9510-4ca0-a944-c0c9db0ee407/babfa3ee-fbd5-44f3-9772-16f76d82f8c0/0001_HxeibO_sm.jpeg;https://media.app.artisio.co/media/3fc437c0-fdbb-4208-955a-90293eab416d/inventory/ff6e799b-9510-4ca0-a944-c0c9db0ee407/81096dfc-78d9-4e55-a9a6-85cf7c68d31b/0002_fOxpno_sm.jpeg;https://media.app.artisio.co/media/3fc437c0-fdbb-4208-955a-90293eab416d/inventory/ff6e799b-9510-4ca0-a944-c0c9db0ee407/baa97890-eef0-45e3-b5a5-d4c98ae65e15/0003_wNiGkm_sm.jpeg;https://media.app.artisio.co/media/3fc437c0-fdbb-4208-955a-90293eab416d/inventory/ff6e799b-9510-4ca0-a944-c0c9db0ee407/3e819f8a-d861-4d37-a363-6c37ec8cb21f/0004_vLQoob_sm.jpeg;https://media.app.artisio.co/media/3fc437c0-fdbb-4208-955a-90293eab416d/inventory/ff6e799b-9510-4ca0-a944-c0c9db0ee407/41e36457-303c-4153-830a-3315e733777e/0005_GVmFxp_sm.jpeg;https://media.app.artisio.co/media/3fc437c0-fdbb-4208-955a-90293eab416d/inventory/ff6e799b-9510-4ca0-a944-c0c9db0ee407/0355123d-0e1d-4bf2-bc08-be918d93bfdd/0005a_gzocUr_sm.jpeg;https://media.app.artisio.co/media/3fc437c0-fdbb-4208-955a-90293eab416d/inventory/ff6e799b-9510-4ca0-a944-c0c9db0ee407/540a2af1-bf4f-4187-8a15-4c7bdd4d3f02/0005b_KWiiAM_sm.jpeg;https://media.app.artisio.co/media/3fc437c0-fdbb-4208-955a-90293eab416d/inventory/ff6e799b-9510-4ca0-a944-c0c9db0ee407/94e8465b-67ff-49c1-881f-38cd6de72c75/0008_GdCrIK_sm.jpeg;https://media.app.artisio.co/media/3fc437c0-fdbb-4208-955a-90293eab416d/inventory/ff6e799b-9510-4ca0-a944-c0c9db0ee407/558c7608-6a2c-4b24-bdba-6431a7e62c95/0009_uovqrk_sm.jpeg;https://media.app.artisio.co/media/3fc437c0-fdbb-4208-955a-90293eab416d/inventory/ff6e799b-9510-4ca0-a944-c0c9db0ee407/73d96edb-a7f7-4f10-9e5e-467a448a06fe/0010_xhOrGJ_sm.jpeg;https://media.app.artisio.co/media/3fc437c0-fdbb-4208-955a-90293eab416d/inventory/ff6e799b-9510-4ca0-a944-c0c9db0ee407/6a276bf5-5d67-432e-bc30-c386b44b8981/0011_COLkWc_sm.jpeg,11,"{""artist_retail_right"": true, ""comments"": null, ""condition"": null, ""condition_report"": null, ""dimensions"": null, ""extra_text"": null, ""footnote"": null, ""header"": null, ""internal_reference"": null, ""literature"": null, ""origin_exhibition_lite"": null, ""painter_artist_school"": ""Daniëlle Orelio (1943) "", ""period"": null, ""signature_dating"": ""one with stamped signature the other monogrammed, both numberer 1/1"", ""technique_size"": ""two green patinated bronzes,  on hard stone bases, ca. 48x46x15 cm  and H 27 cm D 40 cm"", ""title"": ""Peacocks"", ""total"": null, ""weight_size_quality"": null}"
3dbad936-55f0-4c7d-8b66-6f7b1188a3df,1099,26-0389/134,cf6791c9-ca51-4cf7-a7d7-ec9c22d7e67d,730,Sculpting Beauty: Spotlight on a Private Collection,Sculpturen ,Prancing Horse,"Nico van Rijsbergen (20th Century), Prancing Horse","<h3>Painter / Artist / School</h3>Nico van Rijsbergen (20th Century)<h3>Technique / Size</h3>bronze with black patina on a hardstone pedestal, H.",published,EUR,200.0,300.0,100.0,100.0,,1,0,,,True,"Mon, 31 Aug 2026 08:00:00 GMT","Mon, 14 Sep 2026 17:51:00 GMT",https://media.app.artisio.co/media/3fc437c0-fdbb-4208-955a-90293eab416d/inventory/5d1aee5c-1597-486f-84c5-1b38fa882257/419c9d14-5493-4c41-ba19-2bc673b2617c/0001_UOuqoT_sm.jpeg;https://media.app.artisio.co/media/3fc437c0-fdbb-4208-955a-90293eab416d/inventory/5d1aee5c-1597-486f-84c5-1b38fa882257/a35545bb-ba88-45a2-885f-3a5acfb16a48/0002_EoXdrQ_sm.jpeg;https://media.app.artisio.co/media/3fc437c0-fdbb-4208-955a-90293eab416d/inventory/5d1aee5c-1597-486f-84c5-1b38fa882257/27c0a90d-69c8-4fd8-b350-1bc476660104/0003_CyYIhl_sm.jpeg;https://media.app.artisio.co/media/3fc437c0-fdbb-4208-955a-90293eab416d/inventory/5d1aee5c-1597-486f-84c5-1b38fa882257/33170f92-661a-4f9b-a92d-25759facf055/0004_GerPTJ_sm.jpeg,4,"{""artist_retail_right"": true, ""comments"": null, ""condition"": null, ""condition_report"": null, ""dimensions"": null, ""extra_text"": null, ""footnote"": null, ""header"": null, ""internal_reference"": null, ""literature"": null, ""origin_exhibition_lite"": null, ""painter_artist_school"": ""Nico van Rijsbergen (20th Century)"", ""period"": null, ""signature_dating"": null, ""technique_size"": ""bronze with black patina on a hardstone pedestal, H."", ""title"": ""Prancing Horse"", ""total"": null, ""weight_size_quality"": null}"
7867394e-2480-4e84-bac0-1ab20c538a49,1100,26-0626/106,cf6791c9-ca51-4cf7-a7d7-ec9c22d7e67d,730,Sculpting Beauty: Spotlight on a Private Collection,Sculpturen ,Fallen Horse,"Peter Kortekaas (1946), Fallen Horse","<h3>Painter / Artist / School</h3>Peter Kortekaas (1946)<h3>Technique / Size</h3>bronze with black patina, 11x31x16 cm",published,EUR,200.0,300.0,100.0,100.0,,1,0,,,True,"Mon, 31 Aug 2026 08:00:00 GMT","Mon, 14 Sep 2026 17:51:00 GMT",https://media.app.artisio.co/media/3fc437c0-fdbb-4208-955a-90293eab416d/inventory/d4dd4c92-79e3-47b6-bebb-544fb35afcbd/e4f466fa-f13b-43bf-ac58-0aecfb378268/0001_JpMrJA_sm.jpeg;https://media.app.artisio.co/media/3fc437c0-fdbb-4208-955a-90293eab416d/inventory/d4dd4c92-79e3-47b6-bebb-544fb35afcbd/befcc0db-5de8-41ed-b548-a46d315fac1d/0002_UjJvUY_sm.jpeg;https://media.app.artisio.co/media/3fc437c0-fdbb-4208-955a-90293eab416d/inventory/d4dd4c92-79e3-47b6-bebb-544fb35afcbd/a3334329-2583-484f-aea1-fb6ff5de14c0/0003_PPehAE_sm.jpeg;https://media.app.artisio.co/media/3fc437c0-fdbb-4208-955a-90293eab416d/inventory/d4dd4c92-79e3-47b6-bebb-544fb35afcbd/309cc286-c048-4fe0-8174-c344723032c2/0004_ZeoPDE_sm.jpeg,4,"{""artist_retail_right"": true, ""comments"": null, ""condition"": null, ""condition_report"": null, ""dimensions"": null, ""extra_text"": null, ""footnote"": null, ""header"": null, ""internal_reference"": null, ""literature"": null, ""origin_exhibition_lite"": null, ""painter_artist_school"": ""Peter Kortekaas (1946)"", ""period"": null, ""signature_dating"": null, ""technique_size"": ""bronze with black patina, 11x31x16 cm"", ""title"": ""Fallen Horse"", ""total"": null, ""weight_size_quality"": null}"
