LotUUID,LotNo,StockNo,AuctionUUID,AuctionNo,AuctionTitle,Category,Title,ShortDescription,Description,Status,Currency,LowEstimate,HighEstimate,StartPrice,Reserve,BuyNowPrice,Quantity,NumOfBids,LastBidAmount,WinningBidAmount,IsStarted,StartDate,EndDate,ImageURLs,NrOfImages,DynamicFields
4e888533-1a40-448d-9420-5173b6c7cb68,1,26-0301/1,fbef6459-c238-43e4-b7ac-6357713358f6,713,Classic to Modern Art,"Schilderijen, aquarellen en tekeningen I",City beach with a castle,"Harm Kamerlingh Onnes (1893-1985), City beach with a castle","<h3>Painter / Artist / School</h3>Harm Kamerlingh Onnes (1893-1985)<h3>Technique / Size</h3>oil on board, 40x50 cm (57x67 cm incl. frame)<h3>Signature / Dating</h3>signed with initials and dated ''69/HHKO' (lower right)",published,EUR,1000.0,1500.0,900.0,,,1,1,900.0,900.0,True,"Mon, 31 Aug 2026 08:00:00 GMT","Tue, 15 Sep 2026 17:03:00 GMT",https://media.app.artisio.co/media/3fc437c0-fdbb-4208-955a-90293eab416d/inventory/131a06e9-daaf-4e78-a30b-8e57c64d450d/801f3b50-61c7-45a3-a8a1-ec35bc40b0e6/0001_yLcwjN_sm.jpeg;https://media.app.artisio.co/media/3fc437c0-fdbb-4208-955a-90293eab416d/inventory/131a06e9-daaf-4e78-a30b-8e57c64d450d/3e009d14-ea59-4139-a681-dc03fc9dc3c0/0002_WMFxJJ_sm.jpeg;https://media.app.artisio.co/media/3fc437c0-fdbb-4208-955a-90293eab416d/inventory/131a06e9-daaf-4e78-a30b-8e57c64d450d/0c850ba6-420d-40cd-be7d-63db5def63d4/0003_WzmNxt_sm.jpeg;https://media.app.artisio.co/media/3fc437c0-fdbb-4208-955a-90293eab416d/inventory/131a06e9-daaf-4e78-a30b-8e57c64d450d/f5e1ae56-a3de-4d05-a382-3a9d20e723de/0004_sTrnhX_sm.jpeg,4,"{""artist_retail_right"": true, ""comments"": null, ""condition"": null, ""condition_report"": null, ""dimensions"": null, ""extra_text"": null, ""footnote"": null, ""header"": null, ""internal_reference"": null, ""literature"": null, ""origin_exhibition_lite"": null, ""painter_artist_school"": ""Harm Kamerlingh Onnes (1893-1985)"", ""period"": null, ""signature_dating"": ""signed with initials and dated ''69/HHKO' (lower right)"", ""technique_size"": ""oil on board, 40x50 cm (57x67 cm incl. frame)"", ""title"": ""City beach with a castle"", ""total"": null, ""weight_size_quality"": null}"
3eeb6d09-53a6-4e75-9ffc-4af851dd42e5,2,26-0301/3,fbef6459-c238-43e4-b7ac-6357713358f6,713,Classic to Modern Art,"Schilderijen, aquarellen en tekeningen I",Flowers in a blue pot,"Harm Kamerlingh Onnes (1893-1985), Flowers in a blue pot","<h3>Painter / Artist / School</h3>Harm Kamerlingh Onnes (1893-1985)<h3>Technique / Size</h3>oil on board, 30x24 cm (47,5x41,5 cm incl. frame)<h3>Signature / Dating</h3>signed with initials and dated 'HHKO/60' (upper right)",published,EUR,400.0,600.0,300.0,300.0,,1,0,,,True,"Mon, 31 Aug 2026 08:00:00 GMT","Tue, 15 Sep 2026 17:03:00 GMT",https://media.app.artisio.co/media/3fc437c0-fdbb-4208-955a-90293eab416d/inventory/ed83d850-b06b-4ebf-8d3b-5012551de0e8/9b649349-718b-441e-b25a-293f6bc02667/0001_kgzbJm_sm.jpeg;https://media.app.artisio.co/media/3fc437c0-fdbb-4208-955a-90293eab416d/inventory/ed83d850-b06b-4ebf-8d3b-5012551de0e8/86fbee5e-0801-4e62-a832-9d1315c89ff3/0002_xiVdyn_sm.jpeg;https://media.app.artisio.co/media/3fc437c0-fdbb-4208-955a-90293eab416d/inventory/ed83d850-b06b-4ebf-8d3b-5012551de0e8/455e760a-ada0-4dd1-955b-1613cc0769cd/0003_BtOrIS_sm.jpeg;https://media.app.artisio.co/media/3fc437c0-fdbb-4208-955a-90293eab416d/inventory/ed83d850-b06b-4ebf-8d3b-5012551de0e8/6badb74e-b5cc-4fdd-b6cb-1b1e070d26b1/0004_tZlrLH_sm.jpeg,4,"{""artist_retail_right"": true, ""comments"": null, ""condition"": null, ""condition_report"": null, ""dimensions"": null, ""extra_text"": null, ""footnote"": null, ""header"": null, ""internal_reference"": null, ""literature"": null, ""origin_exhibition_lite"": null, ""painter_artist_school"": ""Harm Kamerlingh Onnes (1893-1985)"", ""period"": null, ""signature_dating"": ""signed with initials and dated 'HHKO/60' (upper right)"", ""technique_size"": ""oil on board, 30x24 cm (47,5x41,5 cm incl. frame)"", ""title"": ""Flowers in a blue pot"", ""total"": null, ""weight_size_quality"": null}"
1eee976b-dfe7-4e5f-8066-5587603bb576,3,26-0404/85,fbef6459-c238-43e4-b7ac-6357713358f6,713,Classic to Modern Art,"Schilderijen, aquarellen en tekeningen I",Dressing on the edge of the bed,"Stuart Ray (English, 1916-1985), Dressing on the edge of the bed","<h3>Painter / Artist / School</h3>Stuart Ray (English, 1916-1985)<h3>Technique / Size</h3>oil on panel, 19x21 cm (28x30 cm incl. frame)<h3>Signature / Dating</h3>signed with initials 'SR' (lower right)",published,EUR,200.0,300.0,100.0,100.0,,1,1,100.0,100.0,True,"Mon, 31 Aug 2026 08:00:00 GMT","Tue, 15 Sep 2026 17:03:00 GMT",https://media.app.artisio.co/media/3fc437c0-fdbb-4208-955a-90293eab416d/inventory/417ea94f-2d34-4967-841a-9edf0adcfb9f/0320bc67-2d0c-4be6-a934-baa4b8633038/0001_bzLiUp_sm.jpeg;https://media.app.artisio.co/media/3fc437c0-fdbb-4208-955a-90293eab416d/inventory/417ea94f-2d34-4967-841a-9edf0adcfb9f/8b2d1ecf-661c-4f69-858e-4a2579cda52d/0002_spdjdB_sm.jpeg;https://media.app.artisio.co/media/3fc437c0-fdbb-4208-955a-90293eab416d/inventory/417ea94f-2d34-4967-841a-9edf0adcfb9f/731f6ac8-219e-4996-a5cb-96cc34785823/0003_mcKTVQ_sm.jpeg;https://media.app.artisio.co/media/3fc437c0-fdbb-4208-955a-90293eab416d/inventory/417ea94f-2d34-4967-841a-9edf0adcfb9f/f65fa70a-ebe1-4373-8acf-1ee2a074bfe7/0004_alwxFH_sm.jpeg,4,"{""artist_retail_right"": true, ""comments"": null, ""condition"": null, ""condition_report"": null, ""dimensions"": null, ""extra_text"": null, ""footnote"": null, ""header"": null, ""internal_reference"": null, ""literature"": null, ""origin_exhibition_lite"": null, ""painter_artist_school"": ""Stuart Ray (English, 1916-1985)"", ""period"": null, ""signature_dating"": ""signed with initials 'SR' (lower right)"", ""technique_size"": ""oil on panel, 19x21 cm (28x30 cm incl. frame)"", ""title"": ""Dressing on the edge of the bed"", ""total"": null, ""weight_size_quality"": null}"
55aa9b2e-35b3-4371-8243-35ed85e8e778,4,26-0404/73,fbef6459-c238-43e4-b7ac-6357713358f6,713,Classic to Modern Art,"Schilderijen, aquarellen en tekeningen I",Half nude by the table with flowers,"Stuart Ray (English, 1916-1985), Half nude by the table with flowers","<h3>Painter / Artist / School</h3>Stuart Ray (English, 1916-1985)<h3>Technique / Size</h3>oil on board, 38,5x46 cm (54x62 cm incl. frame)",published,EUR,300.0,400.0,200.0,200.0,,1,0,,,True,"Mon, 31 Aug 2026 08:00:00 GMT","Tue, 15 Sep 2026 17:03:00 GMT",https://media.app.artisio.co/media/3fc437c0-fdbb-4208-955a-90293eab416d/inventory/e0deb2c1-c115-4795-beca-416ed5f5cc21/d57d705c-3540-4272-b55a-53dbd0d68ef8/0001_nvAsjx_sm.jpeg;https://media.app.artisio.co/media/3fc437c0-fdbb-4208-955a-90293eab416d/inventory/e0deb2c1-c115-4795-beca-416ed5f5cc21/f0b9a05c-d1e8-4677-8d4c-228932a2abe4/0002_NQNrkF_sm.jpeg;https://media.app.artisio.co/media/3fc437c0-fdbb-4208-955a-90293eab416d/inventory/e0deb2c1-c115-4795-beca-416ed5f5cc21/b7d37452-7bc5-4256-ad45-b9b7da7a40fe/0003_NOWeIt_sm.jpeg,3,"{""artist_retail_right"": true, ""comments"": null, ""condition"": null, ""condition_report"": null, ""dimensions"": null, ""extra_text"": null, ""footnote"": null, ""header"": null, ""internal_reference"": null, ""literature"": null, ""origin_exhibition_lite"": null, ""painter_artist_school"": ""Stuart Ray (English, 1916-1985)"", ""period"": null, ""signature_dating"": null, ""technique_size"": ""oil on board, 38,5x46 cm (54x62 cm incl. frame)"", ""title"": ""Half nude by the table with flowers"", ""total"": null, ""weight_size_quality"": null}"
52d33c0c-8757-4c6f-be0d-7fba3ba27b62,5,26-0404/83,fbef6459-c238-43e4-b7ac-6357713358f6,713,Classic to Modern Art,"Schilderijen, aquarellen en tekeningen I",Hanging the laundry in Leeuwarden,"Ids Wiersma (1878-1965), Hanging the laundry in Leeuwarden","<h3>Painter / Artist / School</h3>Ids Wiersma (1878-1965)<h3>Literature</h3><p>Exhibited:<br>-Drachten, Museum Dr8888 (label attached to the reverse).</p><h3>Technique / Size</h3>oil on panel, 23x26 cm (36,5x40 cm incl. frame)<h3>Signature / Dating</h3>signed and annotated 'Ids Wiersma/Friesland' (on the reverse)",published,EUR,300.0,400.0,200.0,200.0,,1,3,240.0,240.0,True,"Mon, 31 Aug 2026 08:00:00 GMT","Tue, 15 Sep 2026 17:03:00 GMT",https://media.app.artisio.co/media/3fc437c0-fdbb-4208-955a-90293eab416d/inventory/38745180-d001-4434-add1-e125d87980cf/1bc89808-4dfb-44fb-9c08-aa5b99b4b8f1/0001_PQjrgA_sm.jpeg;https://media.app.artisio.co/media/3fc437c0-fdbb-4208-955a-90293eab416d/inventory/38745180-d001-4434-add1-e125d87980cf/770efc68-96f0-4752-8898-c6bdff6f9429/0002_iPMvIb_sm.jpeg;https://media.app.artisio.co/media/3fc437c0-fdbb-4208-955a-90293eab416d/inventory/38745180-d001-4434-add1-e125d87980cf/f267e4aa-aada-4b0a-b6de-1f6437068f36/0003_TZDXxg_sm.jpeg,3,"{""artist_retail_right"": true, ""comments"": null, ""condition"": null, ""condition_report"": null, ""dimensions"": null, ""extra_text"": null, ""footnote"": null, ""header"": null, ""internal_reference"": null, ""literature"": ""<p>Exhibited:<br>-Drachten, Museum Dr8888 (label attached to the reverse).</p>"", ""origin_exhibition_lite"": null, ""painter_artist_school"": ""Ids Wiersma (1878-1965)"", ""period"": null, ""signature_dating"": ""signed and annotated 'Ids Wiersma/Friesland' (on the reverse)"", ""technique_size"": ""oil on panel, 23x26 cm (36,5x40 cm incl. frame)"", ""title"": ""Hanging the laundry in Leeuwarden"", ""total"": null, ""weight_size_quality"": null}"
de99e98d-482d-4f08-b6a6-654a3558a8d1,6,26-0460/7,fbef6459-c238-43e4-b7ac-6357713358f6,713,Classic to Modern Art,"Schilderijen, aquarellen en tekeningen I",Girl and woman by a table ,"Theo Kurpershoek (1914-1998) , Girl and woman by a table ","<h3>Painter / Artist / School</h3>Theo Kurpershoek (1914-1998)<h3>Technique / Size</h3>oil on canvas, 65x50 cm (80x65 cm incl. frame)<h3>Signature / Dating</h3>signed and indistinctly dated 'Th. Kurpershoek' (lower right)",published,EUR,1000.0,1500.0,1000.0,1000.0,,1,1,1000.0,1000.0,True,"Mon, 31 Aug 2026 08:00:00 GMT","Tue, 15 Sep 2026 17:03:00 GMT",https://media.app.artisio.co/media/3fc437c0-fdbb-4208-955a-90293eab416d/inventory/26ada488-3abc-4c27-8744-be637b8db824/27a1f539-fcae-4947-9feb-3daf95c7fca6/0001_RVpBER_sm.jpeg;https://media.app.artisio.co/media/3fc437c0-fdbb-4208-955a-90293eab416d/inventory/26ada488-3abc-4c27-8744-be637b8db824/c90c46e6-2126-46b9-a166-8b0669bfdf8f/0002_OOwKVA_sm.jpeg;https://media.app.artisio.co/media/3fc437c0-fdbb-4208-955a-90293eab416d/inventory/26ada488-3abc-4c27-8744-be637b8db824/b1d87ab1-1f83-4c43-9fca-7358c1ada90f/0003_HszGOu_sm.jpeg;https://media.app.artisio.co/media/3fc437c0-fdbb-4208-955a-90293eab416d/inventory/26ada488-3abc-4c27-8744-be637b8db824/fc45f7a2-a4ab-4c57-b6ac-deeb5397970a/0004_FInHzN_sm.jpeg,4,"{""artist_retail_right"": true, ""comments"": null, ""condition"": null, ""condition_report"": null, ""dimensions"": null, ""extra_text"": null, ""footnote"": null, ""header"": null, ""internal_reference"": null, ""literature"": null, ""origin_exhibition_lite"": null, ""painter_artist_school"": ""Theo Kurpershoek (1914-1998) "", ""period"": null, ""signature_dating"": ""signed and indistinctly dated 'Th. Kurpershoek' (lower right)"", ""technique_size"": ""oil on canvas, 65x50 cm (80x65 cm incl. frame)"", ""title"": ""Girl and woman by a table "", ""total"": null, ""weight_size_quality"": null}"
4be5279d-789e-4955-8db7-1002d69838c7,7,26-0404/71,fbef6459-c238-43e4-b7ac-6357713358f6,713,Classic to Modern Art,"Schilderijen, aquarellen en tekeningen I",Blossom in a hilly landscape,"Theo Goedvriend (1879-1969), Blossom in a hilly landscape","<h3>Painter / Artist / School</h3>Theo Goedvriend (1879-1969)<h3>Technique / Size</h3>oil on panel, 32,5x38,5 cm (45x53 cm incl. frame)",published,EUR,500.0,700.0,400.0,400.0,,1,0,,,True,"Mon, 31 Aug 2026 08:00:00 GMT","Tue, 15 Sep 2026 17:06:00 GMT",https://media.app.artisio.co/media/3fc437c0-fdbb-4208-955a-90293eab416d/inventory/cd588be8-8c39-4ee2-8d14-44e339873810/7f07308b-9ce1-46d7-b782-fa2f38e0eb12/0001_dndWhe_sm.jpeg;https://media.app.artisio.co/media/3fc437c0-fdbb-4208-955a-90293eab416d/inventory/cd588be8-8c39-4ee2-8d14-44e339873810/a500573f-19ed-4a46-b6c5-e63846505d23/0002_HzIsEB_sm.jpeg;https://media.app.artisio.co/media/3fc437c0-fdbb-4208-955a-90293eab416d/inventory/cd588be8-8c39-4ee2-8d14-44e339873810/dfb2fcc7-bd77-4313-82b1-12c5ee67044c/0003_NloKAj_sm.jpeg,3,"{""artist_retail_right"": true, ""comments"": null, ""condition"": null, ""condition_report"": null, ""dimensions"": null, ""extra_text"": null, ""footnote"": null, ""header"": null, ""internal_reference"": null, ""literature"": null, ""origin_exhibition_lite"": null, ""painter_artist_school"": ""Theo Goedvriend (1879-1969)"", ""period"": null, ""signature_dating"": null, ""technique_size"": ""oil on panel, 32,5x38,5 cm (45x53 cm incl. frame)"", ""title"": ""Blossom in a hilly landscape"", ""total"": null, ""weight_size_quality"": null}"
84e192a6-5c94-4cf1-a460-0bcc955e71a4,8,26-0529/14,fbef6459-c238-43e4-b7ac-6357713358f6,713,Classic to Modern Art,"Schilderijen, aquarellen en tekeningen I",Bedside,"Pierre Paulus (Belgian, 1881-1959), Bedside","<h3>Painter / Artist / School</h3>Pierre Paulus (Belgian, 1881-1959)<h3>Literature</h3><p>Provenance:<br>-Auction, Sotheby's, Amsterdam, 25 October 1999, lot 103 (label attached to the stretcher).<br>-Auction, AAG, Amsterdam, 31 March 2014, lot 434.</p><h3>Technique / Size</h3>oil on paper, mounted on canvas, 60x50 cm (71x62 cm incl. frame)<h3>Signature / Dating</h3>signed 'P Paulus' (lower right)",published,EUR,1000.0,1500.0,900.0,900.0,,1,0,,,True,"Mon, 31 Aug 2026 08:00:00 GMT","Tue, 15 Sep 2026 17:06:00 GMT",https://media.app.artisio.co/media/3fc437c0-fdbb-4208-955a-90293eab416d/inventory/676f38da-4c0b-444f-88ec-b1cc96634170/e4aec0f3-80c3-43ec-85a0-550d2fa0906c/0001_EknjQJ_sm.jpeg;https://media.app.artisio.co/media/3fc437c0-fdbb-4208-955a-90293eab416d/inventory/676f38da-4c0b-444f-88ec-b1cc96634170/57d9d512-fd4d-413e-9982-fd620bc67550/0002_BcnvQY_sm.jpeg;https://media.app.artisio.co/media/3fc437c0-fdbb-4208-955a-90293eab416d/inventory/676f38da-4c0b-444f-88ec-b1cc96634170/d50ecdff-6d59-4ea3-8874-5212b0c5ac34/0003_zDpYPp_sm.jpeg;https://media.app.artisio.co/media/3fc437c0-fdbb-4208-955a-90293eab416d/inventory/676f38da-4c0b-444f-88ec-b1cc96634170/3336184c-a5fc-4838-b5e6-474d6d2da265/0004_eIppqA_sm.jpeg,4,"{""artist_retail_right"": true, ""comments"": ""<p>https://rkd.nl/imageslite/3800784</p>"", ""condition"": null, ""condition_report"": null, ""dimensions"": null, ""extra_text"": null, ""footnote"": null, ""header"": null, ""internal_reference"": null, ""literature"": ""<p>Provenance:<br>-Auction, Sotheby's, Amsterdam, 25 October 1999, lot 103 (label attached to the stretcher).<br>-Auction, AAG, Amsterdam, 31 March 2014, lot 434.</p>"", ""origin_exhibition_lite"": null, ""painter_artist_school"": ""Pierre Paulus (Belgian, 1881-1959)"", ""period"": null, ""signature_dating"": ""signed 'P Paulus' (lower right)"", ""technique_size"": ""oil on paper, mounted on canvas, 60x50 cm (71x62 cm incl. frame)"", ""title"": ""Bedside"", ""total"": null, ""weight_size_quality"": null}"
d30bacb8-f014-4e1f-9d59-50dd7f6cfeeb,9,26-0404/114,fbef6459-c238-43e4-b7ac-6357713358f6,713,Classic to Modern Art,"Schilderijen, aquarellen en tekeningen I",'Anke',"Freek van den Berg (1918-2000), 'Anke'","<h3>Painter / Artist / School</h3>Freek van den Berg (1918-2000)<h3>Technique / Size</h3>oil on canvas, 40x50 cm (55x65 cm incl. frame)<h3>Signature / Dating</h3>signed 'Freek vd Berg' (lower right); signed again, dated and annotated 'Geschilderd door mij/1962-1965/Anke Freek vd Berg' (on a label attached to the stretcher)",published,EUR,700.0,1000.0,600.0,600.0,,1,0,,,True,"Mon, 31 Aug 2026 08:00:00 GMT","Tue, 15 Sep 2026 17:06:00 GMT",https://media.app.artisio.co/media/3fc437c0-fdbb-4208-955a-90293eab416d/inventory/ad654c99-0ff4-4077-be3a-c98a7a07e372/b25b8e15-b28c-4273-948c-a9442ab28cde/0001_xRtLeI_sm.jpeg;https://media.app.artisio.co/media/3fc437c0-fdbb-4208-955a-90293eab416d/inventory/ad654c99-0ff4-4077-be3a-c98a7a07e372/d52374c3-121a-43e8-b559-6870dea15aba/0002_VorxfY_sm.jpeg;https://media.app.artisio.co/media/3fc437c0-fdbb-4208-955a-90293eab416d/inventory/ad654c99-0ff4-4077-be3a-c98a7a07e372/221ba228-a601-4077-abf3-3c5f6025a198/0003_gtRYxu_sm.jpeg;https://media.app.artisio.co/media/3fc437c0-fdbb-4208-955a-90293eab416d/inventory/ad654c99-0ff4-4077-be3a-c98a7a07e372/f322e1a9-fe3d-4dd6-acab-e372394bf970/0004_MJavrL_sm.jpeg;https://media.app.artisio.co/media/3fc437c0-fdbb-4208-955a-90293eab416d/inventory/ad654c99-0ff4-4077-be3a-c98a7a07e372/44e967c1-d9ec-4d2d-a223-614dfff72b54/0005_SyxVaj_sm.jpeg,5,"{""artist_retail_right"": true, ""comments"": null, ""condition"": null, ""condition_report"": null, ""dimensions"": null, ""extra_text"": null, ""footnote"": null, ""header"": null, ""internal_reference"": null, ""literature"": null, ""origin_exhibition_lite"": null, ""painter_artist_school"": ""Freek van den Berg (1918-2000)"", ""period"": null, ""signature_dating"": ""signed 'Freek vd Berg' (lower right); signed again, dated and annotated 'Geschilderd door mij/1962-1965/Anke Freek vd Berg' (on a label attached to the stretcher)"", ""technique_size"": ""oil on canvas, 40x50 cm (55x65 cm incl. frame)"", ""title"": ""'Anke'"", ""total"": null, ""weight_size_quality"": null}"
642c9a9d-5305-49db-8ba7-f8f42ba0ccf4,10,26-0404/70,fbef6459-c238-43e4-b7ac-6357713358f6,713,Classic to Modern Art,"Schilderijen, aquarellen en tekeningen I",Gazing in the mirror,"Freek van den Berg (1918-2000), Gazing in the mirror","<h3>Painter / Artist / School</h3>Freek van den Berg (1918-2000)<h3>Technique / Size</h3>oil on canvas, 70x50 cm (76x56 cm incl. frame)<h3>Signature / Dating</h3>signed 'Freek v Berg' (lower right)",published,EUR,500.0,700.0,400.0,400.0,,1,1,400.0,400.0,True,"Mon, 31 Aug 2026 08:00:00 GMT","Tue, 15 Sep 2026 17:06:00 GMT",https://media.app.artisio.co/media/3fc437c0-fdbb-4208-955a-90293eab416d/inventory/9c81435b-8890-420a-af3c-5a4d52f0c6d3/4a0a7830-25f5-40f9-9102-552f5e081f40/0001_PCenZU_sm.jpeg;https://media.app.artisio.co/media/3fc437c0-fdbb-4208-955a-90293eab416d/inventory/9c81435b-8890-420a-af3c-5a4d52f0c6d3/4ab9ccef-73f0-400a-bfb3-4783aca35d13/0002_IkomRx_sm.jpeg;https://media.app.artisio.co/media/3fc437c0-fdbb-4208-955a-90293eab416d/inventory/9c81435b-8890-420a-af3c-5a4d52f0c6d3/10ebb2be-a91d-4eb9-ab9f-515745bab205/0003_uTeTRx_sm.jpeg;https://media.app.artisio.co/media/3fc437c0-fdbb-4208-955a-90293eab416d/inventory/9c81435b-8890-420a-af3c-5a4d52f0c6d3/980fe4e4-1ea0-47a2-b71c-d97c3a46c1b1/0004_LHNbAE_sm.jpeg,4,"{""artist_retail_right"": true, ""comments"": null, ""condition"": null, ""condition_report"": null, ""dimensions"": null, ""extra_text"": null, ""footnote"": null, ""header"": null, ""internal_reference"": null, ""literature"": null, ""origin_exhibition_lite"": null, ""painter_artist_school"": ""Freek van den Berg (1918-2000)"", ""period"": null, ""signature_dating"": ""signed 'Freek v Berg' (lower right)"", ""technique_size"": ""oil on canvas, 70x50 cm (76x56 cm incl. frame)"", ""title"": ""Gazing in the mirror"", ""total"": null, ""weight_size_quality"": null}"
c71b850f-33cb-4ae6-b284-b198b403d0a8,11,26-0404/105,fbef6459-c238-43e4-b7ac-6357713358f6,713,Classic to Modern Art,"Schilderijen, aquarellen en tekeningen I",Pierrot puppet on a chair,"Lucie van Dam van Isselt (1871-1949), Pierrot puppet on a chair","<h3>Painter / Artist / School</h3>Lucie van Dam van Isselt (1871-1949)<h3>Literature</h3><p>Literature:&nbsp;<br>-Included in the online catalogue raisonné of the Stichting Lucie van Dam van Isselt.</p><h3>Technique / Size</h3>oil on panel, 27,5x22,5 cm (29x23,5 cm incl. frame)<h3>Signature / Dating</h3>signed 'L v Dam v Isselt' (lower left)",published,EUR,600.0,800.0,500.0,500.0,,1,0,,,True,"Mon, 31 Aug 2026 08:00:00 GMT","Tue, 15 Sep 2026 17:06:00 GMT",https://media.app.artisio.co/media/3fc437c0-fdbb-4208-955a-90293eab416d/inventory/b9acc418-95bd-4a35-96a1-679f0783c0e8/178c60da-9bfe-4a41-a95f-38c24c7b3166/0001_dwQPUm_sm.jpeg;https://media.app.artisio.co/media/3fc437c0-fdbb-4208-955a-90293eab416d/inventory/b9acc418-95bd-4a35-96a1-679f0783c0e8/5cc09dad-6bf4-4b05-8de0-f9b65f8a947a/0002_avNZku_sm.jpeg;https://media.app.artisio.co/media/3fc437c0-fdbb-4208-955a-90293eab416d/inventory/b9acc418-95bd-4a35-96a1-679f0783c0e8/548e0aec-79b3-466f-ac4d-b059f1661fc3/0003_QPdjXO_sm.jpeg;https://media.app.artisio.co/media/3fc437c0-fdbb-4208-955a-90293eab416d/inventory/b9acc418-95bd-4a35-96a1-679f0783c0e8/9b0cdb32-b79a-47e9-970c-c03afae5ef95/0004_drHXsq_sm.jpeg,4,"{""artist_retail_right"": false, ""comments"": null, ""condition"": null, ""condition_report"": null, ""dimensions"": null, ""extra_text"": null, ""footnote"": null, ""header"": null, ""internal_reference"": null, ""literature"": ""<p>Literature:&nbsp;<br>-Included in the online catalogue raisonné of the Stichting Lucie van Dam van Isselt.</p>"", ""origin_exhibition_lite"": null, ""painter_artist_school"": ""Lucie van Dam van Isselt (1871-1949)"", ""period"": null, ""signature_dating"": ""signed 'L v Dam v Isselt' (lower left)"", ""technique_size"": ""oil on panel, 27,5x22,5 cm (29x23,5 cm incl. frame)"", ""title"": ""Pierrot puppet on a chair"", ""total"": null, ""weight_size_quality"": null}"
6b4c63ef-1b18-495c-990d-b2584d6b0dfb,12,26-0404/99,fbef6459-c238-43e4-b7ac-6357713358f6,713,Classic to Modern Art,"Schilderijen, aquarellen en tekeningen I",‘De Urf’ with eggs,"Lucie van Dam van Isselt (1871-1949), ‘De Urf’ with eggs","<h3>Painter / Artist / School</h3>Lucie van Dam van Isselt (1871-1949)<h3>Literature</h3><p>Literature:&nbsp;<br>-Included in the online catalogue raisonné of the Stichting Lucie van Dam van Isselt.</p><h3>Technique / Size</h3>oil on panel, 22x36 cm (23,5x37,5 cm incl. frame)<h3>Signature / Dating</h3>signed 'L. v. Dam van Isselt.' (lower right)<h3>Extra Text</h3><p>The artist nicknamed this little sculpture made by J.C. Altdorf (1876-1955) ‘De Urf’.</p>",published,EUR,600.0,800.0,500.0,500.0,,1,0,,,True,"Mon, 31 Aug 2026 08:00:00 GMT","Tue, 15 Sep 2026 17:06:00 GMT",https://media.app.artisio.co/media/3fc437c0-fdbb-4208-955a-90293eab416d/inventory/31a0c570-1100-4fc1-a059-a0550deac514/f396e7b5-0068-4d03-a148-b3c859384504/0001_tEpggr_sm.jpeg;https://media.app.artisio.co/media/3fc437c0-fdbb-4208-955a-90293eab416d/inventory/31a0c570-1100-4fc1-a059-a0550deac514/c3a72caf-1527-45fd-855c-a412a87bc5e8/0002_PorOta_sm.jpeg;https://media.app.artisio.co/media/3fc437c0-fdbb-4208-955a-90293eab416d/inventory/31a0c570-1100-4fc1-a059-a0550deac514/a8099f0c-9732-40c6-abe6-0fe263b55a6f/0003_MgwlHZ_sm.jpeg;https://media.app.artisio.co/media/3fc437c0-fdbb-4208-955a-90293eab416d/inventory/31a0c570-1100-4fc1-a059-a0550deac514/6427a4ba-6190-49dd-b36e-cf731a1eca15/0004_PGHwGG_sm.jpeg,4,"{""artist_retail_right"": false, ""comments"": null, ""condition"": null, ""condition_report"": null, ""dimensions"": null, ""extra_text"": ""<p>The artist nicknamed this little sculpture made by J.C. Altdorf (1876-1955) ‘De Urf’.</p>"", ""footnote"": null, ""header"": null, ""internal_reference"": null, ""literature"": ""<p>Literature:&nbsp;<br>-Included in the online catalogue raisonné of the Stichting Lucie van Dam van Isselt.</p>"", ""origin_exhibition_lite"": null, ""painter_artist_school"": ""Lucie van Dam van Isselt (1871-1949)"", ""period"": null, ""signature_dating"": ""signed 'L. v. Dam van Isselt.' (lower right)"", ""technique_size"": ""oil on panel, 22x36 cm (23,5x37,5 cm incl. frame)"", ""title"": ""‘De Urf’ with eggs"", ""total"": null, ""weight_size_quality"": null}"
834e84f8-4c9b-499d-827c-50cd571069ae,13,26-0184/22,fbef6459-c238-43e4-b7ac-6357713358f6,713,Classic to Modern Art,"Schilderijen, aquarellen en tekeningen I",Still life with an owl and three glass jars,"Jacob Nieweg (1877-1955), Still life with an owl and three glass jars","<h3>Painter / Artist / School</h3>Jacob Nieweg (1877-1955)<h3>Literature</h3><p>Provenance:<br>-Auction, Glerum, Amsterdam, 26 November 2011.</p><h3>Technique / Size</h3>oil on canvas, 50,5x50,5 cm (66,5x66,5 cm incl. frame)<h3>Signature / Dating</h3>signed and dated 'JNieweg/1937' (centre right)",published,EUR,600.0,800.0,400.0,400.0,,1,0,,,True,"Mon, 31 Aug 2026 08:00:00 GMT","Tue, 15 Sep 2026 17:09:00 GMT",https://media.app.artisio.co/media/3fc437c0-fdbb-4208-955a-90293eab416d/inventory/2506b90e-663e-4580-b4b3-0b0a43fd48e3/ebe93d0a-5782-46d1-8250-038ca50ef00a/0001_VLZxER_sm.jpeg;https://media.app.artisio.co/media/3fc437c0-fdbb-4208-955a-90293eab416d/inventory/2506b90e-663e-4580-b4b3-0b0a43fd48e3/aa2a6dac-fe14-4947-a77c-334c33658b13/0002_gTNVnP_sm.jpeg;https://media.app.artisio.co/media/3fc437c0-fdbb-4208-955a-90293eab416d/inventory/2506b90e-663e-4580-b4b3-0b0a43fd48e3/5e4621e0-4b36-4806-ade0-69e85fefd8aa/0003_hlSDsb_sm.jpeg;https://media.app.artisio.co/media/3fc437c0-fdbb-4208-955a-90293eab416d/inventory/2506b90e-663e-4580-b4b3-0b0a43fd48e3/9477ef33-44f9-46ec-8ce0-444076d809df/0004_cUyznz_sm.jpeg,4,"{""artist_retail_right"": false, ""comments"": ""<p>2001g &nbsp; &nbsp; &nbsp; &nbsp; &nbsp;50x50 &nbsp; &nbsp; &nbsp; &nbsp; &nbsp; € &nbsp; &nbsp; 1.702.- &nbsp;Stilleven met uil. g = Glerum (cat niet op VH)<br>NB RKD info: het LOTnr staat er Niet bij….</p><p>&nbsp;</p>"", ""condition"": null, ""condition_report"": null, ""dimensions"": null, ""extra_text"": null, ""footnote"": null, ""header"": null, ""internal_reference"": null, ""literature"": ""<p>Provenance:<br>-Auction, Glerum, Amsterdam, 26 November 2011.</p>"", ""origin_exhibition_lite"": null, ""painter_artist_school"": ""Jacob Nieweg (1877-1955)"", ""period"": null, ""signature_dating"": ""signed and dated 'JNieweg/1937' (centre right)"", ""technique_size"": ""oil on canvas, 50,5x50,5 cm (66,5x66,5 cm incl. frame)"", ""title"": ""Still life with an owl and three glass jars"", ""total"": null, ""weight_size_quality"": null}"
75d64e04-17db-48e0-a343-a88ff7facdf7,14,26-0404/90,fbef6459-c238-43e4-b7ac-6357713358f6,713,Classic to Modern Art,"Schilderijen, aquarellen en tekeningen I",Dead parakeet lying next to the cage,"Karel van Veen (1898-1988), Dead parakeet lying next to the cage","<h3>Painter / Artist / School</h3>Karel van Veen (1898-1988)<h3>Technique / Size</h3>oil on canvas, mounted on panel, 22x24 cm (30,5x33 cm incl. frame)<h3>Signature / Dating</h3>signed 'Karel v Veen' (upper right); annotated and dated 'Voor Iwan./8.3.1932.' (upper left)",published,EUR,400.0,600.0,300.0,300.0,,1,0,,,True,"Mon, 31 Aug 2026 08:00:00 GMT","Tue, 15 Sep 2026 17:09:00 GMT",https://media.app.artisio.co/media/3fc437c0-fdbb-4208-955a-90293eab416d/inventory/70f777c2-c276-4799-898e-d579c025a6e9/40f9e94c-3874-4608-b057-1f20064b2f1f/0001_NCyfsd_sm.jpeg;https://media.app.artisio.co/media/3fc437c0-fdbb-4208-955a-90293eab416d/inventory/70f777c2-c276-4799-898e-d579c025a6e9/83c01c18-1f33-40fa-8cf6-124ba890bdfc/0002_qDwRZY_sm.jpeg;https://media.app.artisio.co/media/3fc437c0-fdbb-4208-955a-90293eab416d/inventory/70f777c2-c276-4799-898e-d579c025a6e9/a23d08d4-3f5b-425a-890e-df6830ecf123/0003_NzUOEF_sm.jpeg;https://media.app.artisio.co/media/3fc437c0-fdbb-4208-955a-90293eab416d/inventory/70f777c2-c276-4799-898e-d579c025a6e9/63eea08d-4410-4554-9ad2-52370f3d9d1a/0004_MNDsmx_sm.jpeg;https://media.app.artisio.co/media/3fc437c0-fdbb-4208-955a-90293eab416d/inventory/70f777c2-c276-4799-898e-d579c025a6e9/f1ba8005-8ad6-4e5a-8055-dac22b167272/0005_iZcHSq_sm.jpeg,5,"{""artist_retail_right"": true, ""comments"": null, ""condition"": null, ""condition_report"": null, ""dimensions"": null, ""extra_text"": null, ""footnote"": null, ""header"": null, ""internal_reference"": null, ""literature"": null, ""origin_exhibition_lite"": null, ""painter_artist_school"": ""Karel van Veen (1898-1988)"", ""period"": null, ""signature_dating"": ""signed 'Karel v Veen' (upper right); annotated and dated 'Voor Iwan./8.3.1932.' (upper left)"", ""technique_size"": ""oil on canvas, mounted on panel, 22x24 cm (30,5x33 cm incl. frame)"", ""title"": ""Dead parakeet lying next to the cage"", ""total"": null, ""weight_size_quality"": null}"
c53e6b3f-3e2f-4f12-a2a8-15ddfb1392dd,15,26-0404/101,fbef6459-c238-43e4-b7ac-6357713358f6,713,Classic to Modern Art,"Schilderijen, aquarellen en tekeningen I",Dead parakeet,"Ids Wiersema (1878-1965), Dead parakeet","<h3>Painter / Artist / School</h3>Ids Wiersema (1878-1965)<h3>Technique / Size</h3>oil on board, 14x22 cm (18,5x26 cm incl. frame)<h3>Signature / Dating</h3>signed and dated 'Ids Wiersma/Febr. '22' (lower left)",published,EUR,200.0,300.0,100.0,100.0,,1,7,425.0,425.0,True,"Mon, 31 Aug 2026 08:00:00 GMT","Tue, 15 Sep 2026 17:09:00 GMT",https://media.app.artisio.co/media/3fc437c0-fdbb-4208-955a-90293eab416d/inventory/3fa145f8-7cc6-49c1-8116-c170a34674a7/e5283980-cfc1-4e50-b351-4e218e369bdd/0001_hFtkIQ_sm.jpeg;https://media.app.artisio.co/media/3fc437c0-fdbb-4208-955a-90293eab416d/inventory/3fa145f8-7cc6-49c1-8116-c170a34674a7/1eb76de3-6c2f-4f7f-b49b-b7384f34c0f6/0002_fUmDPP_sm.jpeg;https://media.app.artisio.co/media/3fc437c0-fdbb-4208-955a-90293eab416d/inventory/3fa145f8-7cc6-49c1-8116-c170a34674a7/48b7d2b1-7b80-4528-8e7d-ec0e3e69a2b8/0003_POCyLd_sm.jpeg;https://media.app.artisio.co/media/3fc437c0-fdbb-4208-955a-90293eab416d/inventory/3fa145f8-7cc6-49c1-8116-c170a34674a7/ecaf98f1-ad84-4cd7-a927-3f1dde316685/0004_nPyVUk_sm.jpeg,4,"{""artist_retail_right"": true, ""comments"": null, ""condition"": null, ""condition_report"": null, ""dimensions"": null, ""extra_text"": null, ""footnote"": null, ""header"": null, ""internal_reference"": null, ""literature"": null, ""origin_exhibition_lite"": null, ""painter_artist_school"": ""Ids Wiersema (1878-1965)"", ""period"": null, ""signature_dating"": ""signed and dated 'Ids Wiersma/Febr. '22' (lower left)"", ""technique_size"": ""oil on board, 14x22 cm (18,5x26 cm incl. frame)"", ""title"": ""Dead parakeet"", ""total"": null, ""weight_size_quality"": null}"
893be64b-0488-4ad3-a8f3-ad527af615d2,16,26-0404/88,fbef6459-c238-43e4-b7ac-6357713358f6,713,Classic to Modern Art,"Schilderijen, aquarellen en tekeningen I",Still life with a dead bird and berries in a vase,"Thijs Rinsema (1877-1947), Still life with a dead bird and berries in a vase","<h3>Painter / Artist / School</h3>Thijs Rinsema (1877-1947)<h3>Literature</h3><p>Literature:<br>-Conny Weide, ‘Thijs/Evert Rinsema: eigenzinnig en veelzijdig', Franeker 2011, ill. p. 161, no. 97.</p><p>Exhibited:<br>-Drachten, Museum Dr8888, ‘Thijs/Evert Rinsema: eigenzinnig en veelzijdig', 29 October 2011-18 March 2012, no. 97 (label attached to the reverse).</p><h3>Technique / Size</h3>oil on canvas, mounted on panel, 25,5x28 cm (29,5x32 cm incl. frame)<h3>Signature / Dating</h3>signed and dated 'Th Rinsema/36' (lower left)",published,EUR,800.0,1200.0,700.0,700.0,,1,0,,,True,"Mon, 31 Aug 2026 08:00:00 GMT","Tue, 15 Sep 2026 17:09:00 GMT",https://media.app.artisio.co/media/3fc437c0-fdbb-4208-955a-90293eab416d/inventory/77e916a3-a0fb-4a1e-b21b-952701b305db/d59b8ddc-c7b1-44b8-aa09-af7d1256719d/0001_wZVpof_sm.jpeg;https://media.app.artisio.co/media/3fc437c0-fdbb-4208-955a-90293eab416d/inventory/77e916a3-a0fb-4a1e-b21b-952701b305db/50f7ce02-cc0c-4b97-92de-0eb5d1c59da5/0002_ioZDrR_sm.jpeg;https://media.app.artisio.co/media/3fc437c0-fdbb-4208-955a-90293eab416d/inventory/77e916a3-a0fb-4a1e-b21b-952701b305db/1a3ab536-8ece-48dc-a4b5-929fa922b0ce/0003_dAWIhM_sm.jpeg;https://media.app.artisio.co/media/3fc437c0-fdbb-4208-955a-90293eab416d/inventory/77e916a3-a0fb-4a1e-b21b-952701b305db/30d816de-16f9-45be-b438-c52d4cb308d6/0004_MLaCHO_sm.jpeg,4,"{""artist_retail_right"": false, ""comments"": null, ""condition"": null, ""condition_report"": null, ""dimensions"": null, ""extra_text"": null, ""footnote"": null, ""header"": null, ""internal_reference"": null, ""literature"": ""<p>Literature:<br>-Conny Weide, ‘Thijs/Evert Rinsema: eigenzinnig en veelzijdig', Franeker 2011, ill. p. 161, no. 97.</p><p>Exhibited:<br>-Drachten, Museum Dr8888, ‘Thijs/Evert Rinsema: eigenzinnig en veelzijdig', 29 October 2011-18 March 2012, no. 97 (label attached to the reverse).</p>"", ""origin_exhibition_lite"": null, ""painter_artist_school"": ""Thijs Rinsema (1877-1947)"", ""period"": null, ""signature_dating"": ""signed and dated 'Th Rinsema/36' (lower left)"", ""technique_size"": ""oil on canvas, mounted on panel, 25,5x28 cm (29,5x32 cm incl. frame)"", ""title"": ""Still life with a dead bird and berries in a vase"", ""total"": null, ""weight_size_quality"": null}"
1db8ff44-b370-45d8-974a-fbc24263a751,17,26-0404/91,fbef6459-c238-43e4-b7ac-6357713358f6,713,Classic to Modern Art,"Schilderijen, aquarellen en tekeningen I",Trompe l'oeil with butterflies,"Wilhelm Novak (Austrian, 1868-1945), Trompe l'oeil with butterflies","<h3>Painter / Artist / School</h3>Wilhelm Novak (Austrian, 1868-1945)<h3>Technique / Size</h3>oil on panel, 13,5x11,5 cm (24x22 cm incl. frame)<h3>Signature / Dating</h3>signed '.Wilh. Nowak' (lower right)",published,EUR,300.0,400.0,200.0,200.0,,1,1,200.0,200.0,True,"Mon, 31 Aug 2026 08:00:00 GMT","Tue, 15 Sep 2026 17:09:00 GMT",https://media.app.artisio.co/media/3fc437c0-fdbb-4208-955a-90293eab416d/inventory/6a36d506-9694-4fb5-9f58-b28305af08ee/b655cf7b-19f6-4ee5-8038-7f762200b7bd/0001_WmczSu_sm.jpeg;https://media.app.artisio.co/media/3fc437c0-fdbb-4208-955a-90293eab416d/inventory/6a36d506-9694-4fb5-9f58-b28305af08ee/22ce5142-c1f8-43da-bb22-a8ab07c1338c/0002_ErNvQY_sm.jpeg;https://media.app.artisio.co/media/3fc437c0-fdbb-4208-955a-90293eab416d/inventory/6a36d506-9694-4fb5-9f58-b28305af08ee/6f31226c-1278-4683-ab6e-f49144605af2/0003_tZIfVx_sm.jpeg;https://media.app.artisio.co/media/3fc437c0-fdbb-4208-955a-90293eab416d/inventory/6a36d506-9694-4fb5-9f58-b28305af08ee/fdac4b2d-165a-4be8-824e-051b43d9a41b/0004_JkjWNS_sm.jpeg,4,"{""artist_retail_right"": false, ""comments"": null, ""condition"": null, ""condition_report"": null, ""dimensions"": null, ""extra_text"": null, ""footnote"": null, ""header"": null, ""internal_reference"": null, ""literature"": null, ""origin_exhibition_lite"": null, ""painter_artist_school"": ""Wilhelm Novak (Austrian, 1868-1945)"", ""period"": null, ""signature_dating"": ""signed '.Wilh. Nowak' (lower right)"", ""technique_size"": ""oil on panel, 13,5x11,5 cm (24x22 cm incl. frame)"", ""title"": ""Trompe l'oeil with butterflies"", ""total"": null, ""weight_size_quality"": null}"
bbbc3cc0-3a35-4279-a793-fd1a75b60daa,18,26-0404/89,fbef6459-c238-43e4-b7ac-6357713358f6,713,Classic to Modern Art,"Schilderijen, aquarellen en tekeningen I",Globe,"Anna Egter van Wissekerke (1872-1969), Globe","<h3>Painter / Artist / School</h3>Anna Egter van Wissekerke (1872-1969)<h3>Literature</h3><p>Literature:<br>-Beeldende Kunst, year 22.&nbsp;</p><h3>Technique / Size</h3>oil on canvas, 24x27 cm (29x31,5 cm incl. frame)<h3>Signature / Dating</h3>signed with monogram (lower left); dated '1932' (lower right)",published,EUR,300.0,400.0,200.0,200.0,,1,0,,,True,"Mon, 31 Aug 2026 08:00:00 GMT","Tue, 15 Sep 2026 17:09:00 GMT",https://media.app.artisio.co/media/3fc437c0-fdbb-4208-955a-90293eab416d/inventory/be152b53-f8b8-4ffb-a3d1-10740268d900/a386acbf-33fe-436f-acc7-5e14c320972b/0001_ebWcPU_sm.jpeg;https://media.app.artisio.co/media/3fc437c0-fdbb-4208-955a-90293eab416d/inventory/be152b53-f8b8-4ffb-a3d1-10740268d900/1b64c324-a7ee-401d-9d93-4d7a36b64b8e/0002_rBXqRr_sm.jpeg;https://media.app.artisio.co/media/3fc437c0-fdbb-4208-955a-90293eab416d/inventory/be152b53-f8b8-4ffb-a3d1-10740268d900/295ac799-8c9b-47af-8974-20dd3cce47d9/0003_pdcRUy_sm.jpeg;https://media.app.artisio.co/media/3fc437c0-fdbb-4208-955a-90293eab416d/inventory/be152b53-f8b8-4ffb-a3d1-10740268d900/87dc5a20-2acf-4467-ae28-1ab6ee699308/0004_NdTCZK_sm.jpeg;https://media.app.artisio.co/media/3fc437c0-fdbb-4208-955a-90293eab416d/inventory/be152b53-f8b8-4ffb-a3d1-10740268d900/c88c306a-e2e7-4331-a2f6-8b47e78e42fd/0005_dDXJyX_sm.jpeg,5,"{""artist_retail_right"": true, ""comments"": ""<p>https://rkd.nl/imageslite/4013130 https://rkd.nl/imageslite/4013128 https://rkd.nl/imageslite/4013129</p>"", ""condition"": null, ""condition_report"": null, ""dimensions"": null, ""extra_text"": null, ""footnote"": null, ""header"": null, ""internal_reference"": null, ""literature"": ""<p>Literature:<br>-Beeldende Kunst, year 22.&nbsp;</p>"", ""origin_exhibition_lite"": null, ""painter_artist_school"": ""Anna Egter van Wissekerke (1872-1969)"", ""period"": null, ""signature_dating"": ""signed with monogram (lower left); dated '1932' (lower right)"", ""technique_size"": ""oil on canvas, 24x27 cm (29x31,5 cm incl. frame)"", ""title"": ""Globe"", ""total"": null, ""weight_size_quality"": null}"
07971a99-6036-421f-8290-0c2816454d92,19,26-0404/84,fbef6459-c238-43e4-b7ac-6357713358f6,713,Classic to Modern Art,"Schilderijen, aquarellen en tekeningen I",Still life on the table with a flying pigeon,"Wim ten Broek (1905-1993), Still life on the table with a flying pigeon","<h3>Painter / Artist / School</h3>Wim ten Broek (1905-1993)<h3>Technique / Size</h3>oil on canvas, 38,5x30 cm (48,5x40,5 cm incl. frame)<h3>Signature / Dating</h3>signed and dated 'ten Broek/43' (centre right)",published,EUR,800.0,1200.0,700.0,700.0,,1,0,,,True,"Mon, 31 Aug 2026 08:00:00 GMT","Tue, 15 Sep 2026 17:12:00 GMT",https://media.app.artisio.co/media/3fc437c0-fdbb-4208-955a-90293eab416d/inventory/26c4794e-d36f-4b03-b039-b97963c3d35a/4dc1543e-ca27-47bf-ba27-3ec92e90a77c/0001_QJJcVH_sm.jpeg;https://media.app.artisio.co/media/3fc437c0-fdbb-4208-955a-90293eab416d/inventory/26c4794e-d36f-4b03-b039-b97963c3d35a/067de222-cc9f-4f3d-b575-792df90f873e/0002_rAaqof_sm.jpeg;https://media.app.artisio.co/media/3fc437c0-fdbb-4208-955a-90293eab416d/inventory/26c4794e-d36f-4b03-b039-b97963c3d35a/31187e79-3e09-4a9f-882c-e40020fe6414/0003_VWCoRz_sm.jpeg,3,"{""artist_retail_right"": true, ""comments"": null, ""condition"": null, ""condition_report"": null, ""dimensions"": null, ""extra_text"": null, ""footnote"": null, ""header"": null, ""internal_reference"": null, ""literature"": null, ""origin_exhibition_lite"": null, ""painter_artist_school"": ""Wim ten Broek (1905-1993)"", ""period"": null, ""signature_dating"": ""signed and dated 'ten Broek/43' (centre right)"", ""technique_size"": ""oil on canvas, 38,5x30 cm (48,5x40,5 cm incl. frame)"", ""title"": ""Still life on the table with a flying pigeon"", ""total"": null, ""weight_size_quality"": null}"
e82e2f56-852b-436c-a56e-1ad7a701e55e,20,26-0404/115,fbef6459-c238-43e4-b7ac-6357713358f6,713,Classic to Modern Art,Sculpturen,Pierrot,Pierrot,"<h3>Painter / Artist / School</h3>Eric Claus (1936-2026)<h3>Description</h3><p>green and black patinated bronze sculpture, 10x3x15 cm&nbsp;</p>",published,EUR,300.0,400.0,200.0,200.0,,1,0,,,True,"Mon, 31 Aug 2026 08:00:00 GMT","Tue, 15 Sep 2026 17:12:00 GMT",https://media.app.artisio.co/media/3fc437c0-fdbb-4208-955a-90293eab416d/inventory/e6d51855-e951-4df5-8a19-98d676db41bc/0f3630c6-0944-4dbf-aa6a-5b8180bd6292/0001_MCpdMY_sm.jpeg;https://media.app.artisio.co/media/3fc437c0-fdbb-4208-955a-90293eab416d/inventory/e6d51855-e951-4df5-8a19-98d676db41bc/412122ed-73fb-424d-b643-cf7641cb0504/0002_PQXPGk_sm.jpeg;https://media.app.artisio.co/media/3fc437c0-fdbb-4208-955a-90293eab416d/inventory/e6d51855-e951-4df5-8a19-98d676db41bc/9e348feb-84d2-4dd5-a9d7-0506fcb7e723/0003_hOhhan_sm.jpeg;https://media.app.artisio.co/media/3fc437c0-fdbb-4208-955a-90293eab416d/inventory/e6d51855-e951-4df5-8a19-98d676db41bc/4094f90d-7913-4ed2-b3bd-1b42bcf134bd/0004_fbXYQf_sm.jpeg,4,"{""artist_retail_right"": true, ""comments"": null, ""condition"": null, ""condition_report"": null, ""description"": ""<p>green and black patinated bronze sculpture, 10x3x15 cm&nbsp;</p>"", ""dimensions"": null, ""footnote"": null, ""header"": null, ""internal_reference"": null, ""literature"": null, ""origin_exhibition_lite"": null, ""painter_artist_school"": ""Eric Claus (1936-2026)"", ""period"": null, ""title"": ""Pierrot"", ""total"": null, ""weight_size_quality"": null}"
8fc5abf4-cf8d-4a9c-a706-8f39965eda40,21,26-0404/117,fbef6459-c238-43e4-b7ac-6357713358f6,713,Classic to Modern Art,Sculpturen,Il Dottore,Il Dottore,"<h3>Painter / Artist / School</h3>Eric Claus (1936-2026)<h3>Description</h3><p>black and green patinated bronze sculpture, on a stone base, 3x3,5x11 cm (H 20 cm incl. base)</p><p>The figure represents a character from the theatre tradition ‘Commedia dell’ arte’, a form of improvisation theatre originating from Italy.</p>",published,EUR,300.0,400.0,200.0,200.0,,1,1,200.0,200.0,True,"Mon, 31 Aug 2026 08:00:00 GMT","Tue, 15 Sep 2026 17:12:00 GMT",https://media.app.artisio.co/media/3fc437c0-fdbb-4208-955a-90293eab416d/inventory/d07b769b-1e6a-464e-a056-5dfba7ba4369/e0ad03e3-2b72-4544-ab87-92d00716a490/0001_YrRpPo_sm.jpeg;https://media.app.artisio.co/media/3fc437c0-fdbb-4208-955a-90293eab416d/inventory/d07b769b-1e6a-464e-a056-5dfba7ba4369/37a88b9c-2ed0-4cee-99aa-c6bef6ac9c36/0002_JFzFov_sm.jpeg;https://media.app.artisio.co/media/3fc437c0-fdbb-4208-955a-90293eab416d/inventory/d07b769b-1e6a-464e-a056-5dfba7ba4369/e041cac7-7524-4061-8945-cdd0a28c8025/0003_UfZJkF_sm.jpeg;https://media.app.artisio.co/media/3fc437c0-fdbb-4208-955a-90293eab416d/inventory/d07b769b-1e6a-464e-a056-5dfba7ba4369/844e689d-5cdb-438f-a450-a5fb65914cac/0004_lZLwfF_sm.jpeg,4,"{""artist_retail_right"": true, ""comments"": null, ""condition"": null, ""condition_report"": null, ""description"": ""<p>black and green patinated bronze sculpture, on a stone base, 3x3,5x11 cm (H 20 cm incl. base)</p><p>The figure represents a character from the theatre tradition ‘Commedia dell’ arte’, a form of improvisation theatre originating from Italy.</p>"", ""dimensions"": null, ""footnote"": null, ""header"": null, ""internal_reference"": null, ""literature"": null, ""origin_exhibition_lite"": null, ""painter_artist_school"": ""Eric Claus (1936-2026)"", ""period"": null, ""title"": ""Il Dottore"", ""total"": null, ""weight_size_quality"": null}"
e03af218-7a21-40a4-ab69-865d4eeebb05,22,26-0404/102,fbef6459-c238-43e4-b7ac-6357713358f6,713,Classic to Modern Art,Sculpturen,Colombina,Colombina,"<h3>Painter / Artist / School</h3>Eric Claus (1936-2026)<h3>Description</h3><p>dark grey patinated bronze sculpture, 21x6,5x34 cm</p>",published,EUR,500.0,700.0,400.0,400.0,,1,0,,,True,"Mon, 31 Aug 2026 08:00:00 GMT","Tue, 15 Sep 2026 17:12:00 GMT",https://media.app.artisio.co/media/3fc437c0-fdbb-4208-955a-90293eab416d/inventory/a9e70002-0ae1-451f-8d99-4df4c658b397/d0c79068-763d-4cb7-8823-efc4c2964a61/0001_LglZUa_sm.jpeg;https://media.app.artisio.co/media/3fc437c0-fdbb-4208-955a-90293eab416d/inventory/a9e70002-0ae1-451f-8d99-4df4c658b397/baa7ffe8-d7d7-4798-887f-086285155834/0002_jjVKYI_sm.jpeg,2,"{""artist_retail_right"": true, ""comments"": ""<p>no 57 in lijst</p>"", ""condition"": null, ""condition_report"": null, ""description"": ""<p>dark grey patinated bronze sculpture, 21x6,5x34 cm</p>"", ""dimensions"": null, ""footnote"": null, ""header"": null, ""internal_reference"": null, ""literature"": null, ""origin_exhibition_lite"": null, ""painter_artist_school"": ""Eric Claus (1936-2026)"", ""period"": null, ""title"": ""Colombina"", ""total"": null, ""weight_size_quality"": null}"
a4cbc299-f6f4-423b-b9e0-47337870bd74,23,26-0404/121,fbef6459-c238-43e4-b7ac-6357713358f6,713,Classic to Modern Art,Sculpturen,'De wachter','De wachter',"<h3>Painter / Artist / School</h3>Eric Claus (1936-2026)<h3>Description</h3><p>brown patinated bronze sculpture on stone base, 10x5x12 cm (H 19 cm incl. base)</p><p>Created on commission from De Nederlandsche Bank</p>",published,EUR,400.0,600.0,300.0,300.0,,1,0,,,True,"Mon, 31 Aug 2026 08:00:00 GMT","Tue, 15 Sep 2026 17:12:00 GMT",https://media.app.artisio.co/media/3fc437c0-fdbb-4208-955a-90293eab416d/inventory/3bc86cbc-dc6f-46c9-977c-33e0f32d8de3/97ff3f14-97ec-46a1-8146-5d0be25d5e1b/0001_HiLwAT_sm.jpeg;https://media.app.artisio.co/media/3fc437c0-fdbb-4208-955a-90293eab416d/inventory/3bc86cbc-dc6f-46c9-977c-33e0f32d8de3/dbfd0cdb-9e68-4a73-8206-a218a78f85d8/0002_GiLPcD_sm.jpeg;https://media.app.artisio.co/media/3fc437c0-fdbb-4208-955a-90293eab416d/inventory/3bc86cbc-dc6f-46c9-977c-33e0f32d8de3/dc003ec2-f8a7-49db-9605-a2662f8c257e/0003_ZfXshy_sm.jpeg;https://media.app.artisio.co/media/3fc437c0-fdbb-4208-955a-90293eab416d/inventory/3bc86cbc-dc6f-46c9-977c-33e0f32d8de3/2cd6c216-284a-4246-8eb7-0371c2097af1/0004_PPQtgl_sm.jpeg,4,"{""artist_retail_right"": true, ""comments"": ""<p>no 302 in lijst</p>"", ""condition"": null, ""condition_report"": null, ""description"": ""<p>brown patinated bronze sculpture on stone base, 10x5x12 cm (H 19 cm incl. base)</p><p>Created on commission from De Nederlandsche Bank</p>"", ""dimensions"": null, ""footnote"": null, ""header"": null, ""internal_reference"": null, ""literature"": null, ""origin_exhibition_lite"": null, ""painter_artist_school"": ""Eric Claus (1936-2026)"", ""period"": null, ""title"": ""'De wachter'"", ""total"": null, ""weight_size_quality"": null}"
06fd08e1-cafe-4bd1-967d-d18088d85296,24,26-0404/104,fbef6459-c238-43e4-b7ac-6357713358f6,713,Classic to Modern Art,Sculpturen,Two bears ,Two bears ,"<h3>Painter / Artist / School</h3>Frank Letterie (1931-2025)<h3>Description</h3><p>dark brown patinated bronze sculpture, on a (loose) rectangular stone base, 17x10x17 cm (H 22 cm incl. base)</p><p>signed and numbered 'Letterie/2/12' (on the base)</p>",published,EUR,400.0,600.0,300.0,300.0,,1,1,300.0,300.0,True,"Mon, 31 Aug 2026 08:00:00 GMT","Tue, 15 Sep 2026 17:12:00 GMT",https://media.app.artisio.co/media/3fc437c0-fdbb-4208-955a-90293eab416d/inventory/62dbe465-a093-44d8-bdc1-80604af5d8ca/072b8967-759d-4b0b-84bd-1b4aadc67c9f/0001_EYoLom_sm.jpeg;https://media.app.artisio.co/media/3fc437c0-fdbb-4208-955a-90293eab416d/inventory/62dbe465-a093-44d8-bdc1-80604af5d8ca/0f77ccd4-937c-4559-a096-c0d2d85e360d/0002_lzuXLA_sm.jpeg;https://media.app.artisio.co/media/3fc437c0-fdbb-4208-955a-90293eab416d/inventory/62dbe465-a093-44d8-bdc1-80604af5d8ca/07023066-1ae1-4166-a364-02431d2d7527/0003_ofKCDn_sm.jpeg;https://media.app.artisio.co/media/3fc437c0-fdbb-4208-955a-90293eab416d/inventory/62dbe465-a093-44d8-bdc1-80604af5d8ca/c6e69d99-f2db-4a03-bd6d-fb5f717a52a4/0004_TwKdrI_sm.jpeg;https://media.app.artisio.co/media/3fc437c0-fdbb-4208-955a-90293eab416d/inventory/62dbe465-a093-44d8-bdc1-80604af5d8ca/9531b6e8-ce0d-41bd-9a76-e975c593a3f7/0005_yhMDUO_sm.jpeg,5,"{""artist_retail_right"": true, ""comments"": ""<p>&nbsp;No 308 op lijst</p>"", ""condition"": null, ""condition_report"": null, ""description"": ""<p>dark brown patinated bronze sculpture, on a (loose) rectangular stone base, 17x10x17 cm (H 22 cm incl. base)</p><p>signed and numbered 'Letterie/2/12' (on the base)</p>"", ""dimensions"": null, ""footnote"": null, ""header"": null, ""internal_reference"": null, ""literature"": null, ""origin_exhibition_lite"": null, ""painter_artist_school"": ""Frank Letterie (1931-2025)"", ""period"": null, ""title"": ""Two bears "", ""total"": null, ""weight_size_quality"": null}"
02db0dc1-e452-413a-9354-581f519cdd25,25,26-0404/132,fbef6459-c238-43e4-b7ac-6357713358f6,713,Classic to Modern Art,Sculpturen,Bull,Bull,"<h3>Painter / Artist / School</h3>Fred Carasso (Dutch/Italian, 1899-1969)<h3>Description</h3><p>black patinated bronze sculpture, 2,5x12x7 cm</p><p>numbered ‘26 2[…]’ and ‘55/100’ (on the belly)</p>",published,EUR,400.0,600.0,300.0,300.0,,1,0,,,True,"Mon, 31 Aug 2026 08:00:00 GMT","Tue, 15 Sep 2026 17:15:00 GMT",https://media.app.artisio.co/media/3fc437c0-fdbb-4208-955a-90293eab416d/inventory/06e0ef3a-df29-4791-8547-ff57834229ad/784f26b7-4d31-4786-bb60-18f0e4ca6ce1/0001_hDrCry_sm.jpeg;https://media.app.artisio.co/media/3fc437c0-fdbb-4208-955a-90293eab416d/inventory/06e0ef3a-df29-4791-8547-ff57834229ad/67e0cbbd-e459-47af-8b42-267a9eeb23e6/0002_WAvSWJ_sm.jpeg;https://media.app.artisio.co/media/3fc437c0-fdbb-4208-955a-90293eab416d/inventory/06e0ef3a-df29-4791-8547-ff57834229ad/cb252389-e45e-44d2-ad45-af02b6b515ec/0003_plQvQH_sm.jpeg;https://media.app.artisio.co/media/3fc437c0-fdbb-4208-955a-90293eab416d/inventory/06e0ef3a-df29-4791-8547-ff57834229ad/10bbceb9-560f-4332-8cc7-fd93bc7729b4/0004_ComoKy_sm.jpeg,4,"{""artist_retail_right"": true, ""comments"": null, ""condition"": null, ""condition_report"": null, ""description"": ""<p>black patinated bronze sculpture, 2,5x12x7 cm</p><p>numbered ‘26 2[…]’ and ‘55/100’ (on the belly)</p>"", ""dimensions"": null, ""footnote"": null, ""header"": null, ""internal_reference"": null, ""literature"": null, ""origin_exhibition_lite"": null, ""painter_artist_school"": ""Fred Carasso (Dutch/Italian, 1899-1969)"", ""period"": null, ""title"": ""Bull"", ""total"": null, ""weight_size_quality"": null}"
4480b708-11b4-40c5-8dc6-f7d983443165,26,26-0404/128,fbef6459-c238-43e4-b7ac-6357713358f6,713,Classic to Modern Art,Sculpturen,Bull,Bull,"<h3>Painter / Artist / School</h3>Theresia van der Pant (1924-2013)<h3>Description</h3><p>black patinated bronze sculpture, 23x6x17 cm&nbsp;</p><p>signed ‘v d Pant’ (on the belly)</p>",published,EUR,800.0,1200.0,700.0,700.0,,1,0,,,True,"Mon, 31 Aug 2026 08:00:00 GMT","Tue, 15 Sep 2026 17:15:00 GMT",https://media.app.artisio.co/media/3fc437c0-fdbb-4208-955a-90293eab416d/inventory/ba0cb1f6-0651-49e4-817f-d9049fead56c/9695c8bc-8e02-47cb-97d8-4288e12efe14/0001_lhNAJC_sm.jpeg;https://media.app.artisio.co/media/3fc437c0-fdbb-4208-955a-90293eab416d/inventory/ba0cb1f6-0651-49e4-817f-d9049fead56c/12d37875-9c9b-41f2-a536-1baa9e6e947f/0002_qoZtvA_sm.jpeg;https://media.app.artisio.co/media/3fc437c0-fdbb-4208-955a-90293eab416d/inventory/ba0cb1f6-0651-49e4-817f-d9049fead56c/44f4736e-431e-4f16-a264-8f31e15be750/0003_oVVeCN_sm.jpeg;https://media.app.artisio.co/media/3fc437c0-fdbb-4208-955a-90293eab416d/inventory/ba0cb1f6-0651-49e4-817f-d9049fead56c/7693e184-9c1d-48b6-b052-3ae9dc97b2c6/0004_iHxjsz_sm.jpeg,4,"{""artist_retail_right"": true, ""comments"": null, ""condition"": null, ""condition_report"": null, ""description"": ""<p>black patinated bronze sculpture, 23x6x17 cm&nbsp;</p><p>signed ‘v d Pant’ (on the belly)</p>"", ""dimensions"": null, ""footnote"": null, ""header"": null, ""internal_reference"": null, ""literature"": null, ""origin_exhibition_lite"": null, ""painter_artist_school"": ""Theresia van der Pant (1924-2013)"", ""period"": null, ""title"": ""Bull"", ""total"": null, ""weight_size_quality"": null}"
ee40f31a-0f85-463f-ae59-bd8cd47e6c8e,27,26-0485/13,fbef6459-c238-43e4-b7ac-6357713358f6,713,Classic to Modern Art,"Schilderijen, aquarellen en tekeningen I","Portrait of the artist's granddaughter, B.C.J. Hekker","Willem van den Berg (1886-1970), Portrait of the artist's granddaughter, B.C.J. Hekker","<h3>Painter / Artist / School</h3>Willem van den Berg (1886-1970)<h3>Literature</h3><p>Provenance:<br>-Collection of the granddaughter of the artist.</p><h3>Technique / Size</h3>oil on panel, 21x19 cm (29,5x27 cm incl. frame)<h3>Signature / Dating</h3>signed with monogram and dated 'WB. 1950.' (lower left)",published,EUR,500.0,700.0,400.0,,,1,0,,,True,"Mon, 31 Aug 2026 08:00:00 GMT","Tue, 15 Sep 2026 17:15:00 GMT",https://media.app.artisio.co/media/3fc437c0-fdbb-4208-955a-90293eab416d/inventory/de5b34b6-0cb1-4285-b476-1bdb1600c109/c3958b9a-fc8b-4510-88b2-72704728ef4a/0002_FownUs_sm.jpeg;https://media.app.artisio.co/media/3fc437c0-fdbb-4208-955a-90293eab416d/inventory/de5b34b6-0cb1-4285-b476-1bdb1600c109/1b54df85-5198-4dfe-a8f2-495bff99a54a/0003_cbKcnZ_sm.jpeg;https://media.app.artisio.co/media/3fc437c0-fdbb-4208-955a-90293eab416d/inventory/de5b34b6-0cb1-4285-b476-1bdb1600c109/6cf36d99-0e21-4c3e-bf9f-ddda46da0952/0004_Hyjibw_sm.jpeg;https://media.app.artisio.co/media/3fc437c0-fdbb-4208-955a-90293eab416d/inventory/de5b34b6-0cb1-4285-b476-1bdb1600c109/c99d0577-97cc-419b-bbb5-d63bbfb70452/0005_SGNRVd_sm.jpeg,4,"{""artist_retail_right"": true, ""comments"": null, ""condition"": null, ""condition_report"": null, ""dimensions"": null, ""extra_text"": null, ""footnote"": null, ""header"": null, ""internal_reference"": null, ""literature"": ""<p>Provenance:<br>-Collection of the granddaughter of the artist.</p>"", ""origin_exhibition_lite"": null, ""painter_artist_school"": ""Willem van den Berg (1886-1970)"", ""period"": null, ""signature_dating"": ""signed with monogram and dated 'WB. 1950.' (lower left)"", ""technique_size"": ""oil on panel, 21x19 cm (29,5x27 cm incl. frame)"", ""title"": ""Portrait of the artist's granddaughter, B.C.J. Hekker"", ""total"": null, ""weight_size_quality"": null}"
e05b113c-4445-4acb-a6ca-a31b7221c18d,28,26-0485/14,fbef6459-c238-43e4-b7ac-6357713358f6,713,Classic to Modern Art,"Schilderijen, aquarellen en tekeningen I","Portrait of the artist's granddaughter, B.C.J. Hekker, in profile wearing a white dress","Willem van den Berg (1886-1970), Portrait of the artist's granddaughter, B.C.J. Hekker, in profile wearing a white dress","<h3>Painter / Artist / School</h3>Willem van den Berg (1886-1970)<h3>Literature</h3><p>Provenance:<br>-Collection of the granddaughter of the artist.</p><h3>Technique / Size</h3>oil on panel, unframed, 18,5x14 cm<h3>Signature / Dating</h3>signed with monogram and dated 'WB. 1950.' (lower left)",published,EUR,500.0,700.0,400.0,,,1,0,,,True,"Mon, 31 Aug 2026 08:00:00 GMT","Tue, 15 Sep 2026 17:15:00 GMT",https://media.app.artisio.co/media/3fc437c0-fdbb-4208-955a-90293eab416d/inventory/dd6a6646-86f2-4d29-93ad-71592108decf/1b6509ae-d97e-483e-8eae-50589a2118eb/0002_xhPcpd_sm.jpeg;https://media.app.artisio.co/media/3fc437c0-fdbb-4208-955a-90293eab416d/inventory/dd6a6646-86f2-4d29-93ad-71592108decf/db060b2f-fcab-41f9-baf7-d685c693ebd3/0003_GwvNQe_sm.jpeg;https://media.app.artisio.co/media/3fc437c0-fdbb-4208-955a-90293eab416d/inventory/dd6a6646-86f2-4d29-93ad-71592108decf/7afb532b-5e50-4ad1-bf80-fcca388b7e65/0004_KPQkOF_sm.jpeg;https://media.app.artisio.co/media/3fc437c0-fdbb-4208-955a-90293eab416d/inventory/dd6a6646-86f2-4d29-93ad-71592108decf/d9a185a4-a61f-410c-86e8-2050833feb1d/0005_CunGHd_sm.jpeg,4,"{""artist_retail_right"": true, ""comments"": null, ""condition"": null, ""condition_report"": null, ""dimensions"": null, ""extra_text"": null, ""footnote"": null, ""header"": null, ""internal_reference"": null, ""literature"": ""<p>Provenance:<br>-Collection of the granddaughter of the artist.</p>"", ""origin_exhibition_lite"": null, ""painter_artist_school"": ""Willem van den Berg (1886-1970)"", ""period"": null, ""signature_dating"": ""signed with monogram and dated 'WB. 1950.' (lower left)"", ""technique_size"": ""oil on panel, unframed, 18,5x14 cm"", ""title"": ""Portrait of the artist's granddaughter, B.C.J. Hekker, in profile wearing a white dress"", ""total"": null, ""weight_size_quality"": null}"
480610fa-a1ff-4e04-9f02-d0b076384981,29,26-0485/15,fbef6459-c238-43e4-b7ac-6357713358f6,713,Classic to Modern Art,"Schilderijen, aquarellen en tekeningen I","Portrait of the artist's granddaughter, B.C.J. Hekker, in profile","Willem van den Berg (1886-1970), Portrait of the artist's granddaughter, B.C.J. Hekker, in profile","<h3>Painter / Artist / School</h3>Willem van den Berg (1886-1970)<h3>Literature</h3><p>Provenance:<br>-Collection of the granddaughter of the artist.</p><h3>Technique / Size</h3>oil on panel, unframed, 25x19 cm<h3>Signature / Dating</h3>signed with monogram and dated 'WB 1958' (lower left)",published,EUR,300.0,400.0,200.0,,,1,0,,,True,"Mon, 31 Aug 2026 08:00:00 GMT","Tue, 15 Sep 2026 17:15:00 GMT",https://media.app.artisio.co/media/3fc437c0-fdbb-4208-955a-90293eab416d/inventory/5f472290-1995-4458-bf57-bdec84a2c740/db8cf4e4-236f-4b33-a0b6-69269d82ceb3/0002_rWqVfd_sm.jpeg;https://media.app.artisio.co/media/3fc437c0-fdbb-4208-955a-90293eab416d/inventory/5f472290-1995-4458-bf57-bdec84a2c740/637ec9f6-623b-457a-a6d9-a49ebc00a2ac/0003_QYKzTN_sm.jpeg;https://media.app.artisio.co/media/3fc437c0-fdbb-4208-955a-90293eab416d/inventory/5f472290-1995-4458-bf57-bdec84a2c740/ba15e0ab-2f6a-4e93-ae36-53dda064bd09/0004_amIoFe_sm.jpeg;https://media.app.artisio.co/media/3fc437c0-fdbb-4208-955a-90293eab416d/inventory/5f472290-1995-4458-bf57-bdec84a2c740/b7bdae4b-93e2-46af-8b1e-e0c6eaa33cee/0005_QMTApv_sm.jpeg,4,"{""artist_retail_right"": true, ""comments"": null, ""condition"": null, ""condition_report"": null, ""dimensions"": null, ""extra_text"": null, ""footnote"": null, ""header"": null, ""internal_reference"": null, ""literature"": ""<p>Provenance:<br>-Collection of the granddaughter of the artist.</p>"", ""origin_exhibition_lite"": null, ""painter_artist_school"": ""Willem van den Berg (1886-1970)"", ""period"": null, ""signature_dating"": ""signed with monogram and dated 'WB 1958' (lower left)"", ""technique_size"": ""oil on panel, unframed, 25x19 cm"", ""title"": ""Portrait of the artist's granddaughter, B.C.J. Hekker, in profile"", ""total"": null, ""weight_size_quality"": null}"
7deb4c05-5dbc-4557-aef2-ec4289667c56,30,26-0485/17,fbef6459-c238-43e4-b7ac-6357713358f6,713,Classic to Modern Art,"Schilderijen, aquarellen en tekeningen I","Portrait of the artist's granddaughter, B.C.J. Hekker","Willem van den Berg (1886-1970), Portrait of the artist's granddaughter, B.C.J. Hekker","<h3>Painter / Artist / School</h3>Willem van den Berg (1886-1970)<h3>Literature</h3><p>Provenance:<br>-Collection of the granddaughter of the artist.</p><h3>Technique / Size</h3>oil on board, 18x13 cm (30,5x25,5 cm incl. frame)<h3>Signature / Dating</h3>signed with monogram and dated 'WB.1968' (lower left)",published,EUR,300.0,400.0,200.0,,,1,0,,,True,"Mon, 31 Aug 2026 08:00:00 GMT","Tue, 15 Sep 2026 17:15:00 GMT",https://media.app.artisio.co/media/3fc437c0-fdbb-4208-955a-90293eab416d/inventory/b8421c9d-2e9a-4f54-9a06-9c62fb96c2d6/331ab921-cd43-44ae-96f9-0bd81e8eaa0d/0002_AHEuJK_sm.jpeg;https://media.app.artisio.co/media/3fc437c0-fdbb-4208-955a-90293eab416d/inventory/b8421c9d-2e9a-4f54-9a06-9c62fb96c2d6/314c6107-af31-4fbf-8a47-69831e20715a/0003_LwGOGz_sm.jpeg;https://media.app.artisio.co/media/3fc437c0-fdbb-4208-955a-90293eab416d/inventory/b8421c9d-2e9a-4f54-9a06-9c62fb96c2d6/bf17b35f-f5aa-4397-800b-5b9196bbf311/0004_lhJjJh_sm.jpeg;https://media.app.artisio.co/media/3fc437c0-fdbb-4208-955a-90293eab416d/inventory/b8421c9d-2e9a-4f54-9a06-9c62fb96c2d6/12d6f7b9-0eda-482b-8015-1d525dbbe425/0005_yGkKdT_sm.jpeg,4,"{""artist_retail_right"": true, ""comments"": null, ""condition"": null, ""condition_report"": null, ""dimensions"": null, ""extra_text"": null, ""footnote"": null, ""header"": null, ""internal_reference"": null, ""literature"": ""<p>Provenance:<br>-Collection of the granddaughter of the artist.</p>"", ""origin_exhibition_lite"": null, ""painter_artist_school"": ""Willem van den Berg (1886-1970)"", ""period"": null, ""signature_dating"": ""signed with monogram and dated 'WB.1968' (lower left)"", ""technique_size"": ""oil on board, 18x13 cm (30,5x25,5 cm incl. frame)"", ""title"": ""Portrait of the artist's granddaughter, B.C.J. Hekker"", ""total"": null, ""weight_size_quality"": null}"
3d300e91-5d0d-4f4c-bb9a-1f2a5d175339,31,26-0485/9,fbef6459-c238-43e4-b7ac-6357713358f6,713,Classic to Modern Art,"Schilderijen, aquarellen en tekeningen I",Pink lobster,"Willem van den Berg (1886-1970), Pink lobster","<h3>Painter / Artist / School</h3>Willem van den Berg (1886-1970)<h3>Literature</h3><p>Provenance:<br>-Collection of the granddaughter of the artist.&nbsp;</p><h3>Technique / Size</h3>oil on board, 42x59 cm (45x62 cm incl. frame)<h3>Signature / Dating</h3>signed 'WillemvandenBerg.' (lower right)<h3>Extra Text</h3><p>Willem Hendrik van den Berg learnt the basics of painting from his father and went on to study at the Academie van Beeldende Kunsten&nbsp;in The Hague, where his tutors included Willem van Konijnenburg.</p><p>He painted figures and portraits, as well as animals - particularly birds - in a detailed and highly recognisable style. Around 1930, he produced various sketches of animals at Artis Zoo, a number of which are held in the archives of the Rijksacademie in Amsterdam. He was a member of Arti in Amsterdam, Pulchri Studio in The Hague, and the Gooise Painters’ Association in Laren.</p><p>The family originally came from The Hague and moved to Amsterdam around 1938/39 when Willem became a professor at the Rijksacademie. They first lived on Churchillaan, then in Lekstraat. Towards the end of his life, the painter lived on Zomerdijkstraat in Amsterdam, in a small house with a studio.</p><p>Through his granddaughter, a number of family portraits and some works by his father, Andries, are being offered in this auction.</p>",published,EUR,600.0,800.0,500.0,,,1,1,500.0,500.0,True,"Mon, 31 Aug 2026 08:00:00 GMT","Tue, 15 Sep 2026 17:18:00 GMT",https://media.app.artisio.co/media/3fc437c0-fdbb-4208-955a-90293eab416d/inventory/7313c71e-aaec-4ba5-8a98-7d892124f409/a82e7812-fcb6-4c6e-8d82-982bf444d416/0002_XwokDx_sm.jpeg;https://media.app.artisio.co/media/3fc437c0-fdbb-4208-955a-90293eab416d/inventory/7313c71e-aaec-4ba5-8a98-7d892124f409/c3ee84f3-a78c-4c25-8172-04268bce76f3/0003_gJhHXe_sm.jpeg;https://media.app.artisio.co/media/3fc437c0-fdbb-4208-955a-90293eab416d/inventory/7313c71e-aaec-4ba5-8a98-7d892124f409/9ab7a77c-774b-4436-8b99-6ba3dce8af0a/0004_awqHAJ_sm.jpeg;https://media.app.artisio.co/media/3fc437c0-fdbb-4208-955a-90293eab416d/inventory/7313c71e-aaec-4ba5-8a98-7d892124f409/8d8618fd-8583-48a9-be43-cb7661db2c0a/0005_WjMsjf_sm.jpeg,4,"{""artist_retail_right"": true, ""comments"": ""<p>In Artis gemaakt.<br>Familieband: Werk is ingebracht door Brigitte Hekker, kleindochter van Willem van den berg. &nbsp;Haar vader is RC Hekker. Zij mailde:<br>Mijn vader, Robert Cornelis Hekker, was getrouwd met Dorothea van den Berg, dochter van Willem Hendrik van den Berg. Mijn vader was dus de schoonzoon van Willem Hendrik van den Berg.</p><p>Tegelijkertijd: mijn vader, Robert Cornelis Hekker, was de zoon van Adriaan Hekker en Cornelia Josephine van den Berg, de zuster van Willem Hendrik van den Berg. Mijn vader en moeder waren dus volle neef en nicht.</p>"", ""condition"": null, ""condition_report"": null, ""dimensions"": null, ""extra_text"": ""<p>Willem Hendrik van den Berg learnt the basics of painting from his father and went on to study at the Academie van Beeldende Kunsten&nbsp;in The Hague, where his tutors included Willem van Konijnenburg.</p><p>He painted figures and portraits, as well as animals - particularly birds - in a detailed and highly recognisable style. Around 1930, he produced various sketches of animals at Artis Zoo, a number of which are held in the archives of the Rijksacademie in Amsterdam. He was a member of Arti in Amsterdam, Pulchri Studio in The Hague, and the Gooise Painters’ Association in Laren.</p><p>The family originally came from The Hague and moved to Amsterdam around 1938/39 when Willem became a professor at the Rijksacademie. They first lived on Churchillaan, then in Lekstraat. Towards the end of his life, the painter lived on Zomerdijkstraat in Amsterdam, in a small house with a studio.</p><p>Through his granddaughter, a number of family portraits and some works by his father, Andries, are being offered in this auction.</p>"", ""footnote"": null, ""header"": null, ""internal_reference"": null, ""literature"": ""<p>Provenance:<br>-Collection of the granddaughter of the artist.&nbsp;</p>"", ""origin_exhibition_lite"": null, ""painter_artist_school"": ""Willem van den Berg (1886-1970)"", ""period"": null, ""signature_dating"": ""signed 'WillemvandenBerg.' (lower right)"", ""technique_size"": ""oil on board, 42x59 cm (45x62 cm incl. frame)"", ""title"": ""Pink lobster"", ""total"": null, ""weight_size_quality"": null}"
cd563f42-d31b-48c8-8f49-6cf9332eaa0a,32,26-0485/10,fbef6459-c238-43e4-b7ac-6357713358f6,713,Classic to Modern Art,"Schilderijen, aquarellen en tekeningen I",City ​​view with castle,"Willem van den Berg (1886-1970), City ​​view with castle","<h3>Painter / Artist / School</h3>Willem van den Berg (1886-1970)<h3>Literature</h3><p>Provenance:<br>-Collection of the granddaughter of the artist.&nbsp;</p><h3>Technique / Size</h3>oil on panel, unframed, 10,5x15,5 cm",published,EUR,200.0,300.0,100.0,,,1,1,100.0,100.0,True,"Mon, 31 Aug 2026 08:00:00 GMT","Tue, 15 Sep 2026 17:18:00 GMT",https://media.app.artisio.co/media/3fc437c0-fdbb-4208-955a-90293eab416d/inventory/6083e56e-26c5-4706-9afc-8c1a344a744d/2e37e976-abdd-46b5-8e01-bb2faa1bef07/0001_NwfXdA_sm.jpeg;https://media.app.artisio.co/media/3fc437c0-fdbb-4208-955a-90293eab416d/inventory/6083e56e-26c5-4706-9afc-8c1a344a744d/69e70977-c884-44b8-baa5-94c1080006e3/0002_wtCCdy_sm.jpeg;https://media.app.artisio.co/media/3fc437c0-fdbb-4208-955a-90293eab416d/inventory/6083e56e-26c5-4706-9afc-8c1a344a744d/473d208c-0ec3-48d7-bca0-319840b641e8/0003_iCzPqj_sm.jpeg,3,"{""artist_retail_right"": true, ""comments"": null, ""condition"": null, ""condition_report"": null, ""dimensions"": null, ""extra_text"": null, ""footnote"": null, ""header"": null, ""internal_reference"": null, ""literature"": ""<p>Provenance:<br>-Collection of the granddaughter of the artist.&nbsp;</p>"", ""origin_exhibition_lite"": null, ""painter_artist_school"": ""Willem van den Berg (1886-1970)"", ""period"": null, ""signature_dating"": null, ""technique_size"": ""oil on panel, unframed, 10,5x15,5 cm"", ""title"": ""City ​​view with castle"", ""total"": null, ""weight_size_quality"": null}"
f8ca5ab5-f9f4-4c4d-95b4-f3d1e5f671da,33,26-0485/12,fbef6459-c238-43e4-b7ac-6357713358f6,713,Classic to Modern Art,"Schilderijen, aquarellen en tekeningen I","Portrait of the artist's father, Andries van den Berg (1852-1944), in profile","Willem van den Berg (1886-1970), Portrait of the artist's father, Andries van den Berg (1852-1944), in profile","<h3>Painter / Artist / School</h3>Willem van den Berg (1886-1970)<h3>Literature</h3><p>Provenance:<br>-Collection of the granddaughter of the artist.</p><h3>Technique / Size</h3>oil on panel, 9,5x12 cm (17,5x20 cm incl. frame)<h3>Signature / Dating</h3>signed and dated 'WillemvdBerg. '25' (lower right)",published,EUR,300.0,400.0,200.0,,,1,0,,,True,"Mon, 31 Aug 2026 08:00:00 GMT","Tue, 15 Sep 2026 17:18:00 GMT",https://media.app.artisio.co/media/3fc437c0-fdbb-4208-955a-90293eab416d/inventory/89eec48f-6f0d-4525-8663-2e198d8ccf75/c67b8e74-942f-4754-8754-d14e505ff4e0/0002_vrmXnV_sm.jpeg;https://media.app.artisio.co/media/3fc437c0-fdbb-4208-955a-90293eab416d/inventory/89eec48f-6f0d-4525-8663-2e198d8ccf75/c8d0ca25-0ef9-4578-b978-dcfe6adc73cd/0003_uXQrMl_sm.jpeg;https://media.app.artisio.co/media/3fc437c0-fdbb-4208-955a-90293eab416d/inventory/89eec48f-6f0d-4525-8663-2e198d8ccf75/090fede0-9dde-406f-9d04-33118883b76d/0004_SFQQsi_sm.jpeg;https://media.app.artisio.co/media/3fc437c0-fdbb-4208-955a-90293eab416d/inventory/89eec48f-6f0d-4525-8663-2e198d8ccf75/76bb2b2e-6e2d-4ff8-96ae-77f51efce94d/0005_IEIBgd_sm.jpeg,4,"{""artist_retail_right"": true, ""comments"": ""<p>1925?</p>"", ""condition"": null, ""condition_report"": null, ""dimensions"": null, ""extra_text"": null, ""footnote"": null, ""header"": null, ""internal_reference"": null, ""literature"": ""<p>Provenance:<br>-Collection of the granddaughter of the artist.</p>"", ""origin_exhibition_lite"": null, ""painter_artist_school"": ""Willem van den Berg (1886-1970)"", ""period"": null, ""signature_dating"": ""signed and dated 'WillemvdBerg. '25' (lower right)"", ""technique_size"": ""oil on panel, 9,5x12 cm (17,5x20 cm incl. frame)"", ""title"": ""Portrait of the artist's father, Andries van den Berg (1852-1944), in profile"", ""total"": null, ""weight_size_quality"": null}"
a47b267c-f208-44be-97c1-f0ac6a072f37,34,26-0485/16,fbef6459-c238-43e4-b7ac-6357713358f6,713,Classic to Modern Art,"Schilderijen, aquarellen en tekeningen I",I. Portrait of a baby; II. Baby in a high chair,"Willem van den Berg (1886-1970), I. Portrait of a baby; II. Baby in a high chair","<h3>Painter / Artist / School</h3>Willem van den Berg (1886-1970)<h3>Literature</h3><p>Provenance:<br>-Collection of the granddaughter of the artist.</p><h3>Technique / Size</h3>I. oil on canvas, mounted on panel, 16x13 cm (26x23 cm incl. frame); II. oil on panel, 24x21 cm (27x25,5 cm incl. frame)",published,EUR,600.0,800.0,400.0,,,1,0,,,True,"Mon, 31 Aug 2026 08:00:00 GMT","Tue, 15 Sep 2026 17:18:00 GMT",https://media.app.artisio.co/media/3fc437c0-fdbb-4208-955a-90293eab416d/inventory/b229aaa7-6726-44ad-8f0a-515d4db10a1b/f065669e-6377-43f2-b47c-11aee8d49218/0001_imATyJ_sm.jpeg;https://media.app.artisio.co/media/3fc437c0-fdbb-4208-955a-90293eab416d/inventory/b229aaa7-6726-44ad-8f0a-515d4db10a1b/a2d2fbb8-d149-4376-8bb5-3401b28e46f2/0002_mNxSPw_sm.jpeg;https://media.app.artisio.co/media/3fc437c0-fdbb-4208-955a-90293eab416d/inventory/b229aaa7-6726-44ad-8f0a-515d4db10a1b/11f64fcf-eae1-4087-9660-027c294dff52/0003_sxbTjD_sm.jpeg;https://media.app.artisio.co/media/3fc437c0-fdbb-4208-955a-90293eab416d/inventory/b229aaa7-6726-44ad-8f0a-515d4db10a1b/fd1820d7-ca3c-41f2-9f78-8e70fda71da2/0004_bGTxEf_sm.jpeg;https://media.app.artisio.co/media/3fc437c0-fdbb-4208-955a-90293eab416d/inventory/b229aaa7-6726-44ad-8f0a-515d4db10a1b/9e31b0c1-9d7b-4f77-9b3a-bd7eb3640d5d/0005_LZHBvo_sm.jpeg;https://media.app.artisio.co/media/3fc437c0-fdbb-4208-955a-90293eab416d/inventory/b229aaa7-6726-44ad-8f0a-515d4db10a1b/6c3ddde5-6e03-4eb3-b4f0-103ca14bdaf2/0006_iRTbib_sm.jpeg;https://media.app.artisio.co/media/3fc437c0-fdbb-4208-955a-90293eab416d/inventory/b229aaa7-6726-44ad-8f0a-515d4db10a1b/db718b94-b116-4e78-ae06-28d2a8e67a9e/0007_HHGxZi_sm.jpeg;https://media.app.artisio.co/media/3fc437c0-fdbb-4208-955a-90293eab416d/inventory/b229aaa7-6726-44ad-8f0a-515d4db10a1b/52cb6704-1341-411c-ba70-007fa5f0e3df/0008_sKZPws_sm.jpeg,8,"{""artist_retail_right"": true, ""comments"": null, ""condition"": ""I. Portrait of a baby 400-600 ; II. Baby in a high chair 200-300 tax gegeven aan klant. tezamen 600-800"", ""condition_report"": null, ""dimensions"": null, ""extra_text"": null, ""footnote"": null, ""header"": null, ""internal_reference"": null, ""literature"": ""<p>Provenance:<br>-Collection of the granddaughter of the artist.</p>"", ""origin_exhibition_lite"": null, ""painter_artist_school"": ""Willem van den Berg (1886-1970)"", ""period"": null, ""signature_dating"": null, ""technique_size"": ""I. oil on canvas, mounted on panel, 16x13 cm (26x23 cm incl. frame); II. oil on panel, 24x21 cm (27x25,5 cm incl. frame)"", ""title"": ""I. Portrait of a baby; II. Baby in a high chair"", ""total"": null, ""weight_size_quality"": null}"
c8b7e407-3bb6-4c44-b82b-9e217518658a,35,26-0485/4,fbef6459-c238-43e4-b7ac-6357713358f6,713,Classic to Modern Art,"Schilderijen, aquarellen en tekeningen I","I.; II.; III.; IV.; V. South Limburg, Bellagio and Wolfheze; VI. Portrait of the artist's aunt, Dorothea van den Berg","Willem van den Berg (1886-1970) , I.; II.; III.; IV.; V. South Limburg, Bellagio and Wolfheze; VI. Portrait of the artist's aunt, Dorothea van den Berg","<h3>Painter / Artist / School</h3>Willem van den Berg (1886-1970)<h3>Literature</h3><p>Provenance:<br>-Collection of the granddaughter of the artist.&nbsp;</p><h3>Technique / Size</h3>I.; II.; III.; IV.; V. all ink on paper, various measurements from 16x24 cm to 32,5x50 cm (one 36x48 cm incl. frame); VI. pencil on paper, 20,5x15,5 cm (22,5x18 cm incl. frame)<h3>Signature / Dating</h3>I.; II.; III.; IV.; V. all signed with initials 'WB' or 'WvdB'; one signed 'Willem vd Berg' (lower right); one dated '1953', one '1970' (lower right); VI. signed and dated 'W.v.d.Berg. 1904.' (lower right)",published,EUR,300.0,400.0,100.0,,,1,0,,,True,"Mon, 31 Aug 2026 08:00:00 GMT","Tue, 15 Sep 2026 17:18:00 GMT",https://media.app.artisio.co/media/3fc437c0-fdbb-4208-955a-90293eab416d/inventory/2e580f86-22dc-467b-bb6e-bb4e10fe7c7f/42273ca9-3258-4083-a530-edf8f42f7ecf/0001_NuzTfI_sm.jpeg;https://media.app.artisio.co/media/3fc437c0-fdbb-4208-955a-90293eab416d/inventory/2e580f86-22dc-467b-bb6e-bb4e10fe7c7f/cf221a9d-cf13-49cb-a907-191a2e6cc8cf/0002_btcDTD_sm.jpeg;https://media.app.artisio.co/media/3fc437c0-fdbb-4208-955a-90293eab416d/inventory/2e580f86-22dc-467b-bb6e-bb4e10fe7c7f/beec19ad-4b6c-4b7b-9571-d111f4bf7f5c/0003_EiFhMr_sm.jpeg;https://media.app.artisio.co/media/3fc437c0-fdbb-4208-955a-90293eab416d/inventory/2e580f86-22dc-467b-bb6e-bb4e10fe7c7f/ca1a74b6-4ae9-44fd-b551-3611655e6ab7/0004_bUZZpK_sm.jpeg;https://media.app.artisio.co/media/3fc437c0-fdbb-4208-955a-90293eab416d/inventory/2e580f86-22dc-467b-bb6e-bb4e10fe7c7f/792ae0ba-cb04-492d-bd4a-370592621712/0005_lWsStK_sm.jpeg;https://media.app.artisio.co/media/3fc437c0-fdbb-4208-955a-90293eab416d/inventory/2e580f86-22dc-467b-bb6e-bb4e10fe7c7f/129b1710-2fca-428b-8fd2-51c8ac31712c/0006_ifVNLn_sm.jpeg;https://media.app.artisio.co/media/3fc437c0-fdbb-4208-955a-90293eab416d/inventory/2e580f86-22dc-467b-bb6e-bb4e10fe7c7f/ef1930b4-9b27-4335-a824-b6e1e4ca96d4/0007_DnUQWi_sm.jpeg;https://media.app.artisio.co/media/3fc437c0-fdbb-4208-955a-90293eab416d/inventory/2e580f86-22dc-467b-bb6e-bb4e10fe7c7f/95a29140-76ec-4d97-98de-3576558b6a59/0008_HywZhQ_sm.jpeg;https://media.app.artisio.co/media/3fc437c0-fdbb-4208-955a-90293eab416d/inventory/2e580f86-22dc-467b-bb6e-bb4e10fe7c7f/10488b30-0172-4a39-8d27-da804c624a6a/0009_JNWKOJ_sm.jpeg;https://media.app.artisio.co/media/3fc437c0-fdbb-4208-955a-90293eab416d/inventory/2e580f86-22dc-467b-bb6e-bb4e10fe7c7f/3059d831-44ab-4e5a-81c3-2b160e2848b6/0010_kfWIoz_sm.jpeg;https://media.app.artisio.co/media/3fc437c0-fdbb-4208-955a-90293eab416d/inventory/2e580f86-22dc-467b-bb6e-bb4e10fe7c7f/8cb15ac9-7e49-46f1-96ec-bf6b74c0f6bd/0011_hnbYIQ_sm.jpeg;https://media.app.artisio.co/media/3fc437c0-fdbb-4208-955a-90293eab416d/inventory/2e580f86-22dc-467b-bb6e-bb4e10fe7c7f/5184b2c4-0fed-45d2-83c9-750b0e9143ee/0011a_EhcQWS_sm.jpeg;https://media.app.artisio.co/media/3fc437c0-fdbb-4208-955a-90293eab416d/inventory/2e580f86-22dc-467b-bb6e-bb4e10fe7c7f/c06604cf-1534-4aa5-9ca0-7a3df70a7a0a/0012_fVvGgB_sm.jpeg;https://media.app.artisio.co/media/3fc437c0-fdbb-4208-955a-90293eab416d/inventory/2e580f86-22dc-467b-bb6e-bb4e10fe7c7f/e5b94d55-5729-40f7-9850-ca8e69152a85/0013_Xtmoom_sm.jpeg;https://media.app.artisio.co/media/3fc437c0-fdbb-4208-955a-90293eab416d/inventory/2e580f86-22dc-467b-bb6e-bb4e10fe7c7f/ee4e015f-e785-4278-bd5d-610e692c30f3/0014_KvjKVO_sm.jpeg;https://media.app.artisio.co/media/3fc437c0-fdbb-4208-955a-90293eab416d/inventory/2e580f86-22dc-467b-bb6e-bb4e10fe7c7f/4c0b6072-b12c-40a6-83cb-de73f4b946a1/0015_SYWVav_sm.jpeg;https://media.app.artisio.co/media/3fc437c0-fdbb-4208-955a-90293eab416d/inventory/2e580f86-22dc-467b-bb6e-bb4e10fe7c7f/cedf3b2f-1ecb-49d6-bf69-215349a44257/0016_MbXpky_sm.jpeg;https://media.app.artisio.co/media/3fc437c0-fdbb-4208-955a-90293eab416d/inventory/2e580f86-22dc-467b-bb6e-bb4e10fe7c7f/33012b05-9e0b-4498-a91a-96bd80ef965e/0017_WbmtzP_sm.jpeg;https://media.app.artisio.co/media/3fc437c0-fdbb-4208-955a-90293eab416d/inventory/2e580f86-22dc-467b-bb6e-bb4e10fe7c7f/d2829c51-21f8-4d0a-bc83-314027223d5c/0018_aTvcdv_sm.jpeg;https://media.app.artisio.co/media/3fc437c0-fdbb-4208-955a-90293eab416d/inventory/2e580f86-22dc-467b-bb6e-bb4e10fe7c7f/7f7a0330-bd30-436f-b87c-4ec708c80abf/0019_bXFdxi_sm.jpeg,20,"{""artist_retail_right"": true, ""comments"": null, ""condition"": null, ""condition_report"": null, ""dimensions"": null, ""extra_text"": null, ""footnote"": null, ""header"": null, ""internal_reference"": null, ""literature"": ""<p>Provenance:<br>-Collection of the granddaughter of the artist.&nbsp;</p>"", ""origin_exhibition_lite"": null, ""painter_artist_school"": ""Willem van den Berg (1886-1970) "", ""period"": null, ""signature_dating"": ""I.; II.; III.; IV.; V. all signed with initials 'WB' or 'WvdB'; one signed 'Willem vd Berg' (lower right); one dated '1953', one '1970' (lower right); VI. signed and dated 'W.v.d.Berg. 1904.' (lower right)"", ""technique_size"": ""I.; II.; III.; IV.; V. all ink on paper, various measurements from 16x24 cm to 32,5x50 cm (one 36x48 cm incl. frame); VI. pencil on paper, 20,5x15,5 cm (22,5x18 cm incl. frame)"", ""title"": ""I.; II.; III.; IV.; V. South Limburg, Bellagio and Wolfheze; VI. Portrait of the artist's aunt, Dorothea van den Berg"", ""total"": null, ""weight_size_quality"": null}"
eac5c18c-fbbc-4e15-a85a-a200ea9f6e2e,36,26-0485/11,fbef6459-c238-43e4-b7ac-6357713358f6,713,Classic to Modern Art,"Schilderijen, aquarellen en tekeningen I","I. At the lock; II. Castle with moat; III. Portrait of the artist's daughter, Cornelia Josephine van den Berg","Andries van den Berg (1852-1944), I. At the lock; II. Castle with moat; III. Portrait of the artist's daughter, Cornelia Josephine van den Berg","<h3>Painter / Artist / School</h3>Andries van den Berg (1852-1944)<h3>Literature</h3><p>Provenance:<br>-Collection of the great-granddaughter of the artist.&nbsp;</p><h3>Technique / Size</h3>I. oil on panel, 19x30 cm (34x43cm incl. frame); II. oil on panel, 16x28 cm (22,5x34,5 cm incl. frame); III. oil on tile, 12,5x10 cm<h3>Extra Text</h3><p>This lot is accompanied by 2 works on paper by Andries van den Berg (1852-1944):&nbsp;<br>I. Two praying women in Bruges, watercolour on paper, 17x14 cm (full sheet: 28x22,5 cm), dated and signed with monogram '1925/AB' (lower right).<br>II. Chickens and a woman in a barn in South Limburg, watercolour on paper, 23,5x33,5 cm,annotated and signed 'Zuid Limburg/A van den Berg/Voor: Hekker' (on the reverse).</p><p>Andries van den Berg (The Hague, 1852 -1944) studied at the Academie van Beeldende Kunsten in The Hague under Johan Philip Koelman. He was a member of Arti et Amicitiae, and from 1878 to 1918 he was a drawing teacher at the Haagse Academie. His pupils included, alongside his son Willem Hendrik van den Berg, Mijndert van den Berg, Cornelis Koppenol, Gerbrand Frederik van Schagen, Leendert van der Vlist and Jan Wittenberg.<br>Initially, he worked in a romantic style, but around 1900 he developed a more impressionist style, with subjects drawn from everyday life.</p>",published,EUR,300.0,500.0,100.0,,,1,0,,,True,"Mon, 31 Aug 2026 08:00:00 GMT","Tue, 15 Sep 2026 17:18:00 GMT",https://media.app.artisio.co/media/3fc437c0-fdbb-4208-955a-90293eab416d/inventory/19d1fc26-e55f-48e0-8cde-78730c01a429/84c95b5e-8239-4d4f-b31d-b70ff7e3ed47/0001_zghjdV_sm.jpeg;https://media.app.artisio.co/media/3fc437c0-fdbb-4208-955a-90293eab416d/inventory/19d1fc26-e55f-48e0-8cde-78730c01a429/ab3965c9-1ab3-4c8c-a7cc-00c10e4025bb/0002_pPpdxm_sm.jpeg;https://media.app.artisio.co/media/3fc437c0-fdbb-4208-955a-90293eab416d/inventory/19d1fc26-e55f-48e0-8cde-78730c01a429/43183008-a25d-4a2d-9fd3-4231c4156f41/0003_VHGXZA_sm.jpeg;https://media.app.artisio.co/media/3fc437c0-fdbb-4208-955a-90293eab416d/inventory/19d1fc26-e55f-48e0-8cde-78730c01a429/9fe93ca0-9417-4223-92c8-49f48d0fc30e/0004_hoZUjv_sm.jpeg;https://media.app.artisio.co/media/3fc437c0-fdbb-4208-955a-90293eab416d/inventory/19d1fc26-e55f-48e0-8cde-78730c01a429/30853c4d-4554-4dd0-bedf-e9d5a4440c1f/0005_VSUgzz_sm.jpeg;https://media.app.artisio.co/media/3fc437c0-fdbb-4208-955a-90293eab416d/inventory/19d1fc26-e55f-48e0-8cde-78730c01a429/1f137c09-f16d-4ef0-ac2d-90333faa26e7/0006_ICixev_sm.jpeg;https://media.app.artisio.co/media/3fc437c0-fdbb-4208-955a-90293eab416d/inventory/19d1fc26-e55f-48e0-8cde-78730c01a429/aab885b0-f7c5-4614-b706-e4a0e98f4120/0007_uYGzoD_sm.jpeg;https://media.app.artisio.co/media/3fc437c0-fdbb-4208-955a-90293eab416d/inventory/19d1fc26-e55f-48e0-8cde-78730c01a429/65a9087c-f872-4f02-9453-daae1c986058/0008_rhxajN_sm.jpeg;https://media.app.artisio.co/media/3fc437c0-fdbb-4208-955a-90293eab416d/inventory/19d1fc26-e55f-48e0-8cde-78730c01a429/4bc31fba-1b3f-49df-9289-ee772f66b4ec/0009_PDFWuZ_sm.jpeg;https://media.app.artisio.co/media/3fc437c0-fdbb-4208-955a-90293eab416d/inventory/19d1fc26-e55f-48e0-8cde-78730c01a429/5beb6257-0bd8-4944-93ed-aa49f9c12d2b/0010_SWENLu_sm.jpeg;https://media.app.artisio.co/media/3fc437c0-fdbb-4208-955a-90293eab416d/inventory/19d1fc26-e55f-48e0-8cde-78730c01a429/a90805e1-b750-4d2d-9bcc-65c6452ffd21/0011_rJMRuY_sm.jpeg;https://media.app.artisio.co/media/3fc437c0-fdbb-4208-955a-90293eab416d/inventory/19d1fc26-e55f-48e0-8cde-78730c01a429/e1b807d5-d805-499b-a258-1450384a5b03/0012_IVUAGg_sm.jpeg;https://media.app.artisio.co/media/3fc437c0-fdbb-4208-955a-90293eab416d/inventory/19d1fc26-e55f-48e0-8cde-78730c01a429/c2e848a5-e022-4f7a-950a-bf870077a55e/0013_abFdwG_sm.jpeg;https://media.app.artisio.co/media/3fc437c0-fdbb-4208-955a-90293eab416d/inventory/19d1fc26-e55f-48e0-8cde-78730c01a429/01e539c2-5ca4-4211-a6f1-3b3e189dcd2d/0014_qvqfNz_sm.jpeg,14,"{""artist_retail_right"": false, ""comments"": null, ""condition"": null, ""condition_report"": null, ""dimensions"": null, ""extra_text"": ""<p>This lot is accompanied by 2 works on paper by Andries van den Berg (1852-1944):&nbsp;<br>I. Two praying women in Bruges, watercolour on paper, 17x14 cm (full sheet: 28x22,5 cm), dated and signed with monogram '1925/AB' (lower right).<br>II. Chickens and a woman in a barn in South Limburg, watercolour on paper, 23,5x33,5 cm,annotated and signed 'Zuid Limburg/A van den Berg/Voor: Hekker' (on the reverse).</p><p>Andries van den Berg (The Hague, 1852 -1944) studied at the Academie van Beeldende Kunsten in The Hague under Johan Philip Koelman. He was a member of Arti et Amicitiae, and from 1878 to 1918 he was a drawing teacher at the Haagse Academie. His pupils included, alongside his son Willem Hendrik van den Berg, Mijndert van den Berg, Cornelis Koppenol, Gerbrand Frederik van Schagen, Leendert van der Vlist and Jan Wittenberg.<br>Initially, he worked in a romantic style, but around 1900 he developed a more impressionist style, with subjects drawn from everyday life.</p>"", ""footnote"": null, ""header"": null, ""internal_reference"": null, ""literature"": ""<p>Provenance:<br>-Collection of the great-granddaughter of the artist.&nbsp;</p>"", ""origin_exhibition_lite"": null, ""painter_artist_school"": ""Andries van den Berg (1852-1944)"", ""period"": null, ""signature_dating"": null, ""technique_size"": ""I. oil on panel, 19x30 cm (34x43cm incl. frame); II. oil on panel, 16x28 cm (22,5x34,5 cm incl. frame); III. oil on tile, 12,5x10 cm"", ""title"": ""I. At the lock; II. Castle with moat; III. Portrait of the artist's daughter, Cornelia Josephine van den Berg"", ""total"": null, ""weight_size_quality"": null}"
db1eb5ca-8095-434e-9b43-e3e5fb1de085,37,26-0261/1,fbef6459-c238-43e4-b7ac-6357713358f6,713,Classic to Modern Art,"Schilderijen, aquarellen en tekeningen I",English ships at sea in the eye of the storm,"Engel Hoogerheyden (1740-1807), English ships at sea in the eye of the storm","<h3>Painter / Artist / School</h3>Engel Hoogerheyden (1740-1807)<h3>Technique / Size</h3>oil on panel, 32x44,5 cm (50x62,5 cm incl. frame)<h3>Signature / Dating</h3>signed with initials and dated 'E.H. 1802' (lower left)<h3>Extra Text</h3><p>Please compare to a painting by the artist with a similar composition, monogrammed E.H. and dated 1800, sold at: Auction, Christie's, Amsterdam, 24 January 2006, lot 67.</p>",published,EUR,800.0,1200.0,700.0,,,1,0,,,True,"Mon, 31 Aug 2026 08:00:00 GMT","Tue, 15 Sep 2026 17:21:00 GMT",https://media.app.artisio.co/media/3fc437c0-fdbb-4208-955a-90293eab416d/inventory/3a0cdb15-18f0-436f-a6ee-89731124dbfb/83b0b684-8d59-41fc-bacb-497bb896ba30/0001_xDYKMo_sm.jpeg;https://media.app.artisio.co/media/3fc437c0-fdbb-4208-955a-90293eab416d/inventory/3a0cdb15-18f0-436f-a6ee-89731124dbfb/a67e788e-ee87-46a5-9371-61d6f88d9e8f/0002_LdCqHm_sm.jpeg;https://media.app.artisio.co/media/3fc437c0-fdbb-4208-955a-90293eab416d/inventory/3a0cdb15-18f0-436f-a6ee-89731124dbfb/83fd4bdd-3948-46aa-9ec0-5dc5845a2f92/0003_phUoZn_sm.jpeg;https://media.app.artisio.co/media/3fc437c0-fdbb-4208-955a-90293eab416d/inventory/3a0cdb15-18f0-436f-a6ee-89731124dbfb/48f057a4-aee2-477d-9177-6fcf3d62a4ef/0004_wUcBak_sm.jpeg,4,"{""artist_retail_right"": false, ""comments"": ""<p>Twee vergelijkbare composities, beide gedateerd 1800.&nbsp;<br>https://rkd.nl/imageslite/487027</p><p><a href=\""https://rkd.nl/imageslite/487013\"">https://rkd.nl/imageslite/487013</a></p><p>Christie's, Amsterdam, 24 January 2006, lot 67 afm. 44.5 x 62.8 cm: vergelijkb compositie voor 4.000 hamer.&nbsp;</p>"", ""condition"": null, ""condition_report"": null, ""dimensions"": null, ""extra_text"": ""<p>Please compare to a painting by the artist with a similar composition, monogrammed E.H. and dated 1800, sold at: Auction, Christie's, Amsterdam, 24 January 2006, lot 67.</p>"", ""footnote"": null, ""header"": null, ""internal_reference"": null, ""literature"": null, ""origin_exhibition_lite"": null, ""painter_artist_school"": ""Engel Hoogerheyden (1740-1807)"", ""period"": null, ""signature_dating"": ""signed with initials and dated 'E.H. 1802' (lower left)"", ""technique_size"": ""oil on panel, 32x44,5 cm (50x62,5 cm incl. frame)"", ""title"": ""English ships at sea in the eye of the storm"", ""total"": null, ""weight_size_quality"": null}"
81f7a82f-687e-46b9-ba07-76a0e6ab4b76,38,26-0548/3,fbef6459-c238-43e4-b7ac-6357713358f6,713,Classic to Modern Art,"Schilderijen, aquarellen en tekeningen I",Two figures on a forest road by the river ,"Anthonie Jacobus van Wijngaerdt (1808-1887), Two figures on a forest road by the river ","<h3>Painter / Artist / School</h3>Anthonie Jacobus van Wijngaerdt (1808-1887)<h3>Literature</h3><p>Provenance:<br>-With Kunsthandel Pieter A. Scheen, The Hague.&nbsp;</p><h3>Technique / Size</h3>oil on panel, 10,5x8,5 cm (27x25 cm incl. frame)<h3>Signature / Dating</h3>signed with initials 'AJvW' (lower left)",published,EUR,500.0,700.0,450.0,,,1,0,,,True,"Mon, 31 Aug 2026 08:00:00 GMT","Tue, 15 Sep 2026 17:21:00 GMT",https://media.app.artisio.co/media/3fc437c0-fdbb-4208-955a-90293eab416d/inventory/3d8d027d-26dd-49db-95e2-b7e6a2687d83/1ecaf8bb-5d6b-4df6-902e-7b2fd9a75190/0001_XsnVmF_sm.jpeg;https://media.app.artisio.co/media/3fc437c0-fdbb-4208-955a-90293eab416d/inventory/3d8d027d-26dd-49db-95e2-b7e6a2687d83/f60bc03a-2c26-4101-9f0f-2167cf3cbb96/0002_WYPKuu_sm.jpeg;https://media.app.artisio.co/media/3fc437c0-fdbb-4208-955a-90293eab416d/inventory/3d8d027d-26dd-49db-95e2-b7e6a2687d83/c9cd1879-2723-48be-aebc-4a79f65b24ba/0003_GTtUNh_sm.jpeg,3,"{""artist_retail_right"": false, ""comments"": null, ""condition"": null, ""condition_report"": null, ""dimensions"": null, ""extra_text"": null, ""footnote"": null, ""header"": null, ""internal_reference"": null, ""literature"": ""<p>Provenance:<br>-With Kunsthandel Pieter A. Scheen, The Hague.&nbsp;</p>"", ""origin_exhibition_lite"": null, ""painter_artist_school"": ""Anthonie Jacobus van Wijngaerdt (1808-1887)"", ""period"": null, ""signature_dating"": ""signed with initials 'AJvW' (lower left)"", ""technique_size"": ""oil on panel, 10,5x8,5 cm (27x25 cm incl. frame)"", ""title"": ""Two figures on a forest road by the river "", ""total"": null, ""weight_size_quality"": null}"
bd66073b-65ea-4622-a38e-959b097cad61,39,26-0248/1,fbef6459-c238-43e4-b7ac-6357713358f6,713,Classic to Modern Art,"Schilderijen, aquarellen en tekeningen I",Landscape with figures near a farm,"Johannes Warnardus Bilders (1811-1890), Landscape with figures near a farm","<h3>Painter / Artist / School</h3>Johannes Warnardus Bilders (1811-1890)<h3>Technique / Size</h3>oil on panel, 25x23 cm (41x39,5 cm incl. frame)<h3>Signature / Dating</h3>indistinctly signed (lower right)",published,EUR,400.0,600.0,300.0,300.0,,1,0,,,True,"Mon, 31 Aug 2026 08:00:00 GMT","Tue, 15 Sep 2026 17:21:00 GMT",https://media.app.artisio.co/media/3fc437c0-fdbb-4208-955a-90293eab416d/inventory/50383df3-ac0c-432e-88bb-910340f6b3ab/637a0c16-e4d6-413f-bfd6-7d228ee9c6a5/0001_nGmcYy_sm.jpeg;https://media.app.artisio.co/media/3fc437c0-fdbb-4208-955a-90293eab416d/inventory/50383df3-ac0c-432e-88bb-910340f6b3ab/e9802789-00f1-4d6c-a45d-bc0150666492/0002_UTCUTo_sm.jpeg;https://media.app.artisio.co/media/3fc437c0-fdbb-4208-955a-90293eab416d/inventory/50383df3-ac0c-432e-88bb-910340f6b3ab/7bc88cfb-6c9d-4f90-9bfe-dfe6ca691687/0003_uqRtqE_sm.jpeg;https://media.app.artisio.co/media/3fc437c0-fdbb-4208-955a-90293eab416d/inventory/50383df3-ac0c-432e-88bb-910340f6b3ab/2454e834-b4ef-45ab-bb12-91f18a3c4407/0004_dekvAf_sm.jpeg,4,"{""artist_retail_right"": false, ""comments"": null, ""condition"": null, ""condition_report"": null, ""dimensions"": null, ""extra_text"": null, ""footnote"": null, ""header"": null, ""internal_reference"": null, ""literature"": null, ""origin_exhibition_lite"": null, ""painter_artist_school"": ""Johannes Warnardus Bilders (1811-1890)"", ""period"": null, ""signature_dating"": ""indistinctly signed (lower right)"", ""technique_size"": ""oil on panel, 25x23 cm (41x39,5 cm incl. frame)"", ""title"": ""Landscape with figures near a farm"", ""total"": null, ""weight_size_quality"": null}"
c16a9bb3-ac83-4bb7-b0f5-1e40ed666600,40,26-0308/20,fbef6459-c238-43e4-b7ac-6357713358f6,713,Classic to Modern Art,"Schilderijen, aquarellen en tekeningen I",Sheep resting in the pasture,"Frans van Severdonck (Belgian, 1809-1889), Sheep resting in the pasture","<h3>Painter / Artist / School</h3>Frans van Severdonck (Belgian, 1809-1889)<h3>Literature</h3><p>Provenance:<br>-Auction, Christie's, Amsterdam, 10 March 2009, lot 25.<br>-Private collection, Ireland.</p><h3>Technique / Size</h3>oil on panel, 27,5x38,5 cm (47x57 cm incl. frame)<h3>Signature / Dating</h3>signed and dated 'Francois Vanseverdonck/ft 1849' (lower right)",published,EUR,800.0,1200.0,700.0,700.0,,1,1,700.0,700.0,True,"Mon, 31 Aug 2026 08:00:00 GMT","Tue, 15 Sep 2026 17:21:00 GMT",https://media.app.artisio.co/media/3fc437c0-fdbb-4208-955a-90293eab416d/inventory/29b28527-6036-4796-b5fb-7e31d90eb522/3b474f27-1787-406f-ad69-72a7b235cee6/0002_RTJYtd_sm.jpeg;https://media.app.artisio.co/media/3fc437c0-fdbb-4208-955a-90293eab416d/inventory/29b28527-6036-4796-b5fb-7e31d90eb522/cd6d6b83-7297-4abe-b30f-8ce274265389/0003_FvUvgK_sm.jpeg;https://media.app.artisio.co/media/3fc437c0-fdbb-4208-955a-90293eab416d/inventory/29b28527-6036-4796-b5fb-7e31d90eb522/81ce63fa-cc44-40fc-a05d-346cb0b68b34/0004_HHgOiS_sm.jpeg;https://media.app.artisio.co/media/3fc437c0-fdbb-4208-955a-90293eab416d/inventory/29b28527-6036-4796-b5fb-7e31d90eb522/18f8fb7c-c262-4bac-9d3c-b83fff64b949/0005_XOHKUV_sm.jpeg,4,"{""artist_retail_right"": false, ""comments"": null, ""condition"": null, ""condition_report"": null, ""dimensions"": null, ""extra_text"": null, ""footnote"": null, ""header"": null, ""internal_reference"": null, ""literature"": ""<p>Provenance:<br>-Auction, Christie's, Amsterdam, 10 March 2009, lot 25.<br>-Private collection, Ireland.</p>"", ""origin_exhibition_lite"": null, ""painter_artist_school"": ""Frans van Severdonck (Belgian, 1809-1889)"", ""period"": null, ""signature_dating"": ""signed and dated 'Francois Vanseverdonck/ft 1849' (lower right)"", ""technique_size"": ""oil on panel, 27,5x38,5 cm (47x57 cm incl. frame)"", ""title"": ""Sheep resting in the pasture"", ""total"": null, ""weight_size_quality"": null}"
0ac6175b-73bc-4a09-8b64-27e1a4b561cd,41,26-0308/23,fbef6459-c238-43e4-b7ac-6357713358f6,713,Classic to Modern Art,"Schilderijen, aquarellen en tekeningen I",Garden with poultry,"Albertus Verhoesen (1806-1881), Garden with poultry","<h3>Painter / Artist / School</h3>Albertus Verhoesen (1806-1881)<h3>Literature</h3><p>Provenance:<br>-With Kunsthandel Pieter A. Scheen, The Hague, circa 1952.<br>-Auction, Christie's, Amsterdam, 25 November 2014, lot 200.<br>-Private collection, Ireland.</p><h3>Technique / Size</h3>oil on panel, 29x38,5 cm (48,5x59 cm incl. frame)<h3>Signature / Dating</h3>signed and dated 'A Verhoesen/1861' (lower centre)",published,EUR,1000.0,1500.0,900.0,900.0,,1,0,,,True,"Mon, 31 Aug 2026 08:00:00 GMT","Tue, 15 Sep 2026 17:21:00 GMT",https://media.app.artisio.co/media/3fc437c0-fdbb-4208-955a-90293eab416d/inventory/a06a60e7-5aa9-46a2-ade5-7b61c1b106f1/ef810f2e-3f61-42a0-9143-3dc5745b673a/0002_mzakuh_sm.jpeg;https://media.app.artisio.co/media/3fc437c0-fdbb-4208-955a-90293eab416d/inventory/a06a60e7-5aa9-46a2-ade5-7b61c1b106f1/1a9dfc38-1ea6-4c51-b4aa-41f8e38de268/0003_FKIKcj_sm.jpeg;https://media.app.artisio.co/media/3fc437c0-fdbb-4208-955a-90293eab416d/inventory/a06a60e7-5aa9-46a2-ade5-7b61c1b106f1/ea34c483-f0c3-4202-b473-f0841f5a5e1c/0004_lTEypi_sm.jpeg;https://media.app.artisio.co/media/3fc437c0-fdbb-4208-955a-90293eab416d/inventory/a06a60e7-5aa9-46a2-ade5-7b61c1b106f1/4b17df83-31e9-498d-995a-a356b6c22a57/0005_jnEqgS_sm.jpeg,4,"{""artist_retail_right"": false, ""comments"": ""<p>https://rkd.nl/imageslite/3907937</p>"", ""condition"": null, ""condition_report"": null, ""dimensions"": null, ""extra_text"": null, ""footnote"": null, ""header"": null, ""internal_reference"": null, ""literature"": ""<p>Provenance:<br>-With Kunsthandel Pieter A. Scheen, The Hague, circa 1952.<br>-Auction, Christie's, Amsterdam, 25 November 2014, lot 200.<br>-Private collection, Ireland.</p>"", ""origin_exhibition_lite"": null, ""painter_artist_school"": ""Albertus Verhoesen (1806-1881)"", ""period"": null, ""signature_dating"": ""signed and dated 'A Verhoesen/1861' (lower centre)"", ""technique_size"": ""oil on panel, 29x38,5 cm (48,5x59 cm incl. frame)"", ""title"": ""Garden with poultry"", ""total"": null, ""weight_size_quality"": null}"
ebe9bdb0-e66c-442d-bbf3-b7a883f36377,42,26-0308/35,fbef6459-c238-43e4-b7ac-6357713358f6,713,Classic to Modern Art,"Schilderijen, aquarellen en tekeningen I",Landscape with cows and sheep resting,"Jan Frans Legillon (Flemish, 1739-1797), Landscape with cows and sheep resting","<h3>Painter / Artist / School</h3>Jan Frans Legillon (Flemish, 1739-1797)<h3>Literature</h3><p>Provenance:<br>-Auction, Sotheby's, London, 30 October 2001, lot 537.<br>-Private collection, Ireland.</p><h3>Technique / Size</h3>oil on panel, 24x34 cm (37x48 cm incl. frame)<h3>Signature / Dating</h3>signed 'Legillon' (lower right)",published,EUR,700.0,1000.0,600.0,600.0,,1,0,,,True,"Mon, 31 Aug 2026 08:00:00 GMT","Tue, 15 Sep 2026 17:21:00 GMT",https://media.app.artisio.co/media/3fc437c0-fdbb-4208-955a-90293eab416d/inventory/0e1eff0f-1094-4538-a74a-fdd9fc35ec88/64d47e25-86a7-4c2d-a4ac-7611e3519560/0002_DMLwDK_sm.jpeg;https://media.app.artisio.co/media/3fc437c0-fdbb-4208-955a-90293eab416d/inventory/0e1eff0f-1094-4538-a74a-fdd9fc35ec88/4477491a-2d7a-4ba4-b706-8d56686032b2/0003_McMAzC_sm.jpeg;https://media.app.artisio.co/media/3fc437c0-fdbb-4208-955a-90293eab416d/inventory/0e1eff0f-1094-4538-a74a-fdd9fc35ec88/d35bd2d0-0666-460a-a61c-5985e748699d/0004_XuwEVK_sm.jpeg;https://media.app.artisio.co/media/3fc437c0-fdbb-4208-955a-90293eab416d/inventory/0e1eff0f-1094-4538-a74a-fdd9fc35ec88/3640a61c-ff13-45cf-b0c3-1f9c1c2208c4/0005_xSocbR_sm.jpeg,4,"{""artist_retail_right"": false, ""comments"": ""<p>https://rkd.nl/imageslite/514632 https://rkd.nl/imageslite/514637</p>"", ""condition"": null, ""condition_report"": null, ""dimensions"": null, ""extra_text"": null, ""footnote"": null, ""header"": null, ""internal_reference"": null, ""literature"": ""<p>Provenance:<br>-Auction, Sotheby's, London, 30 October 2001, lot 537.<br>-Private collection, Ireland.</p>"", ""origin_exhibition_lite"": null, ""painter_artist_school"": ""Jan Frans Legillon (Flemish, 1739-1797)"", ""period"": null, ""signature_dating"": ""signed 'Legillon' (lower right)"", ""technique_size"": ""oil on panel, 24x34 cm (37x48 cm incl. frame)"", ""title"": ""Landscape with cows and sheep resting"", ""total"": null, ""weight_size_quality"": null}"
980d9258-8ac7-490f-a27f-37b9141d9b26,43,26-0437/29,fbef6459-c238-43e4-b7ac-6357713358f6,713,Classic to Modern Art,"Schilderijen, aquarellen en tekeningen I","Village in the dunes, possibly Scheveningen","Kasparus Karsen (1810-1896), Village in the dunes, possibly Scheveningen","<h3>Painter / Artist / School</h3>Kasparus Karsen (1810-1896)<h3>Literature</h3><p>Provenance:<br>-Auction, Sotheby’s, Amsterdam, 9 November 1993, lot 66.</p><h3>Technique / Size</h3>oil on canvas, 42x52 cm (62x73 cm incl. frame)<h3>Signature / Dating</h3>signed and dated 'K. Karsen/78' (lower left)",published,EUR,1500.0,2500.0,1500.0,1500.0,,1,0,,,True,"Mon, 31 Aug 2026 08:00:00 GMT","Tue, 15 Sep 2026 17:24:00 GMT",https://media.app.artisio.co/media/3fc437c0-fdbb-4208-955a-90293eab416d/inventory/3c90061a-673d-4e76-b94e-0d8b4e3ff9f0/82dad041-0458-43fc-9b96-02db56ccd630/0001_XpaoZm_sm.jpeg;https://media.app.artisio.co/media/3fc437c0-fdbb-4208-955a-90293eab416d/inventory/3c90061a-673d-4e76-b94e-0d8b4e3ff9f0/1df278b1-5f3c-4da6-982f-b5af2e948d9d/0002_UJIuEO_sm.jpeg;https://media.app.artisio.co/media/3fc437c0-fdbb-4208-955a-90293eab416d/inventory/3c90061a-673d-4e76-b94e-0d8b4e3ff9f0/7395739f-0e47-4859-aebc-8ef4a35d5ded/0003_DNeuGl_sm.jpeg;https://media.app.artisio.co/media/3fc437c0-fdbb-4208-955a-90293eab416d/inventory/3c90061a-673d-4e76-b94e-0d8b4e3ff9f0/b916d79b-8ba4-4479-8cf1-3db0a030fba4/0004_quEBKO_sm.jpeg,4,"{""artist_retail_right"": false, ""comments"": ""<p>https://rkd.nl/imageslite/3948345</p>"", ""condition"": null, ""condition_report"": null, ""dimensions"": null, ""extra_text"": null, ""footnote"": null, ""header"": null, ""internal_reference"": null, ""literature"": ""<p>Provenance:<br>-Auction, Sotheby’s, Amsterdam, 9 November 1993, lot 66.</p>"", ""origin_exhibition_lite"": null, ""painter_artist_school"": ""Kasparus Karsen (1810-1896)"", ""period"": null, ""signature_dating"": ""signed and dated 'K. Karsen/78' (lower left)"", ""technique_size"": ""oil on canvas, 42x52 cm (62x73 cm incl. frame)"", ""title"": ""Village in the dunes, possibly Scheveningen"", ""total"": null, ""weight_size_quality"": null}"
7106d9d3-3b18-4062-8fd9-839dc3ae18f2,44,26-0308/38,fbef6459-c238-43e4-b7ac-6357713358f6,713,Classic to Modern Art,"Schilderijen, aquarellen en tekeningen I",Gathering wood in the snowy forest,"Theobald Reinhold von Oer (German, 1807-1885), Gathering wood in the snowy forest","<h3>Painter / Artist / School</h3>Theobald Reinhold von Oer (German, 1807-1885)<h3>Literature</h3><p>Provenance:<br>-Auction, Christie's, Amsterdam, 20 June 2012, lot 544.<br>-Private collection, Ireland.</p><h3>Technique / Size</h3>oil on canvas, 36x49 cm (55x68 cm incl. frame)<h3>Signature / Dating</h3>signed with monogram and dated '1853' (lower right)",published,EUR,800.0,1200.0,600.0,600.0,,1,1,600.0,600.0,True,"Mon, 31 Aug 2026 08:00:00 GMT","Tue, 15 Sep 2026 17:24:00 GMT",https://media.app.artisio.co/media/3fc437c0-fdbb-4208-955a-90293eab416d/inventory/ce969ab3-b5b6-4352-86a0-bfdba914cc86/d4fb9186-d306-481d-88b8-3ff048368ba9/0002_ityYnM_sm.jpeg;https://media.app.artisio.co/media/3fc437c0-fdbb-4208-955a-90293eab416d/inventory/ce969ab3-b5b6-4352-86a0-bfdba914cc86/b815316a-b149-4c1f-bd61-9831cad9b664/0003_uSewpw_sm.jpeg;https://media.app.artisio.co/media/3fc437c0-fdbb-4208-955a-90293eab416d/inventory/ce969ab3-b5b6-4352-86a0-bfdba914cc86/c496d4cb-3e89-4df3-b064-3ad3d9852d40/0004_jBqImv_sm.jpeg;https://media.app.artisio.co/media/3fc437c0-fdbb-4208-955a-90293eab416d/inventory/ce969ab3-b5b6-4352-86a0-bfdba914cc86/12531b3d-cd32-40c2-8aa3-717991b0e59a/0005_SiuWJD_sm.jpeg,4,"{""artist_retail_right"": false, ""comments"": null, ""condition"": null, ""condition_report"": null, ""dimensions"": null, ""extra_text"": null, ""footnote"": null, ""header"": null, ""internal_reference"": null, ""literature"": ""<p>Provenance:<br>-Auction, Christie's, Amsterdam, 20 June 2012, lot 544.<br>-Private collection, Ireland.</p>"", ""origin_exhibition_lite"": null, ""painter_artist_school"": ""Theobald Reinhold von Oer (German, 1807-1885)"", ""period"": null, ""signature_dating"": ""signed with monogram and dated '1853' (lower right)"", ""technique_size"": ""oil on canvas, 36x49 cm (55x68 cm incl. frame)"", ""title"": ""Gathering wood in the snowy forest"", ""total"": null, ""weight_size_quality"": null}"
6ff2c082-9aeb-4d37-ab03-3de5f28af2f8,45,26-0308/17,fbef6459-c238-43e4-b7ac-6357713358f6,713,Classic to Modern Art,"Schilderijen, aquarellen en tekeningen I",Ships on choppy seas,"George Willem Opdenhoff (1807-1873), Ships on choppy seas","<h3>Painter / Artist / School</h3>George Willem Opdenhoff (1807-1873)<h3>Literature</h3><p>Provenance:<br>-Auction, Sotheby's, Amsterdam, 17 October 2006, lot 17.<br>-Private collection, Ireland.</p><h3>Technique / Size</h3>oil on panel, 25x37 cm<h3>Signature / Dating</h3>signed 'G.W. Opdenhoff f' (lower left)",published,EUR,1000.0,1500.0,900.0,900.0,,1,0,,,True,"Mon, 31 Aug 2026 08:00:00 GMT","Tue, 15 Sep 2026 17:24:00 GMT",https://media.app.artisio.co/media/3fc437c0-fdbb-4208-955a-90293eab416d/inventory/da70e493-c4f7-4198-b769-70a9cfa1d866/00fbc8bd-7736-4785-b307-397999f4de10/0002_WCzrdZ_sm.jpeg;https://media.app.artisio.co/media/3fc437c0-fdbb-4208-955a-90293eab416d/inventory/da70e493-c4f7-4198-b769-70a9cfa1d866/fbc5ed0e-86dc-4a7e-96cb-e8f768b70484/0003_yauVWe_sm.jpeg;https://media.app.artisio.co/media/3fc437c0-fdbb-4208-955a-90293eab416d/inventory/da70e493-c4f7-4198-b769-70a9cfa1d866/baf1433d-db4d-41cd-8985-d067df3cfacb/0004_XUNSVo_sm.jpeg;https://media.app.artisio.co/media/3fc437c0-fdbb-4208-955a-90293eab416d/inventory/da70e493-c4f7-4198-b769-70a9cfa1d866/934bb805-4c8e-4c63-b37a-7e7851c1fd0c/0005_xKozKu_sm.jpeg,4,"{""artist_retail_right"": false, ""comments"": null, ""condition"": null, ""condition_report"": null, ""dimensions"": null, ""extra_text"": null, ""footnote"": null, ""header"": null, ""internal_reference"": null, ""literature"": ""<p>Provenance:<br>-Auction, Sotheby's, Amsterdam, 17 October 2006, lot 17.<br>-Private collection, Ireland.</p>"", ""origin_exhibition_lite"": null, ""painter_artist_school"": ""George Willem Opdenhoff (1807-1873)"", ""period"": null, ""signature_dating"": ""signed 'G.W. Opdenhoff f' (lower left)"", ""technique_size"": ""oil on panel, 25x37 cm"", ""title"": ""Ships on choppy seas"", ""total"": null, ""weight_size_quality"": null}"
2425202b-b3da-4b06-a34b-efdb11a9d1ed,46,26-0308/19,fbef6459-c238-43e4-b7ac-6357713358f6,713,Classic to Modern Art,"Schilderijen, aquarellen en tekeningen I",Figures in a winter landscape," Lodewijk Johannes Kleijn (1817-1897), Figures in a winter landscape","<h3>Painter / Artist / School</h3>Lodewijk Johannes Kleijn (1817-1897)<h3>Literature</h3><p>Provenance:<br>-Auction, Sotheby's, Amsterdam, 16 October 2007, lot 5.<br>-Private collection, Ireland.</p><h3>Technique / Size</h3>oil on panel, 29x40 cm (41,5x50,5 cm incl. frame)<h3>Signature / Dating</h3>signed 'LJ Kleijn f' (lower right)",published,EUR,1000.0,1500.0,800.0,800.0,,1,0,,,True,"Mon, 31 Aug 2026 08:00:00 GMT","Tue, 15 Sep 2026 17:24:00 GMT",https://media.app.artisio.co/media/3fc437c0-fdbb-4208-955a-90293eab416d/inventory/1efffc97-becf-4e4a-81e1-a88d9ea72bf8/d9a203d0-d632-417e-b57f-4125e788f1ef/0002_ZNIwEv_sm.jpeg;https://media.app.artisio.co/media/3fc437c0-fdbb-4208-955a-90293eab416d/inventory/1efffc97-becf-4e4a-81e1-a88d9ea72bf8/141ef9f0-9ded-4d2a-a988-2d811503a01a/0003_bBqKIN_sm.jpeg;https://media.app.artisio.co/media/3fc437c0-fdbb-4208-955a-90293eab416d/inventory/1efffc97-becf-4e4a-81e1-a88d9ea72bf8/5b6d00c3-44f4-464d-a2d6-2041d2d82c17/0004_NLKDop_sm.jpeg;https://media.app.artisio.co/media/3fc437c0-fdbb-4208-955a-90293eab416d/inventory/1efffc97-becf-4e4a-81e1-a88d9ea72bf8/0992e5a7-0660-4d17-ab0f-b0325740c7bc/0005_uLytxo_sm.jpeg,4,"{""artist_retail_right"": false, ""comments"": null, ""condition"": null, ""condition_report"": null, ""dimensions"": null, ""extra_text"": null, ""footnote"": null, ""header"": null, ""internal_reference"": null, ""literature"": ""<p>Provenance:<br>-Auction, Sotheby's, Amsterdam, 16 October 2007, lot 5.<br>-Private collection, Ireland.</p>"", ""origin_exhibition_lite"": null, ""painter_artist_school"": "" Lodewijk Johannes Kleijn (1817-1897)"", ""period"": null, ""signature_dating"": ""signed 'LJ Kleijn f' (lower right)"", ""technique_size"": ""oil on panel, 29x40 cm (41,5x50,5 cm incl. frame)"", ""title"": ""Figures in a winter landscape"", ""total"": null, ""weight_size_quality"": null}"
efefadd8-868c-4ba1-987b-fc9586b099e3,47,26-0529/6,fbef6459-c238-43e4-b7ac-6357713358f6,713,Classic to Modern Art,"Schilderijen, aquarellen en tekeningen I",Horse-drawn carts on a sandy path along the water,"Johannes Franciscus Hoppenbrouwers (1819-1866), Horse-drawn carts on a sandy path along the water","<h3>Painter / Artist / School</h3>Johannes Franciscus Hoppenbrouwers (1819-1866)<h3>Technique / Size</h3>oil on panel, 28x34 cm (35,5x42 cm incl. frame)",published,EUR,800.0,1200.0,700.0,700.0,,1,0,,,True,"Mon, 31 Aug 2026 08:00:00 GMT","Tue, 15 Sep 2026 17:24:00 GMT",https://media.app.artisio.co/media/3fc437c0-fdbb-4208-955a-90293eab416d/inventory/2bc1b405-9d9c-437e-bd9a-981006a9f741/ee7c771c-ddf6-45ec-8f37-fcc17d509626/0001_lyezLj_sm.jpeg;https://media.app.artisio.co/media/3fc437c0-fdbb-4208-955a-90293eab416d/inventory/2bc1b405-9d9c-437e-bd9a-981006a9f741/03fcf403-d23d-4e76-b5af-3df4534b797c/0002_LcQEHu_sm.jpeg;https://media.app.artisio.co/media/3fc437c0-fdbb-4208-955a-90293eab416d/inventory/2bc1b405-9d9c-437e-bd9a-981006a9f741/b922bffb-7f3c-4b93-9022-fc0ff190f7d2/0003_KaUVVs_sm.jpeg,3,"{""artist_retail_right"": false, ""comments"": null, ""condition"": null, ""condition_report"": null, ""dimensions"": null, ""extra_text"": null, ""footnote"": null, ""header"": null, ""internal_reference"": null, ""literature"": null, ""origin_exhibition_lite"": null, ""painter_artist_school"": ""Johannes Franciscus Hoppenbrouwers (1819-1866)"", ""period"": null, ""signature_dating"": null, ""technique_size"": ""oil on panel, 28x34 cm (35,5x42 cm incl. frame)"", ""title"": ""Horse-drawn carts on a sandy path along the water"", ""total"": null, ""weight_size_quality"": null}"
9b8b2949-bc49-4ad9-be28-8ce40758d466,48,26-0485/1,fbef6459-c238-43e4-b7ac-6357713358f6,713,Classic to Modern Art,"Schilderijen, aquarellen en tekeningen I",Study drawing of an elephant,"Petrus Camper (1722-1789), Study drawing of an elephant","<h3>Painter / Artist / School</h3>Petrus Camper (1722-1789)<h3>Literature</h3><p>Provenance:<br>-Acquired by Robert Cornelis Hekker around the 1970s, thence by descent to the present owner.&nbsp;</p><h3>Technique / Size</h3>ink on paper, unframed, 42,5x27,5 cm (full sheet: 56x40 cm)<h3>Signature / Dating</h3>signed 'P. Camper fc.' (lower right); numbered 'Tab. XVIII.' (upper right)<h3>Extra Text</h3><p>Petrus Camper (Leiden 1722-The Hague 1789), was a Dutch physician, anatomist, physiologist, midwife, zoologist, anthropologist, palaeontologist and a naturalist in the Age of Enlightenment. In 1763 he accepted the chair of anatomy, surgery and botany at the University of Groningen. He made drawings to illustrate his eloquent lectures. His main focus of attention was anatomy, zoology and his collection of minerals and fossils.</p><p>In 1774, a young male elephant died at the stadtholder’s menagerie near The Hague. Camper was permitted to dissect the carcass; he had completed the dissection within three weeks and produced a large number of drawings. His research yielded various new findings, including details on the skeleton of the legs, the structure of the skull and brain, and the muscles and nerves of the trunk. Camper’s drawings are held, amongst other places, in the collection of the Rijksmuseum in Amsterdam.</p>",published,EUR,300.0,500.0,300.0,,,1,0,,,True,"Mon, 31 Aug 2026 08:00:00 GMT","Tue, 15 Sep 2026 17:24:00 GMT",https://media.app.artisio.co/media/3fc437c0-fdbb-4208-955a-90293eab416d/inventory/75f71bff-8bf3-4ed2-8031-4e988494ba20/649a0ea9-19d1-482d-9d83-e548d17f1e9f/0001_YvUNJM_sm.jpeg;https://media.app.artisio.co/media/3fc437c0-fdbb-4208-955a-90293eab416d/inventory/75f71bff-8bf3-4ed2-8031-4e988494ba20/8f2ecafc-a4f4-4918-b9f7-2e256a4f3838/0002_YvtCGQ_sm.jpeg,2,"{""artist_retail_right"": false, ""comments"": ""<p>Info inz volgt. Rpr nog even nazien.</p><p>Foto getoond aan Ch Dumas, zijn reactie: Wat leuk!!! Daar zal zeker belangstelling voor bestaan! En zonder enige twijfel authentiek. Hartelijke groet, Charles</p>"", ""condition"": null, ""condition_report"": null, ""dimensions"": null, ""extra_text"": ""<p>Petrus Camper (Leiden 1722-The Hague 1789), was a Dutch physician, anatomist, physiologist, midwife, zoologist, anthropologist, palaeontologist and a naturalist in the Age of Enlightenment. In 1763 he accepted the chair of anatomy, surgery and botany at the University of Groningen. He made drawings to illustrate his eloquent lectures. His main focus of attention was anatomy, zoology and his collection of minerals and fossils.</p><p>In 1774, a young male elephant died at the stadtholder’s menagerie near The Hague. Camper was permitted to dissect the carcass; he had completed the dissection within three weeks and produced a large number of drawings. His research yielded various new findings, including details on the skeleton of the legs, the structure of the skull and brain, and the muscles and nerves of the trunk. Camper’s drawings are held, amongst other places, in the collection of the Rijksmuseum in Amsterdam.</p>"", ""footnote"": null, ""header"": null, ""internal_reference"": null, ""literature"": ""<p>Provenance:<br>-Acquired by Robert Cornelis Hekker around the 1970s, thence by descent to the present owner.&nbsp;</p>"", ""origin_exhibition_lite"": null, ""painter_artist_school"": ""Petrus Camper (1722-1789)"", ""period"": null, ""signature_dating"": ""signed 'P. Camper fc.' (lower right); numbered 'Tab. XVIII.' (upper right)"", ""technique_size"": ""ink on paper, unframed, 42,5x27,5 cm (full sheet: 56x40 cm)"", ""title"": ""Study drawing of an elephant"", ""total"": null, ""weight_size_quality"": null}"
4c2c08c5-a608-48d3-931a-aca119eab3a2,49,26-0135/23,fbef6459-c238-43e4-b7ac-6357713358f6,713,Classic to Modern Art,"Schilderijen, aquarellen en tekeningen I",Sailing boats by the coast,"Attributed to Gerrit Groenewegen (1754-1826), Sailing boats by the coast","<h3>Painter / Artist / School</h3>Attributed to Gerrit Groenewegen (1754-1826)<h3>Technique / Size</h3>grey wash and ink on paper, 31,5x48 cm (34,5x52,5 cm incl. frame)",published,EUR,1000.0,1500.0,800.0,800.0,,1,0,,,True,"Mon, 31 Aug 2026 08:00:00 GMT","Tue, 15 Sep 2026 17:27:00 GMT",https://media.app.artisio.co/media/3fc437c0-fdbb-4208-955a-90293eab416d/inventory/3572a111-4d25-4136-b663-73c3c584acc1/92f9e9c7-21a9-4e72-a4be-d0311b7b1b29/0001_zudTpW_sm.jpeg;https://media.app.artisio.co/media/3fc437c0-fdbb-4208-955a-90293eab416d/inventory/3572a111-4d25-4136-b663-73c3c584acc1/ed9431c6-cfe3-4571-98f3-3ca77a040cb4/0002_ZWcaID_sm.jpeg;https://media.app.artisio.co/media/3fc437c0-fdbb-4208-955a-90293eab416d/inventory/3572a111-4d25-4136-b663-73c3c584acc1/0d6b30b3-2a63-47e6-af0d-077b5817086c/0003_McMWXT_sm.jpeg;https://media.app.artisio.co/media/3fc437c0-fdbb-4208-955a-90293eab416d/inventory/3572a111-4d25-4136-b663-73c3c584acc1/619e1861-f6d1-451b-9163-b1411c7997a6/0004_KJiehN_sm.jpeg,4,"{""artist_retail_right"": false, ""comments"": ""<p>Dumas 05-03:</p><p>De&nbsp;namen van Groenewegen&nbsp;onder de drie tekeningen zijn inderdaad niet op te vatten als signaturen. Die zijn op een later moment door een ander op de&nbsp;opzetbladen&nbsp;aangebracht. Vraag is nu, zijn deze drie inderdaad door Groenewegen? Verwarrend is dat op de verso van een van deze drie 'A.&nbsp;Vermeulen' staat,&nbsp;wat&nbsp;authentiek&nbsp;lijkt. Ik ken echter geen tekeningen met&nbsp;marines door Andries Vermeulen. Omdat onder de naam een Nr. staat, zou het kunnen betekenen dat hij niet de maker maar de eigenaar ervan is geweest (er is overigens geen veilingcatalogus van zijn eventuele collectie bekend).</p><p>Van Groenewegen ken ik eigenlijk geen vergelijkbare, losjes getekende marines, maar een naam van een andere kunstenaar zou ik ook niet weten. Dit drietal dan maar vermelden als toegeschreven aan Gerrit Groenewegen? Ik laat dat graag aan jou over.</p>"", ""condition"": null, ""condition_report"": null, ""dimensions"": null, ""extra_text"": null, ""footnote"": null, ""header"": null, ""internal_reference"": null, ""literature"": null, ""origin_exhibition_lite"": null, ""painter_artist_school"": ""Attributed to Gerrit Groenewegen (1754-1826)"", ""period"": null, ""signature_dating"": null, ""technique_size"": ""grey wash and ink on paper, 31,5x48 cm (34,5x52,5 cm incl. frame)"", ""title"": ""Sailing boats by the coast"", ""total"": null, ""weight_size_quality"": null}"
43dbe3e6-2c67-423c-9371-67ebdea930bc,50,26-0135/21,fbef6459-c238-43e4-b7ac-6357713358f6,713,Classic to Modern Art,"Schilderijen, aquarellen en tekeningen I",Shipping on a choppy sea,"Attributed to Gerrit Groenewegen (1754-1826), Shipping on a choppy sea","<h3>Painter / Artist / School</h3>Attributed to Gerrit Groenewegen (1754-1826)<h3>Technique / Size</h3>pencil, grey wash and brown ink on paper, 13x22,5 cm (24x34 cm incl. frame)<h3>Extra Text</h3><p>On the reverse a sketch of sailboats.</p>",published,EUR,600.0,900.0,500.0,500.0,,1,0,,,True,"Mon, 31 Aug 2026 08:00:00 GMT","Tue, 15 Sep 2026 17:27:00 GMT",https://media.app.artisio.co/media/3fc437c0-fdbb-4208-955a-90293eab416d/inventory/b68e1551-43cf-4ab4-a84b-3118ed0c839c/29ec67d1-e98d-41cc-ae3c-20d86a7bc2a1/0001_FUOkxO_sm.jpeg;https://media.app.artisio.co/media/3fc437c0-fdbb-4208-955a-90293eab416d/inventory/b68e1551-43cf-4ab4-a84b-3118ed0c839c/489ee1b1-62bd-4a37-b5f8-0e86662d1bd1/0002_oxIHCo_sm.jpeg;https://media.app.artisio.co/media/3fc437c0-fdbb-4208-955a-90293eab416d/inventory/b68e1551-43cf-4ab4-a84b-3118ed0c839c/633edcbf-214a-4b47-88ad-05042072d295/0003_ewHqFl_sm.jpeg;https://media.app.artisio.co/media/3fc437c0-fdbb-4208-955a-90293eab416d/inventory/b68e1551-43cf-4ab4-a84b-3118ed0c839c/dd0a8012-2dab-40d9-9b17-e20c1bdc5b64/0004_kIVccR_sm.jpeg,4,"{""artist_retail_right"": false, ""comments"": ""<p>Dumas 05-03:</p><p>De&nbsp;namen van Groenewegen&nbsp;onder de drie tekeningen zijn inderdaad niet op te vatten als signaturen. Die zijn op een later moment door een ander op de&nbsp;opzetbladen&nbsp;aangebracht. Vraag is nu, zijn deze drie inderdaad door Groenewegen? Verwarrend is dat op de verso van een van deze drie 'A.&nbsp;Vermeulen' staat,&nbsp;wat&nbsp;authentiek&nbsp;lijkt. Ik ken echter geen tekeningen met&nbsp;marines door Andries Vermeulen. Omdat onder de naam een Nr. staat, zou het kunnen betekenen dat hij niet de maker maar de eigenaar ervan is geweest (er is overigens geen veilingcatalogus van zijn eventuele collectie bekend).</p><p>Van Groenewegen ken ik eigenlijk geen vergelijkbare, losjes getekende marines, maar een naam van een andere kunstenaar zou ik ook niet weten. Dit drietal dan maar vermelden als toegeschreven aan Gerrit Groenewegen? Ik laat dat graag aan jou over.</p>"", ""condition"": null, ""condition_report"": null, ""dimensions"": null, ""extra_text"": ""<p>On the reverse a sketch of sailboats.</p>"", ""footnote"": null, ""header"": null, ""internal_reference"": null, ""literature"": null, ""origin_exhibition_lite"": null, ""painter_artist_school"": ""Attributed to Gerrit Groenewegen (1754-1826)"", ""period"": null, ""signature_dating"": null, ""technique_size"": ""pencil, grey wash and brown ink on paper, 13x22,5 cm (24x34 cm incl. frame)"", ""title"": ""Shipping on a choppy sea"", ""total"": null, ""weight_size_quality"": null}"
5452d9fa-c123-4828-9ada-877e823721d8,51,26-0135/22,fbef6459-c238-43e4-b7ac-6357713358f6,713,Classic to Modern Art,"Schilderijen, aquarellen en tekeningen I",Ships by a jetty,"Attributed to Gerrit Groenewegen (1754-1826), Ships by a jetty","<h3>Painter / Artist / School</h3>Attributed to Gerrit Groenewegen (1754-1826)<h3>Technique / Size</h3>pencil, grey wash and brown ink on paper, 13,5x22 cm (22x34 cm incl. frame)",published,EUR,700.0,1000.0,600.0,600.0,,1,0,,,True,"Mon, 31 Aug 2026 08:00:00 GMT","Tue, 15 Sep 2026 17:27:00 GMT",https://media.app.artisio.co/media/3fc437c0-fdbb-4208-955a-90293eab416d/inventory/d401981e-870e-46e5-bbe1-86e9101a6703/900bc0b9-1d6d-4e6b-9181-bb6c3d8a9eb1/0001_xQNLLO_sm.jpeg;https://media.app.artisio.co/media/3fc437c0-fdbb-4208-955a-90293eab416d/inventory/d401981e-870e-46e5-bbe1-86e9101a6703/0546717c-70e1-408a-b56d-39572411d715/0002_Kefohy_sm.jpeg;https://media.app.artisio.co/media/3fc437c0-fdbb-4208-955a-90293eab416d/inventory/d401981e-870e-46e5-bbe1-86e9101a6703/8c02df51-00e7-4ac0-b882-940a2ff6e05a/0003_CbmEyC_sm.jpeg;https://media.app.artisio.co/media/3fc437c0-fdbb-4208-955a-90293eab416d/inventory/d401981e-870e-46e5-bbe1-86e9101a6703/7bc76359-78c7-45d5-9f18-9777bb53cdbf/0004_JXPPWO_sm.jpeg,4,"{""artist_retail_right"": false, ""comments"": ""<p>Dumas 05-03:</p><p>De&nbsp;namen van Groenewegen&nbsp;onder de drie tekeningen zijn inderdaad niet op te vatten als signaturen. Die zijn op een later moment door een ander op de&nbsp;opzetbladen&nbsp;aangebracht. Vraag is nu, zijn deze drie inderdaad door Groenewegen? Verwarrend is dat op de verso van een van deze drie 'A.&nbsp;Vermeulen' staat,&nbsp;wat&nbsp;authentiek&nbsp;lijkt. Ik ken echter geen tekeningen met&nbsp;marines door Andries Vermeulen. Omdat onder de naam een Nr. staat, zou het kunnen betekenen dat hij niet de maker maar de eigenaar ervan is geweest (er is overigens geen veilingcatalogus van zijn eventuele collectie bekend).</p><p>Van Groenewegen ken ik eigenlijk geen vergelijkbare, losjes getekende marines, maar een naam van een andere kunstenaar zou ik ook niet weten. Dit drietal dan maar vermelden als toegeschreven aan Gerrit Groenewegen? Ik laat dat graag aan jou over.</p>"", ""condition"": null, ""condition_report"": null, ""dimensions"": null, ""extra_text"": null, ""footnote"": null, ""header"": null, ""internal_reference"": null, ""literature"": null, ""origin_exhibition_lite"": null, ""painter_artist_school"": ""Attributed to Gerrit Groenewegen (1754-1826)"", ""period"": null, ""signature_dating"": null, ""technique_size"": ""pencil, grey wash and brown ink on paper, 13,5x22 cm (22x34 cm incl. frame)"", ""title"": ""Ships by a jetty"", ""total"": null, ""weight_size_quality"": null}"
e7dc6634-fcf9-4cfb-b777-c9ccd8b13e2f,52,26-0246/1,fbef6459-c238-43e4-b7ac-6357713358f6,713,Classic to Modern Art,"Schilderijen, aquarellen en tekeningen I","View on the Friesche Poort, Alkmaar","Dutch School (Second half 17th Century) , View on the Friesche Poort, Alkmaar","<h3>Painter / Artist / School</h3>Dutch School (Second half 17th Century)<h3>Literature</h3><p>Provenance:<br>-Collection B. Lampe, The Hague, 1963.</p><p><br>&nbsp;</p><h3>Technique / Size</h3>brown and washed ink and pencil on paper, 13x18 cm (34,5x39 cm incl. frame)",published,EUR,500.0,700.0,400.0,,,1,0,,,True,"Mon, 31 Aug 2026 08:00:00 GMT","Tue, 15 Sep 2026 17:27:00 GMT",https://media.app.artisio.co/media/3fc437c0-fdbb-4208-955a-90293eab416d/inventory/d876dd11-9e4d-4316-a511-48e9b63dad41/1e5edb11-192f-4b63-9588-643ee58ddf1d/0001_BPvQBo_sm.jpeg;https://media.app.artisio.co/media/3fc437c0-fdbb-4208-955a-90293eab416d/inventory/d876dd11-9e4d-4316-a511-48e9b63dad41/41367018-7369-41a1-89dd-b646c7b87472/0002_rKCSby_sm.jpeg;https://media.app.artisio.co/media/3fc437c0-fdbb-4208-955a-90293eab416d/inventory/d876dd11-9e4d-4316-a511-48e9b63dad41/ab29ff02-f5b2-4992-bd6b-58385555b464/0003_HEhHfz_sm.jpeg,3,"{""artist_retail_right"": false, ""comments"": ""<p>uit lijst gehaald. Werk is aan randen opgeplakt, maar er zit ruimte ertussen in het midden (dus niet helemaal opgeplakt).</p><p>Bekend bij RKD: Vanwege AVG alleen op RKD te bekijken. Naam en adres eign &nbsp;(Segbroeklaan 416H, Den Haag) staat hierop vermeld. Als schilder: Anoniem. Nb er is geen datering aan gegeven.</p><p>Reactie Charles Dumas 12 maart: Is tweede helft 17de eeuw, waarschijnlijk&nbsp;laatste kwart.&nbsp;Heeft iets weg van Josua de Grave, maar is daar toch niet goed genoeg voor, dus dan blijft erover: Anoniem.</p><p>https://rkd.nl/imageslite/4341380 RKD viewer : ook Naame ne Adres vd eigenaar (vader van Mw Lampe) staat vermeld.&nbsp;</p><p>&nbsp;</p><p>Heeft wel waarde, maar niet heel veel.</p><p><br>https://rkd.nl/imageslite/4341380</p>"", ""condition"": ""Inz accoord met veilen"", ""condition_report"": null, ""dimensions"": null, ""extra_text"": null, ""footnote"": null, ""header"": null, ""internal_reference"": null, ""literature"": ""<p>Provenance:<br>-Collection B. Lampe, The Hague, 1963.</p><p><br>&nbsp;</p>"", ""origin_exhibition_lite"": null, ""painter_artist_school"": ""Dutch School (Second half 17th Century) "", ""period"": null, ""signature_dating"": null, ""technique_size"": ""brown and washed ink and pencil on paper, 13x18 cm (34,5x39 cm incl. frame)"", ""title"": ""View on the Friesche Poort, Alkmaar"", ""total"": null, ""weight_size_quality"": null}"
1ef4d313-4d09-4b72-96db-b729c3d57ab7,53,26-0102/1,fbef6459-c238-43e4-b7ac-6357713358f6,713,Classic to Modern Art,"Schilderijen, aquarellen en tekeningen I",River view with some houses and an inn,"Karel la Fargue (1738-1793), after Jan van Goyen, River view with some houses and an inn","<h3>Painter / Artist / School</h3>Karel la Fargue (1738-1793), after Jan van Goyen<h3>Literature</h3><p>Provenance:<br>-With Kunsthandel Koch, Rotterdam (label attached to the reverse).</p><h3>Technique / Size</h3>counterproof (first copy) and black chalk on paper, 13x23 cm (34,4x44 cm incl. frame)<h3>Signature / Dating</h3>annotated 'J van Goyen' (lower right)<h3>Extra Text</h3><p>This is a counterproof (contre-épreuve) of a copy made by Karel la Fargue after a drawing by Jan van Goyen &nbsp;(1596-1656) (sold at: Auction, Sotheby Mak van Waay, Amsterdam, 15 November 1983, lot 245; Beck 1972/73, vol. I, 1972, p. 48, no. 141).&nbsp;</p><p>La Fargue first produced a forged copy after a drawing by Jan van Goyen and subsequently created this counterproof (contre-épreuve), resulting in a reversed image. As was customary in his working method, the transferred impression was reinforced and reworked in black chalk to restore weakened contours and to imitate the appearance of an original seventeenth-century drawing. This drawing is therefore a counterproof of a forgery that itself was copied from a drawing by Jan van Goyen. La Fargue later produced a further counterproof from the present sheet, continuing the sequence of replicas derived from the same composition. Notably, in this first counterproof he omitted the inn sign that appears in the source composition. The drawing forms part of a documented series of counterproofs and reworked replicas associated with La Fargue’s extensive practice of imitating and forging seventeenth-century Dutch landscape drawings.</p><p>To date, 235 forged drawings after seventeenth-century Dutch masters by Karel la Fargue are known; for a general discussion, see Charles Dumas and Michiel Plomp, ‘Karel la Fargue (1738-1793) as a forger of seventeenth-century Dutch drawings’, in Oud Holland 1998, p. 1-23. Of these, at least 29 are forgeries after drawings by Jan van Goyen.</p>",published,EUR,400.0,600.0,300.0,300.0,,1,0,,,True,"Mon, 31 Aug 2026 08:00:00 GMT","Tue, 15 Sep 2026 17:27:00 GMT",https://media.app.artisio.co/media/3fc437c0-fdbb-4208-955a-90293eab416d/inventory/ad910865-296e-42d3-a479-849166c2b6d8/62ff7076-9d80-41bd-9b5b-cdfafbbd416c/0001_QxVske_sm.jpeg;https://media.app.artisio.co/media/3fc437c0-fdbb-4208-955a-90293eab416d/inventory/ad910865-296e-42d3-a479-849166c2b6d8/3af7ffc3-5b41-4e5a-8c16-aecc00ccf57b/0002_rCIwLu_sm.jpeg;https://media.app.artisio.co/media/3fc437c0-fdbb-4208-955a-90293eab416d/inventory/ad910865-296e-42d3-a479-849166c2b6d8/2999110d-341d-42e0-ab5a-c8b66c48b4b7/0003_Jfbgmn_sm.jpeg;https://media.app.artisio.co/media/3fc437c0-fdbb-4208-955a-90293eab416d/inventory/ad910865-296e-42d3-a479-849166c2b6d8/b5873b9c-4e2f-412f-9c92-d2985fc663ad/0004_bJUqfw_sm.jpeg,4,"{""artist_retail_right"": false, ""comments"": null, ""condition"": null, ""condition_report"": null, ""dimensions"": null, ""extra_text"": ""<p>This is a counterproof (contre-épreuve) of a copy made by Karel la Fargue after a drawing by Jan van Goyen &nbsp;(1596-1656) (sold at: Auction, Sotheby Mak van Waay, Amsterdam, 15 November 1983, lot 245; Beck 1972/73, vol. I, 1972, p. 48, no. 141).&nbsp;</p><p>La Fargue first produced a forged copy after a drawing by Jan van Goyen and subsequently created this counterproof (contre-épreuve), resulting in a reversed image. As was customary in his working method, the transferred impression was reinforced and reworked in black chalk to restore weakened contours and to imitate the appearance of an original seventeenth-century drawing. This drawing is therefore a counterproof of a forgery that itself was copied from a drawing by Jan van Goyen. La Fargue later produced a further counterproof from the present sheet, continuing the sequence of replicas derived from the same composition. Notably, in this first counterproof he omitted the inn sign that appears in the source composition. The drawing forms part of a documented series of counterproofs and reworked replicas associated with La Fargue’s extensive practice of imitating and forging seventeenth-century Dutch landscape drawings.</p><p>To date, 235 forged drawings after seventeenth-century Dutch masters by Karel la Fargue are known; for a general discussion, see Charles Dumas and Michiel Plomp, ‘Karel la Fargue (1738-1793) as a forger of seventeenth-century Dutch drawings’, in Oud Holland 1998, p. 1-23. Of these, at least 29 are forgeries after drawings by Jan van Goyen.</p>"", ""footnote"": null, ""header"": null, ""internal_reference"": null, ""literature"": ""<p>Provenance:<br>-With Kunsthandel Koch, Rotterdam (label attached to the reverse).</p>"", ""origin_exhibition_lite"": null, ""painter_artist_school"": ""Karel la Fargue (1738-1793), after Jan van Goyen"", ""period"": null, ""signature_dating"": ""annotated 'J van Goyen' (lower right)"", ""technique_size"": ""counterproof (first copy) and black chalk on paper, 13x23 cm (34,4x44 cm incl. frame)"", ""title"": ""River view with some houses and an inn"", ""total"": null, ""weight_size_quality"": null}"
f7027557-5208-4e7c-86eb-e3404e6ef5b0,54,26-0348/1,fbef6459-c238-43e4-b7ac-6357713358f6,713,Classic to Modern Art,"Schilderijen, aquarellen en tekeningen I",Joshua’s farewell speech to the people of Israel,"Jan Luyken (1649-1712) , Joshua’s farewell speech to the people of Israel","<h3>Painter / Artist / School</h3>Jan Luyken (1649-1712)<h3>Technique / Size</h3>pen and ink on paper, 11x15,5 cm (44,5x35,5 cm incl. frame)<h3>Signature / Dating</h3>annotated 'Josu.24.' (upper right)",published,EUR,500.0,700.0,400.0,,,1,0,,,True,"Mon, 31 Aug 2026 08:00:00 GMT","Tue, 15 Sep 2026 17:27:00 GMT",https://media.app.artisio.co/media/3fc437c0-fdbb-4208-955a-90293eab416d/inventory/8fa6f66f-e51d-4fd6-8d42-338ef16804e2/6f453618-5811-472c-8e09-21674bfe04a3/0001_DQkhoc_sm.jpeg;https://media.app.artisio.co/media/3fc437c0-fdbb-4208-955a-90293eab416d/inventory/8fa6f66f-e51d-4fd6-8d42-338ef16804e2/0728b420-6bc5-4013-9c7f-efd11105acb8/0002_BkEldt_sm.jpeg;https://media.app.artisio.co/media/3fc437c0-fdbb-4208-955a-90293eab416d/inventory/8fa6f66f-e51d-4fd6-8d42-338ef16804e2/ce1e06dd-5334-41dd-8dbe-fca2bdf44038/0003_aVCfhj_sm.jpeg;https://media.app.artisio.co/media/3fc437c0-fdbb-4208-955a-90293eab416d/inventory/8fa6f66f-e51d-4fd6-8d42-338ef16804e2/84e10fd8-cbab-48d5-956e-2b94ad5e2207/0004_NXDXvp_sm.jpeg,4,"{""artist_retail_right"": false, ""comments"": null, ""condition"": ""Mogelijk alleen op de hoeken geplakt."", ""condition_report"": null, ""dimensions"": null, ""extra_text"": null, ""footnote"": null, ""header"": null, ""internal_reference"": null, ""literature"": null, ""origin_exhibition_lite"": null, ""painter_artist_school"": ""Jan Luyken (1649-1712) "", ""period"": null, ""signature_dating"": ""annotated 'Josu.24.' (upper right)"", ""technique_size"": ""pen and ink on paper, 11x15,5 cm (44,5x35,5 cm incl. frame)"", ""title"": ""Joshua’s farewell speech to the people of Israel"", ""total"": null, ""weight_size_quality"": null}"
2f0dcd87-b19c-46fe-9e22-bc6b6c92f8b8,55,26-0267/2,fbef6459-c238-43e4-b7ac-6357713358f6,713,Classic to Modern Art,"Schilderijen, aquarellen en tekeningen I",Sermon of Saint John the Baptist,"Follower of Abraham Bloemaert (17th Century), Sermon of Saint John the Baptist","<h3>Painter / Artist / School</h3>Follower of Abraham Bloemaert (17th Century)<h3>Literature</h3><p>Provenance:<br>-Auction, A.J. van Huffel, Utrecht, 2/4 August 1944, lot 227, as: ‘S. Scorza/Italiaanse School/Manier van A. Bloemaert’.&nbsp;</p><h3>Technique / Size</h3>brown pen on paper, unframed, 19x33 cm<h3>Extra Text</h3><p>(Lucas 3:1-15)</p>",published,EUR,500.0,700.0,300.0,300.0,,1,0,,,True,"Mon, 31 Aug 2026 08:00:00 GMT","Tue, 15 Sep 2026 17:30:00 GMT",https://media.app.artisio.co/media/3fc437c0-fdbb-4208-955a-90293eab416d/inventory/d0e408d5-e44c-4de7-a63a-45b40cb70462/e7cf7db6-31e2-4f1c-b023-ac8c091a3f60/0001_wIQUXX_sm.jpeg;https://media.app.artisio.co/media/3fc437c0-fdbb-4208-955a-90293eab416d/inventory/d0e408d5-e44c-4de7-a63a-45b40cb70462/541cbaef-92f5-4d5d-80df-097d3b8708e4/0002_SMBAKx_sm.jpeg;https://media.app.artisio.co/media/3fc437c0-fdbb-4208-955a-90293eab416d/inventory/d0e408d5-e44c-4de7-a63a-45b40cb70462/f7e8ac61-48d7-4eaa-85ab-7474cee2d5e8/0003_xtuBxU_sm.jpeg,3,"{""artist_retail_right"": false, ""comments"": ""<p>Dumas 05-03:</p><p>de prediking van Johannes de Doper (Lucas 3:1-15). De compositie is inderdaad in de trant van Bloemaert, maar de uitvoering niet. Dus navolger van Abraham Bloemaert. Vgl.&nbsp;</p><p><br><a href=\""https://eur03.safelinks.protection.outlook.com/?url=https%3A%2F%2Frkd.nl%2Fimages%2F39046&data=05%7C02%7Cd.heyselbergs%40venduehuis.com%7Cac0c0b50ce6a40b2bcd008de7abaf1cd%7C5a2116df2931483fa499ce69f6170168%7C0%7C0%7C639083140553100314%7CUnknown%7CTWFpbGZsb3d8eyJFbXB0eU1hcGkiOnRydWUsIlYiOiIwLjAuMDAwMCIsIlAiOiJXaW4zMiIsIkFOIjoiTWFpbCIsIldUIjoyfQ%3D%3D%7C0%7C%7C%7C&sdata=Bb6u2FIqocy3RjGE7mP8qKyvFMOTP0iwZ6AMA82sGu8%3D&reserved=0\"">https://rkd.nl/images/39046</a></p><p><a href=\""https://rkd.nl/imageslite/1705901\"">https://rkd.nl/imageslite/1705901</a></p>"", ""condition"": null, ""condition_report"": null, ""dimensions"": null, ""extra_text"": ""<p>(Lucas 3:1-15)</p>"", ""footnote"": null, ""header"": null, ""internal_reference"": null, ""literature"": ""<p>Provenance:<br>-Auction, A.J. van Huffel, Utrecht, 2/4 August 1944, lot 227, as: ‘S. Scorza/Italiaanse School/Manier van A. Bloemaert’.&nbsp;</p>"", ""origin_exhibition_lite"": null, ""painter_artist_school"": ""Follower of Abraham Bloemaert (17th Century)"", ""period"": null, ""signature_dating"": null, ""technique_size"": ""brown pen on paper, unframed, 19x33 cm"", ""title"": ""Sermon of Saint John the Baptist"", ""total"": null, ""weight_size_quality"": null}"
dfaf07a0-3f34-419c-9fea-5773d4019816,56,26-0267/1,fbef6459-c238-43e4-b7ac-6357713358f6,713,Classic to Modern Art,"Schilderijen, aquarellen en tekeningen I",Study of four children's heads,"Circle of Abraham Bloemaert (1566-1651), Study of four children's heads","<h3>Painter / Artist / School</h3>Circle of Abraham Bloemaert (1566-1651)<h3>Technique / Size</h3>black chalk on paper, unframed, 24x35 cm",published,EUR,400.0,600.0,300.0,300.0,800.0,1,0,,,True,"Mon, 31 Aug 2026 08:00:00 GMT","Tue, 15 Sep 2026 17:30:00 GMT",https://media.app.artisio.co/media/3fc437c0-fdbb-4208-955a-90293eab416d/inventory/8efe706a-d14a-4026-973e-6ca7fdc91b08/f6934f4b-ce2b-496b-830f-ffd615c49a44/0001_BzomCi_sm.jpeg;https://media.app.artisio.co/media/3fc437c0-fdbb-4208-955a-90293eab416d/inventory/8efe706a-d14a-4026-973e-6ca7fdc91b08/a841716a-eefa-48f1-8c41-72b2a8ac365a/0002_ZZmvoX_sm.jpeg;https://media.app.artisio.co/media/3fc437c0-fdbb-4208-955a-90293eab416d/inventory/8efe706a-d14a-4026-973e-6ca7fdc91b08/f94ac958-33a1-422a-9086-c160735997fc/0003_zMjFzE_sm.jpeg,3,"{""artist_retail_right"": false, ""comments"": ""<p>DUMAS 05-03:</p><p>Kinderkopjes: niet slecht! M.i.&nbsp;omgeving Abraham Bloemaert; zie bv.&nbsp; <a href=\""https://eur03.safelinks.protection.outlook.com/?url=https%3A%2F%2Frkd.nl%2Fimages%2F213234&data=05%7C02%7Cd.heyselbergs%40venduehuis.com%7Cac0c0b50ce6a40b2bcd008de7abaf1cd%7C5a2116df2931483fa499ce69f6170168%7C0%7C0%7C639083140553119644%7CUnknown%7CTWFpbGZsb3d8eyJFbXB0eU1hcGkiOnRydWUsIlYiOiIwLjAuMDAwMCIsIlAiOiJXaW4zMiIsIkFOIjoiTWFpbCIsIldUIjoyfQ%3D%3D%7C0%7C%7C%7C&sdata=1bpSyGRKm7xkTj%2BeeYsXoAsyjN40B%2BWgWWSUm6gBofA%3D&reserved=0\"">https://rkd.nl/images/213234</a>. Maar in J. Bolten, Bloemaert&nbsp;The Drawings, 2007, meer voorbeelden, die er dichter bij staan.&nbsp;</p>"", ""condition"": null, ""condition_report"": null, ""dimensions"": null, ""extra_text"": null, ""footnote"": null, ""header"": null, ""internal_reference"": null, ""literature"": null, ""origin_exhibition_lite"": null, ""painter_artist_school"": ""Circle of Abraham Bloemaert (1566-1651)"", ""period"": null, ""signature_dating"": null, ""technique_size"": ""black chalk on paper, unframed, 24x35 cm"", ""title"": ""Study of four children's heads"", ""total"": null, ""weight_size_quality"": null}"
cac9732b-3ee2-4fc2-94d4-e24f24e2339f,57,26-0477/5,fbef6459-c238-43e4-b7ac-6357713358f6,713,Classic to Modern Art,"Schilderijen, aquarellen en tekeningen I",River landscapes (2),"Nicolaas Wicart (1748-1815), River landscapes (2)","<h3>Painter / Artist / School</h3>Nicolaas Wicart (1748-1815)<h3>Literature</h3><p>Provenance:<br>-Auction, Glerum, The Hague, 13 November 1996, lot 350.&nbsp;</p><h3>Technique / Size</h3>both ink and watercolour on paper, 44,5x60 cm (64x79,5 cm incl. frame)",published,EUR,600.0,800.0,400.0,,,1,0,,,True,"Mon, 31 Aug 2026 08:00:00 GMT","Tue, 15 Sep 2026 17:30:00 GMT",https://media.app.artisio.co/media/3fc437c0-fdbb-4208-955a-90293eab416d/inventory/f064056f-6e99-4be9-915d-33791d931361/4115466f-24da-4d7e-b1ae-bb2debdf503c/0001_UnvmYp_sm.jpeg;https://media.app.artisio.co/media/3fc437c0-fdbb-4208-955a-90293eab416d/inventory/f064056f-6e99-4be9-915d-33791d931361/4bd0029b-0c1e-4a79-a3a8-3dfe6770e561/0002_FyMigz_sm.jpeg;https://media.app.artisio.co/media/3fc437c0-fdbb-4208-955a-90293eab416d/inventory/f064056f-6e99-4be9-915d-33791d931361/202e06a5-9515-4800-a7dc-ac830da2df55/0003_VundXM_sm.jpeg;https://media.app.artisio.co/media/3fc437c0-fdbb-4208-955a-90293eab416d/inventory/f064056f-6e99-4be9-915d-33791d931361/8a74cc2d-9465-4801-be72-03a5c8c7ca97/0004_HMtfFT_sm.jpeg;https://media.app.artisio.co/media/3fc437c0-fdbb-4208-955a-90293eab416d/inventory/f064056f-6e99-4be9-915d-33791d931361/af5cd546-6e9d-4687-a183-69680ae1c2d7/0005_GlwefL_sm.jpeg,5,"{""artist_retail_right"": false, ""comments"": null, ""condition"": null, ""condition_report"": null, ""dimensions"": null, ""extra_text"": null, ""footnote"": null, ""header"": null, ""internal_reference"": null, ""literature"": ""<p>Provenance:<br>-Auction, Glerum, The Hague, 13 November 1996, lot 350.&nbsp;</p>"", ""origin_exhibition_lite"": null, ""painter_artist_school"": ""Nicolaas Wicart (1748-1815)"", ""period"": null, ""signature_dating"": null, ""technique_size"": ""both ink and watercolour on paper, 44,5x60 cm (64x79,5 cm incl. frame)"", ""title"": ""River landscapes (2)"", ""total"": null, ""weight_size_quality"": null}"
75d552a8-5a59-4758-a059-1ebbba2703c5,58,26-0200/1,fbef6459-c238-43e4-b7ac-6357713358f6,713,Classic to Modern Art,"Schilderijen, aquarellen en tekeningen I",Small talk at the door in a village,"Johannes Christiaan Janson (1763-1823), Small talk at the door in a village","<h3>Painter / Artist / School</h3>Johannes Christiaan Janson (1763-1823)<h3>Technique / Size</h3>watercolour, gouache and pencil on paper, 43,5x37,5 cm (49,5x43,5 cm incl. frame)<h3>Signature / Dating</h3>signed 'J.C. Janson' (lower right)",published,EUR,400.0,600.0,300.0,300.0,,1,0,,,True,"Mon, 31 Aug 2026 08:00:00 GMT","Tue, 15 Sep 2026 17:30:00 GMT",https://media.app.artisio.co/media/3fc437c0-fdbb-4208-955a-90293eab416d/inventory/062d70cf-22d2-4598-bf8c-b9f6adef7684/58f25821-7283-463a-9473-925f6a4319dc/0001_ernZgZ_sm.jpeg;https://media.app.artisio.co/media/3fc437c0-fdbb-4208-955a-90293eab416d/inventory/062d70cf-22d2-4598-bf8c-b9f6adef7684/96c37d70-0630-4e0f-b5d8-c686f90c7aae/0002_MlhcUv_sm.jpeg;https://media.app.artisio.co/media/3fc437c0-fdbb-4208-955a-90293eab416d/inventory/062d70cf-22d2-4598-bf8c-b9f6adef7684/8e279148-ebe4-438d-b41d-bd6f39743733/0003_OALiEh_sm.jpeg;https://media.app.artisio.co/media/3fc437c0-fdbb-4208-955a-90293eab416d/inventory/062d70cf-22d2-4598-bf8c-b9f6adef7684/d79e557a-42b3-4d36-86f4-7e5c5bb59857/0004_ovlxCN_sm.jpeg,4,"{""artist_retail_right"": false, ""comments"": null, ""condition"": null, ""condition_report"": null, ""dimensions"": null, ""extra_text"": null, ""footnote"": null, ""header"": null, ""internal_reference"": null, ""literature"": null, ""origin_exhibition_lite"": null, ""painter_artist_school"": ""Johannes Christiaan Janson (1763-1823)"", ""period"": null, ""signature_dating"": ""signed 'J.C. Janson' (lower right)"", ""technique_size"": ""watercolour, gouache and pencil on paper, 43,5x37,5 cm (49,5x43,5 cm incl. frame)"", ""title"": ""Small talk at the door in a village"", ""total"": null, ""weight_size_quality"": null}"
af3c974f-b603-46cd-a8a7-a58f90615287,59,26-0459/42,fbef6459-c238-43e4-b7ac-6357713358f6,713,Classic to Modern Art,"Schilderijen, aquarellen en tekeningen I",Mountain village in a snow-covered valley,"Janez Sedej (Slovenian, 1910-1985), Mountain village in a snow-covered valley","<h3>Painter / Artist / School</h3>Janez Sedej (Slovenian, 1910-1985)<h3>Technique / Size</h3>oil on panel, 42x58,5 cm (54x70,5 cm incl. frame)<h3>Signature / Dating</h3>signed and dated  'Sedej Janez 1979.' (lower left)",published,EUR,400.0,600.0,200.0,,,1,1,200.0,200.0,True,"Mon, 31 Aug 2026 08:00:00 GMT","Tue, 15 Sep 2026 17:30:00 GMT",https://media.app.artisio.co/media/3fc437c0-fdbb-4208-955a-90293eab416d/inventory/bd1819dc-1c23-4cac-8b24-b357e601a982/39d467f4-2629-4355-8e3d-f5ab2f4cc0bf/0001_UwMimP_sm.jpeg;https://media.app.artisio.co/media/3fc437c0-fdbb-4208-955a-90293eab416d/inventory/bd1819dc-1c23-4cac-8b24-b357e601a982/6f090c26-529f-4dec-95bc-fcb1bbaed60e/0002_gGcUQv_sm.jpeg;https://media.app.artisio.co/media/3fc437c0-fdbb-4208-955a-90293eab416d/inventory/bd1819dc-1c23-4cac-8b24-b357e601a982/834b33ba-2d96-4fc7-8fa6-00e814d8944d/0003_XPqViD_sm.jpeg;https://media.app.artisio.co/media/3fc437c0-fdbb-4208-955a-90293eab416d/inventory/bd1819dc-1c23-4cac-8b24-b357e601a982/6a9a150e-b34c-4620-861b-05354c6d9740/0004_caBJTf_sm.jpeg,4,"{""artist_retail_right"": true, ""comments"": null, ""condition"": null, ""condition_report"": null, ""dimensions"": null, ""extra_text"": null, ""footnote"": null, ""header"": null, ""internal_reference"": null, ""literature"": null, ""origin_exhibition_lite"": null, ""painter_artist_school"": ""Janez Sedej (Slovenian, 1910-1985)"", ""period"": null, ""signature_dating"": ""signed and dated  'Sedej Janez 1979.' (lower left)"", ""technique_size"": ""oil on panel, 42x58,5 cm (54x70,5 cm incl. frame)"", ""title"": ""Mountain village in a snow-covered valley"", ""total"": null, ""weight_size_quality"": null}"
f9db05ef-25b9-46c2-b48c-c33dfaf90431,60,26-0459/40,fbef6459-c238-43e4-b7ac-6357713358f6,713,Classic to Modern Art,"Schilderijen, aquarellen en tekeningen I",Village in a winter landscape,"Janez Sedej (Slovenian, 1910-1985), Village in a winter landscape","<h3>Painter / Artist / School</h3>Janez Sedej (Slovenian, 1910-1985)<h3>Technique / Size</h3>oil on panel, 43,5x58,5 cm (54x65 cm incl. frame)<h3>Signature / Dating</h3>signed and dated 'Sedej Janez 1978' (lower right)",published,EUR,500.0,800.0,300.0,300.0,,1,3,350.0,350.0,True,"Mon, 31 Aug 2026 08:00:00 GMT","Tue, 15 Sep 2026 17:30:00 GMT",https://media.app.artisio.co/media/3fc437c0-fdbb-4208-955a-90293eab416d/inventory/4e0f959a-2089-4fdf-bdc5-141c64837d16/ab195375-a341-46ef-9c76-13e8c032b31b/0001_GHKoSz_sm.jpeg;https://media.app.artisio.co/media/3fc437c0-fdbb-4208-955a-90293eab416d/inventory/4e0f959a-2089-4fdf-bdc5-141c64837d16/a2547b52-33e0-4242-bc37-5529632abcea/0002_UKRVbS_sm.jpeg;https://media.app.artisio.co/media/3fc437c0-fdbb-4208-955a-90293eab416d/inventory/4e0f959a-2089-4fdf-bdc5-141c64837d16/958faf3e-2b91-4ce5-b84f-4c8edc868ff2/0003_ihMaTf_sm.jpeg;https://media.app.artisio.co/media/3fc437c0-fdbb-4208-955a-90293eab416d/inventory/4e0f959a-2089-4fdf-bdc5-141c64837d16/1f791abe-3c91-4287-9009-99cc7c74e443/0004_ALQJSx_sm.jpeg,4,"{""artist_retail_right"": true, ""comments"": null, ""condition"": null, ""condition_report"": null, ""dimensions"": null, ""extra_text"": null, ""footnote"": null, ""header"": null, ""internal_reference"": null, ""literature"": null, ""origin_exhibition_lite"": null, ""painter_artist_school"": ""Janez Sedej (Slovenian, 1910-1985)"", ""period"": null, ""signature_dating"": ""signed and dated 'Sedej Janez 1978' (lower right)"", ""technique_size"": ""oil on panel, 43,5x58,5 cm (54x65 cm incl. frame)"", ""title"": ""Village in a winter landscape"", ""total"": null, ""weight_size_quality"": null}"
c0a867c9-55af-4c22-b201-ec71616dd37d,61,26-0459/44,fbef6459-c238-43e4-b7ac-6357713358f6,713,Classic to Modern Art,"Schilderijen, aquarellen en tekeningen I",Houses and bare trees in the snow ,"Janez Sedej (Slovenian, 1910-1985), Houses and bare trees in the snow ","<h3>Painter / Artist / School</h3>Janez Sedej (Slovenian, 1910-1985)<h3>Technique / Size</h3>oil on panel, 44,5x58,5 cm (55x69 cm incl. frame)<h3>Signature / Dating</h3>signed and dated 'Sedej Janez 1973' (lower right)",published,EUR,500.0,700.0,300.0,,,1,3,350.0,350.0,True,"Mon, 31 Aug 2026 08:00:00 GMT","Tue, 15 Sep 2026 17:33:00 GMT",https://media.app.artisio.co/media/3fc437c0-fdbb-4208-955a-90293eab416d/inventory/8444fde7-1bb3-4a64-92e6-a42f3cd2aa7d/3f223c34-d8a1-4701-b98a-dfa7a7262729/00003_ViaqCp_sm.jpeg;https://media.app.artisio.co/media/3fc437c0-fdbb-4208-955a-90293eab416d/inventory/8444fde7-1bb3-4a64-92e6-a42f3cd2aa7d/fb5912a5-e91d-4740-b7c5-1048066c6fa4/00003a_FWWCSb_sm.jpeg;https://media.app.artisio.co/media/3fc437c0-fdbb-4208-955a-90293eab416d/inventory/8444fde7-1bb3-4a64-92e6-a42f3cd2aa7d/630d643e-2aa3-4801-bfe4-2df267eb1d68/00003b_VFKHkg_sm.jpeg;https://media.app.artisio.co/media/3fc437c0-fdbb-4208-955a-90293eab416d/inventory/8444fde7-1bb3-4a64-92e6-a42f3cd2aa7d/aba20052-7117-495c-817f-48efb4a4b3af/0001_hTGIjX_sm.jpeg,4,"{""artist_retail_right"": true, ""comments"": null, ""condition"": null, ""condition_report"": null, ""dimensions"": null, ""extra_text"": null, ""footnote"": null, ""header"": null, ""internal_reference"": null, ""literature"": null, ""origin_exhibition_lite"": null, ""painter_artist_school"": ""Janez Sedej (Slovenian, 1910-1985)"", ""period"": null, ""signature_dating"": ""signed and dated 'Sedej Janez 1973' (lower right)"", ""technique_size"": ""oil on panel, 44,5x58,5 cm (55x69 cm incl. frame)"", ""title"": ""Houses and bare trees in the snow "", ""total"": null, ""weight_size_quality"": null}"
cb4a836f-c3c1-460d-a049-d9a7ef93d26d,62,26-0459/46,fbef6459-c238-43e4-b7ac-6357713358f6,713,Classic to Modern Art,"Schilderijen, aquarellen en tekeningen I",In the old worker's homes of Łódź,"Barbara Szajdzińska-Krawczyk (Polish, 1925-2005), In the old worker's homes of Łódź","<h3>Painter / Artist / School</h3>Barbara Szajdzińska-Krawczyk (Polish, 1925-2005)<h3>Literature</h3><p>Exhibited:<br>-'Expoisition de la peinture réaliste engagée' (according to a label attached to the reverse). &nbsp;</p><h3>Technique / Size</h3>oil on canvas, unframed, 75,5x77 cm<h3>Signature / Dating</h3>signed and dated 'Szajdzińska 64.' (lower right); signed again and annotated (on the reverse)",published,EUR,400.0,600.0,200.0,,,1,0,,,True,"Mon, 31 Aug 2026 08:00:00 GMT","Tue, 15 Sep 2026 17:33:00 GMT",https://media.app.artisio.co/media/3fc437c0-fdbb-4208-955a-90293eab416d/inventory/1c38a43e-648b-409c-b027-4980ed33c2db/181ee1e8-f115-4ce4-8406-b9e562fddc1a/0001_kMhfSu_sm.jpeg;https://media.app.artisio.co/media/3fc437c0-fdbb-4208-955a-90293eab416d/inventory/1c38a43e-648b-409c-b027-4980ed33c2db/45d63469-3ac8-4c01-bdae-7d78aeb00725/0002_KDKRKg_sm.jpeg;https://media.app.artisio.co/media/3fc437c0-fdbb-4208-955a-90293eab416d/inventory/1c38a43e-648b-409c-b027-4980ed33c2db/24e4780c-438b-4db8-80e1-b77cf467f139/0003_RhPHbP_sm.jpeg;https://media.app.artisio.co/media/3fc437c0-fdbb-4208-955a-90293eab416d/inventory/1c38a43e-648b-409c-b027-4980ed33c2db/cd1a7a22-36de-4212-a0ab-4a37defa6f0e/0004_YqumlU_sm.jpeg;https://media.app.artisio.co/media/3fc437c0-fdbb-4208-955a-90293eab416d/inventory/1c38a43e-648b-409c-b027-4980ed33c2db/cb921f68-f12b-467a-a757-b49ebfdd9ca9/0005_ZrKidX_sm.jpeg,5,"{""artist_retail_right"": true, ""comments"": null, ""condition"": null, ""condition_report"": null, ""dimensions"": null, ""extra_text"": null, ""footnote"": null, ""header"": null, ""internal_reference"": null, ""literature"": ""<p>Exhibited:<br>-'Expoisition de la peinture réaliste engagée' (according to a label attached to the reverse). &nbsp;</p>"", ""origin_exhibition_lite"": null, ""painter_artist_school"": ""Barbara Szajdzińska-Krawczyk (Polish, 1925-2005)"", ""period"": null, ""signature_dating"": ""signed and dated 'Szajdzińska 64.' (lower right); signed again and annotated (on the reverse)"", ""technique_size"": ""oil on canvas, unframed, 75,5x77 cm "", ""title"": ""In the old worker's homes of Łódź"", ""total"": null, ""weight_size_quality"": null}"
73a77391-fc9a-4205-9de9-0801f0a3d4ab,63,26-0459/39,fbef6459-c238-43e4-b7ac-6357713358f6,713,Classic to Modern Art,"Schilderijen, aquarellen en tekeningen I",'Kuglarze na łódzkich przedmiesciach' / 'Jugglers in the suburbs of Łódź',"Barbara Szajdzińska-Krawczyk (Polish, 1925-2005), 'Kuglarze na łódzkich przedmiesciach' / 'Jugglers in the suburbs of Łódź'","<h3>Painter / Artist / School</h3>Barbara Szajdzińska-Krawczyk (Polish, 1925-2005)<h3>Technique / Size</h3>oil on canvas, 74,5x68 cm (83x76 cm incl. frame)<h3>Signature / Dating</h3>signed and dated 'Szajdzińska 63.' (lower right); titled, signed and dated again (on the reverse)",published,EUR,300.0,500.0,100.0,100.0,,1,0,,,True,"Mon, 31 Aug 2026 08:00:00 GMT","Tue, 15 Sep 2026 17:33:00 GMT",https://media.app.artisio.co/media/3fc437c0-fdbb-4208-955a-90293eab416d/inventory/25917990-2ae7-4f0a-9161-8c3b7de2b9d6/07d6fab3-4d00-431e-94b8-ebcf14ad6edb/0001_yZpNXk_sm.jpeg;https://media.app.artisio.co/media/3fc437c0-fdbb-4208-955a-90293eab416d/inventory/25917990-2ae7-4f0a-9161-8c3b7de2b9d6/68b269fb-a350-49d0-80c8-bebd3af56786/0002_Kkechj_sm.jpeg;https://media.app.artisio.co/media/3fc437c0-fdbb-4208-955a-90293eab416d/inventory/25917990-2ae7-4f0a-9161-8c3b7de2b9d6/2ca376b7-7404-49fc-bfe1-abcbbf4f2fb5/0003_lEGEon_sm.jpeg;https://media.app.artisio.co/media/3fc437c0-fdbb-4208-955a-90293eab416d/inventory/25917990-2ae7-4f0a-9161-8c3b7de2b9d6/249b6101-ff20-466b-b32b-036255a68c8e/0004_LIjCXm_sm.jpeg;https://media.app.artisio.co/media/3fc437c0-fdbb-4208-955a-90293eab416d/inventory/25917990-2ae7-4f0a-9161-8c3b7de2b9d6/e6fbe440-735e-4108-9e32-2e8dcac8f227/0005_OudFCa_sm.jpeg,5,"{""artist_retail_right"": true, ""comments"": ""<p>titel Engels: jugglers in the suburbs of Łódź</p>"", ""condition"": null, ""condition_report"": null, ""dimensions"": null, ""extra_text"": null, ""footnote"": null, ""header"": null, ""internal_reference"": null, ""literature"": null, ""origin_exhibition_lite"": null, ""painter_artist_school"": ""Barbara Szajdzińska-Krawczyk (Polish, 1925-2005)"", ""period"": null, ""signature_dating"": ""signed and dated 'Szajdzińska 63.' (lower right); titled, signed and dated again (on the reverse)"", ""technique_size"": ""oil on canvas, 74,5x68 cm (83x76 cm incl. frame)"", ""title"": ""'Kuglarze na łódzkich przedmiesciach' / 'Jugglers in the suburbs of Łódź'"", ""total"": null, ""weight_size_quality"": null}"
fb760ee6-afdc-4e4d-abd0-0f7b7f998f5e,64,26-0459/45,fbef6459-c238-43e4-b7ac-6357713358f6,713,Classic to Modern Art,"Schilderijen, aquarellen en tekeningen I",Three figures on a snowy village path,"Dragan Gaži (Croatian, 1930-1983), Three figures on a snowy village path","<h3>Painter / Artist / School</h3>Dragan Gaži (Croatian, 1930-1983)<h3>Technique / Size</h3>oil on glass, 38,5x48,5 cm (51x61 cm incl. frame)<h3>Signature / Dating</h3>signed and dated 'Dragan Gaži 1979.' (lower right)",published,EUR,500.0,800.0,300.0,,,1,2,325.0,325.0,True,"Mon, 31 Aug 2026 08:00:00 GMT","Tue, 15 Sep 2026 17:33:00 GMT",https://media.app.artisio.co/media/3fc437c0-fdbb-4208-955a-90293eab416d/inventory/b2a856f4-22e9-4726-a993-c2b6ec33d73b/4fa18817-9664-4d1a-aab4-722b9a61f00e/0001_BysNvL_sm.jpeg;https://media.app.artisio.co/media/3fc437c0-fdbb-4208-955a-90293eab416d/inventory/b2a856f4-22e9-4726-a993-c2b6ec33d73b/4637f85e-82e5-463d-9656-77b5657a3e69/0002_RPYgRE_sm.jpeg;https://media.app.artisio.co/media/3fc437c0-fdbb-4208-955a-90293eab416d/inventory/b2a856f4-22e9-4726-a993-c2b6ec33d73b/8485dad3-d0f6-4906-bfb0-fc268a679dac/0003_NdYgUs_sm.jpeg;https://media.app.artisio.co/media/3fc437c0-fdbb-4208-955a-90293eab416d/inventory/b2a856f4-22e9-4726-a993-c2b6ec33d73b/9bf10ba7-67f2-48bc-b250-660c5720a9a2/0004_RQsrhh_sm.jpeg,4,"{""artist_retail_right"": true, ""comments"": null, ""condition"": null, ""condition_report"": null, ""dimensions"": null, ""extra_text"": null, ""footnote"": null, ""header"": null, ""internal_reference"": null, ""literature"": null, ""origin_exhibition_lite"": null, ""painter_artist_school"": ""Dragan Gaži (Croatian, 1930-1983)"", ""period"": null, ""signature_dating"": ""signed and dated 'Dragan Gaži 1979.' (lower right)"", ""technique_size"": ""oil on glass, 38,5x48,5 cm (51x61 cm incl. frame)"", ""title"": ""Three figures on a snowy village path"", ""total"": null, ""weight_size_quality"": null}"
046443f5-06a4-4bdd-bbe8-e9e60073db47,65,26-0155/14,fbef6459-c238-43e4-b7ac-6357713358f6,713,Classic to Modern Art,"Schilderijen, aquarellen en tekeningen I",Skating figures in a wintry Dutch village,"Jaap ter Haar (1923-1998), Skating figures in a wintry Dutch village","<h3>Painter / Artist / School</h3>Jaap ter Haar (1923-1998)<h3>Technique / Size</h3>oil on canvas, 35,5x45,5 cm (49x59 cm incl. frame)<h3>Signature / Dating</h3>signed 'Jaap ter Haar' (lower right)",published,EUR,700.0,1000.0,700.0,,,1,0,,,True,"Mon, 31 Aug 2026 08:00:00 GMT","Tue, 15 Sep 2026 17:33:00 GMT",https://media.app.artisio.co/media/3fc437c0-fdbb-4208-955a-90293eab416d/inventory/8933d4d0-204a-4246-9044-022900af2f10/666beda9-0e37-4e3d-bccf-38ee94cab9fb/0001_ezxuMw_sm.jpeg;https://media.app.artisio.co/media/3fc437c0-fdbb-4208-955a-90293eab416d/inventory/8933d4d0-204a-4246-9044-022900af2f10/9a74f5c6-2e36-4865-939c-1c38749405f9/0002_ilVHRU_sm.jpeg;https://media.app.artisio.co/media/3fc437c0-fdbb-4208-955a-90293eab416d/inventory/8933d4d0-204a-4246-9044-022900af2f10/1d94f22a-9ec3-4a42-bd02-0762ddf7d4a3/0003_tRDYpb_sm.jpeg;https://media.app.artisio.co/media/3fc437c0-fdbb-4208-955a-90293eab416d/inventory/8933d4d0-204a-4246-9044-022900af2f10/7b2cfbe6-d977-48c2-b98e-0a33603dfceb/0004_ZtkYLs_sm.jpeg,4,"{""artist_retail_right"": true, ""comments"": null, ""condition"": null, ""condition_report"": null, ""dimensions"": null, ""extra_text"": null, ""footnote"": null, ""header"": null, ""internal_reference"": null, ""literature"": null, ""origin_exhibition_lite"": null, ""painter_artist_school"": ""Jaap ter Haar (1923-1998)"", ""period"": null, ""signature_dating"": ""signed 'Jaap ter Haar' (lower right)"", ""technique_size"": ""oil on canvas, 35,5x45,5 cm (49x59 cm incl. frame)"", ""title"": ""Skating figures in a wintry Dutch village"", ""total"": null, ""weight_size_quality"": null}"
56f15929-3b73-484a-9cca-26ef8c620f92,66,26-0155/13,fbef6459-c238-43e4-b7ac-6357713358f6,713,Classic to Modern Art,"Schilderijen, aquarellen en tekeningen I",Dutch village with figures near the boathouse,"Jaap ter Haar (1923-1998), Dutch village with figures near the boathouse","<h3>Painter / Artist / School</h3>Jaap ter Haar (1923-1998)<h3>Technique / Size</h3>oil on canvas, 30,5x40,5 cm (44x54 cm incl. frame)<h3>Signature / Dating</h3>signed 'Jaap ter Haar' (lower right)",published,EUR,600.0,800.0,500.0,,,1,1,500.0,500.0,True,"Mon, 31 Aug 2026 08:00:00 GMT","Tue, 15 Sep 2026 17:33:00 GMT",https://media.app.artisio.co/media/3fc437c0-fdbb-4208-955a-90293eab416d/inventory/237a3725-b296-48d2-a4ba-5d1eeed73a25/c89b6769-8531-4e7c-828e-0abe2c04b37a/0001_pfxSbW_sm.jpeg;https://media.app.artisio.co/media/3fc437c0-fdbb-4208-955a-90293eab416d/inventory/237a3725-b296-48d2-a4ba-5d1eeed73a25/6dee43ae-c58b-4d18-a5b8-4544e3475d60/0002_FmosCM_sm.jpeg;https://media.app.artisio.co/media/3fc437c0-fdbb-4208-955a-90293eab416d/inventory/237a3725-b296-48d2-a4ba-5d1eeed73a25/30f5ef54-52f2-4d2f-b8b5-16b76e6b4474/0003_ZRiRkf_sm.jpeg;https://media.app.artisio.co/media/3fc437c0-fdbb-4208-955a-90293eab416d/inventory/237a3725-b296-48d2-a4ba-5d1eeed73a25/669af571-1e29-46da-91b7-c65c83618da2/0004_PJLEKo_sm.jpeg,4,"{""artist_retail_right"": true, ""comments"": null, ""condition"": null, ""condition_report"": null, ""dimensions"": null, ""extra_text"": null, ""footnote"": null, ""header"": null, ""internal_reference"": null, ""literature"": null, ""origin_exhibition_lite"": null, ""painter_artist_school"": ""Jaap ter Haar (1923-1998)"", ""period"": null, ""signature_dating"": ""signed 'Jaap ter Haar' (lower right)"", ""technique_size"": ""oil on canvas, 30,5x40,5 cm (44x54 cm incl. frame)"", ""title"": ""Dutch village with figures near the boathouse"", ""total"": null, ""weight_size_quality"": null}"
aad4d949-e0ab-4cc2-9620-c5b325fc51f5,67,26-0657/1,fbef6459-c238-43e4-b7ac-6357713358f6,713,Classic to Modern Art,"Schilderijen, aquarellen en tekeningen I",I. 'Vlieg-den Dwingeloose Heide'; II. 'Juist-West',"Siemen Dijkstra (1968), I. 'Vlieg-den Dwingeloose Heide'; II. 'Juist-West'","<h3>Painter / Artist / School</h3>Siemen Dijkstra (1968)<h3>Technique / Size</h3>both colour woodcuts, I. 32x25 cm (52x43,5 cm incl. frame); II. 30x54,5 cm (51x75 cm incl. frame)<h3>Signature / Dating</h3>I. titled, annotated, signed, dated and numbered in pencil 'Vlieg-den Dwingeloose Heide/rustige ochtend. Begin van een zonnige dag./Kairos Chronos/mei-juni 2015./Siem Dijkstra/kleurenhoutsnede/No.:267/Opl: 45' (lower side); II. titled, signed, annotated, numbered and dated in pencil 'Juist-West schillplate. Inkomend tij. aan het einde van een lange zomerdag op het eiland Juist. over het wad. Siemen Dijkstra. kleurenhoutsnede 2015. opl. no. 26/38' (lower side)",published,EUR,1000.0,1500.0,800.0,800.0,,1,0,,,True,"Mon, 31 Aug 2026 08:00:00 GMT","Tue, 15 Sep 2026 17:36:00 GMT",https://media.app.artisio.co/media/3fc437c0-fdbb-4208-955a-90293eab416d/inventory/2e328c5e-f39d-4afe-b91a-4c50770dd18c/b10400b7-83d2-4c02-960d-01f73c3faf53/0001_XDOtDk_sm.jpeg;https://media.app.artisio.co/media/3fc437c0-fdbb-4208-955a-90293eab416d/inventory/2e328c5e-f39d-4afe-b91a-4c50770dd18c/8c5c7286-955d-4f89-bf3f-0fcaf60fe130/0002_BPwDVr_sm.jpeg;https://media.app.artisio.co/media/3fc437c0-fdbb-4208-955a-90293eab416d/inventory/2e328c5e-f39d-4afe-b91a-4c50770dd18c/145dd9da-e076-4abd-9963-521ed9c3157e/0003_PmsqnK_sm.jpeg;https://media.app.artisio.co/media/3fc437c0-fdbb-4208-955a-90293eab416d/inventory/2e328c5e-f39d-4afe-b91a-4c50770dd18c/59c6b82b-5689-4f31-a65e-d4bfd391dbef/0004_hUleiG_sm.jpeg;https://media.app.artisio.co/media/3fc437c0-fdbb-4208-955a-90293eab416d/inventory/2e328c5e-f39d-4afe-b91a-4c50770dd18c/5d0ef649-9e4a-4324-b0c8-527936b8c8e9/0005_pEBLRF_sm.jpeg;https://media.app.artisio.co/media/3fc437c0-fdbb-4208-955a-90293eab416d/inventory/2e328c5e-f39d-4afe-b91a-4c50770dd18c/f528b44b-a637-484d-892f-a0eaeffd0974/0006_YCSsBJ_sm.jpeg;https://media.app.artisio.co/media/3fc437c0-fdbb-4208-955a-90293eab416d/inventory/2e328c5e-f39d-4afe-b91a-4c50770dd18c/81c89271-bf3a-46ad-8526-a4108d564ee6/0007_wNmMBz_sm.jpeg,7,"{""artist_retail_right"": true, ""comments"": null, ""condition"": null, ""condition_report"": null, ""dimensions"": null, ""extra_text"": null, ""footnote"": null, ""header"": null, ""internal_reference"": null, ""literature"": null, ""origin_exhibition_lite"": null, ""painter_artist_school"": ""Siemen Dijkstra (1968)"", ""period"": null, ""signature_dating"": ""I. titled, annotated, signed, dated and numbered in pencil 'Vlieg-den Dwingeloose Heide/rustige ochtend. Begin van een zonnige dag./Kairos Chronos/mei-juni 2015./Siem Dijkstra/kleurenhoutsnede/No.:267/Opl: 45' (lower side); II. titled, signed, annotated, numbered and dated in pencil 'Juist-West schillplate. Inkomend tij. aan het einde van een lange zomerdag op het eiland Juist. over het wad. Siemen Dijkstra. kleurenhoutsnede 2015. opl. no. 26/38' (lower side)"", ""technique_size"": ""both colour woodcuts, I. 32x25 cm (52x43,5 cm incl. frame); II. 30x54,5 cm (51x75 cm incl. frame)"", ""title"": ""I. 'Vlieg-den Dwingeloose Heide'; II. 'Juist-West'"", ""total"": null, ""weight_size_quality"": null}"
c2f3cfd1-10b0-4595-87c4-2fbd0d87db1f,68,26-0126/10,fbef6459-c238-43e4-b7ac-6357713358f6,713,Classic to Modern Art,"Schilderijen, aquarellen en tekeningen I",'Telephone! l'amour',"Ivan Leonidovich Loubennikov (Russian, 1951-2021), 'Telephone! l'amour'","<h3>Painter / Artist / School</h3>Ivan Leonidovich Loubennikov (Russian, 1951-2021)<h3>Technique / Size</h3>oil on canvas, unframed, 130x71 cm<h3>Signature / Dating</h3>signed with monogram and dated '97.' (centre left); signed and dated again and titled (on the reverse)",published,EUR,700.0,1000.0,700.0,700.0,,1,1,700.0,700.0,True,"Mon, 31 Aug 2026 08:00:00 GMT","Tue, 15 Sep 2026 17:36:00 GMT",https://media.app.artisio.co/media/3fc437c0-fdbb-4208-955a-90293eab416d/inventory/d4a745ef-3e62-4aa0-8809-fd0b87bd2b3a/af0bd848-b4a8-4328-b323-013f66fbc682/0001_NNfvjh_sm.jpeg;https://media.app.artisio.co/media/3fc437c0-fdbb-4208-955a-90293eab416d/inventory/d4a745ef-3e62-4aa0-8809-fd0b87bd2b3a/b98b10f1-db84-4ee9-8f68-011da137aa60/0002_pqagTL_sm.jpeg;https://media.app.artisio.co/media/3fc437c0-fdbb-4208-955a-90293eab416d/inventory/d4a745ef-3e62-4aa0-8809-fd0b87bd2b3a/9e888adf-7bec-47ed-bef3-81a607659eed/0003_EcTnKE_sm.jpeg;https://media.app.artisio.co/media/3fc437c0-fdbb-4208-955a-90293eab416d/inventory/d4a745ef-3e62-4aa0-8809-fd0b87bd2b3a/f0e12529-2b91-4372-8842-ad28b48bbb44/0004_ZdCFVW_sm.jpeg,4,"{""artist_retail_right"": true, ""comments"": null, ""condition"": null, ""condition_report"": null, ""dimensions"": null, ""extra_text"": null, ""footnote"": null, ""header"": null, ""internal_reference"": null, ""literature"": null, ""origin_exhibition_lite"": null, ""painter_artist_school"": ""Ivan Leonidovich Loubennikov (Russian, 1951-2021)"", ""period"": null, ""signature_dating"": ""signed with monogram and dated '97.' (centre left); signed and dated again and titled (on the reverse)"", ""technique_size"": ""oil on canvas, unframed, 130x71 cm"", ""title"": ""'Telephone! l'amour'"", ""total"": null, ""weight_size_quality"": null}"
af556cff-9e2e-415f-92d1-3eab49f19187,69,26-0404/106,fbef6459-c238-43e4-b7ac-6357713358f6,713,Classic to Modern Art,"Schilderijen, aquarellen en tekeningen I",Triptych of boys playing with a ball,"Ellis Tertoolen (1951-2011), Triptych of boys playing with a ball","<h3>Painter / Artist / School</h3>Ellis Tertoolen (1951-2011)<h3>Technique / Size</h3>each oil on panel (3), 24x9,5 cm (27x12 cm incl. frame)",published,EUR,300.0,400.0,200.0,200.0,,1,0,,,True,"Mon, 31 Aug 2026 08:00:00 GMT","Tue, 15 Sep 2026 17:36:00 GMT",https://media.app.artisio.co/media/3fc437c0-fdbb-4208-955a-90293eab416d/inventory/8e39822a-f793-48b2-9ca2-36a038394c8f/0ed28188-5a95-4b28-8bd5-ee7f6dca6128/0001_wtOYCO_sm.jpeg;https://media.app.artisio.co/media/3fc437c0-fdbb-4208-955a-90293eab416d/inventory/8e39822a-f793-48b2-9ca2-36a038394c8f/4acae9dc-e492-47bb-83ba-85446179cae6/0002_ulWLKb_sm.jpeg;https://media.app.artisio.co/media/3fc437c0-fdbb-4208-955a-90293eab416d/inventory/8e39822a-f793-48b2-9ca2-36a038394c8f/6930626e-0115-4b48-9ca5-1c6561a0f3dc/0003_bmCteC_sm.jpeg;https://media.app.artisio.co/media/3fc437c0-fdbb-4208-955a-90293eab416d/inventory/8e39822a-f793-48b2-9ca2-36a038394c8f/7e429cd1-cd1d-4ed5-adac-767e8051e016/0004_CPpver_sm.jpeg;https://media.app.artisio.co/media/3fc437c0-fdbb-4208-955a-90293eab416d/inventory/8e39822a-f793-48b2-9ca2-36a038394c8f/45a5edbe-8a1a-4fa0-857d-39b9bf580154/0005_QByoQm_sm.jpeg,5,"{""artist_retail_right"": true, ""comments"": null, ""condition"": null, ""condition_report"": null, ""dimensions"": null, ""extra_text"": null, ""footnote"": null, ""header"": null, ""internal_reference"": null, ""literature"": null, ""origin_exhibition_lite"": null, ""painter_artist_school"": ""Ellis Tertoolen (1951-2011)"", ""period"": null, ""signature_dating"": null, ""technique_size"": ""each oil on panel (3), 24x9,5 cm (27x12 cm incl. frame)"", ""title"": ""Triptych of boys playing with a ball"", ""total"": null, ""weight_size_quality"": null}"
4e3d2369-ecfa-4bb6-bfb9-08afd613ea78,70,26-0637/4,fbef6459-c238-43e4-b7ac-6357713358f6,713,Classic to Modern Art,"Schilderijen, aquarellen en tekeningen I",I. Street in Paris; II. 'Danseres met bloemen',"Jan van Heel (1898-1991) , I. Street in Paris; II. 'Danseres met bloemen'","<h3>Painter / Artist / School</h3>Jan van Heel (1898-1991)<h3>Literature</h3><p>Exhibited:<br>-Amsterdam, Stedelijk Museum, ‘Tentoonstelling hollandsche aquarellistenkring : Ernst Morgenthale’, 3 December 1949-2 January 1950 (label attached to the frame).&nbsp;</p><p>Provenance:<br>-Collection of Jacob Bijl (1937-2026), film&nbsp;director and screenwriter.</p><h3>Technique / Size</h3>I. watercolour and gouache on paper, 24x31 cm (51x57 cm incl. frame); II. gouache on paper, 63x49 cm (78x64 cm incl. frame)<h3>Signature / Dating</h3>I. signed 'JanvHeel' (lower left); II. signed and dated 'JanvHeel/49' (upper left); signed and dated again and titled (on the frame)",published,EUR,600.0,900.0,500.0,500.0,,1,0,,,True,"Mon, 31 Aug 2026 08:00:00 GMT","Tue, 15 Sep 2026 17:36:00 GMT",https://media.app.artisio.co/media/3fc437c0-fdbb-4208-955a-90293eab416d/inventory/918b60ad-e775-479e-8c4f-3b28affae321/c192affd-3347-4d44-bf9c-4e5869801289/0001_YTBxDn_sm.jpeg;https://media.app.artisio.co/media/3fc437c0-fdbb-4208-955a-90293eab416d/inventory/918b60ad-e775-479e-8c4f-3b28affae321/e309a316-6107-47ca-b3f2-10fdcdb429f2/0002_Wkyrqv_sm.jpeg;https://media.app.artisio.co/media/3fc437c0-fdbb-4208-955a-90293eab416d/inventory/918b60ad-e775-479e-8c4f-3b28affae321/6e3629ce-d280-468f-89c0-06ca6e4e9eda/0003_TzgDKE_sm.jpeg;https://media.app.artisio.co/media/3fc437c0-fdbb-4208-955a-90293eab416d/inventory/918b60ad-e775-479e-8c4f-3b28affae321/f3df4ef6-5e26-4759-adcc-e75593cb04fb/0004_zknYHg_sm.jpeg;https://media.app.artisio.co/media/3fc437c0-fdbb-4208-955a-90293eab416d/inventory/918b60ad-e775-479e-8c4f-3b28affae321/12c28596-8dcd-4f54-942f-467be5581973/0005_jAKFfV_sm.jpeg;https://media.app.artisio.co/media/3fc437c0-fdbb-4208-955a-90293eab416d/inventory/918b60ad-e775-479e-8c4f-3b28affae321/711ef39b-4e4c-466f-b217-cbc5e49d9c10/0006_semUuj_sm.jpeg;https://media.app.artisio.co/media/3fc437c0-fdbb-4208-955a-90293eab416d/inventory/918b60ad-e775-479e-8c4f-3b28affae321/4ddb51eb-220e-4d9a-953a-4f358996dfff/0007_MwUKpd_sm.jpeg;https://media.app.artisio.co/media/3fc437c0-fdbb-4208-955a-90293eab416d/inventory/918b60ad-e775-479e-8c4f-3b28affae321/15332ae0-ac38-4bd3-8b7f-1c1ea52927b0/0008_ykDapW_sm.jpeg;https://media.app.artisio.co/media/3fc437c0-fdbb-4208-955a-90293eab416d/inventory/918b60ad-e775-479e-8c4f-3b28affae321/a185503f-687b-47d3-aba8-b4b2366e73d5/0009_gcEyNB_sm.jpeg;https://media.app.artisio.co/media/3fc437c0-fdbb-4208-955a-90293eab416d/inventory/918b60ad-e775-479e-8c4f-3b28affae321/7d679039-7de6-4b95-97ec-a9fef0eadd11/0010_dLXTnw_sm.jpeg,10,"{""artist_retail_right"": true, ""comments"": null, ""condition"": null, ""condition_report"": null, ""dimensions"": null, ""extra_text"": null, ""footnote"": null, ""header"": null, ""internal_reference"": null, ""literature"": ""<p>Exhibited:<br>-Amsterdam, Stedelijk Museum, ‘Tentoonstelling hollandsche aquarellistenkring : Ernst Morgenthale’, 3 December 1949-2 January 1950 (label attached to the frame).&nbsp;</p><p>Provenance:<br>-Collection of Jacob Bijl (1937-2026), film&nbsp;director and screenwriter.</p>"", ""origin_exhibition_lite"": null, ""painter_artist_school"": ""Jan van Heel (1898-1991) "", ""period"": null, ""signature_dating"": ""I. signed 'JanvHeel' (lower left); II. signed and dated 'JanvHeel/49' (upper left); signed and dated again and titled (on the frame)"", ""technique_size"": ""I. watercolour and gouache on paper, 24x31 cm (51x57 cm incl. frame); II. gouache on paper, 63x49 cm (78x64 cm incl. frame)"", ""title"": ""I. Street in Paris; II. 'Danseres met bloemen'"", ""total"": null, ""weight_size_quality"": null}"
c6b07882-e31a-41e8-8911-db0f825c4728,71,26-0637/3,fbef6459-c238-43e4-b7ac-6357713358f6,713,Classic to Modern Art,"Schilderijen, aquarellen en tekeningen I",Girl riding a white horse in a garden ,"Jan van Heel (1898-1991), Girl riding a white horse in a garden ","<h3>Painter / Artist / School</h3>Jan van Heel (1898-1991)<h3>Literature</h3><p>Provenance:<br>-Collection of Jacob Bijl (1937-2026), film&nbsp;director and screenwriter.</p><h3>Technique / Size</h3>oil on canvas, 35,5x45 cm (49,5x45 cm incl. frame)",published,EUR,400.0,600.0,300.0,300.0,,1,1,300.0,300.0,True,"Mon, 31 Aug 2026 08:00:00 GMT","Tue, 15 Sep 2026 17:36:00 GMT",https://media.app.artisio.co/media/3fc437c0-fdbb-4208-955a-90293eab416d/inventory/21936428-76f1-4157-aef0-24e0236fc037/cab9dc68-d6b6-4efb-8639-e54458ac1663/0001_NlSYFu_sm.jpeg;https://media.app.artisio.co/media/3fc437c0-fdbb-4208-955a-90293eab416d/inventory/21936428-76f1-4157-aef0-24e0236fc037/137b77db-6be8-494a-b14c-a4beda23cae3/0002_Poicba_sm.jpeg;https://media.app.artisio.co/media/3fc437c0-fdbb-4208-955a-90293eab416d/inventory/21936428-76f1-4157-aef0-24e0236fc037/ed3e920b-5e8f-4083-9c03-64d27fe5e37b/0003_hJEecq_sm.jpeg,3,"{""artist_retail_right"": true, ""comments"": null, ""condition"": null, ""condition_report"": null, ""dimensions"": null, ""extra_text"": null, ""footnote"": null, ""header"": null, ""internal_reference"": null, ""literature"": ""<p>Provenance:<br>-Collection of Jacob Bijl (1937-2026), film&nbsp;director and screenwriter.</p>"", ""origin_exhibition_lite"": null, ""painter_artist_school"": ""Jan van Heel (1898-1991)"", ""period"": null, ""signature_dating"": null, ""technique_size"": ""oil on canvas, 35,5x45 cm (49,5x45 cm incl. frame)"", ""title"": ""Girl riding a white horse in a garden "", ""total"": null, ""weight_size_quality"": null}"
ae775805-7e32-40c1-8628-c26f06929c55,72,26-0606/1,fbef6459-c238-43e4-b7ac-6357713358f6,713,Classic to Modern Art,"Schilderijen, aquarellen en tekeningen I",Untitled,"Anton Martineau (1926-2017), Untitled","<h3>Painter / Artist / School</h3>Anton Martineau (1926-2017)<h3>Technique / Size</h3>oil on canvas, 174x63 cm (175,5x66,5 cm incl. frame)<h3>Signature / Dating</h3>signed 'Martineau' (lower right)",published,EUR,600.0,800.0,500.0,500.0,,1,0,,,True,"Mon, 31 Aug 2026 08:00:00 GMT","Tue, 15 Sep 2026 17:36:00 GMT",https://media.app.artisio.co/media/3fc437c0-fdbb-4208-955a-90293eab416d/inventory/48c5d134-b8e9-444e-a880-265da8bbb089/8c7fc86a-3685-4f46-8490-25380c94d17f/0001_xRoNCZ_sm.jpeg;https://media.app.artisio.co/media/3fc437c0-fdbb-4208-955a-90293eab416d/inventory/48c5d134-b8e9-444e-a880-265da8bbb089/7958b306-bbe1-4a04-8d95-291f9316beb5/0002_mlFFxe_sm.jpeg;https://media.app.artisio.co/media/3fc437c0-fdbb-4208-955a-90293eab416d/inventory/48c5d134-b8e9-444e-a880-265da8bbb089/7db93aa9-55f7-42b6-b314-e735d822bee8/0003_UXWfnY_sm.jpeg;https://media.app.artisio.co/media/3fc437c0-fdbb-4208-955a-90293eab416d/inventory/48c5d134-b8e9-444e-a880-265da8bbb089/3eee9204-6763-402f-8fe7-6b5be06b1c33/0004_UWMhqG_sm.jpeg,4,"{""artist_retail_right"": true, ""comments"": null, ""condition"": null, ""condition_report"": null, ""dimensions"": null, ""extra_text"": null, ""footnote"": null, ""header"": null, ""internal_reference"": null, ""literature"": null, ""origin_exhibition_lite"": null, ""painter_artist_school"": ""Anton Martineau (1926-2017)"", ""period"": null, ""signature_dating"": ""signed 'Martineau' (lower right)"", ""technique_size"": ""oil on canvas, 174x63 cm (175,5x66,5 cm incl. frame)"", ""title"": ""Untitled"", ""total"": null, ""weight_size_quality"": null}"
16c93247-c64d-46fe-8dee-18c025a8b73d,73,26-0404/72,fbef6459-c238-43e4-b7ac-6357713358f6,713,Classic to Modern Art,"Schilderijen, aquarellen en tekeningen I",'Stilleven in blauw',"Jaap Hillenius (1934-1999), 'Stilleven in blauw'","<h3>Painter / Artist / School</h3>Jaap Hillenius (1934-1999)<h3>Technique / Size</h3>oil on canvas, 55x60 cm (67x71 cm incl. frame)<h3>Signature / Dating</h3>signed 'Hillenius' (centre, scratched); signed again and titled (on the reverse)",published,EUR,500.0,700.0,300.0,300.0,,1,0,,,True,"Mon, 31 Aug 2026 08:00:00 GMT","Tue, 15 Sep 2026 17:39:00 GMT",https://media.app.artisio.co/media/3fc437c0-fdbb-4208-955a-90293eab416d/inventory/7998262c-790b-4745-a8ba-1c96ee61c5fb/52dddfa8-59a3-4790-812b-ccfff9f1a83d/0001_RkmlCX_sm.jpeg;https://media.app.artisio.co/media/3fc437c0-fdbb-4208-955a-90293eab416d/inventory/7998262c-790b-4745-a8ba-1c96ee61c5fb/d6a961b7-73b1-4d8d-b181-e8eb057cba25/0002_ogEJZk_sm.jpeg;https://media.app.artisio.co/media/3fc437c0-fdbb-4208-955a-90293eab416d/inventory/7998262c-790b-4745-a8ba-1c96ee61c5fb/8b7a2c4a-c1ed-476c-86e3-ba2d6b453398/0003_UuBGiG_sm.jpeg;https://media.app.artisio.co/media/3fc437c0-fdbb-4208-955a-90293eab416d/inventory/7998262c-790b-4745-a8ba-1c96ee61c5fb/f1ad250c-5229-474b-ad22-fdc683a7bf79/0004_WjbloE_sm.jpeg;https://media.app.artisio.co/media/3fc437c0-fdbb-4208-955a-90293eab416d/inventory/7998262c-790b-4745-a8ba-1c96ee61c5fb/0828c135-1813-43d2-8d7b-f5d7d81c03ac/0005_hsTbuP_sm.jpeg,5,"{""artist_retail_right"": true, ""comments"": null, ""condition"": null, ""condition_report"": null, ""dimensions"": null, ""extra_text"": null, ""footnote"": null, ""header"": null, ""internal_reference"": null, ""literature"": null, ""origin_exhibition_lite"": null, ""painter_artist_school"": ""Jaap Hillenius (1934-1999)"", ""period"": null, ""signature_dating"": ""signed 'Hillenius' (centre, scratched); signed again and titled (on the reverse)"", ""technique_size"": ""oil on canvas, 55x60 cm (67x71 cm incl. frame)"", ""title"": ""'Stilleven in blauw'"", ""total"": null, ""weight_size_quality"": null}"
93d6c481-108a-45fe-84f4-35ebc5fb7f5a,74,26-0404/110,fbef6459-c238-43e4-b7ac-6357713358f6,713,Classic to Modern Art,"Schilderijen, aquarellen en tekeningen I",Abstract composition,"Jan Homan (1919-1991), Abstract composition","<h3>Painter / Artist / School</h3>Jan Homan (1919-1991)<h3>Technique / Size</h3>oil on canvas, 80x100 cm (100x120 cm incl. frame)<h3>Signature / Dating</h3>signed 'Homan' (lower right)",published,EUR,500.0,700.0,300.0,300.0,,1,0,,,True,"Mon, 31 Aug 2026 08:00:00 GMT","Tue, 15 Sep 2026 17:39:00 GMT",https://media.app.artisio.co/media/3fc437c0-fdbb-4208-955a-90293eab416d/inventory/f91ff1a2-db1b-4449-8292-a7ec57d94426/e95f94c7-8e74-4708-97a3-9da9ce200637/0001_RrYHVc_sm.jpeg;https://media.app.artisio.co/media/3fc437c0-fdbb-4208-955a-90293eab416d/inventory/f91ff1a2-db1b-4449-8292-a7ec57d94426/aa58b806-e09e-41c0-b9f8-dd9d6941dd1c/0002_VLbJjz_sm.jpeg;https://media.app.artisio.co/media/3fc437c0-fdbb-4208-955a-90293eab416d/inventory/f91ff1a2-db1b-4449-8292-a7ec57d94426/44e67955-1316-4fe8-b1a1-251fa2d65950/0003_dJGeWR_sm.jpeg;https://media.app.artisio.co/media/3fc437c0-fdbb-4208-955a-90293eab416d/inventory/f91ff1a2-db1b-4449-8292-a7ec57d94426/2a978f1b-03bc-4859-9957-fedf709ef46d/0004_UDUmku_sm.jpeg,4,"{""artist_retail_right"": true, ""comments"": null, ""condition"": null, ""condition_report"": null, ""dimensions"": null, ""extra_text"": null, ""footnote"": null, ""header"": null, ""internal_reference"": null, ""literature"": null, ""origin_exhibition_lite"": null, ""painter_artist_school"": ""Jan Homan (1919-1991)"", ""period"": null, ""signature_dating"": ""signed 'Homan' (lower right)"", ""technique_size"": ""oil on canvas, 80x100 cm (100x120 cm incl. frame)"", ""title"": ""Abstract composition"", ""total"": null, ""weight_size_quality"": null}"
816ebd2a-1eb3-4300-bcfb-b80b8a324f92,75,26-0404/116,fbef6459-c238-43e4-b7ac-6357713358f6,713,Classic to Modern Art,"Schilderijen, aquarellen en tekeningen I",Landscape,"Jan Homan (1919-1991), Landscape","<h3>Painter / Artist / School</h3>Jan Homan (1919-1991)<h3>Technique / Size</h3>oil on canvas, 60x70 cm (63x73 cm incl. frame)<h3>Signature / Dating</h3>signed 'Homan' (lower right)",published,EUR,300.0,400.0,200.0,200.0,,1,0,,,True,"Mon, 31 Aug 2026 08:00:00 GMT","Tue, 15 Sep 2026 17:39:00 GMT",https://media.app.artisio.co/media/3fc437c0-fdbb-4208-955a-90293eab416d/inventory/a58c38de-52c0-435a-a5e3-62616a610b6d/1932f8a8-60d8-412b-a586-cc37fc38608e/0001_PtreBT_sm.jpeg;https://media.app.artisio.co/media/3fc437c0-fdbb-4208-955a-90293eab416d/inventory/a58c38de-52c0-435a-a5e3-62616a610b6d/720df99f-e819-4b56-a1fb-2e79429e5063/0002_YnYAqQ_sm.jpeg;https://media.app.artisio.co/media/3fc437c0-fdbb-4208-955a-90293eab416d/inventory/a58c38de-52c0-435a-a5e3-62616a610b6d/7c8012da-1d58-490b-a401-d3df314b6930/0003_Vzfief_sm.jpeg;https://media.app.artisio.co/media/3fc437c0-fdbb-4208-955a-90293eab416d/inventory/a58c38de-52c0-435a-a5e3-62616a610b6d/9f44d7a6-6f42-41fb-9d67-26338367bdd6/0004_hYqOwR_sm.jpeg,4,"{""artist_retail_right"": true, ""comments"": null, ""condition"": null, ""condition_report"": null, ""dimensions"": null, ""extra_text"": null, ""footnote"": null, ""header"": null, ""internal_reference"": null, ""literature"": null, ""origin_exhibition_lite"": null, ""painter_artist_school"": ""Jan Homan (1919-1991)"", ""period"": null, ""signature_dating"": ""signed 'Homan' (lower right)"", ""technique_size"": ""oil on canvas, 60x70 cm (63x73 cm incl. frame)"", ""title"": ""Landscape"", ""total"": null, ""weight_size_quality"": null}"
2d8a20c8-fbed-4f98-b8f2-0399b39e8ab2,76,26-0404/78,fbef6459-c238-43e4-b7ac-6357713358f6,713,Classic to Modern Art,"Schilderijen, aquarellen en tekeningen I",'Grote Gracht Zutphen (maart)',"Hubert van Hille (1903-1983), 'Grote Gracht Zutphen (maart)'","<h3>Painter / Artist / School</h3>Hubert van Hille (1903-1983)<h3>Technique / Size</h3>oil on canvas, 55,5x47,5 cm (73,5x66,5 cm incl. frame)<h3>Signature / Dating</h3>signed and annotated with the artist's address 'H. van Hille' (on a label attached to the stretcher); titled and dated '1941' (on a label attached to the stretcher)",published,EUR,400.0,600.0,260.0,260.0,,1,0,,,True,"Mon, 31 Aug 2026 08:00:00 GMT","Tue, 15 Sep 2026 17:39:00 GMT",https://media.app.artisio.co/media/3fc437c0-fdbb-4208-955a-90293eab416d/inventory/2227b024-6450-41aa-9e3a-0389da569b4c/4c2a5c10-7a54-457f-bff0-5ed46b2d32cf/0001_qkROVQ_sm.jpeg;https://media.app.artisio.co/media/3fc437c0-fdbb-4208-955a-90293eab416d/inventory/2227b024-6450-41aa-9e3a-0389da569b4c/5eba25d6-e908-4573-a6d5-997dbf86826d/0002_lMlZbc_sm.jpeg;https://media.app.artisio.co/media/3fc437c0-fdbb-4208-955a-90293eab416d/inventory/2227b024-6450-41aa-9e3a-0389da569b4c/a425ae07-265f-4fa1-b6a3-d983ab104fa0/0003_UXGXVA_sm.jpeg,3,"{""artist_retail_right"": true, ""comments"": null, ""condition"": null, ""condition_report"": null, ""dimensions"": null, ""extra_text"": null, ""footnote"": null, ""header"": null, ""internal_reference"": null, ""literature"": null, ""origin_exhibition_lite"": null, ""painter_artist_school"": ""Hubert van Hille (1903-1983)"", ""period"": null, ""signature_dating"": ""signed and annotated with the artist's address 'H. van Hille' (on a label attached to the stretcher); titled and dated '1941' (on a label attached to the stretcher)"", ""technique_size"": ""oil on canvas, 55,5x47,5 cm (73,5x66,5 cm incl. frame)"", ""title"": ""'Grote Gracht Zutphen (maart)'"", ""total"": null, ""weight_size_quality"": null}"
d8892a55-c781-4092-a039-4d49a9272cac,77,26-0158/11,fbef6459-c238-43e4-b7ac-6357713358f6,713,Classic to Modern Art,"Schilderijen, aquarellen en tekeningen I",'Noord Afrika',"Kees van Bohemen (1928-1985), 'Noord Afrika'","<h3>Painter / Artist / School</h3>Kees van Bohemen (1928-1985)<h3>Literature</h3><p>Provenance:<br>-With Galerie Nouvelles Images, The Hague (label attached to the reverse).</p><h3>Technique / Size</h3>oil on canvas, 140x140 cm<h3>Signature / Dating</h3>signed and dated 'Kvan Bohemen '80' (lower centre); signed again and titled (on the reverse)",published,EUR,3000.0,4000.0,3000.0,3000.0,,1,1,3000.0,3000.0,True,"Mon, 31 Aug 2026 08:00:00 GMT","Tue, 15 Sep 2026 17:39:00 GMT",https://media.app.artisio.co/media/3fc437c0-fdbb-4208-955a-90293eab416d/inventory/0207f037-634a-4758-9bfb-1adc67489f2a/5da108c9-2f63-413b-a8f6-f68a76e587ae/0001_cwixSE_sm.jpeg;https://media.app.artisio.co/media/3fc437c0-fdbb-4208-955a-90293eab416d/inventory/0207f037-634a-4758-9bfb-1adc67489f2a/d96a3754-215b-4041-84cd-121a1b6c1f44/0002_gHMBVW_sm.jpeg;https://media.app.artisio.co/media/3fc437c0-fdbb-4208-955a-90293eab416d/inventory/0207f037-634a-4758-9bfb-1adc67489f2a/426e6612-d659-4272-a157-33160c044de5/0003_XGrDNi_sm.jpeg;https://media.app.artisio.co/media/3fc437c0-fdbb-4208-955a-90293eab416d/inventory/0207f037-634a-4758-9bfb-1adc67489f2a/a9da5afe-b298-4ebe-8664-9a6069341de0/0004_iUYCRt_sm.jpeg;https://media.app.artisio.co/media/3fc437c0-fdbb-4208-955a-90293eab416d/inventory/0207f037-634a-4758-9bfb-1adc67489f2a/c16020b7-2c28-4439-b0bc-30a32b2e0870/0005_RyjKrp_sm.jpeg;https://media.app.artisio.co/media/3fc437c0-fdbb-4208-955a-90293eab416d/inventory/0207f037-634a-4758-9bfb-1adc67489f2a/9bb94552-631c-4be9-aac2-2568cd9d3a1f/0006_dlsavf_sm.jpeg,6,"{""artist_retail_right"": true, ""comments"": null, ""condition"": null, ""condition_report"": null, ""dimensions"": null, ""extra_text"": null, ""footnote"": null, ""header"": null, ""internal_reference"": null, ""literature"": ""<p>Provenance:<br>-With Galerie Nouvelles Images, The Hague (label attached to the reverse).</p>"", ""origin_exhibition_lite"": null, ""painter_artist_school"": ""Kees van Bohemen (1928-1985)"", ""period"": null, ""signature_dating"": ""signed and dated 'Kvan Bohemen '80' (lower centre); signed again and titled (on the reverse)"", ""technique_size"": ""oil on canvas, 140x140 cm"", ""title"": ""'Noord Afrika'"", ""total"": null, ""weight_size_quality"": null}"
186765a5-70f2-41b9-81e3-ab83548e19df,78,26-0404/120,fbef6459-c238-43e4-b7ac-6357713358f6,713,Classic to Modern Art,"Schilderijen, aquarellen en tekeningen I",Table and chair,"Joop van Kuik (1927-1989), Table and chair","<h3>Painter / Artist / School</h3>Joop van Kuik (1927-1989)<h3>Technique / Size</h3>oil on canvas, 90x100 cm (92x102 cm incl. frame)<h3>Signature / Dating</h3>signed with initials and dated 'VK 86' (lower left)",published,EUR,300.0,400.0,200.0,200.0,,1,0,,,True,"Mon, 31 Aug 2026 08:00:00 GMT","Tue, 15 Sep 2026 17:39:00 GMT",https://media.app.artisio.co/media/3fc437c0-fdbb-4208-955a-90293eab416d/inventory/bcb195b7-5c8a-482a-85ef-860409ec4f8f/9f4481ae-6fef-47e7-9849-032695a04857/0001_Hvhcwc_sm.jpeg;https://media.app.artisio.co/media/3fc437c0-fdbb-4208-955a-90293eab416d/inventory/bcb195b7-5c8a-482a-85ef-860409ec4f8f/5acdef79-31f3-454d-97fe-3aaf5ab5b81b/0002_uYfzzZ_sm.jpeg;https://media.app.artisio.co/media/3fc437c0-fdbb-4208-955a-90293eab416d/inventory/bcb195b7-5c8a-482a-85ef-860409ec4f8f/57bae9c0-0e4e-4540-b2e8-9151051904b3/0003_beDhQg_sm.jpeg;https://media.app.artisio.co/media/3fc437c0-fdbb-4208-955a-90293eab416d/inventory/bcb195b7-5c8a-482a-85ef-860409ec4f8f/9743bb52-d93b-4bb7-a437-2ad55cd57f13/0004_aGnrGI_sm.jpeg,4,"{""artist_retail_right"": true, ""comments"": null, ""condition"": null, ""condition_report"": null, ""dimensions"": null, ""extra_text"": null, ""footnote"": null, ""header"": null, ""internal_reference"": null, ""literature"": null, ""origin_exhibition_lite"": null, ""painter_artist_school"": ""Joop van Kuik (1927-1989)"", ""period"": null, ""signature_dating"": ""signed with initials and dated 'VK 86' (lower left)"", ""technique_size"": ""oil on canvas, 90x100 cm (92x102 cm incl. frame)"", ""title"": ""Table and chair"", ""total"": null, ""weight_size_quality"": null}"
8dbd6a57-a1cf-4bb0-a7c8-98891240be0a,79,26-0327/13,fbef6459-c238-43e4-b7ac-6357713358f6,713,Classic to Modern Art,"Schilderijen, aquarellen en tekeningen I",Nude with colourful birds lying by the window,"Bahautdinov Raphael (Ukrainian, 1931-2017) , Nude with colourful birds lying by the window","<h3>Painter / Artist / School</h3>Bahautdinov Raphael (Ukrainian, 1931-2017)<h3>Technique / Size</h3>oil on canvas, 90x85,5 cm (111,5x107,5 cm incl. frame)<h3>Signature / Dating</h3>signed and dated '1995' (lower right)",published,EUR,600.0,800.0,500.0,,,1,1,500.0,500.0,True,"Mon, 31 Aug 2026 08:00:00 GMT","Tue, 15 Sep 2026 17:42:00 GMT",https://media.app.artisio.co/media/3fc437c0-fdbb-4208-955a-90293eab416d/inventory/33053b8c-a11a-4e2e-a127-6adf61c0560d/8ae7aeb5-1466-4e9e-85d1-1060c9376fc8/0001_Uybrrw_sm.jpeg;https://media.app.artisio.co/media/3fc437c0-fdbb-4208-955a-90293eab416d/inventory/33053b8c-a11a-4e2e-a127-6adf61c0560d/ce39151b-acc2-4691-8e3d-13c6a1c42cdb/0002_OWjDyE_sm.jpeg;https://media.app.artisio.co/media/3fc437c0-fdbb-4208-955a-90293eab416d/inventory/33053b8c-a11a-4e2e-a127-6adf61c0560d/7061dc8d-129b-4dd0-bd17-ff8ba1d5ff22/0003_sBZjnx_sm.jpeg;https://media.app.artisio.co/media/3fc437c0-fdbb-4208-955a-90293eab416d/inventory/33053b8c-a11a-4e2e-a127-6adf61c0560d/e728784d-96a4-412b-98f8-90347d40d564/0004_qQhYIJ_sm.jpeg,4,"{""artist_retail_right"": true, ""comments"": null, ""condition"": null, ""condition_report"": null, ""dimensions"": null, ""extra_text"": null, ""footnote"": null, ""header"": null, ""internal_reference"": null, ""literature"": null, ""origin_exhibition_lite"": null, ""painter_artist_school"": ""Bahautdinov Raphael (Ukrainian, 1931-2017) "", ""period"": null, ""signature_dating"": ""signed and dated '1995' (lower right)"", ""technique_size"": ""oil on canvas, 90x85,5 cm (111,5x107,5 cm incl. frame)"", ""title"": ""Nude with colourful birds lying by the window"", ""total"": null, ""weight_size_quality"": null}"
92a634af-4ffe-47f8-91c2-628096859792,80,26-0564/2,fbef6459-c238-43e4-b7ac-6357713358f6,713,Classic to Modern Art,"Schilderijen, aquarellen en tekeningen I",Reclining Nude,"Corneille (1922-2010), Reclining Nude","<h3>Painter / Artist / School</h3>Corneille (1922-2010)<h3>Technique / Size</h3>watercolour and crayon on paper, 18,5x30 cm (56x76 cm incl. frame)<h3>Signature / Dating</h3>signed 'Corneille' (upper centre) and annotated 'a l a tour 4 sept '95 Piediripa Italia' (upper right)",published,EUR,800.0,1200.0,700.0,700.0,,1,0,,,True,"Mon, 31 Aug 2026 08:00:00 GMT","Tue, 15 Sep 2026 17:42:00 GMT",https://media.app.artisio.co/media/3fc437c0-fdbb-4208-955a-90293eab416d/inventory/dd507a0f-d733-4e12-a3a8-8bf2e6eceb2f/5568eacf-54f0-4953-bf55-6f42411fac63/0001_XHqVRZ_sm.jpeg;https://media.app.artisio.co/media/3fc437c0-fdbb-4208-955a-90293eab416d/inventory/dd507a0f-d733-4e12-a3a8-8bf2e6eceb2f/5248853b-839b-4eb3-9daa-85fab5df3a94/0002_lMAPMl_sm.jpeg;https://media.app.artisio.co/media/3fc437c0-fdbb-4208-955a-90293eab416d/inventory/dd507a0f-d733-4e12-a3a8-8bf2e6eceb2f/c6bb07f9-fb27-44e8-8c5b-7975311d3d49/0003_conPlL_sm.jpeg;https://media.app.artisio.co/media/3fc437c0-fdbb-4208-955a-90293eab416d/inventory/dd507a0f-d733-4e12-a3a8-8bf2e6eceb2f/5cdac963-5359-4f57-8e50-6c89d7468f67/0004_tvJkEK_sm.jpeg;https://media.app.artisio.co/media/3fc437c0-fdbb-4208-955a-90293eab416d/inventory/dd507a0f-d733-4e12-a3a8-8bf2e6eceb2f/69ef0aab-ab36-4adf-86c9-eefaf35d7e45/0005_cuFfuB_sm.jpeg,5,"{""artist_retail_right"": true, ""comments"": null, ""condition"": null, ""condition_report"": null, ""dimensions"": null, ""extra_text"": null, ""footnote"": null, ""header"": null, ""internal_reference"": null, ""literature"": null, ""origin_exhibition_lite"": null, ""painter_artist_school"": ""Corneille (1922-2010)"", ""period"": null, ""signature_dating"": ""signed 'Corneille' (upper centre) and annotated 'a l a tour 4 sept '95 Piediripa Italia' (upper right)"", ""technique_size"": ""watercolour and crayon on paper, 18,5x30 cm (56x76 cm incl. frame)"", ""title"": ""Reclining Nude"", ""total"": null, ""weight_size_quality"": null}"
05ed885e-1803-4ce6-aaa1-8cf98cf085ee,81,26-0460/5,fbef6459-c238-43e4-b7ac-6357713358f6,713,Classic to Modern Art,"Schilderijen, aquarellen en tekeningen I",Flower still life with chrysanthemums,"Harm Kamerlingh Onnes (1893-1985), Flower still life with chrysanthemums","<h3>Painter / Artist / School</h3>Harm Kamerlingh Onnes (1893-1985)<h3>Technique / Size</h3>oil on panel, 31x27 cm (37x33 cm incl. frame)<h3>Signature / Dating</h3>signed with initials and dated 'HHKO/43' (lower right)",published,EUR,800.0,1200.0,800.0,800.0,,1,0,,,True,"Mon, 31 Aug 2026 08:00:00 GMT","Tue, 15 Sep 2026 17:42:00 GMT",https://media.app.artisio.co/media/3fc437c0-fdbb-4208-955a-90293eab416d/inventory/de2d1c9a-de88-4c4e-a8cc-e34e1b8b94b2/7c377d18-db21-40fb-b6e7-25fea6227f37/0001_jpmGmw_sm.jpeg;https://media.app.artisio.co/media/3fc437c0-fdbb-4208-955a-90293eab416d/inventory/de2d1c9a-de88-4c4e-a8cc-e34e1b8b94b2/25b345e6-42fb-4e69-996c-6682c8237419/0002_ZRqQnQ_sm.jpeg;https://media.app.artisio.co/media/3fc437c0-fdbb-4208-955a-90293eab416d/inventory/de2d1c9a-de88-4c4e-a8cc-e34e1b8b94b2/1c909c65-b672-40eb-8a86-16858c6fbd92/0003_HbcCnB_sm.jpeg;https://media.app.artisio.co/media/3fc437c0-fdbb-4208-955a-90293eab416d/inventory/de2d1c9a-de88-4c4e-a8cc-e34e1b8b94b2/f36dba7b-15cf-469e-b9ee-9f276a320be7/0004_ffEZfo_sm.jpeg,4,"{""artist_retail_right"": true, ""comments"": null, ""condition"": null, ""condition_report"": null, ""dimensions"": null, ""extra_text"": null, ""footnote"": null, ""header"": null, ""internal_reference"": null, ""literature"": null, ""origin_exhibition_lite"": null, ""painter_artist_school"": ""Harm Kamerlingh Onnes (1893-1985)"", ""period"": null, ""signature_dating"": ""signed with initials and dated 'HHKO/43' (lower right)"", ""technique_size"": ""oil on panel, 31x27 cm (37x33 cm incl. frame)"", ""title"": ""Flower still life with chrysanthemums"", ""total"": null, ""weight_size_quality"": null}"
8bdcc983-3ac7-44f4-b19f-cdf6bb4476f5,82,26-0301/2,fbef6459-c238-43e4-b7ac-6357713358f6,713,Classic to Modern Art,"Schilderijen, aquarellen en tekeningen I",Figures in the waiting room,"Harm Kamerlingh Onnes (1893-1985), Figures in the waiting room","<h3>Painter / Artist / School</h3>Harm Kamerlingh Onnes (1893-1985)<h3>Literature</h3><p>Exhibited:<br>-Voorschoten, Cultureel Centrum Voorschoten, ‘H.H. Kamerlingh Onnes, 1893 - 1973’, 13 April-7 May 1973, no. 84 (label attached to frame).</p><p>Provenance:<br>-Collection Ms C.J. van Lobenstein, The Hague (label attached to frame).</p><h3>Technique / Size</h3>oil on board, 40,5x30,5 cm (52,5x42,5 cm incl. frame)",published,EUR,600.0,800.0,500.0,,,1,0,,,True,"Mon, 31 Aug 2026 08:00:00 GMT","Tue, 15 Sep 2026 17:42:00 GMT",https://media.app.artisio.co/media/3fc437c0-fdbb-4208-955a-90293eab416d/inventory/b87422b7-b3bf-4647-8d90-8cb01e118cd0/784a95e1-a365-44e4-9095-28c26a88fb65/0001_awWbIy_sm.jpeg;https://media.app.artisio.co/media/3fc437c0-fdbb-4208-955a-90293eab416d/inventory/b87422b7-b3bf-4647-8d90-8cb01e118cd0/727eabc1-1a2c-4c93-a8e2-94d78b2b9460/0002_QTnekw_sm.jpeg;https://media.app.artisio.co/media/3fc437c0-fdbb-4208-955a-90293eab416d/inventory/b87422b7-b3bf-4647-8d90-8cb01e118cd0/4c0b923f-5d91-4afd-afe9-de19e32d1ca0/0003_ARUkFG_sm.jpeg,3,"{""artist_retail_right"": true, ""comments"": ""<p>tent.cat. nummer 84 (RKD?)</p>"", ""condition"": null, ""condition_report"": null, ""dimensions"": null, ""extra_text"": null, ""footnote"": null, ""header"": null, ""internal_reference"": null, ""literature"": ""<p>Exhibited:<br>-Voorschoten, Cultureel Centrum Voorschoten, ‘H.H. Kamerlingh Onnes, 1893 - 1973’, 13 April-7 May 1973, no. 84 (label attached to frame).</p><p>Provenance:<br>-Collection Ms C.J. van Lobenstein, The Hague (label attached to frame).</p>"", ""origin_exhibition_lite"": null, ""painter_artist_school"": ""Harm Kamerlingh Onnes (1893-1985)"", ""period"": null, ""signature_dating"": null, ""technique_size"": ""oil on board, 40,5x30,5 cm (52,5x42,5 cm incl. frame)"", ""title"": ""Figures in the waiting room"", ""total"": null, ""weight_size_quality"": null}"
7ffad561-d648-47bb-b716-4c8d390ce050,83,26-0247/3,fbef6459-c238-43e4-b7ac-6357713358f6,713,Classic to Modern Art,"Schilderijen, aquarellen en tekeningen I",Hat-trick,"Herman Bieling (1887-1964), Hat-trick","<h3>Painter / Artist / School</h3>Herman Bieling (1887-1964)<h3>Literature</h3><p>Provenance:<br>-Auction, Sotheby's, Amsterdam, 3 December 2001.</p><h3>Technique / Size</h3>watercolour and pencil on paper, 46,5x58 cm (65x76,5 cm incl. frame)<h3>Signature / Dating</h3>signed and dated 'Bieling 47' (lower right)",published,EUR,500.0,700.0,400.0,400.0,,1,0,,,True,"Mon, 31 Aug 2026 08:00:00 GMT","Tue, 15 Sep 2026 17:42:00 GMT",https://media.app.artisio.co/media/3fc437c0-fdbb-4208-955a-90293eab416d/inventory/702b1770-f465-4c82-9dc0-a9617d738574/070d3969-0d0c-4170-b2a6-87be3b2b0a6c/0001_SbSjTq_sm.jpeg;https://media.app.artisio.co/media/3fc437c0-fdbb-4208-955a-90293eab416d/inventory/702b1770-f465-4c82-9dc0-a9617d738574/cee9dcc1-e1c2-4877-b071-082da6d682d9/0002_ibJKey_sm.jpeg;https://media.app.artisio.co/media/3fc437c0-fdbb-4208-955a-90293eab416d/inventory/702b1770-f465-4c82-9dc0-a9617d738574/cfe8b4c5-0d15-4644-9c57-e29a4bf1cb51/0003_tDowzq_sm.jpeg;https://media.app.artisio.co/media/3fc437c0-fdbb-4208-955a-90293eab416d/inventory/702b1770-f465-4c82-9dc0-a9617d738574/4b63e0e5-1d83-4fde-a42c-ff55d29052ca/0004_iDhxeV_sm.jpeg,4,"{""artist_retail_right"": true, ""comments"": ""<p>https://rkd.nl/imageslite/3175181</p>"", ""condition"": ""Hattrick =??"", ""condition_report"": null, ""dimensions"": null, ""extra_text"": null, ""footnote"": null, ""header"": null, ""internal_reference"": null, ""literature"": ""<p>Provenance:<br>-Auction, Sotheby's, Amsterdam, 3 December 2001.</p>"", ""origin_exhibition_lite"": null, ""painter_artist_school"": ""Herman Bieling (1887-1964)"", ""period"": null, ""signature_dating"": ""signed and dated 'Bieling 47' (lower right)"", ""technique_size"": ""watercolour and pencil on paper, 46,5x58 cm (65x76,5 cm incl. frame)"", ""title"": ""Hat-trick"", ""total"": null, ""weight_size_quality"": null}"
6a366b36-e7a4-4d90-a58d-bf5db5137182,84,26-0529/12,fbef6459-c238-43e4-b7ac-6357713358f6,713,Classic to Modern Art,"Schilderijen, aquarellen en tekeningen I",Ambience in the café,"Adriaan de la Rivière (1857-1941), Ambience in the café","<h3>Painter / Artist / School</h3>Adriaan de la Rivière (1857-1941)<h3>Literature</h3><p>Provenance:<br>-With Kunsthandel Simonis & Buunk, Ede, where acquired by the family of the present owner (label attached to the frame).&nbsp;</p><h3>Technique / Size</h3>watercolour and gouache on paper, 25x34 cm (38x48 cm incl. frame)<h3>Signature / Dating</h3>signed 'A de la Rivière' (lower right)",published,EUR,600.0,900.0,500.0,500.0,,1,0,,,True,"Mon, 31 Aug 2026 08:00:00 GMT","Tue, 15 Sep 2026 17:42:00 GMT",https://media.app.artisio.co/media/3fc437c0-fdbb-4208-955a-90293eab416d/inventory/febf8d30-8984-4d0c-90ca-17157d745f3e/a4770116-e631-42cc-9b04-2c464d9033b5/0001_ewCXGq_sm.jpeg;https://media.app.artisio.co/media/3fc437c0-fdbb-4208-955a-90293eab416d/inventory/febf8d30-8984-4d0c-90ca-17157d745f3e/8191dcc5-768f-443d-b0ea-13259eb197d0/0002_MfhEIZ_sm.jpeg;https://media.app.artisio.co/media/3fc437c0-fdbb-4208-955a-90293eab416d/inventory/febf8d30-8984-4d0c-90ca-17157d745f3e/90de235e-24b6-4c88-ba0a-5cda3fd7bd60/0003_TOkFWQ_sm.jpeg;https://media.app.artisio.co/media/3fc437c0-fdbb-4208-955a-90293eab416d/inventory/febf8d30-8984-4d0c-90ca-17157d745f3e/cb0c7ca6-85e6-48de-ac3d-30983c55d83b/0004_Hfisqr_sm.jpeg,4,"{""artist_retail_right"": false, ""comments"": null, ""condition"": null, ""condition_report"": null, ""dimensions"": null, ""extra_text"": null, ""footnote"": null, ""header"": null, ""internal_reference"": null, ""literature"": ""<p>Provenance:<br>-With Kunsthandel Simonis & Buunk, Ede, where acquired by the family of the present owner (label attached to the frame).&nbsp;</p>"", ""origin_exhibition_lite"": null, ""painter_artist_school"": ""Adriaan de la Rivière (1857-1941)"", ""period"": null, ""signature_dating"": ""signed 'A de la Rivière' (lower right)"", ""technique_size"": ""watercolour and gouache on paper, 25x34 cm (38x48 cm incl. frame)"", ""title"": ""Ambience in the café"", ""total"": null, ""weight_size_quality"": null}"
457f529e-0947-489a-bfaa-996fe29bf005,85,26-0529/15,fbef6459-c238-43e4-b7ac-6357713358f6,713,Classic to Modern Art,"Schilderijen, aquarellen en tekeningen I",Plaster caster,"Theodoor Heynes (1920-1990), Plaster caster","<h3>Painter / Artist / School</h3>Theodoor Heynes (1920-1990)<h3>Technique / Size</h3>oil on canvas, 46x60 cm (57,5x73 cm incl. frame)<h3>Signature / Dating</h3>signed 'Theodor - Heynes' (lower right, scratched)",published,EUR,400.0,600.0,300.0,300.0,,1,0,,,True,"Mon, 31 Aug 2026 08:00:00 GMT","Tue, 15 Sep 2026 17:45:00 GMT",https://media.app.artisio.co/media/3fc437c0-fdbb-4208-955a-90293eab416d/inventory/a8368153-53b4-4afb-8244-5058d2f41efa/6111eda3-6981-47cf-9776-9fd85bdf846a/0001_dlqbJi_sm.jpeg;https://media.app.artisio.co/media/3fc437c0-fdbb-4208-955a-90293eab416d/inventory/a8368153-53b4-4afb-8244-5058d2f41efa/822e48a3-005c-4029-bc00-c19e9af38c55/0002_vqWMdp_sm.jpeg;https://media.app.artisio.co/media/3fc437c0-fdbb-4208-955a-90293eab416d/inventory/a8368153-53b4-4afb-8244-5058d2f41efa/e3eca29a-fe16-4ee2-b406-12c9804d14d9/0003_pHwHNM_sm.jpeg;https://media.app.artisio.co/media/3fc437c0-fdbb-4208-955a-90293eab416d/inventory/a8368153-53b4-4afb-8244-5058d2f41efa/3eb00a46-5ee7-4e93-8c4e-19e25893cb4d/0004_eWNuPA_sm.jpeg,4,"{""artist_retail_right"": true, ""comments"": null, ""condition"": null, ""condition_report"": null, ""dimensions"": null, ""extra_text"": null, ""footnote"": null, ""header"": null, ""internal_reference"": null, ""literature"": null, ""origin_exhibition_lite"": null, ""painter_artist_school"": ""Theodoor Heynes (1920-1990)"", ""period"": null, ""signature_dating"": ""signed 'Theodor - Heynes' (lower right, scratched)"", ""technique_size"": ""oil on canvas, 46x60 cm (57,5x73 cm incl. frame)"", ""title"": ""Plaster caster"", ""total"": null, ""weight_size_quality"": null}"
ab24c2f4-df85-4fec-86fa-67a88fd3f058,86,26-0404/97,fbef6459-c238-43e4-b7ac-6357713358f6,713,Classic to Modern Art,"Schilderijen, aquarellen en tekeningen I","Evening view of a city, possibly Bruges","European School (20th Century), Evening view of a city, possibly Bruges","<h3>Painter / Artist / School</h3>European School (20th Century)<h3>Technique / Size</h3>oil on panel, 29x21 cm (35x28 cm incl. frame)",published,EUR,200.0,300.0,100.0,100.0,,1,0,,,True,"Mon, 31 Aug 2026 08:00:00 GMT","Tue, 15 Sep 2026 17:45:00 GMT",https://media.app.artisio.co/media/3fc437c0-fdbb-4208-955a-90293eab416d/inventory/94327b0c-3ba0-4063-b706-90925192cff3/569575f1-f449-4847-81c1-29925d62b4b1/0001_JDbdeJ_sm.jpeg;https://media.app.artisio.co/media/3fc437c0-fdbb-4208-955a-90293eab416d/inventory/94327b0c-3ba0-4063-b706-90925192cff3/88de9d55-dcd3-4607-988d-71fc9d0884d7/0002_PPmjSj_sm.jpeg;https://media.app.artisio.co/media/3fc437c0-fdbb-4208-955a-90293eab416d/inventory/94327b0c-3ba0-4063-b706-90925192cff3/9d1d51c9-1cdc-4d27-907a-cf2318ea1c95/0003_xTtULp_sm.jpeg,3,"{""artist_retail_right"": false, ""comments"": null, ""condition"": null, ""condition_report"": null, ""dimensions"": null, ""extra_text"": null, ""footnote"": null, ""header"": null, ""internal_reference"": null, ""literature"": null, ""origin_exhibition_lite"": null, ""painter_artist_school"": ""European School (20th Century)"", ""period"": null, ""signature_dating"": null, ""technique_size"": ""oil on panel, 29x21 cm (35x28 cm incl. frame)"", ""title"": ""Evening view of a city, possibly Bruges"", ""total"": null, ""weight_size_quality"": null}"
3c42797b-044c-4b0a-8ac2-43369cb5aea1,87,26-0404/100,fbef6459-c238-43e4-b7ac-6357713358f6,713,Classic to Modern Art,"Schilderijen, aquarellen en tekeningen I",Studies of a pickle,"Dutch School (19th Century), Studies of a pickle","<h3>Painter / Artist / School</h3>Dutch School (19th Century)<h3>Technique / Size</h3>oil on paper, mounted on panel, 33x26,5 cm (35,5x28 cm incl. frame)<h3>Extra Text</h3><p>According to a label attached to the reverse, this painting was included in a map of sketches and drawings by Henriëtte Ronner-Knip (1821-1909).</p>",published,EUR,400.0,600.0,300.0,300.0,,1,1,300.0,300.0,True,"Mon, 31 Aug 2026 08:00:00 GMT","Tue, 15 Sep 2026 17:45:00 GMT",https://media.app.artisio.co/media/3fc437c0-fdbb-4208-955a-90293eab416d/inventory/8bbf2b72-3f12-4c2b-9970-583fd8bf3e7f/74d03276-a0e6-4b88-825a-73399ed729e9/0001_pxgcnq_sm.jpeg;https://media.app.artisio.co/media/3fc437c0-fdbb-4208-955a-90293eab416d/inventory/8bbf2b72-3f12-4c2b-9970-583fd8bf3e7f/b68d29d8-b51e-42b4-953b-3a2922207dd7/0002_ndnZLq_sm.jpeg;https://media.app.artisio.co/media/3fc437c0-fdbb-4208-955a-90293eab416d/inventory/8bbf2b72-3f12-4c2b-9970-583fd8bf3e7f/3b76aa9f-0f89-498d-8ced-cdeae0421280/0003_QEPUQt_sm.jpeg,3,"{""artist_retail_right"": false, ""comments"": null, ""condition"": null, ""condition_report"": null, ""dimensions"": null, ""extra_text"": ""<p>According to a label attached to the reverse, this painting was included in a map of sketches and drawings by Henriëtte Ronner-Knip (1821-1909).</p>"", ""footnote"": null, ""header"": null, ""internal_reference"": null, ""literature"": null, ""origin_exhibition_lite"": null, ""painter_artist_school"": ""Dutch School (19th Century)"", ""period"": null, ""signature_dating"": null, ""technique_size"": ""oil on paper, mounted on panel, 33x26,5 cm (35,5x28 cm incl. frame)"", ""title"": ""Studies of a pickle"", ""total"": null, ""weight_size_quality"": null}"
9a7332dc-3303-4752-ade5-6f3ff8c4825c,88,26-0251/1,fbef6459-c238-43e4-b7ac-6357713358f6,713,Classic to Modern Art,"Schilderijen, aquarellen en tekeningen I","Tram 4 on the Damrak in Amsterdam at night, the Beurs van Berlage in the background","Félicien Bobeldijk (1876-1964), Tram 4 on the Damrak in Amsterdam at night, the Beurs van Berlage in the background","<h3>Painter / Artist / School</h3>Félicien Bobeldijk (1876-1964)<h3>Technique / Size</h3>oil on panel, 17x22 cm (32,5x38,5 cm incl. frame)<h3>Signature / Dating</h3>signed 'Bobeldijk.' (lower right)",published,EUR,300.0,500.0,200.0,200.0,,1,1,200.0,200.0,True,"Mon, 31 Aug 2026 08:00:00 GMT","Tue, 15 Sep 2026 17:45:00 GMT",https://media.app.artisio.co/media/3fc437c0-fdbb-4208-955a-90293eab416d/inventory/5d0e0605-7c30-4145-b13d-f618efc2835a/3f65eff2-ec0f-4e3d-ab61-2771fe51fddb/0002_wKjGNx_sm.jpeg;https://media.app.artisio.co/media/3fc437c0-fdbb-4208-955a-90293eab416d/inventory/5d0e0605-7c30-4145-b13d-f618efc2835a/6255d613-a429-4f40-b5a3-443e2559ec5d/0002a_kstTea_sm.jpeg;https://media.app.artisio.co/media/3fc437c0-fdbb-4208-955a-90293eab416d/inventory/5d0e0605-7c30-4145-b13d-f618efc2835a/6e8e9c8f-0b99-4ad9-b6e6-8f993a0f08d1/0002b_jiJUZp_sm.jpeg,3,"{""artist_retail_right"": true, ""comments"": null, ""condition"": null, ""condition_report"": null, ""dimensions"": null, ""extra_text"": null, ""footnote"": null, ""header"": null, ""internal_reference"": null, ""literature"": null, ""origin_exhibition_lite"": null, ""painter_artist_school"": ""Félicien Bobeldijk (1876-1964)"", ""period"": null, ""signature_dating"": ""signed 'Bobeldijk.' (lower right)"", ""technique_size"": ""oil on panel, 17x22 cm (32,5x38,5 cm incl. frame)"", ""title"": ""Tram 4 on the Damrak in Amsterdam at night, the Beurs van Berlage in the background"", ""total"": null, ""weight_size_quality"": null}"
bbfd669b-94ab-42fd-8b4e-252fb63bac1f,89,26-0487/1,fbef6459-c238-43e4-b7ac-6357713358f6,713,Classic to Modern Art,"Schilderijen, aquarellen en tekeningen I","View on the bridge of Echternach, Luxembourg","Jan Bogaerts (1878-1962), View on the bridge of Echternach, Luxembourg","<h3>Painter / Artist / School</h3>Jan Bogaerts (1878-1962)<h3>Literature</h3><p>Provenance:<br>-Collection of Mr Abraham Cornelis Mees (1864-1950), Rotterdam, thence by decent to his great-grandchild.&nbsp;</p><h3>Technique / Size</h3>oil on canvas, 40x60 cm (58x78 cm incl. frame)<h3>Signature / Dating</h3>signed 'Jan Bogaerts. 1913.' (lower right)<h3>Extra Text</h3><p>Please compare this lot to a painting by the artist with another view on Echternach, Luxemburg (1913), sold at: Auction, Christie's, Amsterdam, 18 January 2000, lot 326.</p><p>&nbsp;</p><p>&nbsp;</p>",published,EUR,1000.0,1500.0,900.0,900.0,,1,0,,,True,"Mon, 31 Aug 2026 08:00:00 GMT","Tue, 15 Sep 2026 17:45:00 GMT",https://media.app.artisio.co/media/3fc437c0-fdbb-4208-955a-90293eab416d/inventory/4528ea99-ee2c-4ed4-98f0-69a91c65da73/08189b5d-6ddb-4677-b8f0-8f236e8a65e9/0001_wgjgid_sm.jpeg;https://media.app.artisio.co/media/3fc437c0-fdbb-4208-955a-90293eab416d/inventory/4528ea99-ee2c-4ed4-98f0-69a91c65da73/3b169e23-1f68-4c0d-9a60-9929e582f12c/0002_PKdGVy_sm.jpeg;https://media.app.artisio.co/media/3fc437c0-fdbb-4208-955a-90293eab416d/inventory/4528ea99-ee2c-4ed4-98f0-69a91c65da73/178efe10-a18d-43f4-a088-0c09455a99d4/0003_gghmkR_sm.jpeg;https://media.app.artisio.co/media/3fc437c0-fdbb-4208-955a-90293eab416d/inventory/4528ea99-ee2c-4ed4-98f0-69a91c65da73/911c8ca4-4c3e-467d-9349-2eaef8a63b99/0004_mEBjSl_sm.jpeg,4,"{""artist_retail_right"": true, ""comments"": ""<p>Bogaerts:<br>Regarding the Bogaerts painting provenance, it was passed down through my Rotterdam based family, from my great-grandfather A.C. Mees, via my grandmother M. Mees-Van der Hoeven to my father J. van der Hoeven, and we have looked after it since 2014.&nbsp;</p><p>https://www.iisg.nl/ondernemers/pdf/ehjb25-mees.pdf</p><p>Abraham Cornelis Mees was een afstammeling uit het in Rotterdam sedert het begin van 1700 &nbsp;bekende geslacht van bankiers en kooplieden. Rotterdam, 23 December 1864 - Wassenaar, 31 Maart 1950</p>"", ""condition"": null, ""condition_report"": null, ""dimensions"": null, ""extra_text"": ""<p>Please compare this lot to a painting by the artist with another view on Echternach, Luxemburg (1913), sold at: Auction, Christie's, Amsterdam, 18 January 2000, lot 326.</p><p>&nbsp;</p><p>&nbsp;</p>"", ""footnote"": null, ""header"": null, ""internal_reference"": null, ""literature"": ""<p>Provenance:<br>-Collection of Mr Abraham Cornelis Mees (1864-1950), Rotterdam, thence by decent to his great-grandchild.&nbsp;</p>"", ""origin_exhibition_lite"": null, ""painter_artist_school"": ""Jan Bogaerts (1878-1962)"", ""period"": null, ""signature_dating"": ""signed 'Jan Bogaerts. 1913.' (lower right)"", ""technique_size"": ""oil on canvas, 40x60 cm (58x78 cm incl. frame)"", ""title"": ""View on the bridge of Echternach, Luxembourg"", ""total"": null, ""weight_size_quality"": null}"
3eebf5ce-fc4e-437f-a0c7-af542dd06b02,90,26-0318/1,fbef6459-c238-43e4-b7ac-6357713358f6,713,Classic to Modern Art,"Schilderijen, aquarellen en tekeningen I",Preparing for the masquerade ball,"Anthonie Pieter Schotel (1890-1958), Preparing for the masquerade ball","<h3>Painter / Artist / School</h3>Anthonie Pieter Schotel (1890-1958)<h3>Literature</h3><p>Provenance:<br>-With Kunsthandel W. Volmer, Hilversum (label attached to reverse).<br>-Auction, Horta, Brussels, 28 January 2019, lot 195.</p><h3>Technique / Size</h3>oil on canvas, mounted on board, 35,5x23,5 cm (53x41 cm incl. frame)<h3>Signature / Dating</h3>signed and indistinctly dated 'AP Schotel' (lower right)",published,EUR,400.0,600.0,200.0,200.0,,1,0,,,True,"Mon, 31 Aug 2026 08:00:00 GMT","Tue, 15 Sep 2026 17:45:00 GMT",https://media.app.artisio.co/media/3fc437c0-fdbb-4208-955a-90293eab416d/inventory/c1b29aee-0e2f-4dcf-8860-36d17366dcf9/65ad09de-2ab4-4383-9121-ac6b4789cd99/0001_jFqKIP_sm.jpeg;https://media.app.artisio.co/media/3fc437c0-fdbb-4208-955a-90293eab416d/inventory/c1b29aee-0e2f-4dcf-8860-36d17366dcf9/b622f994-bc14-49eb-a78c-9e3cc916f482/0002_cyCYlG_sm.jpeg;https://media.app.artisio.co/media/3fc437c0-fdbb-4208-955a-90293eab416d/inventory/c1b29aee-0e2f-4dcf-8860-36d17366dcf9/8c8b61a6-ae49-4046-a331-f4d60a182006/0003_YFCqoo_sm.jpeg;https://media.app.artisio.co/media/3fc437c0-fdbb-4208-955a-90293eab416d/inventory/c1b29aee-0e2f-4dcf-8860-36d17366dcf9/e2b8e842-1d80-4bad-adc8-131424cfc6d3/0004_uRpiPV_sm.jpeg,4,"{""artist_retail_right"": true, ""comments"": ""<p>12 oct 2020 <strong>Cornette de Saint-Cyr Bruxelles: onverkocht</strong><br><i>La préparation pour le bal masqué</i></p>"", ""condition"": null, ""condition_report"": null, ""dimensions"": null, ""extra_text"": null, ""footnote"": null, ""header"": null, ""internal_reference"": null, ""literature"": ""<p>Provenance:<br>-With Kunsthandel W. Volmer, Hilversum (label attached to reverse).<br>-Auction, Horta, Brussels, 28 January 2019, lot 195.</p>"", ""origin_exhibition_lite"": null, ""painter_artist_school"": ""Anthonie Pieter Schotel (1890-1958)"", ""period"": null, ""signature_dating"": ""signed and indistinctly dated 'AP Schotel' (lower right)"", ""technique_size"": ""oil on canvas, mounted on board, 35,5x23,5 cm (53x41 cm incl. frame)"", ""title"": ""Preparing for the masquerade ball"", ""total"": null, ""weight_size_quality"": null}"
679010e5-e55a-4d44-9bdf-40232528e247,91,26-0529/16,fbef6459-c238-43e4-b7ac-6357713358f6,713,Classic to Modern Art,"Schilderijen, aquarellen en tekeningen I",Artist in his atelier,"Johannes Weiland (1856-1909), Artist in his atelier","<h3>Painter / Artist / School</h3>Johannes Weiland (1856-1909)<h3>Literature</h3><p>Provenance:<br>-With Kunsthandel Simonis & Buunk, Ede, where acquired by the family of the present owner.</p><h3>Technique / Size</h3>oil on canvas, 50x37,5 cm (65x53 cm incl. frame)<h3>Signature / Dating</h3>signed 'JWeiland.' (lower right)",published,EUR,800.0,1200.0,700.0,700.0,,1,1,700.0,700.0,True,"Mon, 31 Aug 2026 08:00:00 GMT","Tue, 15 Sep 2026 17:48:00 GMT",https://media.app.artisio.co/media/3fc437c0-fdbb-4208-955a-90293eab416d/inventory/eedc7e27-9d95-4f1f-abf6-8fea6357846f/68b984b7-4ca2-4db1-ac0a-885a713a0637/0001_ehrCER_sm.jpeg;https://media.app.artisio.co/media/3fc437c0-fdbb-4208-955a-90293eab416d/inventory/eedc7e27-9d95-4f1f-abf6-8fea6357846f/a126fa91-df7f-4423-b432-f360540e14aa/0002_OQyOcq_sm.jpeg;https://media.app.artisio.co/media/3fc437c0-fdbb-4208-955a-90293eab416d/inventory/eedc7e27-9d95-4f1f-abf6-8fea6357846f/0d151ac3-530b-41b7-a891-877471808be4/0003_oZKcVp_sm.jpeg;https://media.app.artisio.co/media/3fc437c0-fdbb-4208-955a-90293eab416d/inventory/eedc7e27-9d95-4f1f-abf6-8fea6357846f/f6d648d8-f6ac-4009-b19c-231326608fc9/0004_fBHbHg_sm.jpeg,4,"{""artist_retail_right"": false, ""comments"": null, ""condition"": null, ""condition_report"": null, ""dimensions"": null, ""extra_text"": null, ""footnote"": null, ""header"": null, ""internal_reference"": null, ""literature"": ""<p>Provenance:<br>-With Kunsthandel Simonis & Buunk, Ede, where acquired by the family of the present owner.</p>"", ""origin_exhibition_lite"": null, ""painter_artist_school"": ""Johannes Weiland (1856-1909)"", ""period"": null, ""signature_dating"": ""signed 'JWeiland.' (lower right)"", ""technique_size"": ""oil on canvas, 50x37,5 cm (65x53 cm incl. frame)"", ""title"": ""Artist in his atelier"", ""total"": null, ""weight_size_quality"": null}"
c5a704e6-5c02-4354-a89a-3522dcbb6fa5,92,26-0404/30,fbef6459-c238-43e4-b7ac-6357713358f6,713,Classic to Modern Art,"Schilderijen, aquarellen en tekeningen I",Still life of the studio,"Jan Jordens (1883-1962), Still life of the studio","<h3>Painter / Artist / School</h3>Jan Jordens (1883-1962)<h3>Technique / Size</h3>oil on canvas, 70,5x62 cm (97x87 cm incl. frame)<h3>Signature / Dating</h3>signed with monogram and dated 'JOR/'44' (upper left)",published,EUR,1200.0,1800.0,1000.0,1000.0,2600.0,1,0,,,True,"Mon, 31 Aug 2026 08:00:00 GMT","Tue, 15 Sep 2026 17:48:00 GMT",https://media.app.artisio.co/media/3fc437c0-fdbb-4208-955a-90293eab416d/inventory/475acbe9-8d3e-4a8c-8fc4-8f4017f20088/74d1202c-4dbe-4143-b07d-375819508d0d/0001_kzxvbW_sm.jpeg;https://media.app.artisio.co/media/3fc437c0-fdbb-4208-955a-90293eab416d/inventory/475acbe9-8d3e-4a8c-8fc4-8f4017f20088/f8dc2508-8a43-453b-9578-b9dfdf174c61/0002_BMzoDm_sm.jpeg;https://media.app.artisio.co/media/3fc437c0-fdbb-4208-955a-90293eab416d/inventory/475acbe9-8d3e-4a8c-8fc4-8f4017f20088/992f4194-11f0-45c5-a7ae-60b11e6ac0a3/0003_lCDbyT_sm.jpeg;https://media.app.artisio.co/media/3fc437c0-fdbb-4208-955a-90293eab416d/inventory/475acbe9-8d3e-4a8c-8fc4-8f4017f20088/5284984e-51cb-4078-97ba-8ab08f677d18/0004_VgONNE_sm.jpeg,4,"{""artist_retail_right"": true, ""comments"": ""<p>RKD Check DH</p>"", ""condition"": null, ""condition_report"": null, ""dimensions"": null, ""extra_text"": null, ""footnote"": null, ""header"": null, ""internal_reference"": null, ""literature"": null, ""origin_exhibition_lite"": null, ""painter_artist_school"": ""Jan Jordens (1883-1962)"", ""period"": null, ""signature_dating"": ""signed with monogram and dated 'JOR/'44' (upper left)"", ""technique_size"": ""oil on canvas, 70,5x62 cm (97x87 cm incl. frame)"", ""title"": ""Still life of the studio"", ""total"": null, ""weight_size_quality"": null}"
852296d3-8923-4d01-b549-46035f9b162b,93,26-0404/151,fbef6459-c238-43e4-b7ac-6357713358f6,713,Classic to Modern Art,"Schilderijen, aquarellen en tekeningen I",Geometric composition,"Otto van Rees (1884-1957), Geometric composition","<h3>Painter / Artist / School</h3>Otto van Rees (1884-1957)<h3>Literature</h3><p>Provenance:<br>-Collection Karel Fauser, who acquired several works by Van Rees from Gérard Grassère, who had access to Otto van Rees’s studio in Utrecht at the time of his death.<br>-Collection Karl Levisson, Twenthe, during two generations.&nbsp;<br>-Private collection, the Netherlands.</p><h3>Technique / Size</h3>charcoal and watercolour on paper, 24x11,5 cm (27x23,5 cm incl. frame)<h3>Extra Text</h3><p>Painted circa 1949.<br>The present lot is included in the database of the Van Rees Stichting, Utrecht, inv. no. ID661.</p>",published,EUR,300.0,400.0,200.0,200.0,,1,0,,,True,"Mon, 31 Aug 2026 08:00:00 GMT","Tue, 15 Sep 2026 17:48:00 GMT",https://media.app.artisio.co/media/3fc437c0-fdbb-4208-955a-90293eab416d/inventory/a6ee3d89-de01-482b-aea0-9dd3b194ac90/f01a1084-4c35-43d4-8565-a27499464d49/0001_ptEUXE_sm.jpeg;https://media.app.artisio.co/media/3fc437c0-fdbb-4208-955a-90293eab416d/inventory/a6ee3d89-de01-482b-aea0-9dd3b194ac90/9979a2ce-b1ac-4262-9827-b59c1aea05ba/0002_NXapbU_sm.jpeg;https://media.app.artisio.co/media/3fc437c0-fdbb-4208-955a-90293eab416d/inventory/a6ee3d89-de01-482b-aea0-9dd3b194ac90/aa8f97f6-0c58-4804-b31f-fd45485e5455/0003_SVSIIq_sm.jpeg,3,"{""artist_retail_right"": true, ""comments"": ""<p>Mbt het werk ‘Geometric Composition’.<br>Het werk komt voor in onze database: ID661 .<br>Herkomst: Karel Fauser, die meerdere Van Rees werken afnam van Gérard Grassère, die ten tijde van het overlijden van Otto van Rees toegang had tot diens Utrechts atelier.<br>Daarna 2 generaties fam. Levisson.</p><p>Datering: ca. 1949.<br>‘Otto van Rees’ op de achterzijde is geschreven in een mij onbekend handschrift.</p><p>Met vriendelijke groet, Irène Lesparre Secretaris Van Rees Stichting</p>"", ""condition"": null, ""condition_report"": null, ""dimensions"": null, ""extra_text"": ""<p>Painted circa 1949.<br>The present lot is included in the database of the Van Rees Stichting, Utrecht, inv. no. ID661.</p>"", ""footnote"": null, ""header"": null, ""internal_reference"": null, ""literature"": ""<p>Provenance:<br>-Collection Karel Fauser, who acquired several works by Van Rees from Gérard Grassère, who had access to Otto van Rees’s studio in Utrecht at the time of his death.<br>-Collection Karl Levisson, Twenthe, during two generations.&nbsp;<br>-Private collection, the Netherlands.</p>"", ""origin_exhibition_lite"": null, ""painter_artist_school"": ""Otto van Rees (1884-1957)"", ""period"": null, ""signature_dating"": null, ""technique_size"": ""charcoal and watercolour on paper, 24x11,5 cm (27x23,5 cm incl. frame)"", ""title"": ""Geometric composition"", ""total"": null, ""weight_size_quality"": null}"
c9093cf3-3b09-4e14-8f49-b6e98896e33a,94,26-0437/24,fbef6459-c238-43e4-b7ac-6357713358f6,713,Classic to Modern Art,"Schilderijen, aquarellen en tekeningen I",Portrait of a lady with a black hat,"Willem de Zwart (1862-1931) , Portrait of a lady with a black hat","<h3>Painter / Artist / School</h3>Willem de Zwart (1862-1931)<h3>Technique / Size</h3>brown and black chalk on paper, 33x25 cm (53x45 cm incl. frame)<h3>Signature / Dating</h3>signed with initials 'W.Z.' (lower right)",published,EUR,200.0,400.0,100.0,100.0,,1,0,,,True,"Mon, 31 Aug 2026 08:00:00 GMT","Tue, 15 Sep 2026 17:48:00 GMT",https://media.app.artisio.co/media/3fc437c0-fdbb-4208-955a-90293eab416d/inventory/7f396a8b-3f08-4819-a3a8-adc9d10bfe86/ee2baa39-6954-483d-b3bb-a3b446bc3217/0001_yJdLdc_sm.jpeg;https://media.app.artisio.co/media/3fc437c0-fdbb-4208-955a-90293eab416d/inventory/7f396a8b-3f08-4819-a3a8-adc9d10bfe86/865310fc-6280-4f5e-9214-978d75c0c71f/0002_iVcKeY_sm.jpeg;https://media.app.artisio.co/media/3fc437c0-fdbb-4208-955a-90293eab416d/inventory/7f396a8b-3f08-4819-a3a8-adc9d10bfe86/031cb439-86b0-4850-9f1f-8e48324a67de/0003_ISZtMJ_sm.jpeg;https://media.app.artisio.co/media/3fc437c0-fdbb-4208-955a-90293eab416d/inventory/7f396a8b-3f08-4819-a3a8-adc9d10bfe86/22071079-be1c-4bb5-8bdd-53807acaf13b/0004_zUchYO_sm.jpeg,4,"{""artist_retail_right"": false, ""comments"": ""<p>prijs: Circa € 300</p>"", ""condition"": null, ""condition_report"": null, ""dimensions"": null, ""extra_text"": null, ""footnote"": null, ""header"": null, ""internal_reference"": null, ""literature"": null, ""origin_exhibition_lite"": null, ""painter_artist_school"": ""Willem de Zwart (1862-1931) "", ""period"": null, ""signature_dating"": ""signed with initials 'W.Z.' (lower right)"", ""technique_size"": ""brown and black chalk on paper, 33x25 cm (53x45 cm incl. frame)"", ""title"": ""Portrait of a lady with a black hat"", ""total"": null, ""weight_size_quality"": null}"
524c0a68-b928-40a4-a8a8-d642d24c7dce,95,26-0437/26,fbef6459-c238-43e4-b7ac-6357713358f6,713,Classic to Modern Art,"Schilderijen, aquarellen en tekeningen I","Portrait of the artist's wife, Maria Reevers (1870-1960)","Willem de Zwart (1862-1931), Portrait of the artist's wife, Maria Reevers (1870-1960)","<h3>Painter / Artist / School</h3>Willem de Zwart (1862-1931)<h3>Literature</h3><p>Provenance:<br>-Auction, Sotheby’s, Amsterdam, 28 April 1998, lot 198.&nbsp;</p><h3>Technique / Size</h3>oil on canvas, mounted on panel, 28x27 cm (43x42 cm incl. frame)<h3>Signature / Dating</h3>signed with initials  'W.Z.' (lower right)",published,EUR,800.0,1200.0,800.0,800.0,,1,0,,,True,"Mon, 31 Aug 2026 08:00:00 GMT","Tue, 15 Sep 2026 17:48:00 GMT",https://media.app.artisio.co/media/3fc437c0-fdbb-4208-955a-90293eab416d/inventory/66907111-29e7-48f5-9132-0941fddeddab/a5951c28-f09a-4e67-a329-8d2cb607059f/0001_qjXTDs_sm.jpeg;https://media.app.artisio.co/media/3fc437c0-fdbb-4208-955a-90293eab416d/inventory/66907111-29e7-48f5-9132-0941fddeddab/638d89f7-0e38-4bbe-9b36-c001f5e62a77/0002_TbewNT_sm.jpeg;https://media.app.artisio.co/media/3fc437c0-fdbb-4208-955a-90293eab416d/inventory/66907111-29e7-48f5-9132-0941fddeddab/8a5c98c0-5f03-4b20-ad80-94fd49145c8b/0003_KpTViv_sm.jpeg;https://media.app.artisio.co/media/3fc437c0-fdbb-4208-955a-90293eab416d/inventory/66907111-29e7-48f5-9132-0941fddeddab/1424ee79-b1a6-461e-839c-961c6ba261cc/0004_RhiCwn_sm.jpeg;https://media.app.artisio.co/media/3fc437c0-fdbb-4208-955a-90293eab416d/inventory/66907111-29e7-48f5-9132-0941fddeddab/49e71378-0592-4ee0-9152-b6751678fb2b/0005_TkZzHw_sm.jpeg,5,"{""artist_retail_right"": false, ""comments"": null, ""condition"": null, ""condition_report"": null, ""dimensions"": null, ""extra_text"": null, ""footnote"": null, ""header"": null, ""internal_reference"": null, ""literature"": ""<p>Provenance:<br>-Auction, Sotheby’s, Amsterdam, 28 April 1998, lot 198.&nbsp;</p>"", ""origin_exhibition_lite"": null, ""painter_artist_school"": ""Willem de Zwart (1862-1931)"", ""period"": null, ""signature_dating"": ""signed with initials  'W.Z.' (lower right)"", ""technique_size"": ""oil on canvas, mounted on panel, 28x27 cm (43x42 cm incl. frame)"", ""title"": ""Portrait of the artist's wife, Maria Reevers (1870-1960)"", ""total"": null, ""weight_size_quality"": null}"
cccbe758-b577-4fe1-bec2-c02aad383005,96,26-0437/36,fbef6459-c238-43e4-b7ac-6357713358f6,713,Classic to Modern Art,"Schilderijen, aquarellen en tekeningen I",Still life with a copper kettle,"Willem de Zwart (1862-1931), Still life with a copper kettle","<h3>Painter / Artist / School</h3>Willem de Zwart (1862-1931)<h3>Technique / Size</h3>oil on canvas, 24x34 cm (38x48 cm incl. frame)<h3>Signature / Dating</h3>signed 'W. de Zwart' (lower left)",published,EUR,700.0,1000.0,700.0,700.0,,1,0,,,True,"Mon, 31 Aug 2026 08:00:00 GMT","Tue, 15 Sep 2026 17:48:00 GMT",https://media.app.artisio.co/media/3fc437c0-fdbb-4208-955a-90293eab416d/inventory/b6caea04-bbb2-4ff2-a9a8-67422872b612/75758721-cf6a-4f3f-a262-87992874e48f/0001_oplOuB_sm.jpeg;https://media.app.artisio.co/media/3fc437c0-fdbb-4208-955a-90293eab416d/inventory/b6caea04-bbb2-4ff2-a9a8-67422872b612/848f8654-562d-44d3-8298-284fda67debd/0002_hSaqGy_sm.jpeg;https://media.app.artisio.co/media/3fc437c0-fdbb-4208-955a-90293eab416d/inventory/b6caea04-bbb2-4ff2-a9a8-67422872b612/176007cc-b047-4586-aeb9-c41c0d1efc4d/0003_JEAQPi_sm.jpeg;https://media.app.artisio.co/media/3fc437c0-fdbb-4208-955a-90293eab416d/inventory/b6caea04-bbb2-4ff2-a9a8-67422872b612/ed0e1f9c-7b27-40e4-b76c-48d1e39f3413/0004_uMlJBR_sm.jpeg,4,"{""artist_retail_right"": false, ""comments"": null, ""condition"": """", ""condition_report"": null, ""dimensions"": null, ""extra_text"": null, ""footnote"": null, ""header"": null, ""internal_reference"": null, ""literature"": null, ""origin_exhibition_lite"": null, ""painter_artist_school"": ""Willem de Zwart (1862-1931)"", ""period"": null, ""signature_dating"": ""signed 'W. de Zwart' (lower left)"", ""technique_size"": ""oil on canvas, 24x34 cm (38x48 cm incl. frame)"", ""title"": ""Still life with a copper kettle"", ""total"": null, ""weight_size_quality"": null}"
0b6d6fe2-bf05-45ba-9a20-116c9417b627,97,26-0437/37,fbef6459-c238-43e4-b7ac-6357713358f6,713,Classic to Modern Art,"Schilderijen, aquarellen en tekeningen I",Moored boats,"Willem de Zwart (1862-1931), Moored boats","<h3>Painter / Artist / School</h3>Willem de Zwart (1862-1931)<h3>Literature</h3><p>Provenance:<br>-Auction, Glerum, The Hague, 7 March 2011, lot 270.</p><h3>Technique / Size</h3>oil on canvas, mounted on panel, 30x41 cm (46x58 cm incl. frame)<h3>Signature / Dating</h3>signed 'W de Zwart' (lower right)",published,EUR,700.0,1000.0,700.0,700.0,,1,0,,,True,"Mon, 31 Aug 2026 08:00:00 GMT","Tue, 15 Sep 2026 17:51:00 GMT",https://media.app.artisio.co/media/3fc437c0-fdbb-4208-955a-90293eab416d/inventory/376b8422-2f9d-405f-9571-f54148bfa77b/e69f00a0-a25a-4a6c-8422-0ec02f7f5621/00001_MrBfQr_sm.jpeg;https://media.app.artisio.co/media/3fc437c0-fdbb-4208-955a-90293eab416d/inventory/376b8422-2f9d-405f-9571-f54148bfa77b/37ed615d-458c-4f3e-bda5-a47c2b39156d/0001_pgUGzQ_sm.jpeg;https://media.app.artisio.co/media/3fc437c0-fdbb-4208-955a-90293eab416d/inventory/376b8422-2f9d-405f-9571-f54148bfa77b/82bceb1b-aa8d-4e3d-bb24-9933808c35a1/0003_MYyhJR_sm.jpeg;https://media.app.artisio.co/media/3fc437c0-fdbb-4208-955a-90293eab416d/inventory/376b8422-2f9d-405f-9571-f54148bfa77b/f638a712-a4fb-44cb-a3da-5d4811f725e8/0004_qfvnNw_sm.jpeg,4,"{""artist_retail_right"": false, ""comments"": ""<p>https://rkd.nl/imageslite/4204307</p>"", ""condition"": null, ""condition_report"": null, ""dimensions"": null, ""extra_text"": null, ""footnote"": null, ""header"": null, ""internal_reference"": null, ""literature"": ""<p>Provenance:<br>-Auction, Glerum, The Hague, 7 March 2011, lot 270.</p>"", ""origin_exhibition_lite"": null, ""painter_artist_school"": ""Willem de Zwart (1862-1931)"", ""period"": null, ""signature_dating"": ""signed 'W de Zwart' (lower right)"", ""technique_size"": ""oil on canvas, mounted on panel, 30x41 cm (46x58 cm incl. frame)"", ""title"": ""Moored boats"", ""total"": null, ""weight_size_quality"": null}"
81b4e456-8389-47e5-b00d-5180dea1606f,98,26-0437/44,fbef6459-c238-43e4-b7ac-6357713358f6,713,Classic to Modern Art,"Schilderijen, aquarellen en tekeningen I",Landscape in Teur,"Willem de Zwart (1862-1931), Landscape in Teur","<h3>Painter / Artist / School</h3>Willem de Zwart (1862-1931)<h3>Technique / Size</h3>oil on panel, 24x17 cm (43,5x36,5 cm incl. frame)<h3>Signature / Dating</h3>signed 'W de Zwart' (lower right); with annotation and number 'No. 81/Wm de Zwart/Landschapje/te Veur' (on the label attached to the reverse)",published,EUR,500.0,700.0,500.0,500.0,,1,0,,,True,"Mon, 31 Aug 2026 08:00:00 GMT","Tue, 15 Sep 2026 17:51:00 GMT",https://media.app.artisio.co/media/3fc437c0-fdbb-4208-955a-90293eab416d/inventory/018601c4-ba3c-437c-ad6b-86b393ec5acf/5f0e3bc0-3cdb-48c8-8053-783417b30678/0002_VkkmuR_sm.jpeg;https://media.app.artisio.co/media/3fc437c0-fdbb-4208-955a-90293eab416d/inventory/018601c4-ba3c-437c-ad6b-86b393ec5acf/7f6f862b-d2fe-46ac-add5-26591f0a0657/0003_nkauCd_sm.jpeg;https://media.app.artisio.co/media/3fc437c0-fdbb-4208-955a-90293eab416d/inventory/018601c4-ba3c-437c-ad6b-86b393ec5acf/d54e788d-390c-4353-9bca-ae4a3bbedace/0003a_HnDnil_sm.jpeg;https://media.app.artisio.co/media/3fc437c0-fdbb-4208-955a-90293eab416d/inventory/018601c4-ba3c-437c-ad6b-86b393ec5acf/7bdd397c-d183-4c64-a805-614a036ef3c4/0003b_ycXEjQ_sm.jpeg,4,"{""artist_retail_right"": false, ""comments"": ""<p>Teur? of: Veur. Veur : Het dorp Veur bevond zich in het uiterste zuiden van de gemeente, bij de Leytschen Dam</p>"", ""condition"": null, ""condition_report"": null, ""dimensions"": null, ""extra_text"": null, ""footnote"": null, ""header"": null, ""internal_reference"": null, ""literature"": null, ""origin_exhibition_lite"": null, ""painter_artist_school"": ""Willem de Zwart (1862-1931)"", ""period"": null, ""signature_dating"": ""signed 'W de Zwart' (lower right); with annotation and number 'No. 81/Wm de Zwart/Landschapje/te Veur' (on the label attached to the reverse)"", ""technique_size"": ""oil on panel, 24x17 cm (43,5x36,5 cm incl. frame)"", ""title"": ""Landscape in Teur"", ""total"": null, ""weight_size_quality"": null}"
18a8d60b-a8fc-437b-b2dc-e651dd992938,99,26-0437/46,fbef6459-c238-43e4-b7ac-6357713358f6,713,Classic to Modern Art,"Schilderijen, aquarellen en tekeningen I",Hay shed by the water,"Willem de Zwart (1862-1931), Hay shed by the water","<h3>Painter / Artist / School</h3>Willem de Zwart (1862-1931)<h3>Literature</h3><p>Provenance:<br>-Auction, Sotheby's, Amsterdam, 22 March 2005, lot 139.&nbsp;</p><h3>Technique / Size</h3>oil on canvas, 34x45 cm (43x54 cm incl. frame)<h3>Signature / Dating</h3>signed 'W de Zwart' (lower right)",published,EUR,1000.0,1500.0,1000.0,1000.0,,1,0,,,True,"Mon, 31 Aug 2026 08:00:00 GMT","Tue, 15 Sep 2026 17:51:00 GMT",https://media.app.artisio.co/media/3fc437c0-fdbb-4208-955a-90293eab416d/inventory/050b9d2d-d087-4b08-9b3f-50a37a44acd8/3f905069-e1de-441f-8d4c-03ab6e5189e4/0001_iWajwt_sm.jpeg;https://media.app.artisio.co/media/3fc437c0-fdbb-4208-955a-90293eab416d/inventory/050b9d2d-d087-4b08-9b3f-50a37a44acd8/5072b084-0ee6-41ec-9985-e1d3c3411909/0002_AnSBRY_sm.jpeg;https://media.app.artisio.co/media/3fc437c0-fdbb-4208-955a-90293eab416d/inventory/050b9d2d-d087-4b08-9b3f-50a37a44acd8/86cd1eb6-e91c-423e-bfba-546f911ec9f7/0003_jTvRcg_sm.jpeg;https://media.app.artisio.co/media/3fc437c0-fdbb-4208-955a-90293eab416d/inventory/050b9d2d-d087-4b08-9b3f-50a37a44acd8/46d0582e-4def-430e-ab6f-668a5193ff4c/0004_WazYDZ_sm.jpeg,4,"{""artist_retail_right"": false, ""comments"": null, ""condition"": null, ""condition_report"": null, ""dimensions"": null, ""extra_text"": null, ""footnote"": null, ""header"": null, ""internal_reference"": null, ""literature"": ""<p>Provenance:<br>-Auction, Sotheby's, Amsterdam, 22 March 2005, lot 139.&nbsp;</p>"", ""origin_exhibition_lite"": null, ""painter_artist_school"": ""Willem de Zwart (1862-1931)"", ""period"": null, ""signature_dating"": ""signed 'W de Zwart' (lower right)"", ""technique_size"": ""oil on canvas, 34x45 cm (43x54 cm incl. frame)"", ""title"": ""Hay shed by the water"", ""total"": null, ""weight_size_quality"": null}"
12ae9a38-96c8-4271-9779-7da0f67df24e,100,26-0437/35,fbef6459-c238-43e4-b7ac-6357713358f6,713,Classic to Modern Art,"Schilderijen, aquarellen en tekeningen I",Woman by a shed,"Willem de Zwart (1862-1931), Woman by a shed","<h3>Painter / Artist / School</h3>Willem de Zwart (1862-1931)<h3>Literature</h3><p>Provenance:<br>-With Kunstzaal Oudt Holland, The Hague (label attached to the reverse).</p><h3>Technique / Size</h3>oil on canvas, mounted on panel, 15,5x21 cm (46x50 cm incl. frame)<h3>Signature / Dating</h3>signed with initials 'WZ' (lower right)",published,EUR,500.0,700.0,500.0,500.0,,1,0,,,True,"Mon, 31 Aug 2026 08:00:00 GMT","Tue, 15 Sep 2026 17:51:00 GMT",https://media.app.artisio.co/media/3fc437c0-fdbb-4208-955a-90293eab416d/inventory/8699ab05-de3a-4c58-8be1-706c3a4fd525/075f7b75-d324-48d8-adbe-6cd58511f3a1/0001_Tumgux_sm.jpeg;https://media.app.artisio.co/media/3fc437c0-fdbb-4208-955a-90293eab416d/inventory/8699ab05-de3a-4c58-8be1-706c3a4fd525/762a509f-4db9-4cdb-ad5f-68a8e6e6a940/0002_CjutyH_sm.jpeg;https://media.app.artisio.co/media/3fc437c0-fdbb-4208-955a-90293eab416d/inventory/8699ab05-de3a-4c58-8be1-706c3a4fd525/77c6b0bd-e3c2-4ef4-8496-89a8edee9364/0003_BzmrMY_sm.jpeg;https://media.app.artisio.co/media/3fc437c0-fdbb-4208-955a-90293eab416d/inventory/8699ab05-de3a-4c58-8be1-706c3a4fd525/7e989374-b60c-4a2e-8800-9b6a13f5fa37/0004_MOQOaG_sm.jpeg,4,"{""artist_retail_right"": false, ""comments"": null, ""condition"": null, ""condition_report"": null, ""dimensions"": null, ""extra_text"": null, ""footnote"": null, ""header"": null, ""internal_reference"": null, ""literature"": ""<p>Provenance:<br>-With Kunstzaal Oudt Holland, The Hague (label attached to the reverse).</p>"", ""origin_exhibition_lite"": null, ""painter_artist_school"": ""Willem de Zwart (1862-1931)"", ""period"": null, ""signature_dating"": ""signed with initials 'WZ' (lower right)"", ""technique_size"": ""oil on canvas, mounted on panel, 15,5x21 cm (46x50 cm incl. frame)"", ""title"": ""Woman by a shed"", ""total"": null, ""weight_size_quality"": null}"
59a0e740-625c-47da-bb5c-f2d3aba99a69,101,26-0437/47,fbef6459-c238-43e4-b7ac-6357713358f6,713,Classic to Modern Art,"Schilderijen, aquarellen en tekeningen I",Road to a village,"Willem de Zwart (1862-1931), Road to a village","<h3>Painter / Artist / School</h3>Willem de Zwart (1862-1931)<h3>Technique / Size</h3>oil on canvas, 43x30,5 cm (59x46 cm incl. frame)<h3>Signature / Dating</h3>signed 'W d. Zwart' (lower right)",published,EUR,700.0,1000.0,700.0,700.0,,1,0,,,True,"Mon, 31 Aug 2026 08:00:00 GMT","Tue, 15 Sep 2026 17:51:00 GMT",https://media.app.artisio.co/media/3fc437c0-fdbb-4208-955a-90293eab416d/inventory/ef03da72-6e15-42ef-93e7-614b41e8f420/ba6669e2-f36c-434a-b9d3-457919c96868/0001_PgmWtg_sm.jpeg;https://media.app.artisio.co/media/3fc437c0-fdbb-4208-955a-90293eab416d/inventory/ef03da72-6e15-42ef-93e7-614b41e8f420/200052c2-9d8f-45b4-9480-f20abfd11bc7/0002_CygnzK_sm.jpeg;https://media.app.artisio.co/media/3fc437c0-fdbb-4208-955a-90293eab416d/inventory/ef03da72-6e15-42ef-93e7-614b41e8f420/7644d9ee-1710-4297-845d-086511023257/0003_KVHAeO_sm.jpeg;https://media.app.artisio.co/media/3fc437c0-fdbb-4208-955a-90293eab416d/inventory/ef03da72-6e15-42ef-93e7-614b41e8f420/1ea676ec-62b2-47d1-bcc2-be7d1697b57a/0004_iLVzaz_sm.jpeg,4,"{""artist_retail_right"": false, ""comments"": null, ""condition"": null, ""condition_report"": null, ""dimensions"": null, ""extra_text"": null, ""footnote"": null, ""header"": null, ""internal_reference"": null, ""literature"": null, ""origin_exhibition_lite"": null, ""painter_artist_school"": ""Willem de Zwart (1862-1931)"", ""period"": null, ""signature_dating"": ""signed 'W d. Zwart' (lower right)"", ""technique_size"": ""oil on canvas, 43x30,5 cm (59x46 cm incl. frame)"", ""title"": ""Road to a village"", ""total"": null, ""weight_size_quality"": null}"
f55d0ba9-248a-4dbe-ba79-e1bdd16b4617,102,26-0404/111,fbef6459-c238-43e4-b7ac-6357713358f6,713,Classic to Modern Art,"Schilderijen, aquarellen en tekeningen I",Full-length portrait of a half nude model,"Gérard van Hove (1877-1936), Full-length portrait of a half nude model","<h3>Painter / Artist / School</h3>Gérard van Hove (1877-1936)<h3>Technique / Size</h3>oil on canvas, unframed, 185x79 cm<h3>Signature / Dating</h3>signed 'G. v. Hove.' (lower right)",published,EUR,1000.0,1500.0,900.0,900.0,,1,1,900.0,900.0,True,"Mon, 31 Aug 2026 08:00:00 GMT","Tue, 15 Sep 2026 17:51:00 GMT",https://media.app.artisio.co/media/3fc437c0-fdbb-4208-955a-90293eab416d/inventory/27c562e8-2387-4ff1-9f80-2fd14da660e7/d006ef35-9898-4e81-bb56-b86dc4950cce/0001_pxpXnE_sm.jpeg;https://media.app.artisio.co/media/3fc437c0-fdbb-4208-955a-90293eab416d/inventory/27c562e8-2387-4ff1-9f80-2fd14da660e7/f0c4b907-9c4f-4d5b-beb9-01e46498806a/0002_RjGXMg_sm.jpeg;https://media.app.artisio.co/media/3fc437c0-fdbb-4208-955a-90293eab416d/inventory/27c562e8-2387-4ff1-9f80-2fd14da660e7/b939f1ee-141c-4a18-9e90-4ebb60af1ec0/0003_URsagL_sm.jpeg;https://media.app.artisio.co/media/3fc437c0-fdbb-4208-955a-90293eab416d/inventory/27c562e8-2387-4ff1-9f80-2fd14da660e7/51b11063-e2be-4e51-9386-570fe99a7c72/0004_wquSlT_sm.jpeg,4,"{""artist_retail_right"": false, ""comments"": null, ""condition"": null, ""condition_report"": null, ""dimensions"": null, ""extra_text"": null, ""footnote"": null, ""header"": null, ""internal_reference"": null, ""literature"": null, ""origin_exhibition_lite"": null, ""painter_artist_school"": ""Gérard van Hove (1877-1936)"", ""period"": null, ""signature_dating"": ""signed 'G. v. Hove.' (lower right)"", ""technique_size"": ""oil on canvas, unframed, 185x79 cm"", ""title"": ""Full-length portrait of a half nude model"", ""total"": null, ""weight_size_quality"": null}"
be83851d-fbc0-48f4-8689-b4683cf31d07,103,26-0437/31,fbef6459-c238-43e4-b7ac-6357713358f6,713,Classic to Modern Art,"Schilderijen, aquarellen en tekeningen I",Standing female nude,"Dutch School (19th century), Standing female nude","<h3>Painter / Artist / School</h3>Dutch School (19th century)<h3>Technique / Size</h3>oil on canvas, 82x52 cm (99x69 cm incl. frame)",published,EUR,500.0,700.0,500.0,500.0,,1,0,,,True,"Mon, 31 Aug 2026 08:00:00 GMT","Tue, 15 Sep 2026 17:54:00 GMT",https://media.app.artisio.co/media/3fc437c0-fdbb-4208-955a-90293eab416d/inventory/4167b038-565f-4c82-a66c-db5cb76a172a/2cebb32c-e92c-4208-bcdb-d64dbcb1a1f3/0002_xTbhVT_sm.jpeg;https://media.app.artisio.co/media/3fc437c0-fdbb-4208-955a-90293eab416d/inventory/4167b038-565f-4c82-a66c-db5cb76a172a/179199ac-7c1e-4b74-b4f6-ff62eed3bb36/0002a_iFDGLh_sm.jpeg;https://media.app.artisio.co/media/3fc437c0-fdbb-4208-955a-90293eab416d/inventory/4167b038-565f-4c82-a66c-db5cb76a172a/4e3d8ebb-0553-4530-ac6b-6d3c254904d2/0002b_rRJqwu_sm.jpeg,3,"{""artist_retail_right"": false, ""comments"": null, ""condition"": null, ""condition_report"": null, ""dimensions"": null, ""extra_text"": null, ""footnote"": null, ""header"": null, ""internal_reference"": null, ""literature"": null, ""origin_exhibition_lite"": null, ""painter_artist_school"": ""Dutch School (19th century)"", ""period"": null, ""signature_dating"": null, ""technique_size"": ""oil on canvas, 82x52 cm (99x69 cm incl. frame)"", ""title"": ""Standing female nude"", ""total"": null, ""weight_size_quality"": null}"
16f6b2c8-bc00-4493-951f-49472fe5f636,104,26-0251/2,fbef6459-c238-43e4-b7ac-6357713358f6,713,Classic to Modern Art,"Schilderijen, aquarellen en tekeningen I",Seated naked child,"Johan Antoni de Jonge (1864-1927), Seated naked child","<h3>Painter / Artist / School</h3>Johan Antoni de Jonge (1864-1927)<h3>Technique / Size</h3>oil on canvas, 81x61 cm (87x67 cm incl. frame)<h3>Signature / Dating</h3>signed 'JA de Jonge' (on the stretcher)",published,EUR,700.0,1000.0,600.0,600.0,,1,0,,,True,"Mon, 31 Aug 2026 08:00:00 GMT","Tue, 15 Sep 2026 17:54:00 GMT",https://media.app.artisio.co/media/3fc437c0-fdbb-4208-955a-90293eab416d/inventory/4e112008-6014-4cf4-953a-f8fec32f873f/3aaf0a39-bebe-40e7-a1e3-c4bb597e15f1/0001_psohOR_sm.jpeg;https://media.app.artisio.co/media/3fc437c0-fdbb-4208-955a-90293eab416d/inventory/4e112008-6014-4cf4-953a-f8fec32f873f/53e30f8a-84c0-434d-ae40-815256a4a9fd/0002_VdEVqR_sm.jpeg;https://media.app.artisio.co/media/3fc437c0-fdbb-4208-955a-90293eab416d/inventory/4e112008-6014-4cf4-953a-f8fec32f873f/fe442ed7-bd90-4505-9025-458deb228f61/0003_HAsEaj_sm.jpeg,3,"{""artist_retail_right"": false, ""comments"": null, ""condition"": null, ""condition_report"": null, ""dimensions"": null, ""extra_text"": null, ""footnote"": null, ""header"": null, ""internal_reference"": null, ""literature"": null, ""origin_exhibition_lite"": null, ""painter_artist_school"": ""Johan Antoni de Jonge (1864-1927)"", ""period"": null, ""signature_dating"": ""signed 'JA de Jonge' (on the stretcher)"", ""technique_size"": ""oil on canvas, 81x61 cm (87x67 cm incl. frame)"", ""title"": ""Seated naked child"", ""total"": null, ""weight_size_quality"": null}"
9af17d65-9cc9-4844-9ac4-a946c29ccd57,105,26-0385/1,fbef6459-c238-43e4-b7ac-6357713358f6,713,Classic to Modern Art,"Schilderijen, aquarellen en tekeningen I",Reclining female nude on a sofa,"Emile Baes (Belgian, 1879-1953), Reclining female nude on a sofa","<h3>Painter / Artist / School</h3>Emile Baes (Belgian, 1879-1953)<h3>Technique / Size</h3>oil on canvas, 74x99 cm (98,5x124 cm incl. frame)<h3>Signature / Dating</h3>signed 'Emile Baes' (lower left)",published,EUR,1200.0,1800.0,1000.0,1000.0,,1,0,,,True,"Mon, 31 Aug 2026 08:00:00 GMT","Tue, 15 Sep 2026 17:54:00 GMT",https://media.app.artisio.co/media/3fc437c0-fdbb-4208-955a-90293eab416d/inventory/d4839974-cf22-43f8-8311-236a82e2e286/eef532a3-8edc-41f2-9987-a2ddec513d9e/0001_yEAkTI_sm.jpeg;https://media.app.artisio.co/media/3fc437c0-fdbb-4208-955a-90293eab416d/inventory/d4839974-cf22-43f8-8311-236a82e2e286/96d665a2-8e2d-45d8-9677-939d85c8f5d9/0002_WvSIqH_sm.jpeg;https://media.app.artisio.co/media/3fc437c0-fdbb-4208-955a-90293eab416d/inventory/d4839974-cf22-43f8-8311-236a82e2e286/171e6fa7-1d26-4d72-a1ac-9fa6eb323c1a/0003_LAuIls_sm.jpeg;https://media.app.artisio.co/media/3fc437c0-fdbb-4208-955a-90293eab416d/inventory/d4839974-cf22-43f8-8311-236a82e2e286/fd897d2e-513c-4d28-aec9-9ae036d272ce/0004_KJmCTi_sm.jpeg,4,"{""artist_retail_right"": false, ""comments"": null, ""condition"": null, ""condition_report"": null, ""dimensions"": null, ""extra_text"": null, ""footnote"": null, ""header"": null, ""internal_reference"": null, ""literature"": null, ""origin_exhibition_lite"": null, ""painter_artist_school"": ""Emile Baes (Belgian, 1879-1953)"", ""period"": null, ""signature_dating"": ""signed 'Emile Baes' (lower left)"", ""technique_size"": ""oil on canvas, 74x99 cm (98,5x124 cm incl. frame)"", ""title"": ""Reclining female nude on a sofa"", ""total"": null, ""weight_size_quality"": null}"
5d0cf0cb-2e12-4e07-85b1-6133f2966458,106,26-0141/1,fbef6459-c238-43e4-b7ac-6357713358f6,713,Classic to Modern Art,"Schilderijen, aquarellen en tekeningen I",Reclining nudes (2),"Arthur Spronken (1930-2018) , Reclining nudes (2)","<h3>Painter / Artist / School</h3>Arthur Spronken (1930-2018)<h3>Technique / Size</h3>I. pencil and charcoal on paper, 31x38 cm (39,5x46,5 cm incl. frame); II. ink on paper, 38,5x31 cm (47x39 cm incl. frame)<h3>Signature / Dating</h3>I. signed and dated in pencil 'Arthur/2011' (lower left); II. signed and dated in pencil 'Arthur/2011' (lower right)",published,EUR,400.0,600.0,200.0,200.0,,1,1,200.0,200.0,True,"Mon, 31 Aug 2026 08:00:00 GMT","Tue, 15 Sep 2026 17:54:00 GMT",https://media.app.artisio.co/media/3fc437c0-fdbb-4208-955a-90293eab416d/inventory/13180778-feb5-463b-857e-c5ec99e07ed3/b75b5caa-2ba5-49d7-a197-cb0c3e264e97/0001_qDbWya_sm.jpeg;https://media.app.artisio.co/media/3fc437c0-fdbb-4208-955a-90293eab416d/inventory/13180778-feb5-463b-857e-c5ec99e07ed3/3687531e-e8ec-4e5f-a91e-6706f0dc7f23/0001a_XmcjIJ_sm.jpeg;https://media.app.artisio.co/media/3fc437c0-fdbb-4208-955a-90293eab416d/inventory/13180778-feb5-463b-857e-c5ec99e07ed3/4234ab6d-6d67-4923-90a6-b25a5bcf9487/0002_dWQcZw_sm.jpeg;https://media.app.artisio.co/media/3fc437c0-fdbb-4208-955a-90293eab416d/inventory/13180778-feb5-463b-857e-c5ec99e07ed3/9ba2fb89-89d2-4d63-a0bf-07c78bdbe8f6/0003_SXtdUr_sm.jpeg;https://media.app.artisio.co/media/3fc437c0-fdbb-4208-955a-90293eab416d/inventory/13180778-feb5-463b-857e-c5ec99e07ed3/9d639524-fed9-4221-943f-bb2889434879/0004_HWeOWC_sm.jpeg;https://media.app.artisio.co/media/3fc437c0-fdbb-4208-955a-90293eab416d/inventory/13180778-feb5-463b-857e-c5ec99e07ed3/93f02b10-f509-47c6-9655-86393e6a5b33/0005_QgJFGZ_sm.jpeg;https://media.app.artisio.co/media/3fc437c0-fdbb-4208-955a-90293eab416d/inventory/13180778-feb5-463b-857e-c5ec99e07ed3/bd336d2a-fb0a-4e2a-b0ec-06d5099e3ffc/0006_GTshRK_sm.jpeg;https://media.app.artisio.co/media/3fc437c0-fdbb-4208-955a-90293eab416d/inventory/13180778-feb5-463b-857e-c5ec99e07ed3/b8509147-36b1-4945-85e0-6ae536eb70df/0007_WnYRST_sm.jpeg;https://media.app.artisio.co/media/3fc437c0-fdbb-4208-955a-90293eab416d/inventory/13180778-feb5-463b-857e-c5ec99e07ed3/0f1fe249-2237-41a3-bd01-5b6e5ab81630/0008_pIkyll_sm.jpeg,9,"{""artist_retail_right"": true, ""comments"": null, ""condition"": null, ""condition_report"": null, ""dimensions"": null, ""extra_text"": null, ""footnote"": null, ""header"": null, ""internal_reference"": null, ""literature"": null, ""origin_exhibition_lite"": null, ""painter_artist_school"": ""Arthur Spronken (1930-2018) "", ""period"": null, ""signature_dating"": ""I. signed and dated in pencil 'Arthur/2011' (lower left); II. signed and dated in pencil 'Arthur/2011' (lower right)"", ""technique_size"": ""I. pencil and charcoal on paper, 31x38 cm (39,5x46,5 cm incl. frame); II. ink on paper, 38,5x31 cm (47x39 cm incl. frame)"", ""title"": ""Reclining nudes (2)"", ""total"": null, ""weight_size_quality"": null}"
7d21c3c7-4324-4f79-bccc-f55828d9c1c1,107,26-0404/140,fbef6459-c238-43e4-b7ac-6357713358f6,713,Classic to Modern Art,Sculpturen,Buste of woman,Buste of woman,"<h3>Painter / Artist / School</h3>Hubert van Lith (1908-1977)<h3>Description</h3><p>chamotte, 33x14x56 cm</p>",published,EUR,400.0,600.0,300.0,300.0,,1,0,,,True,"Mon, 31 Aug 2026 08:00:00 GMT","Tue, 15 Sep 2026 17:54:00 GMT",https://media.app.artisio.co/media/3fc437c0-fdbb-4208-955a-90293eab416d/inventory/3aa4fd1f-11e0-4414-9bbe-41395812b74a/50337dae-5ed3-4041-b14d-108e62763e09/0001_PHrRoI_sm.jpeg;https://media.app.artisio.co/media/3fc437c0-fdbb-4208-955a-90293eab416d/inventory/3aa4fd1f-11e0-4414-9bbe-41395812b74a/4b4d2bba-b531-4af6-9d85-707154019919/0002_QSrfXa_sm.jpeg;https://media.app.artisio.co/media/3fc437c0-fdbb-4208-955a-90293eab416d/inventory/3aa4fd1f-11e0-4414-9bbe-41395812b74a/cc12cdcf-c95f-44eb-9341-22f7f6542244/0003_EqtxaP_sm.jpeg;https://media.app.artisio.co/media/3fc437c0-fdbb-4208-955a-90293eab416d/inventory/3aa4fd1f-11e0-4414-9bbe-41395812b74a/6a2c8eb1-aa32-4454-a361-22c951b00d8a/0004_QyfejO_sm.jpeg;https://media.app.artisio.co/media/3fc437c0-fdbb-4208-955a-90293eab416d/inventory/3aa4fd1f-11e0-4414-9bbe-41395812b74a/9c005801-0336-4a1d-89ee-a3c0c5639ee8/0005_jGqtoS_sm.jpeg,5,"{""artist_retail_right"": true, ""comments"": null, ""condition"": null, ""condition_report"": null, ""description"": ""<p>chamotte, 33x14x56 cm</p>"", ""dimensions"": null, ""footnote"": null, ""header"": null, ""internal_reference"": null, ""literature"": null, ""origin_exhibition_lite"": null, ""painter_artist_school"": ""Hubert van Lith (1908-1977)"", ""period"": null, ""title"": ""Buste of woman"", ""total"": null, ""weight_size_quality"": null}"
c09dfab6-f31f-4b0e-8073-a9b012a8b45c,108,26-0141/2,fbef6459-c238-43e4-b7ac-6357713358f6,713,Classic to Modern Art,Sculpturen,Pomona,Pomona,"<h3>Painter / Artist / School</h3>Tony van der Vorst (1946)<h3>Description</h3><p>patinated bronze sculpture, 14x11x43 cm</p><p>signed with initials and numbered ‘TVDV/IV–VIII’ (under the base)&nbsp;</p>",published,EUR,400.0,600.0,200.0,200.0,,1,1,200.0,200.0,True,"Mon, 31 Aug 2026 08:00:00 GMT","Tue, 15 Sep 2026 17:54:00 GMT",https://media.app.artisio.co/media/3fc437c0-fdbb-4208-955a-90293eab416d/inventory/8302373a-1864-43a5-92da-a45a44fe3c13/cdec0d37-3903-430c-88f7-06327f793a91/0001_ocMJyp_sm.jpeg;https://media.app.artisio.co/media/3fc437c0-fdbb-4208-955a-90293eab416d/inventory/8302373a-1864-43a5-92da-a45a44fe3c13/bde946f3-82ac-4c0a-9f40-6e789193f0c2/0002_RCyQkZ_sm.jpeg;https://media.app.artisio.co/media/3fc437c0-fdbb-4208-955a-90293eab416d/inventory/8302373a-1864-43a5-92da-a45a44fe3c13/e1d6adb9-79c5-4aa5-91c0-4020b21b11ba/0003_sSWIAh_sm.jpeg;https://media.app.artisio.co/media/3fc437c0-fdbb-4208-955a-90293eab416d/inventory/8302373a-1864-43a5-92da-a45a44fe3c13/9e277b53-fcff-4310-9c8f-769ecc8f0149/0004_bbycvS_sm.jpeg,4,"{""artist_retail_right"": true, ""comments"": ""<p>signed with initials and numbered ‘TVDV/IV–VIII’ (under the base)&nbsp;</p>"", ""condition"": null, ""condition_report"": null, ""description"": ""<p>patinated bronze sculpture, 14x11x43 cm</p><p>signed with initials and numbered ‘TVDV/IV–VIII’ (under the base)&nbsp;</p>"", ""dimensions"": null, ""footnote"": null, ""header"": null, ""internal_reference"": null, ""literature"": null, ""origin_exhibition_lite"": null, ""painter_artist_school"": ""Tony van der Vorst (1946)"", ""period"": null, ""title"": ""Pomona"", ""total"": null, ""weight_size_quality"": null}"
e5e1a5b0-d303-45d4-aa28-ffa50dacbd8f,109,26-0404/136,fbef6459-c238-43e4-b7ac-6357713358f6,713,Classic to Modern Art,Sculpturen,Dancer with tied ankles,Dancer with tied ankles,"<h3>Painter / Artist / School</h3>Leo Mouws (1949-1984)<h3>Description</h3><p>plastic, with fabric, on a stone base, 23x15x127x139 cm</p>",published,EUR,500.0,700.0,400.0,400.0,,1,0,,,True,"Mon, 31 Aug 2026 08:00:00 GMT","Tue, 15 Sep 2026 17:57:00 GMT",https://media.app.artisio.co/media/3fc437c0-fdbb-4208-955a-90293eab416d/inventory/9444bbb8-373d-4560-bffe-d0d3e741b345/705c6119-2a2c-427f-83f2-589df4edf03e/0001_rAZByA_sm.jpeg;https://media.app.artisio.co/media/3fc437c0-fdbb-4208-955a-90293eab416d/inventory/9444bbb8-373d-4560-bffe-d0d3e741b345/cbe39d93-5530-4996-9cbc-ed769c2aa9be/0002_tIgBPK_sm.jpeg;https://media.app.artisio.co/media/3fc437c0-fdbb-4208-955a-90293eab416d/inventory/9444bbb8-373d-4560-bffe-d0d3e741b345/7dab6cbe-0d93-47c7-a03a-7efaf588e5ab/0003_HcmbFi_sm.jpeg;https://media.app.artisio.co/media/3fc437c0-fdbb-4208-955a-90293eab416d/inventory/9444bbb8-373d-4560-bffe-d0d3e741b345/6e1e560a-c469-4de5-b42e-4dddb1cbc395/0004_GTnyJh_sm.jpeg,4,"{""artist_retail_right"": true, ""comments"": null, ""condition"": null, ""condition_report"": null, ""description"": ""<p>plastic, with fabric, on a stone base, 23x15x127x139 cm</p>"", ""dimensions"": null, ""footnote"": null, ""header"": null, ""internal_reference"": null, ""literature"": null, ""origin_exhibition_lite"": null, ""painter_artist_school"": ""Leo Mouws (1949-1984)"", ""period"": null, ""title"": ""Dancer with tied ankles"", ""total"": null, ""weight_size_quality"": null}"
68645c71-6b51-4fab-acaf-7be5d12a6473,110,26-0404/133,fbef6459-c238-43e4-b7ac-6357713358f6,713,Classic to Modern Art,Sculpturen,Dancer,Dancer,"<h3>Painter / Artist / School</h3>Leo Mouws (1949-1984)<h3>Description</h3><p>green patinated bronze sculpture, on a stone base, 22x17x128 cm (H 154 cm incl. base)</p>",published,EUR,2000.0,3000.0,1800.0,1800.0,,1,0,,,True,"Mon, 31 Aug 2026 08:00:00 GMT","Tue, 15 Sep 2026 17:57:00 GMT",https://media.app.artisio.co/media/3fc437c0-fdbb-4208-955a-90293eab416d/inventory/354bfdba-9575-44b5-b7f0-afea41906c4c/f9031514-014d-4884-a227-a47279df863d/0001_RkRYxA_sm.jpeg;https://media.app.artisio.co/media/3fc437c0-fdbb-4208-955a-90293eab416d/inventory/354bfdba-9575-44b5-b7f0-afea41906c4c/16bcd7b4-6460-4905-bf2c-1723b0b5cbbe/0002_WeqLaU_sm.jpeg;https://media.app.artisio.co/media/3fc437c0-fdbb-4208-955a-90293eab416d/inventory/354bfdba-9575-44b5-b7f0-afea41906c4c/e37bd278-d5de-4598-b79f-3ebeb33696f4/0003_erUdwN_sm.jpeg;https://media.app.artisio.co/media/3fc437c0-fdbb-4208-955a-90293eab416d/inventory/354bfdba-9575-44b5-b7f0-afea41906c4c/d2712c33-c9a2-49cd-9701-53fc9bbd37f6/0004_lmQosh_sm.jpeg,4,"{""artist_retail_right"": true, ""comments"": null, ""condition"": null, ""condition_report"": null, ""description"": ""<p>green patinated bronze sculpture, on a stone base, 22x17x128 cm (H 154 cm incl. base)</p>"", ""dimensions"": null, ""footnote"": null, ""header"": null, ""internal_reference"": null, ""literature"": null, ""origin_exhibition_lite"": null, ""painter_artist_school"": ""Leo Mouws (1949-1984)"", ""period"": null, ""title"": ""Dancer"", ""total"": null, ""weight_size_quality"": null}"
db0b292e-d528-4ffe-9244-fb5019bc7cc2,111,26-0404/137,fbef6459-c238-43e4-b7ac-6357713358f6,713,Classic to Modern Art,Sculpturen,Standing figure,Standing figure,"<h3>Painter / Artist / School</h3>Kiny Copinga-Scholten (1943)<h3>Description</h3><p>black patinated bronze sculpture, 18x12x108 cm</p><p>signed and dated ‘Kiny 95’ (on the base)</p>",published,EUR,700.0,1000.0,600.0,600.0,,1,0,,,True,"Mon, 31 Aug 2026 08:00:00 GMT","Tue, 15 Sep 2026 17:57:00 GMT",https://media.app.artisio.co/media/3fc437c0-fdbb-4208-955a-90293eab416d/inventory/2987ef4f-1c82-4e85-9685-5e31bc1f483b/d7c389fb-7146-4f01-a8af-3c03bdad48a2/0001_UHQRfV_sm.jpeg;https://media.app.artisio.co/media/3fc437c0-fdbb-4208-955a-90293eab416d/inventory/2987ef4f-1c82-4e85-9685-5e31bc1f483b/f5d73a3a-0c64-4898-afdc-f7c3d1283475/0002_iWzPlz_sm.jpeg;https://media.app.artisio.co/media/3fc437c0-fdbb-4208-955a-90293eab416d/inventory/2987ef4f-1c82-4e85-9685-5e31bc1f483b/9e3452de-e185-44a8-a787-9e9217b3fc71/0003_oYpwfZ_sm.jpeg;https://media.app.artisio.co/media/3fc437c0-fdbb-4208-955a-90293eab416d/inventory/2987ef4f-1c82-4e85-9685-5e31bc1f483b/fa04f5f9-8ffa-4e9f-a276-7a8a43a3ea6e/0004_wkamwf_sm.jpeg;https://media.app.artisio.co/media/3fc437c0-fdbb-4208-955a-90293eab416d/inventory/2987ef4f-1c82-4e85-9685-5e31bc1f483b/78d02f74-0260-4f0f-8359-0a1578e02e47/0005_yccsFY_sm.jpeg,5,"{""artist_retail_right"": true, ""comments"": null, ""condition"": null, ""condition_report"": null, ""description"": ""<p>black patinated bronze sculpture, 18x12x108 cm</p><p>signed and dated ‘Kiny 95’ (on the base)</p>"", ""dimensions"": null, ""footnote"": null, ""header"": null, ""internal_reference"": null, ""literature"": null, ""origin_exhibition_lite"": null, ""painter_artist_school"": ""Kiny Copinga-Scholten (1943)"", ""period"": null, ""title"": ""Standing figure"", ""total"": null, ""weight_size_quality"": null}"
42f7b274-2cde-4970-9faa-721869ec8e1e,112,26-0648/7,fbef6459-c238-43e4-b7ac-6357713358f6,713,Classic to Modern Art,"Schilderijen, aquarellen en tekeningen I",Woman sitting on a chair,"Gernot Kissel (German, 1939-2008), Woman sitting on a chair","<h3>Painter / Artist / School</h3>Gernot Kissel (German, 1939-2008)<h3>Technique / Size</h3>oil on canvas, 180x80 cm (184,5x84,5 cm incl. frame)<h3>Signature / Dating</h3>signed 'Kissel' (upper right)",published,EUR,800.0,1200.0,800.0,800.0,,1,0,,,True,"Mon, 31 Aug 2026 08:00:00 GMT","Tue, 15 Sep 2026 17:57:00 GMT",https://media.app.artisio.co/media/3fc437c0-fdbb-4208-955a-90293eab416d/inventory/da0eb008-c7ca-43b1-addd-ccf773f6bb55/809f6451-793a-4fe5-9b0d-9338cda9c9a1/0001_bcEfyu_sm.jpeg;https://media.app.artisio.co/media/3fc437c0-fdbb-4208-955a-90293eab416d/inventory/da0eb008-c7ca-43b1-addd-ccf773f6bb55/a40e0eac-45cd-4069-9a64-5654d41f6ab5/0002_ileQHb_sm.jpeg;https://media.app.artisio.co/media/3fc437c0-fdbb-4208-955a-90293eab416d/inventory/da0eb008-c7ca-43b1-addd-ccf773f6bb55/3546616d-0fbb-4e4e-9115-2fd7fff5583e/0003_AigBls_sm.jpeg;https://media.app.artisio.co/media/3fc437c0-fdbb-4208-955a-90293eab416d/inventory/da0eb008-c7ca-43b1-addd-ccf773f6bb55/4a2531bd-5b3d-4c2b-987e-a82226094803/0004_fYlJsc_sm.jpeg,4,"{""artist_retail_right"": true, ""comments"": ""<p>800-1.200 euro rpr</p>"", ""condition"": null, ""condition_report"": null, ""dimensions"": null, ""extra_text"": null, ""footnote"": null, ""header"": null, ""internal_reference"": null, ""literature"": null, ""origin_exhibition_lite"": null, ""painter_artist_school"": ""Gernot Kissel (German, 1939-2008)"", ""period"": null, ""signature_dating"": ""signed 'Kissel' (upper right)"", ""technique_size"": ""oil on canvas, 180x80 cm (184,5x84,5 cm incl. frame)"", ""title"": ""Woman sitting on a chair"", ""total"": null, ""weight_size_quality"": null}"
c30d110a-f7c2-437e-a0c6-f85f18b6e261,113,26-0648/8,fbef6459-c238-43e4-b7ac-6357713358f6,713,Classic to Modern Art,"Schilderijen, aquarellen en tekeningen I",Reclining woman with red dressing gown,"Gernot Kissel (German, 1939-2008), Reclining woman with red dressing gown","<h3>Painter / Artist / School</h3>Gernot Kissel (German, 1939-2008)<h3>Technique / Size</h3>oil on canvas, 100x120 cm (101x124 cm incl. frame)<h3>Signature / Dating</h3>signed 'Kissel' (upper right)",published,EUR,700.0,1000.0,700.0,700.0,,1,0,,,True,"Mon, 31 Aug 2026 08:00:00 GMT","Tue, 15 Sep 2026 17:57:00 GMT",https://media.app.artisio.co/media/3fc437c0-fdbb-4208-955a-90293eab416d/inventory/24afc536-a795-4ed9-9666-2ef187d8cf08/ec7cd9a1-0969-4a50-b104-a117c9054978/0001_eUkdul_sm.jpeg;https://media.app.artisio.co/media/3fc437c0-fdbb-4208-955a-90293eab416d/inventory/24afc536-a795-4ed9-9666-2ef187d8cf08/31a55510-97e7-4117-a643-b2b888bd4675/0002_lGLmDb_sm.jpeg;https://media.app.artisio.co/media/3fc437c0-fdbb-4208-955a-90293eab416d/inventory/24afc536-a795-4ed9-9666-2ef187d8cf08/243240a9-14fe-497d-86d5-68971b40ac19/0003_iflRUC_sm.jpeg;https://media.app.artisio.co/media/3fc437c0-fdbb-4208-955a-90293eab416d/inventory/24afc536-a795-4ed9-9666-2ef187d8cf08/dadc41fb-6f6b-4b3b-8f1c-0d1b70f24f81/0004_TOIudb_sm.jpeg,4,"{""artist_retail_right"": true, ""comments"": null, ""condition"": null, ""condition_report"": null, ""dimensions"": null, ""extra_text"": null, ""footnote"": null, ""header"": null, ""internal_reference"": null, ""literature"": null, ""origin_exhibition_lite"": null, ""painter_artist_school"": ""Gernot Kissel (German, 1939-2008)"", ""period"": null, ""signature_dating"": ""signed 'Kissel' (upper right)"", ""technique_size"": ""oil on canvas, 100x120 cm (101x124 cm incl. frame)"", ""title"": ""Reclining woman with red dressing gown"", ""total"": null, ""weight_size_quality"": null}"
c6d45f57-bc50-4bd8-bfdc-f791c9d83118,114,26-0404/80,fbef6459-c238-43e4-b7ac-6357713358f6,713,Classic to Modern Art,"Schilderijen, aquarellen en tekeningen I",Portrait of a lady wearing a hat,"Manner of Jan Wiegers (20th Century), Portrait of a lady wearing a hat","<h3>Painter / Artist / School</h3>Manner of Jan Wiegers (20th Century)<h3>Technique / Size</h3>oil on canvas, 51,5x36,5 cm (64x50 cm incl. frame)<h3>Signature / Dating</h3>with name 'Wiegers' (lower right)",published,EUR,1000.0,1500.0,900.0,900.0,,1,0,,,True,"Mon, 31 Aug 2026 08:00:00 GMT","Tue, 15 Sep 2026 17:57:00 GMT",https://media.app.artisio.co/media/3fc437c0-fdbb-4208-955a-90293eab416d/inventory/f0a92a1b-f577-4664-b27e-d8db24675355/34847eac-8b97-4ce9-9d42-eefe41e2cbd7/0001_HGkCLH_sm.jpeg;https://media.app.artisio.co/media/3fc437c0-fdbb-4208-955a-90293eab416d/inventory/f0a92a1b-f577-4664-b27e-d8db24675355/6e7abfe1-7279-46eb-8af1-147c806e527b/0002_QOhdDr_sm.jpeg;https://media.app.artisio.co/media/3fc437c0-fdbb-4208-955a-90293eab416d/inventory/f0a92a1b-f577-4664-b27e-d8db24675355/56e20d11-61e8-4224-8eb3-2f48f4f31620/0003_aWFbjC_sm.jpeg;https://media.app.artisio.co/media/3fc437c0-fdbb-4208-955a-90293eab416d/inventory/f0a92a1b-f577-4664-b27e-d8db24675355/bd54e291-43a8-48ea-9071-84ff0c0a72a2/0004_HLYPbm_sm.jpeg,4,"{""artist_retail_right"": false, ""comments"": null, ""condition"": null, ""condition_report"": null, ""dimensions"": null, ""extra_text"": null, ""footnote"": null, ""header"": null, ""internal_reference"": null, ""literature"": null, ""origin_exhibition_lite"": null, ""painter_artist_school"": ""Manner of Jan Wiegers (20th Century)"", ""period"": null, ""signature_dating"": ""with name 'Wiegers' (lower right)"", ""technique_size"": ""oil on canvas, 51,5x36,5 cm (64x50 cm incl. frame)"", ""title"": ""Portrait of a lady wearing a hat"", ""total"": null, ""weight_size_quality"": null}"
9d25af42-045a-4dc0-bcb2-c99a49257604,115,26-0404/94,fbef6459-c238-43e4-b7ac-6357713358f6,713,Classic to Modern Art,"Schilderijen, aquarellen en tekeningen I",Urinating man,"Melle (1908-1976), Urinating man","<h3>Painter / Artist / School</h3>Melle (1908-1976)<h3>Technique / Size</h3>watercolour on paper, 14,5x21,5 cm (32,5x40 cm incl. frame)<h3>Signature / Dating</h3>signed 'Melle' (lower right)",published,EUR,200.0,300.0,100.0,100.0,,1,0,,,True,"Mon, 31 Aug 2026 08:00:00 GMT","Tue, 15 Sep 2026 18:00:00 GMT",https://media.app.artisio.co/media/3fc437c0-fdbb-4208-955a-90293eab416d/inventory/488a6178-e25c-4aae-9f48-36665d34f273/fe7d344d-aeb0-4b40-8158-8952ed3f020d/0001_HuirSF_sm.jpeg;https://media.app.artisio.co/media/3fc437c0-fdbb-4208-955a-90293eab416d/inventory/488a6178-e25c-4aae-9f48-36665d34f273/b4a32d22-cf83-46d9-b5dd-8381d8ff537b/0002_onvqpB_sm.jpeg;https://media.app.artisio.co/media/3fc437c0-fdbb-4208-955a-90293eab416d/inventory/488a6178-e25c-4aae-9f48-36665d34f273/6b8e705b-2e62-4f23-aa24-1c8f8b6cee23/0003_pvFKhK_sm.jpeg;https://media.app.artisio.co/media/3fc437c0-fdbb-4208-955a-90293eab416d/inventory/488a6178-e25c-4aae-9f48-36665d34f273/c6f7183b-6014-4904-889c-3ad43adcf1d5/0004_ybMvXS_sm.jpeg,4,"{""artist_retail_right"": true, ""comments"": null, ""condition"": null, ""condition_report"": null, ""dimensions"": null, ""extra_text"": null, ""footnote"": null, ""header"": null, ""internal_reference"": null, ""literature"": null, ""origin_exhibition_lite"": null, ""painter_artist_school"": ""Melle (1908-1976)"", ""period"": null, ""signature_dating"": ""signed 'Melle' (lower right)"", ""technique_size"": ""watercolour on paper, 14,5x21,5 cm (32,5x40 cm incl. frame)"", ""title"": ""Urinating man"", ""total"": null, ""weight_size_quality"": null}"
5adae1ac-67ff-4937-8829-6e5c679ae867,116,26-0404/52,fbef6459-c238-43e4-b7ac-6357713358f6,713,Classic to Modern Art,"Schilderijen, aquarellen en tekeningen I",Untitled,"Melle (1908-1976), Untitled","<h3>Painter / Artist / School</h3>Melle (1908-1976)<h3>Technique / Size</h3>watercolour on paper, 12,5x28,5 cm (35,5x51 cm incl. frame)<h3>Signature / Dating</h3>signed 'Melle' (lower right)",published,EUR,300.0,500.0,200.0,200.0,,1,0,,,True,"Mon, 31 Aug 2026 08:00:00 GMT","Tue, 15 Sep 2026 18:00:00 GMT",https://media.app.artisio.co/media/3fc437c0-fdbb-4208-955a-90293eab416d/inventory/d2da32c9-0f6d-400b-9d70-aab64eb228bd/81ce50d4-23cf-4732-9716-f0650423253c/0001_quMIPN_sm.jpeg;https://media.app.artisio.co/media/3fc437c0-fdbb-4208-955a-90293eab416d/inventory/d2da32c9-0f6d-400b-9d70-aab64eb228bd/0674c985-421e-4737-bb64-29b379c32575/0002_WLsgDc_sm.jpeg;https://media.app.artisio.co/media/3fc437c0-fdbb-4208-955a-90293eab416d/inventory/d2da32c9-0f6d-400b-9d70-aab64eb228bd/35dfacab-df54-4ad5-bf92-18fd0ffbfb43/0003_IHitBC_sm.jpeg;https://media.app.artisio.co/media/3fc437c0-fdbb-4208-955a-90293eab416d/inventory/d2da32c9-0f6d-400b-9d70-aab64eb228bd/543a4292-1d95-4c65-84c7-2d588bdf6a92/0004_WdivJf_sm.jpeg,4,"{""artist_retail_right"": true, ""comments"": null, ""condition"": null, ""condition_report"": null, ""dimensions"": null, ""extra_text"": null, ""footnote"": null, ""header"": null, ""internal_reference"": null, ""literature"": null, ""origin_exhibition_lite"": null, ""painter_artist_school"": ""Melle (1908-1976)"", ""period"": null, ""signature_dating"": ""signed 'Melle' (lower right)"", ""technique_size"": ""watercolour on paper, 12,5x28,5 cm (35,5x51 cm incl. frame)"", ""title"": ""Untitled"", ""total"": null, ""weight_size_quality"": null}"
6c001098-9ae2-4038-a347-74a7c68aa477,117,26-0404/142,fbef6459-c238-43e4-b7ac-6357713358f6,713,Classic to Modern Art,"Schilderijen, aquarellen en tekeningen I",Horizons (10),"Melle (1908-1976), Horizons (10)","<h3>Painter / Artist / School</h3>Melle (1908-1976)<h3>Technique / Size</h3>eight watercolour and pencil on paper; two watercolour on paper, all unframed, various measurements from 16,5x29 cm to 49,5x62,5 cm<h3>Signature / Dating</h3>all signed 'Melle' (lower right)",published,EUR,1000.0,1500.0,900.0,900.0,,1,0,,,True,"Mon, 31 Aug 2026 08:00:00 GMT","Tue, 15 Sep 2026 18:00:00 GMT",https://media.app.artisio.co/media/3fc437c0-fdbb-4208-955a-90293eab416d/inventory/597c2650-0b5c-4d8b-96d1-75d6249a042f/2b10e792-30ca-4b52-b9c0-4883de5bcd67/0001_wrgSsO_sm.jpeg;https://media.app.artisio.co/media/3fc437c0-fdbb-4208-955a-90293eab416d/inventory/597c2650-0b5c-4d8b-96d1-75d6249a042f/035a0f7f-4396-4c87-a812-d019a5de2181/0002_HPsoju_sm.jpeg;https://media.app.artisio.co/media/3fc437c0-fdbb-4208-955a-90293eab416d/inventory/597c2650-0b5c-4d8b-96d1-75d6249a042f/15e7bec2-31fe-44e6-a26d-309b4224e747/0003_BZuiei_sm.jpeg;https://media.app.artisio.co/media/3fc437c0-fdbb-4208-955a-90293eab416d/inventory/597c2650-0b5c-4d8b-96d1-75d6249a042f/d5bfbc76-0f9b-41aa-9239-6998778e44ad/0004_zOtJuH_sm.jpeg;https://media.app.artisio.co/media/3fc437c0-fdbb-4208-955a-90293eab416d/inventory/597c2650-0b5c-4d8b-96d1-75d6249a042f/cd9c6366-12fc-4010-9fba-02840cef79f8/0005_JTLWJu_sm.jpeg;https://media.app.artisio.co/media/3fc437c0-fdbb-4208-955a-90293eab416d/inventory/597c2650-0b5c-4d8b-96d1-75d6249a042f/7ccffb9a-d389-41c4-b406-2e647fe5e20f/0006_VEUCDA_sm.jpeg;https://media.app.artisio.co/media/3fc437c0-fdbb-4208-955a-90293eab416d/inventory/597c2650-0b5c-4d8b-96d1-75d6249a042f/59987ab7-9bcd-431e-a2eb-906b182221f5/0007_jHusri_sm.jpeg;https://media.app.artisio.co/media/3fc437c0-fdbb-4208-955a-90293eab416d/inventory/597c2650-0b5c-4d8b-96d1-75d6249a042f/fc2f9a29-1dba-4d31-b250-ba691c9f397d/0008_avpieR_sm.jpeg;https://media.app.artisio.co/media/3fc437c0-fdbb-4208-955a-90293eab416d/inventory/597c2650-0b5c-4d8b-96d1-75d6249a042f/edb33ed8-6005-4be4-b634-463a12ded409/0009_qVlDnF_sm.jpeg;https://media.app.artisio.co/media/3fc437c0-fdbb-4208-955a-90293eab416d/inventory/597c2650-0b5c-4d8b-96d1-75d6249a042f/c366a058-52fb-4086-9ca8-4c2bddfc4879/0010_TeyOVq_sm.jpeg;https://media.app.artisio.co/media/3fc437c0-fdbb-4208-955a-90293eab416d/inventory/597c2650-0b5c-4d8b-96d1-75d6249a042f/0f02a782-7821-49af-b4c3-b06fc6c55a0d/0011_yuTGuQ_sm.jpeg;https://media.app.artisio.co/media/3fc437c0-fdbb-4208-955a-90293eab416d/inventory/597c2650-0b5c-4d8b-96d1-75d6249a042f/975ec9d7-6374-4d4d-b2eb-d3a6b2f8f643/0012_pNxZqN_sm.jpeg;https://media.app.artisio.co/media/3fc437c0-fdbb-4208-955a-90293eab416d/inventory/597c2650-0b5c-4d8b-96d1-75d6249a042f/23755441-462e-4df1-b055-f7496ec40988/0013_EpQckr_sm.jpeg;https://media.app.artisio.co/media/3fc437c0-fdbb-4208-955a-90293eab416d/inventory/597c2650-0b5c-4d8b-96d1-75d6249a042f/abc4eb0e-8d4d-4d62-9a0b-dbccd65e200e/0014_RCaPlS_sm.jpeg;https://media.app.artisio.co/media/3fc437c0-fdbb-4208-955a-90293eab416d/inventory/597c2650-0b5c-4d8b-96d1-75d6249a042f/86d0d21b-5b0a-4065-b85c-83776fc75476/0015_NZaCoZ_sm.jpeg;https://media.app.artisio.co/media/3fc437c0-fdbb-4208-955a-90293eab416d/inventory/597c2650-0b5c-4d8b-96d1-75d6249a042f/32e8a826-cf74-4a46-b97f-836e0e69eea0/0016_xntzVm_sm.jpeg;https://media.app.artisio.co/media/3fc437c0-fdbb-4208-955a-90293eab416d/inventory/597c2650-0b5c-4d8b-96d1-75d6249a042f/01b8a30b-77e2-48a2-951c-173124a404ff/0017_YluEkw_sm.jpeg;https://media.app.artisio.co/media/3fc437c0-fdbb-4208-955a-90293eab416d/inventory/597c2650-0b5c-4d8b-96d1-75d6249a042f/556a80e2-2ed9-4f2e-9a72-dd89d64652da/0018_EIoLqG_sm.jpeg;https://media.app.artisio.co/media/3fc437c0-fdbb-4208-955a-90293eab416d/inventory/597c2650-0b5c-4d8b-96d1-75d6249a042f/07e08cb2-32a0-4861-814c-1bc534119528/0019_REDuIq_sm.jpeg;https://media.app.artisio.co/media/3fc437c0-fdbb-4208-955a-90293eab416d/inventory/597c2650-0b5c-4d8b-96d1-75d6249a042f/1ccf54a4-acc7-443f-b6d5-9860a1eae78e/0020_ZwyipX_sm.jpeg;https://media.app.artisio.co/media/3fc437c0-fdbb-4208-955a-90293eab416d/inventory/597c2650-0b5c-4d8b-96d1-75d6249a042f/232ac2b4-b9a0-477d-b687-1ad8e7ac78d6/0021_BVCODS_sm.jpeg,21,"{""artist_retail_right"": true, ""comments"": null, ""condition"": null, ""condition_report"": null, ""dimensions"": null, ""extra_text"": null, ""footnote"": null, ""header"": null, ""internal_reference"": null, ""literature"": null, ""origin_exhibition_lite"": null, ""painter_artist_school"": ""Melle (1908-1976)"", ""period"": null, ""signature_dating"": ""all signed 'Melle' (lower right)"", ""technique_size"": ""eight watercolour and pencil on paper; two watercolour on paper, all unframed, various measurements from 16,5x29 cm to 49,5x62,5 cm"", ""title"": ""Horizons (10)"", ""total"": null, ""weight_size_quality"": null}"
97699118-9e30-4341-ab69-ea8bfd2f7b95,118,26-0404/143,fbef6459-c238-43e4-b7ac-6357713358f6,713,Classic to Modern Art,"Schilderijen, aquarellen en tekeningen I",Untitled (3),"Melle (1908-1976), Untitled (3)","<h3>Painter / Artist / School</h3>Melle (1908-1976)<h3>Technique / Size</h3>two pencil and watercolour on paper, each unframed, 36x48 cm; 17,5x29,5 cm; two watercolour on paper, framed in the same passe-partout, each unframed, 11,5x9 cm; 8x9 cm (passe-partout: 35x33 cm)<h3>Signature / Dating</h3>all signed 'Melle' (lower right)",published,EUR,500.0,800.0,400.0,400.0,,1,0,,,True,"Mon, 31 Aug 2026 08:00:00 GMT","Tue, 15 Sep 2026 18:00:00 GMT",https://media.app.artisio.co/media/3fc437c0-fdbb-4208-955a-90293eab416d/inventory/4e027ec3-576a-4b0d-a025-5ccd5b1dc265/fe436cd9-4d83-4ea3-80b8-b879b27558e1/0001_pmkcAz_sm.jpeg;https://media.app.artisio.co/media/3fc437c0-fdbb-4208-955a-90293eab416d/inventory/4e027ec3-576a-4b0d-a025-5ccd5b1dc265/40b7266b-15db-40b1-a288-14b9e8cdb304/0002_edDspd_sm.jpeg;https://media.app.artisio.co/media/3fc437c0-fdbb-4208-955a-90293eab416d/inventory/4e027ec3-576a-4b0d-a025-5ccd5b1dc265/71f0361e-7ee0-4e9c-854d-e20e6aaff6bb/0003_cXGKzY_sm.jpeg;https://media.app.artisio.co/media/3fc437c0-fdbb-4208-955a-90293eab416d/inventory/4e027ec3-576a-4b0d-a025-5ccd5b1dc265/66a90bfd-89b0-4e8d-902c-17d7f856e7ee/0004_JnKLba_sm.jpeg;https://media.app.artisio.co/media/3fc437c0-fdbb-4208-955a-90293eab416d/inventory/4e027ec3-576a-4b0d-a025-5ccd5b1dc265/c0501089-85c2-4418-82a9-b4d1e4d64062/0005_PekuHK_sm.jpeg;https://media.app.artisio.co/media/3fc437c0-fdbb-4208-955a-90293eab416d/inventory/4e027ec3-576a-4b0d-a025-5ccd5b1dc265/e35c6197-6f28-4643-b2ae-2f5dce5b51ca/0006_EKACgJ_sm.jpeg;https://media.app.artisio.co/media/3fc437c0-fdbb-4208-955a-90293eab416d/inventory/4e027ec3-576a-4b0d-a025-5ccd5b1dc265/a5890370-7600-4033-865e-744ec145afdf/0007_OfMqcV_sm.jpeg;https://media.app.artisio.co/media/3fc437c0-fdbb-4208-955a-90293eab416d/inventory/4e027ec3-576a-4b0d-a025-5ccd5b1dc265/775c3acb-9b61-4ae7-a748-2920a7cc4b95/0008_bdgFxO_sm.jpeg;https://media.app.artisio.co/media/3fc437c0-fdbb-4208-955a-90293eab416d/inventory/4e027ec3-576a-4b0d-a025-5ccd5b1dc265/f85ce6dd-b274-4207-9687-15c3ebc2193d/0009_lruiDF_sm.jpeg,9,"{""artist_retail_right"": true, ""comments"": null, ""condition"": null, ""condition_report"": null, ""dimensions"": null, ""extra_text"": null, ""footnote"": null, ""header"": null, ""internal_reference"": null, ""literature"": null, ""origin_exhibition_lite"": null, ""painter_artist_school"": ""Melle (1908-1976)"", ""period"": null, ""signature_dating"": ""all signed 'Melle' (lower right)"", ""technique_size"": ""two pencil and watercolour on paper, each unframed, 36x48 cm; 17,5x29,5 cm; two watercolour on paper, framed in the same passe-partout, each unframed, 11,5x9 cm; 8x9 cm (passe-partout: 35x33 cm)"", ""title"": ""Untitled (3)"", ""total"": null, ""weight_size_quality"": null}"
bd01bc66-8e84-4fba-a69a-ffc6b2985f32,119,26-0404/145,fbef6459-c238-43e4-b7ac-6357713358f6,713,Classic to Modern Art,"Schilderijen, aquarellen en tekeningen I",Untitled (8),"Melle (1908-1976), Untitled (8)","<h3>Painter / Artist / School</h3>Melle (1908-1976)<h3>Technique / Size</h3>four ink on paper; four pencil and ink on paper, all unframed, various measurements from 24x15 to cm 42x34 cm<h3>Signature / Dating</h3>seven signed 'Melle' (lower right); one signed with a stamp on the paper (lower right)",published,EUR,600.0,800.0,500.0,500.0,,1,0,,,True,"Mon, 31 Aug 2026 08:00:00 GMT","Tue, 15 Sep 2026 18:00:00 GMT",https://media.app.artisio.co/media/3fc437c0-fdbb-4208-955a-90293eab416d/inventory/cc516906-7c3a-4833-a617-cbd791835a25/27c01c9a-2283-4d52-8e27-c85f132006bc/0001_lctXcF_sm.jpeg;https://media.app.artisio.co/media/3fc437c0-fdbb-4208-955a-90293eab416d/inventory/cc516906-7c3a-4833-a617-cbd791835a25/0f2d3551-497a-4e38-a7d7-0b38640685be/0002_BGOXrx_sm.jpeg;https://media.app.artisio.co/media/3fc437c0-fdbb-4208-955a-90293eab416d/inventory/cc516906-7c3a-4833-a617-cbd791835a25/7688e21b-42a6-4191-95bb-0bb4bf9ab064/0003_xBsnuV_sm.jpeg;https://media.app.artisio.co/media/3fc437c0-fdbb-4208-955a-90293eab416d/inventory/cc516906-7c3a-4833-a617-cbd791835a25/8c36fb21-ea29-46ed-bc8b-d82af3b4fb94/0004_FlQRwI_sm.jpeg;https://media.app.artisio.co/media/3fc437c0-fdbb-4208-955a-90293eab416d/inventory/cc516906-7c3a-4833-a617-cbd791835a25/18d179f1-057f-49c3-8ce1-ce6da4e005c7/0005_jJWOPY_sm.jpeg;https://media.app.artisio.co/media/3fc437c0-fdbb-4208-955a-90293eab416d/inventory/cc516906-7c3a-4833-a617-cbd791835a25/9f64ab1c-04a4-48d0-a3e4-0191b8b887ce/0006_Ekynfq_sm.jpeg;https://media.app.artisio.co/media/3fc437c0-fdbb-4208-955a-90293eab416d/inventory/cc516906-7c3a-4833-a617-cbd791835a25/156eabcd-7d4a-47d2-8de3-f11028c8bfda/0007_kJFeOv_sm.jpeg;https://media.app.artisio.co/media/3fc437c0-fdbb-4208-955a-90293eab416d/inventory/cc516906-7c3a-4833-a617-cbd791835a25/ddd43149-677d-48b1-8c58-9e5461115004/0008_supvaD_sm.jpeg;https://media.app.artisio.co/media/3fc437c0-fdbb-4208-955a-90293eab416d/inventory/cc516906-7c3a-4833-a617-cbd791835a25/6378174a-cd01-4b7b-9691-0204148bdcc3/0009_cFTucf_sm.jpeg;https://media.app.artisio.co/media/3fc437c0-fdbb-4208-955a-90293eab416d/inventory/cc516906-7c3a-4833-a617-cbd791835a25/593f9f5e-3dfe-4e19-a981-2f48caa9838e/0010_cgBwzI_sm.jpeg;https://media.app.artisio.co/media/3fc437c0-fdbb-4208-955a-90293eab416d/inventory/cc516906-7c3a-4833-a617-cbd791835a25/603d5bae-e2e7-4c2c-9115-8da2811fea3e/0011_kwFgvc_sm.jpeg;https://media.app.artisio.co/media/3fc437c0-fdbb-4208-955a-90293eab416d/inventory/cc516906-7c3a-4833-a617-cbd791835a25/23fe66bf-7458-46a2-93fe-20316c213e0e/0012_pPzIKY_sm.jpeg;https://media.app.artisio.co/media/3fc437c0-fdbb-4208-955a-90293eab416d/inventory/cc516906-7c3a-4833-a617-cbd791835a25/9314b0fd-25ba-4107-ae0e-ddfff3956ce1/0013_mJhGIe_sm.jpeg;https://media.app.artisio.co/media/3fc437c0-fdbb-4208-955a-90293eab416d/inventory/cc516906-7c3a-4833-a617-cbd791835a25/09534528-1057-4112-b9c4-97721c235063/0014_wQLePH_sm.jpeg;https://media.app.artisio.co/media/3fc437c0-fdbb-4208-955a-90293eab416d/inventory/cc516906-7c3a-4833-a617-cbd791835a25/bc9d6610-1bc7-47a1-a575-578c165d628e/0015_IeuhXM_sm.jpeg;https://media.app.artisio.co/media/3fc437c0-fdbb-4208-955a-90293eab416d/inventory/cc516906-7c3a-4833-a617-cbd791835a25/55ca506b-8a01-4628-ae75-5a3cd5a2d396/0016_naLPrG_sm.jpeg;https://media.app.artisio.co/media/3fc437c0-fdbb-4208-955a-90293eab416d/inventory/cc516906-7c3a-4833-a617-cbd791835a25/706c2637-6999-431e-ae6b-29e8c9e62c11/0017_CqkxXG_sm.jpeg;https://media.app.artisio.co/media/3fc437c0-fdbb-4208-955a-90293eab416d/inventory/cc516906-7c3a-4833-a617-cbd791835a25/594b1e69-9248-4aef-962d-c86a3e5a24ef/0018_AXpfCu_sm.jpeg,18,"{""artist_retail_right"": true, ""comments"": null, ""condition"": null, ""condition_report"": null, ""dimensions"": null, ""extra_text"": null, ""footnote"": null, ""header"": null, ""internal_reference"": null, ""literature"": null, ""origin_exhibition_lite"": null, ""painter_artist_school"": ""Melle (1908-1976)"", ""period"": null, ""signature_dating"": ""seven signed 'Melle' (lower right); one signed with a stamp on the paper (lower right)"", ""technique_size"": ""four ink on paper; four pencil and ink on paper, all unframed, various measurements from 24x15 to cm 42x34 cm"", ""title"": ""Untitled (8)"", ""total"": null, ""weight_size_quality"": null}"
8e8e3036-e815-43a8-bb17-0b58e2046b37,120,26-0776/1,fbef6459-c238-43e4-b7ac-6357713358f6,713,Classic to Modern Art,"Schilderijen, aquarellen en tekeningen I",A large robust artist easel with a fully working winding handle for height adjustable and two side drawers in the adjustable canvas carrier,"Artist's easel of the painter Melle (1908-1976), A large robust artist easel with a fully working winding handle for height adjustable and two side drawers in the adjustable canvas carrier","<h3>Painter / Artist / School</h3>Artist's easel of the painter Melle (1908-1976)<h3>Technique / Size</h3>height 214 cm; width 73 cm; depth 68 cm<h3>Extra Text</h3><p>This lot is accompanied by four mahl sticks, a framed black and white photogprah of the artist in his studio and a folder with documentation and correspondence concerning the festivities of Melle's 60th birthday.&nbsp;</p>",published,EUR,300.0,500.0,200.0,200.0,,1,0,,,True,"Mon, 31 Aug 2026 08:00:00 GMT","Tue, 15 Sep 2026 18:00:00 GMT",https://media.app.artisio.co/media/3fc437c0-fdbb-4208-955a-90293eab416d/inventory/5d0c0f59-6398-47b5-83c3-b1b939ec0113/9e9d08bc-fa1e-4a5f-be8a-e319808f7d66/0001_XLtZVl_sm.jpeg;https://media.app.artisio.co/media/3fc437c0-fdbb-4208-955a-90293eab416d/inventory/5d0c0f59-6398-47b5-83c3-b1b939ec0113/f9262d69-d65b-4f2c-9fdd-bc081ff7d70a/0002_MJRapG_sm.jpeg;https://media.app.artisio.co/media/3fc437c0-fdbb-4208-955a-90293eab416d/inventory/5d0c0f59-6398-47b5-83c3-b1b939ec0113/f4ef7a53-1aa1-45da-b387-70ec7d16cf4b/0003_DSimhl_sm.jpeg,3,"{""artist_retail_right"": false, ""comments"": null, ""condition"": null, ""condition_report"": null, ""dimensions"": null, ""extra_text"": ""<p>This lot is accompanied by four mahl sticks, a framed black and white photogprah of the artist in his studio and a folder with documentation and correspondence concerning the festivities of Melle's 60th birthday.&nbsp;</p>"", ""footnote"": null, ""header"": null, ""internal_reference"": null, ""literature"": null, ""origin_exhibition_lite"": null, ""painter_artist_school"": ""Artist's easel of the painter Melle (1908-1976)"", ""period"": null, ""signature_dating"": null, ""technique_size"": ""height 214 cm; width 73 cm; depth 68 cm "", ""title"": ""A large robust artist easel with a fully working winding handle for height adjustable and two side drawers in the adjustable canvas carrier"", ""total"": null, ""weight_size_quality"": null}"
d39e1e54-f3f6-4c97-866b-ee7e7b5993e1,121,26-0404/141,fbef6459-c238-43e4-b7ac-6357713358f6,713,Classic to Modern Art,Sculpturen,Head of Melle,Head of Melle,"<h3>Painter / Artist / School</h3>Unknown artist (20th Century)<h3>Description</h3><p>gravel sculpture, 39x30x59 cm</p><p>remnants of moss growth&nbsp;</p>",published,EUR,300.0,500.0,200.0,200.0,,1,0,,,True,"Mon, 31 Aug 2026 08:00:00 GMT","Tue, 15 Sep 2026 18:03:00 GMT",https://media.app.artisio.co/media/3fc437c0-fdbb-4208-955a-90293eab416d/inventory/43f7908c-d231-4799-941f-490507a03c29/97c1ed19-ab95-4868-b373-dd674aecc84b/0001_aSUDtp_sm.jpeg;https://media.app.artisio.co/media/3fc437c0-fdbb-4208-955a-90293eab416d/inventory/43f7908c-d231-4799-941f-490507a03c29/c8c68cc4-bc70-4d25-9533-d13f14680fba/0002_Zhusna_sm.jpeg;https://media.app.artisio.co/media/3fc437c0-fdbb-4208-955a-90293eab416d/inventory/43f7908c-d231-4799-941f-490507a03c29/5f9d6563-24ff-4c24-9e1d-f8457839bf9d/0003_EOmOsS_sm.jpeg;https://media.app.artisio.co/media/3fc437c0-fdbb-4208-955a-90293eab416d/inventory/43f7908c-d231-4799-941f-490507a03c29/98a350de-df86-45ba-88dd-36ce1aafab41/0004_rKDHfp_sm.jpeg,4,"{""artist_retail_right"": false, ""comments"": null, ""condition"": null, ""condition_report"": null, ""description"": ""<p>gravel sculpture, 39x30x59 cm</p><p>remnants of moss growth&nbsp;</p>"", ""dimensions"": null, ""footnote"": null, ""header"": null, ""internal_reference"": null, ""literature"": null, ""origin_exhibition_lite"": null, ""painter_artist_school"": ""Unknown artist (20th Century)"", ""period"": null, ""title"": ""Head of Melle"", ""total"": null, ""weight_size_quality"": null}"
7edb0aee-8013-4653-9e79-d2ca4153fad2,122,26-0193/1,fbef6459-c238-43e4-b7ac-6357713358f6,713,Classic to Modern Art,"Schilderijen, aquarellen en tekeningen I","Figures skating on the ice, a woman with a dog walking towards the bridge ","Lodewijk Johannes Kleijn (1817-1897), Figures skating on the ice, a woman with a dog walking towards the bridge ","<h3>Painter / Artist / School</h3>Lodewijk Johannes Kleijn (1817-1897)<h3>Literature</h3><p>Provenance:<br>-Auction, Glerum, The Hague, 13 November 1995, lot 593.</p><h3>Technique / Size</h3>oil on panel, 34x52 cm (50x68 cm incl. frame)<h3>Signature / Dating</h3>signed 'LJ Kleijn' (lower right)",published,EUR,1200.0,1800.0,1200.0,1200.0,,1,0,,,True,"Mon, 31 Aug 2026 08:00:00 GMT","Tue, 15 Sep 2026 18:03:00 GMT",https://media.app.artisio.co/media/3fc437c0-fdbb-4208-955a-90293eab416d/inventory/767492c8-0b9d-4273-bcb3-d56214f44054/485dff13-6fd8-4090-ba97-19eb1eca16d2/0001_nfiZzt_sm.jpeg;https://media.app.artisio.co/media/3fc437c0-fdbb-4208-955a-90293eab416d/inventory/767492c8-0b9d-4273-bcb3-d56214f44054/afd0b912-e708-4521-9125-e5b43e576181/0002_KGTrpY_sm.jpeg;https://media.app.artisio.co/media/3fc437c0-fdbb-4208-955a-90293eab416d/inventory/767492c8-0b9d-4273-bcb3-d56214f44054/11c02762-22d4-4c77-acd1-460fa13d292d/0003_lsKvEy_sm.jpeg;https://media.app.artisio.co/media/3fc437c0-fdbb-4208-955a-90293eab416d/inventory/767492c8-0b9d-4273-bcb3-d56214f44054/d6814c0b-879f-453a-b61a-baaf1ab9a23a/0004_JqsTUP_sm.jpeg,4,"{""artist_retail_right"": false, ""comments"": ""<p><a href=\""https://rkd.nl/imageslite/3928144\"">https://rkd.nl/imageslite/3928144</a></p><p>RKD niks nieuws - SH</p>"", ""condition"": null, ""condition_report"": null, ""dimensions"": null, ""extra_text"": null, ""footnote"": null, ""header"": null, ""internal_reference"": null, ""literature"": ""<p>Provenance:<br>-Auction, Glerum, The Hague, 13 November 1995, lot 593.</p>"", ""origin_exhibition_lite"": null, ""painter_artist_school"": ""Lodewijk Johannes Kleijn (1817-1897)"", ""period"": null, ""signature_dating"": ""signed 'LJ Kleijn' (lower right)"", ""technique_size"": ""oil on panel, 34x52 cm (50x68 cm incl. frame)"", ""title"": ""Figures skating on the ice, a woman with a dog walking towards the bridge "", ""total"": null, ""weight_size_quality"": null}"
eb6ca386-982f-4444-bba7-360c3e85b6b8,123,26-0308/1,fbef6459-c238-43e4-b7ac-6357713358f6,713,Classic to Modern Art,"Schilderijen, aquarellen en tekeningen I",Ferry crossing the river by a Dutch town,"Jan Jacob Spohler (1811-1866), Ferry crossing the river by a Dutch town","<h3>Painter / Artist / School</h3>Jan Jacob Spohler (1811-1866)<h3>Literature</h3><p>Provenance:<br>-Auction, Sotheby's, Amsterdam, 24 April 2007, lot 77.<br>-Private collection, Ireland.</p><h3>Technique / Size</h3>oil on panel, 28,5x38,5 cm (45x54 cm incl. frame)<h3>Signature / Dating</h3>signed 'J.J. Spohler f.' (lower left)",published,EUR,1000.0,1500.0,900.0,900.0,2000.0,1,0,,,True,"Mon, 31 Aug 2026 08:00:00 GMT","Tue, 15 Sep 2026 18:03:00 GMT",https://media.app.artisio.co/media/3fc437c0-fdbb-4208-955a-90293eab416d/inventory/f8700e80-2569-4257-81f1-552d6d146574/e3f28921-1833-4278-9dfc-a9a7a1e4eaa1/0001_kBvNio_sm.jpeg;https://media.app.artisio.co/media/3fc437c0-fdbb-4208-955a-90293eab416d/inventory/f8700e80-2569-4257-81f1-552d6d146574/6e57222e-6796-4f1d-850f-d1a9846922c7/0002_CnoiIv_sm.jpeg;https://media.app.artisio.co/media/3fc437c0-fdbb-4208-955a-90293eab416d/inventory/f8700e80-2569-4257-81f1-552d6d146574/12b0c944-9d43-4e1f-ba01-9be15815c26e/0003_OvCKkl_sm.jpeg;https://media.app.artisio.co/media/3fc437c0-fdbb-4208-955a-90293eab416d/inventory/f8700e80-2569-4257-81f1-552d6d146574/da513299-51b3-4082-b082-ff1cdbb45ef7/0004_qEJdEy_sm.jpeg,4,"{""artist_retail_right"": false, ""comments"": ""<p>RKD niks nieuws, alleen vergelijkbaar werk Leickert (foto) - SH</p>"", ""condition"": null, ""condition_report"": null, ""dimensions"": null, ""extra_text"": null, ""footnote"": null, ""header"": null, ""internal_reference"": null, ""literature"": ""<p>Provenance:<br>-Auction, Sotheby's, Amsterdam, 24 April 2007, lot 77.<br>-Private collection, Ireland.</p>"", ""origin_exhibition_lite"": null, ""painter_artist_school"": ""Jan Jacob Spohler (1811-1866)"", ""period"": null, ""signature_dating"": ""signed 'J.J. Spohler f.' (lower left)"", ""technique_size"": ""oil on panel, 28,5x38,5 cm (45x54 cm incl. frame)"", ""title"": ""Ferry crossing the river by a Dutch town"", ""total"": null, ""weight_size_quality"": null}"
8a906221-9cd6-4641-a411-6714aa3cb25b,124,26-0308/3,fbef6459-c238-43e4-b7ac-6357713358f6,713,Classic to Modern Art,"Schilderijen, aquarellen en tekeningen I",Having a chat by the barn,"Andreas Schelfhout (1787-1870), Having a chat by the barn","<h3>Painter / Artist / School</h3>Andreas Schelfhout (1787-1870)<h3>Literature</h3><p>Provenance:<br>-Auction, Christie's, Amsterdam, 14 October 2008, lot 1.<br>-Private collection, Ireland.</p><h3>Technique / Size</h3>oil on panel, 30x40 cm (50x60 cm incl. frame)<h3>Signature / Dating</h3>signed 'A. Schelfhout f' (lower left)",published,EUR,1500.0,2500.0,1400.0,1400.0,,1,1,1400.0,1400.0,True,"Mon, 31 Aug 2026 08:00:00 GMT","Tue, 15 Sep 2026 18:03:00 GMT",https://media.app.artisio.co/media/3fc437c0-fdbb-4208-955a-90293eab416d/inventory/53dbd6de-115f-4ea2-8eb7-b2bfab9411a1/02baa334-7bc1-462f-8be5-ded281dfc91b/0001_IqZCKQ_sm.jpeg;https://media.app.artisio.co/media/3fc437c0-fdbb-4208-955a-90293eab416d/inventory/53dbd6de-115f-4ea2-8eb7-b2bfab9411a1/a41ccf22-2517-4bcd-b48b-eb10d32bfa0d/0002_cxUiky_sm.jpeg;https://media.app.artisio.co/media/3fc437c0-fdbb-4208-955a-90293eab416d/inventory/53dbd6de-115f-4ea2-8eb7-b2bfab9411a1/ecf1b3f9-e1af-435f-810c-9f69c8a04ba1/0002a_bHKVlZ_sm.jpeg;https://media.app.artisio.co/media/3fc437c0-fdbb-4208-955a-90293eab416d/inventory/53dbd6de-115f-4ea2-8eb7-b2bfab9411a1/a9a2c983-8e02-4b64-848b-3e0a36fe9dbc/0004_IPfbZP_sm.jpeg,4,"{""artist_retail_right"": false, ""comments"": ""<p><a href=\""https://rkd.nl/imageslite/4187671\"">https://rkd.nl/imageslite/4187671</a></p><p>RKD niks nieuws - SH</p>"", ""condition"": null, ""condition_report"": null, ""dimensions"": null, ""extra_text"": null, ""footnote"": null, ""header"": null, ""internal_reference"": null, ""literature"": ""<p>Provenance:<br>-Auction, Christie's, Amsterdam, 14 October 2008, lot 1.<br>-Private collection, Ireland.</p>"", ""origin_exhibition_lite"": null, ""painter_artist_school"": ""Andreas Schelfhout (1787-1870)"", ""period"": null, ""signature_dating"": ""signed 'A. Schelfhout f' (lower left)"", ""technique_size"": ""oil on panel, 30x40 cm (50x60 cm incl. frame)"", ""title"": ""Having a chat by the barn"", ""total"": null, ""weight_size_quality"": null}"
885f04b9-402b-47a9-b344-a59b079a7ab8,125,26-0308/24,fbef6459-c238-43e4-b7ac-6357713358f6,713,Classic to Modern Art,"Schilderijen, aquarellen en tekeningen I",Fisherfolk on the beach of Katwijk,"Désiré Donny (Belgian, 1798-1861), Fisherfolk on the beach of Katwijk","<h3>Painter / Artist / School</h3>Désiré Donny (Belgian, 1798-1861)<h3>Literature</h3><p>Provenance:<br>-Auction, Christie's, Amsterdam, 26 April 2006, lot 33.<br>-Private collection, Ireland.</p><h3>Technique / Size</h3>oil on panel, 25x35,5 cm (37x47,5 cm incl. frame)<h3>Signature / Dating</h3>signed and dated 'D: Donny 56' (lower right)",published,EUR,1000.0,1500.0,800.0,800.0,,1,0,,,True,"Mon, 31 Aug 2026 08:00:00 GMT","Tue, 15 Sep 2026 18:03:00 GMT",https://media.app.artisio.co/media/3fc437c0-fdbb-4208-955a-90293eab416d/inventory/5cafbfc8-ea8b-4e16-a2cb-fb890f3b606b/a9155941-d55f-4264-ab4a-5b2b10fcef45/0002_XOIOCj_sm.jpeg;https://media.app.artisio.co/media/3fc437c0-fdbb-4208-955a-90293eab416d/inventory/5cafbfc8-ea8b-4e16-a2cb-fb890f3b606b/52fc7968-35c6-4c4d-864b-0347e88eec05/0003_cMnEpV_sm.jpeg;https://media.app.artisio.co/media/3fc437c0-fdbb-4208-955a-90293eab416d/inventory/5cafbfc8-ea8b-4e16-a2cb-fb890f3b606b/971420dc-6b81-4d33-91be-0bd4c9a31e24/0004_DGnkgQ_sm.jpeg;https://media.app.artisio.co/media/3fc437c0-fdbb-4208-955a-90293eab416d/inventory/5cafbfc8-ea8b-4e16-a2cb-fb890f3b606b/9b3e8b20-f2f0-4c35-ba30-09200cd01126/0005_RnPUaZ_sm.jpeg,4,"{""artist_retail_right"": false, ""comments"": ""<p>https://rkd.nl/imageslite/3847640</p>"", ""condition"": null, ""condition_report"": null, ""dimensions"": null, ""extra_text"": null, ""footnote"": null, ""header"": null, ""internal_reference"": null, ""literature"": ""<p>Provenance:<br>-Auction, Christie's, Amsterdam, 26 April 2006, lot 33.<br>-Private collection, Ireland.</p>"", ""origin_exhibition_lite"": null, ""painter_artist_school"": ""Désiré Donny (Belgian, 1798-1861)"", ""period"": null, ""signature_dating"": ""signed and dated 'D: Donny 56' (lower right)"", ""technique_size"": ""oil on panel, 25x35,5 cm (37x47,5 cm incl. frame)"", ""title"": ""Fisherfolk on the beach of Katwijk"", ""total"": null, ""weight_size_quality"": null}"
f39cb059-516a-4d65-ac92-ab839f8de93f,126,26-0308/25,fbef6459-c238-43e4-b7ac-6357713358f6,713,Classic to Modern Art,"Schilderijen, aquarellen en tekeningen I",Figures in the streets of a Dutch town,"Cornelis Christiaan Dommersen (1842-1928), Figures in the streets of a Dutch town","<h3>Painter / Artist / School</h3>Cornelis Christiaan Dommersen (1842-1928)<h3>Literature</h3><p>Provenance:<br>-With The Cooling Galleries Ltd., London (label attached to the stretcher).<br>-Auction, Sotheby's, Amsterdam, 16 October 2007, lot 11.<br>-Private collection, Ireland.</p><h3>Technique / Size</h3>oil on canvas, 38,5x30,5 cm (50x42,5 cm incl. frame)<h3>Signature / Dating</h3>signed and dated 'C. Dommersen. 1873' (lower left)",published,EUR,800.0,1200.0,700.0,700.0,,1,0,,,True,"Mon, 31 Aug 2026 08:00:00 GMT","Tue, 15 Sep 2026 18:03:00 GMT",https://media.app.artisio.co/media/3fc437c0-fdbb-4208-955a-90293eab416d/inventory/e7ad77d2-ba7c-46f7-bfaf-49b9e63ca2b0/8c2a76e7-66bc-4ba9-a8cc-3eeff41795df/0002_VmnFgj_sm.jpeg;https://media.app.artisio.co/media/3fc437c0-fdbb-4208-955a-90293eab416d/inventory/e7ad77d2-ba7c-46f7-bfaf-49b9e63ca2b0/467d5d8d-17b9-4bf3-9eb1-9b20488e3e91/0003_xDpreu_sm.jpeg;https://media.app.artisio.co/media/3fc437c0-fdbb-4208-955a-90293eab416d/inventory/e7ad77d2-ba7c-46f7-bfaf-49b9e63ca2b0/287489ad-fa3a-44a8-9e6b-a64598530a6a/0004_uEFTwL_sm.jpeg;https://media.app.artisio.co/media/3fc437c0-fdbb-4208-955a-90293eab416d/inventory/e7ad77d2-ba7c-46f7-bfaf-49b9e63ca2b0/a442ec59-7a7b-4899-8e26-d7fc7ed3077f/0005_dDqHtO_sm.jpeg,4,"{""artist_retail_right"": false, ""comments"": null, ""condition"": null, ""condition_report"": null, ""dimensions"": null, ""extra_text"": null, ""footnote"": null, ""header"": null, ""internal_reference"": null, ""literature"": ""<p>Provenance:<br>-With The Cooling Galleries Ltd., London (label attached to the stretcher).<br>-Auction, Sotheby's, Amsterdam, 16 October 2007, lot 11.<br>-Private collection, Ireland.</p>"", ""origin_exhibition_lite"": null, ""painter_artist_school"": ""Cornelis Christiaan Dommersen (1842-1928)"", ""period"": null, ""signature_dating"": ""signed and dated 'C. Dommersen. 1873' (lower left)"", ""technique_size"": ""oil on canvas, 38,5x30,5 cm (50x42,5 cm incl. frame)"", ""title"": ""Figures in the streets of a Dutch town"", ""total"": null, ""weight_size_quality"": null}"
be2cb888-3106-4f6d-a80f-3baebdfce986,127,26-0308/34,fbef6459-c238-43e4-b7ac-6357713358f6,713,Classic to Modern Art,"Schilderijen, aquarellen en tekeningen I",Hay barge and other shipping by the coast,"Hendrik Willem Schweickardt (1746-1797), Hay barge and other shipping by the coast","<h3>Painter / Artist / School</h3>Hendrik Willem Schweickardt (1746-1797)<h3>Literature</h3><p>Provenance:<br>-Private collection, Ireland.</p><h3>Technique / Size</h3>oil on panel, 24,5x32,5 cm (44,5x52,5 cm incl. frame)<h3>Signature / Dating</h3>signed and dated 'HW Schweickardt/1777' (lower left)",published,EUR,700.0,1000.0,600.0,600.0,,1,0,,,True,"Mon, 31 Aug 2026 08:00:00 GMT","Tue, 15 Sep 2026 18:06:00 GMT",https://media.app.artisio.co/media/3fc437c0-fdbb-4208-955a-90293eab416d/inventory/10b0b234-188b-43be-9f5a-44250d6e538e/e018053f-6107-464b-8649-aefa58579c25/0002_LDnXWs_sm.jpeg;https://media.app.artisio.co/media/3fc437c0-fdbb-4208-955a-90293eab416d/inventory/10b0b234-188b-43be-9f5a-44250d6e538e/e492959c-ab19-4962-b3a8-33802ae11309/0003_ZbbfTF_sm.jpeg;https://media.app.artisio.co/media/3fc437c0-fdbb-4208-955a-90293eab416d/inventory/10b0b234-188b-43be-9f5a-44250d6e538e/a8cf8269-3b2c-49b6-a6e3-b69534a32ca7/0004_tEbwWG_sm.jpeg;https://media.app.artisio.co/media/3fc437c0-fdbb-4208-955a-90293eab416d/inventory/10b0b234-188b-43be-9f5a-44250d6e538e/18b16ada-30d7-46d4-a6dd-f9c9ff36388f/0005_RsyUyw_sm.jpeg,4,"{""artist_retail_right"": false, ""comments"": null, ""condition"": null, ""condition_report"": null, ""dimensions"": null, ""extra_text"": null, ""footnote"": null, ""header"": null, ""internal_reference"": null, ""literature"": ""<p>Provenance:<br>-Private collection, Ireland.</p>"", ""origin_exhibition_lite"": null, ""painter_artist_school"": ""Hendrik Willem Schweickardt (1746-1797)"", ""period"": null, ""signature_dating"": ""signed and dated 'HW Schweickardt/1777' (lower left)"", ""technique_size"": ""oil on panel, 24,5x32,5 cm (44,5x52,5 cm incl. frame)"", ""title"": ""Hay barge and other shipping by the coast"", ""total"": null, ""weight_size_quality"": null}"
446171d7-d6ff-4039-acf2-b285949106c0,128,26-0308/16,fbef6459-c238-43e4-b7ac-6357713358f6,713,Classic to Modern Art,"Schilderijen, aquarellen en tekeningen I",Frozen river landscape with figures on the ice near a koek-en-zopie ,"Johannes van Ravenswaay (1815-1849), Frozen river landscape with figures on the ice near a koek-en-zopie ","<h3>Painter / Artist / School</h3>Johannes van Ravenswaay (1815-1849)<h3>Literature</h3><p>Provenance:<br>-Auction, Christie's, London, 13 April 2011, lot 392A.<br>-Private collection, Ireland.</p><h3>Technique / Size</h3>oil on canvas, 46,5x56,5 cm<h3>Signature / Dating</h3>signed 'Jan v Ravenswaay.' (lower left)",published,EUR,1200.0,1800.0,1000.0,1000.0,,1,0,,,True,"Mon, 31 Aug 2026 08:00:00 GMT","Tue, 15 Sep 2026 18:06:00 GMT",https://media.app.artisio.co/media/3fc437c0-fdbb-4208-955a-90293eab416d/inventory/46a7108e-9eb0-4b3a-91cb-3eb2d4e0e018/27e42d75-950b-4401-a825-f0bd96bbe7ea/0002_LzdRCJ_sm.jpeg;https://media.app.artisio.co/media/3fc437c0-fdbb-4208-955a-90293eab416d/inventory/46a7108e-9eb0-4b3a-91cb-3eb2d4e0e018/60baf688-0e08-4fa9-9db3-8dcf6bd3be4d/0003_pRWHqG_sm.jpeg;https://media.app.artisio.co/media/3fc437c0-fdbb-4208-955a-90293eab416d/inventory/46a7108e-9eb0-4b3a-91cb-3eb2d4e0e018/1d08b136-f5dc-4639-b266-8b1dbfba8420/0004_ebkCce_sm.jpeg;https://media.app.artisio.co/media/3fc437c0-fdbb-4208-955a-90293eab416d/inventory/46a7108e-9eb0-4b3a-91cb-3eb2d4e0e018/f362886e-a586-4097-a0f7-b05005e920fd/0005_fDuEFj_sm.jpeg,4,"{""artist_retail_right"": false, ""comments"": null, ""condition"": null, ""condition_report"": null, ""dimensions"": null, ""extra_text"": null, ""footnote"": null, ""header"": null, ""internal_reference"": null, ""literature"": ""<p>Provenance:<br>-Auction, Christie's, London, 13 April 2011, lot 392A.<br>-Private collection, Ireland.</p>"", ""origin_exhibition_lite"": null, ""painter_artist_school"": ""Johannes van Ravenswaay (1815-1849)"", ""period"": null, ""signature_dating"": ""signed 'Jan v Ravenswaay.' (lower left)"", ""technique_size"": ""oil on canvas, 46,5x56,5 cm"", ""title"": ""Frozen river landscape with figures on the ice near a koek-en-zopie "", ""total"": null, ""weight_size_quality"": null}"
69995a31-4f9d-49f1-acef-fbb1107d2272,129,26-0308/26,fbef6459-c238-43e4-b7ac-6357713358f6,713,Classic to Modern Art,"Schilderijen, aquarellen en tekeningen I","'The Dunes near Schoorl, Holland'","Pieter Cornelis Dommersen (1834-1912), 'The Dunes near Schoorl, Holland'","<h3>Painter / Artist / School</h3>Pieter Cornelis Dommersen (1834-1912)<h3>Literature</h3><p>Provenance:<br>-Auction, Sotheby's, London, 17 July 2002, lot 346.<br>-Private collection, Ireland.</p><h3>Technique / Size</h3>oil on panel, 31x41 cm (44x54 cm incl. frame)<h3>Signature / Dating</h3>signed and dated 'P.C. Dommersen 1898-' (lower left); titled (on the reverse)",published,EUR,800.0,1200.0,700.0,700.0,,1,0,,,True,"Mon, 31 Aug 2026 08:00:00 GMT","Tue, 15 Sep 2026 18:06:00 GMT",https://media.app.artisio.co/media/3fc437c0-fdbb-4208-955a-90293eab416d/inventory/2c14d2df-8038-4f31-9289-c4834491bf88/91b41d2e-b474-4a48-bbbc-4a891e947303/0002_bgKPYC_sm.jpeg;https://media.app.artisio.co/media/3fc437c0-fdbb-4208-955a-90293eab416d/inventory/2c14d2df-8038-4f31-9289-c4834491bf88/dfc8cde7-7ba0-4444-b910-6e943c533999/0003_ZKZaDq_sm.jpeg;https://media.app.artisio.co/media/3fc437c0-fdbb-4208-955a-90293eab416d/inventory/2c14d2df-8038-4f31-9289-c4834491bf88/26a81cea-9fbd-4c58-a137-ff83a1846911/0004_SlVHXx_sm.jpeg;https://media.app.artisio.co/media/3fc437c0-fdbb-4208-955a-90293eab416d/inventory/2c14d2df-8038-4f31-9289-c4834491bf88/7f7be442-d5dd-4f13-93c9-38a704d67634/0005_msfRJv_sm.jpeg;https://media.app.artisio.co/media/3fc437c0-fdbb-4208-955a-90293eab416d/inventory/2c14d2df-8038-4f31-9289-c4834491bf88/ff137aa7-b6a0-4c54-a3ad-4f7c94bd8413/0006_yCruyd_sm.jpeg,5,"{""artist_retail_right"": false, ""comments"": null, ""condition"": null, ""condition_report"": null, ""dimensions"": null, ""extra_text"": null, ""footnote"": null, ""header"": null, ""internal_reference"": null, ""literature"": ""<p>Provenance:<br>-Auction, Sotheby's, London, 17 July 2002, lot 346.<br>-Private collection, Ireland.</p>"", ""origin_exhibition_lite"": null, ""painter_artist_school"": ""Pieter Cornelis Dommersen (1834-1912)"", ""period"": null, ""signature_dating"": ""signed and dated 'P.C. Dommersen 1898-' (lower left); titled (on the reverse)"", ""technique_size"": ""oil on panel, 31x41 cm (44x54 cm incl. frame)"", ""title"": ""'The Dunes near Schoorl, Holland'"", ""total"": null, ""weight_size_quality"": null}"
6886a6b3-cdcc-40ac-b557-cf76890d8ed6,130,26-0437/45,fbef6459-c238-43e4-b7ac-6357713358f6,713,Classic to Modern Art,"Schilderijen, aquarellen en tekeningen I",Ships in an estuary,"Johan Conrad Greive (1837-1891), Ships in an estuary","<h3>Painter / Artist / School</h3>Johan Conrad Greive (1837-1891)<h3>Literature</h3><p>Provenance:<br>-Auction, Sotheby’s, Amsterdam, 17 April 2000, lot 51.&nbsp;</p><h3>Technique / Size</h3>oil on panel, 16x27 cm (28x39 cm incl. frame)<h3>Signature / Dating</h3>indistinctly signed (lower right)",published,EUR,1000.0,1500.0,1000.0,1000.0,,1,0,,,True,"Mon, 31 Aug 2026 08:00:00 GMT","Tue, 15 Sep 2026 18:06:00 GMT",https://media.app.artisio.co/media/3fc437c0-fdbb-4208-955a-90293eab416d/inventory/a57672f5-5b37-4c1b-aa21-2e51b7ac7058/177534c6-3228-4c73-aa85-7ade5784c573/0001_NWmKPc_sm.jpeg;https://media.app.artisio.co/media/3fc437c0-fdbb-4208-955a-90293eab416d/inventory/a57672f5-5b37-4c1b-aa21-2e51b7ac7058/f1cad9a4-ae63-4b83-bc82-c63a9ae46737/0002_NoztXC_sm.jpeg;https://media.app.artisio.co/media/3fc437c0-fdbb-4208-955a-90293eab416d/inventory/a57672f5-5b37-4c1b-aa21-2e51b7ac7058/60e090fc-4e92-4c56-a76c-e4416c69b1af/0003_vpqDjK_sm.jpeg;https://media.app.artisio.co/media/3fc437c0-fdbb-4208-955a-90293eab416d/inventory/a57672f5-5b37-4c1b-aa21-2e51b7ac7058/9bef024d-20f5-47e0-ae2f-b428f03bde94/0004_xBKQao_sm.jpeg,4,"{""artist_retail_right"": false, ""comments"": ""<p>https://rkd.nl/imageslite/4149379 &nbsp;https://rkd.nl/imageslite/4017669</p>"", ""condition"": null, ""condition_report"": null, ""dimensions"": null, ""extra_text"": null, ""footnote"": null, ""header"": null, ""internal_reference"": null, ""literature"": ""<p>Provenance:<br>-Auction, Sotheby’s, Amsterdam, 17 April 2000, lot 51.&nbsp;</p>"", ""origin_exhibition_lite"": null, ""painter_artist_school"": ""Johan Conrad Greive (1837-1891)"", ""period"": null, ""signature_dating"": ""indistinctly signed (lower right)"", ""technique_size"": ""oil on panel, 16x27 cm (28x39 cm incl. frame)"", ""title"": ""Ships in an estuary"", ""total"": null, ""weight_size_quality"": null}"
8d3781e3-d3cd-4270-85c4-f03949408452,131,26-0460/4,fbef6459-c238-43e4-b7ac-6357713358f6,713,Classic to Modern Art,"Schilderijen, aquarellen en tekeningen I",Poultry near a ruin,"Albertus Verhoesen (1806-1881) , Poultry near a ruin","<h3>Painter / Artist / School</h3>Albertus Verhoesen (1806-1881)<h3>Technique / Size</h3>oil on panel, 17x21 cm (23x27 cm incl. frame)<h3>Signature / Dating</h3>signed 'A. Verhoesen' (lower left)",published,EUR,1000.0,1500.0,1000.0,1000.0,,1,0,,,True,"Mon, 31 Aug 2026 08:00:00 GMT","Tue, 15 Sep 2026 18:06:00 GMT",https://media.app.artisio.co/media/3fc437c0-fdbb-4208-955a-90293eab416d/inventory/318b28ef-0f60-4182-ada6-6d14dee6d631/d941f8b0-e682-44d9-a821-04a7944dcdc7/0001_AxvTco_sm.jpeg;https://media.app.artisio.co/media/3fc437c0-fdbb-4208-955a-90293eab416d/inventory/318b28ef-0f60-4182-ada6-6d14dee6d631/7cc03e8d-a318-4abf-966c-452be1b12aa0/0002_vzZner_sm.jpeg;https://media.app.artisio.co/media/3fc437c0-fdbb-4208-955a-90293eab416d/inventory/318b28ef-0f60-4182-ada6-6d14dee6d631/d2e486f6-f1b4-4dc6-a286-d43addfce599/0003_ymAUII_sm.jpeg;https://media.app.artisio.co/media/3fc437c0-fdbb-4208-955a-90293eab416d/inventory/318b28ef-0f60-4182-ada6-6d14dee6d631/bd4c95b1-ea83-487e-a325-5d3d0c8e0eaf/0004_NRCxqZ_sm.jpeg,4,"{""artist_retail_right"": false, ""comments"": null, ""condition"": null, ""condition_report"": null, ""dimensions"": null, ""extra_text"": null, ""footnote"": null, ""header"": null, ""internal_reference"": null, ""literature"": null, ""origin_exhibition_lite"": null, ""painter_artist_school"": ""Albertus Verhoesen (1806-1881) "", ""period"": null, ""signature_dating"": ""signed 'A. Verhoesen' (lower left)"", ""technique_size"": ""oil on panel, 17x21 cm (23x27 cm incl. frame)"", ""title"": ""Poultry near a ruin"", ""total"": null, ""weight_size_quality"": null}"
f1a9b5ba-4e7e-4924-ad5e-4e78a2abb82f,132,26-0460/6,fbef6459-c238-43e4-b7ac-6357713358f6,713,Classic to Modern Art,"Schilderijen, aquarellen en tekeningen I",Winter landscape with skaters by a windmill,"Lodewijk Johannes Kleijn (1817-1897), Winter landscape with skaters by a windmill","<h3>Painter / Artist / School</h3>Lodewijk Johannes Kleijn (1817-1897)<h3>Technique / Size</h3>oil on panel, 25x30 cm (35,5x41,5 cm incl. frame)<h3>Signature / Dating</h3>signed 'LJ Kleijn f' (lower right)",published,EUR,2000.0,3000.0,2000.0,2000.0,,1,1,2000.0,2000.0,True,"Mon, 31 Aug 2026 08:00:00 GMT","Tue, 15 Sep 2026 18:06:00 GMT",https://media.app.artisio.co/media/3fc437c0-fdbb-4208-955a-90293eab416d/inventory/0ea25e20-882d-491b-8df9-1621b5470053/b7d688b7-ffa6-4af1-aaf1-4f5bed63e677/0001_rhMTkd_sm.jpeg;https://media.app.artisio.co/media/3fc437c0-fdbb-4208-955a-90293eab416d/inventory/0ea25e20-882d-491b-8df9-1621b5470053/13f9a5eb-9095-4971-b663-0732cc2a102d/0002_htvbSU_sm.jpeg;https://media.app.artisio.co/media/3fc437c0-fdbb-4208-955a-90293eab416d/inventory/0ea25e20-882d-491b-8df9-1621b5470053/467bc36a-87e7-4e5d-ae41-2ec0266f0a33/0003_NMABXq_sm.jpeg;https://media.app.artisio.co/media/3fc437c0-fdbb-4208-955a-90293eab416d/inventory/0ea25e20-882d-491b-8df9-1621b5470053/86ed7d70-6544-4966-9756-c19434fc9a79/0004_KtzDZe_sm.jpeg,4,"{""artist_retail_right"": false, ""comments"": null, ""condition"": null, ""condition_report"": null, ""dimensions"": null, ""extra_text"": null, ""footnote"": null, ""header"": null, ""internal_reference"": null, ""literature"": null, ""origin_exhibition_lite"": null, ""painter_artist_school"": ""Lodewijk Johannes Kleijn (1817-1897)"", ""period"": null, ""signature_dating"": ""signed 'LJ Kleijn f' (lower right)"", ""technique_size"": ""oil on panel, 25x30 cm (35,5x41,5 cm incl. frame)"", ""title"": ""Winter landscape with skaters by a windmill"", ""total"": null, ""weight_size_quality"": null}"
be53865e-96a3-410c-a172-bc714b5fd0ac,133,26-0246/5,fbef6459-c238-43e4-b7ac-6357713358f6,713,Classic to Modern Art,"Schilderijen, aquarellen en tekeningen I",Figures in a Dutch wintery street ,"Circle of Charles Leickert (around 1900), Figures in a Dutch wintery street ","<h3>Painter / Artist / School</h3>Circle of Charles Leickert (around 1900)<h3>Literature</h3><p>Provenance:<br>-In the collection of the present owner for over 50 years.</p><h3>Technique / Size</h3>oil on panel, 32x25,5 cm (55x49 cm incl. frame)<h3>Signature / Dating</h3>bears signature 'Ch. Leickert f' (lower left)",published,EUR,600.0,900.0,500.0,500.0,,1,0,,,True,"Mon, 31 Aug 2026 08:00:00 GMT","Tue, 15 Sep 2026 18:09:00 GMT",https://media.app.artisio.co/media/3fc437c0-fdbb-4208-955a-90293eab416d/inventory/a218bfe7-adde-4d5f-9f0e-839cc43c8110/bb727803-1a79-48f6-a39b-d6a5dd2563ce/0001_mUyTlJ_sm.jpeg;https://media.app.artisio.co/media/3fc437c0-fdbb-4208-955a-90293eab416d/inventory/a218bfe7-adde-4d5f-9f0e-839cc43c8110/5a6354a4-f0fc-46b0-8830-6543a16a7c42/0002_WPZAJM_sm.jpeg;https://media.app.artisio.co/media/3fc437c0-fdbb-4208-955a-90293eab416d/inventory/a218bfe7-adde-4d5f-9f0e-839cc43c8110/4068fed4-aeb9-4e8d-94b6-a55b6cef8158/0003_XYwnlZ_sm.jpeg;https://media.app.artisio.co/media/3fc437c0-fdbb-4208-955a-90293eab416d/inventory/a218bfe7-adde-4d5f-9f0e-839cc43c8110/16ddce49-cbde-41b2-8863-97e9943db382/0004_qZcVZZ_sm.jpeg,4,"{""artist_retail_right"": false, ""comments"": ""<p>Toch niet goed te keuren. Te zwak in schildertoets. Voorstel: Holl. School (rond 1900). 600-900 euro. <i>In collectie van de familie sinds ruim 50 jaar.</i></p><p>Bekende compositie, maar deze niet bekend in viewer RKD</p><p>Bijna zelfde werk van Vertin: https://www.invaluable.com/auction-lot/pieter-gerardus-vertin-1957-c-0134d4f893 - SH</p>"", ""condition"": ""mail 27-5-26: Ik ga ermee akkoord om het 'Leickert' schilderij in de veiling van September te verkopen (met uw mooie omschrijving) met een richtprijs van € 600-800 (startprijs €500)."", ""condition_report"": null, ""dimensions"": null, ""extra_text"": null, ""footnote"": null, ""header"": null, ""internal_reference"": null, ""literature"": ""<p>Provenance:<br>-In the collection of the present owner for over 50 years.</p>"", ""origin_exhibition_lite"": null, ""painter_artist_school"": ""Circle of Charles Leickert (around 1900)"", ""period"": null, ""signature_dating"": ""bears signature 'Ch. Leickert f' (lower left)"", ""technique_size"": ""oil on panel, 32x25,5 cm (55x49 cm incl. frame)"", ""title"": ""Figures in a Dutch wintery street "", ""total"": null, ""weight_size_quality"": null}"
156db8fd-01c3-46a6-8754-61275ff7e26d,134,26-0127/8,fbef6459-c238-43e4-b7ac-6357713358f6,713,Classic to Modern Art,"Schilderijen, aquarellen en tekeningen I","I. Fishing boats on calm water by the coast; II. Fishing boats on choppy waters, a steamer in the distance","Charles Louis Verboeckhoven (Belgian, 1802-1889), I. Fishing boats on calm water by the coast; II. Fishing boats on choppy waters, a steamer in the distance","<h3>Painter / Artist / School</h3>Charles Louis Verboeckhoven (Belgian, 1802-1889)<h3>Technique / Size</h3>both oil on panel, 23,5x34,5 cm (34x45 cm incl. frame)<h3>Signature / Dating</h3>both signed 'Louis Verboeckhoven' (I. lower right; II. lower left)",published,EUR,1500.0,2000.0,1300.0,,,1,0,,,True,"Mon, 31 Aug 2026 08:00:00 GMT","Tue, 15 Sep 2026 18:09:00 GMT",https://media.app.artisio.co/media/3fc437c0-fdbb-4208-955a-90293eab416d/inventory/ec7d5d45-fad5-4531-8475-ac45f835f2b7/f01172be-1a6a-479a-8260-2db01b2c202c/0001_csGQOg_sm.jpeg;https://media.app.artisio.co/media/3fc437c0-fdbb-4208-955a-90293eab416d/inventory/ec7d5d45-fad5-4531-8475-ac45f835f2b7/d8ac9576-262b-4539-ba7d-90d1b8827f81/0002_aytngK_sm.jpeg;https://media.app.artisio.co/media/3fc437c0-fdbb-4208-955a-90293eab416d/inventory/ec7d5d45-fad5-4531-8475-ac45f835f2b7/da9b3bb5-2ea2-4aa1-9b54-143a516bb8c7/0003_nbhOja_sm.jpeg;https://media.app.artisio.co/media/3fc437c0-fdbb-4208-955a-90293eab416d/inventory/ec7d5d45-fad5-4531-8475-ac45f835f2b7/0e28d694-8673-484b-a471-799274da0035/0003a_oFWXQv_sm.jpeg;https://media.app.artisio.co/media/3fc437c0-fdbb-4208-955a-90293eab416d/inventory/ec7d5d45-fad5-4531-8475-ac45f835f2b7/535ee0a7-6a92-4c17-a0ba-38871c5b180c/0004_ZaZQWF_sm.jpeg;https://media.app.artisio.co/media/3fc437c0-fdbb-4208-955a-90293eab416d/inventory/ec7d5d45-fad5-4531-8475-ac45f835f2b7/3d154409-ec1d-4186-a557-dcc191ad929a/0006_vjBhdI_sm.jpeg;https://media.app.artisio.co/media/3fc437c0-fdbb-4208-955a-90293eab416d/inventory/ec7d5d45-fad5-4531-8475-ac45f835f2b7/dd384ab2-c4a3-4d79-aaaf-b353e562ef88/0007_jYQVyn_sm.jpeg;https://media.app.artisio.co/media/3fc437c0-fdbb-4208-955a-90293eab416d/inventory/ec7d5d45-fad5-4531-8475-ac45f835f2b7/fcd67658-921d-4d6c-b00c-773b12bc2749/0007a_kAHAZb_sm.jpeg;https://media.app.artisio.co/media/3fc437c0-fdbb-4208-955a-90293eab416d/inventory/ec7d5d45-fad5-4531-8475-ac45f835f2b7/7af7f3b1-fcee-4569-b49e-ccf55c328d2d/0007b_PBaXxt_sm.jpeg,9,"{""artist_retail_right"": false, ""comments"": ""<p>These two paintings have been shown on ‘Tussen Kunst & Kitsch’.<br>Eline weet er meer van (zijn ook foto s van )</p>"", ""condition"": null, ""condition_report"": null, ""dimensions"": null, ""extra_text"": """", ""footnote"": null, ""header"": null, ""internal_reference"": null, ""literature"": null, ""origin_exhibition_lite"": null, ""painter_artist_school"": ""Charles Louis Verboeckhoven (Belgian, 1802-1889)"", ""period"": null, ""signature_dating"": ""both signed 'Louis Verboeckhoven' (I. lower right; II. lower left)"", ""technique_size"": ""both oil on panel, 23,5x34,5 cm (34x45 cm incl. frame)"", ""title"": ""I. Fishing boats on calm water by the coast; II. Fishing boats on choppy waters, a steamer in the distance"", ""total"": null, ""weight_size_quality"": null}"
8d310b04-2a92-46f3-99df-2febe1e19d94,135,26-0272/7,fbef6459-c238-43e4-b7ac-6357713358f6,713,Classic to Modern Art,"Schilderijen, aquarellen en tekeningen I",Figures by the shore of Kampen,"William Raymond Dommersen (Dutch/English, 1850-1927), Figures by the shore of Kampen","<h3>Painter / Artist / School</h3>William Raymond Dommersen (Dutch/English, 1850-1927)<h3>Technique / Size</h3>oil on canvas, 40,5x60,5 cm (66x86 cm incl. frame)<h3>Signature / Dating</h3>signed 'W Dommersen' (lower right)",published,EUR,800.0,1200.0,600.0,,,1,0,,,True,"Mon, 31 Aug 2026 08:00:00 GMT","Tue, 15 Sep 2026 18:09:00 GMT",https://media.app.artisio.co/media/3fc437c0-fdbb-4208-955a-90293eab416d/inventory/6a11943f-47c9-438e-be32-b97417ca1e59/2433d9e6-4ca2-42ec-af41-4c7f02088687/0001_OTdDbV_sm.jpeg;https://media.app.artisio.co/media/3fc437c0-fdbb-4208-955a-90293eab416d/inventory/6a11943f-47c9-438e-be32-b97417ca1e59/d82d800e-807b-4b1f-864c-ec315341e17e/0002_zYMeXi_sm.jpeg;https://media.app.artisio.co/media/3fc437c0-fdbb-4208-955a-90293eab416d/inventory/6a11943f-47c9-438e-be32-b97417ca1e59/836e60c8-6193-476f-92dc-a590f6e95469/0003_VgzaPN_sm.jpeg;https://media.app.artisio.co/media/3fc437c0-fdbb-4208-955a-90293eab416d/inventory/6a11943f-47c9-438e-be32-b97417ca1e59/7ed5904f-c438-442a-ada6-372d6358ee2c/0004_SfObtp_sm.jpeg,4,"{""artist_retail_right"": false, ""comments"": null, ""condition"": null, ""condition_report"": null, ""dimensions"": null, ""extra_text"": null, ""footnote"": null, ""header"": null, ""internal_reference"": null, ""literature"": null, ""origin_exhibition_lite"": null, ""painter_artist_school"": ""William Raymond Dommersen (Dutch/English, 1850-1927)"", ""period"": null, ""signature_dating"": ""signed 'W Dommersen' (lower right)"", ""technique_size"": ""oil on canvas, 40,5x60,5 cm (66x86 cm incl. frame)"", ""title"": ""Figures by the shore of Kampen"", ""total"": null, ""weight_size_quality"": null}"
63091aeb-8f93-4ee3-9d30-ff60464f36ad,136,26-0437/40,fbef6459-c238-43e4-b7ac-6357713358f6,713,Classic to Modern Art,"Schilderijen, aquarellen en tekeningen I",Elegant company on the terrace,"Charles Rochussen (1814-1894), Elegant company on the terrace","<h3>Painter / Artist / School</h3>Charles Rochussen (1814-1894)<h3>Literature</h3><p>Provenance:<br>-Auction, Christie’s, Amsterdam, 3 February 2004, lot 125.&nbsp;</p><h3>Technique / Size</h3>oil on panel, 20x27 cm (32x38 cm incl. frame)<h3>Signature / Dating</h3>signed and dated 'C. Rochussen 52' (lower right)",published,EUR,800.0,1200.0,800.0,800.0,,1,0,,,True,"Mon, 31 Aug 2026 08:00:00 GMT","Tue, 15 Sep 2026 18:09:00 GMT",https://media.app.artisio.co/media/3fc437c0-fdbb-4208-955a-90293eab416d/inventory/db0c7b72-0c68-45b3-b243-85b5da0d1488/2c23d8d3-ef73-4679-ab0a-0722d3487c6d/0001_FcsHUB_sm.jpeg;https://media.app.artisio.co/media/3fc437c0-fdbb-4208-955a-90293eab416d/inventory/db0c7b72-0c68-45b3-b243-85b5da0d1488/c0bcb2e1-e6c4-4ce0-ab42-b58743242c71/0002_dQkwxc_sm.jpeg;https://media.app.artisio.co/media/3fc437c0-fdbb-4208-955a-90293eab416d/inventory/db0c7b72-0c68-45b3-b243-85b5da0d1488/2e942855-0c8f-41cc-b860-0c91f2d4aee5/0003_kVoeGj_sm.jpeg;https://media.app.artisio.co/media/3fc437c0-fdbb-4208-955a-90293eab416d/inventory/db0c7b72-0c68-45b3-b243-85b5da0d1488/ad346237-f44d-48fe-8340-b47c21b25366/0004_hmcGhd_sm.jpeg,4,"{""artist_retail_right"": false, ""comments"": null, ""condition"": null, ""condition_report"": null, ""dimensions"": null, ""extra_text"": null, ""footnote"": null, ""header"": null, ""internal_reference"": null, ""literature"": ""<p>Provenance:<br>-Auction, Christie’s, Amsterdam, 3 February 2004, lot 125.&nbsp;</p>"", ""origin_exhibition_lite"": null, ""painter_artist_school"": ""Charles Rochussen (1814-1894)"", ""period"": null, ""signature_dating"": ""signed and dated 'C. Rochussen 52' (lower right)"", ""technique_size"": ""oil on panel, 20x27 cm (32x38 cm incl. frame)"", ""title"": ""Elegant company on the terrace"", ""total"": null, ""weight_size_quality"": null}"
ad06cdf0-d82e-4920-b4d6-fe0a04ea7271,137,26-0529/19,fbef6459-c238-43e4-b7ac-6357713358f6,713,Classic to Modern Art,"Schilderijen, aquarellen en tekeningen I",Cityscape along the quay,"Everhardus Koster (1817-1892), Cityscape along the quay","<h3>Painter / Artist / School</h3>Everhardus Koster (1817-1892)<h3>Literature</h3><p>Provenance:<br>-Auction, Sotheby's, Amsterdam, 23 March 1998, lot 106.</p><h3>Technique / Size</h3>oil on canvas, 55x71 cm (78x94 cm incl. frame)<h3>Signature / Dating</h3>signed 'E Koster f' (lower left)",published,EUR,1000.0,1500.0,900.0,900.0,,1,0,,,True,"Mon, 31 Aug 2026 08:00:00 GMT","Tue, 15 Sep 2026 18:09:00 GMT",https://media.app.artisio.co/media/3fc437c0-fdbb-4208-955a-90293eab416d/inventory/de569448-b0e8-4dd1-8035-0b35b1b9be79/ba9c0168-0eb5-475b-aa3c-450cb17ad54f/0001_DZFLgD_sm.jpeg;https://media.app.artisio.co/media/3fc437c0-fdbb-4208-955a-90293eab416d/inventory/de569448-b0e8-4dd1-8035-0b35b1b9be79/9ae27713-a855-4dc7-8922-4e012e6a86dd/0002_cyGuyP_sm.jpeg;https://media.app.artisio.co/media/3fc437c0-fdbb-4208-955a-90293eab416d/inventory/de569448-b0e8-4dd1-8035-0b35b1b9be79/d679c49b-1500-4a49-8f7a-2861c596a6e0/0003_SWVGLG_sm.jpeg;https://media.app.artisio.co/media/3fc437c0-fdbb-4208-955a-90293eab416d/inventory/de569448-b0e8-4dd1-8035-0b35b1b9be79/5212076a-0297-433b-9165-61471c6d7f76/0004_FUSmEb_sm.jpeg,4,"{""artist_retail_right"": false, ""comments"": null, ""condition"": null, ""condition_report"": null, ""dimensions"": null, ""extra_text"": null, ""footnote"": null, ""header"": null, ""internal_reference"": null, ""literature"": ""<p>Provenance:<br>-Auction, Sotheby's, Amsterdam, 23 March 1998, lot 106.</p>"", ""origin_exhibition_lite"": null, ""painter_artist_school"": ""Everhardus Koster (1817-1892)"", ""period"": null, ""signature_dating"": ""signed 'E Koster f' (lower left)"", ""technique_size"": ""oil on canvas, 55x71 cm (78x94 cm incl. frame)"", ""title"": ""Cityscape along the quay"", ""total"": null, ""weight_size_quality"": null}"
d8c35d90-e8b0-48af-9f4c-1898e6bbd719,138,26-0089/26,fbef6459-c238-43e4-b7ac-6357713358f6,713,Classic to Modern Art,"Schilderijen, aquarellen en tekeningen I",Fallen birds,"Johannes Evert Hendrik Akkeringa (1861-1942), Fallen birds","<h3>Painter / Artist / School</h3>Johannes Evert Hendrik Akkeringa (1861-1942)<h3>Literature</h3><p>Exhibited:&nbsp;<br>-Katwijks Museum, Katwijk aan Zee, ‘Tentoonstelling J. E. H. Akkeringa’, 9 March-5 June 2010, no. 43 (label attached to the reverse).</p><p>Provenance:<br>-Collection of the family of the artist.</p><h3>Technique / Size</h3>oil on panel, 11x20 cm (21x31 cm incl. frame)<h3>Signature / Dating</h3>signed 'J. Akkeringa' (lower left)",published,EUR,800.0,1000.0,500.0,500.0,,1,0,,,True,"Mon, 31 Aug 2026 08:00:00 GMT","Tue, 15 Sep 2026 18:09:00 GMT",https://media.app.artisio.co/media/3fc437c0-fdbb-4208-955a-90293eab416d/inventory/0ec8f3a9-f066-4442-9d8a-03dc6b183716/90c8608b-d0c3-4c6b-93da-fc0ad722c350/0001_etcvBV_sm.jpeg;https://media.app.artisio.co/media/3fc437c0-fdbb-4208-955a-90293eab416d/inventory/0ec8f3a9-f066-4442-9d8a-03dc6b183716/1582fd97-f2d5-49ab-8f91-97a347dc37c6/0003_HuIThE_sm.jpeg;https://media.app.artisio.co/media/3fc437c0-fdbb-4208-955a-90293eab416d/inventory/0ec8f3a9-f066-4442-9d8a-03dc6b183716/fa1d2790-31e4-45ad-9090-8f93f7d7ae7e/0004_VPBopB_sm.jpeg;https://media.app.artisio.co/media/3fc437c0-fdbb-4208-955a-90293eab416d/inventory/0ec8f3a9-f066-4442-9d8a-03dc6b183716/954651f9-d11b-46d1-96ef-c0ff32a7b72a/0005_LCADaP_sm.jpeg,4,"{""artist_retail_right"": false, ""comments"": null, ""condition"": null, ""condition_report"": null, ""dimensions"": null, ""extra_text"": null, ""footnote"": null, ""header"": null, ""internal_reference"": null, ""literature"": ""<p>Exhibited:&nbsp;<br>-Katwijks Museum, Katwijk aan Zee, ‘Tentoonstelling J. E. H. Akkeringa’, 9 March-5 June 2010, no. 43 (label attached to the reverse).</p><p>Provenance:<br>-Collection of the family of the artist.</p>"", ""origin_exhibition_lite"": null, ""painter_artist_school"": ""Johannes Evert Hendrik Akkeringa (1861-1942)"", ""period"": null, ""signature_dating"": ""signed 'J. Akkeringa' (lower left)"", ""technique_size"": ""oil on panel, 11x20 cm (21x31 cm incl. frame)"", ""title"": ""Fallen birds"", ""total"": null, ""weight_size_quality"": null}"
ac97bb2c-48b1-4fda-b9d1-52aa7469d798,139,26-0089/33,fbef6459-c238-43e4-b7ac-6357713358f6,713,Classic to Modern Art,"Schilderijen, aquarellen en tekeningen I",Dune landscape,"Johannes Evert Hendrik Akkeringa (1861-1942), Dune landscape","<h3>Painter / Artist / School</h3>Johannes Evert Hendrik Akkeringa (1861-1942)<h3>Literature</h3><p>Exhibited:<br>-Christie's, Amsterdam, ‘Wintertentoonstelling J.E.H. Akkeringa (1861-1942): Tuin & Duin: Schilder van de huiselijke sfeer’, 6-14 January 2005, no. 64 (label attached to the frame).&nbsp;</p><p>Provenance:<br>-Collection of the family of the artist.</p><h3>Technique / Size</h3>oil on panel, 17x23,5 cm (34x42 cm incl. frame)<h3>Signature / Dating</h3>signed 'J Akkeringa' (lower right); annotated and dated 'Van Vader/voor/Els/20/4/37' (on the reverse)",published,EUR,600.0,900.0,400.0,400.0,,1,0,,,True,"Mon, 31 Aug 2026 08:00:00 GMT","Tue, 15 Sep 2026 18:12:00 GMT",https://media.app.artisio.co/media/3fc437c0-fdbb-4208-955a-90293eab416d/inventory/f415326f-1786-468c-997d-5f6525db74b1/7fd85517-16e3-43d6-8d6c-68563238a62b/0002_DalgHW_sm.jpeg;https://media.app.artisio.co/media/3fc437c0-fdbb-4208-955a-90293eab416d/inventory/f415326f-1786-468c-997d-5f6525db74b1/88183d59-6052-464d-8b29-f0519d3a84c8/0003_NUpQFS_sm.jpeg;https://media.app.artisio.co/media/3fc437c0-fdbb-4208-955a-90293eab416d/inventory/f415326f-1786-468c-997d-5f6525db74b1/85d442ca-64b5-40b2-9a94-8a8ea85a4866/0004_QBSYpd_sm.jpeg;https://media.app.artisio.co/media/3fc437c0-fdbb-4208-955a-90293eab416d/inventory/f415326f-1786-468c-997d-5f6525db74b1/62cf00e1-078f-4b22-98d0-c464cdd581a0/0005_ZbOEnF_sm.jpeg;https://media.app.artisio.co/media/3fc437c0-fdbb-4208-955a-90293eab416d/inventory/f415326f-1786-468c-997d-5f6525db74b1/358681a2-e069-4afd-aadb-7f034e2ee6f9/0006_GuKNCv_sm.jpeg,5,"{""artist_retail_right"": false, ""comments"": null, ""condition"": null, ""condition_report"": null, ""dimensions"": null, ""extra_text"": null, ""footnote"": null, ""header"": null, ""internal_reference"": null, ""literature"": ""<p>Exhibited:<br>-Christie's, Amsterdam, ‘Wintertentoonstelling J.E.H. Akkeringa (1861-1942): Tuin & Duin: Schilder van de huiselijke sfeer’, 6-14 January 2005, no. 64 (label attached to the frame).&nbsp;</p><p>Provenance:<br>-Collection of the family of the artist.</p>"", ""origin_exhibition_lite"": null, ""painter_artist_school"": ""Johannes Evert Hendrik Akkeringa (1861-1942)"", ""period"": null, ""signature_dating"": ""signed 'J Akkeringa' (lower right); annotated and dated 'Van Vader/voor/Els/20/4/37' (on the reverse)"", ""technique_size"": ""oil on panel, 17x23,5 cm (34x42 cm incl. frame)"", ""title"": ""Dune landscape"", ""total"": null, ""weight_size_quality"": null}"
77b5293c-99e0-4049-b4fb-c6725de6de03,140,26-0089/34,fbef6459-c238-43e4-b7ac-6357713358f6,713,Classic to Modern Art,"Schilderijen, aquarellen en tekeningen I",Mother and child on a farmyard in Heeze ,"Johannes Evert Hendrik Akkeringa (1861-1942), Mother and child on a farmyard in Heeze ","<h3>Painter / Artist / School</h3>Johannes Evert Hendrik Akkeringa (1861-1942)<h3>Literature</h3><p>Exhibited:<br>-Katwijk, Katwijks Museum, ‘J.E.H. Akkeringa (1861-1924): schilder van het onbezorgde leven’, 9 March-5 June 2010, no. 41 (label attached to the reverse).&nbsp;<br>-Amsterdam, Christie's, ‘Wintertentoonstelling J.E.H. Akkeringa (1861-1942): Tuin & Duin: Schilder van de huiselijke sfeer’, 6-14 January 2005, no. 24 (label attached to the reverse).&nbsp;</p><p>Provenance:<br>-Collection of the family of the artist.</p><h3>Technique / Size</h3>oil on panel, 15,5x28 cm (31x42,5 cm incl. frame)",published,EUR,500.0,700.0,300.0,300.0,,1,0,,,True,"Mon, 31 Aug 2026 08:00:00 GMT","Tue, 15 Sep 2026 18:12:00 GMT",https://media.app.artisio.co/media/3fc437c0-fdbb-4208-955a-90293eab416d/inventory/c7ec4aa3-5c29-45de-91ca-0c28a36e27f0/1257594f-2607-4cbe-94ee-d94295e09ea6/0002_SDgumS_sm.jpeg;https://media.app.artisio.co/media/3fc437c0-fdbb-4208-955a-90293eab416d/inventory/c7ec4aa3-5c29-45de-91ca-0c28a36e27f0/1c8a1b55-c1f4-480b-bc0d-6eb3f548c3c6/0003_GoYcve_sm.jpeg;https://media.app.artisio.co/media/3fc437c0-fdbb-4208-955a-90293eab416d/inventory/c7ec4aa3-5c29-45de-91ca-0c28a36e27f0/d210c73b-dbeb-4482-b44f-f5f4e2c6c95d/0004_lBrjlv_sm.jpeg,3,"{""artist_retail_right"": false, ""comments"": null, ""condition"": null, ""condition_report"": null, ""dimensions"": null, ""extra_text"": null, ""footnote"": null, ""header"": null, ""internal_reference"": null, ""literature"": ""<p>Exhibited:<br>-Katwijk, Katwijks Museum, ‘J.E.H. Akkeringa (1861-1924): schilder van het onbezorgde leven’, 9 March-5 June 2010, no. 41 (label attached to the reverse).&nbsp;<br>-Amsterdam, Christie's, ‘Wintertentoonstelling J.E.H. Akkeringa (1861-1942): Tuin & Duin: Schilder van de huiselijke sfeer’, 6-14 January 2005, no. 24 (label attached to the reverse).&nbsp;</p><p>Provenance:<br>-Collection of the family of the artist.</p>"", ""origin_exhibition_lite"": null, ""painter_artist_school"": ""Johannes Evert Hendrik Akkeringa (1861-1942)"", ""period"": null, ""signature_dating"": null, ""technique_size"": ""oil on panel, 15,5x28 cm (31x42,5 cm incl. frame)"", ""title"": ""Mother and child on a farmyard in Heeze "", ""total"": null, ""weight_size_quality"": null}"
7495dc94-e026-4953-b4e4-aae045f254f1,141,26-0089/27,fbef6459-c238-43e4-b7ac-6357713358f6,713,Classic to Modern Art,"Schilderijen, aquarellen en tekeningen I",Horse in a stable,"Johannes Evert Hendrik Akkeringa (1861-1942) , Horse in a stable","<h3>Painter / Artist / School</h3>Johannes Evert Hendrik Akkeringa (1861-1942)<h3>Literature</h3><p>Exhibited:<br>-Amsterdam, Christie's, ‘Wintertentoonstelling J.E.H. Akkeringa (1861-1942): Tuin & Duin: Schilder van de huiselijke sfeer’, 6-14 January 2005, no. 21 (label attached to the frame).&nbsp;</p><p>Provenance:<br>-Collection of the family of the artist.</p><h3>Technique / Size</h3>oil on panel, 13x15,5 cm (30x32 cm incl. frame)<h3>Signature / Dating</h3>signed 'J. Akkeringa' (upper right)",published,EUR,600.0,800.0,400.0,400.0,,1,0,,,True,"Mon, 31 Aug 2026 08:00:00 GMT","Tue, 15 Sep 2026 18:12:00 GMT",https://media.app.artisio.co/media/3fc437c0-fdbb-4208-955a-90293eab416d/inventory/f7bc9b8c-45e5-4a40-95a0-6d1c6d2ac1fb/8efd7d04-efb2-498e-84bd-4a8e61c7299c/0001_stMrVN_sm.jpeg;https://media.app.artisio.co/media/3fc437c0-fdbb-4208-955a-90293eab416d/inventory/f7bc9b8c-45e5-4a40-95a0-6d1c6d2ac1fb/698f1bb8-c535-4b27-96df-a76b32c81a95/0003_NFTxwH_sm.jpeg;https://media.app.artisio.co/media/3fc437c0-fdbb-4208-955a-90293eab416d/inventory/f7bc9b8c-45e5-4a40-95a0-6d1c6d2ac1fb/1c3e5036-892e-4d51-b432-21e7b5097ab2/0004_YeaNhC_sm.jpeg;https://media.app.artisio.co/media/3fc437c0-fdbb-4208-955a-90293eab416d/inventory/f7bc9b8c-45e5-4a40-95a0-6d1c6d2ac1fb/0a326319-6d08-4328-8962-efc5ee819717/0005_wVfgwU_sm.jpeg,4,"{""artist_retail_right"": false, ""comments"": null, ""condition"": null, ""condition_report"": null, ""dimensions"": null, ""extra_text"": null, ""footnote"": null, ""header"": null, ""internal_reference"": null, ""literature"": ""<p>Exhibited:<br>-Amsterdam, Christie's, ‘Wintertentoonstelling J.E.H. Akkeringa (1861-1942): Tuin & Duin: Schilder van de huiselijke sfeer’, 6-14 January 2005, no. 21 (label attached to the frame).&nbsp;</p><p>Provenance:<br>-Collection of the family of the artist.</p>"", ""origin_exhibition_lite"": null, ""painter_artist_school"": ""Johannes Evert Hendrik Akkeringa (1861-1942) "", ""period"": null, ""signature_dating"": ""signed 'J. Akkeringa' (upper right) "", ""technique_size"": ""oil on panel, 13x15,5 cm (30x32 cm incl. frame)"", ""title"": ""Horse in a stable"", ""total"": null, ""weight_size_quality"": null}"
8bd70cd9-5873-41f5-8e37-e1ad79732127,142,26-0089/30,fbef6459-c238-43e4-b7ac-6357713358f6,713,Classic to Modern Art,"Schilderijen, aquarellen en tekeningen I",Self-portrait of the artist ,"Jan Akkeringa (1894-1983), Self-portrait of the artist ","<h3>Painter / Artist / School</h3>Jan Akkeringa (1894-1983)<h3>Literature</h3><p>Provenance:<br>-Collection of the family of the artist.</p><h3>Technique / Size</h3>oil on panel, 23,5x16,5 cm (29,5x22,5 cm)",published,EUR,400.0,600.0,200.0,200.0,,1,0,,,True,"Mon, 31 Aug 2026 08:00:00 GMT","Tue, 15 Sep 2026 18:12:00 GMT",https://media.app.artisio.co/media/3fc437c0-fdbb-4208-955a-90293eab416d/inventory/31f8c0d5-7d1f-4430-9bb1-23c6b8d459e5/bc8a704f-0070-455a-93d8-6ffa06a436b6/0001_lNJUNy_sm.jpeg;https://media.app.artisio.co/media/3fc437c0-fdbb-4208-955a-90293eab416d/inventory/31f8c0d5-7d1f-4430-9bb1-23c6b8d459e5/3f19b44b-4d22-44a2-a884-3980ae67c4d5/0003_kjdmxh_sm.jpeg;https://media.app.artisio.co/media/3fc437c0-fdbb-4208-955a-90293eab416d/inventory/31f8c0d5-7d1f-4430-9bb1-23c6b8d459e5/09b1d13d-ca85-4161-aacf-a797db62980e/0004_DraIhC_sm.jpeg,3,"{""artist_retail_right"": true, ""comments"": null, ""condition"": null, ""condition_report"": null, ""dimensions"": null, ""extra_text"": null, ""footnote"": null, ""header"": null, ""internal_reference"": null, ""literature"": ""<p>Provenance:<br>-Collection of the family of the artist.</p>"", ""origin_exhibition_lite"": null, ""painter_artist_school"": ""Jan Akkeringa (1894-1983)"", ""period"": null, ""signature_dating"": null, ""technique_size"": ""oil on panel, 23,5x16,5 cm (29,5x22,5 cm)"", ""title"": ""Self-portrait of the artist "", ""total"": null, ""weight_size_quality"": null}"
1321f954-18b7-45a8-bf75-8cb0d7dd55c9,143,26-0089/28,fbef6459-c238-43e4-b7ac-6357713358f6,713,Classic to Modern Art,"Schilderijen, aquarellen en tekeningen I",Children playing by the stream,"Johannes Evert Hendrik Akkeringa (1861-1942), Children playing by the stream","<h3>Painter / Artist / School</h3>Johannes Evert Hendrik Akkeringa (1861-1942)<h3>Literature</h3><p>Provenance:<br>-Collection of the family of the artist.</p><h3>Technique / Size</h3>pencil on paper, 29x42 cm (59x71 cm incl. frame)<h3>Signature / Dating</h3>signed 'J. Akkeringa' (lower right)",published,EUR,300.0,500.0,100.0,100.0,,1,0,,,True,"Mon, 31 Aug 2026 08:00:00 GMT","Tue, 15 Sep 2026 18:12:00 GMT",https://media.app.artisio.co/media/3fc437c0-fdbb-4208-955a-90293eab416d/inventory/d14e5b7e-600a-470e-a151-7479d502e733/d124d05e-55f7-403b-9e20-a6d42bcac016/0002_cvCZkU_sm.jpeg;https://media.app.artisio.co/media/3fc437c0-fdbb-4208-955a-90293eab416d/inventory/d14e5b7e-600a-470e-a151-7479d502e733/7dfa8a72-39b4-4b0f-8b31-04b5552bed59/0003_oprMkW_sm.jpeg;https://media.app.artisio.co/media/3fc437c0-fdbb-4208-955a-90293eab416d/inventory/d14e5b7e-600a-470e-a151-7479d502e733/65390c1b-792a-43bf-9f4e-a0aeb1805fec/0004_luSLzj_sm.jpeg;https://media.app.artisio.co/media/3fc437c0-fdbb-4208-955a-90293eab416d/inventory/d14e5b7e-600a-470e-a151-7479d502e733/e828929d-f607-4f5c-9024-75dd54ef6bcd/0005_swqQea_sm.jpeg,4,"{""artist_retail_right"": false, ""comments"": null, ""condition"": null, ""condition_report"": null, ""dimensions"": null, ""extra_text"": null, ""footnote"": null, ""header"": null, ""internal_reference"": null, ""literature"": ""<p>Provenance:<br>-Collection of the family of the artist.</p>"", ""origin_exhibition_lite"": null, ""painter_artist_school"": ""Johannes Evert Hendrik Akkeringa (1861-1942)"", ""period"": null, ""signature_dating"": ""signed 'J. Akkeringa' (lower right)"", ""technique_size"": ""pencil on paper, 29x42 cm (59x71 cm incl. frame)"", ""title"": ""Children playing by the stream"", ""total"": null, ""weight_size_quality"": null}"
05f8eca3-f5b0-43a9-8806-622e2a0c24e8,144,26-0089/31,fbef6459-c238-43e4-b7ac-6357713358f6,713,Classic to Modern Art,"Schilderijen, aquarellen en tekeningen I",Still life with flowers in a glass vase,"Leo Akkeringa (1893-1959), Still life with flowers in a glass vase","<h3>Painter / Artist / School</h3>Leo Akkeringa (1893-1959)<h3>Literature</h3><p>Provenance:<br>-Collection of the family of the artist.</p><h3>Technique / Size</h3>oil on canvas, 49x32 cm (68,5x51 cm incl. frame)<h3>Signature / Dating</h3>signed twice with initials 'LA' (lower right)",published,EUR,400.0,600.0,200.0,200.0,,1,0,,,True,"Mon, 31 Aug 2026 08:00:00 GMT","Tue, 15 Sep 2026 18:12:00 GMT",https://media.app.artisio.co/media/3fc437c0-fdbb-4208-955a-90293eab416d/inventory/f488453c-88c5-4434-b087-ae653fa5a783/a97d4406-3383-4fff-b63b-f3b62d797543/0002_fSZXcz_sm.jpeg;https://media.app.artisio.co/media/3fc437c0-fdbb-4208-955a-90293eab416d/inventory/f488453c-88c5-4434-b087-ae653fa5a783/4ab75797-2728-49ba-8662-046befd3ee4c/0003_MQKTom_sm.jpeg;https://media.app.artisio.co/media/3fc437c0-fdbb-4208-955a-90293eab416d/inventory/f488453c-88c5-4434-b087-ae653fa5a783/391abc0f-b329-47a0-92f0-5e0c7154c864/0004_hzvDZW_sm.jpeg;https://media.app.artisio.co/media/3fc437c0-fdbb-4208-955a-90293eab416d/inventory/f488453c-88c5-4434-b087-ae653fa5a783/a9ebdbfb-eaf5-4b20-b559-b74acbf4e3f9/0005_LvVsay_sm.jpeg,4,"{""artist_retail_right"": true, ""comments"": null, ""condition"": null, ""condition_report"": null, ""dimensions"": null, ""extra_text"": null, ""footnote"": null, ""header"": null, ""internal_reference"": null, ""literature"": ""<p>Provenance:<br>-Collection of the family of the artist.</p>"", ""origin_exhibition_lite"": null, ""painter_artist_school"": ""Leo Akkeringa (1893-1959)"", ""period"": null, ""signature_dating"": ""signed twice with initials 'LA' (lower right)"", ""technique_size"": ""oil on canvas, 49x32 cm (68,5x51 cm incl. frame)"", ""title"": ""Still life with flowers in a glass vase"", ""total"": null, ""weight_size_quality"": null}"
21406dcf-b890-4ca9-9b64-ec3a832f975b,145,26-0089/32,fbef6459-c238-43e4-b7ac-6357713358f6,713,Classic to Modern Art,"Schilderijen, aquarellen en tekeningen I","Still life of white, pink and red flowers in a blue vase","Johannes Evert Hendrik Akkeringa (1861-1942), Still life of white, pink and red flowers in a blue vase","<h3>Painter / Artist / School</h3>Johannes Evert Hendrik Akkeringa (1861-1942)<h3>Literature</h3><p>Exhibited:<br>-Christie's, Amsterdam, ‘Wintertentoonstelling J.E.H. Akkeringa (1861-1942): Tuin & Duin: Schilder van de huiselijke sfeer’, 6-14 January 2005, no. 39 (label attached to the stretcher).&nbsp;</p><p>Provenance:<br>-Collection of the family of the artist.</p><h3>Technique / Size</h3>oil on canvas, 31x40 cm (38x47 cm incl. frame)",published,EUR,700.0,1000.0,500.0,500.0,,1,0,,,True,"Mon, 31 Aug 2026 08:00:00 GMT","Tue, 15 Sep 2026 18:15:00 GMT",https://media.app.artisio.co/media/3fc437c0-fdbb-4208-955a-90293eab416d/inventory/0b2f98c4-2da5-44ba-80cb-26d92ba8b217/92da620b-c36c-4ab6-98f2-31eaf2be6a78/0002_ZecEIs_sm.jpeg;https://media.app.artisio.co/media/3fc437c0-fdbb-4208-955a-90293eab416d/inventory/0b2f98c4-2da5-44ba-80cb-26d92ba8b217/642fa2a9-a578-4c68-8cb7-dea0ca6e8d64/0003_sfFNnk_sm.jpeg;https://media.app.artisio.co/media/3fc437c0-fdbb-4208-955a-90293eab416d/inventory/0b2f98c4-2da5-44ba-80cb-26d92ba8b217/242f6379-40a6-41fc-b3d5-b6b1f4bd4def/0004_tOktwq_sm.jpeg,3,"{""artist_retail_right"": false, ""comments"": null, ""condition"": null, ""condition_report"": null, ""dimensions"": null, ""extra_text"": null, ""footnote"": null, ""header"": null, ""internal_reference"": null, ""literature"": ""<p>Exhibited:<br>-Christie's, Amsterdam, ‘Wintertentoonstelling J.E.H. Akkeringa (1861-1942): Tuin & Duin: Schilder van de huiselijke sfeer’, 6-14 January 2005, no. 39 (label attached to the stretcher).&nbsp;</p><p>Provenance:<br>-Collection of the family of the artist.</p>"", ""origin_exhibition_lite"": null, ""painter_artist_school"": ""Johannes Evert Hendrik Akkeringa (1861-1942)"", ""period"": null, ""signature_dating"": null, ""technique_size"": ""oil on canvas, 31x40 cm (38x47 cm incl. frame)"", ""title"": ""Still life of white, pink and red flowers in a blue vase"", ""total"": null, ""weight_size_quality"": null}"
8e728df7-7645-485e-b772-f99353018ab2,146,26-0089/29,fbef6459-c238-43e4-b7ac-6357713358f6,713,Classic to Modern Art,"Schilderijen, aquarellen en tekeningen I",Girl reading,"Georg Rueter (1875-1966), Girl reading","<h3>Painter / Artist / School</h3>Georg Rueter (1875-1966)<h3>Literature</h3><p>Provenance:<br>-Collection of the family of the artist.</p><h3>Technique / Size</h3>oil on board, 25,5x19,5 cm (45,5x40 cm incl. frame)<h3>Signature / Dating</h3>signed and dated 'Georg Rueter. 1936' (upper left)",published,EUR,500.0,800.0,300.0,300.0,,1,9,500.0,500.0,True,"Mon, 31 Aug 2026 08:00:00 GMT","Tue, 15 Sep 2026 18:15:00 GMT",https://media.app.artisio.co/media/3fc437c0-fdbb-4208-955a-90293eab416d/inventory/2f8e92e2-65dc-4990-b52f-3ccf2f5a8250/04a5e272-8ac3-4823-9aaa-9de130f0dfb3/0001_qqxWIH_sm.jpeg;https://media.app.artisio.co/media/3fc437c0-fdbb-4208-955a-90293eab416d/inventory/2f8e92e2-65dc-4990-b52f-3ccf2f5a8250/c9b5a8c2-16a9-49b1-b457-3880e08cee7e/0003_fhuUHo_sm.jpeg;https://media.app.artisio.co/media/3fc437c0-fdbb-4208-955a-90293eab416d/inventory/2f8e92e2-65dc-4990-b52f-3ccf2f5a8250/24f24191-9be8-42f0-8304-c7b8c8c72d92/0004_sUHxln_sm.jpeg;https://media.app.artisio.co/media/3fc437c0-fdbb-4208-955a-90293eab416d/inventory/2f8e92e2-65dc-4990-b52f-3ccf2f5a8250/87b05ccb-3d11-44c2-8fd0-1e78accdc025/0005_xIFNCN_sm.jpeg,4,"{""artist_retail_right"": true, ""comments"": null, ""condition"": null, ""condition_report"": null, ""dimensions"": null, ""extra_text"": null, ""footnote"": null, ""header"": null, ""internal_reference"": null, ""literature"": ""<p>Provenance:<br>-Collection of the family of the artist.</p>"", ""origin_exhibition_lite"": null, ""painter_artist_school"": ""Georg Rueter (1875-1966)"", ""period"": null, ""signature_dating"": ""signed and dated 'Georg Rueter. 1936' (upper left)"", ""technique_size"": ""oil on board, 25,5x19,5 cm (45,5x40 cm incl. frame)"", ""title"": ""Girl reading"", ""total"": null, ""weight_size_quality"": null}"
35865601-c80b-4ca2-9d2e-389e8d734aca,147,26-0695/1,fbef6459-c238-43e4-b7ac-6357713358f6,713,Classic to Modern Art,"Schilderijen, aquarellen en tekeningen I", Portrait of Jaap van Mesdag (1922-2015) as a six-month-old baby,"Cornelis Vreedenburgh (1880-1946),  Portrait of Jaap van Mesdag (1922-2015) as a six-month-old baby","<h3>Painter / Artist / School</h3>Cornelis Vreedenburgh (1880-1946)<h3>Technique / Size</h3>oil on panel, 24x32 cm (30,5x38 cm incl. frame)<h3>Signature / Dating</h3>signed 'C. Vreedenburgh' (lower right); annotated 'Jaap van Mesdag/oud ½ jaar.' (lower left)<h3>Extra Text</h3><p>Painted circa June 1922.</p><p>The sitter is Jaap van Mesdag, aged six months. Jaap went on to survive Dachau and became the subject of a special exhibition in the Dachau Concentration Camp Memorial Site: 'Names, not Numbers; Dutch political prisoners in Dachau concentration camp'. In 1967, he became the first Dutchman to fly solo across the Atlantic in a single-engined aircraft. Later, he founded the Early Bird Foundation.&nbsp;</p>",published,EUR,600.0,900.0,500.0,500.0,,1,0,,,True,"Mon, 31 Aug 2026 08:00:00 GMT","Tue, 15 Sep 2026 18:15:00 GMT",https://media.app.artisio.co/media/3fc437c0-fdbb-4208-955a-90293eab416d/inventory/4e97198f-92d2-4a14-b517-67291980c635/30c1caca-cbcc-494b-804b-e26ce28411b0/0001_uCZnzl_sm.jpeg;https://media.app.artisio.co/media/3fc437c0-fdbb-4208-955a-90293eab416d/inventory/4e97198f-92d2-4a14-b517-67291980c635/7f9c8561-e77c-42a9-8b19-df18e6b95012/0002_eMluZc_sm.jpeg;https://media.app.artisio.co/media/3fc437c0-fdbb-4208-955a-90293eab416d/inventory/4e97198f-92d2-4a14-b517-67291980c635/6bd9c004-ab54-40ca-862c-4da92581ac19/0003_pdiWCs_sm.jpeg;https://media.app.artisio.co/media/3fc437c0-fdbb-4208-955a-90293eab416d/inventory/4e97198f-92d2-4a14-b517-67291980c635/68eb6f31-0399-44e5-b547-90ea10b3cb82/0004_ASluEp_sm.jpeg;https://media.app.artisio.co/media/3fc437c0-fdbb-4208-955a-90293eab416d/inventory/4e97198f-92d2-4a14-b517-67291980c635/4c00bfd8-59c7-4873-b189-93ef5a07a8cf/0005_hsRnOe_sm.jpeg,5,"{""artist_retail_right"": false, ""comments"": ""<p>(see: <a href=\""https://eur03.safelinks.protection.outlook.com/?url=http%3A%2F%2Fwww.vroegevogels.org%2Fjaap-van-mesdag&data=05%7C02%7Cd.heyselbergs%40venduehuis.com%7C2e814e9188a3443d74f608deb01c345a%7C5a2116df2931483fa499ce69f6170168%7C0%7C0%7C639141832361695334%7CUnknown%7CTWFpbGZsb3d8eyJFbXB0eU1hcGkiOnRydWUsIlYiOiIwLjAuMDAwMCIsIlAiOiJXaW4zMiIsIkFOIjoiTWFpbCIsIldUIjoyfQ%3D%3D%7C0%7C%7C%7C&sdata=qBGCXb5NapmSFfd3mkFPaYBSl2T1R4dE%2B0NcMzTucfE%3D&reserved=0\"">www.vroegevogels.org/jaap-van-mesdag</a>).</p>"", ""condition"": null, ""condition_report"": null, ""dimensions"": null, ""extra_text"": ""<p>Painted circa June 1922.</p><p>The sitter is Jaap van Mesdag, aged six months. Jaap went on to survive Dachau and became the subject of a special exhibition in the Dachau Concentration Camp Memorial Site: 'Names, not Numbers; Dutch political prisoners in Dachau concentration camp'. In 1967, he became the first Dutchman to fly solo across the Atlantic in a single-engined aircraft. Later, he founded the Early Bird Foundation.&nbsp;</p>"", ""footnote"": null, ""header"": null, ""internal_reference"": null, ""literature"": null, ""origin_exhibition_lite"": null, ""painter_artist_school"": ""Cornelis Vreedenburgh (1880-1946)"", ""period"": null, ""signature_dating"": ""signed 'C. Vreedenburgh' (lower right); annotated 'Jaap van Mesdag/oud ½ jaar.' (lower left)"", ""technique_size"": ""oil on panel, 24x32 cm (30,5x38 cm incl. frame)"", ""title"": "" Portrait of Jaap van Mesdag (1922-2015) as a six-month-old baby"", ""total"": null, ""weight_size_quality"": null}"
e5ba2e99-768e-4fb6-bf09-7fe503bfc02b,148,26-0653/58,fbef6459-c238-43e4-b7ac-6357713358f6,713,Classic to Modern Art,"Schilderijen, aquarellen en tekeningen I",Young child with a cat,"Hendrik Johannes Haverman (1857-1928), Young child with a cat","<h3>Painter / Artist / School</h3>Hendrik Johannes Haverman (1857-1928)<h3>Technique / Size</h3>oil on canvas, mounted on panel, 24,5x23 cm (37x35 cm incl. frame)<h3>Signature / Dating</h3>signed 'H. J. Haverman' (upper right)",published,EUR,400.0,600.0,200.0,,,1,0,,,True,"Mon, 31 Aug 2026 08:00:00 GMT","Tue, 15 Sep 2026 18:15:00 GMT",https://media.app.artisio.co/media/3fc437c0-fdbb-4208-955a-90293eab416d/inventory/3eca03ee-30d8-46ca-9af1-69a79b90f5b5/5cf7d4d7-d713-432a-80d5-310ef8bf4b42/00001_wCXBNa_sm.jpeg;https://media.app.artisio.co/media/3fc437c0-fdbb-4208-955a-90293eab416d/inventory/3eca03ee-30d8-46ca-9af1-69a79b90f5b5/368d37c9-d906-4d46-9047-d8b5a447752b/0001_uSCrDE_sm.jpeg;https://media.app.artisio.co/media/3fc437c0-fdbb-4208-955a-90293eab416d/inventory/3eca03ee-30d8-46ca-9af1-69a79b90f5b5/7b66abce-fe25-48ca-b700-93b79f0c271b/0001a_ZsaUgC_sm.jpeg;https://media.app.artisio.co/media/3fc437c0-fdbb-4208-955a-90293eab416d/inventory/3eca03ee-30d8-46ca-9af1-69a79b90f5b5/507bc4f0-32ff-4382-a096-3d921bfab1ad/0002_SKWNYY_sm.jpeg,4,"{""artist_retail_right"": false, ""comments"": null, ""condition"": null, ""condition_report"": null, ""dimensions"": null, ""extra_text"": null, ""footnote"": null, ""header"": null, ""internal_reference"": null, ""literature"": null, ""origin_exhibition_lite"": null, ""painter_artist_school"": ""Hendrik Johannes Haverman (1857-1928)"", ""period"": null, ""signature_dating"": ""signed 'H. J. Haverman' (upper right)"", ""technique_size"": ""oil on canvas, mounted on panel, 24,5x23 cm (37x35 cm incl. frame)"", ""title"": ""Young child with a cat"", ""total"": null, ""weight_size_quality"": null}"
aee99b9b-0554-4a68-ac8b-3bf2791a9d9c,149,26-0529/10,fbef6459-c238-43e4-b7ac-6357713358f6,713,Classic to Modern Art,"Schilderijen, aquarellen en tekeningen I",'Het rozenhoedje',"Elsa Woutersen-van Doesburgh (1875-1957), 'Het rozenhoedje'","<h3>Painter / Artist / School</h3>Elsa Woutersen-van Doesburgh (1875-1957)<h3>Literature</h3><p>Exhibited:<br>-Barneveld, Veluws Museum Nairac, ‘Koninklijk, Kerkelijk en Koket; Hoeden vanaf 1900 tot nu', 22 March-7 June 2003.</p><p>Provenance:<br>-With Kunsthandel Simonis & Buunk, Ede, where acquired by the family of the present owner.</p><h3>Technique / Size</h3>oil on canvas, 50x46 cm (65,5x61,5 cm incl. frame)<h3>Signature / Dating</h3>signed 'E. Woutersen' (upper right); signed again, titled and annotated with the artist's address (on a label attached to the reverse)<h3>Extra Text</h3><p>RKD image no. 189841.</p>",published,EUR,700.0,1000.0,600.0,600.0,,1,0,,,True,"Mon, 31 Aug 2026 08:00:00 GMT","Tue, 15 Sep 2026 18:15:00 GMT",https://media.app.artisio.co/media/3fc437c0-fdbb-4208-955a-90293eab416d/inventory/e62eb731-acd4-4af6-ac5d-e4b9401acd1f/f48bea48-aef0-4204-ac10-84f8a43fbc37/0001_BUogIl_sm.jpeg;https://media.app.artisio.co/media/3fc437c0-fdbb-4208-955a-90293eab416d/inventory/e62eb731-acd4-4af6-ac5d-e4b9401acd1f/5a3ddd93-6b73-4352-a7e6-80cad21033d0/0002_jHunaW_sm.jpeg;https://media.app.artisio.co/media/3fc437c0-fdbb-4208-955a-90293eab416d/inventory/e62eb731-acd4-4af6-ac5d-e4b9401acd1f/b6a93f3e-a38d-43fa-877c-b453c4e37c37/0003_vRgzVH_sm.jpeg;https://media.app.artisio.co/media/3fc437c0-fdbb-4208-955a-90293eab416d/inventory/e62eb731-acd4-4af6-ac5d-e4b9401acd1f/ce8f1051-2da4-4a55-9035-151ebf599367/0004_TfGpkn_sm.jpeg,4,"{""artist_retail_right"": true, ""comments"": ""<p>https://rkd.nl/images/189841</p>"", ""condition"": null, ""condition_report"": null, ""dimensions"": null, ""extra_text"": ""<p>RKD image no. 189841.</p>"", ""footnote"": null, ""header"": null, ""internal_reference"": null, ""literature"": ""<p>Exhibited:<br>-Barneveld, Veluws Museum Nairac, ‘Koninklijk, Kerkelijk en Koket; Hoeden vanaf 1900 tot nu', 22 March-7 June 2003.</p><p>Provenance:<br>-With Kunsthandel Simonis & Buunk, Ede, where acquired by the family of the present owner.</p>"", ""origin_exhibition_lite"": null, ""painter_artist_school"": ""Elsa Woutersen-van Doesburgh (1875-1957)"", ""period"": null, ""signature_dating"": ""signed 'E. Woutersen' (upper right); signed again, titled and annotated with the artist's address (on a label attached to the reverse)"", ""technique_size"": ""oil on canvas, 50x46 cm (65,5x61,5 cm incl. frame)"", ""title"": ""'Het rozenhoedje'"", ""total"": null, ""weight_size_quality"": null}"
3205aa57-d7a3-414e-bd74-08ff840413ef,150,26-0437/17,fbef6459-c238-43e4-b7ac-6357713358f6,713,Classic to Modern Art,"Schilderijen, aquarellen en tekeningen I",Still life with hortensias in a blue vase and pottery,"Betsy Westendorp-Osieck (1880-1968), Still life with hortensias in a blue vase and pottery","<h3>Painter / Artist / School</h3>Betsy Westendorp-Osieck (1880-1968)<h3>Literature</h3><p>Provenance:<br>-Auction, Sotheby’s, Amsterdam, 21 December 2004, lot 184.</p><h3>Technique / Size</h3>oil on canvas, 60x45 cm (80x60 cm incl. frame)<h3>Signature / Dating</h3>signed 'B. Westendorp. Osieck' (lower right)",published,EUR,300.0,400.0,300.0,300.0,,1,0,,,True,"Mon, 31 Aug 2026 08:00:00 GMT","Tue, 15 Sep 2026 18:15:00 GMT",https://media.app.artisio.co/media/3fc437c0-fdbb-4208-955a-90293eab416d/inventory/c166345c-525a-41ff-bc4e-3baa0ef31b7d/8371fd67-76f8-4386-9888-40a8b58904c0/0001_twSDcR_sm.jpeg;https://media.app.artisio.co/media/3fc437c0-fdbb-4208-955a-90293eab416d/inventory/c166345c-525a-41ff-bc4e-3baa0ef31b7d/8f458840-7f32-463e-8554-9e16d41c9673/0002_WhXXCT_sm.jpeg;https://media.app.artisio.co/media/3fc437c0-fdbb-4208-955a-90293eab416d/inventory/c166345c-525a-41ff-bc4e-3baa0ef31b7d/7836169a-dca5-494d-9191-3e372d76a66a/0003_lmtYkV_sm.jpeg;https://media.app.artisio.co/media/3fc437c0-fdbb-4208-955a-90293eab416d/inventory/c166345c-525a-41ff-bc4e-3baa0ef31b7d/fc99bb95-62d4-49f7-8925-c25ee1866447/0004_wsufaJ_sm.jpeg,4,"{""artist_retail_right"": true, ""comments"": ""<p>https://rkd.nl/imageslite/4014613</p>"", ""condition"": null, ""condition_report"": null, ""dimensions"": null, ""extra_text"": null, ""footnote"": null, ""header"": null, ""internal_reference"": null, ""literature"": ""<p>Provenance:<br>-Auction, Sotheby’s, Amsterdam, 21 December 2004, lot 184.</p>"", ""origin_exhibition_lite"": null, ""painter_artist_school"": ""Betsy Westendorp-Osieck (1880-1968)"", ""period"": null, ""signature_dating"": ""signed 'B. Westendorp. Osieck' (lower right)"", ""technique_size"": ""oil on canvas, 60x45 cm (80x60 cm incl. frame)"", ""title"": ""Still life with hortensias in a blue vase and pottery"", ""total"": null, ""weight_size_quality"": null}"
4fcc446f-782b-478e-9f33-4043573b1238,151,26-0404/81,fbef6459-c238-43e4-b7ac-6357713358f6,713,Classic to Modern Art,"Schilderijen, aquarellen en tekeningen I",'Duizendschoon',"Lucie van Dam van Isselt (1871-1949), 'Duizendschoon'","<h3>Painter / Artist / School</h3>Lucie van Dam van Isselt (1871-1949)<h3>Technique / Size</h3>oil on panel, 34,5x25,5 cm (44x34 cm incl. frame)<h3>Signature / Dating</h3>signed 'L v Dam v Isselt' (lower right); dated and titled '24' (on a label attached to the reverse)",published,EUR,800.0,1200.0,700.0,700.0,,1,1,700.0,700.0,True,"Mon, 31 Aug 2026 08:00:00 GMT","Tue, 15 Sep 2026 18:18:00 GMT",https://media.app.artisio.co/media/3fc437c0-fdbb-4208-955a-90293eab416d/inventory/af968e0b-30b2-463f-80bb-886d71d20aaf/bdfa136f-04e5-46c5-a755-32d0cada601d/0001_nxXuQX_sm.jpeg;https://media.app.artisio.co/media/3fc437c0-fdbb-4208-955a-90293eab416d/inventory/af968e0b-30b2-463f-80bb-886d71d20aaf/80f59ec6-36ea-49b6-8b4a-a09150d73a1a/0002_tpOlfm_sm.jpeg;https://media.app.artisio.co/media/3fc437c0-fdbb-4208-955a-90293eab416d/inventory/af968e0b-30b2-463f-80bb-886d71d20aaf/a8d0347f-bc36-44c3-a423-bb1b56bfe18d/0003_ZIHUsi_sm.jpeg;https://media.app.artisio.co/media/3fc437c0-fdbb-4208-955a-90293eab416d/inventory/af968e0b-30b2-463f-80bb-886d71d20aaf/e00f7e46-9d58-41d7-b098-f9ef3fdc52a6/0004_deCtjd_sm.jpeg,4,"{""artist_retail_right"": false, ""comments"": null, ""condition"": null, ""condition_report"": null, ""dimensions"": null, ""extra_text"": null, ""footnote"": null, ""header"": null, ""internal_reference"": null, ""literature"": null, ""origin_exhibition_lite"": null, ""painter_artist_school"": ""Lucie van Dam van Isselt (1871-1949)"", ""period"": null, ""signature_dating"": ""signed 'L v Dam v Isselt' (lower right); dated and titled '24' (on a label attached to the reverse)"", ""technique_size"": ""oil on panel, 34,5x25,5 cm (44x34 cm incl. frame)"", ""title"": ""'Duizendschoon'"", ""total"": null, ""weight_size_quality"": null}"
4863cb92-8ae5-4b98-885a-1501c4f32228,152,26-0356/2,fbef6459-c238-43e4-b7ac-6357713358f6,713,Classic to Modern Art,"Schilderijen, aquarellen en tekeningen I",Chrysanthemums,"Chris van der Windt (1877-1952), Chrysanthemums","<h3>Painter / Artist / School</h3>Chris van der Windt (1877-1952)<h3>Technique / Size</h3>oil on canvas, 30,5x30,5 cm (39,5x39,5 cm incl. frame)<h3>Signature / Dating</h3>signed 'C. vd Windt.' (lower left)",published,EUR,600.0,800.0,500.0,500.0,,1,0,,,True,"Mon, 31 Aug 2026 08:00:00 GMT","Tue, 15 Sep 2026 18:18:00 GMT",https://media.app.artisio.co/media/3fc437c0-fdbb-4208-955a-90293eab416d/inventory/ce5aeb3f-0871-47bb-a0a2-ac04c1d03d46/38dc87be-212a-4e48-bf9b-0b0dcca16ce8/0001_CweFxt_sm.jpeg;https://media.app.artisio.co/media/3fc437c0-fdbb-4208-955a-90293eab416d/inventory/ce5aeb3f-0871-47bb-a0a2-ac04c1d03d46/1cc8f831-1f4a-4b35-a785-2c723e9d1fd9/0002_JqFcap_sm.jpeg;https://media.app.artisio.co/media/3fc437c0-fdbb-4208-955a-90293eab416d/inventory/ce5aeb3f-0871-47bb-a0a2-ac04c1d03d46/79cd1703-3a91-4d7b-bace-bf275dde2367/0003_vmJzbT_sm.jpeg;https://media.app.artisio.co/media/3fc437c0-fdbb-4208-955a-90293eab416d/inventory/ce5aeb3f-0871-47bb-a0a2-ac04c1d03d46/8a740384-106c-4c46-9a15-3821c85aeb8e/0004_QyOwyN_sm.jpeg,4,"{""artist_retail_right"": false, ""comments"": null, ""condition"": null, ""condition_report"": null, ""dimensions"": null, ""extra_text"": null, ""footnote"": null, ""header"": null, ""internal_reference"": null, ""literature"": null, ""origin_exhibition_lite"": null, ""painter_artist_school"": ""Chris van der Windt (1877-1952)"", ""period"": null, ""signature_dating"": ""signed 'C. vd Windt.' (lower left)"", ""technique_size"": ""oil on canvas, 30,5x30,5 cm (39,5x39,5 cm incl. frame)"", ""title"": ""Chrysanthemums"", ""total"": null, ""weight_size_quality"": null}"
21b99577-033b-4804-b0ca-e9f3ee0b9236,153,26-0356/3,fbef6459-c238-43e4-b7ac-6357713358f6,713,Classic to Modern Art,"Schilderijen, aquarellen en tekeningen I",Asters on a ledge,"Chris van der Windt (1877-1952), Asters on a ledge","<h3>Painter / Artist / School</h3>Chris van der Windt (1877-1952)<h3>Technique / Size</h3>oil on panel, 21,5x27,5 cm (33x39 cm incl. frame)<h3>Signature / Dating</h3>signed 'C. vd Windt.' (lower left)",published,EUR,500.0,700.0,400.0,400.0,,1,0,,,True,"Mon, 31 Aug 2026 08:00:00 GMT","Tue, 15 Sep 2026 18:18:00 GMT",https://media.app.artisio.co/media/3fc437c0-fdbb-4208-955a-90293eab416d/inventory/449a7806-34e4-4a83-bb11-adc46f9423e8/9d75e976-4d98-4c60-98bf-e82d21283b9c/00001_ieiCzz_sm.jpeg;https://media.app.artisio.co/media/3fc437c0-fdbb-4208-955a-90293eab416d/inventory/449a7806-34e4-4a83-bb11-adc46f9423e8/4f285477-8f40-4b58-bffb-6455fb2a7383/0001_uZBzQS_sm.jpeg;https://media.app.artisio.co/media/3fc437c0-fdbb-4208-955a-90293eab416d/inventory/449a7806-34e4-4a83-bb11-adc46f9423e8/29f0dfd7-68bf-4c2e-a6ff-27bf12596d26/0002_zOLjUy_sm.jpeg;https://media.app.artisio.co/media/3fc437c0-fdbb-4208-955a-90293eab416d/inventory/449a7806-34e4-4a83-bb11-adc46f9423e8/7d482136-69a8-4845-8d67-0e25ec552a8b/0003_AcPtPW_sm.jpeg,4,"{""artist_retail_right"": false, ""comments"": null, ""condition"": null, ""condition_report"": null, ""dimensions"": null, ""extra_text"": null, ""footnote"": null, ""header"": null, ""internal_reference"": null, ""literature"": null, ""origin_exhibition_lite"": null, ""painter_artist_school"": ""Chris van der Windt (1877-1952)"", ""period"": null, ""signature_dating"": ""signed 'C. vd Windt.' (lower left)"", ""technique_size"": ""oil on panel, 21,5x27,5 cm (33x39 cm incl. frame)"", ""title"": ""Asters on a ledge"", ""total"": null, ""weight_size_quality"": null}"
d228ad21-5a50-41c2-926a-13b02deed7a0,154,26-0217/1,fbef6459-c238-43e4-b7ac-6357713358f6,713,Classic to Modern Art,"Schilderijen, aquarellen en tekeningen I",Anemones in a green jug,"Chris van der Windt (1877-1952), Anemones in a green jug","<h3>Painter / Artist / School</h3>Chris van der Windt (1877-1952)<h3>Literature</h3><p>Provenance:<br>-Auction, Venduehuis, The Hague, 28 Februari 2021, lot 42, where acquired by the present owner.</p><h3>Technique / Size</h3>oil on canvas, 47x38 cm (55x45 cm incl. frame)<h3>Signature / Dating</h3>signed and dated 'C. vd Windt '46' (lower right)",published,EUR,800.0,1200.0,800.0,800.0,,1,0,,,True,"Mon, 31 Aug 2026 08:00:00 GMT","Tue, 15 Sep 2026 18:18:00 GMT",https://media.app.artisio.co/media/3fc437c0-fdbb-4208-955a-90293eab416d/inventory/cea8dbc4-f589-411e-9c33-998c747971bd/d830e288-63a6-48c7-9d79-a801a9c70870/0001_GXXKQg_sm.jpeg;https://media.app.artisio.co/media/3fc437c0-fdbb-4208-955a-90293eab416d/inventory/cea8dbc4-f589-411e-9c33-998c747971bd/6ccd10a8-633a-48ff-b191-aed1908c4c04/0002_VXTjnZ_sm.jpeg;https://media.app.artisio.co/media/3fc437c0-fdbb-4208-955a-90293eab416d/inventory/cea8dbc4-f589-411e-9c33-998c747971bd/c6381ea6-452d-4365-af54-c58dcb8dc3dd/0003_PbvtNL_sm.jpeg;https://media.app.artisio.co/media/3fc437c0-fdbb-4208-955a-90293eab416d/inventory/cea8dbc4-f589-411e-9c33-998c747971bd/7b1af047-33c9-4352-a106-bf3572c8ed73/0004_mypCyX_sm.jpeg,4,"{""artist_retail_right"": false, ""comments"": ""<p>Inz heeft na 2021 nieuwe lijst gegeven (gekadreerd in nieuwe DeRoo lijst). Hamerpr 2021 1.200 euro</p>"", ""condition"": null, ""condition_report"": null, ""dimensions"": null, ""extra_text"": null, ""footnote"": null, ""header"": null, ""internal_reference"": null, ""literature"": ""<p>Provenance:<br>-Auction, Venduehuis, The Hague, 28 Februari 2021, lot 42, where acquired by the present owner.</p>"", ""origin_exhibition_lite"": null, ""painter_artist_school"": ""Chris van der Windt (1877-1952)"", ""period"": null, ""signature_dating"": ""signed and dated 'C. vd Windt '46' (lower right)"", ""technique_size"": ""oil on canvas, 47x38 cm (55x45 cm incl. frame)"", ""title"": ""Anemones in a green jug"", ""total"": null, ""weight_size_quality"": null}"
562222f2-76da-491b-82e9-03ea29a593ca,155,26-0749/3,fbef6459-c238-43e4-b7ac-6357713358f6,713,Classic to Modern Art,"Schilderijen, aquarellen en tekeningen I","Still life with a lobster, tin can, peeled lemon, broken glass and oysters","Jan Eversen (1906-1995), Still life with a lobster, tin can, peeled lemon, broken glass and oysters","<h3>Painter / Artist / School</h3>Jan Eversen (1906-1995)<h3>Technique / Size</h3>oil on canvas, 40x60 cm (50x70 cm incl. frame)<h3>Signature / Dating</h3>signed and dated 'J.H. Eversen/1982' (lower right)",published,EUR,1500.0,2500.0,1300.0,1300.0,,1,0,,,True,"Mon, 31 Aug 2026 08:00:00 GMT","Tue, 15 Sep 2026 18:18:00 GMT",https://media.app.artisio.co/media/3fc437c0-fdbb-4208-955a-90293eab416d/inventory/4001eed2-5bd3-43e2-8298-4e72381b13e3/34bbdb4a-2566-44cd-ba67-f3b4284fbac8/0001_NVZaDz_sm.jpeg;https://media.app.artisio.co/media/3fc437c0-fdbb-4208-955a-90293eab416d/inventory/4001eed2-5bd3-43e2-8298-4e72381b13e3/42e1acc0-97c7-4cf0-bd16-f64abd06b7b3/0002_mDluOa_sm.jpeg;https://media.app.artisio.co/media/3fc437c0-fdbb-4208-955a-90293eab416d/inventory/4001eed2-5bd3-43e2-8298-4e72381b13e3/cc81a05a-8d1c-45c8-81b4-e000e423f3c8/0003_OATeKu_sm.jpeg;https://media.app.artisio.co/media/3fc437c0-fdbb-4208-955a-90293eab416d/inventory/4001eed2-5bd3-43e2-8298-4e72381b13e3/e45fbbda-de11-456d-8515-c0cf564518e3/0004_sjtYoX_sm.jpeg,4,"{""artist_retail_right"": true, ""comments"": null, ""condition"": null, ""condition_report"": null, ""dimensions"": null, ""extra_text"": null, ""footnote"": null, ""header"": null, ""internal_reference"": null, ""literature"": null, ""origin_exhibition_lite"": null, ""painter_artist_school"": ""Jan Eversen (1906-1995)"", ""period"": null, ""signature_dating"": ""signed and dated 'J.H. Eversen/1982' (lower right)"", ""technique_size"": ""oil on canvas, 40x60 cm (50x70 cm incl. frame)"", ""title"": ""Still life with a lobster, tin can, peeled lemon, broken glass and oysters"", ""total"": null, ""weight_size_quality"": null}"
b99daf1d-333f-489b-9be9-9c5dc29bfe72,156,26-0404/93,fbef6459-c238-43e4-b7ac-6357713358f6,713,Classic to Modern Art,"Schilderijen, aquarellen en tekeningen I","Asparagus, cherries and plums","Léon Huber (French, 1858-1928), Asparagus, cherries and plums","<h3>Painter / Artist / School</h3>Léon Huber (French, 1858-1928)<h3>Literature</h3><p>Provenance:<br>-Collection B. Meijer, Wassenaar, inv. no. 210 (label attached to the stretcher).</p><h3>Technique / Size</h3>oil on canvas, 19x24,5 cm (37x42,5 cm incl. frame)<h3>Signature / Dating</h3>signed 'Leon Huber' (lower left)",published,EUR,300.0,400.0,200.0,200.0,,1,1,200.0,200.0,True,"Mon, 31 Aug 2026 08:00:00 GMT","Tue, 15 Sep 2026 18:18:00 GMT",https://media.app.artisio.co/media/3fc437c0-fdbb-4208-955a-90293eab416d/inventory/bf642f3c-0c5f-4be9-96c1-ce4948e79114/c0a40ca2-e608-4c9f-bfce-d915ee212ea4/0001_POciXo_sm.jpeg;https://media.app.artisio.co/media/3fc437c0-fdbb-4208-955a-90293eab416d/inventory/bf642f3c-0c5f-4be9-96c1-ce4948e79114/3729b6bf-3f62-4329-ac48-0ef46b57d933/0002_WqWunq_sm.jpeg;https://media.app.artisio.co/media/3fc437c0-fdbb-4208-955a-90293eab416d/inventory/bf642f3c-0c5f-4be9-96c1-ce4948e79114/08fa902f-748d-4d51-9642-45df4808114e/0003_lAejet_sm.jpeg;https://media.app.artisio.co/media/3fc437c0-fdbb-4208-955a-90293eab416d/inventory/bf642f3c-0c5f-4be9-96c1-ce4948e79114/b0b9d892-7156-4963-9c49-f85486733aab/0004_rCqJtf_sm.jpeg,4,"{""artist_retail_right"": false, ""comments"": null, ""condition"": null, ""condition_report"": null, ""dimensions"": null, ""extra_text"": null, ""footnote"": null, ""header"": null, ""internal_reference"": null, ""literature"": ""<p>Provenance:<br>-Collection B. Meijer, Wassenaar, inv. no. 210 (label attached to the stretcher).</p>"", ""origin_exhibition_lite"": null, ""painter_artist_school"": ""Léon Huber (French, 1858-1928)"", ""period"": null, ""signature_dating"": ""signed 'Leon Huber' (lower left)"", ""technique_size"": ""oil on canvas, 19x24,5 cm (37x42,5 cm incl. frame)"", ""title"": ""Asparagus, cherries and plums"", ""total"": null, ""weight_size_quality"": null}"
b58251b9-0d29-4732-a7b4-14474588f965,157,26-0437/27,fbef6459-c238-43e4-b7ac-6357713358f6,713,Classic to Modern Art,"Schilderijen, aquarellen en tekeningen I",Ducks in the grass,"Willem van der Nat (1864-1929), Ducks in the grass","<h3>Painter / Artist / School</h3>Willem van der Nat (1864-1929)<h3>Technique / Size</h3>oil on canvas, mounted on board, 30x40 cm (47x57 cm incl. frame)<h3>Signature / Dating</h3>signed and dated 'vd Nat/09' (lower right)",published,EUR,1000.0,1500.0,1000.0,1000.0,,1,0,,,True,"Mon, 31 Aug 2026 08:00:00 GMT","Tue, 15 Sep 2026 18:21:00 GMT",https://media.app.artisio.co/media/3fc437c0-fdbb-4208-955a-90293eab416d/inventory/df13b2ab-98cf-40aa-bad6-cc0f40227699/08e1e300-5d45-4f00-8727-93c412646ef9/0001_StGZbo_sm.jpeg;https://media.app.artisio.co/media/3fc437c0-fdbb-4208-955a-90293eab416d/inventory/df13b2ab-98cf-40aa-bad6-cc0f40227699/9e626cbd-c6ba-4327-8706-581a1de691e6/0002_FsnvgV_sm.jpeg;https://media.app.artisio.co/media/3fc437c0-fdbb-4208-955a-90293eab416d/inventory/df13b2ab-98cf-40aa-bad6-cc0f40227699/a871f5a8-b3d5-4b51-9932-f52604c89fad/0003_ppPklt_sm.jpeg;https://media.app.artisio.co/media/3fc437c0-fdbb-4208-955a-90293eab416d/inventory/df13b2ab-98cf-40aa-bad6-cc0f40227699/d1a6f58e-c082-4634-b2e3-424d465ee5a6/0004_ADSdbl_sm.jpeg,4,"{""artist_retail_right"": false, ""comments"": null, ""condition"": null, ""condition_report"": null, ""dimensions"": null, ""extra_text"": null, ""footnote"": null, ""header"": null, ""internal_reference"": null, ""literature"": null, ""origin_exhibition_lite"": null, ""painter_artist_school"": ""Willem van der Nat (1864-1929)"", ""period"": null, ""signature_dating"": ""signed and dated 'vd Nat/09' (lower right)"", ""technique_size"": ""oil on canvas, mounted on board, 30x40 cm (47x57 cm incl. frame)"", ""title"": ""Ducks in the grass"", ""total"": null, ""weight_size_quality"": null}"
b5e3d591-fde9-4239-aedd-9fe7bf6902c0,158,26-0437/39,fbef6459-c238-43e4-b7ac-6357713358f6,713,Classic to Modern Art,"Schilderijen, aquarellen en tekeningen I",Goat climbing on the stable door,"Willem van der Nat (1864-1929), Goat climbing on the stable door","<h3>Painter / Artist / School</h3>Willem van der Nat (1864-1929)<h3>Technique / Size</h3>oil on panel, 25x35 cm (49x58,5 cm incl. frame)",published,EUR,1000.0,1500.0,1000.0,1000.0,,1,0,,,True,"Mon, 31 Aug 2026 08:00:00 GMT","Tue, 15 Sep 2026 18:21:00 GMT",https://media.app.artisio.co/media/3fc437c0-fdbb-4208-955a-90293eab416d/inventory/caec48f6-18ac-4f60-817a-d82c229c3ad3/61660c35-d905-4e32-bad1-fe572154dc56/0001_hXMQqL_sm.jpeg;https://media.app.artisio.co/media/3fc437c0-fdbb-4208-955a-90293eab416d/inventory/caec48f6-18ac-4f60-817a-d82c229c3ad3/d36c16bd-9218-4378-adba-10b11f8f3af7/0002_pSqnsR_sm.jpeg;https://media.app.artisio.co/media/3fc437c0-fdbb-4208-955a-90293eab416d/inventory/caec48f6-18ac-4f60-817a-d82c229c3ad3/4df72519-1554-4643-bf00-bf2d7155926c/0003_qeuPiu_sm.jpeg,3,"{""artist_retail_right"": false, ""comments"": null, ""condition"": null, ""condition_report"": null, ""dimensions"": null, ""extra_text"": null, ""footnote"": null, ""header"": null, ""internal_reference"": null, ""literature"": null, ""origin_exhibition_lite"": null, ""painter_artist_school"": ""Willem van der Nat (1864-1929)"", ""period"": null, ""signature_dating"": null, ""technique_size"": ""oil on panel, 25x35 cm (49x58,5 cm incl. frame)"", ""title"": ""Goat climbing on the stable door"", ""total"": null, ""weight_size_quality"": null}"
137144b8-42ef-4f9f-8569-fee3e86d0f07,159,26-0437/18,fbef6459-c238-43e4-b7ac-6357713358f6,713,Classic to Modern Art,"Schilderijen, aquarellen en tekeningen I",Shepherdess guiding her sheep back to the pen,"Willem van der Nat (1864-1929), Shepherdess guiding her sheep back to the pen","<h3>Painter / Artist / School</h3>Willem van der Nat (1864-1929)<h3>Literature</h3><p>Provenance:<br>-Auction, Onder de Boompjes, Leiden, 2-11 December 2020, lot 90.</p><h3>Technique / Size</h3>watercolour, heightened in white, on paper, 35x53 cm (56x74 cm incl. frame)<h3>Signature / Dating</h3>signed 'vd Nat' (lower right)",published,EUR,800.0,1200.0,800.0,800.0,,1,0,,,True,"Mon, 31 Aug 2026 08:00:00 GMT","Tue, 15 Sep 2026 18:21:00 GMT",https://media.app.artisio.co/media/3fc437c0-fdbb-4208-955a-90293eab416d/inventory/8f2b5e6a-b231-4c89-a689-77579a65da6c/977c7604-1ae3-44ff-9818-0e319746b558/0001_zjMvLF_sm.jpeg;https://media.app.artisio.co/media/3fc437c0-fdbb-4208-955a-90293eab416d/inventory/8f2b5e6a-b231-4c89-a689-77579a65da6c/f8dae666-1cf7-43b3-b1c2-f2e6aa5d67c8/0002_RlRXWX_sm.jpeg;https://media.app.artisio.co/media/3fc437c0-fdbb-4208-955a-90293eab416d/inventory/8f2b5e6a-b231-4c89-a689-77579a65da6c/475e16a9-95d6-491e-8324-1f96796ac80f/0003_IYFXRE_sm.jpeg;https://media.app.artisio.co/media/3fc437c0-fdbb-4208-955a-90293eab416d/inventory/8f2b5e6a-b231-4c89-a689-77579a65da6c/66fbc623-a1de-465a-b207-6b3499bae4b3/0004_JKIfXW_sm.jpeg;https://media.app.artisio.co/media/3fc437c0-fdbb-4208-955a-90293eab416d/inventory/8f2b5e6a-b231-4c89-a689-77579a65da6c/a0cf0585-b77f-4be6-8184-cc19b7c66aa8/0005_yMFjZV_sm.jpeg,5,"{""artist_retail_right"": false, ""comments"": null, ""condition"": null, ""condition_report"": null, ""dimensions"": null, ""extra_text"": null, ""footnote"": null, ""header"": null, ""internal_reference"": null, ""literature"": ""<p>Provenance:<br>-Auction, Onder de Boompjes, Leiden, 2-11 December 2020, lot 90.</p>"", ""origin_exhibition_lite"": null, ""painter_artist_school"": ""Willem van der Nat (1864-1929)"", ""period"": null, ""signature_dating"": ""signed 'vd Nat' (lower right)"", ""technique_size"": ""watercolour, heightened in white, on paper, 35x53 cm (56x74 cm incl. frame)"", ""title"": ""Shepherdess guiding her sheep back to the pen"", ""total"": null, ""weight_size_quality"": null}"
2582aa94-0fec-4a3f-af55-735cf325089d,160,26-0437/25,fbef6459-c238-43e4-b7ac-6357713358f6,713,Classic to Modern Art,"Schilderijen, aquarellen en tekeningen I",Shepard with his sheep by the ditch,"Willem van der Nat (1864-1929), Shepard with his sheep by the ditch","<h3>Painter / Artist / School</h3>Willem van der Nat (1864-1929)<h3>Technique / Size</h3>watercolour, heightened in white, on paper, 31x45 cm (54x68 cm incl. frame)<h3>Signature / Dating</h3>signed 'vd Nat' (lower right)",published,EUR,600.0,800.0,600.0,600.0,,1,0,,,True,"Mon, 31 Aug 2026 08:00:00 GMT","Tue, 15 Sep 2026 18:21:00 GMT",https://media.app.artisio.co/media/3fc437c0-fdbb-4208-955a-90293eab416d/inventory/2e734e9b-70a6-4f98-b654-0322617da51c/c7a878ad-a80c-4e10-a530-385e2bbc0fd8/0001_dXdPHA_sm.jpeg;https://media.app.artisio.co/media/3fc437c0-fdbb-4208-955a-90293eab416d/inventory/2e734e9b-70a6-4f98-b654-0322617da51c/ab6430dc-7ec2-459e-a4ea-c4185bd1621f/0002_XyFVHF_sm.jpeg;https://media.app.artisio.co/media/3fc437c0-fdbb-4208-955a-90293eab416d/inventory/2e734e9b-70a6-4f98-b654-0322617da51c/d883e6bc-eab8-4355-b238-a6139fe194d4/0003_zFBRkb_sm.jpeg,3,"{""artist_retail_right"": false, ""comments"": null, ""condition"": null, ""condition_report"": null, ""dimensions"": null, ""extra_text"": null, ""footnote"": null, ""header"": null, ""internal_reference"": null, ""literature"": null, ""origin_exhibition_lite"": null, ""painter_artist_school"": ""Willem van der Nat (1864-1929)"", ""period"": null, ""signature_dating"": ""signed 'vd Nat' (lower right)"", ""technique_size"": ""watercolour, heightened in white, on paper, 31x45 cm (54x68 cm incl. frame)"", ""title"": ""Shepard with his sheep by the ditch"", ""total"": null, ""weight_size_quality"": null}"
ffc24704-f387-43e6-8a8b-13ef9f26b456,161,26-0437/32,fbef6459-c238-43e4-b7ac-6357713358f6,713,Classic to Modern Art,"Schilderijen, aquarellen en tekeningen I",Sheep return to the stable,"Willem van der Nat (1864-1929), Sheep return to the stable","<h3>Painter / Artist / School</h3>Willem van der Nat (1864-1929)<h3>Literature</h3><p>Provenance:<br>-Auction, Sotheby's, Amsterdam, 15 May 2001, lot 1194.</p><h3>Technique / Size</h3>watercolour, heightened in white, on paper, 30x48 cm (68x51 cm incl. frame)<h3>Signature / Dating</h3>signed 'vd Nat' (lower right)",published,EUR,600.0,800.0,600.0,600.0,,1,1,600.0,600.0,True,"Mon, 31 Aug 2026 08:00:00 GMT","Tue, 15 Sep 2026 18:21:00 GMT",https://media.app.artisio.co/media/3fc437c0-fdbb-4208-955a-90293eab416d/inventory/04989913-168c-42ad-90a8-52a82033fd69/bb1b44a3-a81b-4902-8035-2fd80e22c4eb/0001_sDNAwg_sm.jpeg;https://media.app.artisio.co/media/3fc437c0-fdbb-4208-955a-90293eab416d/inventory/04989913-168c-42ad-90a8-52a82033fd69/fd05b1ad-dae7-4857-ae03-9f3cca575d2e/0002_GyBHzN_sm.jpeg;https://media.app.artisio.co/media/3fc437c0-fdbb-4208-955a-90293eab416d/inventory/04989913-168c-42ad-90a8-52a82033fd69/ae47d9ad-ed64-4df1-9c57-31eaeddcdcd7/0003_gIIJrT_sm.jpeg;https://media.app.artisio.co/media/3fc437c0-fdbb-4208-955a-90293eab416d/inventory/04989913-168c-42ad-90a8-52a82033fd69/f132fdf4-9ec7-4d15-9d52-a24661dae132/0004_YRrrjA_sm.jpeg;https://media.app.artisio.co/media/3fc437c0-fdbb-4208-955a-90293eab416d/inventory/04989913-168c-42ad-90a8-52a82033fd69/77c78f99-41cd-47ea-a5f4-a76fa7c0e7c8/0005_TklerF_sm.jpeg,5,"{""artist_retail_right"": false, ""comments"": null, ""condition"": null, ""condition_report"": null, ""dimensions"": null, ""extra_text"": null, ""footnote"": null, ""header"": null, ""internal_reference"": null, ""literature"": ""<p>Provenance:<br>-Auction, Sotheby's, Amsterdam, 15 May 2001, lot 1194.</p>"", ""origin_exhibition_lite"": null, ""painter_artist_school"": ""Willem van der Nat (1864-1929)"", ""period"": null, ""signature_dating"": ""signed 'vd Nat' (lower right)"", ""technique_size"": ""watercolour, heightened in white, on paper, 30x48 cm (68x51 cm incl. frame)"", ""title"": ""Sheep return to the stable"", ""total"": null, ""weight_size_quality"": null}"
a9c26dd8-7449-45b3-a752-0ab065eebffb,162,26-0437/19,fbef6459-c238-43e4-b7ac-6357713358f6,713,Classic to Modern Art,"Schilderijen, aquarellen en tekeningen I",Farmer getting water at a well,"Willem van der Nat (1864-1929), Farmer getting water at a well","<h3>Painter / Artist / School</h3>Willem van der Nat (1864-1929)<h3>Literature</h3><p>Provenance:<br>-Auction, Onder de Boompjes, Leiden, 10 June 2021, lot 12.&nbsp;</p><h3>Technique / Size</h3>watercolour, heightened in white, on paper, 30x48 cm (50x68 cm incl. frame)<h3>Signature / Dating</h3>signed 'vd Nat' (lower right)",published,EUR,1000.0,1500.0,1000.0,1000.0,,1,0,,,True,"Mon, 31 Aug 2026 08:00:00 GMT","Tue, 15 Sep 2026 18:21:00 GMT",https://media.app.artisio.co/media/3fc437c0-fdbb-4208-955a-90293eab416d/inventory/31260910-1e67-4c37-a4dc-4177a5b1b4f9/db0afc10-2f2d-4521-8d3c-3f4a476e04e2/0001_AgDCyX_sm.jpeg;https://media.app.artisio.co/media/3fc437c0-fdbb-4208-955a-90293eab416d/inventory/31260910-1e67-4c37-a4dc-4177a5b1b4f9/8fae605a-0dd5-49be-b7e8-11e0315c0e39/0002_KPZNWn_sm.jpeg;https://media.app.artisio.co/media/3fc437c0-fdbb-4208-955a-90293eab416d/inventory/31260910-1e67-4c37-a4dc-4177a5b1b4f9/b4fabf95-907b-44ad-80b6-3dbd7045898e/0003_WMmLcl_sm.jpeg;https://media.app.artisio.co/media/3fc437c0-fdbb-4208-955a-90293eab416d/inventory/31260910-1e67-4c37-a4dc-4177a5b1b4f9/135a50f2-82ca-4981-8635-c712bed5470d/0004_VwKBAG_sm.jpeg,4,"{""artist_retail_right"": false, ""comments"": null, ""condition"": null, ""condition_report"": null, ""dimensions"": null, ""extra_text"": null, ""footnote"": null, ""header"": null, ""internal_reference"": null, ""literature"": ""<p>Provenance:<br>-Auction, Onder de Boompjes, Leiden, 10 June 2021, lot 12.&nbsp;</p>"", ""origin_exhibition_lite"": null, ""painter_artist_school"": ""Willem van der Nat (1864-1929)"", ""period"": null, ""signature_dating"": ""signed 'vd Nat' (lower right)"", ""technique_size"": ""watercolour, heightened in white, on paper, 30x48 cm (50x68 cm incl. frame)"", ""title"": ""Farmer getting water at a well"", ""total"": null, ""weight_size_quality"": null}"
2f07b359-5408-40ef-b741-77c06a3eddd5,163,25-2721/2,fbef6459-c238-43e4-b7ac-6357713358f6,713,Classic to Modern Art,"Schilderijen, aquarellen en tekeningen I","Church next to a house, possibly in Oegstgeest","Ben Viegers (1886-1947) , Church next to a house, possibly in Oegstgeest","<h3>Painter / Artist / School</h3>Ben Viegers (1886-1947)<h3>Technique / Size</h3>oil on canvas, 40x50,5 cm (53x62,5 cm incl. frame)<h3>Signature / Dating</h3>signed 'B Viegers' (lower right)",published,EUR,1000.0,1500.0,900.0,900.0,,1,0,,,True,"Mon, 31 Aug 2026 08:00:00 GMT","Tue, 15 Sep 2026 18:24:00 GMT",https://media.app.artisio.co/media/3fc437c0-fdbb-4208-955a-90293eab416d/inventory/334f8ce0-81a7-4cab-9002-54341acaff1e/db6f1271-80d0-47e1-99a5-52038687720e/00001_dUAYOH_sm.jpeg;https://media.app.artisio.co/media/3fc437c0-fdbb-4208-955a-90293eab416d/inventory/334f8ce0-81a7-4cab-9002-54341acaff1e/4c7432b2-8eea-42e0-880f-1f4d7200dc7f/0001_RpdByV_sm.jpeg;https://media.app.artisio.co/media/3fc437c0-fdbb-4208-955a-90293eab416d/inventory/334f8ce0-81a7-4cab-9002-54341acaff1e/80f5f8a6-3ab1-4134-8f8c-ad95d5613dbb/0001a_MjiJcJ_sm.jpeg;https://media.app.artisio.co/media/3fc437c0-fdbb-4208-955a-90293eab416d/inventory/334f8ce0-81a7-4cab-9002-54341acaff1e/83dedd3c-ef23-4d75-a0aa-57bd6a36c825/0002_dpwEtR_sm.jpeg,4,"{""artist_retail_right"": false, ""comments"": ""<p>Niet in Ben Viegers boeken.</p><p>RKDViewer niks - SH</p>"", ""condition"": null, ""condition_report"": null, ""dimensions"": null, ""extra_text"": null, ""footnote"": null, ""header"": null, ""internal_reference"": null, ""literature"": null, ""origin_exhibition_lite"": null, ""painter_artist_school"": ""Ben Viegers (1886-1947) "", ""period"": null, ""signature_dating"": ""signed 'B Viegers' (lower right)"", ""technique_size"": ""oil on canvas, 40x50,5 cm (53x62,5 cm incl. frame)"", ""title"": ""Church next to a house, possibly in Oegstgeest"", ""total"": null, ""weight_size_quality"": null}"
576da3a8-3b46-4399-bdcc-5ee0c2eedb2f,164,26-0201/6,fbef6459-c238-43e4-b7ac-6357713358f6,713,Classic to Modern Art,"Schilderijen, aquarellen en tekeningen I",Feeding chickens at the farm,"Ben Viegers (1886-1947), Feeding chickens at the farm","<h3>Painter / Artist / School</h3>Ben Viegers (1886-1947)<h3>Technique / Size</h3>oil on canvas, mounted on panel, 24x30 cm (41x47 cm incl. frame)<h3>Signature / Dating</h3>signed 'B. Viegers' (lower right)",published,EUR,500.0,700.0,400.0,400.0,,1,0,,,True,"Mon, 31 Aug 2026 08:00:00 GMT","Tue, 15 Sep 2026 18:24:00 GMT",https://media.app.artisio.co/media/3fc437c0-fdbb-4208-955a-90293eab416d/inventory/9690dfcc-3d99-449f-97d4-a7f6138534fb/9b99ec66-8917-48e1-bfb5-e6666718ebae/0001_GXeZiT_sm.jpeg;https://media.app.artisio.co/media/3fc437c0-fdbb-4208-955a-90293eab416d/inventory/9690dfcc-3d99-449f-97d4-a7f6138534fb/7cfffb7b-9f12-42a2-a3f1-9d4962828ef0/0002_ZRSqun_sm.jpeg;https://media.app.artisio.co/media/3fc437c0-fdbb-4208-955a-90293eab416d/inventory/9690dfcc-3d99-449f-97d4-a7f6138534fb/b76aa079-6d79-41a4-9d51-27068f26c1d1/0003_BjifNQ_sm.jpeg;https://media.app.artisio.co/media/3fc437c0-fdbb-4208-955a-90293eab416d/inventory/9690dfcc-3d99-449f-97d4-a7f6138534fb/ad90af7d-a478-4637-80a1-88a865594a8b/0004_VxFYcT_sm.jpeg,4,"{""artist_retail_right"": false, ""comments"": null, ""condition"": null, ""condition_report"": null, ""dimensions"": null, ""extra_text"": null, ""footnote"": null, ""header"": null, ""internal_reference"": null, ""literature"": null, ""origin_exhibition_lite"": null, ""painter_artist_school"": ""Ben Viegers (1886-1947)"", ""period"": null, ""signature_dating"": ""signed 'B. Viegers' (lower right)"", ""technique_size"": ""oil on canvas, mounted on panel, 24x30 cm (41x47 cm incl. frame) "", ""title"": ""Feeding chickens at the farm"", ""total"": null, ""weight_size_quality"": null}"
621b3f44-e423-4923-98bb-4b2712cedd9e,165,26-0511/7,fbef6459-c238-43e4-b7ac-6357713358f6,713,Classic to Modern Art,"Schilderijen, aquarellen en tekeningen I",Oostende beach on a stormy day,"Willem Paerels (1878-1962), Oostende beach on a stormy day","<h3>Painter / Artist / School</h3>Willem Paerels (1878-1962)<h3>Literature</h3><p>Provenance:<br>-With Gallery Delta, Rotterdam.<br>-Auction, Sotheby's, Amsterdam, 27 May 2003, lot 487.<br>-Auction, Venduehuis, The Hague, 21 March 2018, lot 14.</p><h3>Technique / Size</h3>oil on canvas, 40x50 cm (58x67 cm incl. frame)<h3>Signature / Dating</h3>signed 'Paerels' (lower right)",published,EUR,1500.0,2000.0,1500.0,1500.0,,1,0,,,True,"Mon, 31 Aug 2026 08:00:00 GMT","Tue, 15 Sep 2026 18:24:00 GMT",https://media.app.artisio.co/media/3fc437c0-fdbb-4208-955a-90293eab416d/inventory/3f664c5f-88c8-4b95-92f3-391227a578a2/f1053ef2-a35e-49f7-a931-ac0f03238ea9/0001_yDorMD_sm.jpeg;https://media.app.artisio.co/media/3fc437c0-fdbb-4208-955a-90293eab416d/inventory/3f664c5f-88c8-4b95-92f3-391227a578a2/5882fc3a-100b-4123-ba0d-2a9499bd88f6/0002_TZwcjk_sm.jpeg;https://media.app.artisio.co/media/3fc437c0-fdbb-4208-955a-90293eab416d/inventory/3f664c5f-88c8-4b95-92f3-391227a578a2/26a7350c-0505-4ba4-a0f8-2549781ada08/0003_pkeeSh_sm.jpeg;https://media.app.artisio.co/media/3fc437c0-fdbb-4208-955a-90293eab416d/inventory/3f664c5f-88c8-4b95-92f3-391227a578a2/22371c9a-c80d-4033-90f3-9954b323e9e8/0004_YUUdor_sm.jpeg,4,"{""artist_retail_right"": true, ""comments"": ""<p>https://rkd.nl/imageslite/3799891</p>"", ""condition"": null, ""condition_report"": null, ""dimensions"": null, ""extra_text"": null, ""footnote"": null, ""header"": null, ""internal_reference"": null, ""literature"": ""<p>Provenance:<br>-With Gallery Delta, Rotterdam.<br>-Auction, Sotheby's, Amsterdam, 27 May 2003, lot 487.<br>-Auction, Venduehuis, The Hague, 21 March 2018, lot 14.</p>"", ""origin_exhibition_lite"": null, ""painter_artist_school"": ""Willem Paerels (1878-1962)"", ""period"": null, ""signature_dating"": ""signed 'Paerels' (lower right)"", ""technique_size"": ""oil on canvas, 40x50 cm (58x67 cm incl. frame)"", ""title"": ""Oostende beach on a stormy day"", ""total"": null, ""weight_size_quality"": null}"
50820722-b31f-49b7-ad19-4dc063663122,166,26-0138/1,fbef6459-c238-43e4-b7ac-6357713358f6,713,Classic to Modern Art,"Schilderijen, aquarellen en tekeningen I",Heathland landscape,"Dick Ket (1902-1940), Heathland landscape","<h3>Painter / Artist / School</h3>Dick Ket (1902-1940)<h3>Technique / Size</h3>oil on board, 14,5x18,5 cm<h3>Signature / Dating</h3>with stamp 'Catalogus Dick Ket' (on the reverse)",published,EUR,800.0,1200.0,700.0,700.0,,1,0,,,True,"Mon, 31 Aug 2026 08:00:00 GMT","Tue, 15 Sep 2026 18:24:00 GMT",https://media.app.artisio.co/media/3fc437c0-fdbb-4208-955a-90293eab416d/inventory/f3387675-7d99-451c-b8a6-843f633addb8/d93ec2bb-a203-4484-b191-9c84ace4ba9f/0001_uqTNYQ_sm.jpeg;https://media.app.artisio.co/media/3fc437c0-fdbb-4208-955a-90293eab416d/inventory/f3387675-7d99-451c-b8a6-843f633addb8/07f00c0e-fbc9-4913-8dac-947c5186471c/0002_jIEEer_sm.jpeg;https://media.app.artisio.co/media/3fc437c0-fdbb-4208-955a-90293eab416d/inventory/f3387675-7d99-451c-b8a6-843f633addb8/86a4bce8-eb2b-41cf-b306-3c74f2632c47/0003_KMYIPG_sm.jpeg,3,"{""artist_retail_right"": false, ""comments"": ""<p>in oeuvre cat opzoeken -→ geen afb. (SH, foto's) + christie's veiling plaatje NOG checken, reserveren, niet in Viewer (zie onder)</p><p>Mogelijk zelfde schilderijtje? Geen afb.&nbsp;</p><p>https://www.artprice.com/artist/15302/dick-ket/painting/198180/landscape?p=2 -</p><p>https://www.artprice.com/artist/15302/dick-ket/painting/237362/landscape?p=2 &nbsp;</p>"", ""condition"": null, ""condition_report"": null, ""dimensions"": null, ""extra_text"": null, ""footnote"": null, ""header"": null, ""internal_reference"": null, ""literature"": null, ""origin_exhibition_lite"": null, ""painter_artist_school"": ""Dick Ket (1902-1940)"", ""period"": null, ""signature_dating"": ""with stamp 'Catalogus Dick Ket' (on the reverse)"", ""technique_size"": ""oil on board, 14,5x18,5 cm"", ""title"": ""Heathland landscape"", ""total"": null, ""weight_size_quality"": null}"
01645d71-5759-4f54-aae5-8a52751d2c72,167,26-0097/12,fbef6459-c238-43e4-b7ac-6357713358f6,713,Classic to Modern Art,"Schilderijen, aquarellen en tekeningen I",'Sendbrief an die Christen im Niederland' ,"Hendrik Nicolaas Werkman (1882-1945), 'Sendbrief an die Christen im Niederland' ","<h3>Painter / Artist / School</h3>Hendrik Nicolaas Werkman (1882-1945)<h3>Literature</h3><p>Literature:&nbsp;<br>-Dieuwertje Dekkers, Jikke van der Spek and Anneke de Vries, ‘H.N. Werkman. Het complete oeuvre’, Rotterdam 2008, ill. no. BS-6.&nbsp;</p><h3>Technique / Size</h3>print, unframed, 19x14,5 cm<h3>Extra Text</h3><p>Edition of 90 copies. Printed in May 1941 by the Blauwe Schuit.&nbsp;</p><p>This booklet contains four pages. The cover is a print by H.N. Werkman.&nbsp;</p>",published,EUR,500.0,700.0,400.0,400.0,,1,0,,,True,"Mon, 31 Aug 2026 08:00:00 GMT","Tue, 15 Sep 2026 18:24:00 GMT",https://media.app.artisio.co/media/3fc437c0-fdbb-4208-955a-90293eab416d/inventory/4d9c2fc7-199e-4548-95bb-b0b1ea27fbb9/5c78323b-7635-418f-9bbc-4da7726576ea/0001_MOcBIp_sm.jpeg;https://media.app.artisio.co/media/3fc437c0-fdbb-4208-955a-90293eab416d/inventory/4d9c2fc7-199e-4548-95bb-b0b1ea27fbb9/9bc3bc4e-f741-40b9-82e2-5dd05a883eb2/0002_OpWVkZ_sm.jpeg,2,"{""artist_retail_right"": false, ""comments"": null, ""condition"": null, ""condition_report"": null, ""dimensions"": null, ""extra_text"": ""<p>Edition of 90 copies. Printed in May 1941 by the Blauwe Schuit.&nbsp;</p><p>This booklet contains four pages. The cover is a print by H.N. Werkman.&nbsp;</p>"", ""footnote"": null, ""header"": null, ""internal_reference"": null, ""literature"": ""<p>Literature:&nbsp;<br>-Dieuwertje Dekkers, Jikke van der Spek and Anneke de Vries, ‘H.N. Werkman. Het complete oeuvre’, Rotterdam 2008, ill. no. BS-6.&nbsp;</p>"", ""origin_exhibition_lite"": null, ""painter_artist_school"": ""Hendrik Nicolaas Werkman (1882-1945)"", ""period"": null, ""signature_dating"": null, ""technique_size"": ""print, unframed, 19x14,5 cm "", ""title"": ""'Sendbrief an die Christen im Niederland' "", ""total"": null, ""weight_size_quality"": null}"
6111f638-3daa-4931-9133-4bf4c32a836a,168,26-0097/14,fbef6459-c238-43e4-b7ac-6357713358f6,713,Classic to Modern Art,"Schilderijen, aquarellen en tekeningen I",'Affiche advent',"Hendrik Nicolaas Werkman (1882-1945), 'Affiche advent'","<h3>Painter / Artist / School</h3>Hendrik Nicolaas Werkman (1882-1945)<h3>Literature</h3><p>Literature:&nbsp;<br>-Dieuwertje Dekkers, Jikke van der Spek and Anneke de Vries, ‘H.N. Werkman. Het complete oeuvre’, Rotterdam 2008, ill. p. 280, no. G-237.</p><h3>Technique / Size</h3>stencil, unframed, 32,5x24,5 cm.<h3>Extra Text</h3><p>Printed in 1943 by Predikant en kerkenraad der Nederlands Hervormde gemeente Nijenhaske en Haskerdijken.&nbsp;</p><p>&nbsp;</p>",published,EUR,600.0,800.0,400.0,400.0,,1,0,,,True,"Mon, 31 Aug 2026 08:00:00 GMT","Tue, 15 Sep 2026 18:24:00 GMT",https://media.app.artisio.co/media/3fc437c0-fdbb-4208-955a-90293eab416d/inventory/ad9033a2-1cbd-4683-a8ef-1dc88228a0a9/3deca277-f8ee-404f-a2d2-ea40983b4b7a/0001_WqOEOk_sm.jpeg;https://media.app.artisio.co/media/3fc437c0-fdbb-4208-955a-90293eab416d/inventory/ad9033a2-1cbd-4683-a8ef-1dc88228a0a9/5fec2789-afe7-4087-ab39-b669447fdab9/0002_VcFkcj_sm.jpeg;https://media.app.artisio.co/media/3fc437c0-fdbb-4208-955a-90293eab416d/inventory/ad9033a2-1cbd-4683-a8ef-1dc88228a0a9/d4d95a41-2cfd-4806-a0c3-7ef293b9242c/0003_NmoTeu_sm.jpeg,3,"{""artist_retail_right"": false, ""comments"": ""<p>Voorstel Sophie:</p><p>Commissioned by Pastor August Henkels to announce Advent services. This is one of six designs by Werkman, three of which have been preserved. (Dekkers 2008, p. 280)</p>"", ""condition"": null, ""condition_report"": null, ""dimensions"": null, ""extra_text"": ""<p>Printed in 1943 by Predikant en kerkenraad der Nederlands Hervormde gemeente Nijenhaske en Haskerdijken.&nbsp;</p><p>&nbsp;</p>"", ""footnote"": null, ""header"": null, ""internal_reference"": null, ""literature"": ""<p>Literature:&nbsp;<br>-Dieuwertje Dekkers, Jikke van der Spek and Anneke de Vries, ‘H.N. Werkman. Het complete oeuvre’, Rotterdam 2008, ill. p. 280, no. G-237.</p>"", ""origin_exhibition_lite"": null, ""painter_artist_school"": ""Hendrik Nicolaas Werkman (1882-1945)"", ""period"": null, ""signature_dating"": null, ""technique_size"": ""stencil, unframed, 32,5x24,5 cm."", ""title"": ""'Affiche advent'"", ""total"": null, ""weight_size_quality"": null}"
16e4dcb3-88ac-4bac-a7d0-8e3825001daf,169,26-2723/27,fbef6459-c238-43e4-b7ac-6357713358f6,713,Classic to Modern Art,"Schilderijen, aquarellen en tekeningen I","'De 7 vloeken, Poëtisch pamflet' (Volière-reeks 4)","Hendrik Nicolaas Werkman (1882-1945), 'De 7 vloeken, Poëtisch pamflet' (Volière-reeks 4)","<h3>Painter / Artist / School</h3>Hendrik Nicolaas Werkman (1882-1945)<h3>Literature</h3><p>Literature:&nbsp;<br>-Dieuwertje Dekkers, Jikke van der Spek and Anneke de Vries, ‘H.N. Werkman. Het complete oeuvre’, Rotterdam 2008, ill. no. G-248.<br>-Paulo Martina en Annemieke Keizer-Sloff, ‘3 generaties Werkman: Hendrik Werkman - Tap Werkman - Arne Werkman', Gorredijk 2014, ill. p. 91.&nbsp;</p><h3>Technique / Size</h3>stencil, unframed and with loose pages, 24x16 cm<h3>Extra Text</h3><p>This booklet was published by In Agris Occupatis in April 1944. This is number 88 from 110 copies. This booklet contains 12 pages with text by Koos Schuur. The cover stencil is by H.N. Werkman.<br>Please note:&nbsp;<br>The front and back covers and the other pages of the pamphlet are loose and are no longer bound. There is a small hole on the back (see photo).&nbsp;</p>",published,EUR,800.0,1200.0,700.0,,,1,0,,,True,"Mon, 31 Aug 2026 08:00:00 GMT","Tue, 15 Sep 2026 18:27:00 GMT",https://media.app.artisio.co/media/3fc437c0-fdbb-4208-955a-90293eab416d/inventory/472ce833-c011-4609-b96a-2e1e8829338c/13ff8267-17a7-4268-9a8b-6114cf721c7e/0001_KwYpEJ_sm.jpeg;https://media.app.artisio.co/media/3fc437c0-fdbb-4208-955a-90293eab416d/inventory/472ce833-c011-4609-b96a-2e1e8829338c/b04791ed-08b2-4b56-a651-389fa2807a90/0002_MLtDQJ_sm.jpeg;https://media.app.artisio.co/media/3fc437c0-fdbb-4208-955a-90293eab416d/inventory/472ce833-c011-4609-b96a-2e1e8829338c/a0f2392e-9ca6-4a8a-8e01-4a7193b8e6e4/0003_xYGbzD_sm.jpeg;https://media.app.artisio.co/media/3fc437c0-fdbb-4208-955a-90293eab416d/inventory/472ce833-c011-4609-b96a-2e1e8829338c/ccd44308-d856-43d3-bbfb-cd4dda187324/0004_oIXyzv_sm.jpeg;https://media.app.artisio.co/media/3fc437c0-fdbb-4208-955a-90293eab416d/inventory/472ce833-c011-4609-b96a-2e1e8829338c/0de478f3-9170-4e1e-bf8a-599cd3ff4590/0005_NKAPta_sm.jpeg;https://media.app.artisio.co/media/3fc437c0-fdbb-4208-955a-90293eab416d/inventory/472ce833-c011-4609-b96a-2e1e8829338c/3db837d0-d19d-4c67-8f56-554646c5cfc0/0006_wFgPiS_sm.jpeg;https://media.app.artisio.co/media/3fc437c0-fdbb-4208-955a-90293eab416d/inventory/472ce833-c011-4609-b96a-2e1e8829338c/c58d4f24-48f7-475c-a0df-863335140c17/0007_jiUXuE_sm.jpeg;https://media.app.artisio.co/media/3fc437c0-fdbb-4208-955a-90293eab416d/inventory/472ce833-c011-4609-b96a-2e1e8829338c/834f46c3-5492-4d90-816d-dae42a97df7b/0008_YLPvCV_sm.jpeg;https://media.app.artisio.co/media/3fc437c0-fdbb-4208-955a-90293eab416d/inventory/472ce833-c011-4609-b96a-2e1e8829338c/22469b09-29a6-4b50-b311-047ccdfea91f/0009_mPXmLR_sm.jpeg,9,"{""artist_retail_right"": false, ""comments"": ""<p>sale 699 lot 312 koop Ruijgrok teruggedraaid. Klacht koper: Op zich was ik blij dat ik dit deel uit de Voliere reeks aan mijn verzameling kan toevoegen, maar ik ben teleurgesteld over de staat waarin het boekje is aangeboden. Het boekje bestaat nu&nbsp; uit losse vellen, het omslag bestaat zelfs uit twee losse helften. Dit had in de beschrijving van het lot voor de veiling moeten worden opgenomen, evenals het gat op de achterste helft van het omslag. Ik vind dat het vendue huis hier mee in gebreke is gebleven. Als ik dit tevoren had geweten had ik niet geboden.</p><p>&nbsp;</p>"", ""condition"": null, ""condition_report"": null, ""dimensions"": null, ""extra_text"": ""<p>This booklet was published by In Agris Occupatis in April 1944. This is number 88 from 110 copies. This booklet contains 12 pages with text by Koos Schuur. The cover stencil is by H.N. Werkman.<br>Please note:&nbsp;<br>The front and back covers and the other pages of the pamphlet are loose and are no longer bound. There is a small hole on the back (see photo).&nbsp;</p>"", ""footnote"": null, ""header"": null, ""internal_reference"": null, ""literature"": ""<p>Literature:&nbsp;<br>-Dieuwertje Dekkers, Jikke van der Spek and Anneke de Vries, ‘H.N. Werkman. Het complete oeuvre’, Rotterdam 2008, ill. no. G-248.<br>-Paulo Martina en Annemieke Keizer-Sloff, ‘3 generaties Werkman: Hendrik Werkman - Tap Werkman - Arne Werkman', Gorredijk 2014, ill. p. 91.&nbsp;</p>"", ""origin_exhibition_lite"": null, ""painter_artist_school"": ""Hendrik Nicolaas Werkman (1882-1945)"", ""period"": null, ""signature_dating"": null, ""technique_size"": ""stencil, unframed and with loose pages, 24x16 cm"", ""title"": ""'De 7 vloeken, Poëtisch pamflet' (Volière-reeks 4)"", ""total"": null, ""weight_size_quality"": null}"
4560861b-b77a-460f-94c4-0b4e204cf29f,170,26-0097/15,fbef6459-c238-43e4-b7ac-6357713358f6,713,Classic to Modern Art,"Schilderijen, aquarellen en tekeningen I",'Des Heilands tuin. Een pinksterhymne',"Hendrik Nicolaas Werkman (1882-1945), 'Des Heilands tuin. Een pinksterhymne'","<h3>Painter / Artist / School</h3>Hendrik Nicolaas Werkman (1882-1945)<h3>Literature</h3><p>Literature:&nbsp;<br>-Dieuwertje Dekkers, Jikke van der Spek and Anneke de Vries, ‘H.N. Werkman. Het complete oeuvre’, Rotterdam 2008, ill. no. BS-25.</p><h3>Technique / Size</h3>stencil, unframed, 32x22 cm<h3>Extra Text</h3><p>Edition of 75. Printed in summer 1942 by De Blauwe Schuit. This booklet contains four pages.&nbsp;Cover and first page printed by H.N. Werkman.&nbsp;</p>",published,EUR,600.0,800.0,500.0,500.0,,1,0,,,True,"Mon, 31 Aug 2026 08:00:00 GMT","Tue, 15 Sep 2026 18:27:00 GMT",https://media.app.artisio.co/media/3fc437c0-fdbb-4208-955a-90293eab416d/inventory/f46084bf-e2a4-44a1-9380-f65bd95ed1da/1cc5a70a-3a45-4593-9e5f-cee2107f90ed/0001_Epscao_sm.jpeg;https://media.app.artisio.co/media/3fc437c0-fdbb-4208-955a-90293eab416d/inventory/f46084bf-e2a4-44a1-9380-f65bd95ed1da/1e03dcab-f361-4ad8-9ebd-d66399c411d3/0002_emGNVx_sm.jpeg;https://media.app.artisio.co/media/3fc437c0-fdbb-4208-955a-90293eab416d/inventory/f46084bf-e2a4-44a1-9380-f65bd95ed1da/62e24cb9-d53c-481d-a859-66a26de6c0a1/0003_pluRQG_sm.jpeg;https://media.app.artisio.co/media/3fc437c0-fdbb-4208-955a-90293eab416d/inventory/f46084bf-e2a4-44a1-9380-f65bd95ed1da/8b0c5f0a-17ba-4949-9e3a-a46b602a76b9/0004_LXLNqE_sm.jpeg;https://media.app.artisio.co/media/3fc437c0-fdbb-4208-955a-90293eab416d/inventory/f46084bf-e2a4-44a1-9380-f65bd95ed1da/aa59ba0f-c82f-48c0-872b-1a97f02b97e5/0005_wXDBsV_sm.jpeg,5,"{""artist_retail_right"": false, ""comments"": null, ""condition"": null, ""condition_report"": null, ""dimensions"": null, ""extra_text"": ""<p>Edition of 75. Printed in summer 1942 by De Blauwe Schuit. This booklet contains four pages.&nbsp;Cover and first page printed by H.N. Werkman.&nbsp;</p>"", ""footnote"": null, ""header"": null, ""internal_reference"": null, ""literature"": ""<p>Literature:&nbsp;<br>-Dieuwertje Dekkers, Jikke van der Spek and Anneke de Vries, ‘H.N. Werkman. Het complete oeuvre’, Rotterdam 2008, ill. no. BS-25.</p>"", ""origin_exhibition_lite"": null, ""painter_artist_school"": ""Hendrik Nicolaas Werkman (1882-1945)"", ""period"": null, ""signature_dating"": null, ""technique_size"": ""stencil, unframed, 32x22 cm"", ""title"": ""'Des Heilands tuin. Een pinksterhymne'"", ""total"": null, ""weight_size_quality"": null}"
eb63ef87-a5d4-4093-bcba-1798c9fa0306,171,26-0097/13,fbef6459-c238-43e4-b7ac-6357713358f6,713,Classic to Modern Art,"Schilderijen, aquarellen en tekeningen I",'Blad voor kunst 6',"Hendrik Nicolaas Werkman (1882-1945), 'Blad voor kunst 6'","<h3>Painter / Artist / School</h3>Hendrik Nicolaas Werkman (1882-1945)<h3>Literature</h3><p>Literature:&nbsp;<br>-Dieuwertje Dekkers, Jikke van der Spek and Anneke de Vries, ‘H.N. Werkman. Het complete oeuvre’, Rotterdam 2008, ill. p. 197, no. G-44.</p><h3>Technique / Size</h3>woodcut and print, unframed, 30,5x27,5 cm.<h3>Extra Text</h3><p>Printed in march 1922.&nbsp;</p><p>This edition contains 20 pages with texts from Vilmos<strong> </strong>Huszár (1884-1960), J. Stappert, Daniel Ruyneman (1886-1963) and Jan Wiegers (1893-1959). The cover is a woodcut by H.N. Werkman.&nbsp;</p>",published,EUR,600.0,800.0,400.0,400.0,,1,0,,,True,"Mon, 31 Aug 2026 08:00:00 GMT","Tue, 15 Sep 2026 18:27:00 GMT",https://media.app.artisio.co/media/3fc437c0-fdbb-4208-955a-90293eab416d/inventory/0547dd60-e530-42ca-9dae-c9a3a73916b2/0ac37ea4-7198-408c-9d25-a8f89f5f53cf/0001_fcQFwX_sm.jpeg;https://media.app.artisio.co/media/3fc437c0-fdbb-4208-955a-90293eab416d/inventory/0547dd60-e530-42ca-9dae-c9a3a73916b2/ca4d2864-0057-411d-80a1-a9d9b6fd6820/0002_PMQBjB_sm.jpeg;https://media.app.artisio.co/media/3fc437c0-fdbb-4208-955a-90293eab416d/inventory/0547dd60-e530-42ca-9dae-c9a3a73916b2/8187c2ec-a665-4eb8-b1a1-24613255adb9/0003_yoKBEJ_sm.jpeg;https://media.app.artisio.co/media/3fc437c0-fdbb-4208-955a-90293eab416d/inventory/0547dd60-e530-42ca-9dae-c9a3a73916b2/61414a95-e68a-423d-9c7e-dbc4c1b72af2/0004_gFoCcW_sm.jpeg,4,"{""artist_retail_right"": false, ""comments"": ""<p>Voorstel Sophie:</p><p>The design of the cover of the magazine was inspired by the magazine De Stijl.</p>"", ""condition"": null, ""condition_report"": null, ""dimensions"": null, ""extra_text"": ""<p>Printed in march 1922.&nbsp;</p><p>This edition contains 20 pages with texts from Vilmos<strong> </strong>Huszár (1884-1960), J. Stappert, Daniel Ruyneman (1886-1963) and Jan Wiegers (1893-1959). The cover is a woodcut by H.N. Werkman.&nbsp;</p>"", ""footnote"": null, ""header"": null, ""internal_reference"": null, ""literature"": ""<p>Literature:&nbsp;<br>-Dieuwertje Dekkers, Jikke van der Spek and Anneke de Vries, ‘H.N. Werkman. Het complete oeuvre’, Rotterdam 2008, ill. p. 197, no. G-44.</p>"", ""origin_exhibition_lite"": null, ""painter_artist_school"": ""Hendrik Nicolaas Werkman (1882-1945)"", ""period"": null, ""signature_dating"": null, ""technique_size"": ""woodcut and print, unframed, 30,5x27,5 cm. "", ""title"": ""'Blad voor kunst 6'"", ""total"": null, ""weight_size_quality"": null}"
a192e7e4-8b88-4936-a4cf-a4a385a58901,172,26-0329/16,fbef6459-c238-43e4-b7ac-6357713358f6,713,Classic to Modern Art,"Schilderijen, aquarellen en tekeningen I",Portfolio 'Zwölf Häuser der Zeit 1927',"Gerd Arntz (Dutch/German, 1900-1988), Portfolio 'Zwölf Häuser der Zeit 1927'","<h3>Painter / Artist / School</h3>Gerd Arntz (Dutch/German, 1900-1988)<h3>Technique / Size</h3>12 woodcuts, unframed, each 25,5x16,5 cm (full sheets: 44x33 cm)<h3>Signature / Dating</h3>each signed and numbered in pencil 'G. Arntz' (lower right); portfolio numbered '21/100' (on the inside leaf)<h3>Extra Text</h3><p>The complete portfolio of 12 woodcuts on laid paper, with title and justification page. Published by Werner Kunze, Berlin 1973.&nbsp;</p>",published,EUR,800.0,1200.0,800.0,800.0,,1,0,,,True,"Mon, 31 Aug 2026 08:00:00 GMT","Tue, 15 Sep 2026 18:27:00 GMT",https://media.app.artisio.co/media/3fc437c0-fdbb-4208-955a-90293eab416d/inventory/2342007d-0a45-4861-9ef8-7ebb4503cb7e/6413e6a9-0136-4718-8c1b-b15989470ffb/0001_SWUGFR_sm.jpeg;https://media.app.artisio.co/media/3fc437c0-fdbb-4208-955a-90293eab416d/inventory/2342007d-0a45-4861-9ef8-7ebb4503cb7e/6c8314b4-273b-4f85-9d06-9ef851678d89/0002_tIiQJL_sm.jpeg;https://media.app.artisio.co/media/3fc437c0-fdbb-4208-955a-90293eab416d/inventory/2342007d-0a45-4861-9ef8-7ebb4503cb7e/ab8ed7e6-42f6-4a8d-9174-0410df9916da/0003_kUglUh_sm.jpeg;https://media.app.artisio.co/media/3fc437c0-fdbb-4208-955a-90293eab416d/inventory/2342007d-0a45-4861-9ef8-7ebb4503cb7e/7bebfd5e-4c5a-4543-8d12-a18bc06a0014/0004_waCDvH_sm.jpeg;https://media.app.artisio.co/media/3fc437c0-fdbb-4208-955a-90293eab416d/inventory/2342007d-0a45-4861-9ef8-7ebb4503cb7e/7f5cc0ab-ed7b-47b8-870d-2d2fc1ab4861/0005_jkLOlh_sm.jpeg;https://media.app.artisio.co/media/3fc437c0-fdbb-4208-955a-90293eab416d/inventory/2342007d-0a45-4861-9ef8-7ebb4503cb7e/3acd3020-acaf-482d-a8e5-af42549dc087/0006_NjgLqP_sm.jpeg;https://media.app.artisio.co/media/3fc437c0-fdbb-4208-955a-90293eab416d/inventory/2342007d-0a45-4861-9ef8-7ebb4503cb7e/869284b1-8ec3-4044-917a-ed6e3eb191b7/0007_pttinO_sm.jpeg;https://media.app.artisio.co/media/3fc437c0-fdbb-4208-955a-90293eab416d/inventory/2342007d-0a45-4861-9ef8-7ebb4503cb7e/fa6b0f06-0587-4032-93c7-99f40f150775/0008_hCBrkA_sm.jpeg;https://media.app.artisio.co/media/3fc437c0-fdbb-4208-955a-90293eab416d/inventory/2342007d-0a45-4861-9ef8-7ebb4503cb7e/75653b58-f76f-4b7c-b8e8-d7dea5b94bfe/0009_AVcWAw_sm.jpeg;https://media.app.artisio.co/media/3fc437c0-fdbb-4208-955a-90293eab416d/inventory/2342007d-0a45-4861-9ef8-7ebb4503cb7e/9ce1c92e-6472-4e44-916c-b79dc3f9a5a5/0010_YbFGaS_sm.jpeg;https://media.app.artisio.co/media/3fc437c0-fdbb-4208-955a-90293eab416d/inventory/2342007d-0a45-4861-9ef8-7ebb4503cb7e/941abba4-2aff-40d5-9d41-fa435df5bc7c/0011_AyNwAd_sm.jpeg;https://media.app.artisio.co/media/3fc437c0-fdbb-4208-955a-90293eab416d/inventory/2342007d-0a45-4861-9ef8-7ebb4503cb7e/b2d61d2c-b9cf-44a6-a137-99799109960d/0012_NBnVNQ_sm.jpeg;https://media.app.artisio.co/media/3fc437c0-fdbb-4208-955a-90293eab416d/inventory/2342007d-0a45-4861-9ef8-7ebb4503cb7e/ddf79844-f5b3-42b1-972d-28656fc8518c/0013_gsNMYw_sm.jpeg;https://media.app.artisio.co/media/3fc437c0-fdbb-4208-955a-90293eab416d/inventory/2342007d-0a45-4861-9ef8-7ebb4503cb7e/93c7f4a0-6716-458b-90ea-b07b576120fc/0014_fgDfGZ_sm.jpeg;https://media.app.artisio.co/media/3fc437c0-fdbb-4208-955a-90293eab416d/inventory/2342007d-0a45-4861-9ef8-7ebb4503cb7e/c9342ab8-85ef-4f35-a76f-bc871fac85d0/0015_btDoTM_sm.jpeg;https://media.app.artisio.co/media/3fc437c0-fdbb-4208-955a-90293eab416d/inventory/2342007d-0a45-4861-9ef8-7ebb4503cb7e/f729e61d-2157-4500-a814-39da67a74576/0016_tUbSTZ_sm.jpeg;https://media.app.artisio.co/media/3fc437c0-fdbb-4208-955a-90293eab416d/inventory/2342007d-0a45-4861-9ef8-7ebb4503cb7e/075962f7-97ee-4fd4-8fda-8a38c9120413/0017_QTPWCO_sm.jpeg;https://media.app.artisio.co/media/3fc437c0-fdbb-4208-955a-90293eab416d/inventory/2342007d-0a45-4861-9ef8-7ebb4503cb7e/7228306a-1562-45b2-b394-4f6cf729ac70/0018_ighbsU_sm.jpeg;https://media.app.artisio.co/media/3fc437c0-fdbb-4208-955a-90293eab416d/inventory/2342007d-0a45-4861-9ef8-7ebb4503cb7e/fab661c5-2eb3-488e-bad8-49b3aa44e6d3/0019_pVDgzI_sm.jpeg;https://media.app.artisio.co/media/3fc437c0-fdbb-4208-955a-90293eab416d/inventory/2342007d-0a45-4861-9ef8-7ebb4503cb7e/043404fe-b24e-4a01-a544-8643c8179ca9/0020_tHDGns_sm.jpeg;https://media.app.artisio.co/media/3fc437c0-fdbb-4208-955a-90293eab416d/inventory/2342007d-0a45-4861-9ef8-7ebb4503cb7e/250fec1b-2b84-4bd6-affa-101e5dd744c8/0021_wYXaXd_sm.jpeg;https://media.app.artisio.co/media/3fc437c0-fdbb-4208-955a-90293eab416d/inventory/2342007d-0a45-4861-9ef8-7ebb4503cb7e/c329a53f-669b-45d7-b136-0217f779697b/0022_nsQnHP_sm.jpeg;https://media.app.artisio.co/media/3fc437c0-fdbb-4208-955a-90293eab416d/inventory/2342007d-0a45-4861-9ef8-7ebb4503cb7e/ea31ca87-cf53-49b9-bddd-385d5afd76ce/0023_nXZnqf_sm.jpeg;https://media.app.artisio.co/media/3fc437c0-fdbb-4208-955a-90293eab416d/inventory/2342007d-0a45-4861-9ef8-7ebb4503cb7e/a98ba686-a55c-415d-afc1-919005c0b097/0024_XTOBZM_sm.jpeg;https://media.app.artisio.co/media/3fc437c0-fdbb-4208-955a-90293eab416d/inventory/2342007d-0a45-4861-9ef8-7ebb4503cb7e/a299b65a-c649-48e7-81ba-0a1064a57e14/0025_uUkZDx_sm.jpeg;https://media.app.artisio.co/media/3fc437c0-fdbb-4208-955a-90293eab416d/inventory/2342007d-0a45-4861-9ef8-7ebb4503cb7e/c95de30c-f4ef-430d-8147-1d6621111a8b/0026_WcSuRW_sm.jpeg;https://media.app.artisio.co/media/3fc437c0-fdbb-4208-955a-90293eab416d/inventory/2342007d-0a45-4861-9ef8-7ebb4503cb7e/3b8ae8ae-4a2c-4607-bc3f-ee56a2603326/0027_mDhwfv_sm.jpeg;https://media.app.artisio.co/media/3fc437c0-fdbb-4208-955a-90293eab416d/inventory/2342007d-0a45-4861-9ef8-7ebb4503cb7e/d5bc2cd9-76ed-490a-81ad-08cd2c6c620d/0028_opqVHW_sm.jpeg;https://media.app.artisio.co/media/3fc437c0-fdbb-4208-955a-90293eab416d/inventory/2342007d-0a45-4861-9ef8-7ebb4503cb7e/94236881-39d1-48ba-8279-a8e51edd8c85/0029_fgsQMP_sm.jpeg;https://media.app.artisio.co/media/3fc437c0-fdbb-4208-955a-90293eab416d/inventory/2342007d-0a45-4861-9ef8-7ebb4503cb7e/133635ac-6608-45de-9e90-5ee5206cd2cf/0030_OIkoYs_sm.jpeg,30,"{""artist_retail_right"": true, ""comments"": null, ""condition"": null, ""condition_report"": null, ""dimensions"": null, ""extra_text"": ""<p>The complete portfolio of 12 woodcuts on laid paper, with title and justification page. Published by Werner Kunze, Berlin 1973.&nbsp;</p>"", ""footnote"": null, ""header"": null, ""internal_reference"": null, ""literature"": null, ""origin_exhibition_lite"": null, ""painter_artist_school"": ""Gerd Arntz (Dutch/German, 1900-1988)"", ""period"": null, ""signature_dating"": ""each signed and numbered in pencil 'G. Arntz' (lower right); portfolio numbered '21/100' (on the inside leaf)"", ""technique_size"": ""12 woodcuts, unframed, each 25,5x16,5 cm (full sheets: 44x33 cm)"", ""title"": ""Portfolio 'Zwölf Häuser der Zeit 1927'"", ""total"": null, ""weight_size_quality"": null}"
99c0a750-3462-4977-81d3-39f27ef117fd,173,26-0129/76,fbef6459-c238-43e4-b7ac-6357713358f6,713,Classic to Modern Art,"Schilderijen, aquarellen en tekeningen I",'Trois grenades',"Henri Matisse (French, 1869-1954), 'Trois grenades'","<h3>Painter / Artist / School</h3>Henri Matisse (French, 1869-1954)<h3>Technique / Size</h3>lithograph in colours, 34x44 cm (52,5x60,5 cm incl. frame)<h3>Signature / Dating</h3>bears signature (lower right); with numbers '29/50' (lower left)<h3>Extra Text</h3><p>Executed circa 1954.&nbsp;</p><p>The image<strong> ‘</strong>Trois grenades’, dates from 1954 and was published in <i>Revue Verve</i> by Henri Matisse (1869-1954), in collaboration with the Parisian lithographers Mourlot Frères.</p>",published,EUR,700.0,1000.0,500.0,500.0,,1,1,500.0,500.0,True,"Mon, 31 Aug 2026 08:00:00 GMT","Tue, 15 Sep 2026 18:27:00 GMT",https://media.app.artisio.co/media/3fc437c0-fdbb-4208-955a-90293eab416d/inventory/2b04814c-f157-43ef-a1c7-4d83841c9315/6b56dd5d-264f-4ba0-a18d-1c1712c98871/0001_suNSJf_sm.jpeg;https://media.app.artisio.co/media/3fc437c0-fdbb-4208-955a-90293eab416d/inventory/2b04814c-f157-43ef-a1c7-4d83841c9315/d33db546-0ce1-4c7b-9628-04b8ea864f1a/0002_RUEvsm_sm.jpeg;https://media.app.artisio.co/media/3fc437c0-fdbb-4208-955a-90293eab416d/inventory/2b04814c-f157-43ef-a1c7-4d83841c9315/33444eb8-a5bf-41d1-96cc-8011e8c9433a/0003_sIGiAY_sm.jpeg;https://media.app.artisio.co/media/3fc437c0-fdbb-4208-955a-90293eab416d/inventory/2b04814c-f157-43ef-a1c7-4d83841c9315/99b6efe8-50ea-4582-9c73-7ac8d5f3295c/0004_wnStVT_sm.jpeg;https://media.app.artisio.co/media/3fc437c0-fdbb-4208-955a-90293eab416d/inventory/2b04814c-f157-43ef-a1c7-4d83841c9315/8aa29975-5550-4c55-9344-059cbc1386b4/0005_aGWdoS_sm.jpeg,5,"{""artist_retail_right"": false, ""comments"": ""<p>Indien niet authentiek, terug naar inbrenger.&nbsp;</p>"", ""condition"": null, ""condition_report"": null, ""dimensions"": null, ""extra_text"": ""<p>Executed circa 1954.&nbsp;</p><p>The image<strong> ‘</strong>Trois grenades’, dates from 1954 and was published in <i>Revue Verve</i> by Henri Matisse (1869-1954), in collaboration with the Parisian lithographers Mourlot Frères.</p>"", ""footnote"": null, ""header"": null, ""internal_reference"": null, ""literature"": null, ""origin_exhibition_lite"": null, ""painter_artist_school"": ""Henri Matisse (French, 1869-1954)"", ""period"": null, ""signature_dating"": ""bears signature (lower right); with numbers '29/50' (lower left)"", ""technique_size"": ""lithograph in colours, 34x44 cm (52,5x60,5 cm incl. frame)"", ""title"": ""'Trois grenades'"", ""total"": null, ""weight_size_quality"": null}"
bfc2eae0-404e-4699-826b-65f1531a33a2,174,26-0097/7,fbef6459-c238-43e4-b7ac-6357713358f6,713,Classic to Modern Art,"Schilderijen, aquarellen en tekeningen I",'De Anarchie',"Jan Toorop (1858-1928), 'De Anarchie'","<h3>Painter / Artist / School</h3>Jan Toorop (1858-1928)<h3>Technique / Size</h3>drypoint on Japanese paper, unframed, 32,6x23,6 cm (full sheet: 50x32,5 cm)<h3>Signature / Dating</h3>signed in pencil by Charley Toorop 'C.Toorop' (lower right); titled, dated and numbered in pencil 'De Anarchie 1890 / 16/30 Jan Toorop' (lower left)<h3>Extra Text</h3><p>No prints made by Toorop himself are known. In 1949, the firm Mouton in The Hague printed 30 impressions of the plate for Charley Toorop.</p>",published,EUR,400.0,600.0,200.0,200.0,,1,1,200.0,200.0,True,"Mon, 31 Aug 2026 08:00:00 GMT","Tue, 15 Sep 2026 18:27:00 GMT",https://media.app.artisio.co/media/3fc437c0-fdbb-4208-955a-90293eab416d/inventory/6dc5af02-0e1e-4e63-9847-81ef5d09e511/be6fc116-bb78-43ac-8249-03f79be25557/0001_vYoOgE_sm.jpeg;https://media.app.artisio.co/media/3fc437c0-fdbb-4208-955a-90293eab416d/inventory/6dc5af02-0e1e-4e63-9847-81ef5d09e511/effb84bd-18e1-4c77-b898-f5dddc17b210/0002_dOKbGr_sm.jpeg;https://media.app.artisio.co/media/3fc437c0-fdbb-4208-955a-90293eab416d/inventory/6dc5af02-0e1e-4e63-9847-81ef5d09e511/2c838726-1dae-4b7c-bd99-942ac9b96039/0003_pSvHwf_sm.jpeg;https://media.app.artisio.co/media/3fc437c0-fdbb-4208-955a-90293eab416d/inventory/6dc5af02-0e1e-4e63-9847-81ef5d09e511/2ee0fa5c-9698-4760-8b3e-89b4c2dd512b/0004_YAGmWz_sm.jpeg,4,"{""artist_retail_right"": false, ""comments"": null, ""condition"": null, ""condition_report"": null, ""dimensions"": null, ""extra_text"": ""<p>No prints made by Toorop himself are known. In 1949, the firm Mouton in The Hague printed 30 impressions of the plate for Charley Toorop.</p>"", ""footnote"": null, ""header"": null, ""internal_reference"": null, ""literature"": null, ""origin_exhibition_lite"": null, ""painter_artist_school"": ""Jan Toorop (1858-1928)"", ""period"": null, ""signature_dating"": ""signed in pencil by Charley Toorop 'C.Toorop' (lower right); titled, dated and numbered in pencil 'De Anarchie 1890 / 16/30 Jan Toorop' (lower left)"", ""technique_size"": ""drypoint on Japanese paper, unframed, 32,6x23,6 cm (full sheet: 50x32,5 cm)"", ""title"": ""'De Anarchie'"", ""total"": null, ""weight_size_quality"": null}"
1b7af9e2-fcdd-4ea3-ae44-0e480e23416a,175,26-0653/63,fbef6459-c238-43e4-b7ac-6357713358f6,713,Classic to Modern Art,"Schilderijen, aquarellen en tekeningen I",'In het bos',"Jan Toorop (1858-1928), 'In het bos'","<h3>Painter / Artist / School</h3>Jan Toorop (1858-1928)<h3>Technique / Size</h3>drypoint, 10x10 cm (27x27 cm incl. frame)<h3>Signature / Dating</h3>signed 'J.Th.Toorop' (lower right); signed in the print 'J. Toorop' (lower left)",published,EUR,800.0,1200.0,500.0,,,1,0,,,True,"Mon, 31 Aug 2026 08:00:00 GMT","Tue, 15 Sep 2026 18:30:00 GMT",https://media.app.artisio.co/media/3fc437c0-fdbb-4208-955a-90293eab416d/inventory/37a871c7-a227-4d90-b370-34889cd47fcb/ec528710-5e51-4bf3-8cff-e524458085fb/0001_khvpUo_sm.jpeg;https://media.app.artisio.co/media/3fc437c0-fdbb-4208-955a-90293eab416d/inventory/37a871c7-a227-4d90-b370-34889cd47fcb/4ec7cb4e-1dea-48ce-a3e7-1ebd01ccabd2/0002_VRfVnF_sm.jpeg;https://media.app.artisio.co/media/3fc437c0-fdbb-4208-955a-90293eab416d/inventory/37a871c7-a227-4d90-b370-34889cd47fcb/ff37b69e-7a67-41aa-8086-e5a162d7ede7/0003_MFoQOA_sm.jpeg;https://media.app.artisio.co/media/3fc437c0-fdbb-4208-955a-90293eab416d/inventory/37a871c7-a227-4d90-b370-34889cd47fcb/84b14839-ae6f-4f97-8e16-8275438a21e0/0004_fgcQDt_sm.jpeg,4,"{""artist_retail_right"": false, ""comments"": null, ""condition"": null, ""condition_report"": null, ""dimensions"": null, ""extra_text"": null, ""footnote"": null, ""header"": null, ""internal_reference"": null, ""literature"": null, ""origin_exhibition_lite"": null, ""painter_artist_school"": ""Jan Toorop (1858-1928)"", ""period"": null, ""signature_dating"": ""signed 'J.Th.Toorop' (lower right); signed in the print 'J. Toorop' (lower left)"", ""technique_size"": ""drypoint, 10x10 cm (27x27 cm incl. frame)"", ""title"": ""'In het bos'"", ""total"": null, ""weight_size_quality"": null}"
715a094f-be76-41d0-88dd-5cdb35d1d50a,176,26-0404/135,fbef6459-c238-43e4-b7ac-6357713358f6,713,Classic to Modern Art,Sculpturen,Abstract nude,Abstract nude,"<h3>Painter / Artist / School</h3>Rini Dado (1955)<h3>Description</h3><p>black patinated bronze sculpture, 30x43x63 cm</p><p>signed and numbered ‘Rini/Dado/IV/V' (lower centre)</p>",published,EUR,1000.0,1500.0,900.0,900.0,,1,0,,,True,"Mon, 31 Aug 2026 08:00:00 GMT","Tue, 15 Sep 2026 18:30:00 GMT",https://media.app.artisio.co/media/3fc437c0-fdbb-4208-955a-90293eab416d/inventory/194e1e9d-84a9-4550-8144-54bea8002199/a9aef646-19ce-4261-bf29-32f9e84a69a9/0001_bRdrTS_sm.jpeg;https://media.app.artisio.co/media/3fc437c0-fdbb-4208-955a-90293eab416d/inventory/194e1e9d-84a9-4550-8144-54bea8002199/294f5b04-cdec-4269-a68c-99d446b75269/0002_UmKQVA_sm.jpeg;https://media.app.artisio.co/media/3fc437c0-fdbb-4208-955a-90293eab416d/inventory/194e1e9d-84a9-4550-8144-54bea8002199/b5fea0c8-ee33-46bf-bc2e-0bdf2dbb23b8/0003_cbeaeI_sm.jpeg;https://media.app.artisio.co/media/3fc437c0-fdbb-4208-955a-90293eab416d/inventory/194e1e9d-84a9-4550-8144-54bea8002199/5fa98a01-af35-4bb8-877e-0af49598a27f/0004_wgehXQ_sm.jpeg;https://media.app.artisio.co/media/3fc437c0-fdbb-4208-955a-90293eab416d/inventory/194e1e9d-84a9-4550-8144-54bea8002199/78f608d7-88dd-4e33-b7bb-f3ed6a32e9ff/0005_DVFapr_sm.jpeg,5,"{""artist_retail_right"": true, ""comments"": null, ""condition"": null, ""condition_report"": null, ""description"": ""<p>black patinated bronze sculpture, 30x43x63 cm</p><p>signed and numbered ‘Rini/Dado/IV/V' (lower centre)</p>"", ""dimensions"": null, ""footnote"": null, ""header"": null, ""internal_reference"": null, ""literature"": null, ""origin_exhibition_lite"": null, ""painter_artist_school"": ""Rini Dado (1955)"", ""period"": null, ""title"": ""Abstract nude"", ""total"": null, ""weight_size_quality"": null}"
c693237b-aa1c-4cbe-86dc-15727b004849,177,26-0404/119,fbef6459-c238-43e4-b7ac-6357713358f6,713,Classic to Modern Art,Sculpturen,Three women ,Three women ,"<h3>Painter / Artist / School</h3>Ula van Ophuysen (1916-1996)<h3>Description</h3><p>black patinated bronze sculpture, 19x3x18 cm&nbsp;</p>",published,EUR,200.0,300.0,160.0,160.0,,1,0,,,True,"Mon, 31 Aug 2026 08:00:00 GMT","Tue, 15 Sep 2026 18:30:00 GMT",https://media.app.artisio.co/media/3fc437c0-fdbb-4208-955a-90293eab416d/inventory/b05a7cab-69f9-483e-b2fc-674ce8ed6138/1408688e-862e-49d6-8857-da29ca0c321d/0001_lDrOso_sm.jpeg;https://media.app.artisio.co/media/3fc437c0-fdbb-4208-955a-90293eab416d/inventory/b05a7cab-69f9-483e-b2fc-674ce8ed6138/35903587-85f2-412a-bcf6-d1093f15f109/0002_GfTQev_sm.jpeg;https://media.app.artisio.co/media/3fc437c0-fdbb-4208-955a-90293eab416d/inventory/b05a7cab-69f9-483e-b2fc-674ce8ed6138/5bdc2669-4e24-45c0-b55a-71d9b4f7118d/0003_kGfRxI_sm.jpeg,3,"{""artist_retail_right"": true, ""comments"": ""<p>no 303 in lijst.</p>"", ""condition"": null, ""condition_report"": null, ""description"": ""<p>black patinated bronze sculpture, 19x3x18 cm&nbsp;</p>"", ""dimensions"": null, ""footnote"": null, ""header"": null, ""internal_reference"": null, ""literature"": null, ""origin_exhibition_lite"": null, ""painter_artist_school"": ""Ula van Ophuysen (1916-1996) "", ""period"": null, ""title"": ""Three women "", ""total"": null, ""weight_size_quality"": null}"
a902c7f8-8b07-4a62-ba80-fef519a84c61,178,26-0404/134,fbef6459-c238-43e4-b7ac-6357713358f6,713,Classic to Modern Art,Sculpturen,Five figures,Five figures,"<h3>Painter / Artist / School</h3>Ula van Ophuysen (1916-1996)<h3>Description</h3><p>black patinated bronze sculpture, 50,5x20,5x47,5 cm&nbsp;</p><p>signed and dated ‘Ula/85’ (on the base)</p>",published,EUR,500.0,700.0,400.0,400.0,,1,0,,,True,"Mon, 31 Aug 2026 08:00:00 GMT","Tue, 15 Sep 2026 18:30:00 GMT",https://media.app.artisio.co/media/3fc437c0-fdbb-4208-955a-90293eab416d/inventory/8ef89629-1698-4bf1-913c-03b2107a7b03/43000651-7818-41ae-adb6-0b472719e524/0001_BPbLnH_sm.jpeg;https://media.app.artisio.co/media/3fc437c0-fdbb-4208-955a-90293eab416d/inventory/8ef89629-1698-4bf1-913c-03b2107a7b03/2f790721-eb54-4c17-856b-9d52030d0434/0002_hfCALQ_sm.jpeg;https://media.app.artisio.co/media/3fc437c0-fdbb-4208-955a-90293eab416d/inventory/8ef89629-1698-4bf1-913c-03b2107a7b03/b4fbf558-0e5d-45ea-896d-8a488eee8179/0003_jJwBQt_sm.jpeg,3,"{""artist_retail_right"": true, ""comments"": null, ""condition"": null, ""condition_report"": null, ""description"": ""<p>black patinated bronze sculpture, 50,5x20,5x47,5 cm&nbsp;</p><p>signed and dated ‘Ula/85’ (on the base)</p>"", ""dimensions"": null, ""footnote"": null, ""header"": null, ""internal_reference"": null, ""literature"": null, ""origin_exhibition_lite"": null, ""painter_artist_school"": ""Ula van Ophuysen (1916-1996)"", ""period"": null, ""title"": ""Five figures"", ""total"": null, ""weight_size_quality"": null}"
3b48249c-b59d-4d06-9509-b20c48afa60a,179,26-0404/138,fbef6459-c238-43e4-b7ac-6357713358f6,713,Classic to Modern Art,Sculpturen,Balance  ,Balance  ,"<h3>Painter / Artist / School</h3>Jos Oehlen (1953)<h3>Description</h3><p>dark grey patinated bronze sculpture on a stone base, 55x16x60 cm (H 172 cm incl. base)</p>",published,EUR,2000.0,3000.0,1800.0,1800.0,,1,0,,,True,"Mon, 31 Aug 2026 08:00:00 GMT","Tue, 15 Sep 2026 18:30:00 GMT",https://media.app.artisio.co/media/3fc437c0-fdbb-4208-955a-90293eab416d/inventory/2e6d0f9c-a73b-4c89-bafd-7da7c4952f3d/179921ad-51fb-4445-a042-2ae54733c39b/0001_eIBNZa_sm.jpeg;https://media.app.artisio.co/media/3fc437c0-fdbb-4208-955a-90293eab416d/inventory/2e6d0f9c-a73b-4c89-bafd-7da7c4952f3d/aac0b04e-0eaa-416b-85aa-74842f01c5f7/0002_VzMtvn_sm.jpeg;https://media.app.artisio.co/media/3fc437c0-fdbb-4208-955a-90293eab416d/inventory/2e6d0f9c-a73b-4c89-bafd-7da7c4952f3d/266be6c6-2e11-41c4-bedc-95a3ff7a1d1a/0003_ffCOTa_sm.jpeg;https://media.app.artisio.co/media/3fc437c0-fdbb-4208-955a-90293eab416d/inventory/2e6d0f9c-a73b-4c89-bafd-7da7c4952f3d/2198d645-130d-40d1-b104-0f9c9153a2e4/0004_knQVEP_sm.jpeg;https://media.app.artisio.co/media/3fc437c0-fdbb-4208-955a-90293eab416d/inventory/2e6d0f9c-a73b-4c89-bafd-7da7c4952f3d/a4260267-18f4-4418-86f9-9402f0ce0dbc/0005_rHAPij_sm.jpeg,5,"{""artist_retail_right"": true, ""comments"": null, ""condition"": null, ""condition_report"": null, ""description"": ""<p>dark grey patinated bronze sculpture on a stone base, 55x16x60 cm (H 172 cm incl. base)</p>"", ""dimensions"": null, ""footnote"": null, ""header"": null, ""internal_reference"": null, ""literature"": null, ""origin_exhibition_lite"": null, ""painter_artist_school"": ""Jos Oehlen (1953)"", ""period"": null, ""title"": ""Balance  "", ""total"": null, ""weight_size_quality"": null}"
06fe66c1-a491-43e8-be18-726e0b7229ab,180,26-0404/139,fbef6459-c238-43e4-b7ac-6357713358f6,713,Classic to Modern Art,Sculpturen,Geometrical composition ,Geometrical composition ,"<h3>Painter / Artist / School</h3>Unknown artist (20th Century)<h3>Description</h3><p>green patinated bronze wall sculpture, 135x100x16 cm</p>",published,EUR,1000.0,1500.0,800.0,,,1,0,,,True,"Mon, 31 Aug 2026 08:00:00 GMT","Tue, 15 Sep 2026 18:30:00 GMT",https://media.app.artisio.co/media/3fc437c0-fdbb-4208-955a-90293eab416d/inventory/915a923b-79b9-4ddc-ab17-5c1b911675e2/6095b4fd-a7f3-46d6-b737-60cfa85fae3e/0001_AznFLo_sm.jpeg;https://media.app.artisio.co/media/3fc437c0-fdbb-4208-955a-90293eab416d/inventory/915a923b-79b9-4ddc-ab17-5c1b911675e2/94b6a008-34a6-4116-864b-6f97810f83dc/0002_KFOkKa_sm.jpeg;https://media.app.artisio.co/media/3fc437c0-fdbb-4208-955a-90293eab416d/inventory/915a923b-79b9-4ddc-ab17-5c1b911675e2/b878030f-1ac9-4176-a788-0533ce2c96d6/0003_yQGCmP_sm.jpeg,3,"{""artist_retail_right"": false, ""comments"": null, ""condition"": null, ""condition_report"": null, ""description"": ""<p>green patinated bronze wall sculpture, 135x100x16 cm</p>"", ""dimensions"": null, ""footnote"": null, ""header"": null, ""internal_reference"": null, ""literature"": null, ""origin_exhibition_lite"": null, ""painter_artist_school"": ""Unknown artist (20th Century)"", ""period"": null, ""title"": ""Geometrical composition "", ""total"": null, ""weight_size_quality"": null}"
d0a9e284-97d7-44e0-87c8-0f4709be9816,181,26-0404/77,fbef6459-c238-43e4-b7ac-6357713358f6,713,Classic to Modern Art,"Schilderijen, aquarellen en tekeningen I",Figures by a fortified house on the countryside,"Dutch School (17th Century), Figures by a fortified house on the countryside","<h3>Painter / Artist / School</h3>Dutch School (17th Century)<h3>Technique / Size</h3>oil on panel, arched, 20x14,5 cm (29x24 cm incl. frame)",published,EUR,500.0,700.0,400.0,400.0,,1,0,,,True,"Mon, 31 Aug 2026 08:00:00 GMT","Tue, 15 Sep 2026 18:33:00 GMT",https://media.app.artisio.co/media/3fc437c0-fdbb-4208-955a-90293eab416d/inventory/f0cbda05-e3b3-4217-9f87-547395330a89/3108724c-be1e-4fa2-86c3-b2dc9b796ef4/0001_YcOPRL_sm.jpeg;https://media.app.artisio.co/media/3fc437c0-fdbb-4208-955a-90293eab416d/inventory/f0cbda05-e3b3-4217-9f87-547395330a89/ccd757f7-035d-4f1b-9237-f97bdc0d849b/0002_mfDcOy_sm.jpeg;https://media.app.artisio.co/media/3fc437c0-fdbb-4208-955a-90293eab416d/inventory/f0cbda05-e3b3-4217-9f87-547395330a89/58d81b64-fd10-45e5-a61c-4f80a5222437/0003_PxCFvI_sm.jpeg,3,"{""artist_retail_right"": false, ""comments"": ""<p>Zit in de buurt van Gofredo Wals maar minder goed</p>"", ""condition"": null, ""condition_report"": null, ""dimensions"": null, ""extra_text"": null, ""footnote"": null, ""header"": null, ""internal_reference"": null, ""literature"": null, ""origin_exhibition_lite"": null, ""painter_artist_school"": ""Dutch School (17th Century)"", ""period"": null, ""signature_dating"": null, ""technique_size"": ""oil on panel, arched, 20x14,5 cm (29x24 cm incl. frame)"", ""title"": ""Figures by a fortified house on the countryside"", ""total"": null, ""weight_size_quality"": null}"
909474c6-7aa6-49b5-81da-1dad0cf2638e,182,26-0653/57,fbef6459-c238-43e4-b7ac-6357713358f6,713,Classic to Modern Art,"Schilderijen, aquarellen en tekeningen I",Christ crowned with thorns,"European School (19th century), Christ crowned with thorns","<h3>Painter / Artist / School</h3>European School (19th century)<h3>Technique / Size</h3>oil on panel, arched, unframed, 19x13,5 cm",published,EUR,400.0,600.0,300.0,,,1,0,,,True,"Mon, 31 Aug 2026 08:00:00 GMT","Tue, 15 Sep 2026 18:33:00 GMT",https://media.app.artisio.co/media/3fc437c0-fdbb-4208-955a-90293eab416d/inventory/3042b297-ff6f-4499-8859-3a254bafb92a/29a848b3-ea14-4555-a9fe-59567055849a/0001_kVZnrT_sm.jpeg;https://media.app.artisio.co/media/3fc437c0-fdbb-4208-955a-90293eab416d/inventory/3042b297-ff6f-4499-8859-3a254bafb92a/c11aa734-9e70-4a11-8b0a-5acb9f562c46/0002_NwtDhP_sm.jpeg;https://media.app.artisio.co/media/3fc437c0-fdbb-4208-955a-90293eab416d/inventory/3042b297-ff6f-4499-8859-3a254bafb92a/f8495069-fce2-4a6b-85eb-07d22cebbcc8/0003_FlQqVg_sm.jpeg,3,"{""artist_retail_right"": false, ""comments"": null, ""condition"": null, ""condition_report"": null, ""dimensions"": null, ""extra_text"": null, ""footnote"": null, ""header"": null, ""internal_reference"": null, ""literature"": null, ""origin_exhibition_lite"": null, ""painter_artist_school"": ""European School (19th century)"", ""period"": null, ""signature_dating"": null, ""technique_size"": ""oil on panel, arched, unframed, 19x13,5 cm"", ""title"": ""Christ crowned with thorns"", ""total"": null, ""weight_size_quality"": null}"
a5b7d744-dbbb-472b-9965-1d988078d95f,183,26-0130/1,fbef6459-c238-43e4-b7ac-6357713358f6,713,Classic to Modern Art,"Schilderijen, aquarellen en tekeningen I",Military encampment ,"Hendrick de Meijer (1620-1689)  , Military encampment ","<h3>Painter / Artist / School</h3>Hendrick de Meijer (1620-1689)<h3>Technique / Size</h3>oil on panel, unframed, 47x63 cm (70x85 cm incl. frame)<h3>Signature / Dating</h3>signed and indistinctly dated 'De Meijer' (lower right)",published,EUR,1000.0,1500.0,900.0,,,1,0,,,True,"Mon, 31 Aug 2026 08:00:00 GMT","Tue, 15 Sep 2026 18:33:00 GMT",https://media.app.artisio.co/media/3fc437c0-fdbb-4208-955a-90293eab416d/inventory/2f55e9d1-d72f-4670-b87d-8ba6dbb3a44c/a0b52c27-b54a-4109-ab89-f44d189e4897/0001_KtNNYL_sm.jpeg;https://media.app.artisio.co/media/3fc437c0-fdbb-4208-955a-90293eab416d/inventory/2f55e9d1-d72f-4670-b87d-8ba6dbb3a44c/d34f2ec9-421e-4e97-a396-b29f62a67808/0002_qPXuWd_sm.jpeg;https://media.app.artisio.co/media/3fc437c0-fdbb-4208-955a-90293eab416d/inventory/2f55e9d1-d72f-4670-b87d-8ba6dbb3a44c/dc1256e2-6499-40b4-9e19-4686e6c784b5/0003_PCvIxO_sm.jpeg;https://media.app.artisio.co/media/3fc437c0-fdbb-4208-955a-90293eab416d/inventory/2f55e9d1-d72f-4670-b87d-8ba6dbb3a44c/828516c2-60a3-4aa5-ac0f-58267e220bb5/0004_SsOYYw_sm.jpeg;https://media.app.artisio.co/media/3fc437c0-fdbb-4208-955a-90293eab416d/inventory/2f55e9d1-d72f-4670-b87d-8ba6dbb3a44c/75defcb2-5488-42b8-a041-a3ddb44168d0/0005_qKSgKV_sm.jpeg;https://media.app.artisio.co/media/3fc437c0-fdbb-4208-955a-90293eab416d/inventory/2f55e9d1-d72f-4670-b87d-8ba6dbb3a44c/e3d6b8b7-3f9b-46f2-91f3-d7ce13a31098/0006_CKgBcl_sm.jpeg,6,"{""artist_retail_right"": false, ""comments"": ""<p><strong>FM: </strong>zwak. Signatuur lijkt te kloppen. Stukje afgezaagd. Toeschrijving aan De Meijer kan blijven.</p><p>Inzender gaat nog overleggen of hij het wil veilen - zo ja dan in CM en richtprijs 1000-1500 start 800.&nbsp;</p>"", ""condition"": null, ""condition_report"": null, ""dimensions"": null, ""extra_text"": null, ""footnote"": null, ""header"": null, ""internal_reference"": null, ""literature"": null, ""origin_exhibition_lite"": null, ""painter_artist_school"": ""Hendrick de Meijer (1620-1689)  "", ""period"": null, ""signature_dating"": ""signed and indistinctly dated 'De Meijer' (lower right)"", ""technique_size"": ""oil on panel, unframed, 47x63 cm (70x85 cm incl. frame)"", ""title"": ""Military encampment "", ""total"": null, ""weight_size_quality"": null}"
e1915e2f-901a-4087-b271-38b1aa4ccfb5,184,26-0422/2,fbef6459-c238-43e4-b7ac-6357713358f6,713,Classic to Modern Art,"Schilderijen, aquarellen en tekeningen I",Portrait of Cornelis de Witt (1545-1622),"Dutch School (17th Century) , Portrait of Cornelis de Witt (1545-1622)","<h3>Painter / Artist / School</h3>Dutch School (17th Century)<h3>Technique / Size</h3>oil on panel, 43,5x34,5 cm (59x49 cm incl. frame)<h3>Extra Text</h3><p>Please compare to a painting with the same composition, from Anonymous (Last quarter 16th Century), ‘Portrait of Cornelis de Witt (1545-1622)’, RKD image no. 36459.&nbsp;</p>",published,EUR,800.0,1200.0,800.0,800.0,,1,1,800.0,800.0,True,"Mon, 31 Aug 2026 08:00:00 GMT","Tue, 15 Sep 2026 18:33:00 GMT",https://media.app.artisio.co/media/3fc437c0-fdbb-4208-955a-90293eab416d/inventory/74b23aa2-b7a6-4c07-8efe-34d1299a564f/211189d8-8b23-4abe-9996-4ccc36a611f2/0001_UePsiz_sm.jpeg;https://media.app.artisio.co/media/3fc437c0-fdbb-4208-955a-90293eab416d/inventory/74b23aa2-b7a6-4c07-8efe-34d1299a564f/d8958cf6-e8a1-4756-9ced-e687b929fb02/0002_uBEGcd_sm.jpeg;https://media.app.artisio.co/media/3fc437c0-fdbb-4208-955a-90293eab416d/inventory/74b23aa2-b7a6-4c07-8efe-34d1299a564f/502ed47d-dfd4-47ad-8e2a-9d67bec41d70/0003_nCIuLf_sm.jpeg,3,"{""artist_retail_right"": false, ""comments"": ""<p>Nr. 13 Hollandse School, portret van een heer met handschoenen in de hand. Suggestie van Willem van Oranje is genoemd. Richtprijs €800-1.200 limietvoorstel €800.</p><p>Labels achterop: Otto&Rosoni (transportbedrijf) en label achterop -→ Jan van Ravesteyn, 1607, maar niet gesigneerd, wel zegel/wapen (zie ook tekst label Otto&Rosoni: ‘portrait d’un magistrat' 1607) - Nope</p><p>https://rkd.nl/images/36459 Cornelis de Wit&nbsp;</p>"", ""condition"": null, ""condition_report"": null, ""dimensions"": null, ""extra_text"": ""<p>Please compare to a painting with the same composition, from Anonymous (Last quarter 16th Century), ‘Portrait of Cornelis de Witt (1545-1622)’, RKD image no. 36459.&nbsp;</p>"", ""footnote"": null, ""header"": null, ""internal_reference"": null, ""literature"": null, ""origin_exhibition_lite"": null, ""painter_artist_school"": ""Dutch School (17th Century) "", ""period"": null, ""signature_dating"": null, ""technique_size"": ""oil on panel, 43,5x34,5 cm (59x49 cm incl. frame)"", ""title"": ""Portrait of Cornelis de Witt (1545-1622)"", ""total"": null, ""weight_size_quality"": null}"
a9deaf80-eb7a-4e9b-90fc-8b21b517b106,185,26-0637/5,fbef6459-c238-43e4-b7ac-6357713358f6,713,Classic to Modern Art,"Schilderijen, aquarellen en tekeningen I",Skaters on the ice with threatening weather overhead ,"Charles Leickert (1816-1907), Skaters on the ice with threatening weather overhead ","<h3>Painter / Artist / School</h3>Charles Leickert (1816-1907)<h3>Literature</h3><p>Provenance:<br>-Auction, Venduehuis, The Hague, 12 May 2004, lot 798.<br>-Collection of Jacob Bijl (1937-2026), film&nbsp;director and screenwriter.</p><h3>Technique / Size</h3>oil on panel, 11x24,5 cm (16,5x30 cm incl. frame)<h3>Signature / Dating</h3>signed 'Ch Lc' (lower right)",published,EUR,800.0,1200.0,700.0,700.0,,1,0,,,True,"Mon, 31 Aug 2026 08:00:00 GMT","Tue, 15 Sep 2026 18:33:00 GMT",https://media.app.artisio.co/media/3fc437c0-fdbb-4208-955a-90293eab416d/inventory/c4383e74-36fa-4525-83ed-ec7c3ead494a/25758936-7304-446f-921a-c7ce79d41ce6/0001_tZJuTA_sm.jpeg;https://media.app.artisio.co/media/3fc437c0-fdbb-4208-955a-90293eab416d/inventory/c4383e74-36fa-4525-83ed-ec7c3ead494a/9742fe74-1092-4fa8-b077-328004cea975/0002_SqKCwQ_sm.jpeg;https://media.app.artisio.co/media/3fc437c0-fdbb-4208-955a-90293eab416d/inventory/c4383e74-36fa-4525-83ed-ec7c3ead494a/d3f430b8-eae1-4fc5-83d0-07c17cc05592/0003_eYFWye_sm.jpeg;https://media.app.artisio.co/media/3fc437c0-fdbb-4208-955a-90293eab416d/inventory/c4383e74-36fa-4525-83ed-ec7c3ead494a/3c6306b9-fd95-45c8-843e-ee8eecf43151/0004_PYteBl_sm.jpeg,4,"{""artist_retail_right"": false, ""comments"": null, ""condition"": null, ""condition_report"": null, ""dimensions"": null, ""extra_text"": null, ""footnote"": null, ""header"": null, ""internal_reference"": null, ""literature"": ""<p>Provenance:<br>-Auction, Venduehuis, The Hague, 12 May 2004, lot 798.<br>-Collection of Jacob Bijl (1937-2026), film&nbsp;director and screenwriter.</p>"", ""origin_exhibition_lite"": null, ""painter_artist_school"": ""Charles Leickert (1816-1907)"", ""period"": null, ""signature_dating"": ""signed 'Ch Lc' (lower right)"", ""technique_size"": ""oil on panel, 11x24,5 cm (16,5x30 cm incl. frame)"", ""title"": ""Skaters on the ice with threatening weather overhead "", ""total"": null, ""weight_size_quality"": null}"
41cdcdbd-00a4-44b0-9228-46a7f6c08a8d,186,26-0422/4,fbef6459-c238-43e4-b7ac-6357713358f6,713,Classic to Modern Art,"Schilderijen, aquarellen en tekeningen I",Allegory of smell,"After Adriaen van Ostade (17th Century), Allegory of smell","<h3>Painter / Artist / School</h3>After Adriaen van Ostade (17th Century)<h3>Technique / Size</h3>oil on panel, 22x24 cm (37x39 cm incl. frame)<h3>Signature / Dating</h3>indistinctly signed (lower right)<h3>Extra Text</h3><p>Please compare to an etching by Adriaen van Ostade (1610-1685), in: Hollstein, vol. CM XV, p. 48, B.33.</p>",published,EUR,1000.0,1500.0,900.0,900.0,,1,0,,,True,"Mon, 31 Aug 2026 08:00:00 GMT","Tue, 15 Sep 2026 18:33:00 GMT",https://media.app.artisio.co/media/3fc437c0-fdbb-4208-955a-90293eab416d/inventory/37537fa1-82d0-43b6-84a2-8a378c865412/6eb5e8ca-0687-4a63-b14a-adb16a9a49dd/0001_jLROnK_sm.jpeg;https://media.app.artisio.co/media/3fc437c0-fdbb-4208-955a-90293eab416d/inventory/37537fa1-82d0-43b6-84a2-8a378c865412/489b2395-6e15-4a22-981b-1e068abca4f0/0002_KGtmLu_sm.jpeg;https://media.app.artisio.co/media/3fc437c0-fdbb-4208-955a-90293eab416d/inventory/37537fa1-82d0-43b6-84a2-8a378c865412/7d2c52f4-0e75-4a16-a477-a812e8b5be34/0003_UTqHLj_sm.jpeg;https://media.app.artisio.co/media/3fc437c0-fdbb-4208-955a-90293eab416d/inventory/37537fa1-82d0-43b6-84a2-8a378c865412/9e17cea6-6a2c-43a1-bda7-8359092697a2/0004_nIWJMb_sm.jpeg,4,"{""artist_retail_right"": false, ""comments"": ""<p>Nr. 17: Naar van Ostade, allegorie op de reuk, olieverf op paneel, Als voorbeeld diende ets Hollstein vol CM XV, p 48 / B.33) richtprijs €1.000-1.500, limietvoorstel €900 Na onderzoek wordt bepaald in welke veiling e.e.a opgenomen zal worden.&nbsp;</p><p>Dusart (leerling Ostade)? Signaturen vergelijken → <a href=\""https://www.artprice.com/artist/8447/cornelis-dusart/painting/27205023/a-peasant-holding-a-jug-and-pipe?p=1\"">https://www.artprice.com/artist/8447/cornelis-dusart/painting/27205023/a-peasant-holding-a-jug-and-pipe?p=1</a> of <a href=\""https://www.artprice.com/artist/8447/cornelis-dusart/painting/30885186/a-violin-player-and-other-figures-merrymaking-outside-an-inn?p=1\"">https://www.artprice.com/artist/8447/cornelis-dusart/painting/30885186/a-violin-player-and-other-figures-merrymaking-outside-an-inn?p=1</a> - SH</p>"", ""condition"": null, ""condition_report"": null, ""dimensions"": null, ""extra_text"": ""<p>Please compare to an etching by Adriaen van Ostade (1610-1685), in: Hollstein, vol. CM XV, p. 48, B.33.</p>"", ""footnote"": null, ""header"": null, ""internal_reference"": null, ""literature"": null, ""origin_exhibition_lite"": null, ""painter_artist_school"": ""After Adriaen van Ostade (17th Century)"", ""period"": null, ""signature_dating"": ""indistinctly signed (lower right)"", ""technique_size"": ""oil on panel, 22x24 cm (37x39 cm incl. frame)"", ""title"": ""Allegory of smell"", ""total"": null, ""weight_size_quality"": null}"
79f8ac07-2018-4860-9c21-0e1d9485cdb1,187,26-0201/4,fbef6459-c238-43e4-b7ac-6357713358f6,713,Classic to Modern Art,"Schilderijen, aquarellen en tekeningen I",Man watching a sleeping woman with a dog on her lap,"Dutch School (Second Half 17th Century), Man watching a sleeping woman with a dog on her lap","<h3>Painter / Artist / School</h3>Dutch School (Second Half 17th Century)<h3>Technique / Size</h3>oil on canvas, 53x42 cm<h3>Signature / Dating</h3>with signature 'VHaefen/Fc' (lower centre, on the wooden stool)",published,EUR,700.0,1000.0,700.0,700.0,,1,0,,,True,"Mon, 31 Aug 2026 08:00:00 GMT","Tue, 15 Sep 2026 18:36:00 GMT",https://media.app.artisio.co/media/3fc437c0-fdbb-4208-955a-90293eab416d/inventory/2349941f-abf2-4deb-acca-4916605b0be8/569d3120-9d39-4f26-916b-57c2cdfc58ee/0001_wXJIpf_sm.jpeg;https://media.app.artisio.co/media/3fc437c0-fdbb-4208-955a-90293eab416d/inventory/2349941f-abf2-4deb-acca-4916605b0be8/5d404683-331a-4642-ae89-f822d3cc251b/0002_eEpuhy_sm.jpeg;https://media.app.artisio.co/media/3fc437c0-fdbb-4208-955a-90293eab416d/inventory/2349941f-abf2-4deb-acca-4916605b0be8/6f15f56c-01f2-4ac9-8cb1-51e178f1bc71/0003_yjrTLO_sm.jpeg;https://media.app.artisio.co/media/3fc437c0-fdbb-4208-955a-90293eab416d/inventory/2349941f-abf2-4deb-acca-4916605b0be8/8fd45faf-39b7-411e-bfac-132243fc49c4/0004_TMCAid_sm.jpeg,4,"{""artist_retail_right"": false, ""comments"": ""<p><strong>FM: </strong>signatuur staat Van Haefen? vooralsnog Hollandse school tweede helft 17e eeuw</p>"", ""condition"": null, ""condition_report"": null, ""dimensions"": null, ""extra_text"": null, ""footnote"": null, ""header"": null, ""internal_reference"": null, ""literature"": null, ""origin_exhibition_lite"": null, ""painter_artist_school"": ""Dutch School (Second Half 17th Century)"", ""period"": null, ""signature_dating"": ""with signature 'VHaefen/Fc' (lower centre, on the wooden stool)"", ""technique_size"": ""oil on canvas, 53x42 cm"", ""title"": ""Man watching a sleeping woman with a dog on her lap"", ""total"": null, ""weight_size_quality"": null}"
d9d8f7e9-cba3-4742-8141-7dd14bf20507,188,26-0572/1,fbef6459-c238-43e4-b7ac-6357713358f6,713,Classic to Modern Art,"Schilderijen, aquarellen en tekeningen I",Soldiers playing cards,"After Gerard ter Borch (18th Century), Soldiers playing cards","<h3>Painter / Artist / School</h3>After Gerard ter Borch (18th Century)<h3>Literature</h3><p>Literature:<br>-Sturla J. Gudlaugsson, ‘Katalog der Gemälde Gerard ter Borchs sowie biographisches Material’, The Hague 1960, p. 63, no. 20a.</p><p>Provenance:<br>-With Kunsthandel G. Arnot, London, 1920, as: ‘Huchtenburg’.<br>-Auction, Auktionasverk, Stockholm, by the 1960s.<br>-Private collection, Sweden.</p><h3>Technique / Size</h3>oil on canvas, 39x45,5 cm (56x61,5 cm incl. frame)<h3>Extra Text</h3><p>Please compare to the original painting by Gerard ter Borch II (1617-1681), sold at: Auction, Christie's, Amsterdam 11 May 2005, lot 63.&nbsp;</p><p>The present lot has been framed in 1977 by the Swedish National Museum Studio in connection with conservation committed by them at the same time.</p><p>This is the only known copy with solders sitting outside. All other copies are from an interior of a tavern. The original has been lost.</p>",published,EUR,2000.0,3000.0,1700.0,1700.0,,1,0,,,True,"Mon, 31 Aug 2026 08:00:00 GMT","Tue, 15 Sep 2026 18:36:00 GMT",https://media.app.artisio.co/media/3fc437c0-fdbb-4208-955a-90293eab416d/inventory/1c852173-b5d4-4bca-a2cc-c8e6e92629fe/9cec872a-f538-4e33-82ef-c7fa665863c9/0001_eqkcap_sm.jpeg;https://media.app.artisio.co/media/3fc437c0-fdbb-4208-955a-90293eab416d/inventory/1c852173-b5d4-4bca-a2cc-c8e6e92629fe/aafc9bff-e570-47ee-af50-60e8cd57b277/0002_LXbSoE_sm.jpeg;https://media.app.artisio.co/media/3fc437c0-fdbb-4208-955a-90293eab416d/inventory/1c852173-b5d4-4bca-a2cc-c8e6e92629fe/abe2bf75-076e-4cdf-9491-b510a364a88f/0003_LbOeaj_sm.jpeg,3,"{""artist_retail_right"": false, ""comments"": ""<p>https://rkd.nl/imageslite/135404 &nbsp;https://rkd.nl/imageslite/346588</p>"", ""condition"": null, ""condition_report"": null, ""dimensions"": null, ""extra_text"": ""<p>Please compare to the original painting by Gerard ter Borch II (1617-1681), sold at: Auction, Christie's, Amsterdam 11 May 2005, lot 63.&nbsp;</p><p>The present lot has been framed in 1977 by the Swedish National Museum Studio in connection with conservation committed by them at the same time.</p><p>This is the only known copy with solders sitting outside. All other copies are from an interior of a tavern. The original has been lost.</p>"", ""footnote"": null, ""header"": null, ""internal_reference"": null, ""literature"": ""<p>Literature:<br>-Sturla J. Gudlaugsson, ‘Katalog der Gemälde Gerard ter Borchs sowie biographisches Material’, The Hague 1960, p. 63, no. 20a.</p><p>Provenance:<br>-With Kunsthandel G. Arnot, London, 1920, as: ‘Huchtenburg’.<br>-Auction, Auktionasverk, Stockholm, by the 1960s.<br>-Private collection, Sweden.</p>"", ""origin_exhibition_lite"": null, ""painter_artist_school"": ""After Gerard ter Borch (18th Century)"", ""period"": null, ""signature_dating"": null, ""technique_size"": ""oil on canvas, 39x45,5 cm (56x61,5 cm incl. frame)"", ""title"": ""Soldiers playing cards"", ""total"": null, ""weight_size_quality"": null}"
7dbb519b-8625-4e71-adb6-c671df2fa669,189,26-0422/5,fbef6459-c238-43e4-b7ac-6357713358f6,713,Classic to Modern Art,"Schilderijen, aquarellen en tekeningen I",Dancing peasants outside the tavern,"Follower of Jan Steen (18th Century), Dancing peasants outside the tavern","<h3>Painter / Artist / School</h3>Follower of Jan Steen (18th Century)<h3>Literature</h3><p>Exhibited:<br>-Dublin, Municipal Gallery of Modern Art, ‘Paintings from Irish collections’, May-August 1957, no. 106.&nbsp;</p><p>Provenance:<br>-Collection Mrs K.B., 1957, as: ‘Jan Steen’ (according to an annotation at the RKD, the Hague).&nbsp;<br>-Private collection, Ireland, as: ‘toegeschreven aan Jan Steen’ (according to an annotation at the RKD, the Hague).&nbsp;</p><h3>Technique / Size</h3>oil on canvas, 60,5x73,5 cm (79x91,5 cm incl. frame)",published,EUR,1000.0,1500.0,900.0,,,1,0,,,True,"Mon, 31 Aug 2026 08:00:00 GMT","Tue, 15 Sep 2026 18:36:00 GMT",https://media.app.artisio.co/media/3fc437c0-fdbb-4208-955a-90293eab416d/inventory/78d63b8b-6755-4882-abd8-01f7e999f525/9ea0fd5c-1bd0-4f51-9ab6-cf2dcd7e8319/0001_QcSlzh_sm.jpeg;https://media.app.artisio.co/media/3fc437c0-fdbb-4208-955a-90293eab416d/inventory/78d63b8b-6755-4882-abd8-01f7e999f525/a4bfa505-eecb-4a3c-8320-f9bdce893882/0002_WDZQFe_sm.jpeg;https://media.app.artisio.co/media/3fc437c0-fdbb-4208-955a-90293eab416d/inventory/78d63b8b-6755-4882-abd8-01f7e999f525/810a914e-53e3-4cfe-aeb6-45e8135de103/0003_eNcpXw_sm.jpeg,3,"{""artist_retail_right"": false, ""comments"": ""<p>Nr. 15: Hollandse School, (navolger Jan Steen), 18e eeuw. Dansende figuren en doedelzakspeler buiten een herberg, olieverf op doek €1.000-1.500 limietvoorstel €900</p><p>https://rkd.nl/imageslite/147706</p><p>https://rkd.nl/imageslite/147707</p>"", ""condition"": null, ""condition_report"": null, ""dimensions"": null, ""extra_text"": null, ""footnote"": null, ""header"": null, ""internal_reference"": null, ""literature"": ""<p>Exhibited:<br>-Dublin, Municipal Gallery of Modern Art, ‘Paintings from Irish collections’, May-August 1957, no. 106.&nbsp;</p><p>Provenance:<br>-Collection Mrs K.B., 1957, as: ‘Jan Steen’ (according to an annotation at the RKD, the Hague).&nbsp;<br>-Private collection, Ireland, as: ‘toegeschreven aan Jan Steen’ (according to an annotation at the RKD, the Hague).&nbsp;</p>"", ""origin_exhibition_lite"": null, ""painter_artist_school"": ""Follower of Jan Steen (18th Century)"", ""period"": null, ""signature_dating"": null, ""technique_size"": ""oil on canvas, 60,5x73,5 cm (79x91,5 cm incl. frame)"", ""title"": ""Dancing peasants outside the tavern"", ""total"": null, ""weight_size_quality"": null}"
79ef755e-d5bc-4b75-ad66-e547f752ce40,190,26-0422/3,fbef6459-c238-43e4-b7ac-6357713358f6,713,Classic to Modern Art,"Schilderijen, aquarellen en tekeningen I",Landscape with shepherd and resting cattle by a ruin,"Dutch School (17th Century), Landscape with shepherd and resting cattle by a ruin","<h3>Painter / Artist / School</h3>Dutch School (17th Century)<h3>Technique / Size</h3>oil on panel, 59x83 cm (75x99 cm incl. frame)",published,EUR,800.0,1200.0,800.0,800.0,,1,0,,,True,"Mon, 31 Aug 2026 08:00:00 GMT","Tue, 15 Sep 2026 18:36:00 GMT",https://media.app.artisio.co/media/3fc437c0-fdbb-4208-955a-90293eab416d/inventory/08c6618c-570e-4a2b-a797-2e8cfa38e6cb/9b11487f-6646-4138-a632-89a758d099d0/0001_kBOwoX_sm.jpeg;https://media.app.artisio.co/media/3fc437c0-fdbb-4208-955a-90293eab416d/inventory/08c6618c-570e-4a2b-a797-2e8cfa38e6cb/1d4641e4-9ae6-4326-a81d-0e53b74725fa/0002_DEcclK_sm.jpeg;https://media.app.artisio.co/media/3fc437c0-fdbb-4208-955a-90293eab416d/inventory/08c6618c-570e-4a2b-a797-2e8cfa38e6cb/cda810b0-4517-49e4-b6b2-40a2589c612d/0003_yEbLgB_sm.jpeg,3,"{""artist_retail_right"": false, ""comments"": ""<p>Nr. 6: Hollandse School, 17e eeuw, Landschap met herder en rustend vee bij ruïne €800-1.200 limietvoorstel €800&nbsp;</p><p>Label achterop: Otto&Rosoni (transportbedrijf)</p>"", ""condition"": null, ""condition_report"": null, ""dimensions"": null, ""extra_text"": null, ""footnote"": null, ""header"": null, ""internal_reference"": null, ""literature"": null, ""origin_exhibition_lite"": null, ""painter_artist_school"": ""Dutch School (17th Century)"", ""period"": null, ""signature_dating"": null, ""technique_size"": ""oil on panel, 59x83 cm (75x99 cm incl. frame)"", ""title"": ""Landscape with shepherd and resting cattle by a ruin"", ""total"": null, ""weight_size_quality"": null}"
a5ebad28-9755-4336-b875-7a839c03693f,191,25-2104/13,fbef6459-c238-43e4-b7ac-6357713358f6,713,Classic to Modern Art,"Schilderijen, aquarellen en tekeningen I",The denial of St. Peter,"After Valentin de Boulogne (Circa 1700), The denial of St. Peter","<h3>Painter / Artist / School</h3>After Valentin de Boulogne (Circa 1700)<h3>Technique / Size</h3>oil on canvas, 75x92 cm (99x117 cm incl. frame)<h3>Extra Text</h3><p>Please compare to the original painting by Valentin de Boulogne (1594-1632), ‘The denial of St. Peter’, which is in the collection of the Pushkin State Museum of Fine Arts, inv. no. Ж-2767.</p>",published,EUR,800.0,1200.0,600.0,600.0,,1,0,,,True,"Mon, 31 Aug 2026 08:00:00 GMT","Tue, 15 Sep 2026 18:36:00 GMT",https://media.app.artisio.co/media/3fc437c0-fdbb-4208-955a-90293eab416d/inventory/49293b30-a4ad-44de-b9e9-6b5f2fc3a749/5d880ad3-326b-48da-87d8-afb363a0ad41/0001_RbKrKP_sm.jpeg;https://media.app.artisio.co/media/3fc437c0-fdbb-4208-955a-90293eab416d/inventory/49293b30-a4ad-44de-b9e9-6b5f2fc3a749/fa99ba91-9302-452c-87e1-5475e392bdfb/0002_nekiUA_sm.jpeg;https://media.app.artisio.co/media/3fc437c0-fdbb-4208-955a-90293eab416d/inventory/49293b30-a4ad-44de-b9e9-6b5f2fc3a749/25bbba33-c059-42aa-b645-29bcef72099c/0003_wqivJY_sm.jpeg,3,"{""artist_retail_right"": false, ""comments"": ""<p>https://collection.pushkinmuseum.art/en/entity/OBJECT/78203?query=boulogne&index=1&nbsp;</p>"", ""condition"": ""oude bedoeking"", ""condition_report"": null, ""dimensions"": null, ""extra_text"": ""<p>Please compare to the original painting by Valentin de Boulogne (1594-1632), ‘The denial of St. Peter’, which is in the collection of the Pushkin State Museum of Fine Arts, inv. no. Ж-2767.</p>"", ""footnote"": null, ""header"": null, ""internal_reference"": null, ""literature"": null, ""origin_exhibition_lite"": null, ""painter_artist_school"": ""After Valentin de Boulogne (Circa 1700)"", ""period"": null, ""signature_dating"": null, ""technique_size"": ""oil on canvas, 75x92 cm (99x117 cm incl. frame)"", ""title"": ""The denial of St. Peter"", ""total"": null, ""weight_size_quality"": null}"
b2197627-f457-4bbf-a526-76a88399a661,192,26-0110/1,fbef6459-c238-43e4-b7ac-6357713358f6,713,Classic to Modern Art,"Schilderijen, aquarellen en tekeningen I",Crossing of the Red Sea," French School (17th Century) , Crossing of the Red Sea","<h3>Painter / Artist / School</h3>French School (17th Century)<h3>Technique / Size</h3>oil on panel, 101,5x131 cm (127,5x157 cm incl. frame)",published,EUR,700.0,1000.0,500.0,,,1,0,,,True,"Mon, 31 Aug 2026 08:00:00 GMT","Tue, 15 Sep 2026 18:36:00 GMT",https://media.app.artisio.co/media/3fc437c0-fdbb-4208-955a-90293eab416d/inventory/234e1612-6588-4c64-b875-d04027639966/04e99397-4af7-4a60-923d-0b9ca5bdcaa5/0002_LluDLv_sm.jpeg;https://media.app.artisio.co/media/3fc437c0-fdbb-4208-955a-90293eab416d/inventory/234e1612-6588-4c64-b875-d04027639966/80642804-6224-4120-b340-9f1d90d08449/0003_MpHBLm_sm.jpeg;https://media.app.artisio.co/media/3fc437c0-fdbb-4208-955a-90293eab416d/inventory/234e1612-6588-4c64-b875-d04027639966/3745a635-b991-437c-bce6-ca17825cb477/0004_GSBOwo_sm.jpeg;https://media.app.artisio.co/media/3fc437c0-fdbb-4208-955a-90293eab416d/inventory/234e1612-6588-4c64-b875-d04027639966/0607199a-c20d-4e1f-8a55-311079d47d6f/0005_RSqzkK_sm.jpeg,4,"{""artist_retail_right"": false, ""comments"": ""<p>Voorst.: &nbsp;bijbelse verhaal uit Exodus, waarin Mozes de Rode Zee splijt zodat de Israëlieten kunnen ontsnappen aan de Egyptenaren.&nbsp;<br>Mozes staat centraal, wijzend met zijn staf, terwijl de Israëlieten de oversteek maken en de Egyptenaren in het kolkende water verdwijnen</p><p>FM: Solimena - kopie-achtig.</p>"", ""condition"": null, ""condition_report"": null, ""dimensions"": null, ""extra_text"": null, ""footnote"": null, ""header"": null, ""internal_reference"": null, ""literature"": null, ""origin_exhibition_lite"": null, ""painter_artist_school"": "" French School (17th Century) "", ""period"": null, ""signature_dating"": null, ""technique_size"": ""oil on panel, 101,5x131 cm (127,5x157 cm incl. frame)"", ""title"": ""Crossing of the Red Sea"", ""total"": null, ""weight_size_quality"": null}"
be0a995e-c468-47cd-9f1d-439c37efdee5,193,26-0110/2,fbef6459-c238-43e4-b7ac-6357713358f6,713,Classic to Modern Art,"Schilderijen, aquarellen en tekeningen I",Lamenting of Christ ,"Italian School (17th Century) , Lamenting of Christ ","<h3>Painter / Artist / School</h3>Italian School (17th Century)<h3>Technique / Size</h3>oil on canvas, 63,5x96,5 cm (79,5x112 cm incl. frame)",published,EUR,700.0,1000.0,500.0,,,1,0,,,True,"Mon, 31 Aug 2026 08:00:00 GMT","Tue, 15 Sep 2026 18:39:00 GMT",https://media.app.artisio.co/media/3fc437c0-fdbb-4208-955a-90293eab416d/inventory/5a666148-fa28-4977-84cd-51feddda4b12/8b0e030e-87f2-4a1c-815f-8771a78a86af/0001_uPBUbs_sm.jpeg;https://media.app.artisio.co/media/3fc437c0-fdbb-4208-955a-90293eab416d/inventory/5a666148-fa28-4977-84cd-51feddda4b12/51183ed5-c868-4558-a058-70caf235c45f/0002_vZnZON_sm.jpeg;https://media.app.artisio.co/media/3fc437c0-fdbb-4208-955a-90293eab416d/inventory/5a666148-fa28-4977-84cd-51feddda4b12/60d9444d-2a16-4ea1-b4c0-a9f33c0d17c1/0003_dUyGkZ_sm.jpeg,3,"{""artist_retail_right"": false, ""comments"": ""<p><strong>FM: </strong>niet goed.&nbsp;</p>"", ""condition"": null, ""condition_report"": null, ""dimensions"": null, ""extra_text"": null, ""footnote"": null, ""header"": null, ""internal_reference"": null, ""literature"": null, ""origin_exhibition_lite"": null, ""painter_artist_school"": ""Italian School (17th Century) "", ""period"": null, ""signature_dating"": null, ""technique_size"": ""oil on canvas, 63,5x96,5 cm (79,5x112 cm incl. frame)"", ""title"": ""Lamenting of Christ "", ""total"": null, ""weight_size_quality"": null}"
4b1d3f39-0560-4ad6-99ae-2863bdac233f,194,26-0135/19,fbef6459-c238-43e4-b7ac-6357713358f6,713,Classic to Modern Art,"Schilderijen, aquarellen en tekeningen I",I. 'Standt van het Schip. Activo (Den 21 January in het Jaar 1825)'; II. 'Toestandt van het Schip. Activo (den 22 January 1825)',"Dirk Antoon Teupken (1801-1845) , I. 'Standt van het Schip. Activo (Den 21 January in het Jaar 1825)'; II. 'Toestandt van het Schip. Activo (den 22 January 1825)'","<h3>Painter / Artist / School</h3>Dirk Antoon Teupken (1801-1845)<h3>Technique / Size</h3>both watercolour and ink on paper, 44,5x67 cm (48,5x71 cm incl. frame)<h3>Signature / Dating</h3>both signed and dated 'D.A. Teupken/1829' (lower left)",published,EUR,800.0,1200.0,650.0,650.0,,1,0,,,True,"Mon, 31 Aug 2026 08:00:00 GMT","Tue, 15 Sep 2026 18:39:00 GMT",https://media.app.artisio.co/media/3fc437c0-fdbb-4208-955a-90293eab416d/inventory/aef45b66-61e8-4b68-813a-e393d75cc7a8/1bde9c32-e851-4b8d-890a-13151cc177f2/0001_oZWkTP_sm.jpeg;https://media.app.artisio.co/media/3fc437c0-fdbb-4208-955a-90293eab416d/inventory/aef45b66-61e8-4b68-813a-e393d75cc7a8/511a4406-e234-4a21-a85f-6eb79473f7c3/0001a_jxvfNO_sm.jpeg;https://media.app.artisio.co/media/3fc437c0-fdbb-4208-955a-90293eab416d/inventory/aef45b66-61e8-4b68-813a-e393d75cc7a8/68824b92-dda0-442f-8088-971c4274c3df/0002_WHXdpQ_sm.jpeg;https://media.app.artisio.co/media/3fc437c0-fdbb-4208-955a-90293eab416d/inventory/aef45b66-61e8-4b68-813a-e393d75cc7a8/6b8e6aef-631c-4885-b6df-b457b10c22f5/0003_gpkbrN_sm.jpeg;https://media.app.artisio.co/media/3fc437c0-fdbb-4208-955a-90293eab416d/inventory/aef45b66-61e8-4b68-813a-e393d75cc7a8/13434470-734c-4056-a223-21f6e7195f77/0004_Kdabdd_sm.jpeg,5,"{""artist_retail_right"": false, ""comments"": null, ""condition"": null, ""condition_report"": null, ""dimensions"": null, ""extra_text"": null, ""footnote"": null, ""header"": null, ""internal_reference"": null, ""literature"": null, ""origin_exhibition_lite"": null, ""painter_artist_school"": ""Dirk Antoon Teupken (1801-1845) "", ""period"": null, ""signature_dating"": ""both signed and dated 'D.A. Teupken/1829' (lower left)"", ""technique_size"": ""both watercolour and ink on paper, 44,5x67 cm (48,5x71 cm incl. frame)"", ""title"": ""I. 'Standt van het Schip. Activo (Den 21 January in het Jaar 1825)'; II. 'Toestandt van het Schip. Activo (den 22 January 1825)'"", ""total"": null, ""weight_size_quality"": null}"
b99ff2d2-31f7-42b8-982d-67dc70daf082,195,26-0634/6,fbef6459-c238-43e4-b7ac-6357713358f6,713,Classic to Modern Art,"Schilderijen, aquarellen en tekeningen I",Mounted red Indian hunting buffalo,"Arthur Wardle (English, 1864-1949), Mounted red Indian hunting buffalo","<h3>Painter / Artist / School</h3>Arthur Wardle (English, 1864-1949)<h3>Literature</h3><p>Provenance:<br>-Auction, Christie's, London, 9 October 2003, lot 939.<br>-With Kunsthandel Simonis & Buunk, Ede, no. 7904 (label attached at the reverse), where acquired by family of the present owner.&nbsp;</p><h3>Technique / Size</h3>watercolour on paper, 25,5x35,5 cm (54,5x63,5 cm incl. frame)<h3>Signature / Dating</h3>signed 'Arthur/Wardle' (lower right)",published,EUR,500.0,800.0,400.0,400.0,,1,0,,,True,"Mon, 31 Aug 2026 08:00:00 GMT","Tue, 15 Sep 2026 18:39:00 GMT",https://media.app.artisio.co/media/3fc437c0-fdbb-4208-955a-90293eab416d/inventory/d0782082-98fc-408b-bbb6-88962343cc2d/a96fce06-6d10-4016-802f-1daf36322f77/0001_RoMlxP_sm.jpeg;https://media.app.artisio.co/media/3fc437c0-fdbb-4208-955a-90293eab416d/inventory/d0782082-98fc-408b-bbb6-88962343cc2d/df92fdca-f93a-4e5e-9e7a-6cb7f1a72686/0002_HFIkcF_sm.jpeg;https://media.app.artisio.co/media/3fc437c0-fdbb-4208-955a-90293eab416d/inventory/d0782082-98fc-408b-bbb6-88962343cc2d/8c347c50-cc2f-449f-add0-6cd455953a80/0003_tzTiYm_sm.jpeg;https://media.app.artisio.co/media/3fc437c0-fdbb-4208-955a-90293eab416d/inventory/d0782082-98fc-408b-bbb6-88962343cc2d/98e334a0-2549-406e-92d1-d39df4b38b22/0004_LQOByU_sm.jpeg,4,"{""artist_retail_right"": false, ""comments"": ""<p>30x40 cm zal bladformaat zijn. Chr 2003: <strong>Hammer price: € 986 </strong>Bij Buunk veel meer betaald</p>"", ""condition"": null, ""condition_report"": null, ""dimensions"": null, ""extra_text"": null, ""footnote"": null, ""header"": null, ""internal_reference"": null, ""literature"": ""<p>Provenance:<br>-Auction, Christie's, London, 9 October 2003, lot 939.<br>-With Kunsthandel Simonis & Buunk, Ede, no. 7904 (label attached at the reverse), where acquired by family of the present owner.&nbsp;</p>"", ""origin_exhibition_lite"": null, ""painter_artist_school"": ""Arthur Wardle (English, 1864-1949)"", ""period"": null, ""signature_dating"": ""signed 'Arthur/Wardle' (lower right)"", ""technique_size"": ""watercolour on paper, 25,5x35,5 cm (54,5x63,5 cm incl. frame)"", ""title"": ""Mounted red Indian hunting buffalo"", ""total"": null, ""weight_size_quality"": null}"
9a5fff5d-f194-4e0f-850b-dff7c8e16358,196,26-0135/25,fbef6459-c238-43e4-b7ac-6357713358f6,713,Classic to Modern Art,"Schilderijen, aquarellen en tekeningen I",Palma de Mallorca,"Reimond Kimpe (1885-1970), Palma de Mallorca","<h3>Painter / Artist / School</h3>Reimond Kimpe (1885-1970)<h3>Technique / Size</h3>chalk on paper, 30x40 cm (37x47 cm incl. frame)<h3>Signature / Dating</h3>signed, annotated and dated 'R. Kimpe/1/32' (lower right)",published,EUR,300.0,500.0,200.0,200.0,,1,0,,,True,"Mon, 31 Aug 2026 08:00:00 GMT","Tue, 15 Sep 2026 18:39:00 GMT",https://media.app.artisio.co/media/3fc437c0-fdbb-4208-955a-90293eab416d/inventory/2bccd911-531f-4ef3-80e8-e57b1b150701/9caaf96b-9b64-4f55-a14b-6633c834793d/0002_SQTEOl_sm.jpeg;https://media.app.artisio.co/media/3fc437c0-fdbb-4208-955a-90293eab416d/inventory/2bccd911-531f-4ef3-80e8-e57b1b150701/9a81de9f-18c5-476d-abe3-511616fd5021/0003_lAGqrj_sm.jpeg;https://media.app.artisio.co/media/3fc437c0-fdbb-4208-955a-90293eab416d/inventory/2bccd911-531f-4ef3-80e8-e57b1b150701/9ac28921-7f1e-450b-ba99-8f7a1d426378/0003a_MbmjhV_sm.jpeg;https://media.app.artisio.co/media/3fc437c0-fdbb-4208-955a-90293eab416d/inventory/2bccd911-531f-4ef3-80e8-e57b1b150701/5b1de198-b68e-4f78-99c9-c831c17ca4e3/0003b_fVtNrU_sm.jpeg,4,"{""artist_retail_right"": true, ""comments"": null, ""condition"": null, ""condition_report"": null, ""dimensions"": null, ""extra_text"": null, ""footnote"": null, ""header"": null, ""internal_reference"": null, ""literature"": null, ""origin_exhibition_lite"": null, ""painter_artist_school"": ""Reimond Kimpe (1885-1970)"", ""period"": null, ""signature_dating"": ""signed, annotated and dated 'R. Kimpe/1/32' (lower right)"", ""technique_size"": ""chalk on paper, 30x40 cm (37x47 cm incl. frame)"", ""title"": ""Palma de Mallorca"", ""total"": null, ""weight_size_quality"": null}"
1235153f-b516-4f01-b2a3-1fc080d1cc7a,197,26-0116/4,fbef6459-c238-43e4-b7ac-6357713358f6,713,Classic to Modern Art,"Schilderijen, aquarellen en tekeningen I",'Entrance to the Bosphorus from the Black Sea',"After Thomas Allom (19th Century), 'Entrance to the Bosphorus from the Black Sea'","<h3>Painter / Artist / School</h3>After Thomas Allom (19th Century)<h3>Literature</h3><p>Provenance:<br>-With Kunstsalon Emil Richter, Dresden, inv. no. 473 (label attached to the reverse), as: ‘Raden Sarief Bastaman Saleh’.</p><h3>Technique / Size</h3>oil on canvas, 74,5x100,5 cm (109x135cm incl. frame)<h3>Extra Text</h3><p>Please compare to a lithograph by Joseph Clayton Bentley (1809-1851) after a composition by Thomas Allom (1804-1872), in: Robert Walsh and Thomas Allom, ‘Constantinople and the Scenery of the Seven Churches of Asia Minor’, London/Paris 1836-38.&nbsp;</p>",published,EUR,1000.0,1500.0,800.0,800.0,,1,0,,,True,"Mon, 31 Aug 2026 08:00:00 GMT","Tue, 15 Sep 2026 18:39:00 GMT",https://media.app.artisio.co/media/3fc437c0-fdbb-4208-955a-90293eab416d/inventory/4663b975-f863-4861-aa60-b1459040f83f/dba6bbf1-da7a-4a1f-806b-6383b1c85766/0001_EdAvHa_sm.jpeg;https://media.app.artisio.co/media/3fc437c0-fdbb-4208-955a-90293eab416d/inventory/4663b975-f863-4861-aa60-b1459040f83f/490cb3b0-473f-4b95-930b-b9dc3af50685/0002_cERNRB_sm.jpeg;https://media.app.artisio.co/media/3fc437c0-fdbb-4208-955a-90293eab416d/inventory/4663b975-f863-4861-aa60-b1459040f83f/899897f1-1721-4cf3-988c-0e168e4a6f32/0003_iYhvhb_sm.jpeg,3,"{""artist_retail_right"": false, ""comments"": ""<p>https://rkd.nl/imageslite/4185799 als Raden Saleh</p>"", ""condition"": null, ""condition_report"": null, ""dimensions"": null, ""extra_text"": ""<p>Please compare to a lithograph by Joseph Clayton Bentley (1809-1851) after a composition by Thomas Allom (1804-1872), in: Robert Walsh and Thomas Allom, ‘Constantinople and the Scenery of the Seven Churches of Asia Minor’, London/Paris 1836-38.&nbsp;</p>"", ""footnote"": null, ""header"": null, ""internal_reference"": null, ""literature"": ""<p>Provenance:<br>-With Kunstsalon Emil Richter, Dresden, inv. no. 473 (label attached to the reverse), as: ‘Raden Sarief Bastaman Saleh’.</p>"", ""origin_exhibition_lite"": null, ""painter_artist_school"": ""After Thomas Allom (19th Century)"", ""period"": null, ""signature_dating"": null, ""technique_size"": ""oil on canvas, 74,5x100,5 cm (109x135cm incl. frame)"", ""title"": ""'Entrance to the Bosphorus from the Black Sea'"", ""total"": null, ""weight_size_quality"": null}"
47b6ed7e-b5ee-4637-b0ab-69205c53f905,198,26-0634/3,fbef6459-c238-43e4-b7ac-6357713358f6,713,Classic to Modern Art,"Schilderijen, aquarellen en tekeningen I",Market in Marakesh,"Jan Rijlaarsdam (1911-2007), Market in Marakesh","<h3>Painter / Artist / School</h3>Jan Rijlaarsdam (1911-2007)<h3>Technique / Size</h3>oil on canvas, 60x80 cm (74x95 cm incl. frame)<h3>Signature / Dating</h3>signed 'J. Rijlaarsdam'  (lower left)",published,EUR,400.0,600.0,300.0,300.0,,1,0,,,True,"Mon, 31 Aug 2026 08:00:00 GMT","Tue, 15 Sep 2026 18:39:00 GMT",https://media.app.artisio.co/media/3fc437c0-fdbb-4208-955a-90293eab416d/inventory/66176214-2e08-4448-979b-298f93ddb3b7/e4089647-ff02-4d7e-b237-d5b408cf88e3/0001_qhhARl_sm.jpeg;https://media.app.artisio.co/media/3fc437c0-fdbb-4208-955a-90293eab416d/inventory/66176214-2e08-4448-979b-298f93ddb3b7/b0827b4e-f947-4353-8226-00d7118823d1/0002_hAOcUJ_sm.jpeg;https://media.app.artisio.co/media/3fc437c0-fdbb-4208-955a-90293eab416d/inventory/66176214-2e08-4448-979b-298f93ddb3b7/b65cc48e-2b18-4f25-80cd-0481d4db5cf0/0003_iKKNeh_sm.jpeg;https://media.app.artisio.co/media/3fc437c0-fdbb-4208-955a-90293eab416d/inventory/66176214-2e08-4448-979b-298f93ddb3b7/a03d6bd8-3526-4273-9e94-30c6d1119b72/0004_vrKfGe_sm.jpeg,4,"{""artist_retail_right"": true, ""comments"": null, ""condition"": ""Restauratie patch in dorso"", ""condition_report"": null, ""dimensions"": null, ""extra_text"": null, ""footnote"": null, ""header"": null, ""internal_reference"": null, ""literature"": null, ""origin_exhibition_lite"": null, ""painter_artist_school"": ""Jan Rijlaarsdam (1911-2007)"", ""period"": null, ""signature_dating"": ""signed 'J. Rijlaarsdam'  (lower left)"", ""technique_size"": ""oil on canvas, 60x80 cm (74x95 cm incl. frame) "", ""title"": ""Market in Marakesh"", ""total"": null, ""weight_size_quality"": null}"
782f6aa2-e5fa-45f7-b5b7-391cf6c6d794,199,26-0282/4,fbef6459-c238-43e4-b7ac-6357713358f6,713,Classic to Modern Art,"Schilderijen, aquarellen en tekeningen I","Figures in a street, possibly Algeria","Hendrik Johannes Haverman (1857-1928), Figures in a street, possibly Algeria","<h3>Painter / Artist / School</h3>Hendrik Johannes Haverman (1857-1928)<h3>Technique / Size</h3>sepia, watercolour and gouache on paper, 36x24 cm (52x40 cm incl. frame)<h3>Signature / Dating</h3>signed 'Haverman.' (lower right)<h3>Extra Text</h3><p>Possibly painted in 1890 when Haverman travelled to Algeria.</p>",published,EUR,300.0,400.0,200.0,200.0,,1,0,,,True,"Mon, 31 Aug 2026 08:00:00 GMT","Tue, 15 Sep 2026 18:42:00 GMT",https://media.app.artisio.co/media/3fc437c0-fdbb-4208-955a-90293eab416d/inventory/5f35c461-225a-405d-a05a-d714316aef4d/01d955b0-d7e5-445e-9617-78edd3d135c2/0001_bopnBx_sm.jpeg;https://media.app.artisio.co/media/3fc437c0-fdbb-4208-955a-90293eab416d/inventory/5f35c461-225a-405d-a05a-d714316aef4d/d3af67df-3941-4b5a-a1b6-1cb644c1c286/0002_DcHdkW_sm.jpeg;https://media.app.artisio.co/media/3fc437c0-fdbb-4208-955a-90293eab416d/inventory/5f35c461-225a-405d-a05a-d714316aef4d/4ef4f732-c6bd-469c-bc6a-69ead8cabb77/0003_krLkYD_sm.jpeg;https://media.app.artisio.co/media/3fc437c0-fdbb-4208-955a-90293eab416d/inventory/5f35c461-225a-405d-a05a-d714316aef4d/14583575-b280-4519-b2a9-0fa404c65bb0/0004_mjuZUN_sm.jpeg,4,"{""artist_retail_right"": false, ""comments"": null, ""condition"": null, ""condition_report"": null, ""dimensions"": null, ""extra_text"": ""<p>Possibly painted in 1890 when Haverman travelled to Algeria.</p>"", ""footnote"": null, ""header"": null, ""internal_reference"": null, ""literature"": null, ""origin_exhibition_lite"": null, ""painter_artist_school"": ""Hendrik Johannes Haverman (1857-1928)"", ""period"": null, ""signature_dating"": ""signed 'Haverman.' (lower right)"", ""technique_size"": ""sepia, watercolour and gouache on paper, 36x24 cm (52x40 cm incl. frame)"", ""title"": ""Figures in a street, possibly Algeria"", ""total"": null, ""weight_size_quality"": null}"
a87008ff-1db4-49cd-ba2c-675fe4ea8f01,200,26-0126/12,fbef6459-c238-43e4-b7ac-6357713358f6,713,Classic to Modern Art,"Schilderijen, aquarellen en tekeningen I",Market day in Tunis,"Isidore van Mens (1890-1985), Market day in Tunis","<h3>Painter / Artist / School</h3>Isidore van Mens (1890-1985)<h3>Technique / Size</h3>charcoal and watercolour on paper, 36x26,5 cm (50,5x41,5 cm incl. frame)<h3>Signature / Dating</h3>signed and annotated 'Is. van Mens./Tunis.' (lower right); annotated 'Dans le souk des Étoffes, Tunis' (on a piece of cardboard on the reverse)",published,EUR,500.0,800.0,500.0,500.0,,1,1,500.0,500.0,True,"Mon, 31 Aug 2026 08:00:00 GMT","Tue, 15 Sep 2026 18:42:00 GMT",https://media.app.artisio.co/media/3fc437c0-fdbb-4208-955a-90293eab416d/inventory/6bcc2365-8999-4b91-aa0d-cfb8a93c922c/d9d199d0-e50f-4905-8787-3c502c235d3a/0001_uixAJu_sm.jpeg;https://media.app.artisio.co/media/3fc437c0-fdbb-4208-955a-90293eab416d/inventory/6bcc2365-8999-4b91-aa0d-cfb8a93c922c/2d60c899-f19b-436c-88a9-c822e4accd7c/0002_ulshAU_sm.jpeg;https://media.app.artisio.co/media/3fc437c0-fdbb-4208-955a-90293eab416d/inventory/6bcc2365-8999-4b91-aa0d-cfb8a93c922c/fea22cfa-9acb-49af-b604-ffe9e7945780/0003_ZlpckD_sm.jpeg;https://media.app.artisio.co/media/3fc437c0-fdbb-4208-955a-90293eab416d/inventory/6bcc2365-8999-4b91-aa0d-cfb8a93c922c/63c5c903-26ef-4e13-9112-65721ef1ba91/0004_DOTaoM_sm.jpeg;https://media.app.artisio.co/media/3fc437c0-fdbb-4208-955a-90293eab416d/inventory/6bcc2365-8999-4b91-aa0d-cfb8a93c922c/899c105d-b002-4a81-98cc-010d40f349ee/0005_psXCSu_sm.jpeg,5,"{""artist_retail_right"": true, ""comments"": ""<p>Is. van Mens, Soukh Tunis €500-800 lim&nbsp;</p>"", ""condition"": null, ""condition_report"": null, ""dimensions"": null, ""extra_text"": null, ""footnote"": null, ""header"": null, ""internal_reference"": null, ""literature"": null, ""origin_exhibition_lite"": null, ""painter_artist_school"": ""Isidore van Mens (1890-1985)"", ""period"": null, ""signature_dating"": ""signed and annotated 'Is. van Mens./Tunis.' (lower right); annotated 'Dans le souk des Étoffes, Tunis' (on a piece of cardboard on the reverse)"", ""technique_size"": ""charcoal and watercolour on paper, 36x26,5 cm (50,5x41,5 cm incl. frame)"", ""title"": ""Market day in Tunis"", ""total"": null, ""weight_size_quality"": null}"
1b256a2b-cb1b-4d06-a60e-2dcff79b5ec6,201,26-0282/3,fbef6459-c238-43e4-b7ac-6357713358f6,713,Classic to Modern Art,"Schilderijen, aquarellen en tekeningen I",Study for 'Lastdrager in Djokjakarta',"Marius Bauer (1867-1932), Study for 'Lastdrager in Djokjakarta'","<h3>Painter / Artist / School</h3>Marius Bauer (1867-1932)<h3>Literature</h3><p>Provenance:<br>-Auction, Veilinghuis de Eland en de Zon, 's-Graveland, 30 January 2013, lot 5125 (label attatched to frame), where acquired by the present owner.</p><h3>Technique / Size</h3>watercolour and pencil on paper, 28,5x22 cm (42x36 cm incl. frame)<h3>Signature / Dating</h3>signed 'M Bauer' (lower right)<h3>Extra Text</h3><p>This lot is a study for the watercolour 'Lastdrager in Djokjakarta', sold at: Auction, Frederik Muller, Amsterdam, 22 May 1955, lot 26.&nbsp;</p>",published,EUR,300.0,500.0,200.0,,,1,0,,,True,"Mon, 31 Aug 2026 08:00:00 GMT","Tue, 15 Sep 2026 18:42:00 GMT",https://media.app.artisio.co/media/3fc437c0-fdbb-4208-955a-90293eab416d/inventory/e068e88b-afac-41e0-80d4-43dade32665e/072a79b4-8dca-4486-9ae7-2a3d18f761ae/0001_veLKLH_sm.jpeg;https://media.app.artisio.co/media/3fc437c0-fdbb-4208-955a-90293eab416d/inventory/e068e88b-afac-41e0-80d4-43dade32665e/03f2125d-e803-47e4-8aec-852866c611d0/0002_VnorFE_sm.jpeg;https://media.app.artisio.co/media/3fc437c0-fdbb-4208-955a-90293eab416d/inventory/e068e88b-afac-41e0-80d4-43dade32665e/0a5071d6-fa25-4f67-bb27-79b36975cb63/0003_ybofmB_sm.jpeg;https://media.app.artisio.co/media/3fc437c0-fdbb-4208-955a-90293eab416d/inventory/e068e88b-afac-41e0-80d4-43dade32665e/14fdcb9e-8571-4e09-a826-b416505edbbe/0004_GLvlzV_sm.jpeg,4,"{""artist_retail_right"": false, ""comments"": null, ""condition"": null, ""condition_report"": null, ""dimensions"": null, ""extra_text"": ""<p>This lot is a study for the watercolour 'Lastdrager in Djokjakarta', sold at: Auction, Frederik Muller, Amsterdam, 22 May 1955, lot 26.&nbsp;</p>"", ""footnote"": null, ""header"": null, ""internal_reference"": null, ""literature"": ""<p>Provenance:<br>-Auction, Veilinghuis de Eland en de Zon, 's-Graveland, 30 January 2013, lot 5125 (label attatched to frame), where acquired by the present owner.</p>"", ""origin_exhibition_lite"": null, ""painter_artist_school"": ""Marius Bauer (1867-1932)"", ""period"": null, ""signature_dating"": ""signed 'M Bauer' (lower right)"", ""technique_size"": ""watercolour and pencil on paper, 28,5x22 cm (42x36 cm incl. frame)"", ""title"": ""Study for 'Lastdrager in Djokjakarta'"", ""total"": null, ""weight_size_quality"": null}"
947aa88b-fb6e-4e5f-85cf-fb3d79fd3e98,202,26-0359/39,fbef6459-c238-43e4-b7ac-6357713358f6,713,Classic to Modern Art,"Schilderijen, aquarellen en tekeningen I",Moonlit Indonesian kampong,"Leo Eland (1884-1952), Moonlit Indonesian kampong","<h3>Painter / Artist / School</h3>Leo Eland (1884-1952)<h3>Technique / Size</h3>oil on canvas, 40x50,5 cm (57x67,5 cm incl. frame)<h3>Signature / Dating</h3>signed 'L. Eland.' (lower left)",published,EUR,400.0,600.0,300.0,300.0,,1,0,,,True,"Mon, 31 Aug 2026 08:00:00 GMT","Tue, 15 Sep 2026 18:42:00 GMT",https://media.app.artisio.co/media/3fc437c0-fdbb-4208-955a-90293eab416d/inventory/c4cf919e-cb1c-4a00-9468-bf38e98fe275/8bfe383f-55b8-4a39-af32-4fc82440b6c5/0001_WcYKqC_sm.jpeg;https://media.app.artisio.co/media/3fc437c0-fdbb-4208-955a-90293eab416d/inventory/c4cf919e-cb1c-4a00-9468-bf38e98fe275/66f86502-6f90-4e59-9e5d-4a75bc6d5b28/0002_MMxtbs_sm.jpeg;https://media.app.artisio.co/media/3fc437c0-fdbb-4208-955a-90293eab416d/inventory/c4cf919e-cb1c-4a00-9468-bf38e98fe275/52fbd750-a6f4-46c4-84d9-2e5167cf4891/0003_mSnGMI_sm.jpeg;https://media.app.artisio.co/media/3fc437c0-fdbb-4208-955a-90293eab416d/inventory/c4cf919e-cb1c-4a00-9468-bf38e98fe275/46e21613-85fb-4c73-83b8-23fe9088c435/0004_bDAvJl_sm.jpeg,4,"{""artist_retail_right"": false, ""comments"": null, ""condition"": null, ""condition_report"": null, ""dimensions"": null, ""extra_text"": null, ""footnote"": null, ""header"": null, ""internal_reference"": null, ""literature"": null, ""origin_exhibition_lite"": null, ""painter_artist_school"": ""Leo Eland (1884-1952)"", ""period"": null, ""signature_dating"": ""signed 'L. Eland.' (lower left)"", ""technique_size"": ""oil on canvas, 40x50,5 cm (57x67,5 cm incl. frame)"", ""title"": ""Moonlit Indonesian kampong"", ""total"": null, ""weight_size_quality"": null}"
60bdecd5-3cb2-41d8-acd8-8456b5289717,203,26-0359/40,fbef6459-c238-43e4-b7ac-6357713358f6,713,Classic to Modern Art,"Schilderijen, aquarellen en tekeningen I",Planting rice in the terrace paddy fields,"Leo Eland (1884-1952), Planting rice in the terrace paddy fields","<h3>Painter / Artist / School</h3>Leo Eland (1884-1952)<h3>Technique / Size</h3>oil on canvas, 41x51 cm (68x78 cm incl. frame)<h3>Signature / Dating</h3>signed 'L. Eland' (lower right)",published,EUR,400.0,600.0,200.0,200.0,,1,0,,,True,"Mon, 31 Aug 2026 08:00:00 GMT","Tue, 15 Sep 2026 18:42:00 GMT",https://media.app.artisio.co/media/3fc437c0-fdbb-4208-955a-90293eab416d/inventory/c2f74c8e-202b-48ba-b179-fc1bae7143a1/c5d46394-ff56-4637-8f32-881e6af12f64/0001_eTTvDk_sm.jpeg;https://media.app.artisio.co/media/3fc437c0-fdbb-4208-955a-90293eab416d/inventory/c2f74c8e-202b-48ba-b179-fc1bae7143a1/c38eac07-68ac-4e68-afca-9a5796bf60ed/0002_WhKfdF_sm.jpeg;https://media.app.artisio.co/media/3fc437c0-fdbb-4208-955a-90293eab416d/inventory/c2f74c8e-202b-48ba-b179-fc1bae7143a1/8463a51c-14a6-4f70-98bf-78f392489e54/0003_Gsghzf_sm.jpeg;https://media.app.artisio.co/media/3fc437c0-fdbb-4208-955a-90293eab416d/inventory/c2f74c8e-202b-48ba-b179-fc1bae7143a1/c794f853-7c1e-4672-a8a8-ec831468f586/0004_eWGhjx_sm.jpeg,4,"{""artist_retail_right"": false, ""comments"": null, ""condition"": null, ""condition_report"": null, ""dimensions"": null, ""extra_text"": null, ""footnote"": null, ""header"": null, ""internal_reference"": null, ""literature"": null, ""origin_exhibition_lite"": null, ""painter_artist_school"": ""Leo Eland (1884-1952)"", ""period"": null, ""signature_dating"": ""signed 'L. Eland' (lower right)"", ""technique_size"": ""oil on canvas, 41x51 cm (68x78 cm incl. frame)"", ""title"": ""Planting rice in the terrace paddy fields"", ""total"": null, ""weight_size_quality"": null}"
b99d6494-764d-46a3-b63c-253cf91fcfd2,204,26-0359/36,fbef6459-c238-43e4-b7ac-6357713358f6,713,Classic to Modern Art,"Schilderijen, aquarellen en tekeningen I",Ox cart on the mountain path,"Leo Eland (1884-1952), Ox cart on the mountain path","<h3>Painter / Artist / School</h3>Leo Eland (1884-1952)<h3>Technique / Size</h3>oil on canvas, 30,5x40,5 cm (57x67 cm incl. frame)<h3>Signature / Dating</h3>signed 'L. Eland' (lower right)",published,EUR,400.0,600.0,300.0,300.0,,1,0,,,True,"Mon, 31 Aug 2026 08:00:00 GMT","Tue, 15 Sep 2026 18:42:00 GMT",https://media.app.artisio.co/media/3fc437c0-fdbb-4208-955a-90293eab416d/inventory/0fc284e3-5b3c-4112-be3c-dcce2d83d4e7/05e98f74-90e3-4580-99b7-c66378fb8706/0001_deFmWD_sm.jpeg;https://media.app.artisio.co/media/3fc437c0-fdbb-4208-955a-90293eab416d/inventory/0fc284e3-5b3c-4112-be3c-dcce2d83d4e7/268126da-cc7c-4e80-9430-16eb1788a1c4/0002_AFMaUK_sm.jpeg;https://media.app.artisio.co/media/3fc437c0-fdbb-4208-955a-90293eab416d/inventory/0fc284e3-5b3c-4112-be3c-dcce2d83d4e7/cd48c87d-d7b1-4153-8378-08f76fef1cd3/0003_nvRqIU_sm.jpeg;https://media.app.artisio.co/media/3fc437c0-fdbb-4208-955a-90293eab416d/inventory/0fc284e3-5b3c-4112-be3c-dcce2d83d4e7/6f310b02-3ba9-4386-a4a3-9c7f67deb0c2/0004_JVHRLo_sm.jpeg,4,"{""artist_retail_right"": false, ""comments"": null, ""condition"": null, ""condition_report"": null, ""dimensions"": null, ""extra_text"": null, ""footnote"": null, ""header"": null, ""internal_reference"": null, ""literature"": null, ""origin_exhibition_lite"": null, ""painter_artist_school"": ""Leo Eland (1884-1952)"", ""period"": null, ""signature_dating"": ""signed 'L. Eland' (lower right)"", ""technique_size"": ""oil on canvas, 30,5x40,5 cm (57x67 cm incl. frame)"", ""title"": ""Ox cart on the mountain path"", ""total"": null, ""weight_size_quality"": null}"
83a7474a-c9e3-4f7e-8e89-3948f316ce9c,205,26-0359/34,fbef6459-c238-43e4-b7ac-6357713358f6,713,Classic to Modern Art,"Schilderijen, aquarellen en tekeningen I", Minangkabau mountain village with a view on the lake,"Leo Eland (1884-1952),  Minangkabau mountain village with a view on the lake","<h3>Painter / Artist / School</h3>Leo Eland (1884-1952)<h3>Technique / Size</h3>oil on board, 40x60 cm (49,5x59,5 cm incl. frame)<h3>Signature / Dating</h3>signed 'L. Eland' (lower left)",published,EUR,400.0,600.0,300.0,300.0,,1,0,,,True,"Mon, 31 Aug 2026 08:00:00 GMT","Tue, 15 Sep 2026 18:45:00 GMT",https://media.app.artisio.co/media/3fc437c0-fdbb-4208-955a-90293eab416d/inventory/5fbb4d19-0efd-49b2-bf0c-feedfa4637ee/270bafcb-73c3-4144-a4b9-8eb22539abf1/0001_hNDiya_sm.jpeg;https://media.app.artisio.co/media/3fc437c0-fdbb-4208-955a-90293eab416d/inventory/5fbb4d19-0efd-49b2-bf0c-feedfa4637ee/5a50270c-ca17-4ab1-a5ab-a366c8940b29/0002_PxhsmJ_sm.jpeg;https://media.app.artisio.co/media/3fc437c0-fdbb-4208-955a-90293eab416d/inventory/5fbb4d19-0efd-49b2-bf0c-feedfa4637ee/92383eef-adc3-485f-b27e-86b585d84696/0003_WfJcms_sm.jpeg;https://media.app.artisio.co/media/3fc437c0-fdbb-4208-955a-90293eab416d/inventory/5fbb4d19-0efd-49b2-bf0c-feedfa4637ee/1e04f3e0-f395-40b3-af07-be9aa95b82f3/0004_etayHi_sm.jpeg,4,"{""artist_retail_right"": false, ""comments"": null, ""condition"": null, ""condition_report"": null, ""dimensions"": null, ""extra_text"": null, ""footnote"": null, ""header"": null, ""internal_reference"": null, ""literature"": null, ""origin_exhibition_lite"": null, ""painter_artist_school"": ""Leo Eland (1884-1952)"", ""period"": null, ""signature_dating"": ""signed 'L. Eland' (lower left)"", ""technique_size"": ""oil on board, 40x60 cm (49,5x59,5 cm incl. frame)"", ""title"": "" Minangkabau mountain village with a view on the lake"", ""total"": null, ""weight_size_quality"": null}"
67389e4c-7e17-4f5b-86bb-e7b5fcd23611,206,26-0359/33,fbef6459-c238-43e4-b7ac-6357713358f6,713,Classic to Modern Art,"Schilderijen, aquarellen en tekeningen I",Workers in the ricefields ,"Leo Eland (1884-1952), Workers in the ricefields ","<h3>Painter / Artist / School</h3>Leo Eland (1884-1952)<h3>Technique / Size</h3>oil on canvas, 40x60 cm (56,5x76,5 cm incl. frame)<h3>Signature / Dating</h3>signed 'L. Eland' (lower left)",published,EUR,400.0,600.0,300.0,300.0,,1,0,,,True,"Mon, 31 Aug 2026 08:00:00 GMT","Tue, 15 Sep 2026 18:45:00 GMT",https://media.app.artisio.co/media/3fc437c0-fdbb-4208-955a-90293eab416d/inventory/7c2dbc1a-f37b-4edf-a894-774db02a84c8/ea53a216-144d-4314-98c1-066ab817c909/0001_TSJVCI_sm.jpeg;https://media.app.artisio.co/media/3fc437c0-fdbb-4208-955a-90293eab416d/inventory/7c2dbc1a-f37b-4edf-a894-774db02a84c8/88156399-75a5-428c-80ec-5bb8969688c5/0002_AnEpHq_sm.jpeg;https://media.app.artisio.co/media/3fc437c0-fdbb-4208-955a-90293eab416d/inventory/7c2dbc1a-f37b-4edf-a894-774db02a84c8/6336ec70-4a4d-4ef5-96ff-4654cc1276b8/0003_Fdbtjt_sm.jpeg;https://media.app.artisio.co/media/3fc437c0-fdbb-4208-955a-90293eab416d/inventory/7c2dbc1a-f37b-4edf-a894-774db02a84c8/2cd7b625-77a8-45b7-8ab3-9581dea4944b/0004_tdMAMH_sm.jpeg,4,"{""artist_retail_right"": false, ""comments"": null, ""condition"": null, ""condition_report"": null, ""dimensions"": null, ""extra_text"": null, ""footnote"": null, ""header"": null, ""internal_reference"": null, ""literature"": null, ""origin_exhibition_lite"": null, ""painter_artist_school"": ""Leo Eland (1884-1952)"", ""period"": null, ""signature_dating"": ""signed 'L. Eland' (lower left)"", ""technique_size"": ""oil on canvas, 40x60 cm (56,5x76,5 cm incl. frame)"", ""title"": ""Workers in the ricefields "", ""total"": null, ""weight_size_quality"": null}"
ae7f1e44-e370-440a-8a1a-e0df85ef184e,207,26-0333/1,fbef6459-c238-43e4-b7ac-6357713358f6,713,Classic to Modern Art,"Schilderijen, aquarellen en tekeningen I",Family home of the artist in Paramaribo,"Jules Anthony Chin A Foeng (Surinamese, 1944-1983), Family home of the artist in Paramaribo","<h3>Painter / Artist / School</h3>Jules Anthony Chin A Foeng (Surinamese, 1944-1983)<h3>Technique / Size</h3>oil on board, 32x46 cm<h3>Signature / Dating</h3>twice signed and dated 'A Chin A Foeng/196[...]' (lower right)<h3>Extra Text</h3><p>Chin A Foeng was born in Paramaribo and displayed a remarkable talent for drawing from an early age. In order to further develop his skills, he attended classes at the CCS-School voor Beeldende Kunsten (School of Visual Arts) in Paramaribo, where he was taught, among others, by Nola Hatterman. As a teenager, he won several national and international drawing competitions, and at the age of 16 or 17 he was awarded a scholarship to pursue an art education in the Netherlands at the Academie van Beeldende Kunsten &nbsp;in Tilburg.&nbsp;</p><p>He subsequently continued his studies at the Rietveld Academie in Amsterdam, after which he returned to Suriname. There, he became an important advocate for art and cultural education and was involved in the establishment of several educational institutions. In the 1970s, he travelled to New York to pursue a master’s degree at New York University. Upon his return to Suriname, he devoted himself to establishing a fully-fledged art academy in Paramaribo, an ambition he succeeded in realizing in 1981. Sadly, Chin A Foeng died not long afterwards, at the age of just 39.</p><p>Relatively few works by Chin A Foeng are currently available on the market, making it difficult to find comparable works. The painting offered in the present auction bears a resemblance to the drawing ‘My House’, which he created at the age of 15 and submitted to a drawing competition in India (see: www.jules-chin.com/jaren-60).</p><p>The fact that the present work dates from circa 1960 makes it an early work, created before his formal art studies, at a stage when his artistic development was still in its formative years.</p><p>&nbsp;</p><p>&nbsp;</p><p>&nbsp;</p>",published,EUR,400.0,600.0,300.0,300.0,,1,0,,,True,"Mon, 31 Aug 2026 08:00:00 GMT","Tue, 15 Sep 2026 18:45:00 GMT",https://media.app.artisio.co/media/3fc437c0-fdbb-4208-955a-90293eab416d/inventory/ab8b3457-c457-4c0b-a907-0d7aa2d8370c/8488e5f4-916f-41e3-aa50-7b8cb2cead5f/0001_wRhxXu_sm.jpeg;https://media.app.artisio.co/media/3fc437c0-fdbb-4208-955a-90293eab416d/inventory/ab8b3457-c457-4c0b-a907-0d7aa2d8370c/6b4c4029-2036-4741-a1ac-c262cd9b375c/0002_nOevrn_sm.jpeg;https://media.app.artisio.co/media/3fc437c0-fdbb-4208-955a-90293eab416d/inventory/ab8b3457-c457-4c0b-a907-0d7aa2d8370c/91ac85a2-c716-487c-a5e3-13e8adcdae38/0003_AROCUD_sm.jpeg;https://media.app.artisio.co/media/3fc437c0-fdbb-4208-955a-90293eab416d/inventory/ab8b3457-c457-4c0b-a907-0d7aa2d8370c/085e6c3e-6637-49d2-abf6-8430f1382df9/0004_AVQwqN_sm.jpeg,4,"{""artist_retail_right"": false, ""comments"": ""<p>Zie alle extra info in e-mail.<br>Chin A Foeng is geboren in Paramaribo en legt al op jonge leeftijd een groot tekentalent aan de dag. Om zich verder te ontwikkelen volgt hij lessen aan het CCS-School voor Beeldende Kunsten in Paramaribo waar hij onder ander les krijgt van Nola Hatterman. Hij wint als tiener diverse (internationale) tekenwedstrijden en krijgt op zijn 16e/17e een beurs om in Nederland een kunstopleiding te volgen aan de Academie van Beeldende Kunsten in Tilburg. Daarna doet hij nog een vervolgstudie aan de Rietveld Academie in Amsterdam en keert vervolgens terug naar Suriname. Hij wordt een belangrijk voorvechter van het Surinaamse cultuuronderwijs en is betrokken bij de oprichting van verschillende opleidingsinstituten. In de jaren '70 gaat hij naar New York om een master studie te volgen aan de New York University, waarna hij zich bij terugkomst in Suriname inzet om ook in Paramaribo een volwaardige kunstacademie op te zetten, wat hem in 1981 lukt. Helaas overlijdt hij niet lang daarna op 39-jarige leeftijd. Er is niet veel werk van Chin A Foeng op de markt, waardoor het moeilijk is vergelijkingsmateriaal te vinden. Het schilderij dat nu geveild wordt, lijkt op de tekening 'My house' die hij maakte op 15-jarige leeftijd en heeft ingezonden voor een tekenwedstrijd in India (zie: https://www.jules-chin.com/jaren-60). Het feit dat dit een werk is uit ca. 1960, maakt het een vroeg werk van voor zijn studie, waarbij zijn kunstenaarschap nog niet tot volwassenheid is gekomen.&nbsp; &nbsp;</p>"", ""condition"": null, ""condition_report"": null, ""dimensions"": null, ""extra_text"": ""<p>Chin A Foeng was born in Paramaribo and displayed a remarkable talent for drawing from an early age. In order to further develop his skills, he attended classes at the CCS-School voor Beeldende Kunsten (School of Visual Arts) in Paramaribo, where he was taught, among others, by Nola Hatterman. As a teenager, he won several national and international drawing competitions, and at the age of 16 or 17 he was awarded a scholarship to pursue an art education in the Netherlands at the Academie van Beeldende Kunsten &nbsp;in Tilburg.&nbsp;</p><p>He subsequently continued his studies at the Rietveld Academie in Amsterdam, after which he returned to Suriname. There, he became an important advocate for art and cultural education and was involved in the establishment of several educational institutions. In the 1970s, he travelled to New York to pursue a master’s degree at New York University. Upon his return to Suriname, he devoted himself to establishing a fully-fledged art academy in Paramaribo, an ambition he succeeded in realizing in 1981. Sadly, Chin A Foeng died not long afterwards, at the age of just 39.</p><p>Relatively few works by Chin A Foeng are currently available on the market, making it difficult to find comparable works. The painting offered in the present auction bears a resemblance to the drawing ‘My House’, which he created at the age of 15 and submitted to a drawing competition in India (see: www.jules-chin.com/jaren-60).</p><p>The fact that the present work dates from circa 1960 makes it an early work, created before his formal art studies, at a stage when his artistic development was still in its formative years.</p><p>&nbsp;</p><p>&nbsp;</p><p>&nbsp;</p>"", ""footnote"": null, ""header"": null, ""internal_reference"": null, ""literature"": null, ""origin_exhibition_lite"": null, ""painter_artist_school"": ""Jules Anthony Chin A Foeng (Surinamese, 1944-1983)"", ""period"": null, ""signature_dating"": ""twice signed and dated 'A Chin A Foeng/196[...]' (lower right)"", ""technique_size"": ""oil on board, 32x46 cm"", ""title"": ""Family home of the artist in Paramaribo"", ""total"": null, ""weight_size_quality"": null}"
9f66092a-19c1-414b-a029-0cbca1672f56,208,26-0376/1,fbef6459-c238-43e4-b7ac-6357713358f6,713,Classic to Modern Art,"Schilderijen, aquarellen en tekeningen I",Oriental market scene,"Dutch School (19th Century) , Oriental market scene","<h3>Painter / Artist / School</h3>Dutch School (19th Century)<h3>Literature</h3><p>Provenance:<br>-Given as payment for a room at the guesthouse run by Lamberta Josephina van de Ven (born in Eindhoven in 1910) at Statenlaan 111 in The Hague, circa 1935; thence by descent to the present owner.</p><h3>Technique / Size</h3>oil on panel, 26x35 cm (49x57 cm incl. frame)",published,EUR,600.0,800.0,550.0,,,1,0,,,True,"Mon, 31 Aug 2026 08:00:00 GMT","Tue, 15 Sep 2026 18:45:00 GMT",https://media.app.artisio.co/media/3fc437c0-fdbb-4208-955a-90293eab416d/inventory/0281b616-396f-488d-af73-5c19d10917b2/39923c09-bcae-4c43-aad5-b46ecb404cb2/0001_YeQQTZ_sm.jpeg;https://media.app.artisio.co/media/3fc437c0-fdbb-4208-955a-90293eab416d/inventory/0281b616-396f-488d-af73-5c19d10917b2/9e216514-5cc9-4428-ab3e-7a2afadcb93f/0002_XNIOGs_sm.jpeg;https://media.app.artisio.co/media/3fc437c0-fdbb-4208-955a-90293eab416d/inventory/0281b616-396f-488d-af73-5c19d10917b2/2f83a8cf-a460-4ce0-aff4-5dbc2d4ee18f/0003_OTrQXO_sm.jpeg,3,"{""artist_retail_right"": false, ""comments"": ""<p>Gegeven als betaalmiddel voor een kamer in het pension van (tante) Lamberta Josephina van de Ven&nbsp;(geb. Eindhoven 1910) aan de Statenlaan 111 in Den Haag, circa 1935; sindsdien in de familie vererfd.<br>&nbsp;</p>"", ""condition"": ""Onbekend wie de maker is."", ""condition_report"": null, ""dimensions"": null, ""extra_text"": null, ""footnote"": null, ""header"": null, ""internal_reference"": null, ""literature"": ""<p>Provenance:<br>-Given as payment for a room at the guesthouse run by Lamberta Josephina van de Ven (born in Eindhoven in 1910) at Statenlaan 111 in The Hague, circa 1935; thence by descent to the present owner.</p>"", ""origin_exhibition_lite"": null, ""painter_artist_school"": ""Dutch School (19th Century) "", ""period"": null, ""signature_dating"": null, ""technique_size"": ""oil on panel, 26x35 cm (49x57 cm incl. frame)"", ""title"": ""Oriental market scene"", ""total"": null, ""weight_size_quality"": null}"
aca0bea9-357b-42b5-bf52-f6d4fdaa592d,209,26-0056/19,fbef6459-c238-43e4-b7ac-6357713358f6,713,Classic to Modern Art,"Schilderijen, aquarellen en tekeningen I",Balinese woman and her child near a temple gate,"Sudjono Abdullah (Indonesian, 1911-1991), Balinese woman and her child near a temple gate","<h3>Painter / Artist / School</h3>Sudjono Abdullah (Indonesian, 1911-1991)<h3>Technique / Size</h3>oil on canvas, 73x53 cm (77x57,5 cm incl. frame)<h3>Signature / Dating</h3>signed 'S Abdullah' (lower left)",published,EUR,400.0,600.0,300.0,300.0,,1,0,,,True,"Mon, 31 Aug 2026 08:00:00 GMT","Tue, 15 Sep 2026 18:45:00 GMT",https://media.app.artisio.co/media/3fc437c0-fdbb-4208-955a-90293eab416d/inventory/a8b7a8b9-bc8f-4c1f-ba0a-e2f6fffc74a2/d8694c07-8ebe-4454-80a4-e5513259dfce/00001_wIsoki_sm.jpeg;https://media.app.artisio.co/media/3fc437c0-fdbb-4208-955a-90293eab416d/inventory/a8b7a8b9-bc8f-4c1f-ba0a-e2f6fffc74a2/82e78d77-c7cb-4f91-9f27-ef9c5d2a163f/0001_TrenwK_sm.jpeg;https://media.app.artisio.co/media/3fc437c0-fdbb-4208-955a-90293eab416d/inventory/a8b7a8b9-bc8f-4c1f-ba0a-e2f6fffc74a2/559722ce-a1ec-4393-b393-22863cdf52c6/0003_eAufEv_sm.jpeg;https://media.app.artisio.co/media/3fc437c0-fdbb-4208-955a-90293eab416d/inventory/a8b7a8b9-bc8f-4c1f-ba0a-e2f6fffc74a2/b282439a-d01b-4aae-ab29-a41133fd6ea8/0004_DSSTtO_sm.jpeg,4,"{""artist_retail_right"": false, ""comments"": null, ""condition"": null, ""condition_report"": null, ""dimensions"": null, ""extra_text"": null, ""footnote"": null, ""header"": null, ""internal_reference"": null, ""literature"": null, ""origin_exhibition_lite"": null, ""painter_artist_school"": ""Sudjono Abdullah (Indonesian, 1911-1991)"", ""period"": null, ""signature_dating"": ""signed 'S Abdullah' (lower left)"", ""technique_size"": ""oil on canvas, 73x53 cm (77x57,5 cm incl. frame)"", ""title"": ""Balinese woman and her child near a temple gate"", ""total"": null, ""weight_size_quality"": null}"
9de1e28a-318d-4fca-aadc-5020eaae1bc1,210,26-0463/1,fbef6459-c238-43e4-b7ac-6357713358f6,713,Classic to Modern Art,"Schilderijen, aquarellen en tekeningen I",Two Balinese girls sitting on a hill ,"Piet Rezelman (1887-1967), Two Balinese girls sitting on a hill ","<h3>Painter / Artist / School</h3>Piet Rezelman (1887-1967)<h3>Technique / Size</h3>oil on panel, 25x20 cm (38x33 cm incl. frame)<h3>Signature / Dating</h3>signed 'PW Rezelman' (lower right)",published,EUR,400.0,600.0,200.0,,,1,0,,,True,"Mon, 31 Aug 2026 08:00:00 GMT","Tue, 15 Sep 2026 18:45:00 GMT",https://media.app.artisio.co/media/3fc437c0-fdbb-4208-955a-90293eab416d/inventory/fa3834ae-7dc8-43aa-9808-76683fcf72c3/7bfbfede-47fd-404c-9a17-4177d68eee5e/0001_dtRPwJ_sm.jpeg;https://media.app.artisio.co/media/3fc437c0-fdbb-4208-955a-90293eab416d/inventory/fa3834ae-7dc8-43aa-9808-76683fcf72c3/741a1665-b05f-4b9d-862b-689804724b68/0002_AKQlXZ_sm.jpeg;https://media.app.artisio.co/media/3fc437c0-fdbb-4208-955a-90293eab416d/inventory/fa3834ae-7dc8-43aa-9808-76683fcf72c3/d2e442df-d498-4d5f-a7c3-f63de9049f1c/0003_cTyHRQ_sm.jpeg;https://media.app.artisio.co/media/3fc437c0-fdbb-4208-955a-90293eab416d/inventory/fa3834ae-7dc8-43aa-9808-76683fcf72c3/05f82a61-f898-4be1-8ce3-8326d5f1eb95/0004_JoMTUf_sm.jpeg,4,"{""artist_retail_right"": true, ""comments"": null, ""condition"": null, ""condition_report"": null, ""dimensions"": null, ""extra_text"": null, ""footnote"": null, ""header"": null, ""internal_reference"": null, ""literature"": null, ""origin_exhibition_lite"": null, ""painter_artist_school"": ""Piet Rezelman (1887-1967)"", ""period"": null, ""signature_dating"": ""signed 'PW Rezelman' (lower right)"", ""technique_size"": ""oil on panel, 25x20 cm (38x33 cm incl. frame)"", ""title"": ""Two Balinese girls sitting on a hill "", ""total"": null, ""weight_size_quality"": null}"
378c39a6-0414-4a2c-834a-04bd9c43c985,211,26-0463/2,fbef6459-c238-43e4-b7ac-6357713358f6,713,Classic to Modern Art,"Schilderijen, aquarellen en tekeningen I",Ni Wiriah,"Willem Gerard Hofker (1902-1981) , Ni Wiriah","<h3>Painter / Artist / School</h3>Willem Gerard Hofker (1902-1981)<h3>Technique / Size</h3>etching, 29x20,5 cm (54x44 cm incl. frame)<h3>Signature / Dating</h3>signed and annotated in pencil 'W.G. Hofker. Bali' (lower right)",published,EUR,500.0,700.0,400.0,,,1,0,,,True,"Mon, 31 Aug 2026 08:00:00 GMT","Tue, 15 Sep 2026 18:48:00 GMT",https://media.app.artisio.co/media/3fc437c0-fdbb-4208-955a-90293eab416d/inventory/9eefe7d5-ea93-4d28-b4e2-14f7526366a7/87ab6693-5e8b-4ce6-a57d-9693ac8c362f/0001_xTVqKf_sm.jpeg;https://media.app.artisio.co/media/3fc437c0-fdbb-4208-955a-90293eab416d/inventory/9eefe7d5-ea93-4d28-b4e2-14f7526366a7/8015e7cb-2e49-420f-a7a3-644724268f43/0002_bzWjJX_sm.jpeg;https://media.app.artisio.co/media/3fc437c0-fdbb-4208-955a-90293eab416d/inventory/9eefe7d5-ea93-4d28-b4e2-14f7526366a7/f5fd1f9c-cfa5-4906-b1d8-eef11902b71f/0003_PQbVoS_sm.jpeg;https://media.app.artisio.co/media/3fc437c0-fdbb-4208-955a-90293eab416d/inventory/9eefe7d5-ea93-4d28-b4e2-14f7526366a7/55bac73f-0be4-4eda-bdce-ac92e3b5aefe/0004_TJBnkV_sm.jpeg,4,"{""artist_retail_right"": true, ""comments"": null, ""condition"": null, ""condition_report"": null, ""dimensions"": null, ""extra_text"": null, ""footnote"": null, ""header"": null, ""internal_reference"": null, ""literature"": null, ""origin_exhibition_lite"": null, ""painter_artist_school"": ""Willem Gerard Hofker (1902-1981) "", ""period"": null, ""signature_dating"": ""signed and annotated in pencil 'W.G. Hofker. Bali' (lower right)"", ""technique_size"": ""etching, 29x20,5 cm (54x44 cm incl. frame)"", ""title"": ""Ni Wiriah"", ""total"": null, ""weight_size_quality"": null}"
0bf5faea-6601-483f-85c5-4216e7bde508,212,26-0463/3,fbef6459-c238-43e4-b7ac-6357713358f6,713,Classic to Modern Art,"Schilderijen, aquarellen en tekeningen I",Preparation for Mekiis,"Willem Gerard Hofker (1902-1981) , Preparation for Mekiis","<h3>Painter / Artist / School</h3>Willem Gerard Hofker (1902-1981)<h3>Technique / Size</h3>etching, 39x18 cm (64x42 cm incl. frame)<h3>Signature / Dating</h3>signed and annotated in pencil 'W.G. Hofker. Bali' (lower right)",published,EUR,400.0,600.0,300.0,,,1,0,,,True,"Mon, 31 Aug 2026 08:00:00 GMT","Tue, 15 Sep 2026 18:48:00 GMT",https://media.app.artisio.co/media/3fc437c0-fdbb-4208-955a-90293eab416d/inventory/b0a72e7c-0737-4177-b408-f7cd2539b6a2/1e39cf98-d3f7-4ea1-b940-f98ee51465ed/0001_qkoqlH_sm.jpeg;https://media.app.artisio.co/media/3fc437c0-fdbb-4208-955a-90293eab416d/inventory/b0a72e7c-0737-4177-b408-f7cd2539b6a2/53e03f8c-10ef-4b0a-8cf6-161a3c8cfa84/0002_zoOGlp_sm.jpeg;https://media.app.artisio.co/media/3fc437c0-fdbb-4208-955a-90293eab416d/inventory/b0a72e7c-0737-4177-b408-f7cd2539b6a2/01bf9f7f-abe3-4537-a6a8-40363d1f107a/0003_wgQyHU_sm.jpeg;https://media.app.artisio.co/media/3fc437c0-fdbb-4208-955a-90293eab416d/inventory/b0a72e7c-0737-4177-b408-f7cd2539b6a2/2139d359-421e-464f-851a-6e34d1cccd17/0004_xIeKnK_sm.jpeg,4,"{""artist_retail_right"": true, ""comments"": null, ""condition"": null, ""condition_report"": null, ""dimensions"": null, ""extra_text"": null, ""footnote"": null, ""header"": null, ""internal_reference"": null, ""literature"": null, ""origin_exhibition_lite"": null, ""painter_artist_school"": ""Willem Gerard Hofker (1902-1981) "", ""period"": null, ""signature_dating"": ""signed and annotated in pencil 'W.G. Hofker. Bali' (lower right)"", ""technique_size"": ""etching, 39x18 cm (64x42 cm incl. frame)"", ""title"": ""Preparation for Mekiis"", ""total"": null, ""weight_size_quality"": null}"
6fcb86f8-41fb-46d6-8918-eda15b0bb93b,214,26-0374/15,fbef6459-c238-43e4-b7ac-6357713358f6,713,Classic to Modern Art,"Schilderijen, aquarellen en tekeningen I",I. Ex libris design for C.C.W. Bonnet; II. Bonnet family crest design,"I. Rudolf Bonnet (1895-1978); II. Attributed to Rudolf Bonnet (1895-1978), I. Ex libris design for C.C.W. Bonnet; II. Bonnet family crest design","<h3>Painter / Artist / School</h3>I. Rudolf Bonnet (1895-1978); II. Attributed to Rudolf Bonnet (1895-1978)<h3>Literature</h3><p>Provenance:<br>-Collection of Carel Jean Bonnet (1921-2003), thence by descent to the present owners.</p><h3>Technique / Size</h3>I. ink, gouache and pencil on paper, unframed, 25x30 cm; II. pencil on paper, unframed, 25x19 cm<h3>Signature / Dating</h3>I. signed with initials 'RB' (lower centre)",published,EUR,400.0,600.0,350.0,,,1,0,,,True,"Mon, 31 Aug 2026 08:00:00 GMT","Tue, 15 Sep 2026 18:48:00 GMT",https://media.app.artisio.co/media/3fc437c0-fdbb-4208-955a-90293eab416d/inventory/90d0a2ee-9d15-4547-9f73-5d336d4cffcb/a5c54b16-9dff-4e45-861a-e2320225ec45/0001_OTonLl_sm.jpeg;https://media.app.artisio.co/media/3fc437c0-fdbb-4208-955a-90293eab416d/inventory/90d0a2ee-9d15-4547-9f73-5d336d4cffcb/735d1031-602b-4a28-8695-8eb2c21ef013/0002_YDFpYg_sm.jpeg;https://media.app.artisio.co/media/3fc437c0-fdbb-4208-955a-90293eab416d/inventory/90d0a2ee-9d15-4547-9f73-5d336d4cffcb/0544ee53-fe91-4724-bd1a-7c3aeba5e329/0003_brrNOK_sm.jpeg,3,"{""artist_retail_right"": true, ""comments"": ""<p>.Toegeschreven aan Rudolf Bonnet**IAA (samen met 24) Familiewapen Bonnet Deels met Duits, deels Nederlandstalige tekst Potloodtekening (klein) €100-150 24 Rudolf Bonnet (1885-1975)** IAA (samen met 23) Ex libris ontwerp voor C.C.W. Bonnet Penseel en pen in zwarte inkt €400-600</p>"", ""condition"": null, ""condition_report"": null, ""dimensions"": null, ""extra_text"": null, ""footnote"": null, ""header"": null, ""internal_reference"": null, ""literature"": ""<p>Provenance:<br>-Collection of Carel Jean Bonnet (1921-2003), thence by descent to the present owners.</p>"", ""origin_exhibition_lite"": null, ""painter_artist_school"": ""I. Rudolf Bonnet (1895-1978); II. Attributed to Rudolf Bonnet (1895-1978)"", ""period"": null, ""signature_dating"": ""I. signed with initials 'RB' (lower centre)"", ""technique_size"": ""I. ink, gouache and pencil on paper, unframed, 25x30 cm; II. pencil on paper, unframed, 25x19 cm "", ""title"": ""I. Ex libris design for C.C.W. Bonnet; II. Bonnet family crest design"", ""total"": null, ""weight_size_quality"": null}"
896414b8-18dd-4033-af93-799dc63ffb3d,215,26-0191/1,fbef6459-c238-43e4-b7ac-6357713358f6,713,Classic to Modern Art,"Schilderijen, aquarellen en tekeningen I",Herring eater ,"Lee Man Fong (Chinese/Indonesian, 1913-1988), Herring eater ","<h3>Painter / Artist / School</h3>Lee Man Fong (Chinese/Indonesian, 1913-1988)<h3>Technique / Size</h3>etching, 53x19 cm (72,5x37,5 cm incl. frame)<h3>Signature / Dating</h3>signed with initials in the plate 'MF' (lower right)<h3>Extra Text</h3><p>The Chinese/Indonesian artist Lee Man Fong (1913-1988) was known for his unique style, which combined traditional Chinese ink techniques with Western painting. Thanks to a scholarship, he spent a short period in the Netherlands between circa 1949 and 1952. Although he is best known for his oil paintings on board depicting animals and Balinese scenes, during this time in the Netherlands he captured typical Amsterdam characters with a blend of Eastern refinement and Western observation. This is evident in this etching of a ‘Herring Eater’: through his mastery of printmaking techniques, he demonstrates in this work his ability to capture everyday Dutch traditions with humour and attention to detail.</p>",published,EUR,300.0,500.0,300.0,300.0,,1,0,,,True,"Mon, 31 Aug 2026 08:00:00 GMT","Tue, 15 Sep 2026 18:48:00 GMT",https://media.app.artisio.co/media/3fc437c0-fdbb-4208-955a-90293eab416d/inventory/4c7b1aa6-8a7d-41b1-958c-e22e6468a34f/ca1c5d60-340f-4392-bc30-b4b3034a636d/0001_qpVYyG_sm.jpeg;https://media.app.artisio.co/media/3fc437c0-fdbb-4208-955a-90293eab416d/inventory/4c7b1aa6-8a7d-41b1-958c-e22e6468a34f/6e12331e-0d23-484c-9de1-e0e24e73708a/0002_jKnkfp_sm.jpeg;https://media.app.artisio.co/media/3fc437c0-fdbb-4208-955a-90293eab416d/inventory/4c7b1aa6-8a7d-41b1-958c-e22e6468a34f/cda93c82-d8db-45ee-84cd-118e9bfb1434/0003_AipwiI_sm.jpeg;https://media.app.artisio.co/media/3fc437c0-fdbb-4208-955a-90293eab416d/inventory/4c7b1aa6-8a7d-41b1-958c-e22e6468a34f/e236415e-b890-48b6-914a-79e9bdf78e77/0004_MMirkt_sm.jpeg,4,"{""artist_retail_right"": false, ""comments"": ""<p>De Chinees / &nbsp;Indonesische kunstenaar Lee Man Fong (1913-1988) stond bekend om zijn unieke stijl die traditionele Chinese inkttechnieken combineerde met westerse schilderkunst. Dankzij een studiebeurs verbleef hij rond 1949-1952 kort in Nederland. Hoewel hij vooral beroemd is om zijn olieverfschilderijen op board van dieren en Balinese scènes, legde hij in deze Nederlandse periode typisch Amsterdamse volkstypen vast met een mix van oosterse verfijning en westerse observatie. Dit is terug te zien in deze ets van een ‘Herring Eater': met zijn vaardigheid in grafische technieken toont dit werk zijn vermogen om alledaagse Nederlandse tradities met humor en detail vast te leggen.</p>"", ""condition"": null, ""condition_report"": null, ""dimensions"": null, ""extra_text"": ""<p>The Chinese/Indonesian artist Lee Man Fong (1913-1988) was known for his unique style, which combined traditional Chinese ink techniques with Western painting. Thanks to a scholarship, he spent a short period in the Netherlands between circa 1949 and 1952. Although he is best known for his oil paintings on board depicting animals and Balinese scenes, during this time in the Netherlands he captured typical Amsterdam characters with a blend of Eastern refinement and Western observation. This is evident in this etching of a ‘Herring Eater’: through his mastery of printmaking techniques, he demonstrates in this work his ability to capture everyday Dutch traditions with humour and attention to detail.</p>"", ""footnote"": null, ""header"": null, ""internal_reference"": null, ""literature"": null, ""origin_exhibition_lite"": null, ""painter_artist_school"": ""Lee Man Fong (Chinese/Indonesian, 1913-1988)"", ""period"": null, ""signature_dating"": ""signed with initials in the plate 'MF' (lower right)"", ""technique_size"": ""etching, 53x19 cm (72,5x37,5 cm incl. frame)"", ""title"": ""Herring eater "", ""total"": null, ""weight_size_quality"": null}"
37bd9bf5-a36d-4ce5-926a-048e5b7bc308,216,26-0335/3,fbef6459-c238-43e4-b7ac-6357713358f6,713,Classic to Modern Art,"Schilderijen, aquarellen en tekeningen I",Two carps ,"Chinese School (20th Century), Two carps ","<h3>Painter / Artist / School</h3>Chinese School (20th Century)<h3>Technique / Size</h3>oil on canvas, 81x40,5 cm (95x54,5 cm incl. frame)",published,EUR,600.0,800.0,400.0,400.0,,1,0,,,True,"Mon, 31 Aug 2026 08:00:00 GMT","Tue, 15 Sep 2026 18:48:00 GMT",https://media.app.artisio.co/media/3fc437c0-fdbb-4208-955a-90293eab416d/inventory/812b121a-7c30-428a-b6af-be40db0bbe3d/60ad6d21-cbfe-4033-8207-7675d8efd1ae/0003_ohOEea_sm.jpeg;https://media.app.artisio.co/media/3fc437c0-fdbb-4208-955a-90293eab416d/inventory/812b121a-7c30-428a-b6af-be40db0bbe3d/294a4623-451e-4fe6-9bb3-3440ab179049/0003a_EQGUFN_sm.jpeg;https://media.app.artisio.co/media/3fc437c0-fdbb-4208-955a-90293eab416d/inventory/812b121a-7c30-428a-b6af-be40db0bbe3d/b5ecb5bc-bc52-4fdf-94c2-15006efe4807/0003b_sGJyTn_sm.jpeg,3,"{""artist_retail_right"": false, ""comments"": null, ""condition"": null, ""condition_report"": null, ""dimensions"": null, ""extra_text"": null, ""footnote"": null, ""header"": null, ""internal_reference"": null, ""literature"": null, ""origin_exhibition_lite"": null, ""painter_artist_school"": ""Chinese School (20th Century)"", ""period"": null, ""signature_dating"": null, ""technique_size"": ""oil on canvas, 81x40,5 cm (95x54,5 cm incl. frame)"", ""title"": ""Two carps "", ""total"": null, ""weight_size_quality"": null}"
6d57960e-41d5-4615-8956-a8d6ad5b0032,217,26-0374/16,fbef6459-c238-43e4-b7ac-6357713358f6,713,Classic to Modern Art,"Schilderijen, aquarellen en tekeningen I",'Sang Jang Ata Bogo De wa Ular',"Attributed to I Made Sukada (Indonesian, 1945-1982), 'Sang Jang Ata Bogo De wa Ular'","<h3>Painter / Artist / School</h3>Attributed to I Made Sukada (Indonesian, 1945-1982)<h3>Literature</h3><p>Provenance:<br>-Collection of Carel Jean Bonnet (1921-2003), thence by descent to the present owners.</p><h3>Technique / Size</h3>pencil on paper, unframed, 40x21 cm<h3>Signature / Dating</h3>titled (upper right)",published,EUR,300.0,400.0,250.0,,,1,0,,,True,"Mon, 31 Aug 2026 08:00:00 GMT","Tue, 15 Sep 2026 18:48:00 GMT",https://media.app.artisio.co/media/3fc437c0-fdbb-4208-955a-90293eab416d/inventory/024f969f-f43d-471c-9cad-dcf453039f69/4c9fc733-278b-4f40-bd71-b8d232257657/0002_WGuOmG_sm.jpeg;https://media.app.artisio.co/media/3fc437c0-fdbb-4208-955a-90293eab416d/inventory/024f969f-f43d-471c-9cad-dcf453039f69/d01158a3-dc0a-4d1f-bab2-04004c8e8ff2/0003_UYYRKA_sm.jpeg;https://media.app.artisio.co/media/3fc437c0-fdbb-4208-955a-90293eab416d/inventory/024f969f-f43d-471c-9cad-dcf453039f69/88cbb991-9bdc-498a-9b0a-24ee9d857560/0004_kYzSte_sm.jpeg,3,"{""artist_retail_right"": false, ""comments"": ""<p>.Toegeschreven aan I Made Sukada 1945-1982) Met opschrift: ‘Sang Jang Ata Bogo De wa Ular” (slangenkoning) pentekening op papier, 40x 20 cm €300-400</p>"", ""condition"": null, ""condition_report"": null, ""dimensions"": null, ""extra_text"": null, ""footnote"": null, ""header"": null, ""internal_reference"": null, ""literature"": ""<p>Provenance:<br>-Collection of Carel Jean Bonnet (1921-2003), thence by descent to the present owners.</p>"", ""origin_exhibition_lite"": null, ""painter_artist_school"": ""Attributed to I Made Sukada (Indonesian, 1945-1982)"", ""period"": null, ""signature_dating"": ""titled (upper right)"", ""technique_size"": ""pencil on paper, unframed, 40x21 cm "", ""title"": ""'Sang Jang Ata Bogo De wa Ular'"", ""total"": null, ""weight_size_quality"": null}"
284f216b-e9e3-4fa2-ab80-dea6255082a8,218,25-2396/6,fbef6459-c238-43e4-b7ac-6357713358f6,713,Classic to Modern Art,"Schilderijen, aquarellen en tekeningen I",Mythological scene ,"I Ketut Budiana (Indonesian, 1950), Mythological scene ","<h3>Painter / Artist / School</h3>I Ketut Budiana (Indonesian, 1950)<h3>Technique / Size</h3>watercolour and ink on paper, unframed, 50x40 cm<h3>Signature / Dating</h3>signed and dated 'Budiana 84.' (lower right); annotated (in Balinese writing upper left)",published,EUR,400.0,600.0,300.0,300.0,,1,0,,,True,"Mon, 31 Aug 2026 08:00:00 GMT","Tue, 15 Sep 2026 18:51:00 GMT",https://media.app.artisio.co/media/3fc437c0-fdbb-4208-955a-90293eab416d/inventory/3df99bb6-04da-4263-a21a-d849f5db3874/77b67f56-4922-4700-bf9d-68aa0a42070e/0001_YhIzGV_sm.jpeg;https://media.app.artisio.co/media/3fc437c0-fdbb-4208-955a-90293eab416d/inventory/3df99bb6-04da-4263-a21a-d849f5db3874/f42d1221-e7d1-429c-9e4e-60423a1c9ec7/0002_BygqlA_sm.jpeg;https://media.app.artisio.co/media/3fc437c0-fdbb-4208-955a-90293eab416d/inventory/3df99bb6-04da-4263-a21a-d849f5db3874/ccf3bdf7-790a-46da-b56a-645ef87191aa/0003_JrBwxK_sm.jpeg;https://media.app.artisio.co/media/3fc437c0-fdbb-4208-955a-90293eab416d/inventory/3df99bb6-04da-4263-a21a-d849f5db3874/130e6aab-05ab-48db-a717-e06f37f0105e/0004_dUISmx_sm.jpeg;https://media.app.artisio.co/media/3fc437c0-fdbb-4208-955a-90293eab416d/inventory/3df99bb6-04da-4263-a21a-d849f5db3874/ca77b276-4682-47d3-bbdb-dbfd481af6bb/0005_EBqcRU_sm.jpeg;https://media.app.artisio.co/media/3fc437c0-fdbb-4208-955a-90293eab416d/inventory/3df99bb6-04da-4263-a21a-d849f5db3874/a1e3d97a-0658-4102-bebd-136cc78cdc3a/0006_vVluDo_sm.jpeg,6,"{""artist_retail_right"": false, ""comments"": null, ""condition"": null, ""condition_report"": null, ""dimensions"": null, ""extra_text"": null, ""footnote"": null, ""header"": null, ""internal_reference"": null, ""literature"": null, ""origin_exhibition_lite"": null, ""painter_artist_school"": ""I Ketut Budiana (Indonesian, 1950)"", ""period"": null, ""signature_dating"": ""signed and dated 'Budiana 84.' (lower right); annotated (in Balinese writing upper left)"", ""technique_size"": ""watercolour and ink on paper, unframed, 50x40 cm"", ""title"": ""Mythological scene "", ""total"": null, ""weight_size_quality"": null}"
10b8c789-8e05-483f-a04a-f520d804930a,219,26-0126/9,fbef6459-c238-43e4-b7ac-6357713358f6,713,Classic to Modern Art,"Schilderijen, aquarellen en tekeningen I",,"Lee Man-Fong (ed.), 'Lukisan dan Patung Kolleksi Presiden Sukarno dari Republik Indonesia [...]. Paintings and Statues from the Collection of President Sukarno of the Republic of Indonesia', [Volume] I-V, ","<h3>Painter / Artist / School</h3>Lee Man-Fong (ed.), 'Lukisan dan Patung Kolleksi Presiden Sukarno dari Republik Indonesia [...]. Paintings and Statues from the Collection of President Sukarno of the Republic of Indonesia', [Volume] I-V<h3>Extra Text</h3><p>Printed by Toppan Printing Co., LTD. Tokyo, 1964.<br>Small folio (ca. 38x30 cm.)<br>Complete set of a sumptuous publication on the art collection of the former president of Indonesia Sukarno (1901-1970) edited by the Chinese-born painter Lee Man Fong (1913-1988).&nbsp;</p>",published,EUR,400.0,600.0,300.0,,,1,0,,,True,"Mon, 31 Aug 2026 08:00:00 GMT","Tue, 15 Sep 2026 18:51:00 GMT",https://media.app.artisio.co/media/3fc437c0-fdbb-4208-955a-90293eab416d/inventory/376c6b5e-48a7-4f40-9199-59507a07bc91/5a141c2b-a379-4e9c-a439-143716a2a705/0001_naYehR_sm.jpeg;https://media.app.artisio.co/media/3fc437c0-fdbb-4208-955a-90293eab416d/inventory/376c6b5e-48a7-4f40-9199-59507a07bc91/104363b0-41c4-48ec-a55b-92d7760fabd7/0002_arRUWM_sm.jpeg;https://media.app.artisio.co/media/3fc437c0-fdbb-4208-955a-90293eab416d/inventory/376c6b5e-48a7-4f40-9199-59507a07bc91/fcc2907e-b05b-43e8-8e5d-324b053c2616/0003_hrUhlY_sm.jpeg;https://media.app.artisio.co/media/3fc437c0-fdbb-4208-955a-90293eab416d/inventory/376c6b5e-48a7-4f40-9199-59507a07bc91/f7d9709f-3ad5-4e9a-9bce-d5ba8052aa17/0004_rzsNET_sm.jpeg;https://media.app.artisio.co/media/3fc437c0-fdbb-4208-955a-90293eab416d/inventory/376c6b5e-48a7-4f40-9199-59507a07bc91/35094b06-fb34-47ff-b68f-cde22ab39b4c/0005_qfGoEl_sm.jpeg;https://media.app.artisio.co/media/3fc437c0-fdbb-4208-955a-90293eab416d/inventory/376c6b5e-48a7-4f40-9199-59507a07bc91/227a1d2b-1c27-471d-bd92-8d23248f6125/0006_rvDqog_sm.jpeg;https://media.app.artisio.co/media/3fc437c0-fdbb-4208-955a-90293eab416d/inventory/376c6b5e-48a7-4f40-9199-59507a07bc91/b9704986-a79d-404e-8ff0-862f42cc182b/0007_SYNFFv_sm.jpeg;https://media.app.artisio.co/media/3fc437c0-fdbb-4208-955a-90293eab416d/inventory/376c6b5e-48a7-4f40-9199-59507a07bc91/30e5bcc3-404a-47a2-8bc9-8bbcb9bdc051/0008_EskGlf_sm.jpeg;https://media.app.artisio.co/media/3fc437c0-fdbb-4208-955a-90293eab416d/inventory/376c6b5e-48a7-4f40-9199-59507a07bc91/48b7ac7a-ca7d-4cef-a874-ddb2bbaa7cac/0009_uzHwUq_sm.jpeg,9,"{""artist_retail_right"": false, ""comments"": ""<p>boeken Lukisan Soekarno ter veiling (richtprijs in overleg)</p><p>INZ is akkoord met Classis to Modern Art vlg voor deze boeken.&nbsp;<br>NB Brnegt max 300 op. rpr 300-500 zou nog beter zijn. mag dat van inzender?&gt;&nbsp;</p>"", ""condition"": null, ""condition_report"": null, ""dimensions"": null, ""extra_text"": ""<p>Printed by Toppan Printing Co., LTD. Tokyo, 1964.<br>Small folio (ca. 38x30 cm.)<br>Complete set of a sumptuous publication on the art collection of the former president of Indonesia Sukarno (1901-1970) edited by the Chinese-born painter Lee Man Fong (1913-1988).&nbsp;</p>"", ""footnote"": null, ""header"": null, ""internal_reference"": null, ""literature"": null, ""origin_exhibition_lite"": null, ""painter_artist_school"": ""Lee Man-Fong (ed.), 'Lukisan dan Patung Kolleksi Presiden Sukarno dari Republik Indonesia [...]. Paintings and Statues from the Collection of President Sukarno of the Republic of Indonesia', [Volume] I-V"", ""period"": null, ""signature_dating"": null, ""technique_size"": null, ""title"": null, ""total"": null, ""weight_size_quality"": null}"
1e39824f-05fe-4c02-b565-5b6eb10b7c96,220,26-0126/13,fbef6459-c238-43e4-b7ac-6357713358f6,713,Classic to Modern Art,"Schilderijen, aquarellen en tekeningen I",Chinese theatre,"Charles Hoffbauer (French/American, 1875-1957), Chinese theatre","<h3>Painter / Artist / School</h3>Charles Hoffbauer (French/American, 1875-1957)<h3>Technique / Size</h3>oil on canvas, 40,5x50,5 cm (57x66 cm incl. frame)<h3>Signature / Dating</h3>signed 'Ch Hoffbauer' (lower left); annotated 'à New York' (on remnants of a label attached to the stretcher)",published,EUR,700.0,1000.0,600.0,600.0,,1,0,,,True,"Mon, 31 Aug 2026 08:00:00 GMT","Tue, 15 Sep 2026 18:51:00 GMT",https://media.app.artisio.co/media/3fc437c0-fdbb-4208-955a-90293eab416d/inventory/494b9ceb-de96-4def-bc83-1007b3eb0967/00ac38b0-8150-491a-a7a5-ee3ff179aec2/0001_jUBqRb_sm.jpeg;https://media.app.artisio.co/media/3fc437c0-fdbb-4208-955a-90293eab416d/inventory/494b9ceb-de96-4def-bc83-1007b3eb0967/30f10007-af52-48d9-997e-06d2c24cfb0c/0002_EbrxLv_sm.jpeg;https://media.app.artisio.co/media/3fc437c0-fdbb-4208-955a-90293eab416d/inventory/494b9ceb-de96-4def-bc83-1007b3eb0967/f5402750-8c8f-4c2b-b8ba-fddecc34b546/0003_qCkSsP_sm.jpeg;https://media.app.artisio.co/media/3fc437c0-fdbb-4208-955a-90293eab416d/inventory/494b9ceb-de96-4def-bc83-1007b3eb0967/9bb8d3e6-f82f-463a-a2d3-7ce3dd950244/0004_nPTAqe_sm.jpeg,4,"{""artist_retail_right"": true, ""comments"": null, ""condition"": null, ""condition_report"": null, ""dimensions"": null, ""extra_text"": null, ""footnote"": null, ""header"": null, ""internal_reference"": null, ""literature"": null, ""origin_exhibition_lite"": null, ""painter_artist_school"": ""Charles Hoffbauer (French/American, 1875-1957)"", ""period"": null, ""signature_dating"": ""signed 'Ch Hoffbauer' (lower left); annotated 'à New York' (on remnants of a label attached to the stretcher)"", ""technique_size"": ""oil on canvas, 40,5x50,5 cm (57x66 cm incl. frame)"", ""title"": ""Chinese theatre"", ""total"": null, ""weight_size_quality"": null}"
c8a1a77c-2310-44d6-a2f4-e785f0ad77c6,221,26-0248/5,fbef6459-c238-43e4-b7ac-6357713358f6,713,Classic to Modern Art,"Schilderijen, aquarellen en tekeningen I",Mao,"Diederick Kraaijeveld (1963), Mao","<h3>Painter / Artist / School</h3>Diederick Kraaijeveld (1963)<h3>Technique / Size</h3>salvaged wood construction, 95x77x4 cm",published,EUR,500.0,800.0,500.0,500.0,,1,0,,,True,"Mon, 31 Aug 2026 08:00:00 GMT","Tue, 15 Sep 2026 18:51:00 GMT",https://media.app.artisio.co/media/3fc437c0-fdbb-4208-955a-90293eab416d/inventory/8a4a29dd-6cda-4c9a-b922-c86f318ef193/f75a465f-93ed-4057-a56d-4f4d401969cd/0001_yhwubO_sm.jpeg;https://media.app.artisio.co/media/3fc437c0-fdbb-4208-955a-90293eab416d/inventory/8a4a29dd-6cda-4c9a-b922-c86f318ef193/a51f521e-3dc4-44ae-acf8-95cfe48a921f/0002_WOgeTL_sm.jpeg,2,"{""artist_retail_right"": true, ""comments"": null, ""condition"": null, ""condition_report"": null, ""dimensions"": null, ""extra_text"": null, ""footnote"": null, ""header"": null, ""internal_reference"": null, ""literature"": null, ""origin_exhibition_lite"": null, ""painter_artist_school"": ""Diederick Kraaijeveld (1963)"", ""period"": null, ""signature_dating"": null, ""technique_size"": ""salvaged wood construction, 95x77x4 cm"", ""title"": ""Mao"", ""total"": null, ""weight_size_quality"": null}"
e5d2c875-d41e-4182-b249-d60817b99ddd,222,26-0437/42,fbef6459-c238-43e4-b7ac-6357713358f6,713,Classic to Modern Art,"Schilderijen, aquarellen en tekeningen I",Dutch city in the snow,"Petrus Gerardus Vertin (1819-1893), Dutch city in the snow","<h3>Painter / Artist / School</h3>Petrus Gerardus Vertin (1819-1893)<h3>Literature</h3><p>Provenance:<br>-Auction, Christie’s, Amsterdam, 18 April 2000, lot 117.&nbsp;</p><h3>Technique / Size</h3>oil on panel, 17,5x24 cm (30x36 cm incl. frame)<h3>Signature / Dating</h3>signed and dated 'PG Vertin f 87' (lower right)",published,EUR,800.0,1200.0,800.0,800.0,,1,0,,,True,"Mon, 31 Aug 2026 08:00:00 GMT","Tue, 15 Sep 2026 18:51:00 GMT",https://media.app.artisio.co/media/3fc437c0-fdbb-4208-955a-90293eab416d/inventory/ebafd10a-da66-4563-8430-0ca50c53d2df/d0023ded-d28b-45a7-807c-b29eaf39b3b2/0001_NysaBx_sm.jpeg;https://media.app.artisio.co/media/3fc437c0-fdbb-4208-955a-90293eab416d/inventory/ebafd10a-da66-4563-8430-0ca50c53d2df/9160c767-4004-4bfe-ace6-c9f232552f0b/0002_DmOvRh_sm.jpeg;https://media.app.artisio.co/media/3fc437c0-fdbb-4208-955a-90293eab416d/inventory/ebafd10a-da66-4563-8430-0ca50c53d2df/962e2b8a-c5c5-4660-9fea-c3aeb9a16359/0003_PxnjKW_sm.jpeg;https://media.app.artisio.co/media/3fc437c0-fdbb-4208-955a-90293eab416d/inventory/ebafd10a-da66-4563-8430-0ca50c53d2df/2f5da352-dd77-41c7-9c53-28ab062890a6/0004_ycgepZ_sm.jpeg,4,"{""artist_retail_right"": false, ""comments"": ""<p>bij Christie's samen geveild met de volgende Vertin</p><p>https://rkd.nl/imageslite/4199086</p>"", ""condition"": null, ""condition_report"": null, ""dimensions"": null, ""extra_text"": null, ""footnote"": null, ""header"": null, ""internal_reference"": null, ""literature"": ""<p>Provenance:<br>-Auction, Christie’s, Amsterdam, 18 April 2000, lot 117.&nbsp;</p>"", ""origin_exhibition_lite"": null, ""painter_artist_school"": ""Petrus Gerardus Vertin (1819-1893)"", ""period"": null, ""signature_dating"": ""signed and dated 'PG Vertin f 87' (lower right)"", ""technique_size"": ""oil on panel, 17,5x24 cm (30x36 cm incl. frame)"", ""title"": ""Dutch city in the snow"", ""total"": null, ""weight_size_quality"": null}"
2dd3db7a-6683-4918-bd16-07a90e5948a7,223,26-0437/43,fbef6459-c238-43e4-b7ac-6357713358f6,713,Classic to Modern Art,"Schilderijen, aquarellen en tekeningen I","Figures on a town square in summer, possibly the abbey in Middelburg","Petrus Gerardus Vertin (1819-1893), Figures on a town square in summer, possibly the abbey in Middelburg","<h3>Painter / Artist / School</h3>Petrus Gerardus Vertin (1819-1893)<h3>Literature</h3><p>Provenance:<br>-Auction, Christie’s, Amsterdam, 18 April 2000, lot 117.</p><h3>Technique / Size</h3>oil on panel, 17x24 cm (30x36 cm incl. frame)<h3>Signature / Dating</h3>signed and dated 'PG Vertin f 87' (lower right)",published,EUR,800.0,1200.0,800.0,800.0,,1,0,,,True,"Mon, 31 Aug 2026 08:00:00 GMT","Tue, 15 Sep 2026 18:51:00 GMT",https://media.app.artisio.co/media/3fc437c0-fdbb-4208-955a-90293eab416d/inventory/4e46fe12-018e-4b31-a75b-22537cf00071/90e791b8-e003-4bb9-8315-24d3b99861cd/0001_mTBtEN_sm.jpeg;https://media.app.artisio.co/media/3fc437c0-fdbb-4208-955a-90293eab416d/inventory/4e46fe12-018e-4b31-a75b-22537cf00071/eef5481e-9726-4b07-bec9-e269cbeff501/0002_poenWi_sm.jpeg;https://media.app.artisio.co/media/3fc437c0-fdbb-4208-955a-90293eab416d/inventory/4e46fe12-018e-4b31-a75b-22537cf00071/7105678e-7e02-4390-b162-13607fa7a1db/0003_XibupF_sm.jpeg;https://media.app.artisio.co/media/3fc437c0-fdbb-4208-955a-90293eab416d/inventory/4e46fe12-018e-4b31-a75b-22537cf00071/04679a27-500f-4a32-b1fa-74477b3793e7/0004_CXFaNa_sm.jpeg,4,"{""artist_retail_right"": false, ""comments"": ""<p>bij Christie's samen geveild met de vorige Vertin</p>"", ""condition"": null, ""condition_report"": null, ""dimensions"": null, ""extra_text"": null, ""footnote"": null, ""header"": null, ""internal_reference"": null, ""literature"": ""<p>Provenance:<br>-Auction, Christie’s, Amsterdam, 18 April 2000, lot 117.</p>"", ""origin_exhibition_lite"": null, ""painter_artist_school"": ""Petrus Gerardus Vertin (1819-1893)"", ""period"": null, ""signature_dating"": ""signed and dated 'PG Vertin f 87' (lower right)"", ""technique_size"": ""oil on panel, 17x24 cm (30x36 cm incl. frame)"", ""title"": ""Figures on a town square in summer, possibly the abbey in Middelburg"", ""total"": null, ""weight_size_quality"": null}"
99659805-6e57-4804-ad70-6a6350ad6d7d,224,26-0306/1,fbef6459-c238-43e4-b7ac-6357713358f6,713,Classic to Modern Art,"Schilderijen, aquarellen en tekeningen I",Landscape with a house on a cliff with watering cows,"Alexandre Dubuisson (French, 1805-1870), Landscape with a house on a cliff with watering cows","<h3>Painter / Artist / School</h3>Alexandre Dubuisson (French, 1805-1870)<h3>Literature</h3><p>Provenance:<br>-Auction, Kunsthaus am Museum, Cologne, 26/29 October 1983, lot 1590.&nbsp;<br>-Collection A. Kersten, Valkenswaard; His auction, Sotheby's, Amsterdam, 27 April, 1987, lot 64.&nbsp;<br>-Auction, Sotheby's, Amsterdam, 2/3 November 1992, lot 123. &nbsp;&nbsp;</p><h3>Technique / Size</h3>oil on canvas, 45x72 cm (62x90 cm, incl. frame)<h3>Signature / Dating</h3>signed and dated 'Adre Dubuisson 1851' (lower right)",published,EUR,700.0,1000.0,500.0,500.0,,1,0,,,True,"Mon, 31 Aug 2026 08:00:00 GMT","Tue, 15 Sep 2026 18:54:00 GMT",https://media.app.artisio.co/media/3fc437c0-fdbb-4208-955a-90293eab416d/inventory/338edd42-a08c-4312-b3fb-48821379c314/1f14a8af-9d7d-43ce-be89-47b71f672276/0001_cEGrYP_sm.jpeg;https://media.app.artisio.co/media/3fc437c0-fdbb-4208-955a-90293eab416d/inventory/338edd42-a08c-4312-b3fb-48821379c314/24a1383e-8d14-4f74-9fca-4048251fab03/0002_qGTnqX_sm.jpeg;https://media.app.artisio.co/media/3fc437c0-fdbb-4208-955a-90293eab416d/inventory/338edd42-a08c-4312-b3fb-48821379c314/f3647d43-6d65-4618-8b59-9cbb96fd7452/0003_pgqMSg_sm.jpeg;https://media.app.artisio.co/media/3fc437c0-fdbb-4208-955a-90293eab416d/inventory/338edd42-a08c-4312-b3fb-48821379c314/4cc7f692-524d-43da-8608-909c308d8457/0004_sqPBqD_sm.jpeg,4,"{""artist_retail_right"": false, ""comments"": ""<p>https://rkd.nl/imageslite/1192310 https://rkd.nl/imageslite/1192305 https://rkd.nl/imageslite/1192301 &nbsp;https://rkd.nl/imageslite/1192304 https://rkd.nl/imageslite/1192308</p>"", ""condition"": null, ""condition_report"": null, ""dimensions"": null, ""extra_text"": null, ""footnote"": null, ""header"": null, ""internal_reference"": null, ""literature"": ""<p>Provenance:<br>-Auction, Kunsthaus am Museum, Cologne, 26/29 October 1983, lot 1590.&nbsp;<br>-Collection A. Kersten, Valkenswaard; His auction, Sotheby's, Amsterdam, 27 April, 1987, lot 64.&nbsp;<br>-Auction, Sotheby's, Amsterdam, 2/3 November 1992, lot 123. &nbsp;&nbsp;</p>"", ""origin_exhibition_lite"": null, ""painter_artist_school"": ""Alexandre Dubuisson (French, 1805-1870)"", ""period"": null, ""signature_dating"": ""signed and dated 'Adre Dubuisson 1851' (lower right)"", ""technique_size"": ""oil on canvas, 45x72 cm (62x90 cm, incl. frame)"", ""title"": ""Landscape with a house on a cliff with watering cows"", ""total"": null, ""weight_size_quality"": null}"
a6a3112b-af59-4f99-a594-b6d774f01bf3,225,26-0308/37,fbef6459-c238-43e4-b7ac-6357713358f6,713,Classic to Modern Art,"Schilderijen, aquarellen en tekeningen I",Dutch river landscape with a couple near the waterside," H. Ouboter (18th century), Dutch river landscape with a couple near the waterside","<h3>Painter / Artist / School</h3>H. Ouboter (18th century)<h3>Literature</h3><p>Provenance:<br>-Auction, Christie's, London, 11 May 2011, lot 78.<br>-Private collection, Ireland.</p><h3>Technique / Size</h3>oil on panel, 27x40 cm (37x50 cm incl. frame)<h3>Signature / Dating</h3>signed 'H: Ouboter/1795' (lower left)",published,EUR,800.0,1200.0,700.0,700.0,,1,0,,,True,"Mon, 31 Aug 2026 08:00:00 GMT","Tue, 15 Sep 2026 18:54:00 GMT",https://media.app.artisio.co/media/3fc437c0-fdbb-4208-955a-90293eab416d/inventory/5d9dc552-b225-4793-b38c-08c3e88cef71/74e9100f-b6e6-46e3-8fbe-a7def3a31d5a/0002_pFTDKU_sm.jpeg;https://media.app.artisio.co/media/3fc437c0-fdbb-4208-955a-90293eab416d/inventory/5d9dc552-b225-4793-b38c-08c3e88cef71/47066298-fd12-4e09-8f53-449a331b3abb/0003_sZglyk_sm.jpeg;https://media.app.artisio.co/media/3fc437c0-fdbb-4208-955a-90293eab416d/inventory/5d9dc552-b225-4793-b38c-08c3e88cef71/955448d3-f5c1-400f-8d15-dcbe1b8c6507/0004_bKApDV_sm.jpeg;https://media.app.artisio.co/media/3fc437c0-fdbb-4208-955a-90293eab416d/inventory/5d9dc552-b225-4793-b38c-08c3e88cef71/fe3718bb-5d92-40d5-9243-ba0d0641abcf/0005_QtBGok_sm.jpeg,4,"{""artist_retail_right"": false, ""comments"": ""<p>https://rkd.nl/imageslite/570362</p>"", ""condition"": null, ""condition_report"": null, ""dimensions"": null, ""extra_text"": null, ""footnote"": null, ""header"": null, ""internal_reference"": null, ""literature"": ""<p>Provenance:<br>-Auction, Christie's, London, 11 May 2011, lot 78.<br>-Private collection, Ireland.</p>"", ""origin_exhibition_lite"": null, ""painter_artist_school"": "" H. Ouboter (18th century)"", ""period"": null, ""signature_dating"": ""signed 'H: Ouboter/1795' (lower left)"", ""technique_size"": ""oil on panel, 27x40 cm (37x50 cm incl. frame)"", ""title"": ""Dutch river landscape with a couple near the waterside"", ""total"": null, ""weight_size_quality"": null}"
ed6ec25a-e259-4eb0-9b03-0c9b53bb3bed,226,26-0308/33,fbef6459-c238-43e4-b7ac-6357713358f6,713,Classic to Modern Art,"Schilderijen, aquarellen en tekeningen I",Dutch two-master near a rocky coast,"Willem Gruyter (1817-1880), Dutch two-master near a rocky coast","<h3>Painter / Artist / School</h3>Willem Gruyter (1817-1880)<h3>Literature</h3><p>Provenance:<br>-Auction, Sotheby's, Amsterdam, 16 October 2007, lot 78.<br>-Private collection, Ireland.</p><h3>Technique / Size</h3>oil on panel, 27,5x41 cm (39,5x53 cm incl. frame)<h3>Signature / Dating</h3>signed 'W. Gruyter' (lower right)",published,EUR,1000.0,1500.0,800.0,800.0,,1,0,,,True,"Mon, 31 Aug 2026 08:00:00 GMT","Tue, 15 Sep 2026 18:54:00 GMT",https://media.app.artisio.co/media/3fc437c0-fdbb-4208-955a-90293eab416d/inventory/9b3c8d95-95bf-4d51-9eb2-b3893982b8a9/6d534866-1a9f-45db-8fc8-95cfeb9c103a/0002_VfCphU_sm.jpeg;https://media.app.artisio.co/media/3fc437c0-fdbb-4208-955a-90293eab416d/inventory/9b3c8d95-95bf-4d51-9eb2-b3893982b8a9/bd8358df-2006-49cd-be63-90327bd60cbe/0003_OUbYMg_sm.jpeg;https://media.app.artisio.co/media/3fc437c0-fdbb-4208-955a-90293eab416d/inventory/9b3c8d95-95bf-4d51-9eb2-b3893982b8a9/1b52a565-e8c8-4455-af71-f1c77af0dd16/0004_vookSc_sm.jpeg;https://media.app.artisio.co/media/3fc437c0-fdbb-4208-955a-90293eab416d/inventory/9b3c8d95-95bf-4d51-9eb2-b3893982b8a9/01f68d0e-3934-4afd-806a-1758ca6bc4a6/0005_zQZEmT_sm.jpeg,4,"{""artist_retail_right"": false, ""comments"": ""<p>https://rkd.nl/imageslite/4149643</p>"", ""condition"": null, ""condition_report"": null, ""dimensions"": null, ""extra_text"": null, ""footnote"": null, ""header"": null, ""internal_reference"": null, ""literature"": ""<p>Provenance:<br>-Auction, Sotheby's, Amsterdam, 16 October 2007, lot 78.<br>-Private collection, Ireland.</p>"", ""origin_exhibition_lite"": null, ""painter_artist_school"": ""Willem Gruyter (1817-1880)"", ""period"": null, ""signature_dating"": ""signed 'W. Gruyter' (lower right)"", ""technique_size"": ""oil on panel, 27,5x41 cm (39,5x53 cm incl. frame)"", ""title"": ""Dutch two-master near a rocky coast"", ""total"": null, ""weight_size_quality"": null}"
88fc7564-eb4a-4ca5-b720-b9ed31ef69c9,227,26-0529/18,fbef6459-c238-43e4-b7ac-6357713358f6,713,Classic to Modern Art,"Schilderijen, aquarellen en tekeningen I",Saving the sailors of a shipwreck,"J. Peeters (19th Century), Saving the sailors of a shipwreck","<h3>Painter / Artist / School</h3>J. Peeters (19th Century)<h3>Technique / Size</h3>oil on panel, 32,5x45,5 cm (53,5x67 cm incl. frame)<h3>Signature / Dating</h3>signed and dated 'J: Peeters ft 1843' (lower left)",published,EUR,800.0,1200.0,700.0,700.0,,1,0,,,True,"Mon, 31 Aug 2026 08:00:00 GMT","Tue, 15 Sep 2026 18:54:00 GMT",https://media.app.artisio.co/media/3fc437c0-fdbb-4208-955a-90293eab416d/inventory/b2ac25c1-220d-49f8-b622-1f9e4a69add4/fb08fb9d-60d1-4c7f-a7b9-437614413471/0001_KjhiSB_sm.jpeg;https://media.app.artisio.co/media/3fc437c0-fdbb-4208-955a-90293eab416d/inventory/b2ac25c1-220d-49f8-b622-1f9e4a69add4/a4ec4a4d-2be7-4600-8e84-c2389df02115/0002_CIsdmu_sm.jpeg;https://media.app.artisio.co/media/3fc437c0-fdbb-4208-955a-90293eab416d/inventory/b2ac25c1-220d-49f8-b622-1f9e4a69add4/44ecc904-3260-4b40-8156-34eb380748e2/0003_MMPQyP_sm.jpeg;https://media.app.artisio.co/media/3fc437c0-fdbb-4208-955a-90293eab416d/inventory/b2ac25c1-220d-49f8-b622-1f9e4a69add4/a8db4f52-1a67-450e-a497-b320f1cc8324/0004_qowyzi_sm.jpeg,4,"{""artist_retail_right"": false, ""comments"": null, ""condition"": null, ""condition_report"": null, ""dimensions"": null, ""extra_text"": null, ""footnote"": null, ""header"": null, ""internal_reference"": null, ""literature"": null, ""origin_exhibition_lite"": null, ""painter_artist_school"": ""J. Peeters (19th Century)"", ""period"": null, ""signature_dating"": ""signed and dated 'J: Peeters ft 1843' (lower left)"", ""technique_size"": ""oil on panel, 32,5x45,5 cm (53,5x67 cm incl. frame)"", ""title"": ""Saving the sailors of a shipwreck"", ""total"": null, ""weight_size_quality"": null}"
58d104f3-efe8-47c2-b3d1-8c8a9b4291b7,228,26-0725/3,fbef6459-c238-43e4-b7ac-6357713358f6,713,Classic to Modern Art,"Schilderijen, aquarellen en tekeningen I",Deer overlooking a valley,"Augustus Knip (1819-1859), Deer overlooking a valley","<h3>Painter / Artist / School</h3>Augustus Knip (1819-1859)<h3>Literature</h3><p>Provenance:<br>-Auction, Glerum, The Hague, 5 March 1990, lot 86.&nbsp;<br>-Auction, Sotheby's, Amsterdam, 8 November 1994, lot 320, as: ‘J.A. Knip’.&nbsp;<br>-With Kunsthandel B. Rameckers, Arnhem, at Antiekbeurs Leiden, 24 November 2001, as: ‘J.A. Knip’, where acquired by the present owner.</p><h3>Technique / Size</h3>oil on canvas, 51,5x69 cm (72x89,5 cm incl. frame)<h3>Signature / Dating</h3>bears name and date 'J.A. Knip f 1824' (lower right)",published,EUR,600.0,900.0,550.0,550.0,,1,0,,,True,"Mon, 31 Aug 2026 08:00:00 GMT","Tue, 15 Sep 2026 18:54:00 GMT",https://media.app.artisio.co/media/3fc437c0-fdbb-4208-955a-90293eab416d/inventory/bd5a74d3-6af6-4c54-9ec4-ce851155d573/37248092-4511-43bd-a9af-7620082b3252/0001_STWHba_sm.jpeg;https://media.app.artisio.co/media/3fc437c0-fdbb-4208-955a-90293eab416d/inventory/bd5a74d3-6af6-4c54-9ec4-ce851155d573/d8ca8fd0-bd44-42c0-8141-c230e4811ac1/0002_eGfbQp_sm.jpeg;https://media.app.artisio.co/media/3fc437c0-fdbb-4208-955a-90293eab416d/inventory/bd5a74d3-6af6-4c54-9ec4-ce851155d573/a9d2b25c-5e43-49f4-b485-6b34d26ad5b4/0003_DzfMkF_sm.jpeg,3,"{""artist_retail_right"": false, ""comments"": ""<p>https://rkd.nl/imageslite/3929372 https://rkd.nl/imageslite/4162627</p>"", ""condition"": null, ""condition_report"": null, ""dimensions"": null, ""extra_text"": null, ""footnote"": null, ""header"": null, ""internal_reference"": null, ""literature"": ""<p>Provenance:<br>-Auction, Glerum, The Hague, 5 March 1990, lot 86.&nbsp;<br>-Auction, Sotheby's, Amsterdam, 8 November 1994, lot 320, as: ‘J.A. Knip’.&nbsp;<br>-With Kunsthandel B. Rameckers, Arnhem, at Antiekbeurs Leiden, 24 November 2001, as: ‘J.A. Knip’, where acquired by the present owner.</p>"", ""origin_exhibition_lite"": null, ""painter_artist_school"": ""Augustus Knip (1819-1859)"", ""period"": null, ""signature_dating"": ""bears name and date 'J.A. Knip f 1824' (lower right)"", ""technique_size"": ""oil on canvas, 51,5x69 cm (72x89,5 cm incl. frame)"", ""title"": ""Deer overlooking a valley"", ""total"": null, ""weight_size_quality"": null}"
6155e8f1-52af-40ab-9127-eec78f6a4fd6,229,26-0308/29,fbef6459-c238-43e4-b7ac-6357713358f6,713,Classic to Modern Art,"Schilderijen, aquarellen en tekeningen I",Figures on a frozen river near a farmhouse,"Lodewijk Johannes Kleijn (1817-1897), Figures on a frozen river near a farmhouse","<h3>Painter / Artist / School</h3>Lodewijk Johannes Kleijn (1817-1897)<h3>Literature</h3><p>Provenance:<br>-Auction, Christie's, Amsterdam, 13 October 2009, lot 78.<br>-Private collection, Ireland.</p><h3>Technique / Size</h3>oil on panel, 25x30 cm (40x45 cm incl. frame)<h3>Signature / Dating</h3>signed 'LJ Kleijn f' (lower right)",published,EUR,1000.0,1500.0,800.0,800.0,,1,0,,,True,"Mon, 31 Aug 2026 08:00:00 GMT","Tue, 15 Sep 2026 18:54:00 GMT",https://media.app.artisio.co/media/3fc437c0-fdbb-4208-955a-90293eab416d/inventory/3cf743a6-18bc-4f67-bd52-b0615ea4f04a/21638f6b-f000-4d19-a07d-12877415ee79/0002_nlohlq_sm.jpeg;https://media.app.artisio.co/media/3fc437c0-fdbb-4208-955a-90293eab416d/inventory/3cf743a6-18bc-4f67-bd52-b0615ea4f04a/128516be-039c-4f02-8b11-6d02103d1e23/0003_ztghsX_sm.jpeg;https://media.app.artisio.co/media/3fc437c0-fdbb-4208-955a-90293eab416d/inventory/3cf743a6-18bc-4f67-bd52-b0615ea4f04a/ca276b3e-1dd0-4681-8cac-810f934a3b94/0004_KWnOAl_sm.jpeg;https://media.app.artisio.co/media/3fc437c0-fdbb-4208-955a-90293eab416d/inventory/3cf743a6-18bc-4f67-bd52-b0615ea4f04a/92f6b5f8-2066-4adc-8814-1ff6a9fe2d83/0005_vUKxTs_sm.jpeg,4,"{""artist_retail_right"": false, ""comments"": null, ""condition"": null, ""condition_report"": null, ""dimensions"": null, ""extra_text"": null, ""footnote"": null, ""header"": null, ""internal_reference"": null, ""literature"": ""<p>Provenance:<br>-Auction, Christie's, Amsterdam, 13 October 2009, lot 78.<br>-Private collection, Ireland.</p>"", ""origin_exhibition_lite"": null, ""painter_artist_school"": ""Lodewijk Johannes Kleijn (1817-1897)"", ""period"": null, ""signature_dating"": ""signed 'LJ Kleijn f' (lower right)"", ""technique_size"": ""oil on panel, 25x30 cm (40x45 cm incl. frame)"", ""title"": ""Figures on a frozen river near a farmhouse"", ""total"": null, ""weight_size_quality"": null}"
316410f0-9e7f-47b6-9d30-003b3156c8cc,230,26-0308/32,fbef6459-c238-43e4-b7ac-6357713358f6,713,Classic to Modern Art,"Schilderijen, aquarellen en tekeningen I",Figures skating on ice,"Nicolaas Johannes Roosenboom (1805-1880), Figures skating on ice","<h3>Painter / Artist / School</h3>Nicolaas Johannes Roosenboom (1805-1880)<h3>Literature</h3><p>Provenance:<br>-Auction, Christie's, Amsterdam, 11 May 2011, lot 115.<br>-Private collection, Ireland.</p><h3>Technique / Size</h3>oil on board, 20,5x29 cm (35x43,5 cm incl. frame)<h3>Signature / Dating</h3>signed 'NJ. Roosenboom f' (lower right)",published,EUR,1000.0,1500.0,900.0,900.0,,1,0,,,True,"Mon, 31 Aug 2026 08:00:00 GMT","Tue, 15 Sep 2026 18:57:00 GMT",https://media.app.artisio.co/media/3fc437c0-fdbb-4208-955a-90293eab416d/inventory/9de6dfb8-4403-4c60-a5db-19c241b6a3a9/9f1b2b6b-9e46-4a87-aece-65959a8fc783/0002_ucwznZ_sm.jpeg;https://media.app.artisio.co/media/3fc437c0-fdbb-4208-955a-90293eab416d/inventory/9de6dfb8-4403-4c60-a5db-19c241b6a3a9/4e683012-2a74-4b67-a5de-df34f715ced1/0003_nnQycx_sm.jpeg;https://media.app.artisio.co/media/3fc437c0-fdbb-4208-955a-90293eab416d/inventory/9de6dfb8-4403-4c60-a5db-19c241b6a3a9/5177cdda-d874-41fe-9c1c-cb9cbb02bf57/0004_KAqLmK_sm.jpeg;https://media.app.artisio.co/media/3fc437c0-fdbb-4208-955a-90293eab416d/inventory/9de6dfb8-4403-4c60-a5db-19c241b6a3a9/221e290a-dc5f-4b4b-9006-c491697e75fc/0005_qPzBNM_sm.jpeg,4,"{""artist_retail_right"": false, ""comments"": ""<p>https://rkd.nl/imageslite/4184719</p>"", ""condition"": null, ""condition_report"": null, ""dimensions"": null, ""extra_text"": null, ""footnote"": null, ""header"": null, ""internal_reference"": null, ""literature"": ""<p>Provenance:<br>-Auction, Christie's, Amsterdam, 11 May 2011, lot 115.<br>-Private collection, Ireland.</p>"", ""origin_exhibition_lite"": null, ""painter_artist_school"": ""Nicolaas Johannes Roosenboom (1805-1880)"", ""period"": null, ""signature_dating"": ""signed 'NJ. Roosenboom f' (lower right)"", ""technique_size"": ""oil on board, 20,5x29 cm (35x43,5 cm incl. frame)"", ""title"": ""Figures skating on ice"", ""total"": null, ""weight_size_quality"": null}"
44a27345-d1b6-43e4-b526-cd5e7f4cb0ec,231,26-0637/2,fbef6459-c238-43e4-b7ac-6357713358f6,713,Classic to Modern Art,"Schilderijen, aquarellen en tekeningen I",Travellers in a snow blizzard ,"Johannes Franciscus Hoppenbrouwers (1819-1866), Travellers in a snow blizzard ","<h3>Painter / Artist / School</h3>Johannes Franciscus Hoppenbrouwers (1819-1866)<h3>Literature</h3><p>Provenance:<br>-Auction, Christie's, Amsterdam, 30 October 1996, lot 88.&nbsp;<br>-Collection of Jacob Bijl (1937-2026), film&nbsp;director and screenwriter.</p><h3>Technique / Size</h3>oil on panel, 21,5x27,5 cm (32x38 cm incl. frame)<h3>Signature / Dating</h3>signed 'J.F. Hoppenbrouwers f' (lower right)",published,EUR,600.0,800.0,500.0,500.0,,1,0,,,True,"Mon, 31 Aug 2026 08:00:00 GMT","Tue, 15 Sep 2026 18:57:00 GMT",https://media.app.artisio.co/media/3fc437c0-fdbb-4208-955a-90293eab416d/inventory/60c68939-e8f6-462c-bf18-b6bafc1b23e6/39dfd507-c738-4c5c-aa11-4dbef24f8ca0/0001_tNqFbV_sm.jpeg;https://media.app.artisio.co/media/3fc437c0-fdbb-4208-955a-90293eab416d/inventory/60c68939-e8f6-462c-bf18-b6bafc1b23e6/43aaf7fe-6ed8-4967-98d7-7e9141d259e3/0002_cTvviW_sm.jpeg;https://media.app.artisio.co/media/3fc437c0-fdbb-4208-955a-90293eab416d/inventory/60c68939-e8f6-462c-bf18-b6bafc1b23e6/d1ecb7cb-27fa-4d55-8cba-f8ef12cb9dce/0003_mHljAQ_sm.jpeg;https://media.app.artisio.co/media/3fc437c0-fdbb-4208-955a-90293eab416d/inventory/60c68939-e8f6-462c-bf18-b6bafc1b23e6/1cdfddfa-bcf7-47ba-b982-b309285a043d/0004_DsYFRk_sm.jpeg,4,"{""artist_retail_right"": false, ""comments"": ""<p>https://www.artprice.com/artist/13845/johannes-franciscus-hoppenbrouwers/painting/616725/peasants-in-a-blizzard?p=1</p>"", ""condition"": null, ""condition_report"": null, ""dimensions"": null, ""extra_text"": null, ""footnote"": null, ""header"": null, ""internal_reference"": null, ""literature"": ""<p>Provenance:<br>-Auction, Christie's, Amsterdam, 30 October 1996, lot 88.&nbsp;<br>-Collection of Jacob Bijl (1937-2026), film&nbsp;director and screenwriter.</p>"", ""origin_exhibition_lite"": null, ""painter_artist_school"": ""Johannes Franciscus Hoppenbrouwers (1819-1866)"", ""period"": null, ""signature_dating"": ""signed 'J.F. Hoppenbrouwers f' (lower right)"", ""technique_size"": ""oil on panel, 21,5x27,5 cm (32x38 cm incl. frame)"", ""title"": ""Travellers in a snow blizzard "", ""total"": null, ""weight_size_quality"": null}"
ae25fd6e-37d8-481b-881d-0c83dc64daf5,232,26-0290/2,fbef6459-c238-43e4-b7ac-6357713358f6,713,Classic to Modern Art,"Schilderijen, aquarellen en tekeningen I",Docked sailboats in Venice,"Pietro Galter (Italian, 1840-1901), Docked sailboats in Venice","<h3>Painter / Artist / School</h3>Pietro Galter (Italian, 1840-1901)<h3>Technique / Size</h3>oil on canvas, 51x84,5 cm (75x109 cm incl. frame)<h3>Signature / Dating</h3>signed 'Pietro Galter.' (lower left)",published,EUR,1000.0,1500.0,500.0,500.0,,1,1,500.0,500.0,True,"Mon, 31 Aug 2026 08:00:00 GMT","Tue, 15 Sep 2026 18:57:00 GMT",https://media.app.artisio.co/media/3fc437c0-fdbb-4208-955a-90293eab416d/inventory/bd22d3ab-73b8-4568-add6-ff17bae56d17/fc938086-f63f-4461-a046-d40844fdab34/0001_nWuXUA_sm.jpeg;https://media.app.artisio.co/media/3fc437c0-fdbb-4208-955a-90293eab416d/inventory/bd22d3ab-73b8-4568-add6-ff17bae56d17/da47cd74-389c-41f5-8564-29b199939587/0002_eVCHvu_sm.jpeg;https://media.app.artisio.co/media/3fc437c0-fdbb-4208-955a-90293eab416d/inventory/bd22d3ab-73b8-4568-add6-ff17bae56d17/e3dd71c1-c65d-47a8-926f-5b8111740ca4/0003_VduNbA_sm.jpeg;https://media.app.artisio.co/media/3fc437c0-fdbb-4208-955a-90293eab416d/inventory/bd22d3ab-73b8-4568-add6-ff17bae56d17/063bdca1-8c97-4b7f-9a3e-90382693ccdf/0004_pHaXQs_sm.jpeg,4,"{""artist_retail_right"": false, ""comments"": null, ""condition"": null, ""condition_report"": null, ""dimensions"": null, ""extra_text"": null, ""footnote"": null, ""header"": null, ""internal_reference"": null, ""literature"": null, ""origin_exhibition_lite"": null, ""painter_artist_school"": ""Pietro Galter (Italian, 1840-1901)"", ""period"": null, ""signature_dating"": ""signed 'Pietro Galter.' (lower left)"", ""technique_size"": ""oil on canvas, 51x84,5 cm (75x109 cm incl. frame)"", ""title"": ""Docked sailboats in Venice"", ""total"": null, ""weight_size_quality"": null}"
5d51f3fe-ff37-4152-a0d4-75a7bf490a88,233,26-0308/18,fbef6459-c238-43e4-b7ac-6357713358f6,713,Classic to Modern Art,"Schilderijen, aquarellen en tekeningen I",Coastal scene with fisherfolk and bomschuiten,"Désiré Donny (Belgian, 1798-1861), Coastal scene with fisherfolk and bomschuiten","<h3>Painter / Artist / School</h3>Désiré Donny (Belgian, 1798-1861)<h3>Literature</h3><p>Provenance:<br>-Auction, Christie's, Amsterdam, 21 November 2013, lot 211.<br>-Private collection, Ireland.</p><h3>Technique / Size</h3>oil on panel, 21,5x29,5 cm<h3>Signature / Dating</h3>signed and dated 'D Donny 54' (lower right)",published,EUR,800.0,1200.0,700.0,700.0,,1,0,,,True,"Mon, 31 Aug 2026 08:00:00 GMT","Tue, 15 Sep 2026 18:57:00 GMT",https://media.app.artisio.co/media/3fc437c0-fdbb-4208-955a-90293eab416d/inventory/9fbdf472-0017-4c8c-a466-8f78d56dd9a7/8a97d3e2-11cf-4a43-89aa-000cebb2480a/0002_SEudyT_sm.jpeg;https://media.app.artisio.co/media/3fc437c0-fdbb-4208-955a-90293eab416d/inventory/9fbdf472-0017-4c8c-a466-8f78d56dd9a7/2d3b30d4-191e-4ee6-87d4-2dbc0a770627/0003_PxHVTI_sm.jpeg;https://media.app.artisio.co/media/3fc437c0-fdbb-4208-955a-90293eab416d/inventory/9fbdf472-0017-4c8c-a466-8f78d56dd9a7/7d826674-a022-4bf7-9817-ba919b9fb45f/0004_blZPFA_sm.jpeg;https://media.app.artisio.co/media/3fc437c0-fdbb-4208-955a-90293eab416d/inventory/9fbdf472-0017-4c8c-a466-8f78d56dd9a7/6a29213b-8a8e-4f0a-843b-e3a08b2437d0/0005_lwlJtn_sm.jpeg,4,"{""artist_retail_right"": false, ""comments"": null, ""condition"": null, ""condition_report"": null, ""dimensions"": null, ""extra_text"": null, ""footnote"": null, ""header"": null, ""internal_reference"": null, ""literature"": ""<p>Provenance:<br>-Auction, Christie's, Amsterdam, 21 November 2013, lot 211.<br>-Private collection, Ireland.</p>"", ""origin_exhibition_lite"": null, ""painter_artist_school"": ""Désiré Donny (Belgian, 1798-1861)"", ""period"": null, ""signature_dating"": ""signed and dated 'D Donny 54' (lower right)"", ""technique_size"": ""oil on panel, 21,5x29,5 cm"", ""title"": ""Coastal scene with fisherfolk and bomschuiten"", ""total"": null, ""weight_size_quality"": null}"
a0bcb65d-9eb7-4b07-abff-2a7b3af12128,234,26-0308/21,fbef6459-c238-43e4-b7ac-6357713358f6,713,Classic to Modern Art,"Schilderijen, aquarellen en tekeningen I",Ships in the estuary,"Nicolaas Riegen (1827-1889), Ships in the estuary","<h3>Painter / Artist / School</h3>Nicolaas Riegen (1827-1889)<h3>Literature</h3><p>Provenance:<br>-Auction, Christie's, London, 25 May 2005, lot 519A.<br>-Private collection, Ireland.</p><h3>Technique / Size</h3>oil on panel, 22,5x34 cm (33x45 cm incl. frame)<h3>Signature / Dating</h3>signed 'N Riegen' (lower right)",published,EUR,700.0,1000.0,500.0,500.0,,1,0,,,True,"Mon, 31 Aug 2026 08:00:00 GMT","Tue, 15 Sep 2026 18:57:00 GMT",https://media.app.artisio.co/media/3fc437c0-fdbb-4208-955a-90293eab416d/inventory/73e16364-fb87-49c0-8fa9-fd052c3d4bf7/1b96bbcb-6cb2-4dc8-8c2c-ecf9c39458c9/0002_sDTvIO_sm.jpeg;https://media.app.artisio.co/media/3fc437c0-fdbb-4208-955a-90293eab416d/inventory/73e16364-fb87-49c0-8fa9-fd052c3d4bf7/edd4f923-6841-4d5a-9f08-cd9dd91bb9f1/0003_orBJGy_sm.jpeg;https://media.app.artisio.co/media/3fc437c0-fdbb-4208-955a-90293eab416d/inventory/73e16364-fb87-49c0-8fa9-fd052c3d4bf7/290f8826-bbd1-47fb-add0-809ac40b8ed2/0004_WUdPPt_sm.jpeg;https://media.app.artisio.co/media/3fc437c0-fdbb-4208-955a-90293eab416d/inventory/73e16364-fb87-49c0-8fa9-fd052c3d4bf7/3bcb86f7-c757-49f2-a767-2b10aff64787/0005_SFJILe_sm.jpeg;https://media.app.artisio.co/media/3fc437c0-fdbb-4208-955a-90293eab416d/inventory/73e16364-fb87-49c0-8fa9-fd052c3d4bf7/3b038e75-f53c-4381-ac60-ff89bc30897e/0006_WxAmzg_sm.jpeg,5,"{""artist_retail_right"": false, ""comments"": null, ""condition"": null, ""condition_report"": null, ""dimensions"": null, ""extra_text"": null, ""footnote"": null, ""header"": null, ""internal_reference"": null, ""literature"": ""<p>Provenance:<br>-Auction, Christie's, London, 25 May 2005, lot 519A.<br>-Private collection, Ireland.</p>"", ""origin_exhibition_lite"": null, ""painter_artist_school"": ""Nicolaas Riegen (1827-1889)"", ""period"": null, ""signature_dating"": ""signed 'N Riegen' (lower right)"", ""technique_size"": ""oil on panel, 22,5x34 cm (33x45 cm incl. frame)"", ""title"": ""Ships in the estuary"", ""total"": null, ""weight_size_quality"": null}"
29d49c2a-921a-446a-83bd-659c028b0c89,235,26-0308/36,fbef6459-c238-43e4-b7ac-6357713358f6,713,Classic to Modern Art,"Schilderijen, aquarellen en tekeningen I",Monks by a church near a mountain lake,"Friedrich Philipp Reinhold (Austrian, 1779-1840), Monks by a church near a mountain lake","<h3>Painter / Artist / School</h3>Friedrich Philipp Reinhold (Austrian, 1779-1840)<h3>Literature</h3><p>Provenance:<br>-Auction, Lempertz, Cologne, 30 November 2000, lot 1819.<br>-Auction, Sotheby's, London, 30 October 2001, lot 536.<br>-Private collection, Ireland.</p><h3>Technique / Size</h3>oil on canvas, 36x50 cm (49,5x62,5 cm incl. frame)<h3>Signature / Dating</h3>signed with initials and dated 'F.P.R. 1836' (lower centre)",published,EUR,800.0,1200.0,700.0,700.0,,1,0,,,True,"Mon, 31 Aug 2026 08:00:00 GMT","Tue, 15 Sep 2026 18:57:00 GMT",https://media.app.artisio.co/media/3fc437c0-fdbb-4208-955a-90293eab416d/inventory/786ddd61-095a-4d1d-84bd-893cb76a0247/50a601b7-fb9d-4cca-b099-1b923a4c54ae/0002_HgusMr_sm.jpeg;https://media.app.artisio.co/media/3fc437c0-fdbb-4208-955a-90293eab416d/inventory/786ddd61-095a-4d1d-84bd-893cb76a0247/f030ff96-7ef4-4494-873f-be035a4744b2/0003_dDDpLA_sm.jpeg;https://media.app.artisio.co/media/3fc437c0-fdbb-4208-955a-90293eab416d/inventory/786ddd61-095a-4d1d-84bd-893cb76a0247/e3d89a2f-1aba-4564-90b5-68d75c1838fa/0004_wlCTEc_sm.jpeg;https://media.app.artisio.co/media/3fc437c0-fdbb-4208-955a-90293eab416d/inventory/786ddd61-095a-4d1d-84bd-893cb76a0247/a2bd868a-058f-4582-83ab-1724664ba273/0005_NZwWHe_sm.jpeg;https://media.app.artisio.co/media/3fc437c0-fdbb-4208-955a-90293eab416d/inventory/786ddd61-095a-4d1d-84bd-893cb76a0247/dbf1c379-4db9-42e9-9b77-234688ea37f4/0006_xSfemV_sm.jpeg,5,"{""artist_retail_right"": false, ""comments"": ""<p>https://rkd.nl/imageslite/2086841 &nbsp;https://rkd.nl/imageslite/2086840</p>"", ""condition"": null, ""condition_report"": null, ""dimensions"": null, ""extra_text"": null, ""footnote"": null, ""header"": null, ""internal_reference"": null, ""literature"": ""<p>Provenance:<br>-Auction, Lempertz, Cologne, 30 November 2000, lot 1819.<br>-Auction, Sotheby's, London, 30 October 2001, lot 536.<br>-Private collection, Ireland.</p>"", ""origin_exhibition_lite"": null, ""painter_artist_school"": ""Friedrich Philipp Reinhold (Austrian, 1779-1840)"", ""period"": null, ""signature_dating"": ""signed with initials and dated 'F.P.R. 1836' (lower centre)"", ""technique_size"": ""oil on canvas, 36x50 cm (49,5x62,5 cm incl. frame)"", ""title"": ""Monks by a church near a mountain lake"", ""total"": null, ""weight_size_quality"": null}"
ccb091b3-5637-4618-b411-247ed2c57c6c,236,26-0308/39,fbef6459-c238-43e4-b7ac-6357713358f6,713,Classic to Modern Art,"Schilderijen, aquarellen en tekeningen I",Milking a cow in a mountainous landscape,"Attributed to Alexander Joseph Daiwaille (1818-1888), Milking a cow in a mountainous landscape","<h3>Painter / Artist / School</h3>Attributed to Alexander Joseph Daiwaille (1818-1888)<h3>Literature</h3><p>Provenance:<br>-Auction, Christie's, Amsterdam, 13 October 2009, lot 153.<br>-Private collection, Ireland.</p><h3>Technique / Size</h3>oil on panel, 43x57 cm (65x78 cm incl. frame)<h3>Signature / Dating</h3>dated '1852' (lower left)",published,EUR,2000.0,3000.0,1700.0,1700.0,,1,0,,,True,"Mon, 31 Aug 2026 08:00:00 GMT","Tue, 15 Sep 2026 19:00:00 GMT",https://media.app.artisio.co/media/3fc437c0-fdbb-4208-955a-90293eab416d/inventory/e152f86a-019d-4ebe-b558-258980c46725/e4e282eb-7f82-476b-a1c8-73a58f759462/0002_HwDCdz_sm.jpeg;https://media.app.artisio.co/media/3fc437c0-fdbb-4208-955a-90293eab416d/inventory/e152f86a-019d-4ebe-b558-258980c46725/942f928c-2bdc-4988-a782-17c57fe7b3f7/0003_hPjjnz_sm.jpeg;https://media.app.artisio.co/media/3fc437c0-fdbb-4208-955a-90293eab416d/inventory/e152f86a-019d-4ebe-b558-258980c46725/30cdd4de-a04a-44e2-ac7f-f9a457ec6192/0004_TlxlIS_sm.jpeg;https://media.app.artisio.co/media/3fc437c0-fdbb-4208-955a-90293eab416d/inventory/e152f86a-019d-4ebe-b558-258980c46725/f4ce379b-21a1-44a1-839f-6929c19d166f/0005_TjiPxy_sm.jpeg,4,"{""artist_retail_right"": false, ""comments"": null, ""condition"": null, ""condition_report"": null, ""dimensions"": null, ""extra_text"": null, ""footnote"": null, ""header"": null, ""internal_reference"": null, ""literature"": ""<p>Provenance:<br>-Auction, Christie's, Amsterdam, 13 October 2009, lot 153.<br>-Private collection, Ireland.</p>"", ""origin_exhibition_lite"": null, ""painter_artist_school"": ""Attributed to Alexander Joseph Daiwaille (1818-1888)"", ""period"": null, ""signature_dating"": ""dated '1852' (lower left)"", ""technique_size"": ""oil on panel, 43x57 cm (65x78 cm incl. frame)"", ""title"": ""Milking a cow in a mountainous landscape"", ""total"": null, ""weight_size_quality"": null}"
48c8edcc-b05c-4675-bd91-683b57e5a562,237,26-0607/21,fbef6459-c238-43e4-b7ac-6357713358f6,713,Classic to Modern Art,"Schilderijen, aquarellen en tekeningen I",Homeward bound ,"Bernardus Johannes Blommers (1845-1914), Homeward bound ","<h3>Painter / Artist / School</h3>Bernardus Johannes Blommers (1845-1914)<h3>Literature</h3><p>Exhibited:<br>-Katwijk, Katwijks Museum, ‘Tastbaar verleden, Een collectie op reis', 4 July-4 November 2017.</p><p>Provenance:<br>-With Doll & Richards; Fine Art Dealers, Boston.<br>-Auction, Sotheby's, Amsterdam, 20 April 2004, lot 151.<br>-With Kunsthandel Simonis & Buunk, Ede.</p><h3>Technique / Size</h3>watercolour on paper, 16x11,5 cm (34x29 cm incl. frame)<h3>Signature / Dating</h3>signed 'Blommers.' (lower right)",published,EUR,800.0,1200.0,700.0,,,1,0,,,True,"Mon, 31 Aug 2026 08:00:00 GMT","Tue, 15 Sep 2026 19:00:00 GMT",https://media.app.artisio.co/media/3fc437c0-fdbb-4208-955a-90293eab416d/inventory/9fc8e614-308d-4095-a0b6-7fe2f916318d/9550374b-f183-4c62-8402-94cd73447835/0001_fQFDlA_sm.jpeg;https://media.app.artisio.co/media/3fc437c0-fdbb-4208-955a-90293eab416d/inventory/9fc8e614-308d-4095-a0b6-7fe2f916318d/60bfc0da-093a-402d-aa03-863497b243b6/0002_LksbUi_sm.jpeg;https://media.app.artisio.co/media/3fc437c0-fdbb-4208-955a-90293eab416d/inventory/9fc8e614-308d-4095-a0b6-7fe2f916318d/de57a69f-941e-46a3-9e93-eec6e385b765/0003_FoHgFB_sm.jpeg;https://media.app.artisio.co/media/3fc437c0-fdbb-4208-955a-90293eab416d/inventory/9fc8e614-308d-4095-a0b6-7fe2f916318d/a44301f2-4fe6-4562-91cf-cad3f35ecbd9/0004_epqflx_sm.jpeg,4,"{""artist_retail_right"": false, ""comments"": ""<p>in 2023 geveild bij ons</p>"", ""condition"": null, ""condition_report"": null, ""dimensions"": null, ""extra_text"": null, ""footnote"": null, ""header"": null, ""internal_reference"": null, ""literature"": ""<p>Exhibited:<br>-Katwijk, Katwijks Museum, ‘Tastbaar verleden, Een collectie op reis', 4 July-4 November 2017.</p><p>Provenance:<br>-With Doll & Richards; Fine Art Dealers, Boston.<br>-Auction, Sotheby's, Amsterdam, 20 April 2004, lot 151.<br>-With Kunsthandel Simonis & Buunk, Ede.</p>"", ""origin_exhibition_lite"": null, ""painter_artist_school"": ""Bernardus Johannes Blommers (1845-1914)"", ""period"": null, ""signature_dating"": ""signed 'Blommers.' (lower right)"", ""technique_size"": ""watercolour on paper, 16x11,5 cm (34x29 cm incl. frame)"", ""title"": ""Homeward bound "", ""total"": null, ""weight_size_quality"": null}"
6dcc7d84-9892-4c49-9873-38b05ae28e19,238,26-0328/6,fbef6459-c238-43e4-b7ac-6357713358f6,713,Classic to Modern Art,"Schilderijen, aquarellen en tekeningen I",Fisherpeople on the beach ,"Alexander Rau (German, 1878-1944), Fisherpeople on the beach ","<h3>Painter / Artist / School</h3>Alexander Rau (German, 1878-1944)<h3>Technique / Size</h3>oil on canvas, 100,5x161,5 cm (107,5x169 cm incl. frame)<h3>Signature / Dating</h3>signed 'Alexander Rau' (lower right)",published,EUR,800.0,1200.0,600.0,,,1,0,,,True,"Mon, 31 Aug 2026 08:00:00 GMT","Tue, 15 Sep 2026 19:00:00 GMT",https://media.app.artisio.co/media/3fc437c0-fdbb-4208-955a-90293eab416d/inventory/05d93afc-ebbe-41bf-a173-09f9ac655894/cc041a34-1292-460a-8db4-ce7014762b9f/0001_guxUdP_sm.jpeg;https://media.app.artisio.co/media/3fc437c0-fdbb-4208-955a-90293eab416d/inventory/05d93afc-ebbe-41bf-a173-09f9ac655894/f52fac91-6291-4baf-affd-cb7361e880c1/0002_oiirCM_sm.jpeg;https://media.app.artisio.co/media/3fc437c0-fdbb-4208-955a-90293eab416d/inventory/05d93afc-ebbe-41bf-a173-09f9ac655894/a7421ff8-01fe-470f-9c9b-33f98b788652/0003_NnqEzE_sm.jpeg;https://media.app.artisio.co/media/3fc437c0-fdbb-4208-955a-90293eab416d/inventory/05d93afc-ebbe-41bf-a173-09f9ac655894/d335db05-3750-45cc-8c1a-653a221a64e8/0004_TpJXAk_sm.jpeg;https://media.app.artisio.co/media/3fc437c0-fdbb-4208-955a-90293eab416d/inventory/05d93afc-ebbe-41bf-a173-09f9ac655894/358a782b-dd46-42e7-9650-c794253c0254/0005_hGuRfD_sm.jpeg,5,"{""artist_retail_right"": false, ""comments"": null, ""condition"": null, ""condition_report"": null, ""dimensions"": null, ""extra_text"": null, ""footnote"": null, ""header"": null, ""internal_reference"": null, ""literature"": null, ""origin_exhibition_lite"": null, ""painter_artist_school"": ""Alexander Rau (German, 1878-1944)"", ""period"": null, ""signature_dating"": ""signed 'Alexander Rau' (lower right)"", ""technique_size"": ""oil on canvas, 100,5x161,5 cm (107,5x169 cm incl. frame)"", ""title"": ""Fisherpeople on the beach "", ""total"": null, ""weight_size_quality"": null}"
8f6e9a76-2aa8-4035-a275-eb541ec2a0aa,239,26-0607/17,fbef6459-c238-43e4-b7ac-6357713358f6,713,Classic to Modern Art,"Schilderijen, aquarellen en tekeningen I",With a horse through the dunes,"German Grobe (German, 1857-1938), With a horse through the dunes","<h3>Painter / Artist / School</h3>German Grobe (German, 1857-1938)<h3>Literature</h3><p>Provenance:<br>-Auction, Neumeister, Munich, 18 March 1992, lot 532.&nbsp;<br>-Auction, Peter Karbstein, Düsseldorf, 11 July 2020, lot 436.&nbsp;</p><h3>Technique / Size</h3>oil on canvas, 60,5x80,5 cm (81,5x100,5 cm incl. frame)<h3>Signature / Dating</h3>signed 'German Grobe' (lower right)",published,EUR,600.0,900.0,750.0,,,1,0,,,True,"Mon, 31 Aug 2026 08:00:00 GMT","Tue, 15 Sep 2026 19:00:00 GMT",https://media.app.artisio.co/media/3fc437c0-fdbb-4208-955a-90293eab416d/inventory/9572fcb3-acd8-4be2-b5dc-55d17fe32158/6036d718-c056-473a-9015-89a1a7a5e334/0001_VARSHF_sm.jpeg;https://media.app.artisio.co/media/3fc437c0-fdbb-4208-955a-90293eab416d/inventory/9572fcb3-acd8-4be2-b5dc-55d17fe32158/d4ea8413-56a7-4176-b128-22c391bcb618/0002_ykAcRc_sm.jpeg;https://media.app.artisio.co/media/3fc437c0-fdbb-4208-955a-90293eab416d/inventory/9572fcb3-acd8-4be2-b5dc-55d17fe32158/c4edb823-5398-4719-acbc-d9b3d367709b/0003_uSNMyr_sm.jpeg;https://media.app.artisio.co/media/3fc437c0-fdbb-4208-955a-90293eab416d/inventory/9572fcb3-acd8-4be2-b5dc-55d17fe32158/2a046192-1954-45ab-b287-865cbe047c0e/0004_rceQKu_sm.jpeg,4,"{""artist_retail_right"": false, ""comments"": ""<p>https://www.artprice.com/artist/29413/german-grobe/painting/21474153/auf-dem-weg-durch-die-dunen?p=1</p><p>https://rkd.nl/imageslite/1965435</p>"", ""condition"": null, ""condition_report"": null, ""dimensions"": null, ""extra_text"": null, ""footnote"": null, ""header"": null, ""internal_reference"": null, ""literature"": ""<p>Provenance:<br>-Auction, Neumeister, Munich, 18 March 1992, lot 532.&nbsp;<br>-Auction, Peter Karbstein, Düsseldorf, 11 July 2020, lot 436.&nbsp;</p>"", ""origin_exhibition_lite"": null, ""painter_artist_school"": ""German Grobe (German, 1857-1938)"", ""period"": null, ""signature_dating"": ""signed 'German Grobe' (lower right)"", ""technique_size"": ""oil on canvas, 60,5x80,5 cm (81,5x100,5 cm incl. frame)"", ""title"": ""With a horse through the dunes"", ""total"": null, ""weight_size_quality"": null}"
f329db25-9718-491f-8fc2-aeac7bf32394,240,26-0607/20,fbef6459-c238-43e4-b7ac-6357713358f6,713,Classic to Modern Art,"Schilderijen, aquarellen en tekeningen I","Girls in the dunes, a horse and cart passing by ","Gerard Delfgaauw (1882-1947), Girls in the dunes, a horse and cart passing by ","<h3>Painter / Artist / School</h3>Gerard Delfgaauw (1882-1947)<h3>Technique / Size</h3>oil on canvas, 35,5x50 cm (44,5x59,5 cm incl. frame)<h3>Signature / Dating</h3>signed 'G.J. Delfgaauw' (lower right)",published,EUR,300.0,400.0,260.0,,,1,0,,,True,"Mon, 31 Aug 2026 08:00:00 GMT","Tue, 15 Sep 2026 19:00:00 GMT",https://media.app.artisio.co/media/3fc437c0-fdbb-4208-955a-90293eab416d/inventory/967fc75e-5cfb-417a-a6ce-dcf344dfa075/fff59617-6c9e-440f-a8db-0009cf2ca1e3/0001_rULVYU_sm.jpeg;https://media.app.artisio.co/media/3fc437c0-fdbb-4208-955a-90293eab416d/inventory/967fc75e-5cfb-417a-a6ce-dcf344dfa075/dfb9a2b6-5b17-4c37-8066-76cbb45f2ba4/0002_haZTym_sm.jpeg;https://media.app.artisio.co/media/3fc437c0-fdbb-4208-955a-90293eab416d/inventory/967fc75e-5cfb-417a-a6ce-dcf344dfa075/57c7dc29-7296-4f1f-871d-c40308603ff4/0003_rkdnFs_sm.jpeg;https://media.app.artisio.co/media/3fc437c0-fdbb-4208-955a-90293eab416d/inventory/967fc75e-5cfb-417a-a6ce-dcf344dfa075/3ba3b489-31da-4f04-8d68-080186e9713b/0004_mmtejp_sm.jpeg,4,"{""artist_retail_right"": false, ""comments"": null, ""condition"": null, ""condition_report"": null, ""dimensions"": null, ""extra_text"": null, ""footnote"": null, ""header"": null, ""internal_reference"": null, ""literature"": null, ""origin_exhibition_lite"": null, ""painter_artist_school"": ""Gerard Delfgaauw (1882-1947)"", ""period"": null, ""signature_dating"": ""signed 'G.J. Delfgaauw' (lower right)"", ""technique_size"": ""oil on canvas, 35,5x50 cm (44,5x59,5 cm incl. frame)"", ""title"": ""Girls in the dunes, a horse and cart passing by "", ""total"": null, ""weight_size_quality"": null}"
ed39686c-eddf-499a-82fd-1ec76b4eab67,241,26-0328/1,fbef6459-c238-43e4-b7ac-6357713358f6,713,Classic to Modern Art,"Schilderijen, aquarellen en tekeningen I",Bomschuit on the beach in Katwijk,"Wilhelm Hambüchen (German, 1869-1939), Bomschuit on the beach in Katwijk","<h3>Painter / Artist / School</h3>Wilhelm Hambüchen (German, 1869-1939)<h3>Technique / Size</h3>oil on canvas, 61x81 cm (77x99 cm incl. frame)<h3>Signature / Dating</h3>signed 'W. Hambüchen' (lower left)",published,EUR,800.0,1200.0,600.0,600.0,,1,0,,,True,"Mon, 31 Aug 2026 08:00:00 GMT","Tue, 15 Sep 2026 19:00:00 GMT",https://media.app.artisio.co/media/3fc437c0-fdbb-4208-955a-90293eab416d/inventory/bffc5650-10dc-4b08-9395-953f22159b71/2e17ca10-8986-40ef-87d1-03bb490599c6/0001_ZPunjq_sm.jpeg;https://media.app.artisio.co/media/3fc437c0-fdbb-4208-955a-90293eab416d/inventory/bffc5650-10dc-4b08-9395-953f22159b71/c96de7e1-59b3-41b0-ba09-1282882dd75b/0002_rLXdLb_sm.jpeg;https://media.app.artisio.co/media/3fc437c0-fdbb-4208-955a-90293eab416d/inventory/bffc5650-10dc-4b08-9395-953f22159b71/9699848f-e861-4a8e-b555-95305dc5bc34/0003_CgpfRH_sm.jpeg;https://media.app.artisio.co/media/3fc437c0-fdbb-4208-955a-90293eab416d/inventory/bffc5650-10dc-4b08-9395-953f22159b71/15b71d94-c89a-40e5-8bfa-e42516f969f3/0004_zkkNjk_sm.jpeg,4,"{""artist_retail_right"": false, ""comments"": null, ""condition"": null, ""condition_report"": null, ""dimensions"": null, ""extra_text"": null, ""footnote"": null, ""header"": null, ""internal_reference"": null, ""literature"": null, ""origin_exhibition_lite"": null, ""painter_artist_school"": ""Wilhelm Hambüchen (German, 1869-1939)"", ""period"": null, ""signature_dating"": ""signed 'W. Hambüchen' (lower left)"", ""technique_size"": ""oil on canvas, 61x81 cm (77x99 cm incl. frame)"", ""title"": ""Bomschuit on the beach in Katwijk"", ""total"": null, ""weight_size_quality"": null}"
6ed5fb98-a8f9-4ec0-a905-af0365c0a403,242,26-0607/1,fbef6459-c238-43e4-b7ac-6357713358f6,713,Classic to Modern Art,"Schilderijen, aquarellen en tekeningen I",Bomschuiten at sea ,"German Grobe (1857-1938), Bomschuiten at sea ","<h3>Painter / Artist / School</h3>German Grobe (1857-1938)<h3>Technique / Size</h3>oil on canvas, 86x111 cm (102x127 cm incl. frame)<h3>Signature / Dating</h3>signed 'German Grobe' (lower left)",published,EUR,700.0,1000.0,600.0,,,1,0,,,True,"Mon, 31 Aug 2026 08:00:00 GMT","Tue, 15 Sep 2026 19:03:00 GMT",https://media.app.artisio.co/media/3fc437c0-fdbb-4208-955a-90293eab416d/inventory/cbf7817f-7d47-4b1f-b613-a74c97cd9d3c/b7555ad0-b9e8-4064-b01b-03cc288bcb61/0001_FqOjCv_sm.jpeg;https://media.app.artisio.co/media/3fc437c0-fdbb-4208-955a-90293eab416d/inventory/cbf7817f-7d47-4b1f-b613-a74c97cd9d3c/f0ef5897-eff6-4bdd-9eec-1f354a549a67/0002_pRmJlM_sm.jpeg;https://media.app.artisio.co/media/3fc437c0-fdbb-4208-955a-90293eab416d/inventory/cbf7817f-7d47-4b1f-b613-a74c97cd9d3c/41738026-92d9-432e-ab26-9c11c54b9fe1/0003_goccHa_sm.jpeg;https://media.app.artisio.co/media/3fc437c0-fdbb-4208-955a-90293eab416d/inventory/cbf7817f-7d47-4b1f-b613-a74c97cd9d3c/7545bedd-61ef-4727-83f4-dd2e8dca56b9/0004_jimQOc_sm.jpeg,4,"{""artist_retail_right"": false, ""comments"": null, ""condition"": null, ""condition_report"": null, ""dimensions"": null, ""extra_text"": null, ""footnote"": null, ""header"": null, ""internal_reference"": null, ""literature"": null, ""origin_exhibition_lite"": null, ""painter_artist_school"": ""German Grobe (1857-1938)"", ""period"": null, ""signature_dating"": ""signed 'German Grobe' (lower left)"", ""technique_size"": ""oil on canvas, 86x111 cm (102x127 cm incl. frame)"", ""title"": ""Bomschuiten at sea "", ""total"": null, ""weight_size_quality"": null}"
c1ea6ab1-198f-4895-806e-cccd82ef2bb1,243,26-0607/16,fbef6459-c238-43e4-b7ac-6357713358f6,713,Classic to Modern Art,"Schilderijen, aquarellen en tekeningen I",Bomschuiten on the beach,"Wilhelm Hambüchen (German, 1869-1939), Bomschuiten on the beach","<h3>Painter / Artist / School</h3>Wilhelm Hambüchen (German, 1869-1939)<h3>Technique / Size</h3>oil on canvas, 60,5x80,5 cm (73x92,5 cm incl. frame)<h3>Signature / Dating</h3>signed 'W. Hambüchen' (lower right)",published,EUR,500.0,800.0,450.0,,,1,1,450.0,450.0,True,"Mon, 31 Aug 2026 08:00:00 GMT","Tue, 15 Sep 2026 19:03:00 GMT",https://media.app.artisio.co/media/3fc437c0-fdbb-4208-955a-90293eab416d/inventory/988f7410-cbb8-41a6-af4c-cf69f225ee02/9a052593-927e-4fe6-b8c1-99986ea727e2/0001_sIxKPN_sm.jpeg;https://media.app.artisio.co/media/3fc437c0-fdbb-4208-955a-90293eab416d/inventory/988f7410-cbb8-41a6-af4c-cf69f225ee02/722cd17c-f675-403d-af7e-b07609b2ca29/0002_FRpAGB_sm.jpeg;https://media.app.artisio.co/media/3fc437c0-fdbb-4208-955a-90293eab416d/inventory/988f7410-cbb8-41a6-af4c-cf69f225ee02/eb35290a-be63-4ff5-962e-ba08ff774243/0003_nYtduB_sm.jpeg;https://media.app.artisio.co/media/3fc437c0-fdbb-4208-955a-90293eab416d/inventory/988f7410-cbb8-41a6-af4c-cf69f225ee02/7aaa49da-7612-47da-92cd-d4b5788895e9/0004_LCEyKV_sm.jpeg,4,"{""artist_retail_right"": false, ""comments"": null, ""condition"": null, ""condition_report"": null, ""dimensions"": null, ""extra_text"": null, ""footnote"": null, ""header"": null, ""internal_reference"": null, ""literature"": null, ""origin_exhibition_lite"": null, ""painter_artist_school"": ""Wilhelm Hambüchen (German, 1869-1939)"", ""period"": null, ""signature_dating"": ""signed 'W. Hambüchen' (lower right)"", ""technique_size"": ""oil on canvas, 60,5x80,5 cm (73x92,5 cm incl. frame)"", ""title"": ""Bomschuiten on the beach"", ""total"": null, ""weight_size_quality"": null}"
4b1e455f-d0d5-4d51-9e1b-736ba92a68c3,244,26-0529/5,fbef6459-c238-43e4-b7ac-6357713358f6,713,Classic to Modern Art,"Schilderijen, aquarellen en tekeningen I",Beached ship,"French School (19th Century), circle of Henri Durand-Brager, Beached ship","<h3>Painter / Artist / School</h3>French School (19th Century), circle of Henri Durand-Brager<h3>Technique / Size</h3>oil on canvas, mounted on board, 20x35,5 cm<h3>Signature / Dating</h3>indistinctly signed with initial and dated '82' (lower left)",published,EUR,400.0,600.0,200.0,200.0,,1,0,,,True,"Mon, 31 Aug 2026 08:00:00 GMT","Tue, 15 Sep 2026 19:03:00 GMT",https://media.app.artisio.co/media/3fc437c0-fdbb-4208-955a-90293eab416d/inventory/3e04cf51-dd76-4103-b679-ffc7b82990ac/d9fe6f74-ecc9-4613-bcc4-6240793345c8/0001_UMZVPs_sm.jpeg;https://media.app.artisio.co/media/3fc437c0-fdbb-4208-955a-90293eab416d/inventory/3e04cf51-dd76-4103-b679-ffc7b82990ac/ad58f397-7b32-4610-be23-54b01f22166b/0002_CrPatU_sm.jpeg;https://media.app.artisio.co/media/3fc437c0-fdbb-4208-955a-90293eab416d/inventory/3e04cf51-dd76-4103-b679-ffc7b82990ac/11c985aa-937e-4148-b5d1-367a177becb3/0003_WeVzxR_sm.jpeg;https://media.app.artisio.co/media/3fc437c0-fdbb-4208-955a-90293eab416d/inventory/3e04cf51-dd76-4103-b679-ffc7b82990ac/090c7095-44bf-4cc3-9b15-1422d9513a64/0004_vtMtig_sm.jpeg,4,"{""artist_retail_right"": false, ""comments"": null, ""condition"": null, ""condition_report"": null, ""dimensions"": null, ""extra_text"": null, ""footnote"": null, ""header"": null, ""internal_reference"": null, ""literature"": null, ""origin_exhibition_lite"": null, ""painter_artist_school"": ""French School (19th Century), circle of Henri Durand-Brager"", ""period"": null, ""signature_dating"": ""indistinctly signed with initial and dated '82' (lower left)"", ""technique_size"": ""oil on canvas, mounted on board, 20x35,5 cm"", ""title"": ""Beached ship"", ""total"": null, ""weight_size_quality"": null}"
a03ec421-32db-46d3-9366-da24ee9af564,245,26-0398/1,fbef6459-c238-43e4-b7ac-6357713358f6,713,Classic to Modern Art,"Schilderijen, aquarellen en tekeningen I",Flat-bottomed boat at sea,"Willem Bastiaan Tholen (1860-1931), Flat-bottomed boat at sea","<h3>Painter / Artist / School</h3>Willem Bastiaan Tholen (1860-1931)<h3>Technique / Size</h3>oil on panel, 27x36 cm (38x48 cm incl. frame)<h3>Signature / Dating</h3>signed 'Tholen' (lower right)",published,EUR,800.0,1200.0,600.0,600.0,,1,1,600.0,600.0,True,"Mon, 31 Aug 2026 08:00:00 GMT","Tue, 15 Sep 2026 19:03:00 GMT",https://media.app.artisio.co/media/3fc437c0-fdbb-4208-955a-90293eab416d/inventory/c4f6f515-f6d9-4754-8dcf-e51c0f1c5f8a/3a21a418-2126-46dc-841a-428f4e44e37e/0001_yiVzpe_sm.jpeg;https://media.app.artisio.co/media/3fc437c0-fdbb-4208-955a-90293eab416d/inventory/c4f6f515-f6d9-4754-8dcf-e51c0f1c5f8a/26887060-5d9c-4190-b3a0-a76eeaf5ad6e/0002_wEqBfg_sm.jpeg;https://media.app.artisio.co/media/3fc437c0-fdbb-4208-955a-90293eab416d/inventory/c4f6f515-f6d9-4754-8dcf-e51c0f1c5f8a/50a25adf-d2d0-4fe4-a93d-ae6f2def98c9/0003_dqzrHc_sm.jpeg;https://media.app.artisio.co/media/3fc437c0-fdbb-4208-955a-90293eab416d/inventory/c4f6f515-f6d9-4754-8dcf-e51c0f1c5f8a/afecfdc5-917e-481e-a9ed-522a5680e597/0004_tkqzYP_sm.jpeg,4,"{""artist_retail_right"": false, ""comments"": null, ""condition"": null, ""condition_report"": null, ""dimensions"": null, ""extra_text"": null, ""footnote"": null, ""header"": null, ""internal_reference"": null, ""literature"": null, ""origin_exhibition_lite"": null, ""painter_artist_school"": ""Willem Bastiaan Tholen (1860-1931)"", ""period"": null, ""signature_dating"": ""signed 'Tholen' (lower right)"", ""technique_size"": ""oil on panel, 27x36 cm (38x48 cm incl. frame)"", ""title"": ""Flat-bottomed boat at sea"", ""total"": null, ""weight_size_quality"": null}"
6b56423d-d229-4c43-b295-dc66236df9e3,246,26-0634/5,fbef6459-c238-43e4-b7ac-6357713358f6,713,Classic to Modern Art,"Schilderijen, aquarellen en tekeningen I",Horses and boats at the Uitwatering of the Oud Rijn in Katwijk,"Willy Sluiter (1873-1949), Horses and boats at the Uitwatering of the Oud Rijn in Katwijk","<h3>Painter / Artist / School</h3>Willy Sluiter (1873-1949)<h3>Technique / Size</h3>pencil and watercolour on paper, 19x31,5 cm (35,5x47 cm incl. frame)<h3>Signature / Dating</h3>signed, dated and annotated 'Katwijk/Willy Sluiter '98 ' (lower right)",published,EUR,500.0,800.0,400.0,400.0,,1,0,,,True,"Mon, 31 Aug 2026 08:00:00 GMT","Tue, 15 Sep 2026 19:03:00 GMT",https://media.app.artisio.co/media/3fc437c0-fdbb-4208-955a-90293eab416d/inventory/3cb64866-0107-4106-a2af-7bbd3b9836b4/d7445489-991c-4cc9-a82c-39d352ae0b04/0001_wrsUwW_sm.jpeg;https://media.app.artisio.co/media/3fc437c0-fdbb-4208-955a-90293eab416d/inventory/3cb64866-0107-4106-a2af-7bbd3b9836b4/be4dc935-de99-4d38-975e-43f58f3538b4/0002_ZgdnyC_sm.jpeg;https://media.app.artisio.co/media/3fc437c0-fdbb-4208-955a-90293eab416d/inventory/3cb64866-0107-4106-a2af-7bbd3b9836b4/90e9a524-32ba-44a6-b803-c06727979bd2/0003_UIHgIY_sm.jpeg;https://media.app.artisio.co/media/3fc437c0-fdbb-4208-955a-90293eab416d/inventory/3cb64866-0107-4106-a2af-7bbd3b9836b4/4a76d4a5-77e4-437e-b54b-9645a428989c/0004_evBmak_sm.jpeg,4,"{""artist_retail_right"": false, ""comments"": null, ""condition"": null, ""condition_report"": null, ""dimensions"": null, ""extra_text"": null, ""footnote"": null, ""header"": null, ""internal_reference"": null, ""literature"": null, ""origin_exhibition_lite"": null, ""painter_artist_school"": ""Willy Sluiter (1873-1949)"", ""period"": null, ""signature_dating"": ""signed, dated and annotated 'Katwijk/Willy Sluiter '98 ' (lower right)"", ""technique_size"": ""pencil and watercolour on paper, 19x31,5 cm (35,5x47 cm incl. frame)"", ""title"": ""Horses and boats at the Uitwatering of the Oud Rijn in Katwijk"", ""total"": null, ""weight_size_quality"": null}"
97b488b4-15ad-4e9a-8193-08958dc2b33c,247,26-0217/2,fbef6459-c238-43e4-b7ac-6357713358f6,713,Classic to Modern Art,"Schilderijen, aquarellen en tekeningen I",Reed cutter in winter,"Arend Jan van Driesten (1878-1969), Reed cutter in winter","<h3>Painter / Artist / School</h3>Arend Jan van Driesten (1878-1969)<h3>Literature</h3><p>Exhibited:<br>-Woerden, Stadsmuseum Woerden, ‘Echte winters: landschapschilders 1875-1940’, 13 December 2003-7 March 2004.&nbsp;<br>-Leiden, Museum De Lakenhal Leiden, ‘Arend Jan van Driesten ‘zoo innig Hollandsch’ ', 17 December 2004-3 April 2005.&nbsp;</p><p>Literature:<br>-Paul Nieuwenhuizen, Florence de Graaf, ‘Echte winters: landschapschilders 1875-1940’, Woerden 2003, no. 6.&nbsp;<br>-Marina van Dongen, ‘Arend Jan van Driesten 1878-1969, ‘zoo innig Hollandsch’, Oegstgeest 2004, ill. p. 36, no. 26, as: ‘Rietsnijders in de winter’.</p><p>Provenance:<br>-Kunsthandel Goupil, The Hague,&nbsp;inv. no. 20569 (number written on the reverse of the paper), mentioned on inventory list Goupil 1904, as: ‘Bateau pris dans les glaces’.&nbsp;<br><i>-</i>Auction<i>, </i>Dawson's Auctioneers, New Jersey, U.S.A.,&nbsp;13 January 2001, Lot 266, where acquired by the present owner.</p><h3>Technique / Size</h3>watercolour and gouache on paper, 59x88 cm (80x109 cm incl. frame)<h3>Signature / Dating</h3>signed 'A.J van Driesten' (lower right)",published,EUR,700.0,1000.0,700.0,700.0,,1,0,,,True,"Mon, 31 Aug 2026 08:00:00 GMT","Tue, 15 Sep 2026 19:03:00 GMT",https://media.app.artisio.co/media/3fc437c0-fdbb-4208-955a-90293eab416d/inventory/bb097882-eaf9-4846-bf95-6a54cacfa263/5e567172-1ff3-422e-bcc5-7aef79e9adba/0003_RlTBAZ_sm.jpeg;https://media.app.artisio.co/media/3fc437c0-fdbb-4208-955a-90293eab416d/inventory/bb097882-eaf9-4846-bf95-6a54cacfa263/7e6891b6-ad0a-4d0f-a256-18c7885041e3/0004_inzNPv_sm.jpeg;https://media.app.artisio.co/media/3fc437c0-fdbb-4208-955a-90293eab416d/inventory/bb097882-eaf9-4846-bf95-6a54cacfa263/50703040-8fe6-43f9-a1b8-03031f445356/0005_cqncVL_sm.jpeg;https://media.app.artisio.co/media/3fc437c0-fdbb-4208-955a-90293eab416d/inventory/bb097882-eaf9-4846-bf95-6a54cacfa263/cd44d27e-d3fe-4f86-9d31-7a6bb522c1ce/0006_rVldch_sm.jpeg;https://media.app.artisio.co/media/3fc437c0-fdbb-4208-955a-90293eab416d/inventory/bb097882-eaf9-4846-bf95-6a54cacfa263/72a74748-ba04-415a-b1f5-41cf99cd010e/0006a_gHdXYy_sm.jpeg;https://media.app.artisio.co/media/3fc437c0-fdbb-4208-955a-90293eab416d/inventory/bb097882-eaf9-4846-bf95-6a54cacfa263/d47036a7-673c-4557-be9b-0494e17cfc49/0006b_SnbWPb_sm.jpeg;https://media.app.artisio.co/media/3fc437c0-fdbb-4208-955a-90293eab416d/inventory/bb097882-eaf9-4846-bf95-6a54cacfa263/e665cb84-4030-4ce8-8d0f-8e4bebd9077f/0006c_ViflCs_sm.jpeg,7,"{""artist_retail_right"": true, ""comments"": ""<p>Goupil number written on the reverse of the paper: <i>nu ingelijst en nummer niet zichtbaar dus.&nbsp;</i></p>"", ""condition"": null, ""condition_report"": null, ""dimensions"": null, ""extra_text"": null, ""footnote"": null, ""header"": null, ""internal_reference"": null, ""literature"": ""<p>Exhibited:<br>-Woerden, Stadsmuseum Woerden, ‘Echte winters: landschapschilders 1875-1940’, 13 December 2003-7 March 2004.&nbsp;<br>-Leiden, Museum De Lakenhal Leiden, ‘Arend Jan van Driesten ‘zoo innig Hollandsch’ ', 17 December 2004-3 April 2005.&nbsp;</p><p>Literature:<br>-Paul Nieuwenhuizen, Florence de Graaf, ‘Echte winters: landschapschilders 1875-1940’, Woerden 2003, no. 6.&nbsp;<br>-Marina van Dongen, ‘Arend Jan van Driesten 1878-1969, ‘zoo innig Hollandsch’, Oegstgeest 2004, ill. p. 36, no. 26, as: ‘Rietsnijders in de winter’.</p><p>Provenance:<br>-Kunsthandel Goupil, The Hague,&nbsp;inv. no. 20569 (number written on the reverse of the paper), mentioned on inventory list Goupil 1904, as: ‘Bateau pris dans les glaces’.&nbsp;<br><i>-</i>Auction<i>, </i>Dawson's Auctioneers, New Jersey, U.S.A.,&nbsp;13 January 2001, Lot 266, where acquired by the present owner.</p>"", ""origin_exhibition_lite"": null, ""painter_artist_school"": ""Arend Jan van Driesten (1878-1969)"", ""period"": null, ""signature_dating"": ""signed 'A.J van Driesten' (lower right)"", ""technique_size"": ""watercolour and gouache on paper, 59x88 cm (80x109 cm incl. frame)"", ""title"": ""Reed cutter in winter"", ""total"": null, ""weight_size_quality"": null}"
2df97472-8f6b-4b6b-88d3-446cc2dab2f2,248,26-0179/4,fbef6459-c238-43e4-b7ac-6357713358f6,713,Classic to Modern Art,"Schilderijen, aquarellen en tekeningen I",Harbour view,"Johan Hendrik van Mastenbroek (1875-1945), Harbour view","<h3>Painter / Artist / School</h3>Johan Hendrik van Mastenbroek (1875-1945)<h3>Technique / Size</h3>watercolour and pencil on paper, 16x36 cm (33x53 cm incl. frame)<h3>Signature / Dating</h3>signed and dated 'JH v Mastenbroek 96' (lower right)",published,EUR,500.0,800.0,400.0,400.0,,1,0,,,True,"Mon, 31 Aug 2026 08:00:00 GMT","Tue, 15 Sep 2026 19:06:00 GMT",https://media.app.artisio.co/media/3fc437c0-fdbb-4208-955a-90293eab416d/inventory/20580535-084f-4d03-a8c0-de61631435af/27466b70-966c-4d27-97a1-a00d8eea9e30/0001_IBkknl_sm.jpeg;https://media.app.artisio.co/media/3fc437c0-fdbb-4208-955a-90293eab416d/inventory/20580535-084f-4d03-a8c0-de61631435af/fc54b9e9-1ffe-47cb-ade5-544b497b01ea/0002_voqopI_sm.jpeg;https://media.app.artisio.co/media/3fc437c0-fdbb-4208-955a-90293eab416d/inventory/20580535-084f-4d03-a8c0-de61631435af/fcd57d05-cbc1-4053-b858-1478bd1a7c8b/0003_ZwFGdO_sm.jpeg;https://media.app.artisio.co/media/3fc437c0-fdbb-4208-955a-90293eab416d/inventory/20580535-084f-4d03-a8c0-de61631435af/846bf0db-5b4a-4ece-8ae8-f3398dd4f365/0004_FgiwPf_sm.jpeg,4,"{""artist_retail_right"": false, ""comments"": null, ""condition"": null, ""condition_report"": null, ""dimensions"": null, ""extra_text"": null, ""footnote"": null, ""header"": null, ""internal_reference"": null, ""literature"": null, ""origin_exhibition_lite"": null, ""painter_artist_school"": ""Johan Hendrik van Mastenbroek (1875-1945)"", ""period"": null, ""signature_dating"": ""signed and dated 'JH v Mastenbroek 96' (lower right)"", ""technique_size"": ""watercolour and pencil on paper, 16x36 cm (33x53 cm incl. frame)"", ""title"": ""Harbour view"", ""total"": null, ""weight_size_quality"": null}"
147a3abc-37b4-476d-875e-885b5568881d,249,26-0607/15,fbef6459-c238-43e4-b7ac-6357713358f6,713,Classic to Modern Art,"Schilderijen, aquarellen en tekeningen I",Rotterdam harbour with steamboats ,"Gerard Delfgaauw (1882-1947), Rotterdam harbour with steamboats ","<h3>Painter / Artist / School</h3>Gerard Delfgaauw (1882-1947)<h3>Technique / Size</h3>oil on canvas, 40x80,5 cm (56x96,5 cm incl. frame)<h3>Signature / Dating</h3>signed 'G.J. Delfgaauw' (lower right)",published,EUR,400.0,600.0,350.0,,,1,1,350.0,350.0,True,"Mon, 31 Aug 2026 08:00:00 GMT","Tue, 15 Sep 2026 19:06:00 GMT",https://media.app.artisio.co/media/3fc437c0-fdbb-4208-955a-90293eab416d/inventory/76b203fc-6e75-49f0-95b4-f71d48129a47/7f0bb24f-5fe8-4812-9749-b2be365cb60a/0001_PCtpDq_sm.jpeg;https://media.app.artisio.co/media/3fc437c0-fdbb-4208-955a-90293eab416d/inventory/76b203fc-6e75-49f0-95b4-f71d48129a47/7d1cca79-ebaa-4868-bf8e-257861860df8/0002_tlAfxt_sm.jpeg;https://media.app.artisio.co/media/3fc437c0-fdbb-4208-955a-90293eab416d/inventory/76b203fc-6e75-49f0-95b4-f71d48129a47/4a19c898-b863-4688-8282-66e9c59be4db/0003_vidbhZ_sm.jpeg;https://media.app.artisio.co/media/3fc437c0-fdbb-4208-955a-90293eab416d/inventory/76b203fc-6e75-49f0-95b4-f71d48129a47/11a4d4f1-fa9f-4006-9987-02ceadfb43c5/0004_KyJoTM_sm.jpeg,4,"{""artist_retail_right"": false, ""comments"": null, ""condition"": null, ""condition_report"": null, ""dimensions"": null, ""extra_text"": null, ""footnote"": null, ""header"": null, ""internal_reference"": null, ""literature"": null, ""origin_exhibition_lite"": null, ""painter_artist_school"": ""Gerard Delfgaauw (1882-1947)"", ""period"": null, ""signature_dating"": ""signed 'G.J. Delfgaauw' (lower right)"", ""technique_size"": ""oil on canvas, 40x80,5 cm (56x96,5 cm incl. frame)"", ""title"": ""Rotterdam harbour with steamboats "", ""total"": null, ""weight_size_quality"": null}"
1869b612-4ea3-4071-b66d-e2a9102fc821,250,26-0179/3,fbef6459-c238-43e4-b7ac-6357713358f6,713,Classic to Modern Art,"Schilderijen, aquarellen en tekeningen I",Port of Rotterdam,"Gerardus Johannes Delfgaauw (1882-1947), Port of Rotterdam","<h3>Painter / Artist / School</h3>Gerardus Johannes Delfgaauw (1882-1947)<h3>Literature</h3><p>Provenance:<br>-With Kunstgalerij De Vuyst, Lokeren (label attached to stretcher).</p><h3>Technique / Size</h3>oil on canvas, 60x100,5 cm (86,5x126 cm incl. frame)<h3>Signature / Dating</h3>signed 'G.J. Delfgaauw' (lower right)",published,EUR,600.0,900.0,500.0,500.0,,1,0,,,True,"Mon, 31 Aug 2026 08:00:00 GMT","Tue, 15 Sep 2026 19:06:00 GMT",https://media.app.artisio.co/media/3fc437c0-fdbb-4208-955a-90293eab416d/inventory/ff7faa1c-6d39-43aa-9e9a-a17180a148b8/46b94161-36e7-4a13-a7fd-0ce6434f5c98/0001_ptAxhR_sm.jpeg;https://media.app.artisio.co/media/3fc437c0-fdbb-4208-955a-90293eab416d/inventory/ff7faa1c-6d39-43aa-9e9a-a17180a148b8/5ee33c36-08a4-48f6-b70d-1f38ac9adaa9/0002_xVYSeh_sm.jpeg;https://media.app.artisio.co/media/3fc437c0-fdbb-4208-955a-90293eab416d/inventory/ff7faa1c-6d39-43aa-9e9a-a17180a148b8/0398bdb1-167c-44b6-aa0e-8536b884350e/0003_aAZRmB_sm.jpeg;https://media.app.artisio.co/media/3fc437c0-fdbb-4208-955a-90293eab416d/inventory/ff7faa1c-6d39-43aa-9e9a-a17180a148b8/f6ab0a3a-ca82-4c1f-9e71-84d5f9cb0356/0004_agbVyH_sm.jpeg;https://media.app.artisio.co/media/3fc437c0-fdbb-4208-955a-90293eab416d/inventory/ff7faa1c-6d39-43aa-9e9a-a17180a148b8/bc7d6805-f51e-428f-97ef-d439e2279d01/0005_vtivOI_sm.jpeg,5,"{""artist_retail_right"": false, ""comments"": null, ""condition"": null, ""condition_report"": null, ""dimensions"": null, ""extra_text"": null, ""footnote"": null, ""header"": null, ""internal_reference"": null, ""literature"": ""<p>Provenance:<br>-With Kunstgalerij De Vuyst, Lokeren (label attached to stretcher).</p>"", ""origin_exhibition_lite"": null, ""painter_artist_school"": ""Gerardus Johannes Delfgaauw (1882-1947)"", ""period"": null, ""signature_dating"": ""signed 'G.J. Delfgaauw' (lower right)"", ""technique_size"": ""oil on canvas, 60x100,5 cm (86,5x126 cm incl. frame)"", ""title"": ""Port of Rotterdam"", ""total"": null, ""weight_size_quality"": null}"
8f3e1d98-eb46-46eb-a594-f0e16950f2f9,251,26-0477/6,fbef6459-c238-43e4-b7ac-6357713358f6,713,Classic to Modern Art,"Schilderijen, aquarellen en tekeningen I",Officer Herman Laman Trip (1840-1928) on horseback,"Jan Hoynck van Papendrecht (1858-1933), Officer Herman Laman Trip (1840-1928) on horseback","<h3>Painter / Artist / School</h3>Jan Hoynck van Papendrecht (1858-1933)<h3>Literature</h3><p>Provenance:<br>-Auction, Glerum, The Hague, 30 May 1994, lot 1, thence by descent to the present owner.&nbsp;</p><h3>Technique / Size</h3>watercolour and pen, heightenend in white, on paper, 22x16,5 cm (42,5x34,5 cm incl. frame)<h3>Signature / Dating</h3>signed with initials and dated 'J.HvP .98.' (lower right)",published,EUR,300.0,500.0,200.0,,,1,0,,,True,"Mon, 31 Aug 2026 08:00:00 GMT","Tue, 15 Sep 2026 19:06:00 GMT",https://media.app.artisio.co/media/3fc437c0-fdbb-4208-955a-90293eab416d/inventory/abb0ea2d-e527-49e4-a10e-17d3f1264541/c6b8cc0f-9670-40b0-a01a-62fb8a808ea4/0001_MIEQPp_sm.jpeg;https://media.app.artisio.co/media/3fc437c0-fdbb-4208-955a-90293eab416d/inventory/abb0ea2d-e527-49e4-a10e-17d3f1264541/ff03a942-5f42-48a7-b135-b9d820f27209/0002_QdZNRl_sm.jpeg;https://media.app.artisio.co/media/3fc437c0-fdbb-4208-955a-90293eab416d/inventory/abb0ea2d-e527-49e4-a10e-17d3f1264541/7a94baad-5c48-48d8-a510-a547db750460/0003_tRAvwk_sm.jpeg;https://media.app.artisio.co/media/3fc437c0-fdbb-4208-955a-90293eab416d/inventory/abb0ea2d-e527-49e4-a10e-17d3f1264541/70195792-a586-4252-a549-317c36c6f2d8/0004_wwozKz_sm.jpeg,4,"{""artist_retail_right"": false, ""comments"": ""<p>https://rkd.nl/imageslite/4068562</p>"", ""condition"": null, ""condition_report"": null, ""dimensions"": null, ""extra_text"": null, ""footnote"": null, ""header"": null, ""internal_reference"": null, ""literature"": ""<p>Provenance:<br>-Auction, Glerum, The Hague, 30 May 1994, lot 1, thence by descent to the present owner.&nbsp;</p>"", ""origin_exhibition_lite"": null, ""painter_artist_school"": ""Jan Hoynck van Papendrecht (1858-1933)"", ""period"": null, ""signature_dating"": ""signed with initials and dated 'J.HvP .98.' (lower right)"", ""technique_size"": ""watercolour and pen, heightenend in white, on paper, 22x16,5 cm (42,5x34,5 cm incl. frame)"", ""title"": ""Officer Herman Laman Trip (1840-1928) on horseback"", ""total"": null, ""weight_size_quality"": null}"
9cb7b116-4412-461b-9e95-5909cba28f17,252,26-0477/7,fbef6459-c238-43e4-b7ac-6357713358f6,713,Classic to Modern Art,"Schilderijen, aquarellen en tekeningen I",Captain of the mounted artillery J.A. Paets in the battle of Ocana (1809),"Jan Hoynck van Papendrecht (1858-1933), Captain of the mounted artillery J.A. Paets in the battle of Ocana (1809)","<h3>Painter / Artist / School</h3>Jan Hoynck van Papendrecht (1858-1933)<h3>Literature</h3><p>Literature:<br>-N.A.J.P.H. van Es, ‘Het Historisch Museum van het Korps Rijdende Artillerie’, Vol. III, 1898, p. 109.</p><p>Provenance:<br>-Auction, Glerum, The Hague, 30 May 1994, lot 2, thence by descent to the present owner.</p><h3>Technique / Size</h3>watercolour and pen on paper, 19x27 cm (41x51 cm incl. frame)<h3>Signature / Dating</h3>signed 'J. Hoynck' (lower right)<h3>Extra Text</h3><p>RKD image 136939.&nbsp;</p>",published,EUR,700.0,1000.0,600.0,,,1,0,,,True,"Mon, 31 Aug 2026 08:00:00 GMT","Tue, 15 Sep 2026 19:06:00 GMT",https://media.app.artisio.co/media/3fc437c0-fdbb-4208-955a-90293eab416d/inventory/2016a452-b599-4798-a6bb-7ee84e85ca17/78840735-95d8-438f-aa9a-5479cbb4c64f/0001_WyPpIN_sm.jpeg;https://media.app.artisio.co/media/3fc437c0-fdbb-4208-955a-90293eab416d/inventory/2016a452-b599-4798-a6bb-7ee84e85ca17/0a69e366-ebfa-4ab6-932a-09e10cc75e05/0002_OPzTQd_sm.jpeg;https://media.app.artisio.co/media/3fc437c0-fdbb-4208-955a-90293eab416d/inventory/2016a452-b599-4798-a6bb-7ee84e85ca17/f1df6c30-1cf5-45a0-984c-af0fb4dec56a/0003_LnpnTD_sm.jpeg;https://media.app.artisio.co/media/3fc437c0-fdbb-4208-955a-90293eab416d/inventory/2016a452-b599-4798-a6bb-7ee84e85ca17/c8b6ee2e-8ee1-441a-a3d7-c1c1a2356845/0004_oqVqQh_sm.jpeg,4,"{""artist_retail_right"": false, ""comments"": ""<p>https://rkd.nl/images/136939 &nbsp;https://rkd.nl/imageslite/4068559</p>"", ""condition"": null, ""condition_report"": null, ""dimensions"": null, ""extra_text"": ""<p>RKD image 136939.&nbsp;</p>"", ""footnote"": null, ""header"": null, ""internal_reference"": null, ""literature"": ""<p>Literature:<br>-N.A.J.P.H. van Es, ‘Het Historisch Museum van het Korps Rijdende Artillerie’, Vol. III, 1898, p. 109.</p><p>Provenance:<br>-Auction, Glerum, The Hague, 30 May 1994, lot 2, thence by descent to the present owner.</p>"", ""origin_exhibition_lite"": null, ""painter_artist_school"": ""Jan Hoynck van Papendrecht (1858-1933)"", ""period"": null, ""signature_dating"": ""signed 'J. Hoynck' (lower right)"", ""technique_size"": ""watercolour and pen on paper, 19x27 cm (41x51 cm incl. frame)"", ""title"": ""Captain of the mounted artillery J.A. Paets in the battle of Ocana (1809)"", ""total"": null, ""weight_size_quality"": null}"
8f075b5c-05cf-4172-a526-3b203d67cbca,253,26-0477/8,fbef6459-c238-43e4-b7ac-6357713358f6,713,Classic to Modern Art,"Schilderijen, aquarellen en tekeningen I",Batavian horsemen,"Jan Hoynck van Papendrecht (1858-1933), Batavian horsemen","<h3>Painter / Artist / School</h3>Jan Hoynck van Papendrecht (1858-1933)<h3>Literature</h3><p>Provenance:<br>-Auction, Venduehuis, The Hague, 6 November 1996, lot 60, thence by descent to the present owner.&nbsp;</p><h3>Technique / Size</h3>watercolour, gouache and pen on paper, 27x35 cm (38x46 cm incl. frame)<h3>Signature / Dating</h3>signed with initials 'J.HvP' (centre right)",published,EUR,700.0,1000.0,600.0,,,1,0,,,True,"Mon, 31 Aug 2026 08:00:00 GMT","Tue, 15 Sep 2026 19:06:00 GMT",https://media.app.artisio.co/media/3fc437c0-fdbb-4208-955a-90293eab416d/inventory/74c8e930-5245-495c-a658-c2f9f04f8976/5ce5513c-2826-46db-bab8-d9266eaa07f4/0001_dvomKB_sm.jpeg;https://media.app.artisio.co/media/3fc437c0-fdbb-4208-955a-90293eab416d/inventory/74c8e930-5245-495c-a658-c2f9f04f8976/17086a2b-ac54-4259-b777-f85f912051fa/0002_zqdaTu_sm.jpeg;https://media.app.artisio.co/media/3fc437c0-fdbb-4208-955a-90293eab416d/inventory/74c8e930-5245-495c-a658-c2f9f04f8976/0d44c83b-5920-4871-a1c6-a04900667866/0003_JeqSqQ_sm.jpeg;https://media.app.artisio.co/media/3fc437c0-fdbb-4208-955a-90293eab416d/inventory/74c8e930-5245-495c-a658-c2f9f04f8976/742f4746-5bc9-4b50-9a26-3106c4806866/0004_LemBVp_sm.jpeg,4,"{""artist_retail_right"": false, ""comments"": ""<p>https://rkd.nl/imageslite/4068567</p>"", ""condition"": null, ""condition_report"": null, ""dimensions"": null, ""extra_text"": null, ""footnote"": null, ""header"": null, ""internal_reference"": null, ""literature"": ""<p>Provenance:<br>-Auction, Venduehuis, The Hague, 6 November 1996, lot 60, thence by descent to the present owner.&nbsp;</p>"", ""origin_exhibition_lite"": null, ""painter_artist_school"": ""Jan Hoynck van Papendrecht (1858-1933)"", ""period"": null, ""signature_dating"": ""signed with initials 'J.HvP' (centre right)"", ""technique_size"": ""watercolour, gouache and pen on paper, 27x35 cm (38x46 cm incl. frame)"", ""title"": ""Batavian horsemen"", ""total"": null, ""weight_size_quality"": null}"
2238360e-b8d1-4a0a-98c1-3d29b81ddcd4,254,26-0250/1,fbef6459-c238-43e4-b7ac-6357713358f6,713,Classic to Modern Art,"Schilderijen, aquarellen en tekeningen I",Figures in the interior of the church in Haren,"Johannes Bosboom (1817-1891), Figures in the interior of the church in Haren","<h3>Painter / Artist / School</h3>Johannes Bosboom (1817-1891)<h3>Technique / Size</h3>pencil and watercolour on paper, 46,5x36,5 cm<h3>Signature / Dating</h3>signed 'J Bosboom' (lower right)",published,EUR,700.0,1000.0,500.0,500.0,,1,0,,,True,"Mon, 31 Aug 2026 08:00:00 GMT","Tue, 15 Sep 2026 19:09:00 GMT",https://media.app.artisio.co/media/3fc437c0-fdbb-4208-955a-90293eab416d/inventory/51ffbb2c-eedc-4587-8149-f07b3d61ed28/95bb279b-4e39-4706-b0ae-3f30f7a99457/0002_VuJFwy_sm.jpeg;https://media.app.artisio.co/media/3fc437c0-fdbb-4208-955a-90293eab416d/inventory/51ffbb2c-eedc-4587-8149-f07b3d61ed28/e26618ac-1e47-407b-829d-cf8286a56827/0003_XzpavK_sm.jpeg;https://media.app.artisio.co/media/3fc437c0-fdbb-4208-955a-90293eab416d/inventory/51ffbb2c-eedc-4587-8149-f07b3d61ed28/f0b83ebc-5ad8-404a-a5b3-36e9728824a5/0003a_fewTvM_sm.jpeg;https://media.app.artisio.co/media/3fc437c0-fdbb-4208-955a-90293eab416d/inventory/51ffbb2c-eedc-4587-8149-f07b3d61ed28/b5087136-c710-4769-9867-74513a11951c/0003b_pkOdmW_sm.jpeg,4,"{""artist_retail_right"": false, ""comments"": ""<p>(55x45 cm incl. frame)</p><p>https://rkd.nl/imageslite/3954659 zelfde interieur&nbsp;</p>"", ""condition"": null, ""condition_report"": null, ""dimensions"": null, ""extra_text"": null, ""footnote"": null, ""header"": null, ""internal_reference"": null, ""literature"": null, ""origin_exhibition_lite"": null, ""painter_artist_school"": ""Johannes Bosboom (1817-1891)"", ""period"": null, ""signature_dating"": ""signed 'J Bosboom' (lower right)"", ""technique_size"": ""pencil and watercolour on paper, 46,5x36,5 cm"", ""title"": ""Figures in the interior of the church in Haren"", ""total"": null, ""weight_size_quality"": null}"
238673fe-6565-40d1-b286-e61a47217add,255,26-0459/32,fbef6459-c238-43e4-b7ac-6357713358f6,713,Classic to Modern Art,"Schilderijen, aquarellen en tekeningen I",Entangled lovers,"Emile Henri Bernard (French, 1868-1941), Entangled lovers","<h3>Painter / Artist / School</h3>Emile Henri Bernard (French, 1868-1941)<h3>Technique / Size</h3>brown ink and wash on paper, 24,5x32 cm (44x50 cm incl. frame)<h3>Signature / Dating</h3>signed 'E. Bernard' (lower right)",published,EUR,500.0,800.0,300.0,,,1,0,,,True,"Mon, 31 Aug 2026 08:00:00 GMT","Tue, 15 Sep 2026 19:09:00 GMT",https://media.app.artisio.co/media/3fc437c0-fdbb-4208-955a-90293eab416d/inventory/e2219ed2-7a63-4ee5-bf29-fa420680d434/9056705f-2520-4f86-82e7-1fad423bcf55/0001_zGWpSY_sm.jpeg;https://media.app.artisio.co/media/3fc437c0-fdbb-4208-955a-90293eab416d/inventory/e2219ed2-7a63-4ee5-bf29-fa420680d434/735f6e56-0c6c-4786-8c23-ac0cba1857a9/0002_BwIehx_sm.jpeg;https://media.app.artisio.co/media/3fc437c0-fdbb-4208-955a-90293eab416d/inventory/e2219ed2-7a63-4ee5-bf29-fa420680d434/9d092300-984c-4ff0-8dee-48a786ea9a7a/0003_borngy_sm.jpeg;https://media.app.artisio.co/media/3fc437c0-fdbb-4208-955a-90293eab416d/inventory/e2219ed2-7a63-4ee5-bf29-fa420680d434/8abc7443-a9e4-481c-8df4-4bc83bb758fc/0004_VNRGuc_sm.jpeg,4,"{""artist_retail_right"": false, ""comments"": null, ""condition"": null, ""condition_report"": null, ""dimensions"": null, ""extra_text"": null, ""footnote"": null, ""header"": null, ""internal_reference"": null, ""literature"": null, ""origin_exhibition_lite"": null, ""painter_artist_school"": ""Emile Henri Bernard (French, 1868-1941)"", ""period"": null, ""signature_dating"": ""signed 'E. Bernard' (lower right)"", ""technique_size"": ""brown ink and wash on paper, 24,5x32 cm (44x50 cm incl. frame)"", ""title"": ""Entangled lovers"", ""total"": null, ""weight_size_quality"": null}"
5f57ef1d-05b9-48bb-ae23-6d0ae5988c74,256,26-0459/33,fbef6459-c238-43e4-b7ac-6357713358f6,713,Classic to Modern Art,"Schilderijen, aquarellen en tekeningen I",Italian city street,"Emile Henri Bernard (French, 1868-1941), Italian city street","<h3>Painter / Artist / School</h3>Emile Henri Bernard (French, 1868-1941)<h3>Technique / Size</h3>brown ink and wash on paper, 32,5x24,5 cm (53x44 cm incl. frame)<h3>Signature / Dating</h3>signed 'Emile Bernard' (upper right)",published,EUR,500.0,800.0,300.0,,,1,0,,,True,"Mon, 31 Aug 2026 08:00:00 GMT","Tue, 15 Sep 2026 19:09:00 GMT",https://media.app.artisio.co/media/3fc437c0-fdbb-4208-955a-90293eab416d/inventory/0940ebbb-0248-4f8d-8dae-432f223334d4/b046fdce-f9ac-4c9b-98bc-aa4aafdb37a9/0001_OTHsGu_sm.jpeg;https://media.app.artisio.co/media/3fc437c0-fdbb-4208-955a-90293eab416d/inventory/0940ebbb-0248-4f8d-8dae-432f223334d4/a0ca646d-b0b5-4588-b225-8e31c64f2e96/0002_bNqDFR_sm.jpeg;https://media.app.artisio.co/media/3fc437c0-fdbb-4208-955a-90293eab416d/inventory/0940ebbb-0248-4f8d-8dae-432f223334d4/d439f65c-e81c-4409-a8e9-9f16d1b0569e/0003_eNsfwe_sm.jpeg;https://media.app.artisio.co/media/3fc437c0-fdbb-4208-955a-90293eab416d/inventory/0940ebbb-0248-4f8d-8dae-432f223334d4/a6e222c9-0fa3-4b3e-8119-fb07e7e127f6/0004_VrTMhc_sm.jpeg,4,"{""artist_retail_right"": false, ""comments"": null, ""condition"": null, ""condition_report"": null, ""dimensions"": null, ""extra_text"": null, ""footnote"": null, ""header"": null, ""internal_reference"": null, ""literature"": null, ""origin_exhibition_lite"": null, ""painter_artist_school"": ""Emile Henri Bernard (French, 1868-1941)"", ""period"": null, ""signature_dating"": ""signed 'Emile Bernard' (upper right)"", ""technique_size"": ""brown ink and wash on paper, 32,5x24,5 cm (53x44 cm incl. frame)"", ""title"": ""Italian city street"", ""total"": null, ""weight_size_quality"": null}"
00db36ae-2f4d-41b6-8384-d78a07453d2d,257,26-0634/1,fbef6459-c238-43e4-b7ac-6357713358f6,713,Classic to Modern Art,"Schilderijen, aquarellen en tekeningen I","Man wearing a hat with a walking stick, sitting at a table","Kees Verwey (1900-1995), Man wearing a hat with a walking stick, sitting at a table","<h3>Painter / Artist / School</h3>Kees Verwey (1900-1995)<h3>Technique / Size</h3>watercolour on paper, 32x43 cm (48,5x59,5 cm incl. frame)<h3>Signature / Dating</h3>signed and dated '32/KVerwey'",published,EUR,500.0,700.0,300.0,300.0,,1,0,,,True,"Mon, 31 Aug 2026 08:00:00 GMT","Tue, 15 Sep 2026 19:09:00 GMT",https://media.app.artisio.co/media/3fc437c0-fdbb-4208-955a-90293eab416d/inventory/7557f28e-cefd-47bd-85df-920f958f9bd7/0c4131d1-caf7-4f0f-95e3-43e2a3e036a9/0001_JpYmif_sm.jpeg;https://media.app.artisio.co/media/3fc437c0-fdbb-4208-955a-90293eab416d/inventory/7557f28e-cefd-47bd-85df-920f958f9bd7/3fa51ba9-cf66-4d25-a96d-f53109e6d0aa/0002_jVumCa_sm.jpeg;https://media.app.artisio.co/media/3fc437c0-fdbb-4208-955a-90293eab416d/inventory/7557f28e-cefd-47bd-85df-920f958f9bd7/4d442097-0200-4e52-8153-267b845e5f22/0003_pSpIgH_sm.jpeg;https://media.app.artisio.co/media/3fc437c0-fdbb-4208-955a-90293eab416d/inventory/7557f28e-cefd-47bd-85df-920f958f9bd7/564f4909-9c25-43eb-a4a6-8c89e97a5a1f/0004_vHvosg_sm.jpeg,4,"{""artist_retail_right"": true, ""comments"": null, ""condition"": null, ""condition_report"": null, ""dimensions"": null, ""extra_text"": null, ""footnote"": null, ""header"": null, ""internal_reference"": null, ""literature"": null, ""origin_exhibition_lite"": null, ""painter_artist_school"": ""Kees Verwey (1900-1995)"", ""period"": null, ""signature_dating"": ""signed and dated '32/KVerwey'"", ""technique_size"": ""watercolour on paper, 32x43 cm (48,5x59,5 cm incl. frame)"", ""title"": ""Man wearing a hat with a walking stick, sitting at a table"", ""total"": null, ""weight_size_quality"": null}"
4ee769c1-ac9b-4c80-af89-b43b751c2f10,258,26-0188/1,fbef6459-c238-43e4-b7ac-6357713358f6,713,Classic to Modern Art,"Schilderijen, aquarellen en tekeningen I",Cigarette smoking young lady on a Parisian terrace ,"Antonius Johannes Kristians (1883-1957), Cigarette smoking young lady on a Parisian terrace ","<h3>Painter / Artist / School</h3>Antonius Johannes Kristians (1883-1957)<h3>Technique / Size</h3>charcoal and gouache on paper, 46x31 cm (61x45 cm incl. frame)<h3>Signature / Dating</h3>signed 'A Kristians Paris' (upper right)",published,EUR,300.0,400.0,200.0,,,1,0,,,True,"Mon, 31 Aug 2026 08:00:00 GMT","Tue, 15 Sep 2026 19:09:00 GMT",https://media.app.artisio.co/media/3fc437c0-fdbb-4208-955a-90293eab416d/inventory/85c31733-3b3b-4545-aaed-787240eb2b28/2c6a443a-cecc-4485-a2e8-54fff6900831/0001_xDxdKu_sm.jpeg;https://media.app.artisio.co/media/3fc437c0-fdbb-4208-955a-90293eab416d/inventory/85c31733-3b3b-4545-aaed-787240eb2b28/746fc21c-00c5-4b26-926d-7356681b1780/0002_nsnFIt_sm.jpeg;https://media.app.artisio.co/media/3fc437c0-fdbb-4208-955a-90293eab416d/inventory/85c31733-3b3b-4545-aaed-787240eb2b28/bfa63f92-51a1-41ea-8e41-0145c317f9b5/0003_UKVhos_sm.jpeg;https://media.app.artisio.co/media/3fc437c0-fdbb-4208-955a-90293eab416d/inventory/85c31733-3b3b-4545-aaed-787240eb2b28/3cb4a37a-4544-4686-808e-ab9b2cebb845/0004_tpqgHU_sm.jpeg,4,"{""artist_retail_right"": true, ""comments"": null, ""condition"": null, ""condition_report"": null, ""dimensions"": null, ""extra_text"": null, ""footnote"": null, ""header"": null, ""internal_reference"": null, ""literature"": null, ""origin_exhibition_lite"": null, ""painter_artist_school"": ""Antonius Johannes Kristians (1883-1957)"", ""period"": null, ""signature_dating"": ""signed 'A Kristians Paris' (upper right)"", ""technique_size"": ""charcoal and gouache on paper, 46x31 cm (61x45 cm incl. frame)"", ""title"": ""Cigarette smoking young lady on a Parisian terrace "", ""total"": null, ""weight_size_quality"": null}"
dd2726ad-1575-4cd0-9f1e-cf69bbbbd936,259,26-0089/80,fbef6459-c238-43e4-b7ac-6357713358f6,713,Classic to Modern Art,"Schilderijen, aquarellen en tekeningen I",Two studies of a man,"Jacob Maris (1837-1899), Two studies of a man","<h3>Painter / Artist / School</h3>Jacob Maris (1837-1899)<h3>Technique / Size</h3>oil on canvas, unframed and unstretched, 13x19 cm<h3>Signature / Dating</h3>signed with the artist's studio stamp 'atelier/J. Maris' (lower left)<h3>Extra Text</h3><p>The canvas is presented on a small easel, which is included in this lot.</p>",published,EUR,400.0,600.0,200.0,200.0,,1,1,200.0,200.0,True,"Mon, 31 Aug 2026 08:00:00 GMT","Tue, 15 Sep 2026 19:09:00 GMT",https://media.app.artisio.co/media/3fc437c0-fdbb-4208-955a-90293eab416d/inventory/1ab7a501-1e12-467a-9510-9d0c73826da6/ffd5f426-30d2-454c-b7ae-5a3efe1d9368/0001_UJLIvF_sm.jpeg;https://media.app.artisio.co/media/3fc437c0-fdbb-4208-955a-90293eab416d/inventory/1ab7a501-1e12-467a-9510-9d0c73826da6/6681eb35-ea9f-46dd-8b22-eea42e28808f/0002_iZfHJG_sm.jpeg;https://media.app.artisio.co/media/3fc437c0-fdbb-4208-955a-90293eab416d/inventory/1ab7a501-1e12-467a-9510-9d0c73826da6/d360c05f-f105-4e9d-8a26-9762dce0215c/0003_ojscaL_sm.jpeg,3,"{""artist_retail_right"": false, ""comments"": null, ""condition"": null, ""condition_report"": null, ""dimensions"": null, ""extra_text"": ""<p>The canvas is presented on a small easel, which is included in this lot.</p>"", ""footnote"": null, ""header"": null, ""internal_reference"": null, ""literature"": null, ""origin_exhibition_lite"": null, ""painter_artist_school"": ""Jacob Maris (1837-1899)"", ""period"": null, ""signature_dating"": ""signed with the artist's studio stamp 'atelier/J. Maris' (lower left)"", ""technique_size"": ""oil on canvas, unframed and unstretched, 13x19 cm "", ""title"": ""Two studies of a man"", ""total"": null, ""weight_size_quality"": null}"
24177929-8c57-4ea3-8757-e739ddfda6ce,260,26-0097/1,fbef6459-c238-43e4-b7ac-6357713358f6,713,Classic to Modern Art,"Schilderijen, aquarellen en tekeningen I",3 sheets with various sketches: I. 30 sketches of cityscapes; II. 29 sketches of figures and cityscapes; III. 5 sketches of theatres,"Willem Bastiaan Tholen (1860-1931), 3 sheets with various sketches: I. 30 sketches of cityscapes; II. 29 sketches of figures and cityscapes; III. 5 sketches of theatres","<h3>Painter / Artist / School</h3>Willem Bastiaan Tholen (1860-1931)<h3>Technique / Size</h3>I. black and blue chalk on paper, mounted on a larger shaped sheet of paper, unframed, various size from 5x3 cm to 13x5 cm (46x62 cm larger sheet); II. black and blue chalk on paper, mounted on a larger sheet of paper, unframed, each circa 5x8,5 cm (38x61 cm larger sheet); III. black chalk on paper, mounted on a larger shaped sheet of paper, unframed, various size from 11,5x15,5 cm to 9x24 cm (54x70,5 cm larger sheet)<h3>Signature / Dating</h3>each signed 'Tholen' (lower right, on the larger sheet)",published,EUR,800.0,1200.0,500.0,500.0,,1,0,,,True,"Mon, 31 Aug 2026 08:00:00 GMT","Tue, 15 Sep 2026 19:12:00 GMT",https://media.app.artisio.co/media/3fc437c0-fdbb-4208-955a-90293eab416d/inventory/f1b1eb40-9b60-4104-989c-91a7c67c6b72/2b4c4515-8c06-4578-b60f-9715d99af4d7/0001_qyUglm_sm.jpeg;https://media.app.artisio.co/media/3fc437c0-fdbb-4208-955a-90293eab416d/inventory/f1b1eb40-9b60-4104-989c-91a7c67c6b72/5483651c-a1db-4d7e-b8c3-084569eb0746/0001a_bfckxl_sm.jpeg;https://media.app.artisio.co/media/3fc437c0-fdbb-4208-955a-90293eab416d/inventory/f1b1eb40-9b60-4104-989c-91a7c67c6b72/a179e22b-8581-4bb4-8677-34c2fa7d9428/0003_MdpQhz_sm.jpeg;https://media.app.artisio.co/media/3fc437c0-fdbb-4208-955a-90293eab416d/inventory/f1b1eb40-9b60-4104-989c-91a7c67c6b72/a7825fcc-4c63-49c2-a1a2-b0f532a3b26b/0004_qwIPMS_sm.jpeg;https://media.app.artisio.co/media/3fc437c0-fdbb-4208-955a-90293eab416d/inventory/f1b1eb40-9b60-4104-989c-91a7c67c6b72/d44923a3-6e99-4c85-bb79-d366e597d0d3/0005_ukNKLo_sm.jpeg;https://media.app.artisio.co/media/3fc437c0-fdbb-4208-955a-90293eab416d/inventory/f1b1eb40-9b60-4104-989c-91a7c67c6b72/36d3cbd7-7e74-4d3f-b5ab-e827a1ce7b2b/0006_lUtIOL_sm.jpeg;https://media.app.artisio.co/media/3fc437c0-fdbb-4208-955a-90293eab416d/inventory/f1b1eb40-9b60-4104-989c-91a7c67c6b72/d3dd5c1a-867c-46aa-b7c7-f787b6440c3c/0006a_wuAYnD_sm.jpeg,7,"{""artist_retail_right"": false, ""comments"": null, ""condition"": null, ""condition_report"": null, ""dimensions"": null, ""extra_text"": null, ""footnote"": null, ""header"": null, ""internal_reference"": null, ""literature"": null, ""origin_exhibition_lite"": null, ""painter_artist_school"": ""Willem Bastiaan Tholen (1860-1931)"", ""period"": null, ""signature_dating"": ""each signed 'Tholen' (lower right, on the larger sheet)"", ""technique_size"": ""I. black and blue chalk on paper, mounted on a larger shaped sheet of paper, unframed, various size from 5x3 cm to 13x5 cm (46x62 cm larger sheet); II. black and blue chalk on paper, mounted on a larger sheet of paper, unframed, each circa 5x8,5 cm (38x61 cm larger sheet); III. black chalk on paper, mounted on a larger shaped sheet of paper, unframed, various size from 11,5x15,5 cm to 9x24 cm (54x70,5 cm larger sheet)"", ""title"": ""3 sheets with various sketches: I. 30 sketches of cityscapes; II. 29 sketches of figures and cityscapes; III. 5 sketches of theatres"", ""total"": null, ""weight_size_quality"": null}"
62dc8b51-fa00-4da8-b319-f4e810fb6567,261,26-0233/1,fbef6459-c238-43e4-b7ac-6357713358f6,713,Classic to Modern Art,"Schilderijen, aquarellen en tekeningen I",Hunter by the shot stag,"Rien Poortvliet (1932-1995), Hunter by the shot stag","<h3>Painter / Artist / School</h3>Rien Poortvliet (1932-1995)<h3>Technique / Size</h3>ink on paper, 20x14,5 cm (30x24 cm incl. frame)<h3>Signature / Dating</h3>signed and annotated 'voor Kees vd Sluys/met hartelijke groeten/Rien*' (lower right)",published,EUR,600.0,900.0,500.0,500.0,,1,1,500.0,500.0,True,"Mon, 31 Aug 2026 08:00:00 GMT","Tue, 15 Sep 2026 19:12:00 GMT",https://media.app.artisio.co/media/3fc437c0-fdbb-4208-955a-90293eab416d/inventory/c064859d-6662-416b-b341-16206d827c30/d37ca667-2f3a-42fb-ae9f-c9bde149f145/0001_CwHdaa_sm.jpeg;https://media.app.artisio.co/media/3fc437c0-fdbb-4208-955a-90293eab416d/inventory/c064859d-6662-416b-b341-16206d827c30/81c68f2c-04f3-48d3-b003-73d26f4b06ce/0002_JIjKqJ_sm.jpeg;https://media.app.artisio.co/media/3fc437c0-fdbb-4208-955a-90293eab416d/inventory/c064859d-6662-416b-b341-16206d827c30/94224d4a-c554-4600-a071-8e8fe381ba40/0003_zeKxAh_sm.jpeg;https://media.app.artisio.co/media/3fc437c0-fdbb-4208-955a-90293eab416d/inventory/c064859d-6662-416b-b341-16206d827c30/4726bbd5-8344-48a9-a72a-c772ba18dc28/0004_ghFUws_sm.jpeg,4,"{""artist_retail_right"": true, ""comments"": null, ""condition"": null, ""condition_report"": null, ""dimensions"": null, ""extra_text"": null, ""footnote"": null, ""header"": null, ""internal_reference"": null, ""literature"": null, ""origin_exhibition_lite"": null, ""painter_artist_school"": ""Rien Poortvliet (1932-1995)"", ""period"": null, ""signature_dating"": ""signed and annotated 'voor Kees vd Sluys/met hartelijke groeten/Rien*' (lower right)"", ""technique_size"": ""ink on paper, 20x14,5 cm (30x24 cm incl. frame)"", ""title"": ""Hunter by the shot stag"", ""total"": null, ""weight_size_quality"": null}"
b4140612-8ac7-4b0b-9083-3ba12db385bf,262,26-0404/92,fbef6459-c238-43e4-b7ac-6357713358f6,713,Classic to Modern Art,"Schilderijen, aquarellen en tekeningen I",'Pasen',"Georg Rueter (1875-1966), 'Pasen'","<h3>Painter / Artist / School</h3>Georg Rueter (1875-1966)<h3>Literature</h3><p>Provenance:<br>-With Kunstzaal Heuff, Wassenaar (label attached to the reverse).</p><h3>Technique / Size</h3>oil on panel, 16,5x22 cm (27x32 cm incl. frame)",published,EUR,200.0,300.0,100.0,100.0,,1,0,,,True,"Mon, 31 Aug 2026 08:00:00 GMT","Tue, 15 Sep 2026 19:12:00 GMT",https://media.app.artisio.co/media/3fc437c0-fdbb-4208-955a-90293eab416d/inventory/b9b9b0d9-37a7-46cb-96f3-67236e82bcbf/76d699a4-858e-4983-9e93-c1f1615aefda/0001_DORucQ_sm.jpeg;https://media.app.artisio.co/media/3fc437c0-fdbb-4208-955a-90293eab416d/inventory/b9b9b0d9-37a7-46cb-96f3-67236e82bcbf/49c0b389-34df-4146-9cc3-1ef29b3f264a/0002_qWulJD_sm.jpeg;https://media.app.artisio.co/media/3fc437c0-fdbb-4208-955a-90293eab416d/inventory/b9b9b0d9-37a7-46cb-96f3-67236e82bcbf/494f2326-c004-411d-88ec-22fec2e88eed/0003_xRNiBC_sm.jpeg,3,"{""artist_retail_right"": true, ""comments"": null, ""condition"": null, ""condition_report"": null, ""dimensions"": null, ""extra_text"": null, ""footnote"": null, ""header"": null, ""internal_reference"": null, ""literature"": ""<p>Provenance:<br>-With Kunstzaal Heuff, Wassenaar (label attached to the reverse).</p>"", ""origin_exhibition_lite"": null, ""painter_artist_school"": ""Georg Rueter (1875-1966)"", ""period"": null, ""signature_dating"": null, ""technique_size"": ""oil on panel, 16,5x22 cm (27x32 cm incl. frame)"", ""title"": ""'Pasen'"", ""total"": null, ""weight_size_quality"": null}"
da74c81d-d0af-4aeb-8c62-e619069609f3,263,26-0404/96,fbef6459-c238-43e4-b7ac-6357713358f6,713,Classic to Modern Art,"Schilderijen, aquarellen en tekeningen I",Chicken,"Peter van Poppel (1945), Chicken","<h3>Painter / Artist / School</h3>Peter van Poppel (1945)<h3>Technique / Size</h3>oil on panel, 17x11 cm (29x22,5 cm incl. frame)<h3>Signature / Dating</h3>signed and dated 'VTR 75' (lower right)",published,EUR,400.0,600.0,300.0,300.0,,1,0,,,True,"Mon, 31 Aug 2026 08:00:00 GMT","Tue, 15 Sep 2026 19:12:00 GMT",https://media.app.artisio.co/media/3fc437c0-fdbb-4208-955a-90293eab416d/inventory/71f6bd6e-f34f-471a-ad05-8fb5c0324798/a71f5a01-c18b-4802-9362-8b3887d34d6a/0001_tuCscS_sm.jpeg;https://media.app.artisio.co/media/3fc437c0-fdbb-4208-955a-90293eab416d/inventory/71f6bd6e-f34f-471a-ad05-8fb5c0324798/654cea42-2655-4d26-a852-f6aa0d381fb5/0002_FdSCnS_sm.jpeg;https://media.app.artisio.co/media/3fc437c0-fdbb-4208-955a-90293eab416d/inventory/71f6bd6e-f34f-471a-ad05-8fb5c0324798/ad782b04-d617-47c2-b589-9eee2eb341c2/0003_lrODjZ_sm.jpeg;https://media.app.artisio.co/media/3fc437c0-fdbb-4208-955a-90293eab416d/inventory/71f6bd6e-f34f-471a-ad05-8fb5c0324798/eac93c32-ad2e-4e11-bd70-645511a78ac6/0004_pMFGtv_sm.jpeg,4,"{""artist_retail_right"": true, ""comments"": null, ""condition"": null, ""condition_report"": null, ""dimensions"": null, ""extra_text"": null, ""footnote"": null, ""header"": null, ""internal_reference"": null, ""literature"": null, ""origin_exhibition_lite"": null, ""painter_artist_school"": ""Peter van Poppel (1945)"", ""period"": null, ""signature_dating"": ""signed and dated 'VTR 75' (lower right)"", ""technique_size"": ""oil on panel, 17x11 cm (29x22,5 cm incl. frame)"", ""title"": ""Chicken"", ""total"": null, ""weight_size_quality"": null}"
fc36b585-c804-43c8-840c-95764af15844,264,26-0648/9,fbef6459-c238-43e4-b7ac-6357713358f6,713,Classic to Modern Art,"Schilderijen, aquarellen en tekeningen I",'Hommage aan James Ensor',"Rein Pol (1949), 'Hommage aan James Ensor'","<h3>Painter / Artist / School</h3>Rein Pol (1949)<h3>Technique / Size</h3>oil on board, 55x47 cm (74,5x67,5 cm incl. frame)<h3>Signature / Dating</h3>signed and dated 'Rein Pol 1983 84' (lower left); titled (upper centre); signed and dated again and titled (on the reverse)",published,EUR,1000.0,1500.0,1000.0,1000.0,,1,0,,,True,"Mon, 31 Aug 2026 08:00:00 GMT","Tue, 15 Sep 2026 19:12:00 GMT",https://media.app.artisio.co/media/3fc437c0-fdbb-4208-955a-90293eab416d/inventory/e1e58e83-1859-4af2-9908-e4a4cfc33b51/53b81750-a081-4adc-b54c-413c5ad2b56d/0001_qDaOYp_sm.jpeg;https://media.app.artisio.co/media/3fc437c0-fdbb-4208-955a-90293eab416d/inventory/e1e58e83-1859-4af2-9908-e4a4cfc33b51/f4699a2f-2e64-4cb4-9d59-d28f3e595b0f/0002_ZeEvWo_sm.jpeg;https://media.app.artisio.co/media/3fc437c0-fdbb-4208-955a-90293eab416d/inventory/e1e58e83-1859-4af2-9908-e4a4cfc33b51/28738031-8b91-4c65-a802-7f8d916252d4/0003_CqgiJJ_sm.jpeg;https://media.app.artisio.co/media/3fc437c0-fdbb-4208-955a-90293eab416d/inventory/e1e58e83-1859-4af2-9908-e4a4cfc33b51/7709f1c2-c581-47e2-9018-77969c9b8f55/0004_BzLqbB_sm.jpeg;https://media.app.artisio.co/media/3fc437c0-fdbb-4208-955a-90293eab416d/inventory/e1e58e83-1859-4af2-9908-e4a4cfc33b51/57087c71-2a68-4fb4-9d60-72625a2ce3b8/0005_OfkzQV_sm.jpeg;https://media.app.artisio.co/media/3fc437c0-fdbb-4208-955a-90293eab416d/inventory/e1e58e83-1859-4af2-9908-e4a4cfc33b51/13343172-f304-4d2a-801d-86ee41c2a83c/0006_EDSWPc_sm.jpeg,6,"{""artist_retail_right"": true, ""comments"": null, ""condition"": null, ""condition_report"": null, ""dimensions"": null, ""extra_text"": null, ""footnote"": null, ""header"": null, ""internal_reference"": null, ""literature"": null, ""origin_exhibition_lite"": null, ""painter_artist_school"": ""Rein Pol (1949)"", ""period"": null, ""signature_dating"": ""signed and dated 'Rein Pol 1983 84' (lower left); titled (upper centre); signed and dated again and titled (on the reverse)"", ""technique_size"": ""oil on board, 55x47 cm (74,5x67,5 cm incl. frame)"", ""title"": ""'Hommage aan James Ensor'"", ""total"": null, ""weight_size_quality"": null}"
f57a7103-2faa-49c3-8d46-631ef691ff1d,265,26-0648/10,fbef6459-c238-43e4-b7ac-6357713358f6,713,Classic to Modern Art,"Schilderijen, aquarellen en tekeningen I",'Stilleven tafeltje met nap',"Rein Pol (1949), 'Stilleven tafeltje met nap'","<h3>Painter / Artist / School</h3>Rein Pol (1949)<h3>Technique / Size</h3>oil on board, 65x55 cm (87x76 cm incl. frame)<h3>Signature / Dating</h3>signed and dated 'Rein Pol 1986'; titled, signed and dated again (on the reverse)",published,EUR,1000.0,1500.0,1000.0,1000.0,,1,0,,,True,"Mon, 31 Aug 2026 08:00:00 GMT","Tue, 15 Sep 2026 19:12:00 GMT",https://media.app.artisio.co/media/3fc437c0-fdbb-4208-955a-90293eab416d/inventory/59ce2f14-988e-4917-8ba7-b46819ed9b72/cd7a24c9-c979-4cae-b040-10360bb2ba01/0001_QJBwbN_sm.jpeg;https://media.app.artisio.co/media/3fc437c0-fdbb-4208-955a-90293eab416d/inventory/59ce2f14-988e-4917-8ba7-b46819ed9b72/323ff53b-dc41-47ae-b76c-f4ecf6ddcedc/0002_OYPjsg_sm.jpeg;https://media.app.artisio.co/media/3fc437c0-fdbb-4208-955a-90293eab416d/inventory/59ce2f14-988e-4917-8ba7-b46819ed9b72/61c94765-4730-47c3-ad27-46295ec7911d/0003_zXvVxU_sm.jpeg;https://media.app.artisio.co/media/3fc437c0-fdbb-4208-955a-90293eab416d/inventory/59ce2f14-988e-4917-8ba7-b46819ed9b72/01bda358-2811-492a-84bb-727c73e67a35/0004_dNenMH_sm.jpeg;https://media.app.artisio.co/media/3fc437c0-fdbb-4208-955a-90293eab416d/inventory/59ce2f14-988e-4917-8ba7-b46819ed9b72/bebf774b-3074-4814-8e49-7f7f64fa3c6e/0005_ttTzXO_sm.jpeg,5,"{""artist_retail_right"": true, ""comments"": null, ""condition"": null, ""condition_report"": null, ""dimensions"": null, ""extra_text"": null, ""footnote"": null, ""header"": null, ""internal_reference"": null, ""literature"": null, ""origin_exhibition_lite"": null, ""painter_artist_school"": ""Rein Pol (1949)"", ""period"": null, ""signature_dating"": ""signed and dated 'Rein Pol 1986'; titled, signed and dated again (on the reverse)"", ""technique_size"": ""oil on board, 65x55 cm (87x76 cm incl. frame)"", ""title"": ""'Stilleven tafeltje met nap'"", ""total"": null, ""weight_size_quality"": null}"
33af7717-02e6-47d2-a820-d15910fad508,266,26-0280/1,fbef6459-c238-43e4-b7ac-6357713358f6,713,Classic to Modern Art,"Schilderijen, aquarellen en tekeningen I",'Scapino',"Diana Vandenberg (1923-1997), 'Scapino'","<h3>Painter / Artist / School</h3>Diana Vandenberg (1923-1997)<h3>Literature</h3><p>Provenance:<br>-Auction, Venudehuis, The Hague, 21 February 2018, lot 91.</p><h3>Technique / Size</h3>oil on board, 60x44 cm (79x64 cm incl. frame)<h3>Signature / Dating</h3>signed and dated 'Diana/1971/Vandenberg' (lower left); titled 'scapino' (upper left)",published,EUR,400.0,600.0,300.0,300.0,,1,2,325.0,325.0,True,"Mon, 31 Aug 2026 08:00:00 GMT","Tue, 15 Sep 2026 19:15:00 GMT",https://media.app.artisio.co/media/3fc437c0-fdbb-4208-955a-90293eab416d/inventory/5f966bc0-6309-41a1-8bae-79dcce4e2dc9/4db5d432-21d5-4102-90a8-a317cf078349/0001_ohPXHe_sm.jpeg;https://media.app.artisio.co/media/3fc437c0-fdbb-4208-955a-90293eab416d/inventory/5f966bc0-6309-41a1-8bae-79dcce4e2dc9/36b1fae0-4f78-40a4-a769-787ecaca5e60/0002_iNPkqL_sm.jpeg;https://media.app.artisio.co/media/3fc437c0-fdbb-4208-955a-90293eab416d/inventory/5f966bc0-6309-41a1-8bae-79dcce4e2dc9/8e631672-a715-4ee1-be34-55d3a320f27d/0003_wFKnem_sm.jpeg;https://media.app.artisio.co/media/3fc437c0-fdbb-4208-955a-90293eab416d/inventory/5f966bc0-6309-41a1-8bae-79dcce4e2dc9/351f59ff-3237-4fff-94aa-b5d68afc2fcb/0004_PRSlWW_sm.jpeg,4,"{""artist_retail_right"": true, ""comments"": null, ""condition"": null, ""condition_report"": null, ""dimensions"": null, ""extra_text"": null, ""footnote"": null, ""header"": null, ""internal_reference"": null, ""literature"": ""<p>Provenance:<br>-Auction, Venudehuis, The Hague, 21 February 2018, lot 91.</p>"", ""origin_exhibition_lite"": null, ""painter_artist_school"": ""Diana Vandenberg (1923-1997)"", ""period"": null, ""signature_dating"": ""signed and dated 'Diana/1971/Vandenberg' (lower left); titled 'scapino' (upper left)"", ""technique_size"": ""oil on board, 60x44 cm (79x64 cm incl. frame)"", ""title"": ""'Scapino'"", ""total"": null, ""weight_size_quality"": null}"
ce3d712d-4b15-4227-8b91-c1ec3a02a2d6,267,26-0280/2,fbef6459-c238-43e4-b7ac-6357713358f6,713,Classic to Modern Art,"Schilderijen, aquarellen en tekeningen I",'Kop',"Johfra (1919-1998), 'Kop'","<h3>Painter / Artist / School</h3>Johfra (1919-1998)<h3>Literature</h3><p>Provenance:<br>-Auction, Venduehuis, The Hague, 27 June 2018, lot 44.</p><h3>Technique / Size</h3>watercolour on paper, 53,5x39 cm (47x59 cm incl. frame)<h3>Signature / Dating</h3>signed and dated 'JohannesFranciscus/1944' (lower left)",published,EUR,700.0,1000.0,650.0,650.0,,1,0,,,True,"Mon, 31 Aug 2026 08:00:00 GMT","Tue, 15 Sep 2026 19:15:00 GMT",https://media.app.artisio.co/media/3fc437c0-fdbb-4208-955a-90293eab416d/inventory/9677261d-e1c4-460f-825a-bfde92d06a52/98ca883e-f6ce-4d23-8cf9-fb5ba443ef68/0001_XqzlUn_sm.jpeg;https://media.app.artisio.co/media/3fc437c0-fdbb-4208-955a-90293eab416d/inventory/9677261d-e1c4-460f-825a-bfde92d06a52/ff241708-baa7-454f-9fb4-2d63b2d2f194/0002_yDSKPn_sm.jpeg;https://media.app.artisio.co/media/3fc437c0-fdbb-4208-955a-90293eab416d/inventory/9677261d-e1c4-460f-825a-bfde92d06a52/9be622f5-9816-465f-b6e7-b01a7c7653dc/0003_qjxJGd_sm.jpeg;https://media.app.artisio.co/media/3fc437c0-fdbb-4208-955a-90293eab416d/inventory/9677261d-e1c4-460f-825a-bfde92d06a52/8c51aa5e-f6b7-4780-8df7-1c1a80cf24bd/0004_VpbcEE_sm.jpeg,4,"{""artist_retail_right"": true, ""comments"": null, ""condition"": null, ""condition_report"": null, ""dimensions"": null, ""extra_text"": null, ""footnote"": null, ""header"": null, ""internal_reference"": null, ""literature"": ""<p>Provenance:<br>-Auction, Venduehuis, The Hague, 27 June 2018, lot 44.</p>"", ""origin_exhibition_lite"": null, ""painter_artist_school"": ""Johfra (1919-1998)"", ""period"": null, ""signature_dating"": ""signed and dated 'JohannesFranciscus/1944' (lower left)"", ""technique_size"": ""watercolour on paper, 53,5x39 cm (47x59 cm incl. frame)"", ""title"": ""'Kop'"", ""total"": null, ""weight_size_quality"": null}"
14106cf1-e0a7-44e7-aec4-ef8a55873b6c,268,26-0641/1,fbef6459-c238-43e4-b7ac-6357713358f6,713,Classic to Modern Art,"Schilderijen, aquarellen en tekeningen I",Untitled,"Martin Stam (1939), Untitled",<h3>Painter / Artist / School</h3>Martin Stam (1939),published,EUR,700.0,1000.0,600.0,600.0,,1,0,,,True,"Mon, 31 Aug 2026 08:00:00 GMT","Tue, 15 Sep 2026 19:15:00 GMT",https://media.app.artisio.co/media/3fc437c0-fdbb-4208-955a-90293eab416d/inventory/48511681-88d0-4dd9-aeff-64b8ad49af4d/075486ed-edb7-40c0-b945-034f1893702a/0001_wjFLFR_sm.jpeg;https://media.app.artisio.co/media/3fc437c0-fdbb-4208-955a-90293eab416d/inventory/48511681-88d0-4dd9-aeff-64b8ad49af4d/d74471eb-726b-4968-ad1b-25cbd482378c/0002_RggLRW_sm.jpeg;https://media.app.artisio.co/media/3fc437c0-fdbb-4208-955a-90293eab416d/inventory/48511681-88d0-4dd9-aeff-64b8ad49af4d/51ca735f-f578-4bdd-ab94-8c1d810d3f2f/0003_cXdAoq_sm.jpeg;https://media.app.artisio.co/media/3fc437c0-fdbb-4208-955a-90293eab416d/inventory/48511681-88d0-4dd9-aeff-64b8ad49af4d/6607baa1-38f5-48b9-bd81-c51cdc4a7d10/0004_YmULXf_sm.jpeg,4,"{""artist_retail_right"": true, ""comments"": null, ""condition"": null, ""condition_report"": null, ""dimensions"": null, ""extra_text"": null, ""footnote"": null, ""header"": null, ""internal_reference"": null, ""literature"": null, ""origin_exhibition_lite"": null, ""painter_artist_school"": ""Martin Stam (1939)"", ""period"": null, ""signature_dating"": null, ""technique_size"": null, ""title"": ""Untitled"", ""total"": null, ""weight_size_quality"": null}"
fa97fa96-e516-4a64-9130-162dad7d724e,269,25-2611/2,fbef6459-c238-43e4-b7ac-6357713358f6,713,Classic to Modern Art,"Schilderijen, aquarellen en tekeningen I",Nostalgie (Nostalgia),"Tjalf Sparnaay (1954), Nostalgie (Nostalgia)","<h3>Painter / Artist / School</h3>Tjalf Sparnaay (1954)<h3>Literature</h3><p>Provenance:&nbsp;<br>-Acquired directly from the artist by the present owner.<br>Exhibited:<br>-Zwolle, Museum de Fundatie, 'Closer - Het megarealisme van Tjalf Sparnaay' 17 Jan - 6 April 2015.<br>Literature:&nbsp;<br>-A. Hazenberg, Tjalf Sparnaay. oil paintings a presentation. a selection of works 1990-2010', Hilversum 2011, p. 52, illustrated in colour.<br>-‘Closer. het megarealisme van Tjalf Sparnaay’, Zwolle 2014, p. 69 illustrated in colour.<br>-'Tjalf Sparnaay. the bigger picture', Waanders (publ.), Zwolle 2019, p. 141 illustrated in colour.<br>&nbsp;</p><h3>Technique / Size</h3>oil on canvas, 100x120 cm (129x149 cm incl. frame)<h3>Signature / Dating</h3>signed with the artist's monogram and dated '93 (lower right); signed and dated again and titled (on the stretcher)",published,EUR,2500.0,3500.0,2400.0,2400.0,2400.0,1,0,,,True,"Mon, 31 Aug 2026 08:00:00 GMT","Tue, 15 Sep 2026 19:15:00 GMT",https://media.app.artisio.co/media/3fc437c0-fdbb-4208-955a-90293eab416d/inventory/5ee9f8c2-4ad8-472f-b584-560b62e1c20a/331d07d7-a148-4cd9-841e-b5a22ab71499/0001_bMMcez_sm.jpeg;https://media.app.artisio.co/media/3fc437c0-fdbb-4208-955a-90293eab416d/inventory/5ee9f8c2-4ad8-472f-b584-560b62e1c20a/2f7065c6-c94f-49e9-b824-a8e62f01e043/0002_gPWVAc_sm.jpeg;https://media.app.artisio.co/media/3fc437c0-fdbb-4208-955a-90293eab416d/inventory/5ee9f8c2-4ad8-472f-b584-560b62e1c20a/32cf7d63-d8f1-453e-9595-eef7dfcc7d36/0003_dkkgRu_sm.jpeg;https://media.app.artisio.co/media/3fc437c0-fdbb-4208-955a-90293eab416d/inventory/5ee9f8c2-4ad8-472f-b584-560b62e1c20a/825e9f38-9f5c-49cd-b134-a9df2dd4a5e9/0004_XHpswG_sm.jpeg;https://media.app.artisio.co/media/3fc437c0-fdbb-4208-955a-90293eab416d/inventory/5ee9f8c2-4ad8-472f-b584-560b62e1c20a/ba970637-3d88-4f9c-b276-80daf0868458/0005_wfQmhG_sm.jpeg;https://media.app.artisio.co/media/3fc437c0-fdbb-4208-955a-90293eab416d/inventory/5ee9f8c2-4ad8-472f-b584-560b62e1c20a/73016cab-ed4e-422d-bf06-c49564fe5e9d/0006_dazZba_sm.jpeg;https://media.app.artisio.co/media/3fc437c0-fdbb-4208-955a-90293eab416d/inventory/5ee9f8c2-4ad8-472f-b584-560b62e1c20a/e17888d6-b72b-4284-9970-8ff0379fb1bf/0007_idvKqV_sm.jpeg,7,"{""artist_retail_right"": true, ""comments"": ""<p>Exhibiton Catalgoue 'Museum Jan, Amstelveen 16-2 2024- 16-6 2024// Check</p>"", ""condition"": null, ""condition_report"": null, ""dimensions"": null, ""extra_text"": null, ""footnote"": null, ""header"": null, ""internal_reference"": null, ""literature"": ""<p>Provenance:&nbsp;<br>-Acquired directly from the artist by the present owner.<br>Exhibited:<br>-Zwolle, Museum de Fundatie, 'Closer - Het megarealisme van Tjalf Sparnaay' 17 Jan - 6 April 2015.<br>Literature:&nbsp;<br>-A. Hazenberg, Tjalf Sparnaay. oil paintings a presentation. a selection of works 1990-2010', Hilversum 2011, p. 52, illustrated in colour.<br>-‘Closer. het megarealisme van Tjalf Sparnaay’, Zwolle 2014, p. 69 illustrated in colour.<br>-'Tjalf Sparnaay. the bigger picture', Waanders (publ.), Zwolle 2019, p. 141 illustrated in colour.<br>&nbsp;</p>"", ""origin_exhibition_lite"": null, ""painter_artist_school"": ""Tjalf Sparnaay (1954)"", ""period"": null, ""signature_dating"": ""signed with the artist's monogram and dated '93 (lower right); signed and dated again and titled (on the stretcher)"", ""technique_size"": ""oil on canvas, 100x120 cm (129x149 cm incl. frame)"", ""title"": ""Nostalgie (Nostalgia)"", ""total"": null, ""weight_size_quality"": null}"
fc4ce836-cbdf-49a1-89c2-740d981e7135,270,26-0676/3,fbef6459-c238-43e4-b7ac-6357713358f6,713,Classic to Modern Art,"Schilderijen, aquarellen en tekeningen I",Siberian tiger ,"Rolf Knie (Swiss, 1949), Siberian tiger ","<h3>Painter / Artist / School</h3>Rolf Knie (Swiss, 1949)<h3>Technique / Size</h3>mixed media, 45x52 cm (86x82,5 cm incl. frame)<h3>Signature / Dating</h3>signed and dated 'Rolf Knie/'96' (lower right)<h3>Extra Text</h3><p>Rolf Knie is a painter, artist and actor who belongs to the sixth generation of the famous Swiss circus dynasty.</p>",published,EUR,1200.0,1800.0,1000.0,1000.0,,1,0,,,True,"Mon, 31 Aug 2026 08:00:00 GMT","Tue, 15 Sep 2026 19:15:00 GMT",https://media.app.artisio.co/media/3fc437c0-fdbb-4208-955a-90293eab416d/inventory/162395a1-79b8-4214-988d-805a4e8f4daa/42c6189e-d7e7-4440-80db-4fae13aa4540/0001_xHXDzk_sm.jpeg;https://media.app.artisio.co/media/3fc437c0-fdbb-4208-955a-90293eab416d/inventory/162395a1-79b8-4214-988d-805a4e8f4daa/d2627a44-0ab4-4beb-8056-8fdb96076e89/0002_QXyJdJ_sm.jpeg;https://media.app.artisio.co/media/3fc437c0-fdbb-4208-955a-90293eab416d/inventory/162395a1-79b8-4214-988d-805a4e8f4daa/323066b6-cea2-4df1-a884-df03d39d8751/0003_EOiqPE_sm.jpeg;https://media.app.artisio.co/media/3fc437c0-fdbb-4208-955a-90293eab416d/inventory/162395a1-79b8-4214-988d-805a4e8f4daa/2f6f559d-1cdc-44b4-b369-aa703ec78abf/0004_xMTsVp_sm.jpeg,4,"{""artist_retail_right"": true, ""comments"": null, ""condition"": null, ""condition_report"": null, ""dimensions"": null, ""extra_text"": ""<p>Rolf Knie is a painter, artist and actor who belongs to the sixth generation of the famous Swiss circus dynasty.</p>"", ""footnote"": null, ""header"": null, ""internal_reference"": null, ""literature"": null, ""origin_exhibition_lite"": null, ""painter_artist_school"": ""Rolf Knie (Swiss, 1949)"", ""period"": null, ""signature_dating"": ""signed and dated 'Rolf Knie/'96' (lower right)"", ""technique_size"": ""mixed media, 45x52 cm (86x82,5 cm incl. frame)"", ""title"": ""Siberian tiger "", ""total"": null, ""weight_size_quality"": null}"
b7c218a7-45ae-43cc-becf-ca577d0d5da9,271,26-0116/3,fbef6459-c238-43e4-b7ac-6357713358f6,713,Classic to Modern Art,"Schilderijen, aquarellen en tekeningen I",'Les chats sur la ville',"Willy James (French/Swiss, 1920-2004), 'Les chats sur la ville'","<h3>Painter / Artist / School</h3>Willy James (French/Swiss, 1920-2004)<h3>Technique / Size</h3>oil on canvas, 51x66 cm (64x79 cm incl. frame)<h3>Signature / Dating</h3>signed 'Willy James' (lower right)",published,EUR,300.0,400.0,200.0,200.0,,1,0,,,True,"Mon, 31 Aug 2026 08:00:00 GMT","Tue, 15 Sep 2026 19:15:00 GMT",https://media.app.artisio.co/media/3fc437c0-fdbb-4208-955a-90293eab416d/inventory/35683b9e-f73e-4a12-9b09-103df90ae534/fed4ebe5-70b5-49d9-a8b0-f4f384225497/0001_HpnEJq_sm.jpeg;https://media.app.artisio.co/media/3fc437c0-fdbb-4208-955a-90293eab416d/inventory/35683b9e-f73e-4a12-9b09-103df90ae534/71f66be4-996a-4ff8-b37b-a5019d0d054f/0002_GJGDeL_sm.jpeg;https://media.app.artisio.co/media/3fc437c0-fdbb-4208-955a-90293eab416d/inventory/35683b9e-f73e-4a12-9b09-103df90ae534/9683b68d-2bae-4fa2-98f2-9ee37beca59d/0003_RLTkfw_sm.jpeg;https://media.app.artisio.co/media/3fc437c0-fdbb-4208-955a-90293eab416d/inventory/35683b9e-f73e-4a12-9b09-103df90ae534/553438d3-fea7-4309-a953-7adb823e5dee/0004_hLPBEi_sm.jpeg,4,"{""artist_retail_right"": true, ""comments"": null, ""condition"": null, ""condition_report"": null, ""dimensions"": null, ""extra_text"": null, ""footnote"": null, ""header"": null, ""internal_reference"": null, ""literature"": null, ""origin_exhibition_lite"": null, ""painter_artist_school"": ""Willy James (French/Swiss, 1920-2004)"", ""period"": null, ""signature_dating"": ""signed 'Willy James' (lower right)"", ""technique_size"": ""oil on canvas, 51x66 cm (64x79 cm incl. frame)"", ""title"": ""'Les chats sur la ville'"", ""total"": null, ""weight_size_quality"": null}"
2bc2c49e-8e38-435b-af70-1f06a25e9f47,272,26-0381/13,fbef6459-c238-43e4-b7ac-6357713358f6,713,Classic to Modern Art,"Schilderijen, aquarellen en tekeningen I",City burning,"Tap Werkman (1921-2021) , City burning","<h3>Painter / Artist / School</h3>Tap Werkman (1921-2021)<h3>Technique / Size</h3>oil on board, 49x49 cm (60,5x60,5 cm incl. frame)<h3>Signature / Dating</h3>signed 'Tap Werkman' (lower right)",published,EUR,600.0,800.0,400.0,,,1,0,,,True,"Mon, 31 Aug 2026 08:00:00 GMT","Tue, 15 Sep 2026 19:18:00 GMT",https://media.app.artisio.co/media/3fc437c0-fdbb-4208-955a-90293eab416d/inventory/37835b74-fa8d-4072-b28e-2b01823cea7b/37a9e816-e776-4cd6-9a2a-9ca9d332c7b1/0001_MVWoqj_sm.jpeg;https://media.app.artisio.co/media/3fc437c0-fdbb-4208-955a-90293eab416d/inventory/37835b74-fa8d-4072-b28e-2b01823cea7b/0f744e54-1e6d-4a6c-bff2-72e797ab4b6d/0002_cZsBzJ_sm.jpeg;https://media.app.artisio.co/media/3fc437c0-fdbb-4208-955a-90293eab416d/inventory/37835b74-fa8d-4072-b28e-2b01823cea7b/4a6f4677-9f6b-4958-9952-7f57df9864c9/0003_iiTTtO_sm.jpeg;https://media.app.artisio.co/media/3fc437c0-fdbb-4208-955a-90293eab416d/inventory/37835b74-fa8d-4072-b28e-2b01823cea7b/9e481610-db89-4fb8-9802-ce2d63632503/0004_PKHtmL_sm.jpeg,4,"{""artist_retail_right"": true, ""comments"": ""<p>Tap Werkman, oorlogstafereel Classic to Modern (C2M)</p>"", ""condition"": null, ""condition_report"": null, ""dimensions"": null, ""extra_text"": null, ""footnote"": null, ""header"": null, ""internal_reference"": null, ""literature"": null, ""origin_exhibition_lite"": null, ""painter_artist_school"": ""Tap Werkman (1921-2021) "", ""period"": null, ""signature_dating"": ""signed 'Tap Werkman' (lower right)"", ""technique_size"": ""oil on board, 49x49 cm (60,5x60,5 cm incl. frame)"", ""title"": ""City burning"", ""total"": null, ""weight_size_quality"": null}"
766464b3-69a0-4a21-a526-9e23cfa57586,273,26-0190/1,fbef6459-c238-43e4-b7ac-6357713358f6,713,Classic to Modern Art,"Schilderijen, aquarellen en tekeningen I",Sea view from the dunes,"Ferry Slebe (1907-1994), Sea view from the dunes","<h3>Painter / Artist / School</h3>Ferry Slebe (1907-1994)<h3>Technique / Size</h3>oil on canvas, 60x70 cm (81x91 cm incl. frame)<h3>Signature / Dating</h3>signed 'slebe' (lower left)",published,EUR,300.0,400.0,200.0,200.0,,1,1,200.0,200.0,True,"Mon, 31 Aug 2026 08:00:00 GMT","Tue, 15 Sep 2026 19:18:00 GMT",https://media.app.artisio.co/media/3fc437c0-fdbb-4208-955a-90293eab416d/inventory/c05c7dca-2994-416e-a290-691ef26685f9/e6cd4594-206d-4137-9e66-c8f60082e834/0001_mFjwjG_sm.jpeg;https://media.app.artisio.co/media/3fc437c0-fdbb-4208-955a-90293eab416d/inventory/c05c7dca-2994-416e-a290-691ef26685f9/ff1a5f04-1949-491e-8d18-0151f3aa87c4/0002_bJvQlv_sm.jpeg;https://media.app.artisio.co/media/3fc437c0-fdbb-4208-955a-90293eab416d/inventory/c05c7dca-2994-416e-a290-691ef26685f9/1444770f-58da-4d0c-b45c-f340c4a28185/0003_dcqDeb_sm.jpeg;https://media.app.artisio.co/media/3fc437c0-fdbb-4208-955a-90293eab416d/inventory/c05c7dca-2994-416e-a290-691ef26685f9/5ec7cd3e-903b-465d-880a-c9f3446f8a77/0004_WOUpqw_sm.jpeg,4,"{""artist_retail_right"": true, ""comments"": null, ""condition"": null, ""condition_report"": null, ""dimensions"": null, ""extra_text"": null, ""footnote"": null, ""header"": null, ""internal_reference"": null, ""literature"": null, ""origin_exhibition_lite"": null, ""painter_artist_school"": ""Ferry Slebe (1907-1994)"", ""period"": null, ""signature_dating"": ""signed 'slebe' (lower left)"", ""technique_size"": ""oil on canvas, 60x70 cm (81x91 cm incl. frame)"", ""title"": ""Sea view from the dunes"", ""total"": null, ""weight_size_quality"": null}"
a361f7e0-ed4f-40d0-8688-86a7f89033fb,274,26-0118/411,fbef6459-c238-43e4-b7ac-6357713358f6,713,Classic to Modern Art,"Schilderijen, aquarellen en tekeningen I",Happiness for instance,"Ross Bleckner (American, 1949), Happiness for instance","<h3>Painter / Artist / School</h3>Ross Bleckner (American, 1949)<h3>Technique / Size</h3>the complete set of three silkscreens in colour on museum board, images & full sheets 106x82 cm (two 136x112,5 cm and one 132,5x108,5 cm incl. frame)<h3>Signature / Dating</h3>each signed in pencil ‘Ross Bleckner’ (lower right) and numbered 'AP 3/20' (lower left)<h3>Extra Text</h3><p>Published in 1997 by Lococo Mulder, St Louis, in an edition of 70 numbered copies plus 20 artist's proofs.&nbsp;</p>",published,EUR,800.0,1200.0,700.0,,,1,0,,,True,"Mon, 31 Aug 2026 08:00:00 GMT","Tue, 15 Sep 2026 19:18:00 GMT",https://media.app.artisio.co/media/3fc437c0-fdbb-4208-955a-90293eab416d/inventory/a6872c24-7173-4237-ab27-828dbca4ab89/7d4a609a-2caa-43d3-8c17-fd6a0abf5d2f/0001_jPqElx_sm.jpeg;https://media.app.artisio.co/media/3fc437c0-fdbb-4208-955a-90293eab416d/inventory/a6872c24-7173-4237-ab27-828dbca4ab89/e80dfa0d-2642-4c69-aba7-0869faef8591/0002_nZKFRa_sm.jpeg;https://media.app.artisio.co/media/3fc437c0-fdbb-4208-955a-90293eab416d/inventory/a6872c24-7173-4237-ab27-828dbca4ab89/25bf74a4-8088-4c53-892d-926464d66c78/0003_lhBZqP_sm.jpeg;https://media.app.artisio.co/media/3fc437c0-fdbb-4208-955a-90293eab416d/inventory/a6872c24-7173-4237-ab27-828dbca4ab89/ecc1c03f-d722-4b0c-bc17-ab5c85379167/0004_ClEkUX_sm.jpeg;https://media.app.artisio.co/media/3fc437c0-fdbb-4208-955a-90293eab416d/inventory/a6872c24-7173-4237-ab27-828dbca4ab89/ed50da39-5b68-4931-ae15-c1f56d4f3baa/0005_raebfw_sm.jpeg;https://media.app.artisio.co/media/3fc437c0-fdbb-4208-955a-90293eab416d/inventory/a6872c24-7173-4237-ab27-828dbca4ab89/f7ac14cf-6e89-4b53-a0c2-8f758ac3149a/0006_VwnNQe_sm.jpeg;https://media.app.artisio.co/media/3fc437c0-fdbb-4208-955a-90293eab416d/inventory/a6872c24-7173-4237-ab27-828dbca4ab89/baa9789b-917b-469d-9d24-c01decca0c1f/0007_njntLi_sm.jpeg,7,"{""artist_retail_right"": true, ""comments"": ""<p>316.026, 316.027, 316.028</p>"", ""condition"": null, ""condition_report"": null, ""dimensions"": null, ""extra_text"": ""<p>Published in 1997 by Lococo Mulder, St Louis, in an edition of 70 numbered copies plus 20 artist's proofs.&nbsp;</p>"", ""footnote"": null, ""header"": null, ""internal_reference"": null, ""literature"": null, ""origin_exhibition_lite"": null, ""painter_artist_school"": ""Ross Bleckner (American, 1949)"", ""period"": null, ""signature_dating"": ""each signed in pencil ‘Ross Bleckner’ (lower right) and numbered 'AP 3/20' (lower left)"", ""technique_size"": ""the complete set of three silkscreens in colour on museum board, images & full sheets 106x82 cm (two 136x112,5 cm and one 132,5x108,5 cm incl. frame)"", ""title"": ""Happiness for instance"", ""total"": null, ""weight_size_quality"": null}"
9755cc70-b48f-4930-94cf-3153db70cae9,275,26-0118/31,fbef6459-c238-43e4-b7ac-6357713358f6,713,Classic to Modern Art,"Schilderijen, aquarellen en tekeningen I",Dream and Do,"Ross Bleckner (American, 1949) , Dream and Do","<h3>Painter / Artist / School</h3>Ross Bleckner (American, 1949)<h3>Technique / Size</h3>the complete set of three silkscreens in colour on wove paper, image & full sheet approx. 83x105,5 (each 110x135 cm incl. frame)<h3>Signature / Dating</h3>each signed in pencil ‘Ross Bleckner’ (lower right) and numbered 'AP 20/20' (lower left)<h3>Extra Text</h3><p>Published in 1997 by Lococo Mulder, St Louis, in an edition of 75 numbered copies plus 20 artist's proofs.</p>",published,EUR,800.0,1200.0,700.0,,,1,0,,,True,"Mon, 31 Aug 2026 08:00:00 GMT","Tue, 15 Sep 2026 19:18:00 GMT",https://media.app.artisio.co/media/3fc437c0-fdbb-4208-955a-90293eab416d/inventory/21a4c360-b74a-479f-b82d-a67e8ea784d8/07d2d9de-8b6c-415b-a20f-45e6235d2d23/0001_eIEIVW_sm.jpeg;https://media.app.artisio.co/media/3fc437c0-fdbb-4208-955a-90293eab416d/inventory/21a4c360-b74a-479f-b82d-a67e8ea784d8/a9df72f4-1357-4e59-85e3-2c1e819cbdde/0002_giVLju_sm.jpeg;https://media.app.artisio.co/media/3fc437c0-fdbb-4208-955a-90293eab416d/inventory/21a4c360-b74a-479f-b82d-a67e8ea784d8/57678b6c-799a-422a-9eb6-e8adf8038a9e/0003_IbhmEo_sm.jpeg;https://media.app.artisio.co/media/3fc437c0-fdbb-4208-955a-90293eab416d/inventory/21a4c360-b74a-479f-b82d-a67e8ea784d8/c5785014-da3a-4846-b8d5-d6de0a462144/0004_polWIn_sm.jpeg;https://media.app.artisio.co/media/3fc437c0-fdbb-4208-955a-90293eab416d/inventory/21a4c360-b74a-479f-b82d-a67e8ea784d8/ddcd0c2c-8439-4df9-b39d-4e422513dc37/0005_CUXtiW_sm.jpeg;https://media.app.artisio.co/media/3fc437c0-fdbb-4208-955a-90293eab416d/inventory/21a4c360-b74a-479f-b82d-a67e8ea784d8/60798c73-330c-4521-b237-9c19c18690a7/0006_vlOXhb_sm.jpeg;https://media.app.artisio.co/media/3fc437c0-fdbb-4208-955a-90293eab416d/inventory/21a4c360-b74a-479f-b82d-a67e8ea784d8/4dd25836-d7f1-46c2-a93f-d446209b0f30/0007_kscgJd_sm.jpeg;https://media.app.artisio.co/media/3fc437c0-fdbb-4208-955a-90293eab416d/inventory/21a4c360-b74a-479f-b82d-a67e8ea784d8/aeb6fe23-63bc-4b6c-b438-07a6b83da101/0008_isVGvx_sm.jpeg;https://media.app.artisio.co/media/3fc437c0-fdbb-4208-955a-90293eab416d/inventory/21a4c360-b74a-479f-b82d-a67e8ea784d8/b1471ffa-11cc-47dd-afd0-d16aec5e73f3/0009_KCXRFp_sm.jpeg;https://media.app.artisio.co/media/3fc437c0-fdbb-4208-955a-90293eab416d/inventory/21a4c360-b74a-479f-b82d-a67e8ea784d8/4fd2fa00-3ea6-49dc-90fb-61e8cf12a269/0010_khbdon_sm.jpeg,10,"{""artist_retail_right"": true, ""comments"": ""<p>316.003, 316.003, 316.032</p>"", ""condition"": ""afmetingen van alle drie werken een klein beetje anders, een 82,5, en 105 de ander 105,5 en 83 en een 106)?//bij het andere set ook weer verschillende afmetingen 82, 181,5 en 106 cm ?! op webiste 84x107 cm"", ""condition_report"": null, ""dimensions"": null, ""extra_text"": ""<p>Published in 1997 by Lococo Mulder, St Louis, in an edition of 75 numbered copies plus 20 artist's proofs.</p>"", ""footnote"": null, ""header"": null, ""internal_reference"": null, ""literature"": null, ""origin_exhibition_lite"": null, ""painter_artist_school"": ""Ross Bleckner (American, 1949) "", ""period"": null, ""signature_dating"": ""each signed in pencil ‘Ross Bleckner’ (lower right) and numbered 'AP 20/20' (lower left)"", ""technique_size"": ""the complete set of three silkscreens in colour on wove paper, image & full sheet approx. 83x105,5 (each 110x135 cm incl. frame)"", ""title"": ""Dream and Do"", ""total"": null, ""weight_size_quality"": null}"
642bc60a-2e04-4561-8aad-8a3bd23a8095,276,26-0381/17,fbef6459-c238-43e4-b7ac-6357713358f6,713,Classic to Modern Art,"Schilderijen, aquarellen en tekeningen I",Fer Brùlé (2009) (3),"Bernard Aubertin (French, 1934-2015), Fer Brùlé (2009) (3)","<h3>Painter / Artist / School</h3>Bernard Aubertin (French, 1934-2015)<h3>Technique / Size</h3>all burned metal mounted on red board, I.; II. 47x28 cm (59x40 cm incl. frame); III, 49x30 cm ( 68,50 cm)<h3>Signature / Dating</h3>all signed and dated with marker pen 'Bernard Aubertin 2009' (on the front)",published,EUR,800.0,1200.0,600.0,600.0,,1,0,,,True,"Mon, 31 Aug 2026 08:00:00 GMT","Tue, 15 Sep 2026 19:18:00 GMT",https://media.app.artisio.co/media/3fc437c0-fdbb-4208-955a-90293eab416d/inventory/29924515-2318-4f2c-b0f8-357cf38b5f6a/716ed45c-fdcb-4316-ac60-f30acd8924f2/0001_GygTLE_sm.jpeg;https://media.app.artisio.co/media/3fc437c0-fdbb-4208-955a-90293eab416d/inventory/29924515-2318-4f2c-b0f8-357cf38b5f6a/b868d473-2c5d-43c4-8bda-4b14742a1ea9/0002_NXPejF_sm.jpeg;https://media.app.artisio.co/media/3fc437c0-fdbb-4208-955a-90293eab416d/inventory/29924515-2318-4f2c-b0f8-357cf38b5f6a/dba5b214-b6d8-4970-92b0-e203498c0e8d/0003_vacrFu_sm.jpeg;https://media.app.artisio.co/media/3fc437c0-fdbb-4208-955a-90293eab416d/inventory/29924515-2318-4f2c-b0f8-357cf38b5f6a/6fb5493d-3cca-4ad1-b685-e59ba9a79809/0004_XPKeNA_sm.jpeg;https://media.app.artisio.co/media/3fc437c0-fdbb-4208-955a-90293eab416d/inventory/29924515-2318-4f2c-b0f8-357cf38b5f6a/a5e6ceaf-e34c-4b3f-b089-bb4aa9ae7b4d/0005_eOuILd_sm.jpeg;https://media.app.artisio.co/media/3fc437c0-fdbb-4208-955a-90293eab416d/inventory/29924515-2318-4f2c-b0f8-357cf38b5f6a/c05e5528-c07b-43ac-a9b1-ffc9ff11a6e4/0006_ymNmyD_sm.jpeg;https://media.app.artisio.co/media/3fc437c0-fdbb-4208-955a-90293eab416d/inventory/29924515-2318-4f2c-b0f8-357cf38b5f6a/e215e09b-33b8-47ed-a8ee-e7605c84d3ae/0007_nozxTY_sm.jpeg;https://media.app.artisio.co/media/3fc437c0-fdbb-4208-955a-90293eab416d/inventory/29924515-2318-4f2c-b0f8-357cf38b5f6a/941ba1e3-b5a6-4a3d-a85d-f7fb4729608b/0008_OyVAOA_sm.jpeg;https://media.app.artisio.co/media/3fc437c0-fdbb-4208-955a-90293eab416d/inventory/29924515-2318-4f2c-b0f8-357cf38b5f6a/536cd187-a6d2-4997-b40f-8c4543a347c8/0009_LvILwu_sm.jpeg;https://media.app.artisio.co/media/3fc437c0-fdbb-4208-955a-90293eab416d/inventory/29924515-2318-4f2c-b0f8-357cf38b5f6a/4b592a51-08c3-4371-a52c-b9705b0f4c65/0010_btNKCb_sm.jpeg;https://media.app.artisio.co/media/3fc437c0-fdbb-4208-955a-90293eab416d/inventory/29924515-2318-4f2c-b0f8-357cf38b5f6a/4a36cccb-b144-47fe-9a4e-745bd517d15a/0011_cXEDDR_sm.jpeg;https://media.app.artisio.co/media/3fc437c0-fdbb-4208-955a-90293eab416d/inventory/29924515-2318-4f2c-b0f8-357cf38b5f6a/4c449fe9-8c8d-4c47-b160-8cf6d60a252b/0012_BEHAjt_sm.jpeg;https://media.app.artisio.co/media/3fc437c0-fdbb-4208-955a-90293eab416d/inventory/29924515-2318-4f2c-b0f8-357cf38b5f6a/dd6b9340-e854-405a-80c8-48df21fb2515/0013_HCwIsw_sm.jpeg,13,"{""artist_retail_right"": true, ""comments"": null, ""condition"": null, ""condition_report"": null, ""dimensions"": null, ""extra_text"": null, ""footnote"": null, ""header"": null, ""internal_reference"": null, ""literature"": null, ""origin_exhibition_lite"": null, ""painter_artist_school"": ""Bernard Aubertin (French, 1934-2015)"", ""period"": null, ""signature_dating"": ""all signed and dated with marker pen 'Bernard Aubertin 2009' (on the front)"", ""technique_size"": ""all burned metal mounted on red board, I.; II. 47x28 cm (59x40 cm incl. frame); III, 49x30 cm ( 68,50 cm)"", ""title"": ""Fer Brùlé (2009) (3)"", ""total"": null, ""weight_size_quality"": null}"
f5726e35-fadd-4be8-a797-7ef1542dd32e,277,26-0562/1,fbef6459-c238-43e4-b7ac-6357713358f6,713,Classic to Modern Art,Sculpturen,Untitled,Untitled,<h3>Painter / Artist / School</h3>Herman Brood (1946-2001)<h3>Literature</h3><p>H 80 cm&nbsp;</p>,published,EUR,700.0,1000.0,500.0,500.0,,1,0,,,True,"Mon, 31 Aug 2026 08:00:00 GMT","Tue, 15 Sep 2026 19:18:00 GMT",https://media.app.artisio.co/media/3fc437c0-fdbb-4208-955a-90293eab416d/inventory/959eea0f-2ccb-44c4-ad5c-0fcc38b3150e/db4d4092-cc3d-4e54-b25d-631a5bce336f/0001_DTBfYQ_sm.jpeg;https://media.app.artisio.co/media/3fc437c0-fdbb-4208-955a-90293eab416d/inventory/959eea0f-2ccb-44c4-ad5c-0fcc38b3150e/5addee14-602e-45ef-b474-27e7a3a543aa/0002_KIjFXI_sm.jpeg;https://media.app.artisio.co/media/3fc437c0-fdbb-4208-955a-90293eab416d/inventory/959eea0f-2ccb-44c4-ad5c-0fcc38b3150e/33866bdf-f489-4d2d-9b92-177c4929a9fb/0003_gdnsbd_sm.jpeg;https://media.app.artisio.co/media/3fc437c0-fdbb-4208-955a-90293eab416d/inventory/959eea0f-2ccb-44c4-ad5c-0fcc38b3150e/d2410188-6146-446f-9c0a-d25d48473baa/0004_LGFWjw_sm.jpeg;https://media.app.artisio.co/media/3fc437c0-fdbb-4208-955a-90293eab416d/inventory/959eea0f-2ccb-44c4-ad5c-0fcc38b3150e/dc46f6fb-4636-493e-977c-31e1065654d4/0005_XSetsN_sm.jpeg,5,"{""artist_retail_right"": true, ""comments"": null, ""condition"": null, ""condition_report"": null, ""description"": null, ""dimensions"": null, ""footnote"": null, ""header"": null, ""internal_reference"": null, ""literature"": ""<p>H 80 cm&nbsp;</p>"", ""origin_exhibition_lite"": null, ""painter_artist_school"": ""Herman Brood (1946-2001)"", ""period"": null, ""title"": ""Untitled"", ""total"": null, ""weight_size_quality"": null}"
a1962dd8-69ac-4330-8fb7-2654dd3118a8,278,26-0334/7,fbef6459-c238-43e4-b7ac-6357713358f6,713,Classic to Modern Art,"Schilderijen, aquarellen en tekeningen I",Music ,"Jan Saudek (Czech, 1935), Music ","<h3>Painter / Artist / School</h3>Jan Saudek (Czech, 1935)<h3>Literature</h3><p>Provenance:<br>-With Torch Gallery, Amsterdam (stamp on the frame).&nbsp;</p><h3>Technique / Size</h3>gelatine silver print with hand-colouring, 21,5x23 cm (38x38,5 cm incl. frame)",published,EUR,600.0,800.0,400.0,400.0,,1,0,,,True,"Mon, 31 Aug 2026 08:00:00 GMT","Tue, 15 Sep 2026 19:21:00 GMT",https://media.app.artisio.co/media/3fc437c0-fdbb-4208-955a-90293eab416d/inventory/f52c7f0d-8dfc-4629-81b4-e6c003ca6b44/739cea97-d0e5-41d1-ba1d-87fdfe28d446/0001_TVDrVr_sm.jpeg;https://media.app.artisio.co/media/3fc437c0-fdbb-4208-955a-90293eab416d/inventory/f52c7f0d-8dfc-4629-81b4-e6c003ca6b44/15778b1d-88f3-4815-96be-3265a1e5fcc9/0002_JDYYdK_sm.jpeg;https://media.app.artisio.co/media/3fc437c0-fdbb-4208-955a-90293eab416d/inventory/f52c7f0d-8dfc-4629-81b4-e6c003ca6b44/72cc583d-9188-4c3d-b027-ac86602c7542/0003_WzuGfL_sm.jpeg,3,"{""artist_retail_right"": true, ""comments"": ""<p>uitgelijst: gesigneerd?</p>"", ""condition"": null, ""condition_report"": null, ""dimensions"": null, ""extra_text"": null, ""footnote"": null, ""header"": null, ""internal_reference"": null, ""literature"": ""<p>Provenance:<br>-With Torch Gallery, Amsterdam (stamp on the frame).&nbsp;</p>"", ""origin_exhibition_lite"": null, ""painter_artist_school"": ""Jan Saudek (Czech, 1935)"", ""period"": null, ""signature_dating"": null, ""technique_size"": ""gelatine silver print with hand-colouring, 21,5x23 cm (38x38,5 cm incl. frame)"", ""title"": ""Music "", ""total"": null, ""weight_size_quality"": null}"
858c1057-a35f-4734-ad65-fb0cb83a4e74,279,26-0334/5,fbef6459-c238-43e4-b7ac-6357713358f6,713,Classic to Modern Art,"Schilderijen, aquarellen en tekeningen I",'Summertime',"Jan Saudek (Czech, 1935), 'Summertime'","<h3>Painter / Artist / School</h3>Jan Saudek (Czech, 1935)<h3>Literature</h3><p>Provenance:<br>-With Torch Gallery, Amsterdam (stamp on the frame).&nbsp;</p><h3>Technique / Size</h3>gelatine silver print with hand-colouring, 31x28 cm (58x48,5 cm incl. frame)",published,EUR,600.0,800.0,400.0,400.0,,1,0,,,True,"Mon, 31 Aug 2026 08:00:00 GMT","Tue, 15 Sep 2026 19:21:00 GMT",https://media.app.artisio.co/media/3fc437c0-fdbb-4208-955a-90293eab416d/inventory/c9694ae8-5477-4cfb-b8b6-f287a154daca/6814de98-62f5-4f4b-be4c-7eaa83f11161/0001_plrGId_sm.jpeg;https://media.app.artisio.co/media/3fc437c0-fdbb-4208-955a-90293eab416d/inventory/c9694ae8-5477-4cfb-b8b6-f287a154daca/70c955fe-6bb7-4d29-93cf-99273675ba47/0002_CTRaCb_sm.jpeg;https://media.app.artisio.co/media/3fc437c0-fdbb-4208-955a-90293eab416d/inventory/c9694ae8-5477-4cfb-b8b6-f287a154daca/f4144bad-586e-4e2e-b81f-bc4e29f8199b/0003_AeZDmH_sm.jpeg,3,"{""artist_retail_right"": true, ""comments"": null, ""condition"": null, ""condition_report"": null, ""dimensions"": null, ""extra_text"": null, ""footnote"": null, ""header"": null, ""internal_reference"": null, ""literature"": ""<p>Provenance:<br>-With Torch Gallery, Amsterdam (stamp on the frame).&nbsp;</p>"", ""origin_exhibition_lite"": null, ""painter_artist_school"": ""Jan Saudek (Czech, 1935)"", ""period"": null, ""signature_dating"": null, ""technique_size"": ""gelatine silver print with hand-colouring, 31x28 cm (58x48,5 cm incl. frame)"", ""title"": ""'Summertime'"", ""total"": null, ""weight_size_quality"": null}"
627ed39d-564c-453d-839a-10df2546cf84,280,26-0334/3,fbef6459-c238-43e4-b7ac-6357713358f6,713,Classic to Modern Art,"Schilderijen, aquarellen en tekeningen I",'Karolina',"Jan Saudek (Czech, 1935), 'Karolina'","<h3>Painter / Artist / School</h3>Jan Saudek (Czech, 1935)<h3>Technique / Size</h3>silver gelatine print, 26,5x18,5 cm (45,5x40 cm incl. frame)",published,EUR,600.0,800.0,400.0,400.0,,1,0,,,True,"Mon, 31 Aug 2026 08:00:00 GMT","Tue, 15 Sep 2026 19:21:00 GMT",https://media.app.artisio.co/media/3fc437c0-fdbb-4208-955a-90293eab416d/inventory/88a26577-6af3-4140-b3bd-9676eb1ccaff/e4418452-53c2-410c-924c-2f5076e0d80f/0001_zEIzJG_sm.jpeg;https://media.app.artisio.co/media/3fc437c0-fdbb-4208-955a-90293eab416d/inventory/88a26577-6af3-4140-b3bd-9676eb1ccaff/ebaef388-7184-40b2-9848-4f9bc6ff0f5f/0002_xPSQyA_sm.jpeg;https://media.app.artisio.co/media/3fc437c0-fdbb-4208-955a-90293eab416d/inventory/88a26577-6af3-4140-b3bd-9676eb1ccaff/85a76781-6518-43a5-842e-fbacf38832d8/0003_dueYIO_sm.jpeg,3,"{""artist_retail_right"": true, ""comments"": ""<p>uitgelijst: vastgeplakt&nbsp;</p>"", ""condition"": null, ""condition_report"": null, ""dimensions"": null, ""extra_text"": null, ""footnote"": null, ""header"": null, ""internal_reference"": null, ""literature"": null, ""origin_exhibition_lite"": null, ""painter_artist_school"": ""Jan Saudek (Czech, 1935)"", ""period"": null, ""signature_dating"": null, ""technique_size"": ""silver gelatine print, 26,5x18,5 cm (45,5x40 cm incl. frame)"", ""title"": ""'Karolina'"", ""total"": null, ""weight_size_quality"": null}"
3f9feb15-0fcf-4e83-bea3-78760f57b63d,281,26-0334/4,fbef6459-c238-43e4-b7ac-6357713358f6,713,Classic to Modern Art,"Schilderijen, aquarellen en tekeningen I",I. Father and son; II. Brothers,"Jan Saudek (Czech, 1935), I. Father and son; II. Brothers","<h3>Painter / Artist / School</h3>Jan Saudek (Czech, 1935)<h3>Technique / Size</h3>both gelatine silver print, I. 19x16,5 cm (38,5x35 cm incl. frame); II. 17x26,5 cm (36,5x45 cm incl. frame).<h3>Signature / Dating</h3>I. signed 'Jan Saudek' (lower right)",published,EUR,600.0,800.0,400.0,400.0,,1,0,,,True,"Mon, 31 Aug 2026 08:00:00 GMT","Tue, 15 Sep 2026 19:21:00 GMT",https://media.app.artisio.co/media/3fc437c0-fdbb-4208-955a-90293eab416d/inventory/e8b32eb7-42c2-4687-b164-bfac50ab69b9/eda3a316-6246-49e1-ae27-a7ce2fe37219/0001_zEdpny_sm.jpeg;https://media.app.artisio.co/media/3fc437c0-fdbb-4208-955a-90293eab416d/inventory/e8b32eb7-42c2-4687-b164-bfac50ab69b9/8ea6efdf-2992-4fe5-b319-bb627ab63289/0002_yzoMCr_sm.jpeg;https://media.app.artisio.co/media/3fc437c0-fdbb-4208-955a-90293eab416d/inventory/e8b32eb7-42c2-4687-b164-bfac50ab69b9/8c7a35b1-ce3b-4548-9cd3-ce69062e88a8/0002a_EbEvnQ_sm.jpeg;https://media.app.artisio.co/media/3fc437c0-fdbb-4208-955a-90293eab416d/inventory/e8b32eb7-42c2-4687-b164-bfac50ab69b9/c7b24c4e-7014-41f8-962a-0e6c7e6cd5ea/0002b_gWQBbF_sm.jpeg;https://media.app.artisio.co/media/3fc437c0-fdbb-4208-955a-90293eab416d/inventory/e8b32eb7-42c2-4687-b164-bfac50ab69b9/206346fc-b8bb-48a8-8a98-f66352f51068/0002c_gxsxwv_sm.jpeg,5,"{""artist_retail_right"": true, ""comments"": ""<p>Vader en zoon uitgelijst: niet op achterkant gesigneerd, vastgeplakt in passe-partout.&nbsp;</p><p>Broers uitgelijst:</p>"", ""condition"": null, ""condition_report"": null, ""dimensions"": null, ""extra_text"": null, ""footnote"": null, ""header"": null, ""internal_reference"": null, ""literature"": null, ""origin_exhibition_lite"": null, ""painter_artist_school"": ""Jan Saudek (Czech, 1935)"", ""period"": null, ""signature_dating"": ""I. signed 'Jan Saudek' (lower right)"", ""technique_size"": ""both gelatine silver print, I. 19x16,5 cm (38,5x35 cm incl. frame); II. 17x26,5 cm (36,5x45 cm incl. frame). "", ""title"": ""I. Father and son; II. Brothers"", ""total"": null, ""weight_size_quality"": null}"
7ea93b09-4ed9-4905-90e2-d312a037c63a,282,26-0334/6,fbef6459-c238-43e4-b7ac-6357713358f6,713,Classic to Modern Art,"Schilderijen, aquarellen en tekeningen I",On the road,"Jan Saudek (Czech, 1935), On the road","<h3>Painter / Artist / School</h3>Jan Saudek (Czech, 1935)<h3>Technique / Size</h3>gelatine silver print with hand-colouring, 36x27,5 cm (58x48 cm incl. frame)<h3>Signature / Dating</h3>signed in pen 'Jan Saudek' (lower left)",published,EUR,600.0,800.0,400.0,400.0,,1,0,,,True,"Mon, 31 Aug 2026 08:00:00 GMT","Tue, 15 Sep 2026 19:21:00 GMT",https://media.app.artisio.co/media/3fc437c0-fdbb-4208-955a-90293eab416d/inventory/de2b0905-0ead-4723-a450-31f2a8fff138/b2c13b6d-e6f6-4ba2-a289-e5780a2348f1/0001_OCEzXt_sm.jpeg;https://media.app.artisio.co/media/3fc437c0-fdbb-4208-955a-90293eab416d/inventory/de2b0905-0ead-4723-a450-31f2a8fff138/6cf5bf6b-dfcc-430c-aae2-199e64b26045/0002_kegSaZ_sm.jpeg;https://media.app.artisio.co/media/3fc437c0-fdbb-4208-955a-90293eab416d/inventory/de2b0905-0ead-4723-a450-31f2a8fff138/4e07a5bb-609c-4262-8497-9668c36b5afa/0003_MGggqD_sm.jpeg,3,"{""artist_retail_right"": true, ""comments"": null, ""condition"": null, ""condition_report"": null, ""dimensions"": null, ""extra_text"": null, ""footnote"": null, ""header"": null, ""internal_reference"": null, ""literature"": null, ""origin_exhibition_lite"": null, ""painter_artist_school"": ""Jan Saudek (Czech, 1935)"", ""period"": null, ""signature_dating"": ""signed in pen 'Jan Saudek' (lower left)"", ""technique_size"": ""gelatine silver print with hand-colouring, 36x27,5 cm (58x48 cm incl. frame)"", ""title"": ""On the road"", ""total"": null, ""weight_size_quality"": null}"
45d2ec1f-8adf-4337-b972-290094db31b9,283,26-0437/22,fbef6459-c238-43e4-b7ac-6357713358f6,713,Classic to Modern Art,"Schilderijen, aquarellen en tekeningen I",Cows in the meadow,"Willem van der Nat (1864-1929), Cows in the meadow","<h3>Painter / Artist / School</h3>Willem van der Nat (1864-1929)<h3>Literature</h3><p>Provenance:<br>-Auction, Onder de Boompjes, Leiden, 11 February 2020, lot 9.</p><h3>Technique / Size</h3>oil on canvas, mounted on board, 27,5x41 cm (40,5x54,5 cm incl. frame)<h3>Signature / Dating</h3>signed 'vd Nat' (lower right)",published,EUR,800.0,1200.0,800.0,800.0,,1,0,,,True,"Mon, 31 Aug 2026 08:00:00 GMT","Tue, 15 Sep 2026 19:21:00 GMT",https://media.app.artisio.co/media/3fc437c0-fdbb-4208-955a-90293eab416d/inventory/378b5804-bd41-433d-add8-4e1c9884f792/fd22483a-f164-43be-87e5-ea85563bbead/0001_iDbEdZ_sm.jpeg;https://media.app.artisio.co/media/3fc437c0-fdbb-4208-955a-90293eab416d/inventory/378b5804-bd41-433d-add8-4e1c9884f792/9c844fc6-dfa3-41a8-afd3-6d25ea3056ed/0002_sJceIH_sm.jpeg;https://media.app.artisio.co/media/3fc437c0-fdbb-4208-955a-90293eab416d/inventory/378b5804-bd41-433d-add8-4e1c9884f792/0e84601f-6457-4468-acfe-4297223c5381/0003_VHBGOh_sm.jpeg;https://media.app.artisio.co/media/3fc437c0-fdbb-4208-955a-90293eab416d/inventory/378b5804-bd41-433d-add8-4e1c9884f792/b2b9c86d-1be7-43b9-bd41-47c281ee78d3/0004_Pajdji_sm.jpeg,4,"{""artist_retail_right"": false, ""comments"": null, ""condition"": null, ""condition_report"": null, ""dimensions"": null, ""extra_text"": null, ""footnote"": null, ""header"": null, ""internal_reference"": null, ""literature"": ""<p>Provenance:<br>-Auction, Onder de Boompjes, Leiden, 11 February 2020, lot 9.</p>"", ""origin_exhibition_lite"": null, ""painter_artist_school"": ""Willem van der Nat (1864-1929)"", ""period"": null, ""signature_dating"": ""signed 'vd Nat' (lower right) "", ""technique_size"": ""oil on canvas, mounted on board, 27,5x41 cm (40,5x54,5 cm incl. frame)"", ""title"": ""Cows in the meadow"", ""total"": null, ""weight_size_quality"": null}"
00e94d18-bc53-454e-9eae-8c6ca10db943,284,26-0250/11,fbef6459-c238-43e4-b7ac-6357713358f6,713,Classic to Modern Art,"Schilderijen, aquarellen en tekeningen I",Cows on a dirt road,"Herman Kruyder (1881-1935), Cows on a dirt road","<h3>Painter / Artist / School</h3>Herman Kruyder (1881-1935)<h3>Technique / Size</h3>watercolour and gouache on paper, 26,5x40,5 cm (43x57,5 cm incl. frame)<h3>Signature / Dating</h3>signed 'H Kruijder.' (lower right)",published,EUR,600.0,900.0,500.0,500.0,,1,0,,,True,"Mon, 31 Aug 2026 08:00:00 GMT","Tue, 15 Sep 2026 19:24:00 GMT",https://media.app.artisio.co/media/3fc437c0-fdbb-4208-955a-90293eab416d/inventory/a68f1718-c050-4191-939a-ddb3390ccbe2/2c6eafd3-1eb4-4f9a-8a38-30a49cc3468b/0001_MLzDZI_sm.jpeg;https://media.app.artisio.co/media/3fc437c0-fdbb-4208-955a-90293eab416d/inventory/a68f1718-c050-4191-939a-ddb3390ccbe2/4d5a5230-e13c-493f-b79a-6fc6b44073f0/0002_JNcPlR_sm.jpeg;https://media.app.artisio.co/media/3fc437c0-fdbb-4208-955a-90293eab416d/inventory/a68f1718-c050-4191-939a-ddb3390ccbe2/618f0564-8bd1-4684-99b2-e1fe0fddbbd7/0003_MxdHxO_sm.jpeg;https://media.app.artisio.co/media/3fc437c0-fdbb-4208-955a-90293eab416d/inventory/a68f1718-c050-4191-939a-ddb3390ccbe2/129456f9-6714-4611-a960-bfd4d3e770b4/0004_cIHtPm_sm.jpeg,4,"{""artist_retail_right"": false, ""comments"": null, ""condition"": null, ""condition_report"": null, ""dimensions"": null, ""extra_text"": null, ""footnote"": null, ""header"": null, ""internal_reference"": null, ""literature"": null, ""origin_exhibition_lite"": null, ""painter_artist_school"": ""Herman Kruyder (1881-1935)"", ""period"": null, ""signature_dating"": ""signed 'H Kruijder.' (lower right)"", ""technique_size"": ""watercolour and gouache on paper, 26,5x40,5 cm (43x57,5 cm incl. frame)"", ""title"": ""Cows on a dirt road"", ""total"": null, ""weight_size_quality"": null}"
52f5f33d-5e0b-4361-8ee6-080d1f98cfc2,285,26-0752/1,fbef6459-c238-43e4-b7ac-6357713358f6,713,Classic to Modern Art,"Schilderijen, aquarellen en tekeningen I",Traditionally clothed lady,"Anton Mauve (1838-1888), Traditionally clothed lady","<h3>Painter / Artist / School</h3>Anton Mauve (1838-1888)<h3>Technique / Size</h3>watercolour on paper, 34x24 cm (52,5x40,5 cm incl. frame)<h3>Signature / Dating</h3>signed with monogram 'AM' (lower right)",published,EUR,700.0,1000.0,500.0,500.0,,1,0,,,True,"Mon, 31 Aug 2026 08:00:00 GMT","Tue, 15 Sep 2026 19:24:00 GMT",https://media.app.artisio.co/media/3fc437c0-fdbb-4208-955a-90293eab416d/inventory/ae3c833e-e5a0-435d-9ca0-431d520c9e2e/65a54cfa-6092-41a7-a488-adaa06dbe2db/0001_IdMfgj_sm.jpeg;https://media.app.artisio.co/media/3fc437c0-fdbb-4208-955a-90293eab416d/inventory/ae3c833e-e5a0-435d-9ca0-431d520c9e2e/df1d99e0-c45d-46ac-adcd-0bfee4ac86df/0002_VFmHYk_sm.jpeg;https://media.app.artisio.co/media/3fc437c0-fdbb-4208-955a-90293eab416d/inventory/ae3c833e-e5a0-435d-9ca0-431d520c9e2e/36bde992-155a-4893-ade2-cdcb6667009f/0003_zItarh_sm.jpeg;https://media.app.artisio.co/media/3fc437c0-fdbb-4208-955a-90293eab416d/inventory/ae3c833e-e5a0-435d-9ca0-431d520c9e2e/ea1c0fc9-8169-4ce7-bcc2-95b7380c943e/0004_iTvJIM_sm.jpeg,4,"{""artist_retail_right"": false, ""comments"": null, ""condition"": null, ""condition_report"": null, ""dimensions"": null, ""extra_text"": null, ""footnote"": null, ""header"": null, ""internal_reference"": null, ""literature"": null, ""origin_exhibition_lite"": null, ""painter_artist_school"": ""Anton Mauve (1838-1888)"", ""period"": null, ""signature_dating"": ""signed with monogram 'AM' (lower right)"", ""technique_size"": ""watercolour on paper, 34x24 cm (52,5x40,5 cm incl. frame)"", ""title"": ""Traditionally clothed lady"", ""total"": null, ""weight_size_quality"": null}"
9342f163-42b2-47d9-a50c-c27343db00cc,286,26-0356/5,fbef6459-c238-43e4-b7ac-6357713358f6,713,Classic to Modern Art,"Schilderijen, aquarellen en tekeningen I",Farmyard,"Chris van der Windt (1877-1952), Farmyard","<h3>Painter / Artist / School</h3>Chris van der Windt (1877-1952)<h3>Technique / Size</h3>watercolour and gouache on paper, 27,5x47 cm (53x73 cm incl. frame)<h3>Signature / Dating</h3>signed and dated 'C. vd. Windt/1904' (lower left)",published,EUR,300.0,500.0,200.0,200.0,,1,0,,,True,"Mon, 31 Aug 2026 08:00:00 GMT","Tue, 15 Sep 2026 19:24:00 GMT",https://media.app.artisio.co/media/3fc437c0-fdbb-4208-955a-90293eab416d/inventory/da1fe941-d2fa-4a18-9b8c-7f28e97ecf4e/4b35cc9b-3138-46e6-9ecc-268303699c78/0001_ZLRwKS_sm.jpeg;https://media.app.artisio.co/media/3fc437c0-fdbb-4208-955a-90293eab416d/inventory/da1fe941-d2fa-4a18-9b8c-7f28e97ecf4e/6288d388-c4d0-47cb-8232-c549127816d9/0002_NccqEL_sm.jpeg;https://media.app.artisio.co/media/3fc437c0-fdbb-4208-955a-90293eab416d/inventory/da1fe941-d2fa-4a18-9b8c-7f28e97ecf4e/c02e6d04-0cd0-4b3c-ad9a-bad33dcb7868/0003_KlgNfG_sm.jpeg;https://media.app.artisio.co/media/3fc437c0-fdbb-4208-955a-90293eab416d/inventory/da1fe941-d2fa-4a18-9b8c-7f28e97ecf4e/6466a3ad-70fe-4073-b082-c843e4e75217/0004_NWyVVR_sm.jpeg,4,"{""artist_retail_right"": false, ""comments"": null, ""condition"": null, ""condition_report"": null, ""dimensions"": null, ""extra_text"": null, ""footnote"": null, ""header"": null, ""internal_reference"": null, ""literature"": null, ""origin_exhibition_lite"": null, ""painter_artist_school"": ""Chris van der Windt (1877-1952)"", ""period"": null, ""signature_dating"": ""signed and dated 'C. vd. Windt/1904' (lower left)"", ""technique_size"": ""watercolour and gouache on paper, 27,5x47 cm (53x73 cm incl. frame)"", ""title"": ""Farmyard"", ""total"": null, ""weight_size_quality"": null}"
61226901-babb-439a-b0a8-a7d4bf2321dc,287,26-0250/3,fbef6459-c238-43e4-b7ac-6357713358f6,713,Classic to Modern Art,"Schilderijen, aquarellen en tekeningen I",Sheep in the barn ,"Willem van der Nat (1864-1929), Sheep in the barn ","<h3>Painter / Artist / School</h3>Willem van der Nat (1864-1929)<h3>Technique / Size</h3>watercolour and gouache on paper, 23x33 cm (44,5x54,5 cm incl. frame)<h3>Signature / Dating</h3>signed 'v.d. Nat.' (lower right)",published,EUR,500.0,700.0,300.0,300.0,,1,0,,,True,"Mon, 31 Aug 2026 08:00:00 GMT","Tue, 15 Sep 2026 19:24:00 GMT",https://media.app.artisio.co/media/3fc437c0-fdbb-4208-955a-90293eab416d/inventory/fe257167-a24d-4d0b-ba2a-aedca0f45332/79fabaf6-f40b-4795-b632-e2833c609673/0001_oWCaBy_sm.jpeg;https://media.app.artisio.co/media/3fc437c0-fdbb-4208-955a-90293eab416d/inventory/fe257167-a24d-4d0b-ba2a-aedca0f45332/fc0a4e07-01ac-49ff-bfa1-ea4b0c3048a0/0002_pZvBOU_sm.jpeg;https://media.app.artisio.co/media/3fc437c0-fdbb-4208-955a-90293eab416d/inventory/fe257167-a24d-4d0b-ba2a-aedca0f45332/fb976839-4ea7-4b7d-ac8e-66faccfa72d2/0003_aagbvp_sm.jpeg;https://media.app.artisio.co/media/3fc437c0-fdbb-4208-955a-90293eab416d/inventory/fe257167-a24d-4d0b-ba2a-aedca0f45332/328b534e-80ba-4c5b-a005-7ec058131cd3/0004_tBSnLV_sm.jpeg,4,"{""artist_retail_right"": false, ""comments"": null, ""condition"": null, ""condition_report"": null, ""dimensions"": null, ""extra_text"": null, ""footnote"": null, ""header"": null, ""internal_reference"": null, ""literature"": null, ""origin_exhibition_lite"": null, ""painter_artist_school"": ""Willem van der Nat (1864-1929)"", ""period"": null, ""signature_dating"": ""signed 'v.d. Nat.' (lower right)"", ""technique_size"": ""watercolour and gouache on paper, 23x33 cm (44,5x54,5 cm incl. frame)"", ""title"": ""Sheep in the barn "", ""total"": null, ""weight_size_quality"": null}"
3f65d445-e8ae-40e2-b0bf-57868db9538e,288,26-0356/4,fbef6459-c238-43e4-b7ac-6357713358f6,713,Classic to Modern Art,"Schilderijen, aquarellen en tekeningen I",Farmhouse with a haystack by the water's edge ,"Chris van der Windt (1877-1952), Farmhouse with a haystack by the water's edge ","<h3>Painter / Artist / School</h3>Chris van der Windt (1877-1952)<h3>Literature</h3><p>Provenance:<br>-Auction, Venduehuis, The Hague, 10 November 2010, lot 119.&nbsp;</p><h3>Technique / Size</h3>oil on canvas, mounted on panel, 30,5x36,5 cm (53x58,5 cm inc. frame)<h3>Signature / Dating</h3>signed 'C vd Windt' (lower left)",published,EUR,400.0,600.0,300.0,300.0,,1,0,,,True,"Mon, 31 Aug 2026 08:00:00 GMT","Tue, 15 Sep 2026 19:24:00 GMT",https://media.app.artisio.co/media/3fc437c0-fdbb-4208-955a-90293eab416d/inventory/0cf9daab-227a-46b5-b2e6-625257b927ae/b6a2f12c-d1aa-4806-9455-30813a171da4/0001_VPxBxC_sm.jpeg;https://media.app.artisio.co/media/3fc437c0-fdbb-4208-955a-90293eab416d/inventory/0cf9daab-227a-46b5-b2e6-625257b927ae/8e6f6069-70f8-4401-bd91-cd0bed026a27/0002_pdJWME_sm.jpeg;https://media.app.artisio.co/media/3fc437c0-fdbb-4208-955a-90293eab416d/inventory/0cf9daab-227a-46b5-b2e6-625257b927ae/ea9f20eb-3bbc-4265-a22b-f6bc22ce0f60/0003_quQfFr_sm.jpeg;https://media.app.artisio.co/media/3fc437c0-fdbb-4208-955a-90293eab416d/inventory/0cf9daab-227a-46b5-b2e6-625257b927ae/39a00094-03e6-476b-9923-fb2e65388f58/0004_zcqTDL_sm.jpeg,4,"{""artist_retail_right"": false, ""comments"": ""<p>https://www.artprice.com/artist/30825/chris-windt-van-der/painting/5980433/boerderij-aan-de-waterkant?p=1</p>"", ""condition"": null, ""condition_report"": null, ""dimensions"": null, ""extra_text"": null, ""footnote"": null, ""header"": null, ""internal_reference"": null, ""literature"": ""<p>Provenance:<br>-Auction, Venduehuis, The Hague, 10 November 2010, lot 119.&nbsp;</p>"", ""origin_exhibition_lite"": null, ""painter_artist_school"": ""Chris van der Windt (1877-1952)"", ""period"": null, ""signature_dating"": ""signed 'C vd Windt' (lower left)"", ""technique_size"": ""oil on canvas, mounted on panel, 30,5x36,5 cm (53x58,5 cm inc. frame)"", ""title"": ""Farmhouse with a haystack by the water's edge "", ""total"": null, ""weight_size_quality"": null}"
9762a660-64b8-4047-bd8e-6b1532642bd7,289,26-0521/1,fbef6459-c238-43e4-b7ac-6357713358f6,713,Classic to Modern Art,"Schilderijen, aquarellen en tekeningen I",Farm in a forest,"Marie Bilders-van Bosse (1837-1900), Farm in a forest","<h3>Painter / Artist / School</h3>Marie Bilders-van Bosse (1837-1900)<h3>Technique / Size</h3>oil on canvas, 53x75 cm (70,5x93 cm incl. frame)<h3>Signature / Dating</h3>signed 'M Bilders van Bosse' (lower left)",published,EUR,700.0,1000.0,650.0,,,1,0,,,True,"Mon, 31 Aug 2026 08:00:00 GMT","Tue, 15 Sep 2026 19:24:00 GMT",https://media.app.artisio.co/media/3fc437c0-fdbb-4208-955a-90293eab416d/inventory/f2271ff3-acc8-4a51-a40e-3bcc441db718/bd78d65b-0389-4b37-b787-401aa2c3ba95/0001_QcCGGv_sm.jpeg;https://media.app.artisio.co/media/3fc437c0-fdbb-4208-955a-90293eab416d/inventory/f2271ff3-acc8-4a51-a40e-3bcc441db718/9616d1ec-b105-458d-b21e-ad54b970038a/0002_ytLDVW_sm.jpeg;https://media.app.artisio.co/media/3fc437c0-fdbb-4208-955a-90293eab416d/inventory/f2271ff3-acc8-4a51-a40e-3bcc441db718/4643bbab-9708-482a-93c0-93befad874a2/0003_SaXKbX_sm.jpeg;https://media.app.artisio.co/media/3fc437c0-fdbb-4208-955a-90293eab416d/inventory/f2271ff3-acc8-4a51-a40e-3bcc441db718/6a38a26b-5f9c-4506-a6db-c183f77457ca/0004_MdouYG_sm.jpeg,4,"{""artist_retail_right"": false, ""comments"": ""<p>Een schilderij van Marrie Bilders-van Bosse voor de Classic to Modern Art 15 September 2026, 700-1000€, limiet €650.</p>"", ""condition"": null, ""condition_report"": null, ""dimensions"": null, ""extra_text"": null, ""footnote"": null, ""header"": null, ""internal_reference"": null, ""literature"": null, ""origin_exhibition_lite"": null, ""painter_artist_school"": ""Marie Bilders-van Bosse (1837-1900)"", ""period"": null, ""signature_dating"": ""signed 'M Bilders van Bosse' (lower left)"", ""technique_size"": ""oil on canvas, 53x75 cm (70,5x93 cm incl. frame)"", ""title"": ""Farm in a forest"", ""total"": null, ""weight_size_quality"": null}"
5c18a201-a397-4676-85a6-22ae55d938c6,290,26-0669/1,fbef6459-c238-43e4-b7ac-6357713358f6,713,Classic to Modern Art,"Schilderijen, aquarellen en tekeningen I","View over the Linge, Leerdam","Willem Knip (1883-1967), View over the Linge, Leerdam","<h3>Painter / Artist / School</h3>Willem Knip (1883-1967)<h3>Technique / Size</h3>oil on canvas, 50,5x80 cm (60,5x90,5 cm incl. frame)<h3>Signature / Dating</h3>signed 'W.A. Knip' (lower right); titled (on a label attached to the stretcher)",published,EUR,600.0,900.0,500.0,500.0,,1,0,,,True,"Mon, 31 Aug 2026 08:00:00 GMT","Tue, 15 Sep 2026 19:27:00 GMT",https://media.app.artisio.co/media/3fc437c0-fdbb-4208-955a-90293eab416d/inventory/dfb4deff-b84f-4cc3-bc5a-cfe4c2ee3ed4/c2d34a49-065a-4a5e-a6a5-f81a73402030/0001_MsNvEk_sm.jpeg;https://media.app.artisio.co/media/3fc437c0-fdbb-4208-955a-90293eab416d/inventory/dfb4deff-b84f-4cc3-bc5a-cfe4c2ee3ed4/2781be7a-872e-42ea-863b-fd3308c9660b/0002_yYmkbW_sm.jpeg;https://media.app.artisio.co/media/3fc437c0-fdbb-4208-955a-90293eab416d/inventory/dfb4deff-b84f-4cc3-bc5a-cfe4c2ee3ed4/be0c38a7-4299-4df0-9a01-a582fae0f32a/0003_NkHcpY_sm.jpeg;https://media.app.artisio.co/media/3fc437c0-fdbb-4208-955a-90293eab416d/inventory/dfb4deff-b84f-4cc3-bc5a-cfe4c2ee3ed4/75acd418-ebc8-4ef0-a977-66deaac6cf30/0004_keRfdW_sm.jpeg,4,"{""artist_retail_right"": true, ""comments"": null, ""condition"": null, ""condition_report"": null, ""dimensions"": null, ""extra_text"": null, ""footnote"": null, ""header"": null, ""internal_reference"": null, ""literature"": null, ""origin_exhibition_lite"": null, ""painter_artist_school"": ""Willem Knip (1883-1967)"", ""period"": null, ""signature_dating"": ""signed 'W.A. Knip' (lower right); titled (on a label attached to the stretcher)"", ""technique_size"": ""oil on canvas, 50,5x80 cm (60,5x90,5 cm incl. frame)"", ""title"": ""View over the Linge, Leerdam"", ""total"": null, ""weight_size_quality"": null}"
b15e795c-91e6-496f-a602-01597321e4a1,291,26-0126/11,fbef6459-c238-43e4-b7ac-6357713358f6,713,Classic to Modern Art,"Schilderijen, aquarellen en tekeningen I",Overschie with a view on the Grote Kerk,"Ben Viegers (1886-1947), Overschie with a view on the Grote Kerk","<h3>Painter / Artist / School</h3>Ben Viegers (1886-1947)<h3>Technique / Size</h3>oil on panel, 15,5x20 cm (34x39 cm incl. frame)<h3>Signature / Dating</h3>signed 'B. Viegers' (lower left)",published,EUR,500.0,700.0,500.0,500.0,,1,0,,,True,"Mon, 31 Aug 2026 08:00:00 GMT","Tue, 15 Sep 2026 19:27:00 GMT",https://media.app.artisio.co/media/3fc437c0-fdbb-4208-955a-90293eab416d/inventory/c301e32e-3bfd-456a-9401-b890bb7bc39b/61d82434-ee06-4e50-9627-3b1860b7eb5a/0001_zLkRgt_sm.jpeg;https://media.app.artisio.co/media/3fc437c0-fdbb-4208-955a-90293eab416d/inventory/c301e32e-3bfd-456a-9401-b890bb7bc39b/c85caad2-840a-4fb2-96a9-c49afac38917/0002_shjgFR_sm.jpeg;https://media.app.artisio.co/media/3fc437c0-fdbb-4208-955a-90293eab416d/inventory/c301e32e-3bfd-456a-9401-b890bb7bc39b/c9dcb0b2-8a90-41bc-8f7c-a1c2e902e1a9/0003_oBQJoj_sm.jpeg;https://media.app.artisio.co/media/3fc437c0-fdbb-4208-955a-90293eab416d/inventory/c301e32e-3bfd-456a-9401-b890bb7bc39b/1c290fd4-1e19-4c3e-a0a8-cbba057bc885/0004_DWdwRL_sm.jpeg,4,"{""artist_retail_right"": false, ""comments"": ""<p>B. Viegers, Overschie, €500-700 lim 500</p>"", ""condition"": null, ""condition_report"": null, ""dimensions"": null, ""extra_text"": null, ""footnote"": null, ""header"": null, ""internal_reference"": null, ""literature"": null, ""origin_exhibition_lite"": null, ""painter_artist_school"": ""Ben Viegers (1886-1947)"", ""period"": null, ""signature_dating"": ""signed 'B. Viegers' (lower left)"", ""technique_size"": ""oil on panel, 15,5x20 cm (34x39 cm incl. frame)"", ""title"": ""Overschie with a view on the Grote Kerk"", ""total"": null, ""weight_size_quality"": null}"
25cd6470-5384-45bd-9063-2bc3da976576,292,26-0192/6,fbef6459-c238-43e4-b7ac-6357713358f6,713,Classic to Modern Art,"Schilderijen, aquarellen en tekeningen I","View on the Westerkerk from the Bloemstraat, Amsterdam","Jan Korthals (1916-1972), View on the Westerkerk from the Bloemstraat, Amsterdam","<h3>Painter / Artist / School</h3>Jan Korthals (1916-1972)<h3>Technique / Size</h3>oil on canvas, 60,5x40,5 cm (72x52,5 cm incl. frame)<h3>Signature / Dating</h3>signed 'Jan Korthals' (lower right)",published,EUR,600.0,800.0,500.0,,,1,0,,,True,"Mon, 31 Aug 2026 08:00:00 GMT","Tue, 15 Sep 2026 19:27:00 GMT",https://media.app.artisio.co/media/3fc437c0-fdbb-4208-955a-90293eab416d/inventory/ef08fbf9-03b3-453a-81af-59810352ed28/1ee222de-aa6f-433d-916e-75dcec95d361/0001_GcwXNp_sm.jpeg;https://media.app.artisio.co/media/3fc437c0-fdbb-4208-955a-90293eab416d/inventory/ef08fbf9-03b3-453a-81af-59810352ed28/a143f873-5d19-4248-a02a-9f1f15ba8437/0002_kJfuZG_sm.jpeg;https://media.app.artisio.co/media/3fc437c0-fdbb-4208-955a-90293eab416d/inventory/ef08fbf9-03b3-453a-81af-59810352ed28/3bd00934-6fb1-4f20-b157-1d933c644c21/0003_nCLzKJ_sm.jpeg;https://media.app.artisio.co/media/3fc437c0-fdbb-4208-955a-90293eab416d/inventory/ef08fbf9-03b3-453a-81af-59810352ed28/dfda1b0f-e55a-48b5-be2f-66920c94c9e2/0004_aMBoyp_sm.jpeg,4,"{""artist_retail_right"": true, ""comments"": null, ""condition"": null, ""condition_report"": null, ""dimensions"": null, ""extra_text"": null, ""footnote"": null, ""header"": null, ""internal_reference"": null, ""literature"": null, ""origin_exhibition_lite"": null, ""painter_artist_school"": ""Jan Korthals (1916-1972)"", ""period"": null, ""signature_dating"": ""signed 'Jan Korthals' (lower right)"", ""technique_size"": ""oil on canvas, 60,5x40,5 cm (72x52,5 cm incl. frame)"", ""title"": ""View on the Westerkerk from the Bloemstraat, Amsterdam"", ""total"": null, ""weight_size_quality"": null}"
d1a118e2-275f-4118-b632-99ffe002537f,293,26-0192/3,fbef6459-c238-43e4-b7ac-6357713358f6,713,Classic to Modern Art,"Schilderijen, aquarellen en tekeningen I",Street life in Paris,"Jan Korthals (1916-1972), Street life in Paris","<h3>Painter / Artist / School</h3>Jan Korthals (1916-1972)<h3>Technique / Size</h3>oil on canvas, 51x40 cm (62x51 cm incl. frame)<h3>Signature / Dating</h3>signed 'Jan Korthals' (lower left)",published,EUR,400.0,600.0,300.0,300.0,,1,0,,,True,"Mon, 31 Aug 2026 08:00:00 GMT","Tue, 15 Sep 2026 19:27:00 GMT",https://media.app.artisio.co/media/3fc437c0-fdbb-4208-955a-90293eab416d/inventory/c565a7b9-4663-461f-b7ba-1db069b6886e/7aec3cd4-b88e-4cfb-8276-beb0bba2e1c8/0001_qZclMw_sm.jpeg;https://media.app.artisio.co/media/3fc437c0-fdbb-4208-955a-90293eab416d/inventory/c565a7b9-4663-461f-b7ba-1db069b6886e/62286698-e207-4f05-bdf7-9f99244baf97/0002_FlPEKb_sm.jpeg;https://media.app.artisio.co/media/3fc437c0-fdbb-4208-955a-90293eab416d/inventory/c565a7b9-4663-461f-b7ba-1db069b6886e/cfe41e84-4287-43ff-863a-baecb3ba1bfa/0003_jUeNqs_sm.jpeg;https://media.app.artisio.co/media/3fc437c0-fdbb-4208-955a-90293eab416d/inventory/c565a7b9-4663-461f-b7ba-1db069b6886e/4804be6a-6e43-4cfb-bae9-9db1d321db62/0004_ssrUPk_sm.jpeg,4,"{""artist_retail_right"": true, ""comments"": null, ""condition"": null, ""condition_report"": null, ""dimensions"": null, ""extra_text"": null, ""footnote"": null, ""header"": null, ""internal_reference"": null, ""literature"": null, ""origin_exhibition_lite"": null, ""painter_artist_school"": ""Jan Korthals (1916-1972)"", ""period"": null, ""signature_dating"": ""signed 'Jan Korthals' (lower left)"", ""technique_size"": ""oil on canvas, 51x40 cm (62x51 cm incl. frame)"", ""title"": ""Street life in Paris"", ""total"": null, ""weight_size_quality"": null}"
3de75b6a-dbdf-423b-ae16-3e3f7b308eda,294,26-0192/1,fbef6459-c238-43e4-b7ac-6357713358f6,713,Classic to Modern Art,"Schilderijen, aquarellen en tekeningen I",Figures on a square in Paris ,"Jan Korthals (1916-1972), Figures on a square in Paris ","<h3>Painter / Artist / School</h3>Jan Korthals (1916-1972)<h3>Technique / Size</h3>oil on canvas, 40,5x50,5 cm (57x67 cm incl. frame)<h3>Signature / Dating</h3>signed and annotated 'Paris/JanKorthals' (lower right)",published,EUR,800.0,1200.0,700.0,700.0,,1,0,,,True,"Mon, 31 Aug 2026 08:00:00 GMT","Tue, 15 Sep 2026 19:27:00 GMT",https://media.app.artisio.co/media/3fc437c0-fdbb-4208-955a-90293eab416d/inventory/a4cafa73-e662-44b2-902c-646782540328/45eba4bf-9af3-49c5-a174-46cc2c64ea78/0001_xYMzlo_sm.jpeg;https://media.app.artisio.co/media/3fc437c0-fdbb-4208-955a-90293eab416d/inventory/a4cafa73-e662-44b2-902c-646782540328/29584883-1747-48f8-a050-bdc18202421c/0002_JYFeAF_sm.jpeg;https://media.app.artisio.co/media/3fc437c0-fdbb-4208-955a-90293eab416d/inventory/a4cafa73-e662-44b2-902c-646782540328/7e483968-bae9-4d27-afd3-dcbb743da851/0003_HmeQwu_sm.jpeg;https://media.app.artisio.co/media/3fc437c0-fdbb-4208-955a-90293eab416d/inventory/a4cafa73-e662-44b2-902c-646782540328/5ae14ac3-c621-4d3a-8254-6020c0e7279f/0004_kreGTz_sm.jpeg,4,"{""artist_retail_right"": true, ""comments"": null, ""condition"": null, ""condition_report"": null, ""dimensions"": null, ""extra_text"": null, ""footnote"": null, ""header"": null, ""internal_reference"": null, ""literature"": null, ""origin_exhibition_lite"": null, ""painter_artist_school"": ""Jan Korthals (1916-1972)"", ""period"": null, ""signature_dating"": ""signed and annotated 'Paris/JanKorthals' (lower right)"", ""technique_size"": ""oil on canvas, 40,5x50,5 cm (57x67 cm incl. frame)"", ""title"": ""Figures on a square in Paris "", ""total"": null, ""weight_size_quality"": null}"
afa055b5-1ff3-4795-adeb-1ccde510c80b,295,26-0192/5,fbef6459-c238-43e4-b7ac-6357713358f6,713,Classic to Modern Art,"Schilderijen, aquarellen en tekeningen I",Moored sailboat at the Prinsengracht in Amsterdam,"Jan Korthals (1916-1972), Moored sailboat at the Prinsengracht in Amsterdam","<h3>Painter / Artist / School</h3>Jan Korthals (1916-1972)<h3>Technique / Size</h3>oil on canvas, 40,5x50 cm (56x66 cm incl. frame)<h3>Signature / Dating</h3>signed 'Jan Korthals' (lower right)",published,EUR,600.0,800.0,500.0,500.0,,1,0,,,True,"Mon, 31 Aug 2026 08:00:00 GMT","Tue, 15 Sep 2026 19:27:00 GMT",https://media.app.artisio.co/media/3fc437c0-fdbb-4208-955a-90293eab416d/inventory/799f6e64-3d35-4459-a65c-de01c302643a/f2b15c4d-1a1c-4996-9252-c83d52fc911c/0002_HDsxrJ_sm.jpeg;https://media.app.artisio.co/media/3fc437c0-fdbb-4208-955a-90293eab416d/inventory/799f6e64-3d35-4459-a65c-de01c302643a/93aa9051-72bd-4965-980a-81ea99930063/0003_luJZyw_sm.jpeg;https://media.app.artisio.co/media/3fc437c0-fdbb-4208-955a-90293eab416d/inventory/799f6e64-3d35-4459-a65c-de01c302643a/e0458ecb-bb23-424d-aae7-c74530a7c289/0003a_cxQHTp_sm.jpeg;https://media.app.artisio.co/media/3fc437c0-fdbb-4208-955a-90293eab416d/inventory/799f6e64-3d35-4459-a65c-de01c302643a/d1911894-ddfd-4ace-a274-439be43470c3/0003b_fNMfqO_sm.jpeg,4,"{""artist_retail_right"": true, ""comments"": null, ""condition"": null, ""condition_report"": null, ""dimensions"": null, ""extra_text"": null, ""footnote"": null, ""header"": null, ""internal_reference"": null, ""literature"": null, ""origin_exhibition_lite"": null, ""painter_artist_school"": ""Jan Korthals (1916-1972)"", ""period"": null, ""signature_dating"": ""signed 'Jan Korthals' (lower right)"", ""technique_size"": ""oil on canvas, 40,5x50 cm (56x66 cm incl. frame)"", ""title"": ""Moored sailboat at the Prinsengracht in Amsterdam"", ""total"": null, ""weight_size_quality"": null}"
d0248ac2-7c07-46c4-ac5d-f870bae0edce,296,26-0192/7,fbef6459-c238-43e4-b7ac-6357713358f6,713,Classic to Modern Art,"Schilderijen, aquarellen en tekeningen I",Keizersgracht in Amsterdam,"Jan Korthals (1916-1972), Keizersgracht in Amsterdam","<h3>Painter / Artist / School</h3>Jan Korthals (1916-1972)<h3>Literature</h3><p>Provenance:<br>-Auction, Christie's, Amsterdam.</p><h3>Technique / Size</h3>oil on canvas, 60x80 cm (80x100 cm incl. frame)<h3>Signature / Dating</h3>signed 'Jan Korthals' (lower right)",published,EUR,600.0,800.0,500.0,500.0,,1,1,500.0,500.0,True,"Mon, 31 Aug 2026 08:00:00 GMT","Tue, 15 Sep 2026 19:30:00 GMT",https://media.app.artisio.co/media/3fc437c0-fdbb-4208-955a-90293eab416d/inventory/5b621d5c-9eac-4763-b6d3-37734954b619/9bbc4ecb-54fd-4387-b742-5bbbbcba7d94/0001_DsplbP_sm.jpeg;https://media.app.artisio.co/media/3fc437c0-fdbb-4208-955a-90293eab416d/inventory/5b621d5c-9eac-4763-b6d3-37734954b619/6974256e-9d82-4ace-9893-0318ac70c35d/0002_eBniHu_sm.jpeg;https://media.app.artisio.co/media/3fc437c0-fdbb-4208-955a-90293eab416d/inventory/5b621d5c-9eac-4763-b6d3-37734954b619/58b57dba-9985-4dfd-a64c-e3b58c787f1a/0003_sqLDUa_sm.jpeg;https://media.app.artisio.co/media/3fc437c0-fdbb-4208-955a-90293eab416d/inventory/5b621d5c-9eac-4763-b6d3-37734954b619/ae98de36-abd4-4a9f-864c-409bbf8cd3cb/0004_eNCxsg_sm.jpeg,4,"{""artist_retail_right"": true, ""comments"": ""<p>https://rkd.nl/imageslite/3301241</p>"", ""condition"": null, ""condition_report"": null, ""dimensions"": null, ""extra_text"": null, ""footnote"": null, ""header"": null, ""internal_reference"": null, ""literature"": ""<p>Provenance:<br>-Auction, Christie's, Amsterdam.</p>"", ""origin_exhibition_lite"": null, ""painter_artist_school"": ""Jan Korthals (1916-1972)"", ""period"": null, ""signature_dating"": ""signed 'Jan Korthals' (lower right)"", ""technique_size"": ""oil on canvas, 60x80 cm (80x100 cm incl. frame)"", ""title"": ""Keizersgracht in Amsterdam"", ""total"": null, ""weight_size_quality"": null}"
de169cc1-30c3-470a-9175-0e07cdec4fba,297,26-0192/4,fbef6459-c238-43e4-b7ac-6357713358f6,713,Classic to Modern Art,"Schilderijen, aquarellen en tekeningen I","'t Kolkje, Amsterdam","Jan Korthals (1916-1972), 't Kolkje, Amsterdam","<h3>Painter / Artist / School</h3>Jan Korthals (1916-1972)<h3>Technique / Size</h3>oil on canvas, 45x40 cm (60x55 cm incl. frame)<h3>Signature / Dating</h3>signed 'Jan Korthals' (lower left)",published,EUR,300.0,500.0,200.0,200.0,,1,0,,,True,"Mon, 31 Aug 2026 08:00:00 GMT","Tue, 15 Sep 2026 19:30:00 GMT",https://media.app.artisio.co/media/3fc437c0-fdbb-4208-955a-90293eab416d/inventory/38d34ed2-3212-45cb-b2f6-5dc3f9ac17ce/09044f5b-3f4f-46cf-b084-3742891cb1f6/0001_tVMmFe_sm.jpeg;https://media.app.artisio.co/media/3fc437c0-fdbb-4208-955a-90293eab416d/inventory/38d34ed2-3212-45cb-b2f6-5dc3f9ac17ce/204aa4ea-3b1b-4ad7-a817-8c62be4043e3/0002_OQfSgp_sm.jpeg;https://media.app.artisio.co/media/3fc437c0-fdbb-4208-955a-90293eab416d/inventory/38d34ed2-3212-45cb-b2f6-5dc3f9ac17ce/99c49159-db7b-412b-b1ac-9052ba4edd7d/0003_UgXIOZ_sm.jpeg;https://media.app.artisio.co/media/3fc437c0-fdbb-4208-955a-90293eab416d/inventory/38d34ed2-3212-45cb-b2f6-5dc3f9ac17ce/27171e21-214f-487b-af57-65ed8aafe2c6/0004_eRZKdj_sm.jpeg,4,"{""artist_retail_right"": true, ""comments"": null, ""condition"": null, ""condition_report"": null, ""dimensions"": null, ""extra_text"": null, ""footnote"": null, ""header"": null, ""internal_reference"": null, ""literature"": null, ""origin_exhibition_lite"": null, ""painter_artist_school"": ""Jan Korthals (1916-1972)"", ""period"": null, ""signature_dating"": ""signed 'Jan Korthals' (lower left)"", ""technique_size"": ""oil on canvas, 45x40 cm (60x55 cm incl. frame)"", ""title"": ""'t Kolkje, Amsterdam"", ""total"": null, ""weight_size_quality"": null}"
fd3e8ed6-2d6b-4724-a82f-1b6632e36f3d,298,26-0634/4,fbef6459-c238-43e4-b7ac-6357713358f6,713,Classic to Modern Art,"Schilderijen, aquarellen en tekeningen I",At the flower stall ,"Jan Rijlaarsdam (1911-2007), At the flower stall ","<h3>Painter / Artist / School</h3>Jan Rijlaarsdam (1911-2007)<h3>Technique / Size</h3>oil on canvas, 60x50 cm (70x60 cm incl. frame)<h3>Signature / Dating</h3>signed 'J. Rijlaarsdam' (lower left)",published,EUR,500.0,800.0,450.0,450.0,,1,0,,,True,"Mon, 31 Aug 2026 08:00:00 GMT","Tue, 15 Sep 2026 19:30:00 GMT",https://media.app.artisio.co/media/3fc437c0-fdbb-4208-955a-90293eab416d/inventory/66c1cacd-8f33-4d30-8d78-081e123bb0ef/ddfaac5f-3ba1-407b-891e-8fa40a42f647/0001_RrQuuP_sm.jpeg;https://media.app.artisio.co/media/3fc437c0-fdbb-4208-955a-90293eab416d/inventory/66c1cacd-8f33-4d30-8d78-081e123bb0ef/09c4de9b-aa4d-4670-92b2-d8441a8055ca/0002_YNnSwb_sm.jpeg;https://media.app.artisio.co/media/3fc437c0-fdbb-4208-955a-90293eab416d/inventory/66c1cacd-8f33-4d30-8d78-081e123bb0ef/fd2ecc61-7535-466f-aeec-d1c58588a8b1/0003_xFYUJA_sm.jpeg;https://media.app.artisio.co/media/3fc437c0-fdbb-4208-955a-90293eab416d/inventory/66c1cacd-8f33-4d30-8d78-081e123bb0ef/e5a536b3-faf4-4b99-9268-0e066c40aa6a/0004_nNbnMn_sm.jpeg,4,"{""artist_retail_right"": true, ""comments"": ""<p>in 2024 unsold bij rpr 1000-1500 eu</p>"", ""condition"": null, ""condition_report"": null, ""dimensions"": null, ""extra_text"": null, ""footnote"": null, ""header"": null, ""internal_reference"": null, ""literature"": null, ""origin_exhibition_lite"": null, ""painter_artist_school"": ""Jan Rijlaarsdam (1911-2007)"", ""period"": null, ""signature_dating"": ""signed 'J. Rijlaarsdam' (lower left)"", ""technique_size"": ""oil on canvas, 60x50 cm (70x60 cm incl. frame)"", ""title"": ""At the flower stall "", ""total"": null, ""weight_size_quality"": null}"
2611a1db-a009-496b-8c8a-15f3ffd98b3e,299,26-0634/2,fbef6459-c238-43e4-b7ac-6357713358f6,713,Classic to Modern Art,"Schilderijen, aquarellen en tekeningen I",Albert Cuyp market in Amsterdam,"Jan Rijlaarsdam (1911-2007), Albert Cuyp market in Amsterdam","<h3>Painter / Artist / School</h3>Jan Rijlaarsdam (1911-2007)<h3>Literature</h3><p>Provenance:<br>-With Kunst aan de Dijk, Kortenhoef, as: ‘Amsterdam Lapjesmarkt Albert Cuyp’ (label attached to the reverse).<br>-Private collection, the Netherlands.&nbsp;</p><h3>Technique / Size</h3>oil on canvas, 60x80 cm (75,5x95,5 cm incl. frame)<h3>Signature / Dating</h3>signed 'J. Rijlaarsdam' (lower left)",published,EUR,800.0,1200.0,700.0,700.0,,1,0,,,True,"Mon, 31 Aug 2026 08:00:00 GMT","Tue, 15 Sep 2026 19:30:00 GMT",https://media.app.artisio.co/media/3fc437c0-fdbb-4208-955a-90293eab416d/inventory/15a32ace-25c5-4c7b-9f7c-70e7df5ff849/11f0b2b1-30d1-458a-a12e-d8fb181bd13d/0001_qwwjUG_sm.jpeg;https://media.app.artisio.co/media/3fc437c0-fdbb-4208-955a-90293eab416d/inventory/15a32ace-25c5-4c7b-9f7c-70e7df5ff849/28bc1da0-dfa5-443b-a7bb-479a452cc59c/0002_VDVDIa_sm.jpeg;https://media.app.artisio.co/media/3fc437c0-fdbb-4208-955a-90293eab416d/inventory/15a32ace-25c5-4c7b-9f7c-70e7df5ff849/7d6ec5f8-8ba0-4046-89de-32d5b40afb62/0003_tzBSvB_sm.jpeg;https://media.app.artisio.co/media/3fc437c0-fdbb-4208-955a-90293eab416d/inventory/15a32ace-25c5-4c7b-9f7c-70e7df5ff849/5507c269-aaae-48ba-888b-7a5dc3d19d94/0004_frBXhl_sm.jpeg,4,"{""artist_retail_right"": true, ""comments"": null, ""condition"": null, ""condition_report"": null, ""dimensions"": null, ""extra_text"": null, ""footnote"": null, ""header"": null, ""internal_reference"": null, ""literature"": ""<p>Provenance:<br>-With Kunst aan de Dijk, Kortenhoef, as: ‘Amsterdam Lapjesmarkt Albert Cuyp’ (label attached to the reverse).<br>-Private collection, the Netherlands.&nbsp;</p>"", ""origin_exhibition_lite"": null, ""painter_artist_school"": ""Jan Rijlaarsdam (1911-2007)"", ""period"": null, ""signature_dating"": ""signed 'J. Rijlaarsdam' (lower left)"", ""technique_size"": ""oil on canvas, 60x80 cm (75,5x95,5 cm incl. frame)"", ""title"": ""Albert Cuyp market in Amsterdam"", ""total"": null, ""weight_size_quality"": null}"
675f047e-6347-4d2d-86c1-0764c036dbb9,300,26-0725/1,fbef6459-c238-43e4-b7ac-6357713358f6,713,Classic to Modern Art,"Schilderijen, aquarellen en tekeningen I",View of the valley near Domodossola with the bridge over the river Toce,"Henri Knip (1819-1905), View of the valley near Domodossola with the bridge over the river Toce","<h3>Painter / Artist / School</h3>Henri Knip (1819-1905)<h3>Literature</h3><p>Provenance:<br>-Auction, Sotheby's, London, 4 July 1994, lot 140, where acquired by the present owner.&nbsp;</p><h3>Technique / Size</h3>watercolour on paper, 48x71 cm (62x86  incl. frame)",published,EUR,500.0,800.0,450.0,450.0,,1,0,,,True,"Mon, 31 Aug 2026 08:00:00 GMT","Tue, 15 Sep 2026 19:30:00 GMT",https://media.app.artisio.co/media/3fc437c0-fdbb-4208-955a-90293eab416d/inventory/6dbcf5cb-7cc3-438b-bf3d-606f6db61592/a9721130-1808-4bc5-b336-dcac15cf9e72/0001_cyUMPM_sm.jpeg;https://media.app.artisio.co/media/3fc437c0-fdbb-4208-955a-90293eab416d/inventory/6dbcf5cb-7cc3-438b-bf3d-606f6db61592/87c70eb7-26f9-4ce7-8cc9-61aa54297163/0002_wjjUoY_sm.jpeg;https://media.app.artisio.co/media/3fc437c0-fdbb-4208-955a-90293eab416d/inventory/6dbcf5cb-7cc3-438b-bf3d-606f6db61592/d07df82c-9307-464d-9f9b-ccebe2c341c2/0003_fqJlUt_sm.jpeg,3,"{""artist_retail_right"": false, ""comments"": ""<p>NIET gesigneerd. Als vanaf 1989 aangeboden; bleef 3x onverkocht.</p><p><strong>1994 hamerpr € 1,524</strong></p>"", ""condition"": ""Papier heeft (achter glas) wat opp schade: krassen en wat gaatjes (o.a. linksonder) in papier. Voorts erg verbleekt"", ""condition_report"": null, ""dimensions"": null, ""extra_text"": null, ""footnote"": null, ""header"": null, ""internal_reference"": null, ""literature"": ""<p>Provenance:<br>-Auction, Sotheby's, London, 4 July 1994, lot 140, where acquired by the present owner.&nbsp;</p>"", ""origin_exhibition_lite"": null, ""painter_artist_school"": ""Henri Knip (1819-1905)"", ""period"": null, ""signature_dating"": null, ""technique_size"": ""watercolour on paper, 48x71 cm (62x86  incl. frame)"", ""title"": ""View of the valley near Domodossola with the bridge over the river Toce"", ""total"": null, ""weight_size_quality"": null}"
60e01c8b-1625-4306-9d8d-12ce95baf0f2,301,26-0725/2,fbef6459-c238-43e4-b7ac-6357713358f6,713,Classic to Modern Art,"Schilderijen, aquarellen en tekeningen I","Staubbach Falls near Lauterbrunnen, Switzerland","Henri Knip (1819-1905), Staubbach Falls near Lauterbrunnen, Switzerland","<h3>Painter / Artist / School</h3>Henri Knip (1819-1905)<h3>Literature</h3><p>Provenance:<br>-Auction, Sotheby's, Amsterdam, 20 April 2004, lot 17, where acquired by the present owner.</p><h3>Technique / Size</h3>watercolour on paper, 39x57 cm (48,5x66,5 cm incl. frame)<h3>Signature / Dating</h3>signed 'Henri Knip' (lower right)",published,EUR,500.0,700.0,450.0,450.0,,1,0,,,True,"Mon, 31 Aug 2026 08:00:00 GMT","Tue, 15 Sep 2026 19:30:00 GMT",https://media.app.artisio.co/media/3fc437c0-fdbb-4208-955a-90293eab416d/inventory/72c4e4af-017f-472e-b062-0a1241044ac2/63870d8d-8a41-4eff-a72d-72bb2e62953f/0001_njYfFL_sm.jpeg;https://media.app.artisio.co/media/3fc437c0-fdbb-4208-955a-90293eab416d/inventory/72c4e4af-017f-472e-b062-0a1241044ac2/a561f4dc-e269-486c-9c05-9b3a6172732f/0002_HeZyar_sm.jpeg;https://media.app.artisio.co/media/3fc437c0-fdbb-4208-955a-90293eab416d/inventory/72c4e4af-017f-472e-b062-0a1241044ac2/085c132f-5156-4aa7-973c-9086c4e403de/0003_ukENrJ_sm.jpeg;https://media.app.artisio.co/media/3fc437c0-fdbb-4208-955a-90293eab416d/inventory/72c4e4af-017f-472e-b062-0a1241044ac2/f33f862c-42ab-4e03-a85b-e67f11018992/0004_tauEMR_sm.jpeg,4,"{""artist_retail_right"": false, ""comments"": ""<p>Notitie dhr Robbers: Soth bracht vlak voor de veiling (2004) een saleroom notice uit dat hier de Staubbach waterval bij Lauterbrunnen is afgebeeld. &nbsp;In Kuyvenhoven 1998, p. 13, afb. van een ovaal schilderij van deze zelfde waterval, toegeschr aan Henri Knip.&nbsp;</p>"", ""condition"": null, ""condition_report"": null, ""dimensions"": null, ""extra_text"": null, ""footnote"": null, ""header"": null, ""internal_reference"": null, ""literature"": ""<p>Provenance:<br>-Auction, Sotheby's, Amsterdam, 20 April 2004, lot 17, where acquired by the present owner.</p>"", ""origin_exhibition_lite"": null, ""painter_artist_school"": ""Henri Knip (1819-1905)"", ""period"": null, ""signature_dating"": ""signed 'Henri Knip' (lower right)"", ""technique_size"": ""watercolour on paper, 39x57 cm (48,5x66,5 cm incl. frame)"", ""title"": ""Staubbach Falls near Lauterbrunnen, Switzerland"", ""total"": null, ""weight_size_quality"": null}"
169bbb8b-8139-4499-8bb0-c290e30470e7,302,26-0479/1,fbef6459-c238-43e4-b7ac-6357713358f6,713,Classic to Modern Art,"Schilderijen, aquarellen en tekeningen I",Figures in a military tent camp,"Henricus Engelbertus Reijntjens (1817-1900), Figures in a military tent camp","<h3>Painter / Artist / School</h3>Henricus Engelbertus Reijntjens (1817-1900)<h3>Technique / Size</h3>oil on panel, 41,5x33 cm (58x49 cm incl. frame)<h3>Signature / Dating</h3>signed 'Reijntjens' (lower right)<h3>Extra Text</h3><p>Please compare to a painting by the artist titled <i>'</i>In Napoleon's Camp, awarding a Medal', sold at: Auction, Christie's, Amsterdam, 24 October 2006, lot 79.</p>",published,EUR,700.0,1000.0,650.0,650.0,,1,0,,,True,"Mon, 31 Aug 2026 08:00:00 GMT","Tue, 15 Sep 2026 19:33:00 GMT",https://media.app.artisio.co/media/3fc437c0-fdbb-4208-955a-90293eab416d/inventory/401949b2-fa8f-4adb-915f-9cd1d15990b6/f0714f41-6d0e-4b15-972e-1a585343f118/0001_OHMbWS_sm.jpeg;https://media.app.artisio.co/media/3fc437c0-fdbb-4208-955a-90293eab416d/inventory/401949b2-fa8f-4adb-915f-9cd1d15990b6/211bcd1e-6d8f-44b4-8182-608451b2da6f/0002_RBrUkW_sm.jpeg;https://media.app.artisio.co/media/3fc437c0-fdbb-4208-955a-90293eab416d/inventory/401949b2-fa8f-4adb-915f-9cd1d15990b6/e7b25e13-2ea0-42db-b6df-4f4375ccc668/0003_LkeSgy_sm.jpeg;https://media.app.artisio.co/media/3fc437c0-fdbb-4208-955a-90293eab416d/inventory/401949b2-fa8f-4adb-915f-9cd1d15990b6/96c81a48-657e-4e3e-828f-eee7dae0e790/0004_IxBgue_sm.jpeg,4,"{""artist_retail_right"": false, ""comments"": ""<p>vergelijk met &nbsp;<a href=\""https://www.artprice.com/artist/24254/henricus-engelbert-reyntjens/painting/4038490/in-napoleon-s-camp-awarding-a-medal?p=4\"">https://www.artprice.com/artist/24254/henricus-engelbert-reyntjens/painting/4038490/in-napoleon-s-camp-awarding-a-medal?p=4</a>&nbsp;</p>"", ""condition"": null, ""condition_report"": null, ""dimensions"": null, ""extra_text"": ""<p>Please compare to a painting by the artist titled <i>'</i>In Napoleon's Camp, awarding a Medal', sold at: Auction, Christie's, Amsterdam, 24 October 2006, lot 79.</p>"", ""footnote"": null, ""header"": null, ""internal_reference"": null, ""literature"": null, ""origin_exhibition_lite"": null, ""painter_artist_school"": ""Henricus Engelbertus Reijntjens (1817-1900)"", ""period"": null, ""signature_dating"": ""signed 'Reijntjens' (lower right)"", ""technique_size"": ""oil on panel, 41,5x33 cm (58x49 cm incl. frame)"", ""title"": ""Figures in a military tent camp"", ""total"": null, ""weight_size_quality"": null}"
8cd91a80-0eb5-40ad-b99e-6b6d6501a56d,303,26-0150/4,fbef6459-c238-43e4-b7ac-6357713358f6,713,Classic to Modern Art,"Schilderijen, aquarellen en tekeningen I",Young family on the ice near a koek-en-zopie,"Dutch/Belgian School (19th Century), Young family on the ice near a koek-en-zopie","<h3>Painter / Artist / School</h3>Dutch/Belgian School (19th Century)<h3>Technique / Size</h3>oil on panel, 23,5x31,5 cm (34x41 cm incl. frame)",published,EUR,500.0,700.0,400.0,400.0,,1,0,,,True,"Mon, 31 Aug 2026 08:00:00 GMT","Tue, 15 Sep 2026 19:33:00 GMT",https://media.app.artisio.co/media/3fc437c0-fdbb-4208-955a-90293eab416d/inventory/c9304cef-e522-4278-92aa-d15f69c4ff08/60852ac0-de36-4d30-a12f-14d331e95621/0001_dgZxqd_sm.jpeg;https://media.app.artisio.co/media/3fc437c0-fdbb-4208-955a-90293eab416d/inventory/c9304cef-e522-4278-92aa-d15f69c4ff08/4573f7c1-cd3f-4548-9aac-75c409868ec7/0002_ybSLDQ_sm.jpeg;https://media.app.artisio.co/media/3fc437c0-fdbb-4208-955a-90293eab416d/inventory/c9304cef-e522-4278-92aa-d15f69c4ff08/69e4c03e-8007-4dad-9ec7-aee70fd13d1b/0003_hGWgTg_sm.jpeg,3,"{""artist_retail_right"": false, ""comments"": null, ""condition"": null, ""condition_report"": null, ""dimensions"": null, ""extra_text"": null, ""footnote"": null, ""header"": null, ""internal_reference"": null, ""literature"": null, ""origin_exhibition_lite"": null, ""painter_artist_school"": ""Dutch/Belgian School (19th Century)"", ""period"": null, ""signature_dating"": null, ""technique_size"": ""oil on panel, 23,5x31,5 cm (34x41 cm incl. frame)"", ""title"": ""Young family on the ice near a koek-en-zopie"", ""total"": null, ""weight_size_quality"": null}"
405195c5-d024-4803-b4ea-23422759609b,304,26-0437/41,fbef6459-c238-43e4-b7ac-6357713358f6,713,Classic to Modern Art,"Schilderijen, aquarellen en tekeningen I",Family at the dinner table ,"Herman ten Kate (1822-1891), Family at the dinner table ","<h3>Painter / Artist / School</h3>Herman ten Kate (1822-1891)<h3>Literature</h3><p>Provenance:<br>-With Kunsthandel H. Kuster, The Hague, before 1984.&nbsp;<br>-Auction, Sotheby Mak van Waay, Amsterdam, 29 October 1984, lot 25.&nbsp;<br>-Auction, Sotheby's, Amsterdam, 24 October 2001, lot 32.&nbsp;</p><h3>Technique / Size</h3>oil on panel, 14x19 cm (23x27,5 cm incl. frame)<h3>Signature / Dating</h3>signed and dated 'Herman ten Kate ft 1876' (lower right)",published,EUR,600.0,900.0,600.0,600.0,,1,0,,,True,"Mon, 31 Aug 2026 08:00:00 GMT","Tue, 15 Sep 2026 19:33:00 GMT",https://media.app.artisio.co/media/3fc437c0-fdbb-4208-955a-90293eab416d/inventory/c24714d6-262b-4013-8052-e99c30192e1d/acfbe843-50d4-480f-b247-21395f55eb05/0001_UDVIcw_sm.jpeg;https://media.app.artisio.co/media/3fc437c0-fdbb-4208-955a-90293eab416d/inventory/c24714d6-262b-4013-8052-e99c30192e1d/0eb7f1e3-2f92-4603-a899-06fbf481bc81/0002_UGdBnV_sm.jpeg;https://media.app.artisio.co/media/3fc437c0-fdbb-4208-955a-90293eab416d/inventory/c24714d6-262b-4013-8052-e99c30192e1d/6045cbf3-d08c-4425-a9bd-17a25be2b328/0003_mnhrPJ_sm.jpeg;https://media.app.artisio.co/media/3fc437c0-fdbb-4208-955a-90293eab416d/inventory/c24714d6-262b-4013-8052-e99c30192e1d/a86daee4-dabc-4992-bd80-8c2549c6dfa8/0004_TwyQuL_sm.jpeg,4,"{""artist_retail_right"": false, ""comments"": ""<p>https://rkd.nl/imageslite/4158941 https://rkd.nl/imageslite/3898004 &nbsp;https://rkd.nl/imageslite/4159011 &nbsp;https://rkd.nl/imageslite/3898005 &nbsp;https://rkd.nl/imageslite/4159056</p>"", ""condition"": null, ""condition_report"": null, ""dimensions"": null, ""extra_text"": null, ""footnote"": null, ""header"": null, ""internal_reference"": null, ""literature"": ""<p>Provenance:<br>-With Kunsthandel H. Kuster, The Hague, before 1984.&nbsp;<br>-Auction, Sotheby Mak van Waay, Amsterdam, 29 October 1984, lot 25.&nbsp;<br>-Auction, Sotheby's, Amsterdam, 24 October 2001, lot 32.&nbsp;</p>"", ""origin_exhibition_lite"": null, ""painter_artist_school"": ""Herman ten Kate (1822-1891)"", ""period"": null, ""signature_dating"": ""signed and dated 'Herman ten Kate ft 1876' (lower right)"", ""technique_size"": ""oil on panel, 14x19 cm (23x27,5 cm incl. frame)"", ""title"": ""Family at the dinner table "", ""total"": null, ""weight_size_quality"": null}"
d09ddfe1-0b67-45ca-8b0b-59f84ce2ca8a,305,26-0437/16,fbef6459-c238-43e4-b7ac-6357713358f6,713,Classic to Modern Art,"Schilderijen, aquarellen en tekeningen I",Snowball fight in a sunlit street,"Petrus Gerardus Vertin (1819-1893), Snowball fight in a sunlit street","<h3>Painter / Artist / School</h3>Petrus Gerardus Vertin (1819-1893)<h3>Literature</h3><p>Provenance:<br>-Auction, AAG, Amsterdam, 25 November 2018, lot 57.</p><h3>Technique / Size</h3>oil on panel, 24x19 cm (43x38 cm incl. frame)<h3>Signature / Dating</h3>indistinctly signed (lower right)",published,EUR,500.0,700.0,500.0,500.0,,1,0,,,True,"Mon, 31 Aug 2026 08:00:00 GMT","Tue, 15 Sep 2026 19:33:00 GMT",https://media.app.artisio.co/media/3fc437c0-fdbb-4208-955a-90293eab416d/inventory/92a9c68f-5b00-4ea9-b002-3ca68ba3cfae/a51b22c9-7132-4eea-b6fb-6e22c10557cd/0001_GzeKwi_sm.jpeg;https://media.app.artisio.co/media/3fc437c0-fdbb-4208-955a-90293eab416d/inventory/92a9c68f-5b00-4ea9-b002-3ca68ba3cfae/9e4fef98-783d-4b61-95a9-12793538b36b/0002_cBIwPC_sm.jpeg;https://media.app.artisio.co/media/3fc437c0-fdbb-4208-955a-90293eab416d/inventory/92a9c68f-5b00-4ea9-b002-3ca68ba3cfae/2c50d671-253e-4dc8-ba9d-d0e547d25f49/0003_VwUztX_sm.jpeg,3,"{""artist_retail_right"": false, ""comments"": null, ""condition"": null, ""condition_report"": null, ""dimensions"": null, ""extra_text"": null, ""footnote"": null, ""header"": null, ""internal_reference"": null, ""literature"": ""<p>Provenance:<br>-Auction, AAG, Amsterdam, 25 November 2018, lot 57.</p>"", ""origin_exhibition_lite"": null, ""painter_artist_school"": ""Petrus Gerardus Vertin (1819-1893)"", ""period"": null, ""signature_dating"": ""indistinctly signed (lower right)"", ""technique_size"": ""oil on panel, 24x19 cm (43x38 cm incl. frame)"", ""title"": ""Snowball fight in a sunlit street"", ""total"": null, ""weight_size_quality"": null}"
03d371ec-b8ae-4071-80e8-7a96b20cac18,306,26-0634/7,fbef6459-c238-43e4-b7ac-6357713358f6,713,Classic to Modern Art,"Schilderijen, aquarellen en tekeningen I",Off to the fishing grounds,"Abraham Hulk (1813-1897), Off to the fishing grounds","<h3>Painter / Artist / School</h3>Abraham Hulk (1813-1897)<h3>Literature</h3><p>Provenance:<br>-Auction, Bonhams, 15 September 2009, lot 55.<br>-With Kunsthandel Mark Smit, Ommen (label attached to the reverse), where acquired by the present owner.&nbsp;</p><h3>Technique / Size</h3>watercolour on paper, 24,5x41 cm (50x66 cm incl. frame)<h3>Signature / Dating</h3>signed 'A. Hulk ft.' (lower left)",published,EUR,900.0,1200.0,850.0,850.0,,1,0,,,True,"Mon, 31 Aug 2026 08:00:00 GMT","Tue, 15 Sep 2026 19:33:00 GMT",https://media.app.artisio.co/media/3fc437c0-fdbb-4208-955a-90293eab416d/inventory/9ad4d2c1-766a-4b0a-bdfd-f9662c075c72/b80e0a9d-c979-4758-bfd9-c3d27200ea76/0001_yHdmdG_sm.jpeg;https://media.app.artisio.co/media/3fc437c0-fdbb-4208-955a-90293eab416d/inventory/9ad4d2c1-766a-4b0a-bdfd-f9662c075c72/f3e9feba-cbb7-4447-a899-e756323f6a92/0002_QtlhdB_sm.jpeg;https://media.app.artisio.co/media/3fc437c0-fdbb-4208-955a-90293eab416d/inventory/9ad4d2c1-766a-4b0a-bdfd-f9662c075c72/e337e188-671c-4402-a9db-4a410dc54083/0003_Ocnrvb_sm.jpeg;https://media.app.artisio.co/media/3fc437c0-fdbb-4208-955a-90293eab416d/inventory/9ad4d2c1-766a-4b0a-bdfd-f9662c075c72/a2c0ebb9-2b87-4225-9f84-eb896c092a2f/0004_ijkfwn_sm.jpeg,4,"{""artist_retail_right"": false, ""comments"": ""<p>&nbsp;26x43 cm zal formaat van het papier zijn (uit de lijst).<br>2009 Bonhams <strong>Hammer price: € 2,505 </strong><i><strong>(£ 2,200 ) </strong></i>Estimate: € 683 - € 911</p><p>&nbsp;</p>"", ""condition"": null, ""condition_report"": null, ""dimensions"": null, ""extra_text"": null, ""footnote"": null, ""header"": null, ""internal_reference"": null, ""literature"": ""<p>Provenance:<br>-Auction, Bonhams, 15 September 2009, lot 55.<br>-With Kunsthandel Mark Smit, Ommen (label attached to the reverse), where acquired by the present owner.&nbsp;</p>"", ""origin_exhibition_lite"": null, ""painter_artist_school"": ""Abraham Hulk (1813-1897)"", ""period"": null, ""signature_dating"": ""signed 'A. Hulk ft.' (lower left)"", ""technique_size"": ""watercolour on paper, 24,5x41 cm (50x66 cm incl. frame)"", ""title"": ""Off to the fishing grounds"", ""total"": null, ""weight_size_quality"": null}"
a33de697-2766-47c4-91a5-228bdc064327,307,26-0607/22,fbef6459-c238-43e4-b7ac-6357713358f6,713,Classic to Modern Art,"Schilderijen, aquarellen en tekeningen I",Fishing people and bomschuiten on the beach ,"Anton Nicolaas Marie Karssen (1945-2019), Fishing people and bomschuiten on the beach ","<h3>Painter / Artist / School</h3>Anton Nicolaas Marie Karssen (1945-2019)<h3>Technique / Size</h3>oil on panel,14,5x20 cm (27,5x32,5 cm incl. frame)<h3>Signature / Dating</h3>signed 'A. Karssen' (lower right)<h3>Extra Text</h3><p>Karssen copied this composition from the painting by Charles Leickert (1816-1907), sold at: Auction, Venduehuis, The Hague, 24 April 2002, lot 0369.&nbsp;</p>",published,EUR,300.0,500.0,250.0,,,1,1,250.0,250.0,True,"Mon, 31 Aug 2026 08:00:00 GMT","Tue, 15 Sep 2026 19:33:00 GMT",https://media.app.artisio.co/media/3fc437c0-fdbb-4208-955a-90293eab416d/inventory/01d6651e-1c8c-4700-b933-74b7dc1e1615/e539195b-e1bb-4208-bb94-6188cb5e5b96/0001_FWyQPE_sm.jpeg;https://media.app.artisio.co/media/3fc437c0-fdbb-4208-955a-90293eab416d/inventory/01d6651e-1c8c-4700-b933-74b7dc1e1615/e49bdcf6-fe16-41e5-9717-2baf2fc3172c/0002_mexwUy_sm.jpeg;https://media.app.artisio.co/media/3fc437c0-fdbb-4208-955a-90293eab416d/inventory/01d6651e-1c8c-4700-b933-74b7dc1e1615/7829ad05-5c3a-4b4f-aaf4-8c8a9c512c5d/0003_GlgyLU_sm.jpeg;https://media.app.artisio.co/media/3fc437c0-fdbb-4208-955a-90293eab416d/inventory/01d6651e-1c8c-4700-b933-74b7dc1e1615/c5d64b70-e111-4ab0-a6f7-b0fa4c220513/0004_mVHkPu_sm.jpeg,4,"{""artist_retail_right"": true, ""comments"": ""<p>&nbsp;https://rkd.nl/imageslite/3916495 Leickert schilderij</p>"", ""condition"": null, ""condition_report"": null, ""dimensions"": null, ""extra_text"": ""<p>Karssen copied this composition from the painting by Charles Leickert (1816-1907), sold at: Auction, Venduehuis, The Hague, 24 April 2002, lot 0369.&nbsp;</p>"", ""footnote"": null, ""header"": null, ""internal_reference"": null, ""literature"": null, ""origin_exhibition_lite"": null, ""painter_artist_school"": ""Anton Nicolaas Marie Karssen (1945-2019)"", ""period"": null, ""signature_dating"": ""signed 'A. Karssen' (lower right)"", ""technique_size"": ""oil on panel,14,5x20 cm (27,5x32,5 cm incl. frame)"", ""title"": ""Fishing people and bomschuiten on the beach "", ""total"": null, ""weight_size_quality"": null}"
8f4c95c5-8a53-4179-9056-e5ad066cc7c0,308,26-0607/18,fbef6459-c238-43e4-b7ac-6357713358f6,713,Classic to Modern Art,"Schilderijen, aquarellen en tekeningen I",Sunset on a river landscape ,"Anton Nicolaas Marie Karssen (1945-2019), Sunset on a river landscape ","<h3>Painter / Artist / School</h3>Anton Nicolaas Marie Karssen (1945-2019)<h3>Technique / Size</h3>oil on panel, 37,5x49,5 cm (66x54 cm incl. frame)<h3>Signature / Dating</h3>signed 'A. Karssen.' (lower right)<h3>Extra Text</h3><p>Karssen copied this composition from the painting by Charles Leickert (1816-1907), sold at: Auction, Christie's, Laren, 20 October 1980, lot 314.&nbsp;</p>",published,EUR,500.0,800.0,450.0,,,1,0,,,True,"Mon, 31 Aug 2026 08:00:00 GMT","Tue, 15 Sep 2026 19:36:00 GMT",https://media.app.artisio.co/media/3fc437c0-fdbb-4208-955a-90293eab416d/inventory/03beb557-2fa7-4b50-bfa2-4dd1fe308160/3596273f-eb1d-4257-a760-be8db0c8d372/0001_RWNZqG_sm.jpeg;https://media.app.artisio.co/media/3fc437c0-fdbb-4208-955a-90293eab416d/inventory/03beb557-2fa7-4b50-bfa2-4dd1fe308160/6c60f342-5ad7-4ade-9f72-175a99c19471/0002_GrwtAz_sm.jpeg;https://media.app.artisio.co/media/3fc437c0-fdbb-4208-955a-90293eab416d/inventory/03beb557-2fa7-4b50-bfa2-4dd1fe308160/a1974721-873f-4f69-a65e-dfac344db186/0003_dcFRsi_sm.jpeg;https://media.app.artisio.co/media/3fc437c0-fdbb-4208-955a-90293eab416d/inventory/03beb557-2fa7-4b50-bfa2-4dd1fe308160/5fca6f9b-4e1b-4ec2-8cfd-30074381aafe/0004_ozXLry_sm.jpeg,4,"{""artist_retail_right"": true, ""comments"": ""<p>https://rkd.nl/imageslite/3933642 schilderij Schelfhout</p>"", ""condition"": null, ""condition_report"": null, ""dimensions"": null, ""extra_text"": ""<p>Karssen copied this composition from the painting by Charles Leickert (1816-1907), sold at: Auction, Christie's, Laren, 20 October 1980, lot 314.&nbsp;</p>"", ""footnote"": null, ""header"": null, ""internal_reference"": null, ""literature"": null, ""origin_exhibition_lite"": null, ""painter_artist_school"": ""Anton Nicolaas Marie Karssen (1945-2019)"", ""period"": null, ""signature_dating"": ""signed 'A. Karssen.' (lower right)"", ""technique_size"": ""oil on panel, 37,5x49,5 cm (66x54 cm incl. frame)"", ""title"": ""Sunset on a river landscape "", ""total"": null, ""weight_size_quality"": null}"
373d26e8-ea94-466c-bf07-6624cc963c5f,309,26-0607/23,fbef6459-c238-43e4-b7ac-6357713358f6,713,Classic to Modern Art,"Schilderijen, aquarellen en tekeningen I",Winter landscape with figures on the ice near a koek-en-zopie,"Anton Nicolaas Marie Karssen (1945-2019), Winter landscape with figures on the ice near a koek-en-zopie","<h3>Painter / Artist / School</h3>Anton Nicolaas Marie Karssen (1945-2019)<h3>Technique / Size</h3>oil on panel, 25,5x35,5 cm (38,5x48,5 cm incl. frame)<h3>Signature / Dating</h3>signed 'A. Karssen' (lower left)<h3>Extra Text</h3><p>Karssen copied this composition from the painting by Andreas Schelfhout (1787-1870), sold at: Auction, Christie's, Amsterdam, 26 May 1995, lot 203.&nbsp;</p>",published,EUR,700.0,1000.0,600.0,,,1,0,,,True,"Mon, 31 Aug 2026 08:00:00 GMT","Tue, 15 Sep 2026 19:36:00 GMT",https://media.app.artisio.co/media/3fc437c0-fdbb-4208-955a-90293eab416d/inventory/309c0f45-c4c1-4cc9-af38-9a4c3df6eccc/c9e147af-b574-4c9d-ac32-4a3f18ddffc7/0001_PAQTwr_sm.jpeg;https://media.app.artisio.co/media/3fc437c0-fdbb-4208-955a-90293eab416d/inventory/309c0f45-c4c1-4cc9-af38-9a4c3df6eccc/6ae10673-a133-4be3-99bc-8ef86bc308e4/0002_yMnIaD_sm.jpeg;https://media.app.artisio.co/media/3fc437c0-fdbb-4208-955a-90293eab416d/inventory/309c0f45-c4c1-4cc9-af38-9a4c3df6eccc/69005c99-a5a8-4c0c-945f-149d14e43b7d/0003_XSefuv_sm.jpeg;https://media.app.artisio.co/media/3fc437c0-fdbb-4208-955a-90293eab416d/inventory/309c0f45-c4c1-4cc9-af38-9a4c3df6eccc/56386bc2-f79f-4f91-aa8d-fa6ddbe763f3/0004_rCqhFs_sm.jpeg,4,"{""artist_retail_right"": true, ""comments"": ""<p>https://rkd.nl/imageslite/3939273 schilderij van Schelfhout</p>"", ""condition"": null, ""condition_report"": null, ""dimensions"": null, ""extra_text"": ""<p>Karssen copied this composition from the painting by Andreas Schelfhout (1787-1870), sold at: Auction, Christie's, Amsterdam, 26 May 1995, lot 203.&nbsp;</p>"", ""footnote"": null, ""header"": null, ""internal_reference"": null, ""literature"": null, ""origin_exhibition_lite"": null, ""painter_artist_school"": ""Anton Nicolaas Marie Karssen (1945-2019)"", ""period"": null, ""signature_dating"": ""signed 'A. Karssen' (lower left)"", ""technique_size"": ""oil on panel, 25,5x35,5 cm (38,5x48,5 cm incl. frame)"", ""title"": ""Winter landscape with figures on the ice near a koek-en-zopie"", ""total"": null, ""weight_size_quality"": null}"
9db6ffeb-2983-4bc3-be9d-3bc13e207658,310,26-0607/19,fbef6459-c238-43e4-b7ac-6357713358f6,713,Classic to Modern Art,"Schilderijen, aquarellen en tekeningen I",Dutch cityscape in winter ,"Anton Nicolaas Marie Karssen (1945-2019), Dutch cityscape in winter ","<h3>Painter / Artist / School</h3>Anton Nicolaas Marie Karssen (1945-2019)<h3>Technique / Size</h3>oil on panel, 20,5x28,5 cm (32x40 cm incl. frame)<h3>Signature / Dating</h3>signed 'A. Karssen.' (lower left)",published,EUR,500.0,800.0,450.0,,,1,0,,,True,"Mon, 31 Aug 2026 08:00:00 GMT","Tue, 15 Sep 2026 19:36:00 GMT",https://media.app.artisio.co/media/3fc437c0-fdbb-4208-955a-90293eab416d/inventory/d9463a34-c88a-4fb6-a9fc-6485a33dc49b/a2e84f3a-fb38-4d56-9df4-2a041e513345/0001_vatLYA_sm.jpeg;https://media.app.artisio.co/media/3fc437c0-fdbb-4208-955a-90293eab416d/inventory/d9463a34-c88a-4fb6-a9fc-6485a33dc49b/ea96ea4d-afc0-4571-b245-0b9bd5ae8e00/0002_gKOSID_sm.jpeg;https://media.app.artisio.co/media/3fc437c0-fdbb-4208-955a-90293eab416d/inventory/d9463a34-c88a-4fb6-a9fc-6485a33dc49b/386943bf-77df-42df-96d2-8dacee25184d/0003_WluaJs_sm.jpeg;https://media.app.artisio.co/media/3fc437c0-fdbb-4208-955a-90293eab416d/inventory/d9463a34-c88a-4fb6-a9fc-6485a33dc49b/c3a92b30-0410-4613-8978-c5eea5a6b0d9/0004_UHMYKE_sm.jpeg,4,"{""artist_retail_right"": true, ""comments"": null, ""condition"": null, ""condition_report"": null, ""dimensions"": null, ""extra_text"": null, ""footnote"": null, ""header"": null, ""internal_reference"": null, ""literature"": null, ""origin_exhibition_lite"": null, ""painter_artist_school"": ""Anton Nicolaas Marie Karssen (1945-2019)"", ""period"": null, ""signature_dating"": ""signed 'A. Karssen.' (lower left)"", ""technique_size"": ""oil on panel, 20,5x28,5 cm (32x40 cm incl. frame)"", ""title"": ""Dutch cityscape in winter "", ""total"": null, ""weight_size_quality"": null}"
6878023b-757d-43ad-b206-f7018fc92dbc,311,26-0574/1,fbef6459-c238-43e4-b7ac-6357713358f6,713,Classic to Modern Art,"Schilderijen, aquarellen en tekeningen I","Still life with leek, lettuce and a bottle","David Oyens (1842-1902), Still life with leek, lettuce and a bottle","<h3>Painter / Artist / School</h3>David Oyens (1842-1902)<h3>Literature</h3><p>Exhibited:<br>-Sint-Joost-ten-Node, Charliermuseum, ‘De Gebroeders Oyens’, 3 March-20 May 2009.&nbsp;</p><p>Provenance:<br>-Collection of the family of the current owners, since at least the 1950s.&nbsp;</p><h3>Technique / Size</h3>oil on canvas, unframed, 41x49 cm<h3>Signature / Dating</h3>signed 'David Oyens.' (upper left)",published,EUR,700.0,1000.0,600.0,600.0,,1,0,,,True,"Mon, 31 Aug 2026 08:00:00 GMT","Tue, 15 Sep 2026 19:36:00 GMT",https://media.app.artisio.co/media/3fc437c0-fdbb-4208-955a-90293eab416d/inventory/9230b9f6-12de-4cba-a450-54e10fe32f74/447702d6-925e-4564-ad57-34255e93c96c/0001_yhsyOS_sm.jpeg;https://media.app.artisio.co/media/3fc437c0-fdbb-4208-955a-90293eab416d/inventory/9230b9f6-12de-4cba-a450-54e10fe32f74/7729dafb-feef-43e3-964c-5bfdd1e0ea92/0002_IyDTcP_sm.jpeg;https://media.app.artisio.co/media/3fc437c0-fdbb-4208-955a-90293eab416d/inventory/9230b9f6-12de-4cba-a450-54e10fe32f74/e8333761-f4bc-41e7-8641-2bfa288c9ab0/0003_fdbYVB_sm.jpeg;https://media.app.artisio.co/media/3fc437c0-fdbb-4208-955a-90293eab416d/inventory/9230b9f6-12de-4cba-a450-54e10fe32f74/094624ad-165d-4512-9026-aa74bcdae7c1/0004_RmWesu_sm.jpeg,4,"{""artist_retail_right"": false, ""comments"": ""<p>In bezit vd familie sinds zeker de jaren 1950 (kan ook langer).&nbsp;</p>"", ""condition"": null, ""condition_report"": null, ""dimensions"": null, ""extra_text"": null, ""footnote"": null, ""header"": null, ""internal_reference"": null, ""literature"": ""<p>Exhibited:<br>-Sint-Joost-ten-Node, Charliermuseum, ‘De Gebroeders Oyens’, 3 March-20 May 2009.&nbsp;</p><p>Provenance:<br>-Collection of the family of the current owners, since at least the 1950s.&nbsp;</p>"", ""origin_exhibition_lite"": null, ""painter_artist_school"": ""David Oyens (1842-1902)"", ""period"": null, ""signature_dating"": ""signed 'David Oyens.' (upper left)"", ""technique_size"": ""oil on canvas, unframed, 41x49 cm"", ""title"": ""Still life with leek, lettuce and a bottle"", ""total"": null, ""weight_size_quality"": null}"
6b690a06-c789-49cf-9701-ac96915664c9,312,26-0306/2,fbef6459-c238-43e4-b7ac-6357713358f6,713,Classic to Modern Art,"Schilderijen, aquarellen en tekeningen I",Still life with prunes and a copper kettle,"Attributed to Frans Mortelmans (Belgian, 1865-1936), Still life with prunes and a copper kettle","<h3>Painter / Artist / School</h3>Attributed to Frans Mortelmans (Belgian, 1865-1936)<h3>Literature</h3><p>Provenance:<br>-With Impression Art Gallery, Hilversum, 1992, as: ‘Antoine Vollon (1833-1900)’.</p><h3>Technique / Size</h3>oil on canvas, 31x47 cm (50x66 cm incl. frame)<h3>Signature / Dating</h3>bears signature 'A Vollon' (upper right)",published,EUR,600.0,900.0,600.0,600.0,,1,0,,,True,"Mon, 31 Aug 2026 08:00:00 GMT","Tue, 15 Sep 2026 19:36:00 GMT",https://media.app.artisio.co/media/3fc437c0-fdbb-4208-955a-90293eab416d/inventory/e6722b27-a4b2-4826-8a2a-c6b8c2dff1c2/9b2e004e-b6ff-451e-8e76-7e0d283956c1/0001_KDdYNT_sm.jpeg;https://media.app.artisio.co/media/3fc437c0-fdbb-4208-955a-90293eab416d/inventory/e6722b27-a4b2-4826-8a2a-c6b8c2dff1c2/05234c0a-61d3-40bc-a905-5d17c19da45d/0002_qaZVgC_sm.jpeg;https://media.app.artisio.co/media/3fc437c0-fdbb-4208-955a-90293eab416d/inventory/e6722b27-a4b2-4826-8a2a-c6b8c2dff1c2/7d923860-4c3a-4b2f-a08f-a708554c348e/0003_vMnpiY_sm.jpeg;https://media.app.artisio.co/media/3fc437c0-fdbb-4208-955a-90293eab416d/inventory/e6722b27-a4b2-4826-8a2a-c6b8c2dff1c2/99cb94da-c037-4f96-bd2e-0e6668a9a31b/0004_XJOENZ_sm.jpeg;https://media.app.artisio.co/media/3fc437c0-fdbb-4208-955a-90293eab416d/inventory/e6722b27-a4b2-4826-8a2a-c6b8c2dff1c2/d413c056-4730-453d-86c4-883fcd40526b/0005_nOJdvp_sm.jpeg,5,"{""artist_retail_right"": false, ""comments"": ""<p>Limiet nog afspr. DH<br>sign niet heel duidelijk.&nbsp;</p><p><a href=\""https://rkd.nl/imageslite/1422605\"">https://rkd.nl/imageslite/1422605</a><br><a href=\""https://rkd.nl/imageslite/1422297\"">https://rkd.nl/imageslite/1422297</a></p><p>https://www.artprice.com/artist/20492/frans-mortelmans/painting/40162779/still-life-with-plums-and-a-copper-bowl?p=1</p><p>&nbsp;</p>"", ""condition"": ""Bedoekt"", ""condition_report"": null, ""dimensions"": null, ""extra_text"": null, ""footnote"": null, ""header"": null, ""internal_reference"": null, ""literature"": ""<p>Provenance:<br>-With Impression Art Gallery, Hilversum, 1992, as: ‘Antoine Vollon (1833-1900)’.</p>"", ""origin_exhibition_lite"": null, ""painter_artist_school"": ""Attributed to Frans Mortelmans (Belgian, 1865-1936)"", ""period"": null, ""signature_dating"": ""bears signature 'A Vollon' (upper right)"", ""technique_size"": ""oil on canvas, 31x47 cm (50x66 cm incl. frame)"", ""title"": ""Still life with prunes and a copper kettle"", ""total"": null, ""weight_size_quality"": null}"
b37abc1c-1d9c-4d46-add7-c47dbf88ddc3,313,26-0308/28,fbef6459-c238-43e4-b7ac-6357713358f6,713,Classic to Modern Art,"Schilderijen, aquarellen en tekeningen I",Mother duck and her ducklings,"Constant Artz (1870-1951), Mother duck and her ducklings","<h3>Painter / Artist / School</h3>Constant Artz (1870-1951)<h3>Literature</h3><p>Provenance:<br>-Auction, Christie's, Amsterdam, 18 November 2008, lot 310.<br>-Private collection, Ireland.</p><h3>Technique / Size</h3>oil on panel, 30x40 cm (47x57 cm incl. frame)<h3>Signature / Dating</h3>signed 'Constant Artz' (lower right)",published,EUR,1000.0,1500.0,800.0,800.0,,1,1,800.0,800.0,True,"Mon, 31 Aug 2026 08:00:00 GMT","Tue, 15 Sep 2026 19:36:00 GMT",https://media.app.artisio.co/media/3fc437c0-fdbb-4208-955a-90293eab416d/inventory/1d66c2cc-e1e1-46c7-8a3e-0feb0e76bd87/5f3c8f5d-ad3d-4d83-a732-86d7b39f4f89/0002_AxSvRS_sm.jpeg;https://media.app.artisio.co/media/3fc437c0-fdbb-4208-955a-90293eab416d/inventory/1d66c2cc-e1e1-46c7-8a3e-0feb0e76bd87/dd525466-3c5c-4e58-bd64-d381292f2bf7/0003_wJhnZl_sm.jpeg;https://media.app.artisio.co/media/3fc437c0-fdbb-4208-955a-90293eab416d/inventory/1d66c2cc-e1e1-46c7-8a3e-0feb0e76bd87/3dd61c5b-1d44-4b99-8078-da356a582625/0004_JZIwkK_sm.jpeg;https://media.app.artisio.co/media/3fc437c0-fdbb-4208-955a-90293eab416d/inventory/1d66c2cc-e1e1-46c7-8a3e-0feb0e76bd87/56fa040f-b293-457a-b1fd-ff48cdf4fd19/0005_WsLFZp_sm.jpeg,4,"{""artist_retail_right"": false, ""comments"": null, ""condition"": null, ""condition_report"": null, ""dimensions"": null, ""extra_text"": null, ""footnote"": null, ""header"": null, ""internal_reference"": null, ""literature"": ""<p>Provenance:<br>-Auction, Christie's, Amsterdam, 18 November 2008, lot 310.<br>-Private collection, Ireland.</p>"", ""origin_exhibition_lite"": null, ""painter_artist_school"": ""Constant Artz (1870-1951)"", ""period"": null, ""signature_dating"": ""signed 'Constant Artz' (lower right)"", ""technique_size"": ""oil on panel, 30x40 cm (47x57 cm incl. frame)"", ""title"": ""Mother duck and her ducklings"", ""total"": null, ""weight_size_quality"": null}"
0b0a8f3a-1c56-4408-99b9-e9cd157c7032,314,26-0188/4,fbef6459-c238-43e4-b7ac-6357713358f6,713,Classic to Modern Art,"Schilderijen, aquarellen en tekeningen I",Flying ducks,"Johan Hendrik van Mastenbroek (1875-1945), Flying ducks","<h3>Painter / Artist / School</h3>Johan Hendrik van Mastenbroek (1875-1945)<h3>Technique / Size</h3>oil on canvas, 59x60 cm (70x71,5 cm incl. frame)<h3>Signature / Dating</h3>signed 'JH v Mastenbroek' (lower right)",published,EUR,700.0,1000.0,600.0,,,1,0,,,True,"Mon, 31 Aug 2026 08:00:00 GMT","Tue, 15 Sep 2026 19:39:00 GMT",https://media.app.artisio.co/media/3fc437c0-fdbb-4208-955a-90293eab416d/inventory/47b39290-16fc-4280-8f39-89d43e78003a/a102da1e-cde6-40b0-add4-1d1a087ab794/0001_mvnLZm_sm.jpeg;https://media.app.artisio.co/media/3fc437c0-fdbb-4208-955a-90293eab416d/inventory/47b39290-16fc-4280-8f39-89d43e78003a/6295e9d5-9bc4-4e7f-a63b-693893f54f1c/0002_BDRllX_sm.jpeg;https://media.app.artisio.co/media/3fc437c0-fdbb-4208-955a-90293eab416d/inventory/47b39290-16fc-4280-8f39-89d43e78003a/656a4e73-6d46-47ff-a825-4cef62b63b1d/0003_fmqGFQ_sm.jpeg;https://media.app.artisio.co/media/3fc437c0-fdbb-4208-955a-90293eab416d/inventory/47b39290-16fc-4280-8f39-89d43e78003a/f15f943a-447a-45e5-a844-ac3781c0b720/0004_EfggJD_sm.jpeg,4,"{""artist_retail_right"": false, ""comments"": null, ""condition"": null, ""condition_report"": null, ""dimensions"": null, ""extra_text"": null, ""footnote"": null, ""header"": null, ""internal_reference"": null, ""literature"": null, ""origin_exhibition_lite"": null, ""painter_artist_school"": ""Johan Hendrik van Mastenbroek (1875-1945)"", ""period"": null, ""signature_dating"": ""signed 'JH v Mastenbroek' (lower right)"", ""technique_size"": ""oil on canvas, 59x60 cm (70x71,5 cm incl. frame)"", ""title"": ""Flying ducks"", ""total"": null, ""weight_size_quality"": null}"
b8d8f04f-9887-411c-bcdc-acf4e49e657a,315,26-0701/2,fbef6459-c238-43e4-b7ac-6357713358f6,713,Classic to Modern Art,"Schilderijen, aquarellen en tekeningen I",Milking cows in Overschie,"Henk Schaap (1878-1955), Milking cows in Overschie","<h3>Painter / Artist / School</h3>Henk Schaap (1878-1955)<h3>Technique / Size</h3>oil on canvas, 50x79 cm (55x86 cm incl. frame)<h3>Signature / Dating</h3>signed and dated 'H Schaap/44' (lower left)",published,EUR,500.0,700.0,300.0,300.0,,1,1,300.0,300.0,True,"Mon, 31 Aug 2026 08:00:00 GMT","Tue, 15 Sep 2026 19:39:00 GMT",https://media.app.artisio.co/media/3fc437c0-fdbb-4208-955a-90293eab416d/inventory/9717213b-acb1-4f4e-bc92-08ae559328e0/64106f7d-18f6-470e-9287-17326e16abb3/0001_hhWYGu_sm.jpeg;https://media.app.artisio.co/media/3fc437c0-fdbb-4208-955a-90293eab416d/inventory/9717213b-acb1-4f4e-bc92-08ae559328e0/2da9111a-46a4-4e7b-b453-db0a1ed39162/0002_UkiIui_sm.jpeg;https://media.app.artisio.co/media/3fc437c0-fdbb-4208-955a-90293eab416d/inventory/9717213b-acb1-4f4e-bc92-08ae559328e0/714ea660-b8e0-4723-8187-a8700cb5010f/0003_lXEuEg_sm.jpeg;https://media.app.artisio.co/media/3fc437c0-fdbb-4208-955a-90293eab416d/inventory/9717213b-acb1-4f4e-bc92-08ae559328e0/34ada401-faf5-45ed-bda9-91bf6111d074/0004_mCuklA_sm.jpeg,4,"{""artist_retail_right"": false, ""comments"": null, ""condition"": null, ""condition_report"": null, ""dimensions"": null, ""extra_text"": null, ""footnote"": null, ""header"": null, ""internal_reference"": null, ""literature"": null, ""origin_exhibition_lite"": null, ""painter_artist_school"": ""Henk Schaap (1878-1955)"", ""period"": null, ""signature_dating"": ""signed and dated 'H Schaap/44' (lower left)"", ""technique_size"": ""oil on canvas, 50x79 cm (55x86 cm incl. frame)"", ""title"": ""Milking cows in Overschie"", ""total"": null, ""weight_size_quality"": null}"
8ce7b531-2c22-41fd-a444-2d94ef9e76f8,316,25-2594/6,fbef6459-c238-43e4-b7ac-6357713358f6,713,Classic to Modern Art,"Schilderijen, aquarellen en tekeningen I","In the afternoon sun, possibly near the Gein","Frits Mondriaan (1853-1932), In the afternoon sun, possibly near the Gein","<h3>Painter / Artist / School</h3>Frits Mondriaan (1853-1932)<h3>Literature</h3><p>Provenance:&nbsp;<br>-Auction, Venduehuis, The Hague, 31 October 2000, lot 490, where acquired by the present owner.</p><h3>Technique / Size</h3>oil on canvas, 58x75,5 cm (90x106 cm incl. frame)<h3>Signature / Dating</h3>signed 'Frits Mondriaan' (lower left)",published,EUR,400.0,600.0,300.0,300.0,,1,0,,,True,"Mon, 31 Aug 2026 08:00:00 GMT","Tue, 15 Sep 2026 19:39:00 GMT",https://media.app.artisio.co/media/3fc437c0-fdbb-4208-955a-90293eab416d/inventory/30e42d27-a3b4-434f-8de0-1009de4fc8fd/abe92c81-bbb4-420f-a17b-ad17c3eeb44c/0001_mWKHvp_sm.jpeg;https://media.app.artisio.co/media/3fc437c0-fdbb-4208-955a-90293eab416d/inventory/30e42d27-a3b4-434f-8de0-1009de4fc8fd/ca81cefb-e249-4847-ac1b-0ef300e972e0/0002_ArkVQf_sm.jpeg;https://media.app.artisio.co/media/3fc437c0-fdbb-4208-955a-90293eab416d/inventory/30e42d27-a3b4-434f-8de0-1009de4fc8fd/e602da64-157f-4aa4-b887-ed23e45a897e/0003_rqmHxv_sm.jpeg;https://media.app.artisio.co/media/3fc437c0-fdbb-4208-955a-90293eab416d/inventory/30e42d27-a3b4-434f-8de0-1009de4fc8fd/53b5c472-b983-491a-a797-76f14c9cd557/0004_FfHahe_sm.jpeg,4,"{""artist_retail_right"": false, ""comments"": ""<p>RKD niks gevonden - MC</p>"", ""condition"": ""Vendue hamerprijs in 2000: Nfl 4.600,-"", ""condition_report"": null, ""dimensions"": null, ""extra_text"": null, ""footnote"": null, ""header"": null, ""internal_reference"": null, ""literature"": ""<p>Provenance:&nbsp;<br>-Auction, Venduehuis, The Hague, 31 October 2000, lot 490, where acquired by the present owner.</p>"", ""origin_exhibition_lite"": null, ""painter_artist_school"": ""Frits Mondriaan (1853-1932)"", ""period"": null, ""signature_dating"": ""signed 'Frits Mondriaan' (lower left)"", ""technique_size"": ""oil on canvas, 58x75,5 cm (90x106 cm incl. frame)"", ""title"": ""In the afternoon sun, possibly near the Gein"", ""total"": null, ""weight_size_quality"": null}"
990d6295-647c-4d37-90c1-1fbde943ab92,317,26-0701/1,fbef6459-c238-43e4-b7ac-6357713358f6,713,Classic to Modern Art,"Schilderijen, aquarellen en tekeningen I",Shipyard in Harderwijk,"Frans Naerebout (1915-1988), Shipyard in Harderwijk","<h3>Painter / Artist / School</h3>Frans Naerebout (1915-1988)<h3>Literature</h3><p>Provenance:<br>-Auction, Vendu Notarishuis, Rotterdam, 6/9 November 2007, lot 290.&nbsp;</p><h3>Technique / Size</h3>oil on canvas, 50x70 cm (60x80 cm incl. frame)<h3>Signature / Dating</h3>signed and dated 'Naerebout 44' (lower left)",published,EUR,300.0,500.0,200.0,200.0,,1,0,,,True,"Mon, 31 Aug 2026 08:00:00 GMT","Tue, 15 Sep 2026 19:39:00 GMT",https://media.app.artisio.co/media/3fc437c0-fdbb-4208-955a-90293eab416d/inventory/4aacaca3-863c-4ac3-84a9-a3ec36037d6b/cbce0a4f-ce21-42dc-94dc-482cf03ad4c2/0001_pbhgwX_sm.jpeg;https://media.app.artisio.co/media/3fc437c0-fdbb-4208-955a-90293eab416d/inventory/4aacaca3-863c-4ac3-84a9-a3ec36037d6b/6c925a49-293c-4531-a117-2b745be9489f/0002_fDJppW_sm.jpeg;https://media.app.artisio.co/media/3fc437c0-fdbb-4208-955a-90293eab416d/inventory/4aacaca3-863c-4ac3-84a9-a3ec36037d6b/7aada71d-fcfe-4bc7-bd7c-9718a049d03d/0003_DqIuld_sm.jpeg;https://media.app.artisio.co/media/3fc437c0-fdbb-4208-955a-90293eab416d/inventory/4aacaca3-863c-4ac3-84a9-a3ec36037d6b/e367d733-0eea-40df-a3a2-ce60ad073061/0004_jEiftR_sm.jpeg,4,"{""artist_retail_right"": true, ""comments"": ""<p>https://rkd.nl/imageslite/3350571</p>"", ""condition"": null, ""condition_report"": null, ""dimensions"": null, ""extra_text"": null, ""footnote"": null, ""header"": null, ""internal_reference"": null, ""literature"": ""<p>Provenance:<br>-Auction, Vendu Notarishuis, Rotterdam, 6/9 November 2007, lot 290.&nbsp;</p>"", ""origin_exhibition_lite"": null, ""painter_artist_school"": ""Frans Naerebout (1915-1988)"", ""period"": null, ""signature_dating"": ""signed and dated 'Naerebout 44' (lower left)"", ""technique_size"": ""oil on canvas, 50x70 cm (60x80 cm incl. frame)"", ""title"": ""Shipyard in Harderwijk"", ""total"": null, ""weight_size_quality"": null}"
952c39f4-b997-438f-8790-c5557f6bbbd8,318,26-0247/4,fbef6459-c238-43e4-b7ac-6357713358f6,713,Classic to Modern Art,"Schilderijen, aquarellen en tekeningen I",Dog lying on the sidewalk,"Henri Auguste Moral (French, 1840-1889), Dog lying on the sidewalk","<h3>Painter / Artist / School</h3>Henri Auguste Moral (French, 1840-1889)<h3>Technique / Size</h3>oil on panel, unframed, 26x34,5 cm<h3>Signature / Dating</h3>signed 'Moral' (lower right)",published,EUR,300.0,400.0,200.0,200.0,,1,0,,,True,"Mon, 31 Aug 2026 08:00:00 GMT","Tue, 15 Sep 2026 19:39:00 GMT",https://media.app.artisio.co/media/3fc437c0-fdbb-4208-955a-90293eab416d/inventory/2c0389fc-581d-48be-b812-4b2d56f2610d/a3b92a8b-1204-4676-9ac1-514b29329d21/0001_FoEuQK_sm.jpeg;https://media.app.artisio.co/media/3fc437c0-fdbb-4208-955a-90293eab416d/inventory/2c0389fc-581d-48be-b812-4b2d56f2610d/64e49c57-667d-4b67-b7e5-ed27a209c271/0002_HTpQdC_sm.jpeg;https://media.app.artisio.co/media/3fc437c0-fdbb-4208-955a-90293eab416d/inventory/2c0389fc-581d-48be-b812-4b2d56f2610d/772440ee-9dae-4483-8c48-b9de9b5e8678/0003_djWAvl_sm.jpeg;https://media.app.artisio.co/media/3fc437c0-fdbb-4208-955a-90293eab416d/inventory/2c0389fc-581d-48be-b812-4b2d56f2610d/1d774550-0cd8-4b0d-a69f-533116d3b0db/0004_xMgzid_sm.jpeg,4,"{""artist_retail_right"": false, ""comments"": null, ""condition"": null, ""condition_report"": null, ""dimensions"": null, ""extra_text"": null, ""footnote"": null, ""header"": null, ""internal_reference"": null, ""literature"": null, ""origin_exhibition_lite"": null, ""painter_artist_school"": ""Henri Auguste Moral (French, 1840-1889)"", ""period"": null, ""signature_dating"": ""signed 'Moral' (lower right)"", ""technique_size"": ""oil on panel, unframed, 26x34,5 cm"", ""title"": ""Dog lying on the sidewalk"", ""total"": null, ""weight_size_quality"": null}"
6b648b0a-ed59-49dc-8e13-9b55504442c3,319,26-0381/12,fbef6459-c238-43e4-b7ac-6357713358f6,713,Classic to Modern Art,"Schilderijen, aquarellen en tekeningen I",House in Schoorl,"Harm Kamerlingh Onnes (1893-1985) , House in Schoorl","<h3>Painter / Artist / School</h3>Harm Kamerlingh Onnes (1893-1985)<h3>Technique / Size</h3>oil on board, 22,5x28 cm (30,5x36 cm incl. frame)<h3>Signature / Dating</h3>signed with initials 'HHKO' (lower right)",published,EUR,700.0,1000.0,600.0,,,1,0,,,True,"Mon, 31 Aug 2026 08:00:00 GMT","Tue, 15 Sep 2026 19:39:00 GMT",https://media.app.artisio.co/media/3fc437c0-fdbb-4208-955a-90293eab416d/inventory/c571c5b3-ffaf-47de-80c2-63b6f8beb564/07b32ec4-d099-462e-88a7-397e98443c8d/0001_nabAtE_sm.jpeg;https://media.app.artisio.co/media/3fc437c0-fdbb-4208-955a-90293eab416d/inventory/c571c5b3-ffaf-47de-80c2-63b6f8beb564/8877f13c-11c5-4e65-a234-7efe71efe425/0002_mkeVzw_sm.jpeg;https://media.app.artisio.co/media/3fc437c0-fdbb-4208-955a-90293eab416d/inventory/c571c5b3-ffaf-47de-80c2-63b6f8beb564/35e655bf-257f-4d1f-afbb-710c451be0a1/0003_UhaWdD_sm.jpeg;https://media.app.artisio.co/media/3fc437c0-fdbb-4208-955a-90293eab416d/inventory/c571c5b3-ffaf-47de-80c2-63b6f8beb564/937f1c40-a39e-4d41-af5e-d9673cdedcad/0004_dOpoxV_sm.jpeg,4,"{""artist_retail_right"": true, ""comments"": null, ""condition"": null, ""condition_report"": null, ""dimensions"": null, ""extra_text"": null, ""footnote"": null, ""header"": null, ""internal_reference"": null, ""literature"": null, ""origin_exhibition_lite"": null, ""painter_artist_school"": ""Harm Kamerlingh Onnes (1893-1985) "", ""period"": null, ""signature_dating"": ""signed with initials 'HHKO' (lower right)"", ""technique_size"": ""oil on board, 22,5x28 cm (30,5x36 cm incl. frame)"", ""title"": ""House in Schoorl"", ""total"": null, ""weight_size_quality"": null}"
aa252c0d-969d-4e84-b9e8-5c6469ad50db,320,26-0068/12,fbef6459-c238-43e4-b7ac-6357713358f6,713,Classic to Modern Art,"Schilderijen, aquarellen en tekeningen I",View of a wintry city,"Akke Hugh Malmeström (Swedish, 1894-1968), View of a wintry city","<h3>Painter / Artist / School</h3>Akke Hugh Malmeström (Swedish, 1894-1968)<h3>Technique / Size</h3>oil on canvas, 60x75 cm (62x77 cm incl. frame)<h3>Signature / Dating</h3>signed 'Akke Hugh Malmeström' (lower left)",published,EUR,500.0,700.0,300.0,,,1,0,,,True,"Mon, 31 Aug 2026 08:00:00 GMT","Tue, 15 Sep 2026 19:42:00 GMT",https://media.app.artisio.co/media/3fc437c0-fdbb-4208-955a-90293eab416d/inventory/6a3690fb-f0bf-45e2-9db3-817c5fdc1ccc/12a6b954-c5c7-4138-98b6-cc388ecdd5f2/0001_qZgMve_sm.jpeg;https://media.app.artisio.co/media/3fc437c0-fdbb-4208-955a-90293eab416d/inventory/6a3690fb-f0bf-45e2-9db3-817c5fdc1ccc/d8b2dbbf-be95-45cb-bfbe-8eed2eca1c56/0002_iazgal_sm.jpeg;https://media.app.artisio.co/media/3fc437c0-fdbb-4208-955a-90293eab416d/inventory/6a3690fb-f0bf-45e2-9db3-817c5fdc1ccc/7622fed4-6258-4f00-a1db-b30938cf6b36/0003_khkkjr_sm.jpeg;https://media.app.artisio.co/media/3fc437c0-fdbb-4208-955a-90293eab416d/inventory/6a3690fb-f0bf-45e2-9db3-817c5fdc1ccc/f98bc897-2ac8-41f1-8825-f7e539ce29cd/0004_vWGuoH_sm.jpeg,4,"{""artist_retail_right"": true, ""comments"": null, ""condition"": null, ""condition_report"": null, ""dimensions"": null, ""extra_text"": null, ""footnote"": null, ""header"": null, ""internal_reference"": null, ""literature"": null, ""origin_exhibition_lite"": null, ""painter_artist_school"": ""Akke Hugh Malmeström (Swedish, 1894-1968)"", ""period"": null, ""signature_dating"": ""signed 'Akke Hugh Malmeström' (lower left)"", ""technique_size"": ""oil on canvas, 60x75 cm (62x77 cm incl. frame)"", ""title"": ""View of a wintry city"", ""total"": null, ""weight_size_quality"": null}"
db307632-c026-4f59-8d7e-f943d53e7dfc,321,26-0426/8,fbef6459-c238-43e4-b7ac-6357713358f6,713,Classic to Modern Art,"Schilderijen, aquarellen en tekeningen I",Boy in a row boat ,"Jozef van Raay (1898-1974), Boy in a row boat ","<h3>Painter / Artist / School</h3>Jozef van Raay (1898-1974)<h3>Literature</h3><p>Provenance:<br>-Auction, Lehr Irene Kunstauktionen, Berlin, 27 October 2012, lot 531.</p><h3>Technique / Size</h3>oil on canvas, 42x54 cm (60x62,5 cm incl. frame)<h3>Signature / Dating</h3>signed and dated 'J.v. Raaij./1916.' (lower right)",published,EUR,700.0,1000.0,600.0,600.0,,1,0,,,True,"Mon, 31 Aug 2026 08:00:00 GMT","Tue, 15 Sep 2026 19:42:00 GMT",https://media.app.artisio.co/media/3fc437c0-fdbb-4208-955a-90293eab416d/inventory/eaba0c17-848b-40b1-9830-649911629814/faf75354-587d-4657-af06-5e2c5782aa2b/0001_HXpEHS_sm.jpeg;https://media.app.artisio.co/media/3fc437c0-fdbb-4208-955a-90293eab416d/inventory/eaba0c17-848b-40b1-9830-649911629814/364470c2-144e-4a08-acfc-b1c260ef860f/0002_lrovmp_sm.jpeg;https://media.app.artisio.co/media/3fc437c0-fdbb-4208-955a-90293eab416d/inventory/eaba0c17-848b-40b1-9830-649911629814/f6fae31c-7e52-4e7f-85bf-315002fb5ff8/0003_mMRZsr_sm.jpeg;https://media.app.artisio.co/media/3fc437c0-fdbb-4208-955a-90293eab416d/inventory/eaba0c17-848b-40b1-9830-649911629814/e1953c53-4be6-4965-9b2b-9fb9710ae795/0004_PWdBhB_sm.jpeg,4,"{""artist_retail_right"": true, ""comments"": ""<p>6. Jozef van Raay - jongetje in boot - jouw richtprijs EUR 700-1,000.&nbsp;</p>"", ""condition"": null, ""condition_report"": null, ""dimensions"": null, ""extra_text"": null, ""footnote"": null, ""header"": null, ""internal_reference"": null, ""literature"": ""<p>Provenance:<br>-Auction, Lehr Irene Kunstauktionen, Berlin, 27 October 2012, lot 531.</p>"", ""origin_exhibition_lite"": null, ""painter_artist_school"": ""Jozef van Raay (1898-1974)"", ""period"": null, ""signature_dating"": ""signed and dated 'J.v. Raaij./1916.' (lower right)"", ""technique_size"": ""oil on canvas, 42x54 cm (60x62,5 cm incl. frame)"", ""title"": ""Boy in a row boat "", ""total"": null, ""weight_size_quality"": null}"
2003c97c-ac05-435c-a0e3-cedd6c2d7c42,322,26-0195/1,fbef6459-c238-43e4-b7ac-6357713358f6,713,Classic to Modern Art,"Schilderijen, aquarellen en tekeningen I",Mother and her three children,"Bernard Pothast (1882-1966), Mother and her three children","<h3>Painter / Artist / School</h3>Bernard Pothast (1882-1966)<h3>Literature</h3><p>Provenance:<br>-With Kunsthandel Koch, The Hague, 1987.</p><h3>Technique / Size</h3>oil on canvas, 59x74 cm (82x98 cm incl. frame)<h3>Signature / Dating</h3>signed 'B. Pothast' (lower right)",published,EUR,800.0,1200.0,750.0,750.0,,1,0,,,True,"Mon, 31 Aug 2026 08:00:00 GMT","Tue, 15 Sep 2026 19:42:00 GMT",https://media.app.artisio.co/media/3fc437c0-fdbb-4208-955a-90293eab416d/inventory/3d0b1009-695d-4142-b071-082f5a698490/d6e098b0-d0b9-47c4-967c-71bd331a373c/0001_hnJNjx_sm.jpeg;https://media.app.artisio.co/media/3fc437c0-fdbb-4208-955a-90293eab416d/inventory/3d0b1009-695d-4142-b071-082f5a698490/5706ab95-4370-4af7-b3b9-d26b1790ceff/0002_tWhaqR_sm.jpeg;https://media.app.artisio.co/media/3fc437c0-fdbb-4208-955a-90293eab416d/inventory/3d0b1009-695d-4142-b071-082f5a698490/e3328a16-8e48-499b-8477-aacd95bf77ac/0003_WQZSee_sm.jpeg;https://media.app.artisio.co/media/3fc437c0-fdbb-4208-955a-90293eab416d/inventory/3d0b1009-695d-4142-b071-082f5a698490/a2d6fa00-4746-4b4c-8b3a-c069431e4316/0004_sDbqLW_sm.jpeg;https://media.app.artisio.co/media/3fc437c0-fdbb-4208-955a-90293eab416d/inventory/3d0b1009-695d-4142-b071-082f5a698490/03f9cd89-f8a3-48d8-90b7-90b3a99ee66c/0005_OiwnOQ_sm.jpeg,5,"{""artist_retail_right"": true, ""comments"": null, ""condition"": ""was bedoekt"", ""condition_report"": null, ""dimensions"": null, ""extra_text"": null, ""footnote"": null, ""header"": null, ""internal_reference"": null, ""literature"": ""<p>Provenance:<br>-With Kunsthandel Koch, The Hague, 1987.</p>"", ""origin_exhibition_lite"": null, ""painter_artist_school"": ""Bernard Pothast (1882-1966)"", ""period"": null, ""signature_dating"": ""signed 'B. Pothast' (lower right)"", ""technique_size"": ""oil on canvas, 59x74 cm (82x98 cm incl. frame)"", ""title"": ""Mother and her three children"", ""total"": null, ""weight_size_quality"": null}"
d6cac2e8-ac57-4695-83c4-816938125db9,323,26-0257/1,fbef6459-c238-43e4-b7ac-6357713358f6,713,Classic to Modern Art,"Schilderijen, aquarellen en tekeningen I",Interior with mother and child by the window,"Albert Neuhuys (1844-1914), Interior with mother and child by the window","<h3>Painter / Artist / School</h3>Albert Neuhuys (1844-1914)<h3>Literature</h3><p>Provenance:<br>-Auction, Voskuil, Amsterdam 4 May, 1904, lot 201.<br>-Auction, Voskuil, Amsterdam, 5 May 1908, lot 178.<br>-With Kunsthandel J.H. de Bois, Haarlem (label attached to stretcher).</p><h3>Technique / Size</h3>oil on canvas, 60x40 cm (88x68 cm incl. frame)<h3>Signature / Dating</h3>signed 'Albert Neuhuijs f' (lower left)",published,EUR,800.0,1200.0,700.0,700.0,,1,0,,,True,"Mon, 31 Aug 2026 08:00:00 GMT","Tue, 15 Sep 2026 19:42:00 GMT",https://media.app.artisio.co/media/3fc437c0-fdbb-4208-955a-90293eab416d/inventory/6220e123-9a0f-424d-8fd8-d53ec8f858f3/b37fa5a6-fd30-4188-bb61-ee7938af6c41/0001_yvhlcR_sm.jpeg;https://media.app.artisio.co/media/3fc437c0-fdbb-4208-955a-90293eab416d/inventory/6220e123-9a0f-424d-8fd8-d53ec8f858f3/77155db0-f6dd-4367-ad67-1eb4b8c29aa3/0002_qXmSne_sm.jpeg;https://media.app.artisio.co/media/3fc437c0-fdbb-4208-955a-90293eab416d/inventory/6220e123-9a0f-424d-8fd8-d53ec8f858f3/773c96a4-ac35-4845-9799-87541f8dad11/0003_iMkWTR_sm.jpeg;https://media.app.artisio.co/media/3fc437c0-fdbb-4208-955a-90293eab416d/inventory/6220e123-9a0f-424d-8fd8-d53ec8f858f3/c3a21ff4-d37c-4469-aac4-3b0c640dc846/0004_QYyXHS_sm.jpeg;https://media.app.artisio.co/media/3fc437c0-fdbb-4208-955a-90293eab416d/inventory/6220e123-9a0f-424d-8fd8-d53ec8f858f3/d1325a8b-129f-4035-96f0-877ff3709204/0005_BCPcWc_sm.jpeg,5,"{""artist_retail_right"": false, ""comments"": ""<p>https://rkd.nl/imageslite/3994814</p>"", ""condition"": null, ""condition_report"": null, ""dimensions"": null, ""extra_text"": null, ""footnote"": null, ""header"": null, ""internal_reference"": null, ""literature"": ""<p>Provenance:<br>-Auction, Voskuil, Amsterdam 4 May, 1904, lot 201.<br>-Auction, Voskuil, Amsterdam, 5 May 1908, lot 178.<br>-With Kunsthandel J.H. de Bois, Haarlem (label attached to stretcher).</p>"", ""origin_exhibition_lite"": null, ""painter_artist_school"": ""Albert Neuhuys (1844-1914)"", ""period"": null, ""signature_dating"": ""signed 'Albert Neuhuijs f' (lower left)"", ""technique_size"": ""oil on canvas, 60x40 cm (88x68 cm incl. frame)"", ""title"": ""Interior with mother and child by the window"", ""total"": null, ""weight_size_quality"": null}"
a1bf24b6-c1a7-4ac7-9795-7b83a1bcdffe,324,26-0736/4,fbef6459-c238-43e4-b7ac-6357713358f6,713,Classic to Modern Art,"Schilderijen, aquarellen en tekeningen I",Elegant couple resting with their hounds beside a fountain,"Attributed to Jean-Pierre Norblin de la Gourdaine (Polish/French, 1745-1830), Elegant couple resting with their hounds beside a fountain","<h3>Painter / Artist / School</h3>Attributed to Jean-Pierre Norblin de la Gourdaine (Polish/French, 1745-1830)<h3>Literature</h3><p>Provenance:<br>-Auction, Sotheby's, London, 9 July 1998, lot 374, where acquired by the present owner.&nbsp;</p><h3>Technique / Size</h3>oil on canvas, 57x74 cm (69x84 cm incl. frame)",published,EUR,1200.0,1800.0,1200.0,1200.0,,1,0,,,True,"Mon, 31 Aug 2026 08:00:00 GMT","Tue, 15 Sep 2026 19:42:00 GMT",https://media.app.artisio.co/media/3fc437c0-fdbb-4208-955a-90293eab416d/inventory/b84df3ae-9d6a-4d7d-95ce-aaaa7518a3bf/59fe4bfe-66aa-435f-b251-024036b8db61/0001_YsAYex_sm.jpeg;https://media.app.artisio.co/media/3fc437c0-fdbb-4208-955a-90293eab416d/inventory/b84df3ae-9d6a-4d7d-95ce-aaaa7518a3bf/e2849942-883d-4a69-abf4-ad53252d4132/0002_rtdmhd_sm.jpeg;https://media.app.artisio.co/media/3fc437c0-fdbb-4208-955a-90293eab416d/inventory/b84df3ae-9d6a-4d7d-95ce-aaaa7518a3bf/59fc134b-b927-442e-a02d-ab96c1fe3ae6/0003_AgrSiB_sm.jpeg,3,"{""artist_retail_right"": false, ""comments"": ""<p>Soth 1998: Hammer price: € 9,916<br>Dit schilderij is wel al bij Vendu in Rotterdam op de veiling aangeboden en onverkocht gebleven (november 2023 en mei 2024). Zij hebben toen ook ontdekt dat de oorspronkelijke schilder niet juist was (Jean-Pierre Norblin de la Gourdaine). Een kunsthistoricus uit Polen heeft ons hierop gewezen en de naam is toen aangepast naar Francesco Casanova.</p><p>Onze taxatie: Wij zien hier niet de hand in van Francesco Casanova: zowel zijn toets als vooral ook zijn onderwerp is anders.&nbsp;<br>De voorstelling zit wat dat betreft dichter bij Norblin de la Gourdaine. Wij zouden voorstellen het werk als ‘toegeschreven aan Jean-Pierre Norblin de la Gourdaine’ aan te bieden, met een richtprijs van circa 1.200-1.800 euro.</p><p>https://rkd.nl/imageslite/1049373</p>"", ""condition"": ""bedoekt"", ""condition_report"": null, ""dimensions"": null, ""extra_text"": null, ""footnote"": null, ""header"": null, ""internal_reference"": null, ""literature"": ""<p>Provenance:<br>-Auction, Sotheby's, London, 9 July 1998, lot 374, where acquired by the present owner.&nbsp;</p>"", ""origin_exhibition_lite"": null, ""painter_artist_school"": ""Attributed to Jean-Pierre Norblin de la Gourdaine (Polish/French, 1745-1830)"", ""period"": null, ""signature_dating"": null, ""technique_size"": ""oil on canvas, 57x74 cm (69x84 cm incl. frame)"", ""title"": ""Elegant couple resting with their hounds beside a fountain"", ""total"": null, ""weight_size_quality"": null}"
ae6434ca-0a26-4c6a-bec8-056f552e5653,325,26-0201/1,fbef6459-c238-43e4-b7ac-6357713358f6,713,Classic to Modern Art,"Schilderijen, aquarellen en tekeningen I",Self-portrait with a gorget,"Willem Justus Ising (1858-1939), after Rembrandt, Self-portrait with a gorget","<h3>Painter / Artist / School</h3>Willem Justus Ising (1858-1939), after Rembrandt<h3>Literature</h3><p>Provenance:<br>-With Kunsthandel H. Bos, The Hague (label attached to frame).</p><h3>Technique / Size</h3>oil on panel, 36x27 cm (51x41 cm incl. frame)<h3>Extra Text</h3><p>Please compare this lot to the original painting by Rembrandt (166-1669) in the Germanisches Nationalmuseum in Neurenberg, inv. no. GM 391.</p>",published,EUR,500.0,700.0,300.0,300.0,,1,1,300.0,300.0,True,"Mon, 31 Aug 2026 08:00:00 GMT","Tue, 15 Sep 2026 19:42:00 GMT",https://media.app.artisio.co/media/3fc437c0-fdbb-4208-955a-90293eab416d/inventory/a7d4796b-2da2-4bb3-a0f8-8ccb524b9b8b/3d9589fe-0578-4c62-b8de-f71e6177f522/0001_oNYLGk_sm.jpeg;https://media.app.artisio.co/media/3fc437c0-fdbb-4208-955a-90293eab416d/inventory/a7d4796b-2da2-4bb3-a0f8-8ccb524b9b8b/1d0eed28-0d3a-42e3-b190-f125afab878f/0002_ZryZIq_sm.jpeg;https://media.app.artisio.co/media/3fc437c0-fdbb-4208-955a-90293eab416d/inventory/a7d4796b-2da2-4bb3-a0f8-8ccb524b9b8b/37897cdd-8bab-4895-9571-ec19c42b024c/0003_aVbuxZ_sm.jpeg,3,"{""artist_retail_right"": false, ""comments"": null, ""condition"": null, ""condition_report"": null, ""dimensions"": null, ""extra_text"": ""<p>Please compare this lot to the original painting by Rembrandt (166-1669) in the Germanisches Nationalmuseum in Neurenberg, inv. no. GM 391.</p>"", ""footnote"": null, ""header"": null, ""internal_reference"": null, ""literature"": ""<p>Provenance:<br>-With Kunsthandel H. Bos, The Hague (label attached to frame).</p>"", ""origin_exhibition_lite"": null, ""painter_artist_school"": ""Willem Justus Ising (1858-1939), after Rembrandt"", ""period"": null, ""signature_dating"": null, ""technique_size"": ""oil on panel, 36x27 cm (51x41 cm incl. frame)"", ""title"": ""Self-portrait with a gorget"", ""total"": null, ""weight_size_quality"": null}"
48391f69-4a2e-446c-ae87-b85c4b885e49,326,25-2502/1,fbef6459-c238-43e4-b7ac-6357713358f6,713,Classic to Modern Art,"Schilderijen, aquarellen en tekeningen I","Portrait of possibly Isabella FitzRoy, Duchess of Grafton, one of the eight Hampton Court Beauties","Follower of Gottfried Kneller (Circa 1700), Portrait of possibly Isabella FitzRoy, Duchess of Grafton, one of the eight Hampton Court Beauties","<h3>Painter / Artist / School</h3>Follower of Gottfried Kneller (Circa 1700)<h3>Technique / Size</h3>oil on canvas, 99x91,5 cm (122x115 cm incl. frame)<h3>Extra Text</h3><p>The 'Hampton Court Beauties' are a series of eight portraits painted by Gottfried Kneller (1646-1723), commissioned by Mary II of England. The paintings portray some of the most fashionable and admired women at court. The sitters included Isabella FitzRoy, Margaret Stawell, Carey Mordaunt, Elizabeth Myddelton, Mary Scrope, Diana de Vere, Mary Bentinck and Mary Sackville.</p>",published,EUR,1000.0,1500.0,800.0,800.0,,1,0,,,True,"Mon, 31 Aug 2026 08:00:00 GMT","Tue, 15 Sep 2026 19:45:00 GMT",https://media.app.artisio.co/media/3fc437c0-fdbb-4208-955a-90293eab416d/inventory/3190e938-2b35-4ebd-a1e2-b6fb1f16c17c/a0fed8c6-1691-4db5-85a5-9e802b851670/0001_vtrwJP_sm.jpeg;https://media.app.artisio.co/media/3fc437c0-fdbb-4208-955a-90293eab416d/inventory/3190e938-2b35-4ebd-a1e2-b6fb1f16c17c/b06fa601-5979-48c5-a2c4-dafc0334d682/0002_jhvwjL_sm.jpeg;https://media.app.artisio.co/media/3fc437c0-fdbb-4208-955a-90293eab416d/inventory/3190e938-2b35-4ebd-a1e2-b6fb1f16c17c/8a0b14a9-b1da-4ee9-9b1b-c3eaab46b833/0003_lcMgMD_sm.jpeg,3,"{""artist_retail_right"": false, ""comments"": ""<p>FM: erg kapot en gladjes. Niet enthousiast. Navolger Kneller. Helemaal overschilderd.&nbsp;</p>"", ""condition"": null, ""condition_report"": null, ""dimensions"": null, ""extra_text"": ""<p>The 'Hampton Court Beauties' are a series of eight portraits painted by Gottfried Kneller (1646-1723), commissioned by Mary II of England. The paintings portray some of the most fashionable and admired women at court. The sitters included Isabella FitzRoy, Margaret Stawell, Carey Mordaunt, Elizabeth Myddelton, Mary Scrope, Diana de Vere, Mary Bentinck and Mary Sackville.</p>"", ""footnote"": null, ""header"": null, ""internal_reference"": null, ""literature"": null, ""origin_exhibition_lite"": null, ""painter_artist_school"": ""Follower of Gottfried Kneller (Circa 1700)"", ""period"": null, ""signature_dating"": null, ""technique_size"": ""oil on canvas, 99x91,5 cm (122x115 cm incl. frame)"", ""title"": ""Portrait of possibly Isabella FitzRoy, Duchess of Grafton, one of the eight Hampton Court Beauties"", ""total"": null, ""weight_size_quality"": null}"
e11c9f12-f9c2-43a3-814d-157ac9a6cc79,327,26-0091/2,fbef6459-c238-43e4-b7ac-6357713358f6,713,Classic to Modern Art,"Schilderijen, aquarellen en tekeningen I",Gentleman in oriental outfit smoking a long pipe,"Central European School (18th Century) , Gentleman in oriental outfit smoking a long pipe","<h3>Painter / Artist / School</h3>Central European School (18th Century)<h3>Literature</h3><p>Provenance:<br>-Auction, Wawra, Vienna, 24 November 1930, lot 242, as: ‘J. Kupetzky’.</p><h3>Technique / Size</h3>oil on canvas, 38x28 cm (60x50 cm incl. frame)<h3>Extra Text</h3><p>RKD image no. 1867488.</p>",published,EUR,600.0,800.0,500.0,500.0,,1,0,,,True,"Mon, 31 Aug 2026 08:00:00 GMT","Tue, 15 Sep 2026 19:45:00 GMT",https://media.app.artisio.co/media/3fc437c0-fdbb-4208-955a-90293eab416d/inventory/373d3364-ef1c-4dc4-8bab-9d4c32387d39/a3c6244b-fc76-479d-afe8-c7b3b7d35034/0003_nCouZS_sm.jpeg;https://media.app.artisio.co/media/3fc437c0-fdbb-4208-955a-90293eab416d/inventory/373d3364-ef1c-4dc4-8bab-9d4c32387d39/16354ffb-4651-4861-bc4e-8149318e7326/0003a_DMhHue_sm.jpeg;https://media.app.artisio.co/media/3fc437c0-fdbb-4208-955a-90293eab416d/inventory/373d3364-ef1c-4dc4-8bab-9d4c32387d39/956a8c81-fb87-4939-bd76-14d9d9befe15/0003b_fwYhnV_sm.jpeg;https://media.app.artisio.co/media/3fc437c0-fdbb-4208-955a-90293eab416d/inventory/373d3364-ef1c-4dc4-8bab-9d4c32387d39/5977c806-30d5-434c-8cfe-a79b1d89fcbb/0003c_NKqXhA_sm.jpeg,4,"{""artist_retail_right"": false, ""comments"": ""<p>Gevonden op RKD:&nbsp;</p><p>https://research.rkd.nl/nl/detail/https%3A%2F%2Fdata.rkd.nl%2Fimageslite%2F1867488?image=0&imageId=</p><p>RKD nagekeken - AT</p><p><strong>FM: </strong>vrij laat: 18e eeuw met de pijp. Kupezky zou kunnen, maar toch te zwak: eerder als Central European (Oostenrijks/Hongaars) school.&nbsp;</p>"", ""condition"": null, ""condition_report"": null, ""dimensions"": null, ""extra_text"": ""<p>RKD image no. 1867488.</p>"", ""footnote"": null, ""header"": null, ""internal_reference"": null, ""literature"": ""<p>Provenance:<br>-Auction, Wawra, Vienna, 24 November 1930, lot 242, as: ‘J. Kupetzky’.</p>"", ""origin_exhibition_lite"": null, ""painter_artist_school"": ""Central European School (18th Century) "", ""period"": null, ""signature_dating"": null, ""technique_size"": ""oil on canvas, 38x28 cm (60x50 cm incl. frame)"", ""title"": ""Gentleman in oriental outfit smoking a long pipe"", ""total"": null, ""weight_size_quality"": null}"
1c441a7b-86e8-4acb-8ddb-693acf4a7545,328,26-0135/24,fbef6459-c238-43e4-b7ac-6357713358f6,713,Classic to Modern Art,"Schilderijen, aquarellen en tekeningen I",Portrait of Mrs E.J. Fruin-Perk holding a letter,"Sybrand Altmann (1822-1890), Portrait of Mrs E.J. Fruin-Perk holding a letter","<h3>Painter / Artist / School</h3>Sybrand Altmann (1822-1890)<h3>Technique / Size</h3>oil on canvas, 45x38 cm (56x50cm incl. frame)<h3>Signature / Dating</h3>signed and dated 'S. Altmann Ft 1846.' (upper left)<h3>Extra Text</h3><p>This lot is accompanied by some documentation and a 19th-century photograph of the lady.</p>",published,EUR,400.0,500.0,200.0,200.0,,1,0,,,True,"Mon, 31 Aug 2026 08:00:00 GMT","Tue, 15 Sep 2026 19:45:00 GMT",https://media.app.artisio.co/media/3fc437c0-fdbb-4208-955a-90293eab416d/inventory/94a4e558-c21d-413e-8450-191aa48c1c53/e05ddce1-21c0-4bf1-a734-3e85ab971a58/0001_ceQBFk_sm.jpeg;https://media.app.artisio.co/media/3fc437c0-fdbb-4208-955a-90293eab416d/inventory/94a4e558-c21d-413e-8450-191aa48c1c53/b4d04cce-b07f-4c14-8360-af0c8f3f209e/0002_cizaEm_sm.jpeg;https://media.app.artisio.co/media/3fc437c0-fdbb-4208-955a-90293eab416d/inventory/94a4e558-c21d-413e-8450-191aa48c1c53/3094c409-de33-4419-9842-26603afc5807/0003_frXGIw_sm.jpeg;https://media.app.artisio.co/media/3fc437c0-fdbb-4208-955a-90293eab416d/inventory/94a4e558-c21d-413e-8450-191aa48c1c53/7db3d424-0e57-4f7a-ba8a-f865503da792/0004_iiSYej_sm.jpeg;https://media.app.artisio.co/media/3fc437c0-fdbb-4208-955a-90293eab416d/inventory/94a4e558-c21d-413e-8450-191aa48c1c53/e909b4a2-ae0d-47db-93a6-b52144110088/0005_wCewoQ_sm.jpeg;https://media.app.artisio.co/media/3fc437c0-fdbb-4208-955a-90293eab416d/inventory/94a4e558-c21d-413e-8450-191aa48c1c53/0ad1713f-331e-4faf-840a-de4b9e1ba349/0006_ZkwNqU_sm.jpeg;https://media.app.artisio.co/media/3fc437c0-fdbb-4208-955a-90293eab416d/inventory/94a4e558-c21d-413e-8450-191aa48c1c53/4df5ac44-51ef-4e99-b8a8-f3fa0ad6a31a/0007_THlUcD_sm.jpeg,7,"{""artist_retail_right"": false, ""comments"": ""<p>incl. documentatie en foto's (envelop)</p>"", ""condition"": null, ""condition_report"": null, ""dimensions"": null, ""extra_text"": ""<p>This lot is accompanied by some documentation and a 19th-century photograph of the lady.</p>"", ""footnote"": null, ""header"": null, ""internal_reference"": null, ""literature"": null, ""origin_exhibition_lite"": null, ""painter_artist_school"": ""Sybrand Altmann (1822-1890)"", ""period"": null, ""signature_dating"": ""signed and dated 'S. Altmann Ft 1846.' (upper left)"", ""technique_size"": ""oil on canvas, 45x38 cm (56x50cm incl. frame)"", ""title"": ""Portrait of Mrs E.J. Fruin-Perk holding a letter"", ""total"": null, ""weight_size_quality"": null}"
a11c936b-5137-4e23-84e2-2dc6a1ba9e66,329,26-0481/1,fbef6459-c238-43e4-b7ac-6357713358f6,713,Classic to Modern Art,"Schilderijen, aquarellen en tekeningen I",Portrait of a gentleman ,"English School (Circa 1800), Portrait of a gentleman ","<h3>Painter / Artist / School</h3>English School (Circa 1800)<h3>Technique / Size</h3>oil on canvas, 100x82 cm (124x105,5 cm incl. frame)",published,EUR,800.0,1200.0,700.0,700.0,,1,0,,,True,"Mon, 31 Aug 2026 08:00:00 GMT","Tue, 15 Sep 2026 19:45:00 GMT",https://media.app.artisio.co/media/3fc437c0-fdbb-4208-955a-90293eab416d/inventory/31e05cbe-fc9d-45f1-b58a-1e7784c1dda0/fb85c79b-a676-42d5-a021-42af1fed930f/0001_AJjDPf_sm.jpeg;https://media.app.artisio.co/media/3fc437c0-fdbb-4208-955a-90293eab416d/inventory/31e05cbe-fc9d-45f1-b58a-1e7784c1dda0/7f661787-2517-4548-8da0-5e674d707e01/0002_drLxXo_sm.jpeg;https://media.app.artisio.co/media/3fc437c0-fdbb-4208-955a-90293eab416d/inventory/31e05cbe-fc9d-45f1-b58a-1e7784c1dda0/287561d2-af9d-4f2f-80f7-0da87c961618/0003_XHyJyg_sm.jpeg,3,"{""artist_retail_right"": false, ""comments"": null, ""condition"": null, ""condition_report"": null, ""dimensions"": null, ""extra_text"": null, ""footnote"": null, ""header"": null, ""internal_reference"": null, ""literature"": null, ""origin_exhibition_lite"": null, ""painter_artist_school"": ""English School (Circa 1800)"", ""period"": null, ""signature_dating"": null, ""technique_size"": ""oil on canvas, 100x82 cm (124x105,5 cm incl. frame)"", ""title"": ""Portrait of a gentleman "", ""total"": null, ""weight_size_quality"": null}"
161d45ae-f46a-4841-8960-a5ca93534bbd,330,26-0047/11,fbef6459-c238-43e4-b7ac-6357713358f6,713,Classic to Modern Art,"Schilderijen, aquarellen en tekeningen I",Portraits of George Peter Karstedt (1791-1831) and Chartlotte Elisabeth Paetow (1801-1892),"Dutch School (Early 19th Century), Portraits of George Peter Karstedt (1791-1831) and Chartlotte Elisabeth Paetow (1801-1892)","<h3>Painter / Artist / School</h3>Dutch School (Early 19th Century)<h3>Technique / Size</h3>both oil on canvas, 47x37 cm (58x47 cm incl. frame)",published,EUR,600.0,900.0,500.0,500.0,,1,0,,,True,"Mon, 31 Aug 2026 08:00:00 GMT","Tue, 15 Sep 2026 19:45:00 GMT",https://media.app.artisio.co/media/3fc437c0-fdbb-4208-955a-90293eab416d/inventory/258345ea-aba8-4eca-9b66-5f3bbfdb819b/1ad6b764-dd4c-41d2-b25b-65ab59ba4136/0001_ZTLdhd_sm.jpeg;https://media.app.artisio.co/media/3fc437c0-fdbb-4208-955a-90293eab416d/inventory/258345ea-aba8-4eca-9b66-5f3bbfdb819b/cb9b9016-0ac6-4ade-b71f-55e9afe7648a/0002_kqPngH_sm.jpeg;https://media.app.artisio.co/media/3fc437c0-fdbb-4208-955a-90293eab416d/inventory/258345ea-aba8-4eca-9b66-5f3bbfdb819b/b8168cf2-d800-4617-8a9b-53cb0339162a/0003_pZqiMY_sm.jpeg;https://media.app.artisio.co/media/3fc437c0-fdbb-4208-955a-90293eab416d/inventory/258345ea-aba8-4eca-9b66-5f3bbfdb819b/8c708e31-2286-4349-bad3-3fa1dc98cb09/0004_UTUCwA_sm.jpeg;https://media.app.artisio.co/media/3fc437c0-fdbb-4208-955a-90293eab416d/inventory/258345ea-aba8-4eca-9b66-5f3bbfdb819b/249ed86b-2ce1-42d2-a0f0-4fc543b611d6/0005_VCLfkX_sm.jpeg,5,"{""artist_retail_right"": false, ""comments"": ""<p>Niet gesigneerd</p>"", ""condition"": null, ""condition_report"": null, ""dimensions"": null, ""extra_text"": null, ""footnote"": null, ""header"": null, ""internal_reference"": null, ""literature"": null, ""origin_exhibition_lite"": null, ""painter_artist_school"": ""Dutch School (Early 19th Century)"", ""period"": null, ""signature_dating"": null, ""technique_size"": ""both oil on canvas, 47x37 cm (58x47 cm incl. frame)"", ""title"": ""Portraits of George Peter Karstedt (1791-1831) and Chartlotte Elisabeth Paetow (1801-1892)"", ""total"": null, ""weight_size_quality"": null}"
ab7ba30b-876d-4811-84f6-9ecef9d99ccc,331,26-0339/1,fbef6459-c238-43e4-b7ac-6357713358f6,713,Classic to Modern Art,"Schilderijen, aquarellen en tekeningen I","Dancing in the streets of the Jordaan, Amsterdam","Erasmus Bernhard van Dulmen Krumpelman (1897-1987), Dancing in the streets of the Jordaan, Amsterdam","<h3>Painter / Artist / School</h3>Erasmus Bernhard van Dulmen Krumpelman (1897-1987)<h3>Technique / Size</h3>oil on canvas, 180,5x128,5 cm (192x140 cm incl. frame)<h3>Signature / Dating</h3>signed and dated 'v Dulmen/'36' (lower right)",published,EUR,2000.0,3000.0,2000.0,2000.0,,1,0,,,True,"Mon, 31 Aug 2026 08:00:00 GMT","Tue, 15 Sep 2026 19:45:00 GMT",https://media.app.artisio.co/media/3fc437c0-fdbb-4208-955a-90293eab416d/inventory/b709520d-8ecc-4041-8b0d-4a6393622f98/f9510379-c403-45f0-8280-9a418c2ebed0/0001_RJjhZS_sm.jpeg;https://media.app.artisio.co/media/3fc437c0-fdbb-4208-955a-90293eab416d/inventory/b709520d-8ecc-4041-8b0d-4a6393622f98/8f184c92-d0d8-494c-bd24-18422c0173ad/0002_oGBiMe_sm.jpeg;https://media.app.artisio.co/media/3fc437c0-fdbb-4208-955a-90293eab416d/inventory/b709520d-8ecc-4041-8b0d-4a6393622f98/59babc8e-969a-4e98-b674-1d64479d2ac9/0003_PAmdBj_sm.jpeg;https://media.app.artisio.co/media/3fc437c0-fdbb-4208-955a-90293eab416d/inventory/b709520d-8ecc-4041-8b0d-4a6393622f98/7a0f223f-f28d-4035-b218-5b821f9ae8ca/0004_WQBEbt_sm.jpeg,4,"{""artist_retail_right"": true, ""comments"": null, ""condition"": null, ""condition_report"": null, ""dimensions"": null, ""extra_text"": null, ""footnote"": null, ""header"": null, ""internal_reference"": null, ""literature"": null, ""origin_exhibition_lite"": null, ""painter_artist_school"": ""Erasmus Bernhard van Dulmen Krumpelman (1897-1987)"", ""period"": null, ""signature_dating"": ""signed and dated 'v Dulmen/'36' (lower right)"", ""technique_size"": ""oil on canvas, 180,5x128,5 cm (192x140 cm incl. frame)"", ""title"": ""Dancing in the streets of the Jordaan, Amsterdam"", ""total"": null, ""weight_size_quality"": null}"
6dc0b2a7-a2aa-4e71-aebf-0a528779aa20,332,26-0547/10,fbef6459-c238-43e4-b7ac-6357713358f6,713,Classic to Modern Art,"Schilderijen, aquarellen en tekeningen I",Bomschuit on the shore,"Gerhard Arij Ludvig Morgenstjerne Munthe (1875-1927), Bomschuit on the shore","<h3>Painter / Artist / School</h3>Gerhard Arij Ludvig Morgenstjerne Munthe (1875-1927)<h3>Technique / Size</h3>oil on panel, 20,5x15,5 cm (29x24 cm incl. frame)<h3>Signature / Dating</h3>signed and dated  'G.M. Munthe '25.' (lower left)",published,EUR,1000.0,1500.0,700.0,,,1,0,,,True,"Mon, 31 Aug 2026 08:00:00 GMT","Tue, 15 Sep 2026 19:48:00 GMT",https://media.app.artisio.co/media/3fc437c0-fdbb-4208-955a-90293eab416d/inventory/bff11a87-bf3b-4afc-9156-a43e2cd3152e/938ee876-b7e3-4cd8-8d77-cc9343970c2a/0001_TFFZIr_sm.jpeg;https://media.app.artisio.co/media/3fc437c0-fdbb-4208-955a-90293eab416d/inventory/bff11a87-bf3b-4afc-9156-a43e2cd3152e/6a3c8823-3d16-4450-a7e2-514d3a0e1628/0002_GOwMgq_sm.jpeg;https://media.app.artisio.co/media/3fc437c0-fdbb-4208-955a-90293eab416d/inventory/bff11a87-bf3b-4afc-9156-a43e2cd3152e/da385538-d602-4033-896b-9b66482d4089/0003_ZMJtmD_sm.jpeg;https://media.app.artisio.co/media/3fc437c0-fdbb-4208-955a-90293eab416d/inventory/bff11a87-bf3b-4afc-9156-a43e2cd3152e/dccc1a79-bdab-4657-81ec-f6fabbccfaff/0004_yUmLCM_sm.jpeg,4,"{""artist_retail_right"": false, ""comments"": null, ""condition"": null, ""condition_report"": null, ""dimensions"": null, ""extra_text"": null, ""footnote"": null, ""header"": null, ""internal_reference"": null, ""literature"": null, ""origin_exhibition_lite"": null, ""painter_artist_school"": ""Gerhard Arij Ludvig Morgenstjerne Munthe (1875-1927)"", ""period"": null, ""signature_dating"": ""signed and dated  'G.M. Munthe '25.' (lower left)"", ""technique_size"": ""oil on panel, 20,5x15,5 cm (29x24 cm incl. frame)"", ""title"": ""Bomschuit on the shore"", ""total"": null, ""weight_size_quality"": null}"
2f9479b7-1c29-49fa-9012-582d0596c30f,333,26-0533/20,fbef6459-c238-43e4-b7ac-6357713358f6,713,Classic to Modern Art,Sculpturen,'Banjer','Banjer',"<h3>Painter / Artist / School</h3>Nel van Lith (1932-2025)<h3>Description</h3><p>carrara marble, 40x38x23 cm (granite base: 3x28x20 cm)</p><p>executed in 1997.</p>",published,EUR,1000.0,1500.0,1000.0,1000.0,,1,0,,,True,"Mon, 31 Aug 2026 08:00:00 GMT","Tue, 15 Sep 2026 19:48:00 GMT",https://media.app.artisio.co/media/3fc437c0-fdbb-4208-955a-90293eab416d/inventory/1e60933c-7c69-473b-8717-bdeb91214330/e570e7c1-017c-42a8-944b-504bf2f92935/0001_hfCcMO_sm.jpeg;https://media.app.artisio.co/media/3fc437c0-fdbb-4208-955a-90293eab416d/inventory/1e60933c-7c69-473b-8717-bdeb91214330/1b161030-5433-41a5-8953-2654758f9f31/0002_YSvvww_sm.jpeg;https://media.app.artisio.co/media/3fc437c0-fdbb-4208-955a-90293eab416d/inventory/1e60933c-7c69-473b-8717-bdeb91214330/ee74ef20-d502-442f-93de-32b9efd26a11/0003_DYeIeo_sm.jpeg;https://media.app.artisio.co/media/3fc437c0-fdbb-4208-955a-90293eab416d/inventory/1e60933c-7c69-473b-8717-bdeb91214330/7ba0e98d-098b-409d-9665-2a4398ac0be0/0004_biUihg_sm.jpeg;https://media.app.artisio.co/media/3fc437c0-fdbb-4208-955a-90293eab416d/inventory/1e60933c-7c69-473b-8717-bdeb91214330/f42e5f7e-caca-49cd-a91d-6b9a4cf8f85d/0005_CBpmDu_sm.jpeg,5,"{""artist_retail_right"": true, ""comments"": null, ""condition"": null, ""condition_report"": null, ""description"": ""<p>carrara marble, 40x38x23 cm (granite base: 3x28x20 cm)</p><p>executed in 1997.</p>"", ""dimensions"": null, ""footnote"": null, ""header"": null, ""internal_reference"": null, ""literature"": null, ""origin_exhibition_lite"": null, ""painter_artist_school"": ""Nel van Lith (1932-2025)"", ""period"": null, ""title"": ""'Banjer'"", ""total"": null, ""weight_size_quality"": null}"
403bf1c0-72ff-435c-97e8-503f94157b86,334,26-0533/1,fbef6459-c238-43e4-b7ac-6357713358f6,713,Classic to Modern Art,Sculpturen,'Oogst','Oogst',"<h3>Painter / Artist / School</h3>Nel van Lith (1932-2025)<h3>Description</h3><p>rosé aurore marble sculpture, 119x73x38 cm (base: 7x50x70 cm)</p><p>signed ‘N v. Lith' (lower left)</p><p>a bronze version of this sculpture is located in the hospital of Emmen.</p>",published,EUR,4000.0,6000.0,4000.0,4000.0,,1,0,,,True,"Mon, 31 Aug 2026 08:00:00 GMT","Tue, 15 Sep 2026 19:48:00 GMT",https://media.app.artisio.co/media/3fc437c0-fdbb-4208-955a-90293eab416d/inventory/7a0e43a0-3966-4dd6-a5da-c6ccf831659e/3e9e739d-bf7f-45ab-8a3d-ce6bd00b3c22/0001_NPGnBf_sm.jpeg;https://media.app.artisio.co/media/3fc437c0-fdbb-4208-955a-90293eab416d/inventory/7a0e43a0-3966-4dd6-a5da-c6ccf831659e/71c90913-b4ee-463c-bd06-67cd07241ac4/0002_tfzHUb_sm.jpeg;https://media.app.artisio.co/media/3fc437c0-fdbb-4208-955a-90293eab416d/inventory/7a0e43a0-3966-4dd6-a5da-c6ccf831659e/e1176053-b80a-4c55-a41a-7f995a1d2ea8/0003_EhEjMX_sm.jpeg;https://media.app.artisio.co/media/3fc437c0-fdbb-4208-955a-90293eab416d/inventory/7a0e43a0-3966-4dd6-a5da-c6ccf831659e/03d54290-9f49-4fb7-bbbf-a9ea3cd33ddc/0004_nSYEvz_sm.jpeg;https://media.app.artisio.co/media/3fc437c0-fdbb-4208-955a-90293eab416d/inventory/7a0e43a0-3966-4dd6-a5da-c6ccf831659e/420a645f-d6d7-4ff8-9c37-874257bb4f22/0005_HBYYix_sm.jpeg,5,"{""artist_retail_right"": true, ""comments"": null, ""condition"": null, ""condition_report"": null, ""description"": ""<p>rosé aurore marble sculpture, 119x73x38 cm (base: 7x50x70 cm)</p><p>signed ‘N v. Lith' (lower left)</p><p>a bronze version of this sculpture is located in the hospital of Emmen.</p>"", ""dimensions"": null, ""footnote"": null, ""header"": null, ""internal_reference"": null, ""literature"": null, ""origin_exhibition_lite"": null, ""painter_artist_school"": ""Nel van Lith (1932-2025)"", ""period"": null, ""title"": ""'Oogst'"", ""total"": null, ""weight_size_quality"": null}"
94f93e36-cb2a-47eb-83e7-ae924b9f8a5f,335,26-0533/5,fbef6459-c238-43e4-b7ac-6357713358f6,713,Classic to Modern Art,Sculpturen,'Zonder woorden II','Zonder woorden II',"<h3>Painter / Artist / School</h3>Nel van Lith (1932-2025)<h3>Literature</h3><p>crème de rosé marble sculpture, 40x40x40 cm</p><p>executed in 1990.</p>",published,EUR,2000.0,3000.0,2000.0,2000.0,,1,0,,,True,"Mon, 31 Aug 2026 08:00:00 GMT","Tue, 15 Sep 2026 19:48:00 GMT",https://media.app.artisio.co/media/3fc437c0-fdbb-4208-955a-90293eab416d/inventory/b18055cf-dc5a-496a-bb17-dc69169c58fc/5b4a8587-9f01-45d4-907c-8fa2e41a54a7/0001_docAIy_sm.jpeg;https://media.app.artisio.co/media/3fc437c0-fdbb-4208-955a-90293eab416d/inventory/b18055cf-dc5a-496a-bb17-dc69169c58fc/2ab09489-f8ff-4de2-a1b1-1c7d9427d1d8/0002_tqRlDc_sm.jpeg;https://media.app.artisio.co/media/3fc437c0-fdbb-4208-955a-90293eab416d/inventory/b18055cf-dc5a-496a-bb17-dc69169c58fc/79b5365f-c2c3-40d1-8eea-d3f17cd72f41/0003_qLlRfH_sm.jpeg;https://media.app.artisio.co/media/3fc437c0-fdbb-4208-955a-90293eab416d/inventory/b18055cf-dc5a-496a-bb17-dc69169c58fc/4b8dfd22-cb12-45b4-8dda-ea26f275b23d/0004_ldnWTh_sm.jpeg;https://media.app.artisio.co/media/3fc437c0-fdbb-4208-955a-90293eab416d/inventory/b18055cf-dc5a-496a-bb17-dc69169c58fc/01b20768-9179-496d-aed6-ea3dd0ce2aaa/0005_xFffNJ_sm.jpeg,5,"{""artist_retail_right"": true, ""comments"": null, ""condition"": null, ""condition_report"": null, ""description"": null, ""dimensions"": null, ""footnote"": null, ""header"": null, ""internal_reference"": null, ""literature"": ""<p>crème de rosé marble sculpture, 40x40x40 cm</p><p>executed in 1990.</p>"", ""origin_exhibition_lite"": null, ""painter_artist_school"": ""Nel van Lith (1932-2025)"", ""period"": null, ""title"": ""'Zonder woorden II'"", ""total"": null, ""weight_size_quality"": null}"
67b525aa-b413-4673-9c20-47831f51454f,336,26-0533/38,fbef6459-c238-43e4-b7ac-6357713358f6,713,Classic to Modern Art,Sculpturen,Portrait of Lou Louber (1894-1983),Portrait of Lou Louber (1894-1983),"<h3>Painter / Artist / School</h3>Nel van Lith (1932-2025)<h3>Description</h3><p>dark brown patinated bronze, 28x23x20 cm (granite base: 4,5x18x18 cm)</p><p>signed, dated and annotated ‘1982/Nel/van/Lith/Lou/Louber’ (on the reverse)</p>",published,EUR,600.0,900.0,600.0,600.0,,1,0,,,True,"Mon, 31 Aug 2026 08:00:00 GMT","Tue, 15 Sep 2026 19:48:00 GMT",https://media.app.artisio.co/media/3fc437c0-fdbb-4208-955a-90293eab416d/inventory/8085ccb1-e45b-404f-83c1-ad1ba7ef9688/843dd913-08a8-422c-b50e-64f5c1b2d5fd/0001_JtCVnW_sm.jpeg;https://media.app.artisio.co/media/3fc437c0-fdbb-4208-955a-90293eab416d/inventory/8085ccb1-e45b-404f-83c1-ad1ba7ef9688/8d6c2d0d-f6b7-4bee-9704-6bb430945eb3/0002_vhTZCF_sm.jpeg;https://media.app.artisio.co/media/3fc437c0-fdbb-4208-955a-90293eab416d/inventory/8085ccb1-e45b-404f-83c1-ad1ba7ef9688/3f7fb67f-c586-4f22-a45c-4ea4b1b83fbf/0003_WgbsBO_sm.jpeg;https://media.app.artisio.co/media/3fc437c0-fdbb-4208-955a-90293eab416d/inventory/8085ccb1-e45b-404f-83c1-ad1ba7ef9688/e9429e91-b869-4913-b616-805e933ee843/0004_HCfUVf_sm.jpeg;https://media.app.artisio.co/media/3fc437c0-fdbb-4208-955a-90293eab416d/inventory/8085ccb1-e45b-404f-83c1-ad1ba7ef9688/4107255e-bbb5-45e6-ae57-e280eb433e8b/0005_ZkZEiO_sm.jpeg;https://media.app.artisio.co/media/3fc437c0-fdbb-4208-955a-90293eab416d/inventory/8085ccb1-e45b-404f-83c1-ad1ba7ef9688/6310804c-5e7a-41dc-8871-378b89cc075d/0006_weoDAo_sm.jpeg;https://media.app.artisio.co/media/3fc437c0-fdbb-4208-955a-90293eab416d/inventory/8085ccb1-e45b-404f-83c1-ad1ba7ef9688/29385dc9-9fb7-4695-bf87-0bce5d98457b/0007_ouFjXQ_sm.jpeg,7,"{""artist_retail_right"": true, ""comments"": null, ""condition"": null, ""condition_report"": null, ""description"": ""<p>dark brown patinated bronze, 28x23x20 cm (granite base: 4,5x18x18 cm)</p><p>signed, dated and annotated ‘1982/Nel/van/Lith/Lou/Louber’ (on the reverse)</p>"", ""dimensions"": null, ""footnote"": null, ""header"": null, ""internal_reference"": null, ""literature"": null, ""origin_exhibition_lite"": null, ""painter_artist_school"": ""Nel van Lith (1932-2025)"", ""period"": null, ""title"": ""Portrait of Lou Louber (1894-1983)"", ""total"": null, ""weight_size_quality"": null}"
5ad0ec54-1d51-4717-8579-f1bf36a0daa0,337,26-0533/13,fbef6459-c238-43e4-b7ac-6357713358f6,713,Classic to Modern Art,Sculpturen,'Slaapdronken','Slaapdronken',"<h3>Painter / Artist / School</h3>Nel van Lith (1932-2025)<h3>Description</h3><p>dark patinated bronze sculpture, 75x16x13 cm</p><p>signed and dated ‘1981/NvL' (on the base)</p>",published,EUR,1500.0,2000.0,1500.0,1500.0,,1,0,,,True,"Mon, 31 Aug 2026 08:00:00 GMT","Tue, 15 Sep 2026 19:48:00 GMT",https://media.app.artisio.co/media/3fc437c0-fdbb-4208-955a-90293eab416d/inventory/01c3fbf6-cb95-4c65-b85a-c004604b3d15/15b2a401-2d3c-4e36-8d68-7fd50ecc7977/0001_nDGZXD_sm.jpeg;https://media.app.artisio.co/media/3fc437c0-fdbb-4208-955a-90293eab416d/inventory/01c3fbf6-cb95-4c65-b85a-c004604b3d15/5423c3fb-deb6-4812-82f3-16cec04ce6f0/0002_AXIlXp_sm.jpeg;https://media.app.artisio.co/media/3fc437c0-fdbb-4208-955a-90293eab416d/inventory/01c3fbf6-cb95-4c65-b85a-c004604b3d15/b9ff6993-891d-44b1-bb8f-6939236f36a0/0003_CDNhIK_sm.jpeg;https://media.app.artisio.co/media/3fc437c0-fdbb-4208-955a-90293eab416d/inventory/01c3fbf6-cb95-4c65-b85a-c004604b3d15/3f5b0f9f-26f8-48e6-958a-cc2530b8cb07/0004_ixuRwt_sm.jpeg;https://media.app.artisio.co/media/3fc437c0-fdbb-4208-955a-90293eab416d/inventory/01c3fbf6-cb95-4c65-b85a-c004604b3d15/287a3985-a625-4522-b903-c96229d750ba/0005_FilSZp_sm.jpeg;https://media.app.artisio.co/media/3fc437c0-fdbb-4208-955a-90293eab416d/inventory/01c3fbf6-cb95-4c65-b85a-c004604b3d15/c82387c8-7bf0-483c-9b42-59d61b9b96f1/0006_PhbNqZ_sm.jpeg,6,"{""artist_retail_right"": true, ""comments"": null, ""condition"": null, ""condition_report"": null, ""description"": ""<p>dark patinated bronze sculpture, 75x16x13 cm</p><p>signed and dated ‘1981/NvL' (on the base)</p>"", ""dimensions"": null, ""footnote"": null, ""header"": null, ""internal_reference"": null, ""literature"": null, ""origin_exhibition_lite"": null, ""painter_artist_school"": ""Nel van Lith (1932-2025)"", ""period"": null, ""title"": ""'Slaapdronken'"", ""total"": null, ""weight_size_quality"": null}"
17b6c331-c894-427f-b68d-b3c9ec3a54b4,338,26-0533/26,fbef6459-c238-43e4-b7ac-6357713358f6,713,Classic to Modern Art,Sculpturen,'Wolk','Wolk',"<h3>Painter / Artist / School</h3>Nel van Lith (1932-2025)<h3>Description</h3><p>dark green patinated bronze, 17x43x33 cm (granite base: 23x18x18 cm)</p><p>signed ‘Nel v. Lith' (lower centre)</p>",published,EUR,700.0,1000.0,700.0,700.0,,1,0,,,True,"Mon, 31 Aug 2026 08:00:00 GMT","Tue, 15 Sep 2026 19:51:00 GMT",https://media.app.artisio.co/media/3fc437c0-fdbb-4208-955a-90293eab416d/inventory/b7176376-f061-4274-bcfb-7102772b4821/cacc63fc-d815-41af-b634-36fc5ef963c5/0001_rbdpBZ_sm.jpeg;https://media.app.artisio.co/media/3fc437c0-fdbb-4208-955a-90293eab416d/inventory/b7176376-f061-4274-bcfb-7102772b4821/ed0a2e84-453f-4756-94b4-0b7998312a9f/0002_ShPCAe_sm.jpeg;https://media.app.artisio.co/media/3fc437c0-fdbb-4208-955a-90293eab416d/inventory/b7176376-f061-4274-bcfb-7102772b4821/9ec9558a-ce9b-43db-87e2-3f41a3239c49/0003_fqRWKa_sm.jpeg;https://media.app.artisio.co/media/3fc437c0-fdbb-4208-955a-90293eab416d/inventory/b7176376-f061-4274-bcfb-7102772b4821/44c6b20c-e7f8-4232-8c75-6e82e354d59b/0004_BSkcib_sm.jpeg;https://media.app.artisio.co/media/3fc437c0-fdbb-4208-955a-90293eab416d/inventory/b7176376-f061-4274-bcfb-7102772b4821/57485032-7741-452e-b163-4bfb2213ec93/0005_ZNqMPN_sm.jpeg;https://media.app.artisio.co/media/3fc437c0-fdbb-4208-955a-90293eab416d/inventory/b7176376-f061-4274-bcfb-7102772b4821/6d212ad8-58bd-4d81-8896-fd8443814ab0/0006_vzWaaJ_sm.jpeg,6,"{""artist_retail_right"": true, ""comments"": null, ""condition"": null, ""condition_report"": null, ""description"": ""<p>dark green patinated bronze, 17x43x33 cm (granite base: 23x18x18 cm)</p><p>signed ‘Nel v. Lith' (lower centre)</p>"", ""dimensions"": null, ""footnote"": null, ""header"": null, ""internal_reference"": null, ""literature"": null, ""origin_exhibition_lite"": null, ""painter_artist_school"": ""Nel van Lith (1932-2025)"", ""period"": null, ""title"": ""'Wolk'"", ""total"": null, ""weight_size_quality"": null}"
