LotUUID,LotNo,StockNo,AuctionUUID,AuctionNo,AuctionTitle,Category,Title,ShortDescription,Description,Status,Currency,LowEstimate,HighEstimate,StartPrice,Reserve,BuyNowPrice,Quantity,NumOfBids,LastBidAmount,WinningBidAmount,IsStarted,StartDate,EndDate,ImageURLs,NrOfImages,DynamicFields
6124817d-1b43-4f7c-9abb-a9617b8cb4a1,2001,26-0450/4,5595f3f8-0d21-4337-985c-b62f62070ce9,719,"Juwelen, Horloges & Luxury",Juwelen & Horloges,Een 14k gouden en platina maansteen en diamanten ring,Een 14k gouden en platina maansteen en diamanten ring,"<h3>Description</h3><p>Centraal bezet met een ovaal cabochon geslepen maansteen omringd door roosgeslepen diamanten, ringmaat 17,75/56.&nbsp;</p><h3>Weight / Size / Quality</h3>Bruto 3 gram.<h3>Keurkamer</h3>Yes",published,EUR,400.0,600.0,400.0,400.0,,1,0,,,True,"Mon, 31 Aug 2026 15:00:00 GMT","Wed, 16 Sep 2026 17:03:00 GMT",https://media.app.artisio.co/media/3fc437c0-fdbb-4208-955a-90293eab416d/inventory/1299e3d8-aa5d-4f26-b452-81f4ce84f506/859b3f6f-a426-4f14-bb17-5ba4b684ca2b/0001_qfLJQX_sm.jpeg;https://media.app.artisio.co/media/3fc437c0-fdbb-4208-955a-90293eab416d/inventory/1299e3d8-aa5d-4f26-b452-81f4ce84f506/0a1d2f0d-134c-4d58-a6e7-36c06eda33dc/0002_LGOPoT_sm.jpeg;https://media.app.artisio.co/media/3fc437c0-fdbb-4208-955a-90293eab416d/inventory/1299e3d8-aa5d-4f26-b452-81f4ce84f506/92d74564-5bce-4b1b-8163-6a87ca838f78/0003_pkkrkv_sm.jpeg,3,"{""artist_retail_right"": false, ""comments"": null, ""description"": ""<p>Centraal bezet met een ovaal cabochon geslepen maansteen omringd door roosgeslepen diamanten, ringmaat 17,75/56.&nbsp;</p>"", ""internal_reference"": null, ""keurkamer"": true, ""literature"": null, ""origin_exhibition_lite"": null, ""period"": null, ""title"": ""Een 14k gouden en platina maansteen en diamanten ring"", ""total"": null, ""weight_size_quality"": ""Bruto 3 gram. ""}"
b82cdc4c-91ea-438a-aeab-46b134ae4d3d,2002,26-0450/10,5595f3f8-0d21-4337-985c-b62f62070ce9,719,"Juwelen, Horloges & Luxury",Juwelen & Horloges,Een 18k gouden diamant ring,Een 18k gouden diamant ring,"<h3>Description</h3><p>Centraal bezet met een roosdiamant in gesloten zetting, de scheen bewerkt met gravures, ringmaat 16,75/52.&nbsp;</p><h3>Weight / Size / Quality</h3>Bruto 3 gram.<h3>Keurkamer</h3>Yes",published,EUR,200.0,400.0,200.0,200.0,,1,0,,,True,"Mon, 31 Aug 2026 15:00:00 GMT","Wed, 16 Sep 2026 17:03:00 GMT",https://media.app.artisio.co/media/3fc437c0-fdbb-4208-955a-90293eab416d/inventory/d992f278-0f45-440d-92b0-c0d885110597/a7c83ba1-726f-4ddd-90b0-259d438a634f/0001_TZKAnS_sm.jpeg;https://media.app.artisio.co/media/3fc437c0-fdbb-4208-955a-90293eab416d/inventory/d992f278-0f45-440d-92b0-c0d885110597/91e405a2-2a62-4ce5-83e7-04996fcbccb3/0002_xSlGIr_sm.jpeg;https://media.app.artisio.co/media/3fc437c0-fdbb-4208-955a-90293eab416d/inventory/d992f278-0f45-440d-92b0-c0d885110597/d5b713d7-93b7-4e63-a7be-f3743b31f0bb/0003_mmYzvr_sm.jpeg,3,"{""artist_retail_right"": false, ""comments"": null, ""description"": ""<p>Centraal bezet met een roosdiamant in gesloten zetting, de scheen bewerkt met gravures, ringmaat 16,75/52.&nbsp;</p>"", ""internal_reference"": null, ""keurkamer"": true, ""literature"": null, ""origin_exhibition_lite"": null, ""period"": null, ""title"": ""Een 18k gouden diamant ring"", ""total"": null, ""weight_size_quality"": ""Bruto 3 gram. ""}"
728d40b4-991f-4e50-9a2b-517b0d9a60a7,2003,26-0450/11,5595f3f8-0d21-4337-985c-b62f62070ce9,719,"Juwelen, Horloges & Luxury",Juwelen & Horloges,Een 14k gouden synthetische robijn ring en een paar knoopjes,Een 14k gouden synthetische robijn ring en een paar knoopjes,"<h3>Description</h3><p>De ring bezet met een ronde synthetische robijn omringd door roosdiamanten, ringmaat 17/53, de 14k gouden knoopjes bezet met twee emeraude-geslepen synthetische robijnen in klauwzettingen -één robijn los in de zetting- 7x6 mm.</p><h3>Weight / Size / Quality</h3>Bruto 3 gram.<h3>Keurkamer</h3>Yes",published,EUR,200.0,400.0,200.0,200.0,,1,0,,,True,"Mon, 31 Aug 2026 15:00:00 GMT","Wed, 16 Sep 2026 17:03:00 GMT",https://media.app.artisio.co/media/3fc437c0-fdbb-4208-955a-90293eab416d/inventory/eb7313b8-a0e9-4ebf-8e31-a18c829b2e92/5a7bd018-111d-49ab-bcb7-145658617dcb/0001_CJrdEd_sm.jpeg;https://media.app.artisio.co/media/3fc437c0-fdbb-4208-955a-90293eab416d/inventory/eb7313b8-a0e9-4ebf-8e31-a18c829b2e92/afe1b207-46da-485b-8c82-2662dd447fd5/0002_SxHLWj_sm.jpeg;https://media.app.artisio.co/media/3fc437c0-fdbb-4208-955a-90293eab416d/inventory/eb7313b8-a0e9-4ebf-8e31-a18c829b2e92/145ffa3e-ddfb-483e-ae03-dcd99ba30b92/0003_IuTTcR_sm.jpeg;https://media.app.artisio.co/media/3fc437c0-fdbb-4208-955a-90293eab416d/inventory/eb7313b8-a0e9-4ebf-8e31-a18c829b2e92/c84af73e-d4ab-48dc-8c26-9f45455d19f5/0004_eZpOYJ_sm.jpeg,4,"{""artist_retail_right"": false, ""comments"": null, ""description"": ""<p>De ring bezet met een ronde synthetische robijn omringd door roosdiamanten, ringmaat 17/53, de 14k gouden knoopjes bezet met twee emeraude-geslepen synthetische robijnen in klauwzettingen -één robijn los in de zetting- 7x6 mm.</p>"", ""internal_reference"": null, ""keurkamer"": true, ""literature"": null, ""origin_exhibition_lite"": null, ""period"": null, ""title"": ""Een 14k gouden synthetische robijn ring en een paar knoopjes"", ""total"": null, ""weight_size_quality"": ""Bruto 3 gram. ""}"
bd8e60c1-81b9-4503-8ec6-a7f4b2d9b656,2004,26-0450/14,5595f3f8-0d21-4337-985c-b62f62070ce9,719,"Juwelen, Horloges & Luxury",Juwelen & Horloges,Een 14k witgouden aquamarijn hanger aan 18k witgouden collier,Een 14k witgouden aquamarijn hanger aan 18k witgouden collier,"<h3>Description</h3><p>De hanger bezet met een emeraude-geslepen aquamarijn van circa 10 ct. aan een fijn jasseronschakelcollier, hanger 24x11 mm. inclusief hangoog, collier L. 50 cm.&nbsp;</p><h3>Weight / Size / Quality</h3>Bruto 5 gram.<h3>Keurkamer</h3>Yes",published,EUR,200.0,400.0,200.0,200.0,,1,0,,,True,"Mon, 31 Aug 2026 15:00:00 GMT","Wed, 16 Sep 2026 17:03:00 GMT",https://media.app.artisio.co/media/3fc437c0-fdbb-4208-955a-90293eab416d/inventory/873cd05d-1f3b-4241-bca7-837b8dbcece4/c2533345-b7db-4243-ba93-99823afbd777/00001_BNJBYl_sm.jpeg;https://media.app.artisio.co/media/3fc437c0-fdbb-4208-955a-90293eab416d/inventory/873cd05d-1f3b-4241-bca7-837b8dbcece4/b14878b7-8f43-4eee-ad60-71619a54e019/0001_Zppwkr_sm.jpeg,2,"{""artist_retail_right"": false, ""comments"": null, ""description"": ""<p>De hanger bezet met een emeraude-geslepen aquamarijn van circa 10 ct. aan een fijn jasseronschakelcollier, hanger 24x11 mm. inclusief hangoog, collier L. 50 cm.&nbsp;</p>"", ""internal_reference"": null, ""keurkamer"": true, ""literature"": null, ""origin_exhibition_lite"": null, ""period"": null, ""title"": ""Een 14k witgouden aquamarijn hanger aan 18k witgouden collier"", ""total"": null, ""weight_size_quality"": ""Bruto 5 gram. ""}"
a5441a26-67dd-4a20-b738-40c6c329a9bb,2005,26-0590/4,5595f3f8-0d21-4337-985c-b62f62070ce9,719,"Juwelen, Horloges & Luxury",Juwelen & Horloges,"Een stalen heren polshorloge, Omega","Een stalen heren polshorloge, Omega","<h3>Description</h3><p>Automatisch uurwerk, de ronde zilverkleurige wijzerplaat met batons, D. 34 mm, aan latere bruin lederen band, model ‘Seamaster de Ville’.</p>",published,EUR,400.0,600.0,400.0,400.0,,1,0,,,True,"Mon, 31 Aug 2026 15:00:00 GMT","Wed, 16 Sep 2026 17:03:00 GMT",https://media.app.artisio.co/media/3fc437c0-fdbb-4208-955a-90293eab416d/inventory/4541eb84-120a-48ef-89bc-22d65f2c15fd/e3311abb-c8ec-4062-a743-e5cc50e4aec2/0001_kGFvim_sm.jpeg;https://media.app.artisio.co/media/3fc437c0-fdbb-4208-955a-90293eab416d/inventory/4541eb84-120a-48ef-89bc-22d65f2c15fd/f3b948e1-6ba0-4a6d-ad67-cf5873823f6a/0002_LjFghA_sm.jpeg,2,"{""artist_retail_right"": false, ""comments"": null, ""description"": ""<p>Automatisch uurwerk, de ronde zilverkleurige wijzerplaat met batons, D. 34 mm, aan latere bruin lederen band, model ‘Seamaster de Ville’.</p>"", ""internal_reference"": null, ""keurkamer"": false, ""literature"": null, ""origin_exhibition_lite"": null, ""period"": null, ""title"": ""Een stalen heren polshorloge, Omega"", ""total"": null, ""weight_size_quality"": null}"
de32c209-bf95-41db-a63d-1beaed2c922c,2006,26-0264/3,5595f3f8-0d21-4337-985c-b62f62070ce9,719,"Juwelen, Horloges & Luxury",Juwelen & Horloges,Een 14k gouden camee hanger,Een 14k gouden camee hanger,"<h3>Description</h3><p>Bestaande uit een schelpcamee met voorstelling van de drie gratieën, in een gouden montuur, 54x38mm (incl hangeroog).</p><h3>Weight / Size / Quality</h3>Bruto 11 gram.<h3>Keurkamer</h3>Yes",published,EUR,200.0,400.0,200.0,200.0,,1,0,,,True,"Mon, 31 Aug 2026 15:00:00 GMT","Wed, 16 Sep 2026 17:03:00 GMT",https://media.app.artisio.co/media/3fc437c0-fdbb-4208-955a-90293eab416d/inventory/f1ab9979-aff3-4fce-9c3d-e0c656d4d772/f372f298-be23-4f3e-b504-e034d0136a50/0001_Isjymg_sm.jpeg;https://media.app.artisio.co/media/3fc437c0-fdbb-4208-955a-90293eab416d/inventory/f1ab9979-aff3-4fce-9c3d-e0c656d4d772/db459df5-69be-4cc9-baa6-611031002b97/0002_pYpFyb_sm.jpeg,2,"{""artist_retail_right"": false, ""comments"": null, ""description"": ""<p>Bestaande uit een schelpcamee met voorstelling van de drie gratieën, in een gouden montuur, 54x38mm (incl hangeroog).</p>"", ""internal_reference"": null, ""keurkamer"": true, ""literature"": null, ""origin_exhibition_lite"": null, ""period"": null, ""title"": ""Een 14k gouden camee hanger"", ""total"": null, ""weight_size_quality"": ""Bruto 11 gram.""}"
55cc393f-ffc9-4f1e-8171-4b5eb39d9691,2007,26-0600/2,5595f3f8-0d21-4337-985c-b62f62070ce9,719,"Juwelen, Horloges & Luxury",Juwelen & Horloges,Een 14k gouden en zilveren diamanten ring,Een 14k gouden en zilveren diamanten ring,"<h3>Period</h3>Tweede helft 20e eeuw<h3>Description</h3><p>Bezet met een entourage van roosgeslepen diamanten, ringmaat 16,5/52.&nbsp;</p><h3>Weight / Size / Quality</h3>Bruto 5 gram.",published,EUR,500.0,700.0,500.0,500.0,,1,0,,,True,"Mon, 31 Aug 2026 15:00:00 GMT","Wed, 16 Sep 2026 17:06:00 GMT",https://media.app.artisio.co/media/3fc437c0-fdbb-4208-955a-90293eab416d/inventory/d89155dd-ff49-4249-8697-8eb0a71f5233/d831303d-60bc-4c28-ac04-32ba9601c3ec/0001_uhZRQM_sm.jpeg;https://media.app.artisio.co/media/3fc437c0-fdbb-4208-955a-90293eab416d/inventory/d89155dd-ff49-4249-8697-8eb0a71f5233/d25e0bce-94a7-4150-a806-8ef64206ea15/0002_nyxYVI_sm.jpeg;https://media.app.artisio.co/media/3fc437c0-fdbb-4208-955a-90293eab416d/inventory/d89155dd-ff49-4249-8697-8eb0a71f5233/b3cc0909-27f8-4e87-9887-019cbf7f456f/0003_AlirOA_sm.jpeg,3,"{""artist_retail_right"": false, ""comments"": null, ""description"": ""<p>Bezet met een entourage van roosgeslepen diamanten, ringmaat 16,5/52.&nbsp;</p>"", ""internal_reference"": null, ""keurkamer"": false, ""literature"": null, ""origin_exhibition_lite"": null, ""period"": ""Tweede helft 20e eeuw"", ""title"": ""Een 14k gouden en zilveren diamanten ring"", ""total"": null, ""weight_size_quality"": ""Bruto 5 gram.""}"
7f0f3ec3-5104-4f22-a1b4-c94e409de8b7,2008,26-0681/1,5595f3f8-0d21-4337-985c-b62f62070ce9,719,"Juwelen, Horloges & Luxury",Juwelen & Horloges,Een collectie sieraden,Een collectie sieraden,"<h3>Description</h3><p>Bestaande uit:&nbsp;<br>een 18k gouden collier, bezet met cabochongeslepen turkoois;&nbsp;<br>een geëmailleerde bladbroche, gemerkt '333', bwgg;&nbsp;<br>een vergulde 925/1000 zilveren schakelarmband;<br>daarbij een onedele stijve armband en een onedel broche bezet met een roze glassteentje.&nbsp;</p><h3>Weight / Size / Quality</h3>Collier bruto 11 gram.<h3>Keurkamer</h3>Yes",published,EUR,600.0,1000.0,600.0,600.0,,1,0,,,True,"Mon, 31 Aug 2026 15:00:00 GMT","Wed, 16 Sep 2026 17:06:00 GMT",https://media.app.artisio.co/media/3fc437c0-fdbb-4208-955a-90293eab416d/inventory/d664d5b3-dd60-4b0d-8e4f-6ffa0d32efff/227d0ad0-3965-4cb9-bc81-a6e86e5806de/0001_rWbHLr_sm.jpeg;https://media.app.artisio.co/media/3fc437c0-fdbb-4208-955a-90293eab416d/inventory/d664d5b3-dd60-4b0d-8e4f-6ffa0d32efff/d9d4b86e-3c65-47d4-9a78-3749600ed44d/0002_brbmWl_sm.jpeg;https://media.app.artisio.co/media/3fc437c0-fdbb-4208-955a-90293eab416d/inventory/d664d5b3-dd60-4b0d-8e4f-6ffa0d32efff/6bf44479-e07b-4d1c-95eb-6a758e30eca5/0003_PKKaHm_sm.jpeg;https://media.app.artisio.co/media/3fc437c0-fdbb-4208-955a-90293eab416d/inventory/d664d5b3-dd60-4b0d-8e4f-6ffa0d32efff/7f45826c-1eb2-40e5-98bb-8b0646adb7e0/0004_yyenOd_sm.jpeg,4,"{""artist_retail_right"": false, ""comments"": null, ""description"": ""<p>Bestaande uit:&nbsp;<br>een 18k gouden collier, bezet met cabochongeslepen turkoois;&nbsp;<br>een geëmailleerde bladbroche, gemerkt '333', bwgg;&nbsp;<br>een vergulde 925/1000 zilveren schakelarmband;<br>daarbij een onedele stijve armband en een onedel broche bezet met een roze glassteentje.&nbsp;</p>"", ""internal_reference"": null, ""keurkamer"": true, ""literature"": null, ""origin_exhibition_lite"": null, ""period"": null, ""title"": ""Een collectie sieraden"", ""total"": null, ""weight_size_quality"": ""Collier bruto 11 gram.""}"
49262962-bb30-461f-b685-76355b6ef32f,2009,26-0530/9,5595f3f8-0d21-4337-985c-b62f62070ce9,719,"Juwelen, Horloges & Luxury",Juwelen & Horloges,Een antiek Engels handspiegeltje,Een antiek Engels handspiegeltje,"<h3>Description</h3><p>De achterzijde gedecoreerd met een iris, gesigneerd S.&nbsp;Blanckensee & Son, Birmingham, 1905, bwgg (333/1000), 70x32 mm excl. hangoog.&nbsp;</p><h3>Weight / Size / Quality</h3>Bruto 10 gram.",published,EUR,100.0,200.0,100.0,100.0,,1,1,100.0,100.0,True,"Mon, 31 Aug 2026 15:00:00 GMT","Wed, 16 Sep 2026 17:06:00 GMT",https://media.app.artisio.co/media/3fc437c0-fdbb-4208-955a-90293eab416d/inventory/746a4b60-c657-4ea2-8950-123cffbf021b/202583e5-d5d6-493f-9852-867ed5ea47bf/0001_NNYIWf_sm.jpeg;https://media.app.artisio.co/media/3fc437c0-fdbb-4208-955a-90293eab416d/inventory/746a4b60-c657-4ea2-8950-123cffbf021b/4a1c354c-e836-4f74-a4df-35ced17e948f/0002_IdYFJl_sm.jpeg,2,"{""artist_retail_right"": false, ""comments"": null, ""description"": ""<p>De achterzijde gedecoreerd met een iris, gesigneerd S.&nbsp;Blanckensee & Son, Birmingham, 1905, bwgg (333/1000), 70x32 mm excl. hangoog.&nbsp;</p>"", ""internal_reference"": null, ""keurkamer"": false, ""literature"": null, ""origin_exhibition_lite"": null, ""period"": null, ""title"": ""Een antiek Engels handspiegeltje"", ""total"": null, ""weight_size_quality"": ""Bruto 10 gram. ""}"
52292550-1f9c-4bee-a43c-5e09e66a345a,2010,26-0530/8,5595f3f8-0d21-4337-985c-b62f62070ce9,719,"Juwelen, Horloges & Luxury",Juwelen & Horloges,Een blauw geemailleerd medaillon ,Een blauw geemailleerd medaillon ,"<h3>Description</h3><p>Rechthoekig model met afgeronde hoeken, de voorzijde gedecoreerd met een duif op een blauw emaille achtergrond, het emaille aan de achterzijde beschadigd, aan de binnenkant twee portretraampjes waarachter een zilveren schildje met monogram, bwgg, 27x22 mm.&nbsp;</p><h3>Weight / Size / Quality</h3>Bruto 13 gram.<h3>Keurkamer</h3>Yes",published,EUR,200.0,300.0,180.0,180.0,,1,0,,,True,"Mon, 31 Aug 2026 15:00:00 GMT","Wed, 16 Sep 2026 17:06:00 GMT",https://media.app.artisio.co/media/3fc437c0-fdbb-4208-955a-90293eab416d/inventory/a84f15ce-6fa5-4640-b7ac-704f9ede1d99/6bc5a680-5636-4e29-9d75-cf182be2c3e6/0001_alGlpE_sm.jpeg;https://media.app.artisio.co/media/3fc437c0-fdbb-4208-955a-90293eab416d/inventory/a84f15ce-6fa5-4640-b7ac-704f9ede1d99/80da9342-7182-416d-8736-082bb58c5a31/0002_sVxiAi_sm.jpeg;https://media.app.artisio.co/media/3fc437c0-fdbb-4208-955a-90293eab416d/inventory/a84f15ce-6fa5-4640-b7ac-704f9ede1d99/b35431c4-0d66-4c59-9fb3-fbb85d28ca05/0003_WypLzf_sm.jpeg,3,"{""artist_retail_right"": false, ""comments"": null, ""description"": ""<p>Rechthoekig model met afgeronde hoeken, de voorzijde gedecoreerd met een duif op een blauw emaille achtergrond, het emaille aan de achterzijde beschadigd, aan de binnenkant twee portretraampjes waarachter een zilveren schildje met monogram, bwgg, 27x22 mm.&nbsp;</p>"", ""internal_reference"": null, ""keurkamer"": true, ""literature"": null, ""origin_exhibition_lite"": null, ""period"": null, ""title"": ""Een blauw geemailleerd medaillon "", ""total"": null, ""weight_size_quality"": ""Bruto 13 gram. ""}"
a0639a91-0bbb-4c44-89f4-83354ab4aada,2011,26-0530/7,5595f3f8-0d21-4337-985c-b62f62070ce9,719,"Juwelen, Horloges & Luxury",Juwelen & Horloges,Een antieke turkoois en parel broche,Een antieke turkoois en parel broche,"<h3>Description</h3><p>In de vorm van een kroontje bezet met cabochongeslepen turkoois en zaadparels, reparatie aan achterzijde, bwgg, 30x18 mm.&nbsp;</p><h3>Weight / Size / Quality</h3>Bruto 3 gram.<h3>Keurkamer</h3>Yes",published,EUR,200.0,400.0,180.0,180.0,,1,0,,,True,"Mon, 31 Aug 2026 15:00:00 GMT","Wed, 16 Sep 2026 17:06:00 GMT",https://media.app.artisio.co/media/3fc437c0-fdbb-4208-955a-90293eab416d/inventory/b0f33394-a145-45aa-92c6-b613668f997e/75a17799-7514-47b6-a18b-eae33179ae21/0001_befcPP_sm.jpeg;https://media.app.artisio.co/media/3fc437c0-fdbb-4208-955a-90293eab416d/inventory/b0f33394-a145-45aa-92c6-b613668f997e/1fbbc3ea-3f7d-422c-adf1-b428a2e211fb/0002_Younkm_sm.jpeg,2,"{""artist_retail_right"": false, ""comments"": null, ""description"": ""<p>In de vorm van een kroontje bezet met cabochongeslepen turkoois en zaadparels, reparatie aan achterzijde, bwgg, 30x18 mm.&nbsp;</p>"", ""internal_reference"": null, ""keurkamer"": true, ""literature"": null, ""origin_exhibition_lite"": null, ""period"": null, ""title"": ""Een antieke turkoois en parel broche"", ""total"": null, ""weight_size_quality"": ""Bruto 3 gram. ""}"
ebf29675-5864-4538-aa29-a2ba363167a2,2012,26-0530/10,5595f3f8-0d21-4337-985c-b62f62070ce9,719,"Juwelen, Horloges & Luxury",Juwelen & Horloges,Een robijn en diamanten ring,Een robijn en diamanten ring,"<h3>Description</h3><p>Bezet met drie cirkelvormig geslepen robijnen en twee briljantgeslepen glasstenen, Birmingham 1981, bwgg (333/1000).&nbsp;</p><h3>Weight / Size / Quality</h3>Bruto 2 gram.",published,EUR,200.0,400.0,35.0,35.0,,1,0,,,True,"Mon, 31 Aug 2026 15:00:00 GMT","Wed, 16 Sep 2026 17:06:00 GMT",https://media.app.artisio.co/media/3fc437c0-fdbb-4208-955a-90293eab416d/inventory/7019abf8-5f40-4fb6-a1f0-d92720c335aa/db99f5d8-01f0-445a-8716-2264553425a8/0001_UDNwLE_sm.jpeg;https://media.app.artisio.co/media/3fc437c0-fdbb-4208-955a-90293eab416d/inventory/7019abf8-5f40-4fb6-a1f0-d92720c335aa/6e065df0-a9bc-474f-9100-f53fff4c280d/0002_HWqwBv_sm.jpeg;https://media.app.artisio.co/media/3fc437c0-fdbb-4208-955a-90293eab416d/inventory/7019abf8-5f40-4fb6-a1f0-d92720c335aa/73972ddb-b090-4ebc-90e9-5c46e2c413a5/0003_UGiXrb_sm.jpeg,3,"{""artist_retail_right"": false, ""comments"": null, ""description"": ""<p>Bezet met drie cirkelvormig geslepen robijnen en twee briljantgeslepen glasstenen, Birmingham 1981, bwgg (333/1000).&nbsp;</p>"", ""internal_reference"": null, ""keurkamer"": false, ""literature"": null, ""origin_exhibition_lite"": null, ""period"": null, ""title"": ""Een robijn en diamanten ring"", ""total"": null, ""weight_size_quality"": ""Bruto 2 gram. ""}"
8c3db104-feb4-41f0-b4a7-8cc8edeab66e,2013,26-0530/11,5595f3f8-0d21-4337-985c-b62f62070ce9,719,"Juwelen, Horloges & Luxury",Juwelen & Horloges,Een antieke filigrein hanger,Een antieke filigrein hanger,"<h3>Description</h3><p>In de vorm van een hart doorkruist door twee pijlen, vermoedelijk Wallonië, onedel, 50x32 mm.</p><h3>Weight / Size / Quality</h3>Bruto 6 gram.<h3>Keurkamer</h3>Yes",published,EUR,100.0,200.0,100.0,100.0,,1,0,,,True,"Mon, 31 Aug 2026 15:00:00 GMT","Wed, 16 Sep 2026 17:09:00 GMT",https://media.app.artisio.co/media/3fc437c0-fdbb-4208-955a-90293eab416d/inventory/68ea0669-5341-4dbf-83e8-ccc4dbee2f94/9f7b95de-a576-4715-90dd-a44791434774/0001_OUCqlW_sm.jpeg;https://media.app.artisio.co/media/3fc437c0-fdbb-4208-955a-90293eab416d/inventory/68ea0669-5341-4dbf-83e8-ccc4dbee2f94/bb7f0c32-9c67-48ac-9e02-4d8890642ec3/0002_RlquaQ_sm.jpeg,2,"{""artist_retail_right"": false, ""comments"": null, ""description"": ""<p>In de vorm van een hart doorkruist door twee pijlen, vermoedelijk Wallonië, onedel, 50x32 mm.</p>"", ""internal_reference"": null, ""keurkamer"": true, ""literature"": null, ""origin_exhibition_lite"": null, ""period"": null, ""title"": ""Een antieke filigrein hanger"", ""total"": null, ""weight_size_quality"": ""Bruto 6 gram. ""}"
1bea51b3-db80-49bc-90b2-7155b1491776,2014,26-0628/1,5595f3f8-0d21-4337-985c-b62f62070ce9,719,"Juwelen, Horloges & Luxury",Juwelen & Horloges,Een 18k gouden saffier en diamanten broche,Een 18k gouden saffier en diamanten broche,"<h3>Description</h3><p>In strikvorm, bezet met gekalibreerde saffieren en briljant geslepen diamanten, 60x7 mm.&nbsp;</p><h3>Weight / Size / Quality</h3>Bruto 5 gram.<h3>Keurkamer</h3>Yes",published,EUR,400.0,600.0,400.0,400.0,,1,0,,,True,"Mon, 31 Aug 2026 15:00:00 GMT","Wed, 16 Sep 2026 17:09:00 GMT",https://media.app.artisio.co/media/3fc437c0-fdbb-4208-955a-90293eab416d/inventory/72084ad2-d4c9-4bac-b416-b9c0f72a599a/b748ead0-214d-43b2-a302-532801d2717a/0001_EvmHiT_sm.jpeg;https://media.app.artisio.co/media/3fc437c0-fdbb-4208-955a-90293eab416d/inventory/72084ad2-d4c9-4bac-b416-b9c0f72a599a/bf440889-dc5a-4d76-bb8b-aabc2291d4c5/0002_gdmkLp_sm.jpeg,2,"{""artist_retail_right"": false, ""comments"": null, ""description"": ""<p>In strikvorm, bezet met gekalibreerde saffieren en briljant geslepen diamanten, 60x7 mm.&nbsp;</p>"", ""internal_reference"": null, ""keurkamer"": true, ""literature"": null, ""origin_exhibition_lite"": null, ""period"": null, ""title"": ""Een 18k gouden saffier en diamanten broche"", ""total"": null, ""weight_size_quality"": ""Bruto 5 gram. ""}"
74177e25-cd45-4de3-8b39-3cb81137b30d,2015,26-0628/5,5595f3f8-0d21-4337-985c-b62f62070ce9,719,"Juwelen, Horloges & Luxury",Juwelen & Horloges,Een zoetwater parelcollier,Een zoetwater parelcollier,"<h3>Description</h3><p>Bestaande uit zes strengen zoetwaterparels en één streng bestaande uit blauwe glaskralen, bijeengehouden door een 925/1000 zilveren parelclip, L. 82 cm.&nbsp;</p><h3>Weight / Size / Quality</h3>Bruto 98 gram.",published,EUR,400.0,600.0,400.0,400.0,,1,0,,,True,"Mon, 31 Aug 2026 15:00:00 GMT","Wed, 16 Sep 2026 17:09:00 GMT",https://media.app.artisio.co/media/3fc437c0-fdbb-4208-955a-90293eab416d/inventory/732a78fc-8c88-4937-88c4-809677968ba1/3e7786d0-8c6a-4e68-8808-6a9f05f1f341/0001_ctlenZ_sm.jpeg;https://media.app.artisio.co/media/3fc437c0-fdbb-4208-955a-90293eab416d/inventory/732a78fc-8c88-4937-88c4-809677968ba1/cfd6dcec-d9a0-4312-a254-3b01bf366da3/0002_WMQTTA_sm.jpeg,2,"{""artist_retail_right"": false, ""comments"": null, ""description"": ""<p>Bestaande uit zes strengen zoetwaterparels en één streng bestaande uit blauwe glaskralen, bijeengehouden door een 925/1000 zilveren parelclip, L. 82 cm.&nbsp;</p>"", ""internal_reference"": null, ""keurkamer"": false, ""literature"": null, ""origin_exhibition_lite"": null, ""period"": null, ""title"": ""Een zoetwater parelcollier"", ""total"": null, ""weight_size_quality"": ""Bruto 98 gram. ""}"
cb1af90c-dcb5-40b4-867d-03c4813e7122,2016,26-0628/7,5595f3f8-0d21-4337-985c-b62f62070ce9,719,"Juwelen, Horloges & Luxury",Juwelen & Horloges,Een 18k gouden en cultivé parel collier,Een 18k gouden en cultivé parel collier,"<h3>Description</h3><p>Bestaande uit crèmekleurige gecultiveerde parels, synthetische robijn kralen en 18k gouden kralen, L. 87 cm.&nbsp;</p><h3>Weight / Size / Quality</h3>Bruto 85 gram.<h3>Keurkamer</h3>Yes",published,EUR,400.0,600.0,400.0,400.0,,1,0,,,True,"Mon, 31 Aug 2026 15:00:00 GMT","Wed, 16 Sep 2026 17:09:00 GMT",https://media.app.artisio.co/media/3fc437c0-fdbb-4208-955a-90293eab416d/inventory/c2398f7f-2548-4696-b031-4b1d6b816b1c/ee74e790-dc05-4719-b8c2-5fe8979d4a99/0001_KFWQcb_sm.jpeg;https://media.app.artisio.co/media/3fc437c0-fdbb-4208-955a-90293eab416d/inventory/c2398f7f-2548-4696-b031-4b1d6b816b1c/81ebc92f-1f1c-4ba2-8b6b-0715d7de62c6/0002_QzjilA_sm.jpeg,2,"{""artist_retail_right"": false, ""comments"": null, ""description"": ""<p>Bestaande uit crèmekleurige gecultiveerde parels, synthetische robijn kralen en 18k gouden kralen, L. 87 cm.&nbsp;</p>"", ""internal_reference"": null, ""keurkamer"": true, ""literature"": null, ""origin_exhibition_lite"": null, ""period"": null, ""title"": ""Een 18k gouden en cultivé parel collier"", ""total"": null, ""weight_size_quality"": ""Bruto 85 gram.""}"
d5671200-a1c8-4271-9087-6d947e25fa65,2017,26-0628/8,5595f3f8-0d21-4337-985c-b62f62070ce9,719,"Juwelen, Horloges & Luxury",Juwelen & Horloges,Een zoetwater parelcollier,Een zoetwater parelcollier,"<h3>Description</h3><p>Bestaande uit boutonvormige zoetwaterparels, chrysopraas kralen en goudkleurige kralen, L. 84 cm.&nbsp;</p><h3>Weight / Size / Quality</h3>Bruto 30 gram.",published,EUR,200.0,400.0,200.0,200.0,,1,0,,,True,"Mon, 31 Aug 2026 15:00:00 GMT","Wed, 16 Sep 2026 17:09:00 GMT",https://media.app.artisio.co/media/3fc437c0-fdbb-4208-955a-90293eab416d/inventory/a66905d3-7c99-411c-acff-602b78f04ba9/6db10ab1-1faf-42d8-b62b-7f72af809ad9/0001_EaZKqO_sm.jpeg;https://media.app.artisio.co/media/3fc437c0-fdbb-4208-955a-90293eab416d/inventory/a66905d3-7c99-411c-acff-602b78f04ba9/571f1f1c-4835-4d6a-b49b-326b2e26c6be/0002_VBdwKS_sm.jpeg,2,"{""artist_retail_right"": false, ""comments"": null, ""description"": ""<p>Bestaande uit boutonvormige zoetwaterparels, chrysopraas kralen en goudkleurige kralen, L. 84 cm.&nbsp;</p>"", ""internal_reference"": null, ""keurkamer"": false, ""literature"": null, ""origin_exhibition_lite"": null, ""period"": null, ""title"": ""Een zoetwater parelcollier"", ""total"": null, ""weight_size_quality"": ""Bruto 30 gram. ""}"
e2c5a2ea-0f72-42fd-8b97-769ed443ebde,2018,26-0628/9,5595f3f8-0d21-4337-985c-b62f62070ce9,719,"Juwelen, Horloges & Luxury",Juwelen & Horloges,"Een 14k gouden collier, Grosse","Een 14k gouden collier, Grosse","<h3>Description</h3><p>bestaande uit dubbele koordschakels waaraan een ovaal element bezet met briljantgeslepen diamanten, met dubbel ‘G’ vormig slot, gesigneerd ‘Grosse’, lengte 90 cm.&nbsp;</p><h3>Weight / Size / Quality</h3>Bruto 25 gram.",published,EUR,1600.0,2600.0,1500.0,1500.0,,1,0,,,True,"Mon, 31 Aug 2026 15:00:00 GMT","Wed, 16 Sep 2026 17:09:00 GMT",https://media.app.artisio.co/media/3fc437c0-fdbb-4208-955a-90293eab416d/inventory/030d4a1d-230d-4aba-b06e-e5477da8f72e/d8a7193c-9e7b-4eb1-8179-a0220cdc75f9/0001_RGQcSo_sm.jpeg,1,"{""artist_retail_right"": false, ""comments"": null, ""description"": ""<p>bestaande uit dubbele koordschakels waaraan een ovaal element bezet met briljantgeslepen diamanten, met dubbel ‘G’ vormig slot, gesigneerd ‘Grosse’, lengte 90 cm.&nbsp;</p>"", ""internal_reference"": null, ""keurkamer"": false, ""literature"": null, ""origin_exhibition_lite"": null, ""period"": null, ""title"": ""Een 14k gouden collier, Grosse"", ""total"": null, ""weight_size_quality"": ""Bruto 25 gram. ""}"
6cfb4f09-0937-4c83-86b0-b7f568bdd9e2,2019,26-0628/10,5595f3f8-0d21-4337-985c-b62f62070ce9,719,"Juwelen, Horloges & Luxury",Juwelen & Horloges,Een 18k gouden diamant broche,Een 18k gouden diamant broche,"<h3>Description</h3><p>In de vorm van een krans waarin witgouden accenten, bezet met diamantjes, D. 32 mm.&nbsp;</p><h3>Weight / Size / Quality</h3>Bruto 8 gram.<h3>Keurkamer</h3>Yes",published,EUR,400.0,600.0,400.0,400.0,,1,0,,,True,"Mon, 31 Aug 2026 15:00:00 GMT","Wed, 16 Sep 2026 17:12:00 GMT",https://media.app.artisio.co/media/3fc437c0-fdbb-4208-955a-90293eab416d/inventory/5adb5a4e-01a3-4f1e-ac8e-e7125e316b23/fa070bed-a82d-4255-9fd2-e843718f1b67/0001_NIHGfS_sm.jpeg;https://media.app.artisio.co/media/3fc437c0-fdbb-4208-955a-90293eab416d/inventory/5adb5a4e-01a3-4f1e-ac8e-e7125e316b23/22a4814d-bc8e-4cd1-8ea6-59903254366a/0002_loBeTC_sm.jpeg,2,"{""artist_retail_right"": false, ""comments"": null, ""description"": ""<p>In de vorm van een krans waarin witgouden accenten, bezet met diamantjes, D. 32 mm.&nbsp;</p>"", ""internal_reference"": null, ""keurkamer"": true, ""literature"": null, ""origin_exhibition_lite"": null, ""period"": null, ""title"": ""Een 18k gouden diamant broche"", ""total"": null, ""weight_size_quality"": "" Bruto 8 gram. ""}"
ba10c039-d2e7-491b-a47b-5ff85481dc88,2020,26-0628/11,5595f3f8-0d21-4337-985c-b62f62070ce9,719,"Juwelen, Horloges & Luxury",Juwelen & Horloges,Een 18k witgouden diamanten armband,Een 18k witgouden diamanten armband,"<h3>Description</h3><p>De rechthoekige bewerkte schakels bezet met briljant-geslepen diamanten en gecultiveerde parels, 7 mm breed, L. 18 cm.&nbsp;</p><h3>Weight / Size / Quality</h3>Bruto 27 gram.",published,EUR,1400.0,1800.0,1400.0,1400.0,,1,0,,,True,"Mon, 31 Aug 2026 15:00:00 GMT","Wed, 16 Sep 2026 17:12:00 GMT",https://media.app.artisio.co/media/3fc437c0-fdbb-4208-955a-90293eab416d/inventory/453462c5-a3d3-4724-8c05-e380d74fedf0/c08691e9-8d06-4d37-81e2-da6d199dd8a1/0001_agAKGv_sm.jpeg;https://media.app.artisio.co/media/3fc437c0-fdbb-4208-955a-90293eab416d/inventory/453462c5-a3d3-4724-8c05-e380d74fedf0/9261c188-682b-453b-86de-139d6bc102cf/0002_WomuDr_sm.jpeg,2,"{""artist_retail_right"": false, ""comments"": null, ""description"": ""<p>De rechthoekige bewerkte schakels bezet met briljant-geslepen diamanten en gecultiveerde parels, 7 mm breed, L. 18 cm.&nbsp;</p>"", ""internal_reference"": null, ""keurkamer"": false, ""literature"": null, ""origin_exhibition_lite"": null, ""period"": null, ""title"": ""Een 18k witgouden diamanten armband"", ""total"": null, ""weight_size_quality"": ""Bruto 27 gram. ""}"
a70e56d4-3192-43b8-b0ad-dbfbda8394a5,2021,26-0628/13,5595f3f8-0d21-4337-985c-b62f62070ce9,719,"Juwelen, Horloges & Luxury",Juwelen & Horloges,Een paar 18k gouden diamanten ringen,Een paar 18k gouden diamanten ringen,"<h3>Description</h3><p>Beide aanschuifringen rondom bezet met briljant-geslepen diamanten, één ring met diverse missende steentjes, ringmaat 18,75/59 en 20/62 respectievelijk.</p><h3>Weight / Size / Quality</h3>Bruto 9 gram.<h3>Keurkamer</h3>Yes",published,EUR,400.0,600.0,400.0,400.0,,1,0,,,True,"Mon, 31 Aug 2026 15:00:00 GMT","Wed, 16 Sep 2026 17:12:00 GMT",https://media.app.artisio.co/media/3fc437c0-fdbb-4208-955a-90293eab416d/inventory/9c8e40d0-20ae-49b2-aff1-3d6c0ca77f9a/998d54f1-e581-43c0-92af-8ab023245fd9/0001_hXqUjs_sm.jpeg;https://media.app.artisio.co/media/3fc437c0-fdbb-4208-955a-90293eab416d/inventory/9c8e40d0-20ae-49b2-aff1-3d6c0ca77f9a/9ec2d188-3e2b-4c13-a0b5-a51e42bc256f/0002_lYltzU_sm.jpeg;https://media.app.artisio.co/media/3fc437c0-fdbb-4208-955a-90293eab416d/inventory/9c8e40d0-20ae-49b2-aff1-3d6c0ca77f9a/2bfb4605-a1f0-4161-a8c3-7074856cf7d5/0003_wVKWoa_sm.jpeg,3,"{""artist_retail_right"": false, ""comments"": null, ""description"": ""<p>Beide aanschuifringen rondom bezet met briljant-geslepen diamanten, één ring met diverse missende steentjes, ringmaat 18,75/59 en 20/62 respectievelijk.</p>"", ""internal_reference"": null, ""keurkamer"": true, ""literature"": null, ""origin_exhibition_lite"": null, ""period"": null, ""title"": ""Een paar 18k gouden diamanten ringen"", ""total"": null, ""weight_size_quality"": ""Bruto 9 gram. ""}"
e004a9c7-1822-4f13-bf05-70e3039ca037,2022,26-0628/14,5595f3f8-0d21-4337-985c-b62f62070ce9,719,"Juwelen, Horloges & Luxury",Juwelen & Horloges,Een 14k witgouden diamanten solitair ring,Een 14k witgouden diamanten solitair ring,"<h3>Description</h3><p>Centraal bezet met een briljant-geslepen diamant van circa 0.6 ct, de scheen verder bezet met diamantjes, ringmaat 17/58.</p><h3>Weight / Size / Quality</h3>Bruto 3 gram.",published,EUR,300.0,500.0,300.0,300.0,,1,0,,,True,"Mon, 31 Aug 2026 15:00:00 GMT","Wed, 16 Sep 2026 17:12:00 GMT",https://media.app.artisio.co/media/3fc437c0-fdbb-4208-955a-90293eab416d/inventory/d03e34be-afe6-47b8-8f0c-3d8c2ac3723c/303c9fb6-67a2-44bb-aa6f-1b70c1de35c5/0001_HZcIgp_sm.jpeg;https://media.app.artisio.co/media/3fc437c0-fdbb-4208-955a-90293eab416d/inventory/d03e34be-afe6-47b8-8f0c-3d8c2ac3723c/6ee95dbf-592e-4dc7-a3ad-8bb70a42d704/0002_UHHiHB_sm.jpeg;https://media.app.artisio.co/media/3fc437c0-fdbb-4208-955a-90293eab416d/inventory/d03e34be-afe6-47b8-8f0c-3d8c2ac3723c/a943725a-c6ed-4c20-b6f5-e7d2d34707fb/0003_kLmplh_sm.jpeg,3,"{""artist_retail_right"": false, ""comments"": null, ""description"": ""<p>Centraal bezet met een briljant-geslepen diamant van circa 0.6 ct, de scheen verder bezet met diamantjes, ringmaat 17/58.</p>"", ""internal_reference"": null, ""keurkamer"": false, ""literature"": null, ""origin_exhibition_lite"": null, ""period"": null, ""title"": ""Een 14k witgouden diamanten solitair ring"", ""total"": null, ""weight_size_quality"": ""Bruto 3 gram. ""}"
b9e71a06-772d-46cc-8c26-1e205b57f4cc,2023,26-0628/15,5595f3f8-0d21-4337-985c-b62f62070ce9,719,"Juwelen, Horloges & Luxury",Juwelen & Horloges,Een 18k witgouden cultivé parel en diamant ring,Een 18k witgouden cultivé parel en diamant ring,"<h3>Description</h3><p>De slagring bezet met twee gecultiveerde parels en marquise- en briljant-geslepen diamanten, binnenzijde scheen met twee verkleinbolletjes, scheen verbogen, ringmaat 17.5/55.</p><h3>Weight / Size / Quality</h3>Bruto 7 gram.<h3>Keurkamer</h3>Yes",published,EUR,300.0,500.0,300.0,300.0,,1,1,300.0,300.0,True,"Mon, 31 Aug 2026 15:00:00 GMT","Wed, 16 Sep 2026 17:12:00 GMT",https://media.app.artisio.co/media/3fc437c0-fdbb-4208-955a-90293eab416d/inventory/5abbb48c-0f8b-4a61-afee-09c7b06df4ff/9f2e5920-27a0-4bd4-9616-1a38624879dc/0001_ToqCTM_sm.jpeg;https://media.app.artisio.co/media/3fc437c0-fdbb-4208-955a-90293eab416d/inventory/5abbb48c-0f8b-4a61-afee-09c7b06df4ff/94ed506f-4b96-4539-bd37-4c7b493b58ee/0002_ezDCKF_sm.jpeg;https://media.app.artisio.co/media/3fc437c0-fdbb-4208-955a-90293eab416d/inventory/5abbb48c-0f8b-4a61-afee-09c7b06df4ff/0bd26a97-3c62-4849-9750-43af69479df7/0003_QnEfrG_sm.jpeg,3,"{""artist_retail_right"": false, ""comments"": null, ""description"": ""<p>De slagring bezet met twee gecultiveerde parels en marquise- en briljant-geslepen diamanten, binnenzijde scheen met twee verkleinbolletjes, scheen verbogen, ringmaat 17.5/55.</p>"", ""internal_reference"": null, ""keurkamer"": true, ""literature"": null, ""origin_exhibition_lite"": null, ""period"": null, ""title"": ""Een 18k witgouden cultivé parel en diamant ring"", ""total"": null, ""weight_size_quality"": ""Bruto 7 gram. ""}"
cfc0b120-be9f-4e9e-be0b-36563f708488,2024,26-0503/8,5595f3f8-0d21-4337-985c-b62f62070ce9,719,"Juwelen, Horloges & Luxury",Juwelen & Horloges,"Een 14k gouden dames polshorloge, Longines ","Een 14k gouden dames polshorloge, Longines ","<h3>Description</h3><p>Ref. 6013, mechanisch uurwerk, de crèmekleurige ronde wijzerplaat afgewisseld met batons en Arabische uuraanduiding, aan latere lederen band met afwijkende stalen vouwsluiting, D. 28 mm.&nbsp;</p><h3>Weight / Size / Quality</h3>Bruto 32 gram.",published,EUR,300.0,500.0,200.0,200.0,,1,0,,,True,"Mon, 31 Aug 2026 15:00:00 GMT","Wed, 16 Sep 2026 17:12:00 GMT",https://media.app.artisio.co/media/3fc437c0-fdbb-4208-955a-90293eab416d/inventory/48859705-f4fe-4049-8087-014532d81c21/2b15fb0c-76ad-48aa-8370-07efeaebfa0a/0001_kILpZG_sm.jpeg;https://media.app.artisio.co/media/3fc437c0-fdbb-4208-955a-90293eab416d/inventory/48859705-f4fe-4049-8087-014532d81c21/7cea4f63-86b2-476e-a1ad-432a69f2af39/0002_KbuXwW_sm.jpeg,2,"{""artist_retail_right"": false, ""comments"": null, ""description"": ""<p>Ref. 6013, mechanisch uurwerk, de crèmekleurige ronde wijzerplaat afgewisseld met batons en Arabische uuraanduiding, aan latere lederen band met afwijkende stalen vouwsluiting, D. 28 mm.&nbsp;</p>"", ""internal_reference"": null, ""keurkamer"": false, ""literature"": null, ""origin_exhibition_lite"": null, ""period"": null, ""title"": ""Een 14k gouden dames polshorloge, Longines "", ""total"": null, ""weight_size_quality"": ""Bruto 32 gram.""}"
7db9a249-d4d2-4485-a8d1-02c8ad7086fa,2025,26-0503/9,5595f3f8-0d21-4337-985c-b62f62070ce9,719,"Juwelen, Horloges & Luxury",Juwelen & Horloges,"Een 14k gouden dames polshorloge, Eterna ","Een 14k gouden dames polshorloge, Eterna ","<h3>Description</h3><p>Mechanisch uurwerk, de zilverkleurige wijzerplaat met batons, D. 17 mm, L. 15 cm.&nbsp;</p><h3>Weight / Size / Quality</h3>Bruto 21 gram.",published,EUR,400.0,600.0,400.0,400.0,,1,0,,,True,"Mon, 31 Aug 2026 15:00:00 GMT","Wed, 16 Sep 2026 17:15:00 GMT",https://media.app.artisio.co/media/3fc437c0-fdbb-4208-955a-90293eab416d/inventory/8a58b535-86ad-44ae-b617-20025c246ffd/54c18ba3-a6ea-482a-b461-665bc446ebbd/0001_RUaFiK_sm.jpeg;https://media.app.artisio.co/media/3fc437c0-fdbb-4208-955a-90293eab416d/inventory/8a58b535-86ad-44ae-b617-20025c246ffd/0667769a-dae7-4a59-b3bf-60493c987e20/0002_SuIxvz_sm.jpeg,2,"{""artist_retail_right"": false, ""comments"": null, ""description"": ""<p>Mechanisch uurwerk, de zilverkleurige wijzerplaat met batons, D. 17 mm, L. 15 cm.&nbsp;</p>"", ""internal_reference"": null, ""keurkamer"": false, ""literature"": null, ""origin_exhibition_lite"": null, ""period"": null, ""title"": ""Een 14k gouden dames polshorloge, Eterna "", ""total"": null, ""weight_size_quality"": ""Bruto 21 gram.""}"
551366c3-15f2-468e-b2dc-65b8d63ddd2a,2026,26-0503/10,5595f3f8-0d21-4337-985c-b62f62070ce9,719,"Juwelen, Horloges & Luxury",Juwelen & Horloges,"Een stalen polshorloge, Louis Vuitton","Een stalen polshorloge, Louis Vuitton","<h3>Description</h3><p>Quartz uurwerk, de bruin metallic ronde wijzerplaat alternerend met batons en Arabische uuraanduiding, apart datumvenster op de ‘3’, aan originele bruin lederen band, model ‘Tambour’, D.38 mm.&nbsp;</p><h3>Weight / Size / Quality</h3>Bruto 73 gram.",published,EUR,50.0,100.0,35.0,35.0,,1,1,35.0,35.0,True,"Mon, 31 Aug 2026 15:00:00 GMT","Wed, 16 Sep 2026 17:15:00 GMT",https://media.app.artisio.co/media/3fc437c0-fdbb-4208-955a-90293eab416d/inventory/22e7db20-f91a-470f-a454-e1cb25ec3e36/f0d30f2c-89b7-4e10-aede-f8c2aad77b27/0001_fDzBdf_sm.jpeg;https://media.app.artisio.co/media/3fc437c0-fdbb-4208-955a-90293eab416d/inventory/22e7db20-f91a-470f-a454-e1cb25ec3e36/ff012208-e774-4a35-8cd4-11e3dc0a1620/0002_uTTvnh_sm.jpeg;https://media.app.artisio.co/media/3fc437c0-fdbb-4208-955a-90293eab416d/inventory/22e7db20-f91a-470f-a454-e1cb25ec3e36/cb37ab92-0e37-4e3e-9c93-8287d82e1d85/0003_BZRtRu_sm.jpeg,3,"{""artist_retail_right"": false, ""comments"": null, ""description"": ""<p>Quartz uurwerk, de bruin metallic ronde wijzerplaat alternerend met batons en Arabische uuraanduiding, apart datumvenster op de ‘3’, aan originele bruin lederen band, model ‘Tambour’, D.38 mm.&nbsp;</p>"", ""internal_reference"": null, ""keurkamer"": false, ""literature"": null, ""origin_exhibition_lite"": null, ""period"": null, ""title"": ""Een stalen polshorloge, Louis Vuitton"", ""total"": null, ""weight_size_quality"": ""Bruto 73 gram. ""}"
2f0b9137-f0a1-4332-b58e-375d33f1758f,2027,26-0503/11,5595f3f8-0d21-4337-985c-b62f62070ce9,719,"Juwelen, Horloges & Luxury",Juwelen & Horloges,"Een verguld stalen polshorloge, Seiko ","Een verguld stalen polshorloge, Seiko ","<h3>Description</h3><p>Quartz uurwerk, de rechthoekige wijzerplaat met afgeronde hoeken en batons, aan latere bruin lederen band, model ‘Connaisseur’, 30x26 mm.&nbsp;</p><h3>Weight / Size / Quality</h3>Bruto 15 gram.",published,EUR,50.0,100.0,35.0,35.0,,1,0,,,True,"Mon, 31 Aug 2026 15:00:00 GMT","Wed, 16 Sep 2026 17:15:00 GMT",https://media.app.artisio.co/media/3fc437c0-fdbb-4208-955a-90293eab416d/inventory/44d98543-b5dd-41fa-8fbd-02b4f13412e9/9b68e406-4a14-4563-a518-5b2a83ae795a/0001_jpZgeg_sm.jpeg;https://media.app.artisio.co/media/3fc437c0-fdbb-4208-955a-90293eab416d/inventory/44d98543-b5dd-41fa-8fbd-02b4f13412e9/134e4e43-f3f6-49b2-a1c5-9b779a248cec/0002_eaOANL_sm.jpeg;https://media.app.artisio.co/media/3fc437c0-fdbb-4208-955a-90293eab416d/inventory/44d98543-b5dd-41fa-8fbd-02b4f13412e9/630953f5-e1d0-4df6-a8c9-fbc06d42985c/0003_OQhyqg_sm.jpeg,3,"{""artist_retail_right"": false, ""comments"": null, ""description"": ""<p>Quartz uurwerk, de rechthoekige wijzerplaat met afgeronde hoeken en batons, aan latere bruin lederen band, model ‘Connaisseur’, 30x26 mm.&nbsp;</p>"", ""internal_reference"": null, ""keurkamer"": false, ""literature"": null, ""origin_exhibition_lite"": null, ""period"": null, ""title"": ""Een verguld stalen polshorloge, Seiko "", ""total"": null, ""weight_size_quality"": ""Bruto 15 gram.""}"
99db2a18-ab82-49e7-9278-09620cd6438a,2028,26-0176/1,5595f3f8-0d21-4337-985c-b62f62070ce9,719,"Juwelen, Horloges & Luxury",Juwelen & Horloges,Een 18k witgouden diamanten broche,Een 18k witgouden diamanten broche,"<h3>Description</h3><p>Rond, opengewerkt model, bezet met briljant-geslepen diamant, één diamantje ontbreekt, diam. 38 mm.&nbsp;</p><h3>Weight / Size / Quality</h3>Bruto 11 gram.<h3>Keurkamer</h3>Yes",published,EUR,400.0,600.0,400.0,400.0,,1,1,400.0,400.0,True,"Mon, 31 Aug 2026 15:00:00 GMT","Wed, 16 Sep 2026 17:15:00 GMT",https://media.app.artisio.co/media/3fc437c0-fdbb-4208-955a-90293eab416d/inventory/65a9ed58-7b58-47ca-a181-ec9f16def7c4/cc956724-d8e9-4e35-b5d8-eef1522d5687/0001_poSiJW_sm.jpeg;https://media.app.artisio.co/media/3fc437c0-fdbb-4208-955a-90293eab416d/inventory/65a9ed58-7b58-47ca-a181-ec9f16def7c4/306527cf-4b01-4fe4-a667-590ef100b5fd/0002_XIVerb_sm.jpeg,2,"{""artist_retail_right"": false, ""comments"": null, ""description"": ""<p>Rond, opengewerkt model, bezet met briljant-geslepen diamant, één diamantje ontbreekt, diam. 38 mm.&nbsp;</p>"", ""internal_reference"": null, ""keurkamer"": true, ""literature"": null, ""origin_exhibition_lite"": null, ""period"": null, ""title"": ""Een 18k witgouden diamanten broche"", ""total"": null, ""weight_size_quality"": ""Bruto 11 gram. ""}"
c320c820-63b7-46fd-bc33-ca16ef596852,2029,26-0176/2,5595f3f8-0d21-4337-985c-b62f62070ce9,719,"Juwelen, Horloges & Luxury",Juwelen & Horloges,Een 18k goud en platina diamanten broche,Een 18k goud en platina diamanten broche,"<h3>Description</h3><p>Het opengewerkte rechthoekige model met gecontourneerde hoeken en bezet met briljant-geslepen diamanten, 40x20 mm.</p><h3>Weight / Size / Quality</h3>Bruto 11 gram.<h3>Keurkamer</h3>Yes",published,EUR,500.0,700.0,500.0,500.0,,1,0,,,True,"Mon, 31 Aug 2026 15:00:00 GMT","Wed, 16 Sep 2026 17:15:00 GMT",https://media.app.artisio.co/media/3fc437c0-fdbb-4208-955a-90293eab416d/inventory/5c31da02-fe64-48fd-b665-e924474f74d6/e42e9dfb-da9b-4a45-a8ac-dc854a897627/0001_VGhloY_sm.jpeg,1,"{""artist_retail_right"": false, ""comments"": null, ""description"": ""<p>Het opengewerkte rechthoekige model met gecontourneerde hoeken en bezet met briljant-geslepen diamanten, 40x20 mm.</p>"", ""internal_reference"": null, ""keurkamer"": true, ""literature"": null, ""origin_exhibition_lite"": null, ""period"": null, ""title"": ""Een 18k goud en platina diamanten broche"", ""total"": null, ""weight_size_quality"": ""Bruto 11 gram. ""}"
994e8355-f8f3-4450-9e5d-d3b11c43e915,2030,26-0176/3,5595f3f8-0d21-4337-985c-b62f62070ce9,719,"Juwelen, Horloges & Luxury",Juwelen & Horloges,Een vaste diamanten armband,Een vaste diamanten armband,"<h3>Description</h3><p>De voorzijde bezet met een rij in grootte oplopende oudslijpsel diamanten, totaal diamant gewicht circa 1.6 ct, bwgg, binnen diameter 47x56 mm.</p><h3>Weight / Size / Quality</h3>Bruto 12 gram.<h3>Keurkamer</h3>Yes",published,EUR,600.0,800.0,600.0,600.0,,1,0,,,True,"Mon, 31 Aug 2026 15:00:00 GMT","Wed, 16 Sep 2026 17:15:00 GMT",https://media.app.artisio.co/media/3fc437c0-fdbb-4208-955a-90293eab416d/inventory/cf4bf12d-cdb2-4132-809e-57ec07d1a414/c50ad28e-12fd-4fb6-ba5b-9ff0e631fbc6/0001_WFWiIX_sm.jpeg;https://media.app.artisio.co/media/3fc437c0-fdbb-4208-955a-90293eab416d/inventory/cf4bf12d-cdb2-4132-809e-57ec07d1a414/4df5bcb1-a726-492d-94e6-382d49ddb587/0002_ClvHSn_sm.jpeg;https://media.app.artisio.co/media/3fc437c0-fdbb-4208-955a-90293eab416d/inventory/cf4bf12d-cdb2-4132-809e-57ec07d1a414/0711db29-f681-4701-acc5-c09014d77449/0003_vXslaC_sm.jpeg,3,"{""artist_retail_right"": false, ""comments"": null, ""description"": ""<p>De voorzijde bezet met een rij in grootte oplopende oudslijpsel diamanten, totaal diamant gewicht circa 1.6 ct, bwgg, binnen diameter 47x56 mm.</p>"", ""internal_reference"": null, ""keurkamer"": true, ""literature"": null, ""origin_exhibition_lite"": null, ""period"": null, ""title"": ""Een vaste diamanten armband"", ""total"": null, ""weight_size_quality"": ""Bruto 12 gram. ""}"
a89c4e11-decb-4765-a1e0-5eb0eb0df8fb,2031,26-0176/4,5595f3f8-0d21-4337-985c-b62f62070ce9,719,"Juwelen, Horloges & Luxury",Juwelen & Horloges,Een paar Belle Epoque 14k goud en platina diamanten oorhangers,Een paar Belle Epoque 14k goud en platina diamanten oorhangers,"<h3>Description</h3><p>De ronde pampels bezet met oudslijpsel diamanten, 27x12 mm.</p><h3>Weight / Size / Quality</h3>Bruto 5 gram.<h3>Keurkamer</h3>Yes",published,EUR,300.0,500.0,300.0,300.0,,1,0,,,True,"Mon, 31 Aug 2026 15:00:00 GMT","Wed, 16 Sep 2026 17:18:00 GMT",https://media.app.artisio.co/media/3fc437c0-fdbb-4208-955a-90293eab416d/inventory/ba90533d-820d-43fd-bb17-f772195c53da/ae2a0065-854b-423b-9cac-a8033100a9d5/0001_BWHbnM_sm.jpeg;https://media.app.artisio.co/media/3fc437c0-fdbb-4208-955a-90293eab416d/inventory/ba90533d-820d-43fd-bb17-f772195c53da/6379ba9f-ad86-43c1-baa1-7ec8bf103504/0002_bRLEJm_sm.jpeg,2,"{""artist_retail_right"": false, ""comments"": null, ""description"": ""<p>De ronde pampels bezet met oudslijpsel diamanten, 27x12 mm.</p>"", ""internal_reference"": null, ""keurkamer"": true, ""literature"": null, ""origin_exhibition_lite"": null, ""period"": null, ""title"": ""Een paar Belle Epoque 14k goud en platina diamanten oorhangers"", ""total"": null, ""weight_size_quality"": ""Bruto 5 gram.""}"
4157ca69-d7e0-41e5-90b0-8a79b741dccf,2032,26-0176/5,5595f3f8-0d21-4337-985c-b62f62070ce9,719,"Juwelen, Horloges & Luxury",Juwelen & Horloges,Een antieke 18k gouden en zilveren diamanten broche,Een antieke 18k gouden en zilveren diamanten broche,"<h3>Description</h3><p>Beide zijden gedecoreerd met driepas motieven, bezet met 8/8 en roosgeslepen diamanten, Franse keuren, 46x12 mm.&nbsp;</p><h3>Weight / Size / Quality</h3>Bruto 6 gram.",published,EUR,200.0,400.0,200.0,200.0,,1,0,,,True,"Mon, 31 Aug 2026 15:00:00 GMT","Wed, 16 Sep 2026 17:18:00 GMT",https://media.app.artisio.co/media/3fc437c0-fdbb-4208-955a-90293eab416d/inventory/6f44c309-8ec8-4398-8bc6-08c740785fe7/437d643c-5eae-4157-9bc4-2e731edbef81/0001_gsQCGc_sm.jpeg;https://media.app.artisio.co/media/3fc437c0-fdbb-4208-955a-90293eab416d/inventory/6f44c309-8ec8-4398-8bc6-08c740785fe7/9c7cc84d-44ee-4b6f-aa8d-3844cb8893d2/0002_jRXylZ_sm.jpeg,2,"{""artist_retail_right"": false, ""comments"": null, ""description"": ""<p>Beide zijden gedecoreerd met driepas motieven, bezet met 8/8 en roosgeslepen diamanten, Franse keuren, 46x12 mm.&nbsp;</p>"", ""internal_reference"": null, ""keurkamer"": false, ""literature"": null, ""origin_exhibition_lite"": null, ""period"": null, ""title"": ""Een antieke 18k gouden en zilveren diamanten broche"", ""total"": null, ""weight_size_quality"": ""Bruto 6 gram. ""}"
92f5c898-a7ff-4f5d-b46d-067ef41ce2ba,2033,26-0176/6,5595f3f8-0d21-4337-985c-b62f62070ce9,719,"Juwelen, Horloges & Luxury",Juwelen & Horloges,Een 14k witgouden diamanten rozetring,Een 14k witgouden diamanten rozetring,"<h3>Description</h3><p>Bezet met een briljant geslepen diamant omgeven door cirkelvormig geslepen diamanten, ringmaat 15.5/49.</p><h3>Weight / Size / Quality</h3>Bruto 2 gram.<h3>Keurkamer</h3>Yes",published,EUR,100.0,200.0,100.0,100.0,,1,0,,,True,"Mon, 31 Aug 2026 15:00:00 GMT","Wed, 16 Sep 2026 17:18:00 GMT",https://media.app.artisio.co/media/3fc437c0-fdbb-4208-955a-90293eab416d/inventory/9a92b245-fbb9-45d3-bb8a-0999d0847f90/a8deeed6-58d0-492c-a058-25c4f534018e/0001_PsKmUQ_sm.jpeg;https://media.app.artisio.co/media/3fc437c0-fdbb-4208-955a-90293eab416d/inventory/9a92b245-fbb9-45d3-bb8a-0999d0847f90/9bfd62a0-759b-444a-a43e-0d3999358e79/0002_ZoEWZp_sm.jpeg;https://media.app.artisio.co/media/3fc437c0-fdbb-4208-955a-90293eab416d/inventory/9a92b245-fbb9-45d3-bb8a-0999d0847f90/c0bba3ce-6abd-4e76-9003-639fdc46156b/0003_EXibwO_sm.jpeg,3,"{""artist_retail_right"": false, ""comments"": null, ""description"": ""<p>Bezet met een briljant geslepen diamant omgeven door cirkelvormig geslepen diamanten, ringmaat 15.5/49.</p>"", ""internal_reference"": null, ""keurkamer"": true, ""literature"": null, ""origin_exhibition_lite"": null, ""period"": null, ""title"": ""Een 14k witgouden diamanten rozetring"", ""total"": null, ""weight_size_quality"": ""Bruto 2 gram.""}"
c1bb916f-e0d9-4865-b7b0-76ab8ece6005,2034,26-0176/7,5595f3f8-0d21-4337-985c-b62f62070ce9,719,"Juwelen, Horloges & Luxury",Juwelen & Horloges,Twee 14k gouden spang colliers,Twee 14k gouden spang colliers,<h3>Description</h3><p>Elk uit draadwerk met losse schuifbare elementen.</p><h3>Weight / Size / Quality</h3>Bruto 18 gram.<h3>Keurkamer</h3>Yes,published,EUR,600.0,800.0,500.0,500.0,,1,0,,,True,"Mon, 31 Aug 2026 15:00:00 GMT","Wed, 16 Sep 2026 17:18:00 GMT",https://media.app.artisio.co/media/3fc437c0-fdbb-4208-955a-90293eab416d/inventory/ad1cff00-dd36-45e3-9403-912435274fd5/c55bbb3c-8813-4055-96d7-c6de921e4e44/0001_GNVNXG_sm.jpeg;https://media.app.artisio.co/media/3fc437c0-fdbb-4208-955a-90293eab416d/inventory/ad1cff00-dd36-45e3-9403-912435274fd5/d39d78ed-9fd9-4f14-a61e-f7280df9f10d/0002_ZsFwXx_sm.jpeg,2,"{""artist_retail_right"": false, ""comments"": null, ""description"": ""<p>Elk uit draadwerk met losse schuifbare elementen.</p>"", ""internal_reference"": null, ""keurkamer"": true, ""literature"": null, ""origin_exhibition_lite"": null, ""period"": null, ""title"": ""Twee 14k gouden spang colliers"", ""total"": null, ""weight_size_quality"": ""Bruto 18 gram.""}"
7579536e-2382-44d0-8e41-cd9f67b260ab,2035,26-0176/8,5595f3f8-0d21-4337-985c-b62f62070ce9,719,"Juwelen, Horloges & Luxury",Juwelen & Horloges,Twee antieke Schotse spelden,Twee antieke Schotse spelden,"<h3>Description</h3><p>Een imposante kiltspeld versierd met drie briolette geslepen citrienen en rood en groene kwarts, bwgg, L. 122 mm.; en een ronde broche met heliotroop, rode kwarts en een distel appliqué, bwgg, 33 mm diam.</p><h3>Weight / Size / Quality</h3>Bruto 44 gram.<h3>Keurkamer</h3>Yes",published,EUR,400.0,600.0,400.0,400.0,,1,0,,,True,"Mon, 31 Aug 2026 15:00:00 GMT","Wed, 16 Sep 2026 17:18:00 GMT",https://media.app.artisio.co/media/3fc437c0-fdbb-4208-955a-90293eab416d/inventory/92b9d733-dad0-4e2a-83ee-c6ed2c9f49e5/57bb4d53-6249-472b-96c7-b491fab252ce/0001_KuQfag_sm.jpeg;https://media.app.artisio.co/media/3fc437c0-fdbb-4208-955a-90293eab416d/inventory/92b9d733-dad0-4e2a-83ee-c6ed2c9f49e5/ad4cb61c-6232-4daf-809c-e7a770ca5ec1/0002_wVMzhl_sm.jpeg;https://media.app.artisio.co/media/3fc437c0-fdbb-4208-955a-90293eab416d/inventory/92b9d733-dad0-4e2a-83ee-c6ed2c9f49e5/1aef7dc7-a6c0-4368-9fdf-3eb9d70432f6/0003_VXIEXR_sm.jpeg,3,"{""artist_retail_right"": false, ""comments"": null, ""description"": ""<p>Een imposante kiltspeld versierd met drie briolette geslepen citrienen en rood en groene kwarts, bwgg, L. 122 mm.; en een ronde broche met heliotroop, rode kwarts en een distel appliqué, bwgg, 33 mm diam.</p>"", ""internal_reference"": null, ""keurkamer"": true, ""literature"": null, ""origin_exhibition_lite"": null, ""period"": null, ""title"": ""Twee antieke Schotse spelden"", ""total"": null, ""weight_size_quality"": ""Bruto 44 gram.""}"
27cf92ab-a9a8-42ad-83a7-09493368e52f,2036,26-0176/9,5595f3f8-0d21-4337-985c-b62f62070ce9,719,"Juwelen, Horloges & Luxury",Juwelen & Horloges,Een koralen kralen sautoir,Een koralen kralen sautoir,"<h3>Description</h3><p>Geregen met koralen kralen aan een 14k gouden tonslot, L. 150 cm.</p><h3>Weight / Size / Quality</h3>Bruto 134 gram.",published,EUR,400.0,600.0,400.0,400.0,,1,1,400.0,400.0,True,"Mon, 31 Aug 2026 15:00:00 GMT","Wed, 16 Sep 2026 17:18:00 GMT",https://media.app.artisio.co/media/3fc437c0-fdbb-4208-955a-90293eab416d/inventory/f648c041-d627-4db3-b8db-71416cd987f5/3ed582fa-8f43-4e7c-b005-aafbb0edcca5/0001_zsxdjV_sm.jpeg;https://media.app.artisio.co/media/3fc437c0-fdbb-4208-955a-90293eab416d/inventory/f648c041-d627-4db3-b8db-71416cd987f5/d2ee3b54-5675-4b4c-a679-90e1c378946f/0002_KHtAxN_sm.jpeg,2,"{""artist_retail_right"": false, ""comments"": null, ""description"": ""<p>Geregen met koralen kralen aan een 14k gouden tonslot, L. 150 cm.</p>"", ""internal_reference"": null, ""keurkamer"": false, ""literature"": null, ""origin_exhibition_lite"": null, ""period"": null, ""title"": ""Een koralen kralen sautoir"", ""total"": null, ""weight_size_quality"": ""Bruto 134 gram.""}"
e31817e0-2095-47f6-b2bd-d84d44cf8494,2037,26-0176/10,5595f3f8-0d21-4337-985c-b62f62070ce9,719,"Juwelen, Horloges & Luxury",Juwelen & Horloges,Een koralen kralen collier,Een koralen kralen collier,"<h3>Description</h3><p>Geregen met koralen kralen waartussen versierde kralen, bwgg, waaraan een ovale bwgg hanger met florale decoratie, modern onedel slot, L. 50.0 cm.</p><h3>Weight / Size / Quality</h3>Bruto 26 gram.<h3>Keurkamer</h3>Yes",published,EUR,200.0,400.0,200.0,200.0,,1,0,,,True,"Mon, 31 Aug 2026 15:00:00 GMT","Wed, 16 Sep 2026 17:21:00 GMT",https://media.app.artisio.co/media/3fc437c0-fdbb-4208-955a-90293eab416d/inventory/4bb223bd-484b-4c67-a5da-664954bcee02/68cd6601-c538-4045-848a-d0eb207ee1a1/0001_EKgCga_sm.jpeg;https://media.app.artisio.co/media/3fc437c0-fdbb-4208-955a-90293eab416d/inventory/4bb223bd-484b-4c67-a5da-664954bcee02/8d32d547-158c-4223-b2a1-b672d22b6c49/0002_HUmmbN_sm.jpeg,2,"{""artist_retail_right"": false, ""comments"": null, ""description"": ""<p>Geregen met koralen kralen waartussen versierde kralen, bwgg, waaraan een ovale bwgg hanger met florale decoratie, modern onedel slot, L. 50.0 cm.</p>"", ""internal_reference"": null, ""keurkamer"": true, ""literature"": null, ""origin_exhibition_lite"": null, ""period"": null, ""title"": ""Een koralen kralen collier"", ""total"": null, ""weight_size_quality"": ""Bruto 26 gram. ""}"
c3a03552-4414-483b-b9ba-6b0a6ba8795a,2038,26-0176/11,5595f3f8-0d21-4337-985c-b62f62070ce9,719,"Juwelen, Horloges & Luxury",Juwelen & Horloges,Een collectie gouden sieraden,Een collectie gouden sieraden,"<h3>Description</h3><p>Bestaande uit: een 14k gouden druppel-vormige diamanten hanger aan 14k witgouden collier; een vierkante 14k gouden hanger bezet met cultive parels; een 14k gouden broche, vermaakt van een slot; en een 14k gouden armbandje, L. 18 cm.</p><h3>Weight / Size / Quality</h3>Bruto 24 gram.<h3>Keurkamer</h3>Yes",published,EUR,400.0,600.0,400.0,400.0,,1,1,400.0,400.0,True,"Mon, 31 Aug 2026 15:00:00 GMT","Wed, 16 Sep 2026 17:21:00 GMT",https://media.app.artisio.co/media/3fc437c0-fdbb-4208-955a-90293eab416d/inventory/e192bfa7-08bf-4451-ae0e-733e857fbfeb/e6ca5213-071d-44d2-970a-536c6cd93bcd/0001_rwKHsT_sm.jpeg;https://media.app.artisio.co/media/3fc437c0-fdbb-4208-955a-90293eab416d/inventory/e192bfa7-08bf-4451-ae0e-733e857fbfeb/233442bd-4e7f-41e1-abbc-3924b0608097/0002_WYOlEr_sm.jpeg;https://media.app.artisio.co/media/3fc437c0-fdbb-4208-955a-90293eab416d/inventory/e192bfa7-08bf-4451-ae0e-733e857fbfeb/53bcba54-2fc1-4e7c-8ac0-26ba21a603ae/0003_TOogCZ_sm.jpeg;https://media.app.artisio.co/media/3fc437c0-fdbb-4208-955a-90293eab416d/inventory/e192bfa7-08bf-4451-ae0e-733e857fbfeb/be975a89-4135-4f99-8cce-7b224f719d7e/0004_RcFhQf_sm.jpeg,4,"{""artist_retail_right"": false, ""comments"": null, ""description"": ""<p>Bestaande uit: een 14k gouden druppel-vormige diamanten hanger aan 14k witgouden collier; een vierkante 14k gouden hanger bezet met cultive parels; een 14k gouden broche, vermaakt van een slot; en een 14k gouden armbandje, L. 18 cm.</p>"", ""internal_reference"": null, ""keurkamer"": true, ""literature"": null, ""origin_exhibition_lite"": null, ""period"": null, ""title"": ""Een collectie gouden sieraden"", ""total"": null, ""weight_size_quality"": ""Bruto 24 gram. ""}"
b601e210-f690-484d-9aa7-adb3f6613827,2039,26-0176/12,5595f3f8-0d21-4337-985c-b62f62070ce9,719,"Juwelen, Horloges & Luxury",Juwelen & Horloges,Een gouden munthanger,Een gouden munthanger,"<h3>Description</h3><p>Bestaande uit een 4 thaler 1915, in 14k gouden gesoldeerd montuur.&nbsp;</p><h3>Weight / Size / Quality</h3>Bruto 15 gram.<h3>Keurkamer</h3>Yes",published,EUR,400.0,600.0,400.0,400.0,,1,1,400.0,400.0,True,"Mon, 31 Aug 2026 15:00:00 GMT","Wed, 16 Sep 2026 17:21:00 GMT",https://media.app.artisio.co/media/3fc437c0-fdbb-4208-955a-90293eab416d/inventory/86d4e7f9-8b0e-4d49-9738-eb5016415e19/02989145-3a5d-4dcc-bece-3f1016651b7f/0001_MlUhat_sm.jpeg;https://media.app.artisio.co/media/3fc437c0-fdbb-4208-955a-90293eab416d/inventory/86d4e7f9-8b0e-4d49-9738-eb5016415e19/f7a03e12-eb72-4aac-b837-395d2baf9c22/0002_kpTKmC_sm.jpeg,2,"{""artist_retail_right"": false, ""comments"": null, ""description"": ""<p>Bestaande uit een 4 thaler 1915, in 14k gouden gesoldeerd montuur.&nbsp;</p>"", ""internal_reference"": null, ""keurkamer"": true, ""literature"": null, ""origin_exhibition_lite"": null, ""period"": null, ""title"": ""Een gouden munthanger"", ""total"": null, ""weight_size_quality"": ""Bruto 15 gram.""}"
95fc721d-0a10-491c-9bf5-05809a80e07a,2040,26-0266/18,5595f3f8-0d21-4337-985c-b62f62070ce9,719,"Juwelen, Horloges & Luxury",Juwelen & Horloges,Een paar antieke ringen ,Een paar antieke ringen ,"<h3>Description</h3><p>Een antieke 18k gouden rouwring met stermotief, Engels, circa 1869, haarwerk ontbreekt; en een antieke bwgg swivel ring met haarcompartiment, de scheen met filigrein decoratie, ca. 1809, ringmaat 55/17.5mm&nbsp;en 60/19mm.</p><h3>Weight / Size / Quality</h3>Bruto 5 gram.",published,EUR,400.0,600.0,400.0,400.0,,1,0,,,True,"Mon, 31 Aug 2026 15:00:00 GMT","Wed, 16 Sep 2026 17:21:00 GMT",https://media.app.artisio.co/media/3fc437c0-fdbb-4208-955a-90293eab416d/inventory/5e2cfd72-9f8c-4652-8000-bd8fb358eea3/3c4822e3-1e49-4c07-9402-5326605f8b80/0001_rYbyeI_sm.jpeg;https://media.app.artisio.co/media/3fc437c0-fdbb-4208-955a-90293eab416d/inventory/5e2cfd72-9f8c-4652-8000-bd8fb358eea3/f7fa9f9c-46d5-4193-a74f-475f5b50e34a/0002_rSTjpd_sm.jpeg;https://media.app.artisio.co/media/3fc437c0-fdbb-4208-955a-90293eab416d/inventory/5e2cfd72-9f8c-4652-8000-bd8fb358eea3/45db0694-c048-4680-9b5c-da6000acbbb5/0003_fAiBfi_sm.jpeg;https://media.app.artisio.co/media/3fc437c0-fdbb-4208-955a-90293eab416d/inventory/5e2cfd72-9f8c-4652-8000-bd8fb358eea3/59d62878-88ac-46b7-9e35-38a3257b84a7/0004_cTknxE_sm.jpeg;https://media.app.artisio.co/media/3fc437c0-fdbb-4208-955a-90293eab416d/inventory/5e2cfd72-9f8c-4652-8000-bd8fb358eea3/d8affb8d-e95d-431f-af68-6a5d8ea80457/0005_YzVntl_sm.jpeg,5,"{""artist_retail_right"": false, ""comments"": null, ""description"": ""<p>Een antieke 18k gouden rouwring met stermotief, Engels, circa 1869, haarwerk ontbreekt; en een antieke bwgg swivel ring met haarcompartiment, de scheen met filigrein decoratie, ca. 1809, ringmaat 55/17.5mm&nbsp;en 60/19mm.</p>"", ""internal_reference"": null, ""keurkamer"": false, ""literature"": null, ""origin_exhibition_lite"": null, ""period"": null, ""title"": ""Een paar antieke ringen "", ""total"": null, ""weight_size_quality"": ""Bruto 5 gram.""}"
4e8dfaa5-4c10-4ecc-b0da-3d20092da8da,2041,26-0266/19,5595f3f8-0d21-4337-985c-b62f62070ce9,719,"Juwelen, Horloges & Luxury",Juwelen & Horloges,Een paar antiek gitten memorie oorhangers ,Een paar antiek gitten memorie oorhangers ,"<h3>Period</h3>Midden 19e eeuw.<h3>Description</h3><p>Elk met een druivenrank motief, onedele haak en lijmspoor bij een hangoog, L. 52 mm excl. haak.</p><h3>Weight / Size / Quality</h3>Bruto 8 gram.",published,EUR,200.0,400.0,200.0,200.0,,1,0,,,True,"Mon, 31 Aug 2026 15:00:00 GMT","Wed, 16 Sep 2026 17:21:00 GMT",https://media.app.artisio.co/media/3fc437c0-fdbb-4208-955a-90293eab416d/inventory/174bf79a-cf9d-450a-ba09-29c8db026f39/d5649a31-d582-45a9-86cc-cbb84545a396/0001_pkNeRn_sm.jpeg;https://media.app.artisio.co/media/3fc437c0-fdbb-4208-955a-90293eab416d/inventory/174bf79a-cf9d-450a-ba09-29c8db026f39/45385701-ce82-406a-b4d1-2a00f4401eaa/0002_IctmUC_sm.jpeg;https://media.app.artisio.co/media/3fc437c0-fdbb-4208-955a-90293eab416d/inventory/174bf79a-cf9d-450a-ba09-29c8db026f39/2d2eb47d-e2ae-49eb-a26e-326d9d513a0f/0003_nzYTaj_sm.jpeg,3,"{""artist_retail_right"": false, ""comments"": null, ""description"": ""<p>Elk met een druivenrank motief, onedele haak en lijmspoor bij een hangoog, L. 52 mm excl. haak.</p>"", ""internal_reference"": null, ""keurkamer"": false, ""literature"": null, ""origin_exhibition_lite"": null, ""period"": ""Midden 19e eeuw."", ""title"": ""Een paar antiek gitten memorie oorhangers "", ""total"": null, ""weight_size_quality"": ""Bruto 8 gram.""}"
6628b23b-737c-4daa-ba4a-4f7d5771e641,2042,26-0266/20,5595f3f8-0d21-4337-985c-b62f62070ce9,719,"Juwelen, Horloges & Luxury",Juwelen & Horloges,Een antieke memorie armband ,Een antieke memorie armband ,"<h3>Period</h3>19e eeuw.<h3>Description</h3><p>De gesneden armband uitlopend in twee leeuwenkoppen waartussen een bel-vormig element met acanthusblad versiering, lijmsporen aan onderzijde en oude restauratie, binnen diameter 52x50 mm.</p><h3>Weight / Size / Quality</h3>Bruto 29 gram.",published,EUR,300.0,500.0,300.0,300.0,,1,0,,,True,"Mon, 31 Aug 2026 15:00:00 GMT","Wed, 16 Sep 2026 17:21:00 GMT",https://media.app.artisio.co/media/3fc437c0-fdbb-4208-955a-90293eab416d/inventory/c0e66226-8504-4187-bb9e-164a1f01aba6/ab3f37c8-eae1-4616-aa09-7785936e5237/0001_DoMIUb_sm.jpeg;https://media.app.artisio.co/media/3fc437c0-fdbb-4208-955a-90293eab416d/inventory/c0e66226-8504-4187-bb9e-164a1f01aba6/de1eab4c-bae8-4314-885f-a9679ab7334f/0002_WGWkqM_sm.jpeg;https://media.app.artisio.co/media/3fc437c0-fdbb-4208-955a-90293eab416d/inventory/c0e66226-8504-4187-bb9e-164a1f01aba6/791b55e4-7c6f-4c74-a1a1-edef0b8de648/0003_BGphUR_sm.jpeg,3,"{""artist_retail_right"": false, ""comments"": null, ""description"": ""<p>De gesneden armband uitlopend in twee leeuwenkoppen waartussen een bel-vormig element met acanthusblad versiering, lijmsporen aan onderzijde en oude restauratie, binnen diameter 52x50 mm.</p>"", ""internal_reference"": null, ""keurkamer"": false, ""literature"": null, ""origin_exhibition_lite"": null, ""period"": ""19e eeuw."", ""title"": ""Een antieke memorie armband "", ""total"": null, ""weight_size_quality"": ""Bruto 29 gram.""}"
e7a3e442-57b1-4262-b5b8-3e0e427a276d,2043,26-0338/55,5595f3f8-0d21-4337-985c-b62f62070ce9,719,"Juwelen, Horloges & Luxury",Juwelen & Horloges,Een antieke vaste armband,Een antieke vaste armband,"<h3>Period</h3>Laat 19e eeuw.<h3>Description</h3><p>De voorzijde met filigrein versiering en bezet met twee saffieren en een roosdiamant, binnenmaat 60x53 mm, Engelse keuren, 375/1000</p><h3>Weight / Size / Quality</h3>Bruto 11 gram.",published,EUR,200.0,400.0,200.0,200.0,,1,3,240.0,240.0,True,"Mon, 31 Aug 2026 15:00:00 GMT","Wed, 16 Sep 2026 17:24:00 GMT",https://media.app.artisio.co/media/3fc437c0-fdbb-4208-955a-90293eab416d/inventory/687e4b2e-e7b3-47bf-bdfd-1a9b22ad4556/f4d48f17-ee7b-4f1a-b14a-6e6c9bbc3ac7/0001_StZgQo_sm.jpeg;https://media.app.artisio.co/media/3fc437c0-fdbb-4208-955a-90293eab416d/inventory/687e4b2e-e7b3-47bf-bdfd-1a9b22ad4556/bbab6da9-5841-4832-a2b4-c19afae4aace/0002_msWome_sm.jpeg;https://media.app.artisio.co/media/3fc437c0-fdbb-4208-955a-90293eab416d/inventory/687e4b2e-e7b3-47bf-bdfd-1a9b22ad4556/812026f9-1168-4d72-8b4d-989677083361/0003_TcbYQF_sm.jpeg,3,"{""artist_retail_right"": false, ""comments"": null, ""description"": ""<p>De voorzijde met filigrein versiering en bezet met twee saffieren en een roosdiamant, binnenmaat 60x53 mm, Engelse keuren, 375/1000</p>"", ""internal_reference"": null, ""keurkamer"": false, ""literature"": null, ""origin_exhibition_lite"": null, ""period"": ""Laat 19e eeuw."", ""title"": ""Een antieke vaste armband"", ""total"": null, ""weight_size_quality"": ""Bruto 11 gram.""}"
b224adf8-d2fa-41c3-9168-1ede197e79e4,2044,26-0338/56,5595f3f8-0d21-4337-985c-b62f62070ce9,719,"Juwelen, Horloges & Luxury",Juwelen & Horloges,Een 14k witgouden diamanten ring,Een 14k witgouden diamanten ring,"<h3>Description</h3><p>De voorzijde bezet met briljant geslepen diamanten, ringmaat 17.5/55.</p><h3>Weight / Size / Quality</h3>Bruto 2 gram.<h3>Keurkamer</h3>Yes",published,EUR,160.0,260.0,160.0,160.0,,1,0,,,True,"Mon, 31 Aug 2026 15:00:00 GMT","Wed, 16 Sep 2026 17:24:00 GMT",https://media.app.artisio.co/media/3fc437c0-fdbb-4208-955a-90293eab416d/inventory/376dd60e-753f-4d2f-be99-9b759c43f4a0/c2a236b8-6795-4db2-b039-5572ace41a1f/0001_RLtKfE_sm.jpeg;https://media.app.artisio.co/media/3fc437c0-fdbb-4208-955a-90293eab416d/inventory/376dd60e-753f-4d2f-be99-9b759c43f4a0/5f59d822-912b-4d5d-a48d-334205e18660/0002_DNocrz_sm.jpeg;https://media.app.artisio.co/media/3fc437c0-fdbb-4208-955a-90293eab416d/inventory/376dd60e-753f-4d2f-be99-9b759c43f4a0/379556b9-e080-46c2-b517-a558d564e09e/0003_Fwyqab_sm.jpeg,3,"{""artist_retail_right"": false, ""comments"": null, ""description"": ""<p>De voorzijde bezet met briljant geslepen diamanten, ringmaat 17.5/55.</p>"", ""internal_reference"": null, ""keurkamer"": true, ""literature"": null, ""origin_exhibition_lite"": null, ""period"": null, ""title"": ""Een 14k witgouden diamanten ring"", ""total"": null, ""weight_size_quality"": ""Bruto 2 gram.""}"
039cd609-4f16-4f24-8f2d-1cf371c9cfaf,2045,26-0338/57,5595f3f8-0d21-4337-985c-b62f62070ce9,719,"Juwelen, Horloges & Luxury",Juwelen & Horloges,Een collectie koraal sieraden,Een collectie koraal sieraden,"<h3>Description</h3><p>Bestaande uit: een vier-strengs armband aan14k gouden camee slot, 16.5 cm; twee paar 14k gouden oorhangers, bezet met koraal; en een 14k gouden collier waaraan een bwgg koraal pegel hanger.</p><h3>Weight / Size / Quality</h3>Bruto 26 gram.<h3>Keurkamer</h3>Yes",published,EUR,100.0,200.0,100.0,100.0,,1,0,,,True,"Mon, 31 Aug 2026 15:00:00 GMT","Wed, 16 Sep 2026 17:24:00 GMT",https://media.app.artisio.co/media/3fc437c0-fdbb-4208-955a-90293eab416d/inventory/2361a15f-3578-419a-8ee1-851890335032/11bf53ac-222c-4335-acc3-e56ddacc8c0b/0001_ALgKpg_sm.jpeg;https://media.app.artisio.co/media/3fc437c0-fdbb-4208-955a-90293eab416d/inventory/2361a15f-3578-419a-8ee1-851890335032/f11b6053-9042-4bfb-8022-91b35cffe618/0002_iBNHLf_sm.jpeg,2,"{""artist_retail_right"": false, ""comments"": null, ""description"": ""<p>Bestaande uit: een vier-strengs armband aan14k gouden camee slot, 16.5 cm; twee paar 14k gouden oorhangers, bezet met koraal; en een 14k gouden collier waaraan een bwgg koraal pegel hanger.</p>"", ""internal_reference"": null, ""keurkamer"": true, ""literature"": null, ""origin_exhibition_lite"": null, ""period"": null, ""title"": ""Een collectie koraal sieraden"", ""total"": null, ""weight_size_quality"": ""Bruto 26 gram.""}"
e9e7b126-abc9-4f58-a38b-986b90681f9d,2046,26-0338/58,5595f3f8-0d21-4337-985c-b62f62070ce9,719,"Juwelen, Horloges & Luxury",Juwelen & Horloges,Drie 14k gouden horloges,Drie 14k gouden horloges,"<h3>Description</h3><p>Een 14k gouden dames polshorloge “Uniro”, band verbogen; een 14k gouden dames polshorloge Tusal, glas gebroken; en een 14k gouden midsize heren polshorloge “Pontiac”, oxydatie.</p><h3>Weight / Size / Quality</h3>Bruto 82 gram.",published,EUR,500.0,700.0,500.0,500.0,,1,0,,,True,"Mon, 31 Aug 2026 15:00:00 GMT","Wed, 16 Sep 2026 17:24:00 GMT",https://media.app.artisio.co/media/3fc437c0-fdbb-4208-955a-90293eab416d/inventory/f38ba4b6-0de8-4621-8c81-da0fc42aa665/04afa4ae-6f0e-4091-ae37-209e68f06e42/0001_wvIzVC_sm.jpeg;https://media.app.artisio.co/media/3fc437c0-fdbb-4208-955a-90293eab416d/inventory/f38ba4b6-0de8-4621-8c81-da0fc42aa665/8c8aa53a-a3c2-44b2-a891-e5f30815675b/0002_schIEe_sm.jpeg;https://media.app.artisio.co/media/3fc437c0-fdbb-4208-955a-90293eab416d/inventory/f38ba4b6-0de8-4621-8c81-da0fc42aa665/979e2da4-7c57-4006-aff8-ef969a041efb/0003_Hmaeyd_sm.jpeg;https://media.app.artisio.co/media/3fc437c0-fdbb-4208-955a-90293eab416d/inventory/f38ba4b6-0de8-4621-8c81-da0fc42aa665/cfc1450b-084b-4416-9fed-e5856d0b807f/0004_IZSzIe_sm.jpeg,4,"{""artist_retail_right"": false, ""comments"": null, ""description"": ""<p>Een 14k gouden dames polshorloge “Uniro”, band verbogen; een 14k gouden dames polshorloge Tusal, glas gebroken; en een 14k gouden midsize heren polshorloge “Pontiac”, oxydatie.</p>"", ""internal_reference"": null, ""keurkamer"": false, ""literature"": null, ""origin_exhibition_lite"": null, ""period"": null, ""title"": ""Drie 14k gouden horloges"", ""total"": null, ""weight_size_quality"": ""Bruto 82 gram.""}"
1edfb92c-bb82-40ef-89f0-38cc107e5ec3,2047,26-0338/59,5595f3f8-0d21-4337-985c-b62f62070ce9,719,"Juwelen, Horloges & Luxury",Juwelen & Horloges,Een 18k gouden armband,Een 18k gouden armband,"<h3>Description</h3><p>Bestaande uit fantasie schakels, L. 19 cm.</p><h3>Weight / Size / Quality</h3>Bruto 24 gram.<h3>Keurkamer</h3>Yes",published,EUR,500.0,700.0,500.0,500.0,,1,0,,,True,"Mon, 31 Aug 2026 15:00:00 GMT","Wed, 16 Sep 2026 17:24:00 GMT",https://media.app.artisio.co/media/3fc437c0-fdbb-4208-955a-90293eab416d/inventory/2d43b923-7c08-4e7a-ab6f-5d0f7c7471e3/c48921df-6daa-431b-b2b4-87c0f87dad61/0001_RqGXvL_sm.jpeg;https://media.app.artisio.co/media/3fc437c0-fdbb-4208-955a-90293eab416d/inventory/2d43b923-7c08-4e7a-ab6f-5d0f7c7471e3/18169f2a-ea40-40a0-aa47-d952eabae758/0002_bgkRHV_sm.jpeg,2,"{""artist_retail_right"": false, ""comments"": null, ""description"": ""<p>Bestaande uit fantasie schakels, L. 19 cm.</p>"", ""internal_reference"": null, ""keurkamer"": true, ""literature"": null, ""origin_exhibition_lite"": null, ""period"": null, ""title"": ""Een 18k gouden armband"", ""total"": null, ""weight_size_quality"": ""Bruto 24 gram.""}"
948210f6-7dd0-4fc3-8c49-512fceea7729,2048,26-0338/60,5595f3f8-0d21-4337-985c-b62f62070ce9,719,"Juwelen, Horloges & Luxury",Juwelen & Horloges,Een 14k gouden jade hanger en collier,Een 14k gouden jade hanger en collier,"<h3>Description</h3><p>Het collier geregen met lichtgroene jade kralen waaraan een floraal gesneden jade hanger met 14k gouden montuur, aan een 14k gouden slot, L. 63.5 cm.</p><h3>Weight / Size / Quality</h3>Bruto 86 gram.<h3>Keurkamer</h3>Yes",published,EUR,100.0,200.0,100.0,100.0,,1,2,120.0,120.0,True,"Mon, 31 Aug 2026 15:00:00 GMT","Wed, 16 Sep 2026 17:24:00 GMT",https://media.app.artisio.co/media/3fc437c0-fdbb-4208-955a-90293eab416d/inventory/6dd4732d-11cf-46cc-9aac-05d2034911ec/ce76d53e-d255-413b-9460-cd42502c02ac/0001_btJZKn_sm.jpeg;https://media.app.artisio.co/media/3fc437c0-fdbb-4208-955a-90293eab416d/inventory/6dd4732d-11cf-46cc-9aac-05d2034911ec/3562c32b-d3ed-4732-a732-5259faf4a3b7/0002_QywjaD_sm.jpeg,2,"{""artist_retail_right"": false, ""comments"": null, ""description"": ""<p>Het collier geregen met lichtgroene jade kralen waaraan een floraal gesneden jade hanger met 14k gouden montuur, aan een 14k gouden slot, L. 63.5 cm.</p>"", ""internal_reference"": null, ""keurkamer"": true, ""literature"": null, ""origin_exhibition_lite"": null, ""period"": null, ""title"": ""Een 14k gouden jade hanger en collier"", ""total"": null, ""weight_size_quality"": ""Bruto 86 gram.""}"
d092adcc-1e6e-4f80-9dc2-49711dfbacdb,2049,26-0338/61,5595f3f8-0d21-4337-985c-b62f62070ce9,719,"Juwelen, Horloges & Luxury",Juwelen & Horloges,Een 18k gouden saffier en diamanten ring,Een 18k gouden saffier en diamanten ring,"<h3>Description</h3><p>De voorzijde bezet met twee saffieren en een diamant, Engelse keuren, ringmaat 55/17.5 mm.</p><h3>Weight / Size / Quality</h3>Bruto 5 gram.",published,EUR,200.0,400.0,200.0,200.0,,1,5,280.0,280.0,True,"Mon, 31 Aug 2026 15:00:00 GMT","Wed, 16 Sep 2026 17:27:00 GMT",https://media.app.artisio.co/media/3fc437c0-fdbb-4208-955a-90293eab416d/inventory/43eae0d8-5880-4e4f-9c90-af5368c11d75/85fd2331-1b67-4bf6-b49b-f2455aa49cdf/0001_zfACkY_sm.jpeg;https://media.app.artisio.co/media/3fc437c0-fdbb-4208-955a-90293eab416d/inventory/43eae0d8-5880-4e4f-9c90-af5368c11d75/bf3e565b-c264-40e1-aadc-7a132dac7697/0002_gFHvSQ_sm.jpeg;https://media.app.artisio.co/media/3fc437c0-fdbb-4208-955a-90293eab416d/inventory/43eae0d8-5880-4e4f-9c90-af5368c11d75/1ecfb44b-c49e-4aa0-a023-c253d3a81322/0003_NuMnce_sm.jpeg;https://media.app.artisio.co/media/3fc437c0-fdbb-4208-955a-90293eab416d/inventory/43eae0d8-5880-4e4f-9c90-af5368c11d75/db8b1d50-04a1-40b4-98e8-082793f40ab1/0004_xcOTNT_sm.jpeg,4,"{""artist_retail_right"": false, ""comments"": null, ""description"": ""<p>De voorzijde bezet met twee saffieren en een diamant, Engelse keuren, ringmaat 55/17.5 mm.</p>"", ""internal_reference"": null, ""keurkamer"": false, ""literature"": null, ""origin_exhibition_lite"": null, ""period"": null, ""title"": ""Een 18k gouden saffier en diamanten ring"", ""total"": null, ""weight_size_quality"": ""Bruto 5 gram.""}"
71003c29-fdac-4bff-9175-71822239f941,2050,26-0338/62,5595f3f8-0d21-4337-985c-b62f62070ce9,719,"Juwelen, Horloges & Luxury",Juwelen & Horloges,Twee munthangers,Twee munthangers,"<h3>Description</h3><p>Beiden bezet met een gouden tientje, 1897 en 1913, in een 14k gouden montuur, D. 28 mm.&nbsp;</p><h3>Weight / Size / Quality</h3>Bruto 18 gram.<h3>Keurkamer</h3>Yes",published,EUR,500.0,700.0,500.0,500.0,,1,4,650.0,650.0,True,"Mon, 31 Aug 2026 15:00:00 GMT","Wed, 16 Sep 2026 17:27:00 GMT",https://media.app.artisio.co/media/3fc437c0-fdbb-4208-955a-90293eab416d/inventory/ed97f93b-30c9-4998-a17b-e6a34f69443b/9f17ae8a-a09b-4e33-a453-3f556eb629a7/0001_MAHCrW_sm.jpeg;https://media.app.artisio.co/media/3fc437c0-fdbb-4208-955a-90293eab416d/inventory/ed97f93b-30c9-4998-a17b-e6a34f69443b/b9933dd9-7e77-43e8-ad65-a4735490bc0b/0002_GDWvnC_sm.jpeg,2,"{""artist_retail_right"": false, ""comments"": null, ""description"": ""<p>Beiden bezet met een gouden tientje, 1897 en 1913, in een 14k gouden montuur, D. 28 mm.&nbsp;</p>"", ""internal_reference"": null, ""keurkamer"": true, ""literature"": null, ""origin_exhibition_lite"": null, ""period"": null, ""title"": ""Twee munthangers"", ""total"": null, ""weight_size_quality"": ""Bruto 18 gram.""}"
d43e1aae-e44d-4e9c-bc20-384c6e0d4799,2051,26-0338/63,5595f3f8-0d21-4337-985c-b62f62070ce9,719,"Juwelen, Horloges & Luxury",Juwelen & Horloges,Een 14k gouden jade demi parure,Een 14k gouden jade demi parure,"<h3>Description</h3><p>Bestaande uit een armband, ring, broche en oorstekers, elk bezet met zachtgroene gesneden jade, L. 17.5 cm, ringmaat 53/17 mm.</p><h3>Weight / Size / Quality</h3>Bruto 50 gram.",published,EUR,400.0,600.0,400.0,400.0,,1,2,425.0,425.0,True,"Mon, 31 Aug 2026 15:00:00 GMT","Wed, 16 Sep 2026 17:27:00 GMT",https://media.app.artisio.co/media/3fc437c0-fdbb-4208-955a-90293eab416d/inventory/8c310050-01cf-4e22-ba72-d59721d96524/e7a18f51-3d77-4d71-9e1e-984e0d6f5585/0001_wTLDpY_sm.jpeg;https://media.app.artisio.co/media/3fc437c0-fdbb-4208-955a-90293eab416d/inventory/8c310050-01cf-4e22-ba72-d59721d96524/fde740eb-052f-4eca-9ec9-3db00ab5f4da/0002_JNukCP_sm.jpeg;https://media.app.artisio.co/media/3fc437c0-fdbb-4208-955a-90293eab416d/inventory/8c310050-01cf-4e22-ba72-d59721d96524/544495f7-11a4-4267-a5f3-55591f413522/0003_IMebTe_sm.jpeg;https://media.app.artisio.co/media/3fc437c0-fdbb-4208-955a-90293eab416d/inventory/8c310050-01cf-4e22-ba72-d59721d96524/9a863471-8fea-4021-910c-bfcf725c66ce/0004_fSVjjI_sm.jpeg;https://media.app.artisio.co/media/3fc437c0-fdbb-4208-955a-90293eab416d/inventory/8c310050-01cf-4e22-ba72-d59721d96524/752694e6-b6c7-4c3b-b7ae-1142a4d2333a/0005_gVmCXl_sm.jpeg,5,"{""artist_retail_right"": false, ""comments"": null, ""description"": ""<p>Bestaande uit een armband, ring, broche en oorstekers, elk bezet met zachtgroene gesneden jade, L. 17.5 cm, ringmaat 53/17 mm.</p>"", ""internal_reference"": null, ""keurkamer"": false, ""literature"": null, ""origin_exhibition_lite"": null, ""period"": null, ""title"": ""Een 14k gouden jade demi parure"", ""total"": null, ""weight_size_quality"": ""Bruto 50 gram.""}"
0e060783-bc07-4b44-8d79-ec48f0abb53b,2052,26-0338/64,5595f3f8-0d21-4337-985c-b62f62070ce9,719,"Juwelen, Horloges & Luxury",Juwelen & Horloges,Een collectie sieraden,Een collectie sieraden,"<h3>Description</h3><p>Bestaande uit: drie 14k gouden colliers; een 14k gouden armband met kapittelslot; een 14k gouden bloembroche; een 14k sterrenbeeld hanger, Weegschaal; een 18k gouden speld, havik; een 14k gouden speld, wapen Den Haag; een paar defecte 14k gouden oorhangers, bezet met paste; een losse 14k tricolour gouden oorsteker; een paar manchetknopen, bwgg, daarbij twee armbandjes, uilenpin, dasspeld met rood steentje en een collier, alle onedel.&nbsp;</p><h3>Weight / Size / Quality</h3>Bruto 61 gram.<h3>Keurkamer</h3>Yes",published,EUR,1000.0,2000.0,800.0,800.0,,1,0,,,True,"Mon, 31 Aug 2026 15:00:00 GMT","Wed, 16 Sep 2026 17:27:00 GMT",https://media.app.artisio.co/media/3fc437c0-fdbb-4208-955a-90293eab416d/inventory/03ec2367-ba5a-41ec-af6c-74a798dd7835/513ecca8-4afa-4fe5-8b37-3196ae6613de/0001_ERAiCF_sm.jpeg;https://media.app.artisio.co/media/3fc437c0-fdbb-4208-955a-90293eab416d/inventory/03ec2367-ba5a-41ec-af6c-74a798dd7835/df4f9c1b-9ecd-4265-8fab-4443764e2e60/0002_BXOWlA_sm.jpeg,2,"{""artist_retail_right"": false, ""comments"": null, ""description"": ""<p>Bestaande uit: drie 14k gouden colliers; een 14k gouden armband met kapittelslot; een 14k gouden bloembroche; een 14k sterrenbeeld hanger, Weegschaal; een 18k gouden speld, havik; een 14k gouden speld, wapen Den Haag; een paar defecte 14k gouden oorhangers, bezet met paste; een losse 14k tricolour gouden oorsteker; een paar manchetknopen, bwgg, daarbij twee armbandjes, uilenpin, dasspeld met rood steentje en een collier, alle onedel.&nbsp;</p>"", ""internal_reference"": null, ""keurkamer"": true, ""literature"": null, ""origin_exhibition_lite"": null, ""period"": null, ""title"": ""Een collectie sieraden"", ""total"": null, ""weight_size_quality"": ""Bruto 61 gram.""}"
c49e15da-ba77-4374-84e3-f126393739a4,2053,26-0338/65,5595f3f8-0d21-4337-985c-b62f62070ce9,719,"Juwelen, Horloges & Luxury",Juwelen & Horloges,Een collectie gouden ringen,Een collectie gouden ringen,"<h3>Description</h3><p>Bestaande uit:&nbsp;<br>twee 14k gouden heren zegelringen bezet met onyx;<br>een 14k gouden heren fantasie ring;&nbsp;<br>vier 14k gouden trouwringen;&nbsp;<br>vijf 18k gouden dunne aanschuifringen;&nbsp;<br>een ring vermaakt van twee 14k gouden trouwringen;&nbsp;<br>een 14k gouden ring met synthetisch blauw spinel;&nbsp;<br>een 14k gouden granaat ring;&nbsp;<br>een 14k gouden ring bestaande uit twee smalle banden;<br>een 14k witgouden smaragd rijring;&nbsp;<br>Daarbij: een ring zonder steen, bwgg.</p><h3>Weight / Size / Quality</h3>Bruto 57 gram.",published,EUR,2000.0,3000.0,1800.0,1800.0,,1,0,,,True,"Mon, 31 Aug 2026 15:00:00 GMT","Wed, 16 Sep 2026 17:27:00 GMT",https://media.app.artisio.co/media/3fc437c0-fdbb-4208-955a-90293eab416d/inventory/176c7dfb-8f8f-4490-bd2c-a0db2677897d/962ff628-910a-4519-a2a2-32757d3a4a1a/0001_xRkmfF_sm.jpeg;https://media.app.artisio.co/media/3fc437c0-fdbb-4208-955a-90293eab416d/inventory/176c7dfb-8f8f-4490-bd2c-a0db2677897d/bf274979-8c57-4366-8081-9df2c32b7e45/0002_McPEwQ_sm.jpeg;https://media.app.artisio.co/media/3fc437c0-fdbb-4208-955a-90293eab416d/inventory/176c7dfb-8f8f-4490-bd2c-a0db2677897d/3c7012f8-0d6e-4125-a32c-0d84210736dc/0003_uYSnnd_sm.jpeg;https://media.app.artisio.co/media/3fc437c0-fdbb-4208-955a-90293eab416d/inventory/176c7dfb-8f8f-4490-bd2c-a0db2677897d/d9cdb13b-b2fe-4f87-b824-e1aaaf086e15/0004_nAacVp_sm.jpeg;https://media.app.artisio.co/media/3fc437c0-fdbb-4208-955a-90293eab416d/inventory/176c7dfb-8f8f-4490-bd2c-a0db2677897d/42b613f2-dd97-4b1f-95ad-5420053afd9a/0005_UetdVV_sm.jpeg;https://media.app.artisio.co/media/3fc437c0-fdbb-4208-955a-90293eab416d/inventory/176c7dfb-8f8f-4490-bd2c-a0db2677897d/c072493b-b5f0-48c9-b737-26b32ae4a70e/0006_zjXYtK_sm.jpeg;https://media.app.artisio.co/media/3fc437c0-fdbb-4208-955a-90293eab416d/inventory/176c7dfb-8f8f-4490-bd2c-a0db2677897d/ba8aba81-a9b0-4310-958d-87863d2d82e7/0007_oZsnPJ_sm.jpeg;https://media.app.artisio.co/media/3fc437c0-fdbb-4208-955a-90293eab416d/inventory/176c7dfb-8f8f-4490-bd2c-a0db2677897d/77a0cf61-f02c-4136-9e21-5067bb8bc8cd/0008_RNjMoP_sm.jpeg;https://media.app.artisio.co/media/3fc437c0-fdbb-4208-955a-90293eab416d/inventory/176c7dfb-8f8f-4490-bd2c-a0db2677897d/fbcf637f-71b4-423d-a622-58d36efdfc4e/0009_JOgEsw_sm.jpeg,9,"{""artist_retail_right"": false, ""comments"": null, ""description"": ""<p>Bestaande uit:&nbsp;<br>twee 14k gouden heren zegelringen bezet met onyx;<br>een 14k gouden heren fantasie ring;&nbsp;<br>vier 14k gouden trouwringen;&nbsp;<br>vijf 18k gouden dunne aanschuifringen;&nbsp;<br>een ring vermaakt van twee 14k gouden trouwringen;&nbsp;<br>een 14k gouden ring met synthetisch blauw spinel;&nbsp;<br>een 14k gouden granaat ring;&nbsp;<br>een 14k gouden ring bestaande uit twee smalle banden;<br>een 14k witgouden smaragd rijring;&nbsp;<br>Daarbij: een ring zonder steen, bwgg.</p>"", ""internal_reference"": null, ""keurkamer"": false, ""literature"": null, ""origin_exhibition_lite"": null, ""period"": null, ""title"": ""Een collectie gouden ringen"", ""total"": null, ""weight_size_quality"": ""Bruto 57 gram.""}"
8c0b35aa-2e41-4821-a403-4b5827820eb9,2054,26-0338/66,5595f3f8-0d21-4337-985c-b62f62070ce9,719,"Juwelen, Horloges & Luxury",Juwelen & Horloges,Een antieke verguld metalen demi parure,Een antieke verguld metalen demi parure,"<h3>Period</h3>Laat 19e eeuw.<h3>Description</h3><p>Bestaande uit een broche, oorhangers en een collier, warvan de broche en oorhangers passend in etui, elk met filigrein versiering en centraal ster motief, L. 45.0 cm.</p><h3>Weight / Size / Quality</h3>Bruto 22 gram.",published,EUR,400.0,600.0,400.0,400.0,,1,0,,,True,"Mon, 31 Aug 2026 15:00:00 GMT","Wed, 16 Sep 2026 17:27:00 GMT",https://media.app.artisio.co/media/3fc437c0-fdbb-4208-955a-90293eab416d/inventory/b4002226-4b62-45bd-beb1-fae5ba00c2ad/64066194-3551-434a-bb8f-4bbb99cd4fce/00001_BEPtBk_sm.jpeg;https://media.app.artisio.co/media/3fc437c0-fdbb-4208-955a-90293eab416d/inventory/b4002226-4b62-45bd-beb1-fae5ba00c2ad/8cce9ae3-40f0-4b99-ab69-5b760da663ed/0001_hQjBSq_sm.jpeg;https://media.app.artisio.co/media/3fc437c0-fdbb-4208-955a-90293eab416d/inventory/b4002226-4b62-45bd-beb1-fae5ba00c2ad/44ee8b76-a646-439b-9b04-e64eb416ca8c/0002_pMfbOb_sm.jpeg;https://media.app.artisio.co/media/3fc437c0-fdbb-4208-955a-90293eab416d/inventory/b4002226-4b62-45bd-beb1-fae5ba00c2ad/47171c9f-224b-4044-a2b3-dcebf09b628a/0003_jmlqLK_sm.jpeg,4,"{""artist_retail_right"": false, ""comments"": null, ""description"": ""<p>Bestaande uit een broche, oorhangers en een collier, warvan de broche en oorhangers passend in etui, elk met filigrein versiering en centraal ster motief, L. 45.0 cm.</p>"", ""internal_reference"": null, ""keurkamer"": false, ""literature"": null, ""origin_exhibition_lite"": null, ""period"": ""Laat 19e eeuw."", ""title"": ""Een antieke verguld metalen demi parure"", ""total"": null, ""weight_size_quality"": ""Bruto 22 gram.""}"
14c55d28-79d7-4c8c-a438-c8558d16edfe,2055,26-0389/311,5595f3f8-0d21-4337-985c-b62f62070ce9,719,"Juwelen, Horloges & Luxury",Juwelen & Horloges,Een 18k gouden reis ikoon,Een 18k gouden reis ikoon,<h3>Description</h3><p>De lijst fijn ajour gezaagd met centraal een voorstelling van Maria.</p><h3>Weight / Size / Quality</h3>23 gram.<h3>Keurkamer</h3>Yes,published,EUR,1000.0,2000.0,1000.0,1000.0,,1,0,,,True,"Mon, 31 Aug 2026 15:00:00 GMT","Wed, 16 Sep 2026 17:30:00 GMT",https://media.app.artisio.co/media/3fc437c0-fdbb-4208-955a-90293eab416d/inventory/b1f3671a-b866-4b2f-9ebd-366696e987d0/440fa7f1-ea3e-4211-ab12-b0289bbe862c/0001_tdqwap_sm.jpeg;https://media.app.artisio.co/media/3fc437c0-fdbb-4208-955a-90293eab416d/inventory/b1f3671a-b866-4b2f-9ebd-366696e987d0/a430de3b-7e61-4a24-a478-23055c9707a5/0002_GMsxfL_sm.jpeg;https://media.app.artisio.co/media/3fc437c0-fdbb-4208-955a-90293eab416d/inventory/b1f3671a-b866-4b2f-9ebd-366696e987d0/e0c33d3f-edef-4720-9b2c-263975fa999b/0003_qqiYhc_sm.jpeg,3,"{""artist_retail_right"": false, ""comments"": null, ""description"": ""<p>De lijst fijn ajour gezaagd met centraal een voorstelling van Maria.</p>"", ""internal_reference"": null, ""keurkamer"": true, ""literature"": null, ""origin_exhibition_lite"": null, ""period"": null, ""title"": ""Een 18k gouden reis ikoon"", ""total"": null, ""weight_size_quality"": ""23 gram.""}"
0e3fe2d6-02d9-4558-8b89-1f38611b0740,2056,26-0715/12,5595f3f8-0d21-4337-985c-b62f62070ce9,719,"Juwelen, Horloges & Luxury",Juwelen & Horloges,Een 14k gouden armband,Een 14k gouden armband,"<h3>Description</h3><p>Bestaande uit gourmet schakels, L. 19.0 cm.</p><h3>Weight / Size / Quality</h3>Bruto 15 gram<h3>Keurkamer</h3>Yes",published,EUR,400.0,600.0,400.0,400.0,,1,0,,,True,"Mon, 31 Aug 2026 15:00:00 GMT","Wed, 16 Sep 2026 17:30:00 GMT",https://media.app.artisio.co/media/3fc437c0-fdbb-4208-955a-90293eab416d/inventory/892d520d-ce45-4d73-879b-bacad3e57b11/0ab2a369-287e-4e46-844d-e7d18169dfa8/0001_DTInKM_sm.jpeg;https://media.app.artisio.co/media/3fc437c0-fdbb-4208-955a-90293eab416d/inventory/892d520d-ce45-4d73-879b-bacad3e57b11/12cd7f99-508f-48dc-80a0-ec3b51beac90/0002_gCVeBL_sm.jpeg,2,"{""artist_retail_right"": false, ""comments"": null, ""description"": ""<p>Bestaande uit gourmet schakels, L. 19.0 cm.</p>"", ""internal_reference"": null, ""keurkamer"": true, ""literature"": null, ""origin_exhibition_lite"": null, ""period"": null, ""title"": ""Een 14k gouden armband"", ""total"": null, ""weight_size_quality"": ""Bruto 15 gram""}"
c51d7522-bbec-4269-981c-94e6cf49064e,2057,26-0715/13,5595f3f8-0d21-4337-985c-b62f62070ce9,719,"Juwelen, Horloges & Luxury",Juwelen & Horloges,Een 14k gouden munt armband,Een 14k gouden munt armband,"<h3>Description</h3><p>Bestaande uit langwerpige draadschakels waaraan een versleten Franse 20fr 1841 munt, L. 20.5 cm.</p><h3>Weight / Size / Quality</h3>Bruto 22 gram.",published,EUR,600.0,800.0,600.0,600.0,,1,0,,,True,"Mon, 31 Aug 2026 15:00:00 GMT","Wed, 16 Sep 2026 17:30:00 GMT",https://media.app.artisio.co/media/3fc437c0-fdbb-4208-955a-90293eab416d/inventory/bb819622-619f-41d8-a004-6a54494a0f90/136e2e83-8c3b-45c4-b3a4-1a087c147637/0001_dhSNFR_sm.jpeg;https://media.app.artisio.co/media/3fc437c0-fdbb-4208-955a-90293eab416d/inventory/bb819622-619f-41d8-a004-6a54494a0f90/4acc509c-062e-47b9-83cc-acb3a780463d/0002_siImfy_sm.jpeg,2,"{""artist_retail_right"": false, ""comments"": null, ""description"": ""<p>Bestaande uit langwerpige draadschakels waaraan een versleten Franse 20fr 1841 munt, L. 20.5 cm.</p>"", ""internal_reference"": null, ""keurkamer"": false, ""literature"": null, ""origin_exhibition_lite"": null, ""period"": null, ""title"": ""Een 14k gouden munt armband"", ""total"": null, ""weight_size_quality"": ""Bruto 22 gram.""}"
46872abd-84a3-4c5d-b4f2-3127e69d633c,2058,26-0715/14,5595f3f8-0d21-4337-985c-b62f62070ce9,719,"Juwelen, Horloges & Luxury",Juwelen & Horloges,Een collectie colliers en een paar oorhangers,Een collectie colliers en een paar oorhangers,"<h3>Description</h3><p>Ontworpen als koordcollier, L. 45.5 cm; hierbij een dun gouden collier, een lapis lazuli collier aan gouden slot en een zoetwater cultivé parel collier en een paar oorhangers aan 14k gouden slot.</p><h3>Weight / Size / Quality</h3>Bruto 137 gram.<h3>Keurkamer</h3>Yes",published,EUR,600.0,800.0,600.0,600.0,,1,0,,,True,"Mon, 31 Aug 2026 15:00:00 GMT","Wed, 16 Sep 2026 17:30:00 GMT",https://media.app.artisio.co/media/3fc437c0-fdbb-4208-955a-90293eab416d/inventory/1b83f7f7-7fb7-4da6-817a-8452b845508d/d4ed045d-140f-4bc3-8147-8902c120ed86/0001_nXmJKs_sm.jpeg,1,"{""artist_retail_right"": false, ""comments"": null, ""description"": ""<p>Ontworpen als koordcollier, L. 45.5 cm; hierbij een dun gouden collier, een lapis lazuli collier aan gouden slot en een zoetwater cultivé parel collier en een paar oorhangers aan 14k gouden slot.</p>"", ""internal_reference"": null, ""keurkamer"": true, ""literature"": null, ""origin_exhibition_lite"": null, ""period"": null, ""title"": ""Een collectie colliers en een paar oorhangers"", ""total"": null, ""weight_size_quality"": ""Bruto 137 gram.""}"
a812829a-0a3a-4047-a521-c237d93de7e8,2059,26-0727/1,5595f3f8-0d21-4337-985c-b62f62070ce9,719,"Juwelen, Horloges & Luxury",Juwelen & Horloges,Een 14k gouden collier,Een 14k gouden collier,"<h3>Description</h3><p>Met oplopende gedraaide schakels, 5 tot 9 mm breed, L. 45 cm.&nbsp;</p><h3>Weight / Size / Quality</h3>Bruto 15 gram.",published,EUR,300.0,500.0,300.0,300.0,,1,0,,,True,"Mon, 31 Aug 2026 15:00:00 GMT","Wed, 16 Sep 2026 17:30:00 GMT",https://media.app.artisio.co/media/3fc437c0-fdbb-4208-955a-90293eab416d/inventory/58f77a9e-2657-4b5f-b20c-63e24b5bea36/40b67f44-5a6a-46ad-8a86-6eb5dd138e46/0001_hagnNR_sm.jpeg;https://media.app.artisio.co/media/3fc437c0-fdbb-4208-955a-90293eab416d/inventory/58f77a9e-2657-4b5f-b20c-63e24b5bea36/e8ddb8f4-c0af-4d28-9336-22196590dcdd/0002_LUbWYd_sm.jpeg,2,"{""artist_retail_right"": false, ""comments"": null, ""description"": ""<p>Met oplopende gedraaide schakels, 5 tot 9 mm breed, L. 45 cm.&nbsp;</p>"", ""internal_reference"": null, ""keurkamer"": false, ""literature"": null, ""origin_exhibition_lite"": null, ""period"": null, ""title"": ""Een 14k gouden collier"", ""total"": null, ""weight_size_quality"": ""Bruto 15 gram. ""}"
f0289585-2f29-47d0-9577-8d49bd2a96a6,2060,26-0727/2,5595f3f8-0d21-4337-985c-b62f62070ce9,719,"Juwelen, Horloges & Luxury",Juwelen & Horloges,Een 14k tweekleurig gouden collier ,Een 14k tweekleurig gouden collier ,"<h3>Description</h3><p>Bestaande uit gedraaide geelgouden kabelschakels gecombineerd met een fijn witgouden Venetiaans collier, L. 61 cm.&nbsp;</p><h3>Weight / Size / Quality</h3>Bruto 22 gram.",published,EUR,500.0,700.0,500.0,500.0,,1,0,,,True,"Mon, 31 Aug 2026 15:00:00 GMT","Wed, 16 Sep 2026 17:30:00 GMT",https://media.app.artisio.co/media/3fc437c0-fdbb-4208-955a-90293eab416d/inventory/3bc1010c-6293-464f-95ad-e98bbd6d6dc1/42d541f0-3864-4015-b94b-9f5a1ca782e7/0001_mvVBEQ_sm.jpeg;https://media.app.artisio.co/media/3fc437c0-fdbb-4208-955a-90293eab416d/inventory/3bc1010c-6293-464f-95ad-e98bbd6d6dc1/dca33717-ffed-4f16-b024-78e45dca2b62/0002_TffRXt_sm.jpeg,2,"{""artist_retail_right"": false, ""comments"": null, ""description"": ""<p>Bestaande uit gedraaide geelgouden kabelschakels gecombineerd met een fijn witgouden Venetiaans collier, L. 61 cm.&nbsp;</p>"", ""internal_reference"": null, ""keurkamer"": false, ""literature"": null, ""origin_exhibition_lite"": null, ""period"": null, ""title"": ""Een 14k tweekleurig gouden collier "", ""total"": null, ""weight_size_quality"": ""Bruto 22 gram. ""}"
6caa52a5-d4de-4515-9710-155f31be028b,2061,26-0727/3,5595f3f8-0d21-4337-985c-b62f62070ce9,719,"Juwelen, Horloges & Luxury",Juwelen & Horloges,Een 14k gouden sautoir,Een 14k gouden sautoir,"<h3>Description</h3><p>Bestaande uit ankerschakels, L. 102 cm.&nbsp;</p><h3>Weight / Size / Quality</h3>Bruto 18 gram.",published,EUR,400.0,600.0,400.0,400.0,,1,0,,,True,"Mon, 31 Aug 2026 15:00:00 GMT","Wed, 16 Sep 2026 17:33:00 GMT",https://media.app.artisio.co/media/3fc437c0-fdbb-4208-955a-90293eab416d/inventory/d292ba27-dbd8-49ee-b495-1d3ba538ff17/b6760ed1-d567-4241-80a2-0689841cd2c1/0001_usMQFV_sm.jpeg;https://media.app.artisio.co/media/3fc437c0-fdbb-4208-955a-90293eab416d/inventory/d292ba27-dbd8-49ee-b495-1d3ba538ff17/fd1eee3a-43c2-482c-a14e-d71cffa0438f/0002_vXjCok_sm.jpeg;https://media.app.artisio.co/media/3fc437c0-fdbb-4208-955a-90293eab416d/inventory/d292ba27-dbd8-49ee-b495-1d3ba538ff17/ad9180ab-1214-4210-92d7-1139d9dbfc14/0003_ZNKUpy_sm.jpeg,3,"{""artist_retail_right"": false, ""comments"": null, ""description"": ""<p>Bestaande uit ankerschakels, L. 102 cm.&nbsp;</p>"", ""internal_reference"": null, ""keurkamer"": false, ""literature"": null, ""origin_exhibition_lite"": null, ""period"": null, ""title"": ""Een 14k gouden sautoir"", ""total"": null, ""weight_size_quality"": ""Bruto 18 gram. ""}"
53d1c161-0983-497a-b73a-e639a3be8797,2062,26-0727/4,5595f3f8-0d21-4337-985c-b62f62070ce9,719,"Juwelen, Horloges & Luxury",Juwelen & Horloges,Een 14k gouden collier en armband,Een 14k gouden collier en armband,"<h3>Description</h3><p>Beiden uit in grootte oplopende koordschakels, 6 mm breed, L. 19 en 47 cm.&nbsp;</p><h3>Weight / Size / Quality</h3>Bruto 28 gram.",published,EUR,600.0,800.0,600.0,600.0,,1,0,,,True,"Mon, 31 Aug 2026 15:00:00 GMT","Wed, 16 Sep 2026 17:33:00 GMT",https://media.app.artisio.co/media/3fc437c0-fdbb-4208-955a-90293eab416d/inventory/91e4bf6d-40d9-4d6a-80c9-1b2f92191099/7494726c-4afd-4c7e-bdc8-bee19abdf919/0001_AqjtmT_sm.jpeg;https://media.app.artisio.co/media/3fc437c0-fdbb-4208-955a-90293eab416d/inventory/91e4bf6d-40d9-4d6a-80c9-1b2f92191099/54fa5f6a-19b8-4aae-a0c0-8897600dc9dd/0002_GclndI_sm.jpeg,2,"{""artist_retail_right"": false, ""comments"": null, ""description"": ""<p>Beiden uit in grootte oplopende koordschakels, 6 mm breed, L. 19 en 47 cm.&nbsp;</p>"", ""internal_reference"": null, ""keurkamer"": false, ""literature"": null, ""origin_exhibition_lite"": null, ""period"": null, ""title"": ""Een 14k gouden collier en armband"", ""total"": null, ""weight_size_quality"": ""Bruto 28 gram. ""}"
94ef1238-a5b6-4d29-9999-824f0ebd2e70,2063,26-0727/5,5595f3f8-0d21-4337-985c-b62f62070ce9,719,"Juwelen, Horloges & Luxury",Juwelen & Horloges,Een 14k gouden collier ,Een 14k gouden collier ,"<h3>Description</h3><p>Bestaande uit gourmetschakels, L. 61 cm.&nbsp;</p><h3>Weight / Size / Quality</h3>Bruto 14 gram.<h3>Keurkamer</h3>Yes",published,EUR,200.0,400.0,200.0,200.0,,1,0,,,True,"Mon, 31 Aug 2026 15:00:00 GMT","Wed, 16 Sep 2026 17:33:00 GMT",https://media.app.artisio.co/media/3fc437c0-fdbb-4208-955a-90293eab416d/inventory/f4d6f746-2242-4ccd-b5ef-79bae4e85ddf/5222418f-795a-439c-b3ec-7c34f738bd79/0001_KlviSU_sm.jpeg;https://media.app.artisio.co/media/3fc437c0-fdbb-4208-955a-90293eab416d/inventory/f4d6f746-2242-4ccd-b5ef-79bae4e85ddf/25806ce9-751f-41b3-9dc0-c41682c900f0/0002_kJFRQc_sm.jpeg,2,"{""artist_retail_right"": false, ""comments"": null, ""description"": ""<p>Bestaande uit gourmetschakels, L. 61 cm.&nbsp;</p>"", ""internal_reference"": null, ""keurkamer"": true, ""literature"": null, ""origin_exhibition_lite"": null, ""period"": null, ""title"": ""Een 14k gouden collier "", ""total"": null, ""weight_size_quality"": ""Bruto 14 gram. ""}"
de6e2c2f-0252-4500-9075-a0d0246fc5ee,2064,26-0727/6,5595f3f8-0d21-4337-985c-b62f62070ce9,719,"Juwelen, Horloges & Luxury",Juwelen & Horloges,Twee gouden colliers,Twee gouden colliers,"<h3>Description</h3><p>Bestaande uit fantasieschakels, beide met S-sluiting, het 18k gouden collier 53 cm, het 20k gouden collier 73 cm, sluiting metaal.&nbsp;</p><h3>Weight / Size / Quality</h3>Bruto 14 en 9 gram.<h3>Keurkamer</h3>Yes",published,EUR,400.0,600.0,400.0,400.0,,1,0,,,True,"Mon, 31 Aug 2026 15:00:00 GMT","Wed, 16 Sep 2026 17:33:00 GMT",https://media.app.artisio.co/media/3fc437c0-fdbb-4208-955a-90293eab416d/inventory/c4ebaa9f-3816-4110-8702-cd89e99f673d/60816f59-9399-4279-9405-c5589670dc7e/0001_tefsOW_sm.jpeg;https://media.app.artisio.co/media/3fc437c0-fdbb-4208-955a-90293eab416d/inventory/c4ebaa9f-3816-4110-8702-cd89e99f673d/8a8ebe6d-5624-4aac-bca9-f549e6372d87/0002_yIRUAv_sm.jpeg;https://media.app.artisio.co/media/3fc437c0-fdbb-4208-955a-90293eab416d/inventory/c4ebaa9f-3816-4110-8702-cd89e99f673d/481f9767-922a-496f-9cf8-87ec460de904/0003_TfsWoY_sm.jpeg,3,"{""artist_retail_right"": false, ""comments"": null, ""description"": ""<p>Bestaande uit fantasieschakels, beide met S-sluiting, het 18k gouden collier 53 cm, het 20k gouden collier 73 cm, sluiting metaal.&nbsp;</p>"", ""internal_reference"": null, ""keurkamer"": true, ""literature"": null, ""origin_exhibition_lite"": null, ""period"": null, ""title"": ""Twee gouden colliers"", ""total"": null, ""weight_size_quality"": ""Bruto 14 en 9 gram.""}"
b476cc94-839a-4f32-997e-4a9b6115a0fc,2065,26-0727/7,5595f3f8-0d21-4337-985c-b62f62070ce9,719,"Juwelen, Horloges & Luxury",Juwelen & Horloges,Een collectie sieraden ,Een collectie sieraden ,"<h3>Description</h3><p>Bestaande uit: een 14k gouden polshorloge zonder band, Tusal;&nbsp;<br>een 14k gouden gourmetschakelcolliertje waaraan een 14k bloemhangertje;&nbsp;<br>een paar 14k gouden bolvormige oorstekers;&nbsp;<br>een paar Art Deco 14k goud en platina oorhanges bezet met diamant, één met ontbrekende pampel;&nbsp;<br>twee 14k gouden hangertjes en een 14k gouden hartvormig medaillon;&nbsp;<br>een 18k gouden oorstekertje in bloemvorm en een 14k bicolour gouden oorsteker bezet met diamant;<br>een 14k gouden broche bezet met granaat;&nbsp;<br>een paar 835/1000 zilveren oorhangers met koralen pampels;<br>en een oorhanger met traanvormige pampel, bwgg.&nbsp;</p><h3>Weight / Size / Quality</h3>Bruto 43 gram.<h3>Keurkamer</h3>Yes",published,EUR,400.0,600.0,400.0,400.0,,1,0,,,True,"Mon, 31 Aug 2026 15:00:00 GMT","Wed, 16 Sep 2026 17:33:00 GMT",https://media.app.artisio.co/media/3fc437c0-fdbb-4208-955a-90293eab416d/inventory/290a08ef-5968-4997-b372-b83d8b16de3f/b3352711-bd72-476e-a4ef-43a2ec41aa7e/0001_taybDp_sm.jpeg;https://media.app.artisio.co/media/3fc437c0-fdbb-4208-955a-90293eab416d/inventory/290a08ef-5968-4997-b372-b83d8b16de3f/3dde38f3-d01a-4fe1-908c-204033b43e5a/0002_miSWaS_sm.jpeg;https://media.app.artisio.co/media/3fc437c0-fdbb-4208-955a-90293eab416d/inventory/290a08ef-5968-4997-b372-b83d8b16de3f/33baf041-2206-408e-9c80-3880662bfced/0003_DpjxTU_sm.jpeg,3,"{""artist_retail_right"": false, ""comments"": null, ""description"": ""<p>Bestaande uit: een 14k gouden polshorloge zonder band, Tusal;&nbsp;<br>een 14k gouden gourmetschakelcolliertje waaraan een 14k bloemhangertje;&nbsp;<br>een paar 14k gouden bolvormige oorstekers;&nbsp;<br>een paar Art Deco 14k goud en platina oorhanges bezet met diamant, één met ontbrekende pampel;&nbsp;<br>twee 14k gouden hangertjes en een 14k gouden hartvormig medaillon;&nbsp;<br>een 18k gouden oorstekertje in bloemvorm en een 14k bicolour gouden oorsteker bezet met diamant;<br>een 14k gouden broche bezet met granaat;&nbsp;<br>een paar 835/1000 zilveren oorhangers met koralen pampels;<br>en een oorhanger met traanvormige pampel, bwgg.&nbsp;</p>"", ""internal_reference"": null, ""keurkamer"": true, ""literature"": null, ""origin_exhibition_lite"": null, ""period"": null, ""title"": ""Een collectie sieraden "", ""total"": null, ""weight_size_quality"": ""Bruto 43 gram. ""}"
f765c9e8-f101-43b8-a9b5-c336ba00dbd2,2066,26-0727/8,5595f3f8-0d21-4337-985c-b62f62070ce9,719,"Juwelen, Horloges & Luxury",Juwelen & Horloges,Een 14k gouden collier,Een 14k gouden collier,"<h3>Description</h3><p>Het v-vormige centrale deel bezet met een briljantgeslepen diamant, L. 45 cm.</p><h3>Weight / Size / Quality</h3>Bruto 11 gram.",published,EUR,300.0,500.0,300.0,300.0,,1,0,,,True,"Mon, 31 Aug 2026 15:00:00 GMT","Wed, 16 Sep 2026 17:33:00 GMT",https://media.app.artisio.co/media/3fc437c0-fdbb-4208-955a-90293eab416d/inventory/316cc635-ea33-47ff-b276-42e218298d7f/ed7757a4-b276-4725-b5fe-300c62b114e3/0001_LvNnIA_sm.jpeg;https://media.app.artisio.co/media/3fc437c0-fdbb-4208-955a-90293eab416d/inventory/316cc635-ea33-47ff-b276-42e218298d7f/264f6084-48ef-43de-a75f-db905d220504/0002_oBryVD_sm.jpeg,2,"{""artist_retail_right"": false, ""comments"": null, ""description"": ""<p>Het v-vormige centrale deel bezet met een briljantgeslepen diamant, L. 45 cm.</p>"", ""internal_reference"": null, ""keurkamer"": false, ""literature"": null, ""origin_exhibition_lite"": null, ""period"": null, ""title"": ""Een 14k gouden collier"", ""total"": null, ""weight_size_quality"": ""Bruto 11 gram. ""}"
fa10f1bb-d007-4e9a-b824-525c7afd9f3b,2067,26-0727/9,5595f3f8-0d21-4337-985c-b62f62070ce9,719,"Juwelen, Horloges & Luxury",Juwelen & Horloges,Een 14k gouden stijve armband,Een 14k gouden stijve armband,"<h3>Description</h3><p>Glad model, 6mm breed, binnenmaat 56x61 mm.&nbsp;</p><h3>Weight / Size / Quality</h3>Bruto 12 gram.",published,EUR,400.0,600.0,400.0,400.0,,1,1,400.0,400.0,True,"Mon, 31 Aug 2026 15:00:00 GMT","Wed, 16 Sep 2026 17:36:00 GMT",https://media.app.artisio.co/media/3fc437c0-fdbb-4208-955a-90293eab416d/inventory/98492d3b-b0fc-4721-9ddf-552b4d692928/0288e2dc-f312-4240-93a1-27af021ef486/0001_SpEHBN_sm.jpeg;https://media.app.artisio.co/media/3fc437c0-fdbb-4208-955a-90293eab416d/inventory/98492d3b-b0fc-4721-9ddf-552b4d692928/591132c8-096c-4535-83d9-2a7339ff14d3/0002_CCiIUq_sm.jpeg,2,"{""artist_retail_right"": false, ""comments"": null, ""description"": ""<p>Glad model, 6mm breed, binnenmaat 56x61 mm.&nbsp;</p>"", ""internal_reference"": null, ""keurkamer"": false, ""literature"": null, ""origin_exhibition_lite"": null, ""period"": null, ""title"": ""Een 14k gouden stijve armband"", ""total"": null, ""weight_size_quality"": ""Bruto 12 gram. ""}"
24dbaec6-21f8-4413-b041-aaedcbe5630a,2068,26-0727/10,5595f3f8-0d21-4337-985c-b62f62070ce9,719,"Juwelen, Horloges & Luxury",Juwelen & Horloges,Een 14k gouden schakelarmband,Een 14k gouden schakelarmband,"<h3>Description</h3><p>Bestaande uit gedeeltelijk getextureerde ovale schakels, 15 mm breed, L. 19 cm.&nbsp;</p><h3>Weight / Size / Quality</h3>Bruto 28 gram.",published,EUR,800.0,1200.0,800.0,800.0,,1,0,,,True,"Mon, 31 Aug 2026 15:00:00 GMT","Wed, 16 Sep 2026 17:36:00 GMT",https://media.app.artisio.co/media/3fc437c0-fdbb-4208-955a-90293eab416d/inventory/e85fdfa9-f414-455d-ac5d-7ca03c82e5da/fff889a4-4d2a-45a2-9529-0dda42829a04/0001_UrkqNB_sm.jpeg;https://media.app.artisio.co/media/3fc437c0-fdbb-4208-955a-90293eab416d/inventory/e85fdfa9-f414-455d-ac5d-7ca03c82e5da/d3d0e1b0-d257-4093-a351-c58446130aff/0002_xfhxWJ_sm.jpeg;https://media.app.artisio.co/media/3fc437c0-fdbb-4208-955a-90293eab416d/inventory/e85fdfa9-f414-455d-ac5d-7ca03c82e5da/7cc3f85f-9e66-4880-bec4-23d93409cdb4/0003_zgWRjA_sm.jpeg,3,"{""artist_retail_right"": false, ""comments"": null, ""description"": ""<p>Bestaande uit gedeeltelijk getextureerde ovale schakels, 15 mm breed, L. 19 cm.&nbsp;</p>"", ""internal_reference"": null, ""keurkamer"": false, ""literature"": null, ""origin_exhibition_lite"": null, ""period"": null, ""title"": ""Een 14k gouden schakelarmband"", ""total"": null, ""weight_size_quality"": ""Bruto 28 gram. ""}"
e7d5a4eb-a929-4f2c-9b5a-49270ee5c9cb,2069,26-0727/11,5595f3f8-0d21-4337-985c-b62f62070ce9,719,"Juwelen, Horloges & Luxury",Juwelen & Horloges,Een 14k gouden schakelarmband,Een 14k gouden schakelarmband,"<h3>Description</h3><p>Uit gevlochten schakels, slot defect en deels verkleurd, L. 19 cm.</p><h3>Weight / Size / Quality</h3>Bruto 19 gram.",published,EUR,300.0,500.0,300.0,300.0,,1,0,,,True,"Mon, 31 Aug 2026 15:00:00 GMT","Wed, 16 Sep 2026 17:36:00 GMT",https://media.app.artisio.co/media/3fc437c0-fdbb-4208-955a-90293eab416d/inventory/25a262d2-b676-4b1f-8e65-7130fca185ca/ed6f01a0-c113-453c-85ec-2ae8bae38eb4/0001_wvAVaE_sm.jpeg;https://media.app.artisio.co/media/3fc437c0-fdbb-4208-955a-90293eab416d/inventory/25a262d2-b676-4b1f-8e65-7130fca185ca/dae8cf86-8b76-4ff6-b0bb-ed593da253ed/0002_BTqKqb_sm.jpeg,2,"{""artist_retail_right"": false, ""comments"": null, ""description"": ""<p>Uit gevlochten schakels, slot defect en deels verkleurd, L. 19 cm.</p>"", ""internal_reference"": null, ""keurkamer"": false, ""literature"": null, ""origin_exhibition_lite"": null, ""period"": null, ""title"": ""Een 14k gouden schakelarmband"", ""total"": null, ""weight_size_quality"": ""Bruto 19 gram.""}"
31f0502d-935d-4374-ad17-b0d428f296d3,2070,26-0727/12,5595f3f8-0d21-4337-985c-b62f62070ce9,719,"Juwelen, Horloges & Luxury",Juwelen & Horloges,Een 18k gouden armband ,Een 18k gouden armband ,"<h3>Description</h3><p>Bestaande uit schakels met gegraveerd ster patroon, 12 mm breed, L. 18 cm.&nbsp;</p><h3>Weight / Size / Quality</h3>Bruto 38 gram.",published,EUR,1000.0,1500.0,1000.0,1000.0,,1,0,,,True,"Mon, 31 Aug 2026 15:00:00 GMT","Wed, 16 Sep 2026 17:36:00 GMT",https://media.app.artisio.co/media/3fc437c0-fdbb-4208-955a-90293eab416d/inventory/0ee697d3-4bfd-4930-b821-dea24818719b/fe68abff-6d51-4d28-a7d4-bd786b80e644/0001_nicCOT_sm.jpeg;https://media.app.artisio.co/media/3fc437c0-fdbb-4208-955a-90293eab416d/inventory/0ee697d3-4bfd-4930-b821-dea24818719b/1e3d2438-0436-4b94-b604-b540914f2649/0002_ErofKf_sm.jpeg;https://media.app.artisio.co/media/3fc437c0-fdbb-4208-955a-90293eab416d/inventory/0ee697d3-4bfd-4930-b821-dea24818719b/2071a67a-5db6-41b8-bc90-e2adbff55dab/0003_CIwGpL_sm.jpeg,3,"{""artist_retail_right"": false, ""comments"": null, ""description"": ""<p>Bestaande uit schakels met gegraveerd ster patroon, 12 mm breed, L. 18 cm.&nbsp;</p>"", ""internal_reference"": null, ""keurkamer"": false, ""literature"": null, ""origin_exhibition_lite"": null, ""period"": null, ""title"": ""Een 18k gouden armband "", ""total"": null, ""weight_size_quality"": ""Bruto 38 gram.""}"
c457d45b-0891-448a-ac97-c3f30751a455,2071,26-0727/13,5595f3f8-0d21-4337-985c-b62f62070ce9,719,"Juwelen, Horloges & Luxury",Juwelen & Horloges,Een 20k gouden armband,Een 20k gouden armband,"<h3>Description</h3><p>In de vorm van een slang, binnenmaat 53x62 mm.&nbsp;</p><h3>Weight / Size / Quality</h3>Bruto 54 gram.<h3>Keurkamer</h3>Yes",published,EUR,1600.0,2600.0,1600.0,1600.0,,1,0,,,True,"Mon, 31 Aug 2026 15:00:00 GMT","Wed, 16 Sep 2026 17:36:00 GMT",https://media.app.artisio.co/media/3fc437c0-fdbb-4208-955a-90293eab416d/inventory/706080d0-e706-4572-8ac6-c1ddde8ca867/f2f2c154-3d3e-448f-bd3f-824e8b9aa673/0001_dGbZOm_sm.jpeg;https://media.app.artisio.co/media/3fc437c0-fdbb-4208-955a-90293eab416d/inventory/706080d0-e706-4572-8ac6-c1ddde8ca867/0ca38caa-e3e7-48d8-8687-4984a42aae7b/0002_BguZaT_sm.jpeg,2,"{""artist_retail_right"": false, ""comments"": null, ""description"": ""<p>In de vorm van een slang, binnenmaat 53x62 mm.&nbsp;</p>"", ""internal_reference"": null, ""keurkamer"": true, ""literature"": null, ""origin_exhibition_lite"": null, ""period"": null, ""title"": ""Een 20k gouden armband"", ""total"": null, ""weight_size_quality"": ""Bruto 54 gram.""}"
429f9e97-db5d-4d1f-ab58-83e48748b7f9,2072,26-0727/14,5595f3f8-0d21-4337-985c-b62f62070ce9,719,"Juwelen, Horloges & Luxury",Juwelen & Horloges,Een 18k gouden vaste armband,Een 18k gouden vaste armband,"<h3>Description</h3><p>Opengewerkt model met bladmotieven, 14 mm breed, binnenmaat 42x54 mm.&nbsp;</p><h3>Weight / Size / Quality</h3>Bruto 14 gram.",published,EUR,300.0,500.0,300.0,300.0,,1,0,,,True,"Mon, 31 Aug 2026 15:00:00 GMT","Wed, 16 Sep 2026 17:36:00 GMT",https://media.app.artisio.co/media/3fc437c0-fdbb-4208-955a-90293eab416d/inventory/82cedbb3-a3b6-4b49-9b74-c1164db2e837/10f6698d-627a-4615-b64f-2f565a2c8cfc/0001_IOtKoF_sm.jpeg;https://media.app.artisio.co/media/3fc437c0-fdbb-4208-955a-90293eab416d/inventory/82cedbb3-a3b6-4b49-9b74-c1164db2e837/2af6608e-8622-43bc-a801-caea43f84269/0002_lUhQxC_sm.jpeg;https://media.app.artisio.co/media/3fc437c0-fdbb-4208-955a-90293eab416d/inventory/82cedbb3-a3b6-4b49-9b74-c1164db2e837/a37fd509-1bae-4073-8f16-efc6ca3364c6/0003_qwIvcx_sm.jpeg,3,"{""artist_retail_right"": false, ""comments"": null, ""description"": ""<p>Opengewerkt model met bladmotieven, 14 mm breed, binnenmaat 42x54 mm.&nbsp;</p>"", ""internal_reference"": null, ""keurkamer"": false, ""literature"": null, ""origin_exhibition_lite"": null, ""period"": null, ""title"": ""Een 18k gouden vaste armband"", ""total"": null, ""weight_size_quality"": ""Bruto 14 gram.""}"
11f34b64-ab60-4f5b-bc0d-dfe288ecdb5e,2073,26-0727/15,5595f3f8-0d21-4337-985c-b62f62070ce9,719,"Juwelen, Horloges & Luxury",Juwelen & Horloges,Een 18k gouden diamanten armband,Een 18k gouden diamanten armband,"<h3>Description</h3><p>De opengewerkte schakels volledig bezet met briljantgeslepen diamanten, 11 mm breed, L. 18,5 cm.&nbsp;</p><h3>Weight / Size / Quality</h3>Bruto 30 gram.",published,EUR,800.0,1200.0,800.0,800.0,,1,0,,,True,"Mon, 31 Aug 2026 15:00:00 GMT","Wed, 16 Sep 2026 17:39:00 GMT",https://media.app.artisio.co/media/3fc437c0-fdbb-4208-955a-90293eab416d/inventory/d0adbfd5-f7ce-46c4-8567-e76f677e7cd4/ce676f03-e589-4b01-8ff5-6a15ba7d9291/0001_ejNcCy_sm.jpeg;https://media.app.artisio.co/media/3fc437c0-fdbb-4208-955a-90293eab416d/inventory/d0adbfd5-f7ce-46c4-8567-e76f677e7cd4/5d2bf0a9-13ed-4cf2-a56c-6e09aa10d29b/0002_AEdyIN_sm.jpeg;https://media.app.artisio.co/media/3fc437c0-fdbb-4208-955a-90293eab416d/inventory/d0adbfd5-f7ce-46c4-8567-e76f677e7cd4/690242be-5b95-4592-a26d-a4ac87e336a0/0003_GHWnPl_sm.jpeg,3,"{""artist_retail_right"": false, ""comments"": null, ""description"": ""<p>De opengewerkte schakels volledig bezet met briljantgeslepen diamanten, 11 mm breed, L. 18,5 cm.&nbsp;</p>"", ""internal_reference"": null, ""keurkamer"": false, ""literature"": null, ""origin_exhibition_lite"": null, ""period"": null, ""title"": ""Een 18k gouden diamanten armband"", ""total"": null, ""weight_size_quality"": ""Bruto 30 gram. ""}"
4a40b066-41d2-461e-a069-12c18c14b6af,2074,26-0727/16,5595f3f8-0d21-4337-985c-b62f62070ce9,719,"Juwelen, Horloges & Luxury",Juwelen & Horloges,Een 18k gouden vaste armband,Een 18k gouden vaste armband,"<h3>Description</h3><p>De voorzijde gedecoreerd een organische vorm, 16 mm breed, binnenmaat 44x53 mm.&nbsp;</p><h3>Weight / Size / Quality</h3>Bruto 78 gram.<h3>Keurkamer</h3>Yes",published,EUR,2000.0,4000.0,2000.0,2000.0,,1,0,,,True,"Mon, 31 Aug 2026 15:00:00 GMT","Wed, 16 Sep 2026 17:39:00 GMT",https://media.app.artisio.co/media/3fc437c0-fdbb-4208-955a-90293eab416d/inventory/e611589f-559c-4419-95f0-5ffda7d37507/774a907b-69ee-4fc1-8521-f03285547c7b/0001_zDPHMI_sm.jpeg;https://media.app.artisio.co/media/3fc437c0-fdbb-4208-955a-90293eab416d/inventory/e611589f-559c-4419-95f0-5ffda7d37507/da59357a-f266-4a43-bcbf-e786648be373/0002_WNujsG_sm.jpeg;https://media.app.artisio.co/media/3fc437c0-fdbb-4208-955a-90293eab416d/inventory/e611589f-559c-4419-95f0-5ffda7d37507/b39d6774-2234-428a-8d9c-c836ceb35c12/0003_KQhuJu_sm.jpeg,3,"{""artist_retail_right"": false, ""comments"": null, ""description"": ""<p>De voorzijde gedecoreerd een organische vorm, 16 mm breed, binnenmaat 44x53 mm.&nbsp;</p>"", ""internal_reference"": null, ""keurkamer"": true, ""literature"": null, ""origin_exhibition_lite"": null, ""period"": null, ""title"": ""Een 18k gouden vaste armband"", ""total"": null, ""weight_size_quality"": ""Bruto 78 gram.""}"
9818800b-01c6-446c-8764-c57ebbced09b,2075,26-0727/17,5595f3f8-0d21-4337-985c-b62f62070ce9,719,"Juwelen, Horloges & Luxury",Juwelen & Horloges,Drie 14k gouden damespolshorloges,Drie 14k gouden damespolshorloges,"<h3>Description</h3><p>Allen met mechanisch uurwerk aan geïntegreerde gouden band, werking niet getest, L. 2x 16 cm en 1x 18 cm.&nbsp;</p><h3>Weight / Size / Quality</h3>Bruto 54 gram.",published,EUR,500.0,700.0,500.0,500.0,,1,0,,,True,"Mon, 31 Aug 2026 15:00:00 GMT","Wed, 16 Sep 2026 17:39:00 GMT",https://media.app.artisio.co/media/3fc437c0-fdbb-4208-955a-90293eab416d/inventory/4c156c3a-6c7d-47d1-b973-8bb0997f9033/9f51d843-92a2-42fe-9274-2258cb995d19/0001_oGbFOL_sm.jpeg;https://media.app.artisio.co/media/3fc437c0-fdbb-4208-955a-90293eab416d/inventory/4c156c3a-6c7d-47d1-b973-8bb0997f9033/3e707965-639a-4dee-819f-4626898c2a53/0002_UsAkvj_sm.jpeg,2,"{""artist_retail_right"": false, ""comments"": null, ""description"": ""<p>Allen met mechanisch uurwerk aan geïntegreerde gouden band, werking niet getest, L. 2x 16 cm en 1x 18 cm.&nbsp;</p>"", ""internal_reference"": null, ""keurkamer"": false, ""literature"": null, ""origin_exhibition_lite"": null, ""period"": null, ""title"": ""Drie 14k gouden damespolshorloges"", ""total"": null, ""weight_size_quality"": ""Bruto 54 gram. ""}"
46fe3607-19de-402d-a306-5420550a2b3c,2076,26-0727/18,5595f3f8-0d21-4337-985c-b62f62070ce9,719,"Juwelen, Horloges & Luxury",Juwelen & Horloges,Twaalf gouden ringen,Twaalf gouden ringen,"<h3>Description</h3><p>Bestaande uit:&nbsp;<br>een 20k gouden slagring bezet met twee roosgeslepen diamanten, ringmaat 17/53;&nbsp;<br>een 18k gouden knoopring bezet met diamantjes, ringmaat 17.5/55;<br>een 14k gouden ring met hartjes, bezet met een diamantje, ringmaat 17/53;<br>een 14k gouden markiesring bezet met briljantgeslepen diamant, één diamant ontbreekt, ringmaat 17/53;<br>een 14k gouden markiesring bezet met drie diamantjes, ringmaat 17/53;<br>een 14k gouden slagring bezet met een roze glassteen en drie diamantjes, ringmaat 17/53;<br>een 14k gouden slagring bezet met briljantgeslepen diamant, ringmaat 17/53;&nbsp;<br>een 14k gouden ring bezet met vier diamantjes, ringmaat 16.75/52; &nbsp;<br>een 14k gouden slagring bezet met twee roosgeslepen diamantjes, ringmaat 17/53; &nbsp;<br>een 14k gouden opengewerkte ring bezet met een briljantgeslepen diamantje, ringmaat 16.5/52.<br>Daarbij: een ring bezet met een roosgeslepen diamant in zilveren zetting, bwgg ringmaat 16.5/52, en een ring met twee imitatieparels, bwgg, ringmaat 16.5/51;&nbsp;</p><h3>Weight / Size / Quality</h3>Bruto 27 gram.<h3>Keurkamer</h3>Yes",published,EUR,500.0,700.0,500.0,500.0,,1,1,500.0,500.0,True,"Mon, 31 Aug 2026 15:00:00 GMT","Wed, 16 Sep 2026 17:39:00 GMT",https://media.app.artisio.co/media/3fc437c0-fdbb-4208-955a-90293eab416d/inventory/cd0757ff-aac2-4df2-a2b0-137d8b19f54f/c86ed661-d709-42e2-bc83-2baf96bfaef4/0001_owYNVh_sm.jpeg;https://media.app.artisio.co/media/3fc437c0-fdbb-4208-955a-90293eab416d/inventory/cd0757ff-aac2-4df2-a2b0-137d8b19f54f/cd1c613c-e815-40f5-9d6a-713dfd7aedab/0002_NfGLkx_sm.jpeg;https://media.app.artisio.co/media/3fc437c0-fdbb-4208-955a-90293eab416d/inventory/cd0757ff-aac2-4df2-a2b0-137d8b19f54f/5307f66a-5ae3-4cfd-a033-a5c8a87f2093/0003_LMbgxk_sm.jpeg;https://media.app.artisio.co/media/3fc437c0-fdbb-4208-955a-90293eab416d/inventory/cd0757ff-aac2-4df2-a2b0-137d8b19f54f/0e3a65bd-33ca-4eff-bcd9-0066e6d7699f/0004_jSphwA_sm.jpeg;https://media.app.artisio.co/media/3fc437c0-fdbb-4208-955a-90293eab416d/inventory/cd0757ff-aac2-4df2-a2b0-137d8b19f54f/79727be5-975b-4596-bc0b-01efc875b2ce/0005_QfCvtp_sm.jpeg,5,"{""artist_retail_right"": false, ""comments"": null, ""description"": ""<p>Bestaande uit:&nbsp;<br>een 20k gouden slagring bezet met twee roosgeslepen diamanten, ringmaat 17/53;&nbsp;<br>een 18k gouden knoopring bezet met diamantjes, ringmaat 17.5/55;<br>een 14k gouden ring met hartjes, bezet met een diamantje, ringmaat 17/53;<br>een 14k gouden markiesring bezet met briljantgeslepen diamant, één diamant ontbreekt, ringmaat 17/53;<br>een 14k gouden markiesring bezet met drie diamantjes, ringmaat 17/53;<br>een 14k gouden slagring bezet met een roze glassteen en drie diamantjes, ringmaat 17/53;<br>een 14k gouden slagring bezet met briljantgeslepen diamant, ringmaat 17/53;&nbsp;<br>een 14k gouden ring bezet met vier diamantjes, ringmaat 16.75/52; &nbsp;<br>een 14k gouden slagring bezet met twee roosgeslepen diamantjes, ringmaat 17/53; &nbsp;<br>een 14k gouden opengewerkte ring bezet met een briljantgeslepen diamantje, ringmaat 16.5/52.<br>Daarbij: een ring bezet met een roosgeslepen diamant in zilveren zetting, bwgg ringmaat 16.5/52, en een ring met twee imitatieparels, bwgg, ringmaat 16.5/51;&nbsp;</p>"", ""internal_reference"": null, ""keurkamer"": true, ""literature"": null, ""origin_exhibition_lite"": null, ""period"": null, ""title"": ""Twaalf gouden ringen"", ""total"": null, ""weight_size_quality"": ""Bruto 27 gram.""}"
2ff6d8f2-b9e0-4ded-a1ab-9814b7a2d518,2077,26-0727/19,5595f3f8-0d21-4337-985c-b62f62070ce9,719,"Juwelen, Horloges & Luxury",Juwelen & Horloges,Twee smaragd ringen,Twee smaragd ringen,"<h3>Description</h3><p>Bestaande uit een 14k gouden ring bezet met een ovaal cabochongeslepen smaragd met barstje, circa 2 ct., ringmaat 17/53; een clusterring bezet met een ovaal-geslepen smaragd en briljantgeslepen diamantjes, bwgg, ringmaat 19/59.</p><h3>Weight / Size / Quality</h3>Bruto 7 gram.<h3>Keurkamer</h3>Yes",published,EUR,600.0,800.0,600.0,600.0,,1,0,,,True,"Mon, 31 Aug 2026 15:00:00 GMT","Wed, 16 Sep 2026 17:39:00 GMT",https://media.app.artisio.co/media/3fc437c0-fdbb-4208-955a-90293eab416d/inventory/699637cd-16cd-46f6-8bf6-34eee6e0fb32/5316c97e-75fb-4adb-963a-c0cb482cebc5/0001_BIAIvR_sm.jpeg;https://media.app.artisio.co/media/3fc437c0-fdbb-4208-955a-90293eab416d/inventory/699637cd-16cd-46f6-8bf6-34eee6e0fb32/4aad0d32-b831-44d0-b32c-55d239ca5a5b/0006_GlbimN_sm.jpeg;https://media.app.artisio.co/media/3fc437c0-fdbb-4208-955a-90293eab416d/inventory/699637cd-16cd-46f6-8bf6-34eee6e0fb32/da4ca816-4236-408b-9132-d805c2adaec9/0006a_pnhzVO_sm.jpeg;https://media.app.artisio.co/media/3fc437c0-fdbb-4208-955a-90293eab416d/inventory/699637cd-16cd-46f6-8bf6-34eee6e0fb32/bc66b192-31ee-4851-914e-616fcb63a879/0006b_JYlntk_sm.jpeg;https://media.app.artisio.co/media/3fc437c0-fdbb-4208-955a-90293eab416d/inventory/699637cd-16cd-46f6-8bf6-34eee6e0fb32/823c2f57-c3cc-478f-ab73-a5fbd6526710/0006c_VxREMa_sm.jpeg;https://media.app.artisio.co/media/3fc437c0-fdbb-4208-955a-90293eab416d/inventory/699637cd-16cd-46f6-8bf6-34eee6e0fb32/ccabe1d3-7b3f-47bb-838d-442df498415d/0006d_DuDcmT_sm.jpeg;https://media.app.artisio.co/media/3fc437c0-fdbb-4208-955a-90293eab416d/inventory/699637cd-16cd-46f6-8bf6-34eee6e0fb32/94d41627-6b67-479b-ab24-d9ae515bf273/0006e_fyDKfr_sm.jpeg,7,"{""artist_retail_right"": false, ""comments"": null, ""description"": ""<p>Bestaande uit een 14k gouden ring bezet met een ovaal cabochongeslepen smaragd met barstje, circa 2 ct., ringmaat 17/53; een clusterring bezet met een ovaal-geslepen smaragd en briljantgeslepen diamantjes, bwgg, ringmaat 19/59.</p>"", ""internal_reference"": null, ""keurkamer"": true, ""literature"": null, ""origin_exhibition_lite"": null, ""period"": null, ""title"": ""Twee smaragd ringen"", ""total"": null, ""weight_size_quality"": ""Bruto 7 gram. ""}"
5bdda2d8-bd03-46fc-b7b6-ce8a1510c9a0,2078,26-0727/20,5595f3f8-0d21-4337-985c-b62f62070ce9,719,"Juwelen, Horloges & Luxury",Juwelen & Horloges,Een collectie antieke streeksieraden,Een collectie antieke streeksieraden,"<h3>Description</h3><p>Bestaande uit:&nbsp;<br>een 14k gouden bootjescollier, bezet met roosgeslepen granaat, L. 38 cm;&nbsp;<br>een 14k goud en zilveren ovale broche bezet met een micromozaiek voorstelling van een hond, barstjes, 45x38 mm;&nbsp;<br>twee 14k gouden medaillons met haarwerk, D. 19 mm;&nbsp;<br>een 14k gouden broche bezet met twee onyx en zaadpareltjes, speld metaal, L. 30 mm;<br>een paar oorhangers bezet met facetgeslepen granaat kralen, bwgg, L. 42 mm;&nbsp;<br>en een ronde broche bezet met onyx, bwgg, gaatje in rand, D. 25 mm;&nbsp;<br>een paar dormeuses bezet met zwart emaille, bwgg, D. 9 mm.&nbsp;</p><h3>Weight / Size / Quality</h3>Bruto 65 gram.<h3>Keurkamer</h3>Yes",published,EUR,400.0,600.0,400.0,400.0,,1,0,,,True,"Mon, 31 Aug 2026 15:00:00 GMT","Wed, 16 Sep 2026 17:39:00 GMT",https://media.app.artisio.co/media/3fc437c0-fdbb-4208-955a-90293eab416d/inventory/2bf935a9-bde2-462b-af11-40d1f031fc0c/a5c26eea-cf5f-4f2a-badf-52fd546c3957/0001_XgDcMV_sm.jpeg;https://media.app.artisio.co/media/3fc437c0-fdbb-4208-955a-90293eab416d/inventory/2bf935a9-bde2-462b-af11-40d1f031fc0c/e09654fa-3d66-434a-8730-e26992c94ef2/0002_gutwGO_sm.jpeg,2,"{""artist_retail_right"": false, ""comments"": null, ""description"": ""<p>Bestaande uit:&nbsp;<br>een 14k gouden bootjescollier, bezet met roosgeslepen granaat, L. 38 cm;&nbsp;<br>een 14k goud en zilveren ovale broche bezet met een micromozaiek voorstelling van een hond, barstjes, 45x38 mm;&nbsp;<br>twee 14k gouden medaillons met haarwerk, D. 19 mm;&nbsp;<br>een 14k gouden broche bezet met twee onyx en zaadpareltjes, speld metaal, L. 30 mm;<br>een paar oorhangers bezet met facetgeslepen granaat kralen, bwgg, L. 42 mm;&nbsp;<br>en een ronde broche bezet met onyx, bwgg, gaatje in rand, D. 25 mm;&nbsp;<br>een paar dormeuses bezet met zwart emaille, bwgg, D. 9 mm.&nbsp;</p>"", ""internal_reference"": null, ""keurkamer"": true, ""literature"": null, ""origin_exhibition_lite"": null, ""period"": null, ""title"": ""Een collectie antieke streeksieraden"", ""total"": null, ""weight_size_quality"": ""Bruto 65 gram. ""}"
bad33c09-90ce-4fab-b06f-71d505e81d41,2079,26-0727/21,5595f3f8-0d21-4337-985c-b62f62070ce9,719,"Juwelen, Horloges & Luxury",Juwelen & Horloges,Een paar 14k gouden robijn en diamanten oorstekers,Een paar 14k gouden robijn en diamanten oorstekers,"<h3>Description</h3><p>Bezet met een entourage van ovaal geslepen robijn omringd door briljantgeslepen diamanten, 11x9 mm.&nbsp;</p><h3>Weight / Size / Quality</h3>Bruto 3 gram.",published,EUR,300.0,500.0,300.0,300.0,,1,0,,,True,"Mon, 31 Aug 2026 15:00:00 GMT","Wed, 16 Sep 2026 17:42:00 GMT",https://media.app.artisio.co/media/3fc437c0-fdbb-4208-955a-90293eab416d/inventory/10d1fb13-b825-4150-9a86-4f9af28759af/daf13ad2-ea47-499a-a17f-78b822bda206/0001_ivDLnR_sm.jpeg;https://media.app.artisio.co/media/3fc437c0-fdbb-4208-955a-90293eab416d/inventory/10d1fb13-b825-4150-9a86-4f9af28759af/5a850488-eca0-494b-afb2-70bc2f408dc4/0002_WheHKn_sm.jpeg;https://media.app.artisio.co/media/3fc437c0-fdbb-4208-955a-90293eab416d/inventory/10d1fb13-b825-4150-9a86-4f9af28759af/37c655a0-95c2-4ebb-b8e7-05af6746bacb/0003_rLoRPL_sm.jpeg,3,"{""artist_retail_right"": false, ""comments"": null, ""description"": ""<p>Bezet met een entourage van ovaal geslepen robijn omringd door briljantgeslepen diamanten, 11x9 mm.&nbsp;</p>"", ""internal_reference"": null, ""keurkamer"": false, ""literature"": null, ""origin_exhibition_lite"": null, ""period"": null, ""title"": ""Een paar 14k gouden robijn en diamanten oorstekers"", ""total"": null, ""weight_size_quality"": ""Bruto 3 gram. ""}"
f786aad9-ecb5-4c66-85bc-cbccb7701453,2080,26-0727/22,5595f3f8-0d21-4337-985c-b62f62070ce9,719,"Juwelen, Horloges & Luxury",Juwelen & Horloges,Een collectie van zes cultivé parelcolliers ,Een collectie van zes cultivé parelcolliers ,"<h3>Description</h3><p>Waarvan vier met gouden slot, en twee met een zilver slot, L. 45 tot 80 cm.&nbsp;</p><h3>Weight / Size / Quality</h3>Bruto 248 gram.<h3>Keurkamer</h3>Yes",published,EUR,400.0,600.0,400.0,400.0,,1,0,,,True,"Mon, 31 Aug 2026 15:00:00 GMT","Wed, 16 Sep 2026 17:42:00 GMT",https://media.app.artisio.co/media/3fc437c0-fdbb-4208-955a-90293eab416d/inventory/1e31bcad-6b51-4f2c-a9f5-8b5fa2462070/ad63f5c4-ed00-4bb6-b54d-496d9d33bd6c/0001_DaVHLX_sm.jpeg;https://media.app.artisio.co/media/3fc437c0-fdbb-4208-955a-90293eab416d/inventory/1e31bcad-6b51-4f2c-a9f5-8b5fa2462070/f7c6550f-1639-4434-a0ad-9be78fb90a74/0002_JecMiK_sm.jpeg;https://media.app.artisio.co/media/3fc437c0-fdbb-4208-955a-90293eab416d/inventory/1e31bcad-6b51-4f2c-a9f5-8b5fa2462070/836eee0d-e6b7-4de4-ae8c-af3ad890a140/0003_HoJise_sm.jpeg;https://media.app.artisio.co/media/3fc437c0-fdbb-4208-955a-90293eab416d/inventory/1e31bcad-6b51-4f2c-a9f5-8b5fa2462070/33caade2-e641-4340-ab8f-3631bd8443a3/0004_OWOcyW_sm.jpeg,4,"{""artist_retail_right"": false, ""comments"": null, ""description"": ""<p>Waarvan vier met gouden slot, en twee met een zilver slot, L. 45 tot 80 cm.&nbsp;</p>"", ""internal_reference"": null, ""keurkamer"": true, ""literature"": null, ""origin_exhibition_lite"": null, ""period"": null, ""title"": ""Een collectie van zes cultivé parelcolliers "", ""total"": null, ""weight_size_quality"": ""Bruto 248 gram. ""}"
a6d7e312-f764-45bb-8ec0-91576b774169,2081,26-0727/23,5595f3f8-0d21-4337-985c-b62f62070ce9,719,"Juwelen, Horloges & Luxury",Juwelen & Horloges,Een collectie zilveren en onedele sieraden en diverse kleinoden,Een collectie zilveren en onedele sieraden en diverse kleinoden,"<h3>Description</h3><p>Waaronder diverse armbanden, colliers, ringen en een paar vorken.&nbsp;</p><h3>Weight / Size / Quality</h3>Bruto 750 gram.",published,EUR,100.0,200.0,100.0,100.0,,1,1,100.0,100.0,True,"Mon, 31 Aug 2026 15:00:00 GMT","Wed, 16 Sep 2026 17:42:00 GMT",https://media.app.artisio.co/media/3fc437c0-fdbb-4208-955a-90293eab416d/inventory/023357fc-744c-45ef-92c4-dcca9d964a3f/f211366a-11ef-4eb9-9606-f7506bb2d5cc/0001_msZBmV_sm.jpeg;https://media.app.artisio.co/media/3fc437c0-fdbb-4208-955a-90293eab416d/inventory/023357fc-744c-45ef-92c4-dcca9d964a3f/a25288a9-f998-44f8-8254-6ede91cf33b6/0002_ErrQBh_sm.jpeg,2,"{""artist_retail_right"": false, ""comments"": null, ""description"": ""<p>Waaronder diverse armbanden, colliers, ringen en een paar vorken.&nbsp;</p>"", ""internal_reference"": null, ""keurkamer"": false, ""literature"": null, ""origin_exhibition_lite"": null, ""period"": null, ""title"": ""Een collectie zilveren en onedele sieraden en diverse kleinoden"", ""total"": null, ""weight_size_quality"": ""Bruto 750 gram. ""}"
68e28693-53dc-42f7-ac85-a0de3eec822f,2082,26-0727/24,5595f3f8-0d21-4337-985c-b62f62070ce9,719,"Juwelen, Horloges & Luxury",Juwelen & Horloges,Een collectie zilveren ringen,Een collectie zilveren ringen,"<h3>Description</h3><p>Zestien stuks, waaronder bezet met amethyst, malachiet en onyx.&nbsp;</p><h3>Weight / Size / Quality</h3>Bruto 57 gram.",published,EUR,100.0,200.0,35.0,35.0,,1,1,35.0,35.0,True,"Mon, 31 Aug 2026 15:00:00 GMT","Wed, 16 Sep 2026 17:42:00 GMT",https://media.app.artisio.co/media/3fc437c0-fdbb-4208-955a-90293eab416d/inventory/1514cb04-8e8b-43d4-92f8-29bcf60ebacc/79e5cc0d-c8e3-461f-8b99-c3f32814219e/0001_jDngyK_sm.jpeg;https://media.app.artisio.co/media/3fc437c0-fdbb-4208-955a-90293eab416d/inventory/1514cb04-8e8b-43d4-92f8-29bcf60ebacc/18900768-b263-4639-bf08-774a6c81f7ba/0002_ypegNx_sm.jpeg;https://media.app.artisio.co/media/3fc437c0-fdbb-4208-955a-90293eab416d/inventory/1514cb04-8e8b-43d4-92f8-29bcf60ebacc/80fe1ad4-c363-437e-a8b4-4680aa53b3f0/0003_OlPsfG_sm.jpeg;https://media.app.artisio.co/media/3fc437c0-fdbb-4208-955a-90293eab416d/inventory/1514cb04-8e8b-43d4-92f8-29bcf60ebacc/0d65297d-ae33-4989-8b55-72746e581b55/0004_UKhOlx_sm.jpeg,4,"{""artist_retail_right"": false, ""comments"": null, ""description"": ""<p>Zestien stuks, waaronder bezet met amethyst, malachiet en onyx.&nbsp;</p>"", ""internal_reference"": null, ""keurkamer"": false, ""literature"": null, ""origin_exhibition_lite"": null, ""period"": null, ""title"": ""Een collectie zilveren ringen"", ""total"": null, ""weight_size_quality"": ""Bruto 57 gram.""}"
e4e57453-b649-4701-9ff3-7b6f4fa7d3ac,2083,26-0727/25,5595f3f8-0d21-4337-985c-b62f62070ce9,719,"Juwelen, Horloges & Luxury",Juwelen & Horloges,Een polshorloge en een zakhorloge,Een polshorloge en een zakhorloge,"<h3>Description</h3><p>Beide onedel, werking niet gecontroleerd, polshorloge L. 20 cm, zakhorloge D. 28 mm.&nbsp;</p><h3>Weight / Size / Quality</h3>Bruto 40 gram.",published,EUR,60.0,80.0,35.0,35.0,,1,0,,,True,"Mon, 31 Aug 2026 15:00:00 GMT","Wed, 16 Sep 2026 17:42:00 GMT",https://media.app.artisio.co/media/3fc437c0-fdbb-4208-955a-90293eab416d/inventory/6d1c4ac4-5800-4986-8266-e4f58b224a7b/bf554f49-943d-492a-96d6-a7389d778cd0/0001_rBLdFE_sm.jpeg;https://media.app.artisio.co/media/3fc437c0-fdbb-4208-955a-90293eab416d/inventory/6d1c4ac4-5800-4986-8266-e4f58b224a7b/70239334-4c20-477f-8c5e-1ec317ae9988/0002_wgsiMN_sm.jpeg,2,"{""artist_retail_right"": false, ""comments"": null, ""description"": ""<p>Beide onedel, werking niet gecontroleerd, polshorloge L. 20 cm, zakhorloge D. 28 mm.&nbsp;</p>"", ""internal_reference"": null, ""keurkamer"": false, ""literature"": null, ""origin_exhibition_lite"": null, ""period"": null, ""title"": ""Een polshorloge en een zakhorloge"", ""total"": null, ""weight_size_quality"": ""Bruto 40 gram. ""}"
9ca76c5c-8a25-470c-8ce3-9cc98417e8cc,2084,26-0727/26,5595f3f8-0d21-4337-985c-b62f62070ce9,719,"Juwelen, Horloges & Luxury",Juwelen & Horloges,Een 14k witgouden diamanten ring,Een 14k witgouden diamanten ring,"<h3>Description</h3><p>Bezet met een entourage van briljantgeslepen diamanten, ringmaat 18.75/58.&nbsp;</p><h3>Weight / Size / Quality</h3>Bruto 3 gram.",published,EUR,300.0,500.0,300.0,300.0,,1,0,,,True,"Mon, 31 Aug 2026 15:00:00 GMT","Wed, 16 Sep 2026 17:42:00 GMT",https://media.app.artisio.co/media/3fc437c0-fdbb-4208-955a-90293eab416d/inventory/d57ef5f9-3aa5-43e3-a54e-ec953cc66ac2/37fa0b9b-904d-4540-b100-ea88bee4ae4a/0001_vEEXSM_sm.jpeg;https://media.app.artisio.co/media/3fc437c0-fdbb-4208-955a-90293eab416d/inventory/d57ef5f9-3aa5-43e3-a54e-ec953cc66ac2/db72aa7c-3aa3-4a60-9ef7-7b07879d445a/0002_PGGcFI_sm.jpeg;https://media.app.artisio.co/media/3fc437c0-fdbb-4208-955a-90293eab416d/inventory/d57ef5f9-3aa5-43e3-a54e-ec953cc66ac2/89b244a9-f8dc-4ab2-8d75-3df7345a2039/0003_MoWIeQ_sm.jpeg,3,"{""artist_retail_right"": false, ""comments"": null, ""description"": ""<p>Bezet met een entourage van briljantgeslepen diamanten, ringmaat 18.75/58.&nbsp;</p>"", ""internal_reference"": null, ""keurkamer"": false, ""literature"": null, ""origin_exhibition_lite"": null, ""period"": null, ""title"": ""Een 14k witgouden diamanten ring"", ""total"": null, ""weight_size_quality"": ""Bruto 3 gram. ""}"
f8006ef3-98d9-4c72-aa57-22093c279f20,2085,26-0727/27,5595f3f8-0d21-4337-985c-b62f62070ce9,719,"Juwelen, Horloges & Luxury",Juwelen & Horloges,Een 14k gouden diamanten solitair ring,Een 14k gouden diamanten solitair ring,"<h3>Description</h3><p>Bezet met een kussengeslepen diamant van circa 1.5 ct., K-L/P1 kwaliteit, ringmaat 16.5/52.</p><h3>Weight / Size / Quality</h3>Bruto 2 gram<h3>Keurkamer</h3>Yes",published,EUR,600.0,1200.0,600.0,600.0,,1,0,,,True,"Mon, 31 Aug 2026 15:00:00 GMT","Wed, 16 Sep 2026 17:45:00 GMT",https://media.app.artisio.co/media/3fc437c0-fdbb-4208-955a-90293eab416d/inventory/20a462ef-a73a-454a-8e52-19a3d162b03e/4829ba2b-3786-4b43-bdc9-b69c9daebd67/0001_nfoRtf_sm.jpeg;https://media.app.artisio.co/media/3fc437c0-fdbb-4208-955a-90293eab416d/inventory/20a462ef-a73a-454a-8e52-19a3d162b03e/644bf276-2cbd-4e40-a76b-0fcc7a05db51/0002_ZbSYEA_sm.jpeg;https://media.app.artisio.co/media/3fc437c0-fdbb-4208-955a-90293eab416d/inventory/20a462ef-a73a-454a-8e52-19a3d162b03e/95538341-4d41-449c-b703-0b8ef2f3615f/0003_okoMdF_sm.jpeg,3,"{""artist_retail_right"": false, ""comments"": null, ""description"": ""<p>Bezet met een kussengeslepen diamant van circa 1.5 ct., K-L/P1 kwaliteit, ringmaat 16.5/52.</p>"", ""internal_reference"": null, ""keurkamer"": true, ""literature"": null, ""origin_exhibition_lite"": null, ""period"": null, ""title"": ""Een 14k gouden diamanten solitair ring"", ""total"": null, ""weight_size_quality"": ""Bruto 2 gram""}"
5c531bc6-c3cf-45ba-802d-82efe151ed23,2086,26-0583/2,5595f3f8-0d21-4337-985c-b62f62070ce9,719,"Juwelen, Horloges & Luxury",Juwelen & Horloges,Een losse natuurlijke paarse saffier,Een losse natuurlijke paarse saffier,"<h3>Description</h3><p>De ovaal geslepen paarse steen wegende 3.23 ct.</p><p>Voorzien van een Bellerophon gem certificate no. B55663 gedateerd december 15, 2025 welk de steen omschrijft als natuurlijk met Sri Lanka als geografische oorsprong zonder sporen van verhitting.</p>",published,EUR,1200.0,1600.0,1200.0,1200.0,2000.0,1,0,,,True,"Mon, 31 Aug 2026 15:00:00 GMT","Wed, 16 Sep 2026 17:45:00 GMT",https://media.app.artisio.co/media/3fc437c0-fdbb-4208-955a-90293eab416d/inventory/5c014aa5-6f21-41d2-a895-275e8dd80fac/18023e42-08f7-4693-90ab-4a120e6a5a86/0001_XIrJDJ_sm.jpeg;https://media.app.artisio.co/media/3fc437c0-fdbb-4208-955a-90293eab416d/inventory/5c014aa5-6f21-41d2-a895-275e8dd80fac/0a20f4d0-2923-4737-bda6-1f7892840ebe/0002_vgsNYz_sm.jpeg;https://media.app.artisio.co/media/3fc437c0-fdbb-4208-955a-90293eab416d/inventory/5c014aa5-6f21-41d2-a895-275e8dd80fac/66432fb1-b803-4c1a-846b-ffb21846bc18/0003_nADgzF_sm.jpeg,3,"{""artist_retail_right"": false, ""comments"": null, ""description"": ""<p>De ovaal geslepen paarse steen wegende 3.23 ct.</p><p>Voorzien van een Bellerophon gem certificate no. B55663 gedateerd december 15, 2025 welk de steen omschrijft als natuurlijk met Sri Lanka als geografische oorsprong zonder sporen van verhitting.</p>"", ""internal_reference"": null, ""keurkamer"": false, ""literature"": null, ""origin_exhibition_lite"": null, ""period"": null, ""title"": ""Een losse natuurlijke paarse saffier"", ""total"": null, ""weight_size_quality"": null}"
aafa30b5-d658-45f6-87dd-af432b1df844,2087,26-0583/5,5595f3f8-0d21-4337-985c-b62f62070ce9,719,"Juwelen, Horloges & Luxury",Juwelen & Horloges,Een 18k gouden aquamarijn ring,Een 18k gouden aquamarijn ring,"<h3>Description</h3><p>Bezet met een grote aquamarijn in trapslijpsel, gewicht ca. 22 cts, Frans keur.</p><h3>Weight / Size / Quality</h3>Bruto 11 gram.<h3>Keurkamer</h3>Yes",published,EUR,600.0,800.0,600.0,600.0,1200.0,1,0,,,True,"Mon, 31 Aug 2026 15:00:00 GMT","Wed, 16 Sep 2026 17:45:00 GMT",https://media.app.artisio.co/media/3fc437c0-fdbb-4208-955a-90293eab416d/inventory/7f3b8417-f497-4ddd-b4b4-c345ae287ca3/86188f14-6bbe-4ec1-a0b0-b8d865054f66/0001_eBkVSf_sm.jpeg;https://media.app.artisio.co/media/3fc437c0-fdbb-4208-955a-90293eab416d/inventory/7f3b8417-f497-4ddd-b4b4-c345ae287ca3/1bf0223c-d25d-4e49-9870-b2b50ec21257/0002_VhdGoe_sm.jpeg;https://media.app.artisio.co/media/3fc437c0-fdbb-4208-955a-90293eab416d/inventory/7f3b8417-f497-4ddd-b4b4-c345ae287ca3/56f39eb3-197e-4cea-a60a-204e75c33013/0003_YlfMJi_sm.jpeg;https://media.app.artisio.co/media/3fc437c0-fdbb-4208-955a-90293eab416d/inventory/7f3b8417-f497-4ddd-b4b4-c345ae287ca3/f8518bd9-3d84-44fb-8b44-1b4a01cd8bd3/0004_DBKfQr_sm.jpeg;https://media.app.artisio.co/media/3fc437c0-fdbb-4208-955a-90293eab416d/inventory/7f3b8417-f497-4ddd-b4b4-c345ae287ca3/91733860-d6a4-4f1e-b2b6-4d540e5c6734/0005_DDFryV_sm.jpeg;https://media.app.artisio.co/media/3fc437c0-fdbb-4208-955a-90293eab416d/inventory/7f3b8417-f497-4ddd-b4b4-c345ae287ca3/d7db4f87-8ad1-448a-8255-338c23481f1a/0006_qgTNyg_sm.jpeg,6,"{""artist_retail_right"": false, ""comments"": null, ""description"": ""<p>Bezet met een grote aquamarijn in trapslijpsel, gewicht ca. 22 cts, Frans keur.</p>"", ""internal_reference"": null, ""keurkamer"": true, ""literature"": null, ""origin_exhibition_lite"": null, ""period"": null, ""title"": ""Een 18k gouden aquamarijn ring"", ""total"": null, ""weight_size_quality"": ""Bruto 11 gram.""}"
1181bfdc-03c7-4710-8734-f85710134945,2088,26-0793/1,5595f3f8-0d21-4337-985c-b62f62070ce9,719,"Juwelen, Horloges & Luxury",Juwelen & Horloges,Een antiek zilveren wedgwood camee collier,Een antiek zilveren wedgwood camee collier,"<h3>Description</h3><p>De cirkelvormige blauw en wit gekleurde jasperware camee met voorstelling van een dame, aan een 925/1000 zilveren chateleine, L. 40.0 cm.</p><h3>Weight / Size / Quality</h3>Bruto 24 gram.",published,EUR,200.0,400.0,200.0,200.0,,1,0,,,True,"Mon, 31 Aug 2026 15:00:00 GMT","Wed, 16 Sep 2026 17:45:00 GMT",https://media.app.artisio.co/media/3fc437c0-fdbb-4208-955a-90293eab416d/inventory/666d5a91-11da-4949-8b11-d9aefbe0b37b/dca7efed-f372-47e3-889a-51d96ea4c7a7/0001_vZfKmS_sm.jpeg;https://media.app.artisio.co/media/3fc437c0-fdbb-4208-955a-90293eab416d/inventory/666d5a91-11da-4949-8b11-d9aefbe0b37b/1292eaea-4540-4849-a073-3f5541cc70cd/0002_BGDlAT_sm.jpeg,2,"{""artist_retail_right"": false, ""comments"": null, ""description"": ""<p>De cirkelvormige blauw en wit gekleurde jasperware camee met voorstelling van een dame, aan een 925/1000 zilveren chateleine, L. 40.0 cm.</p>"", ""internal_reference"": null, ""keurkamer"": false, ""literature"": null, ""origin_exhibition_lite"": null, ""period"": null, ""title"": ""Een antiek zilveren wedgwood camee collier"", ""total"": null, ""weight_size_quality"": ""Bruto 24 gram.""}"
d27ac8f0-b0cf-44dd-b078-68ccbad8cbd9,2089,26-0793/2,5595f3f8-0d21-4337-985c-b62f62070ce9,719,"Juwelen, Horloges & Luxury",Juwelen & Horloges,Een 18k witgouden diamanten alliance ring,Een 18k witgouden diamanten alliance ring,"<h3>Description</h3><p>Rondom bezet met cirkelvormig geslepen diamanten, vergroot, ringmaat 50/16 mm.</p><h3>Weight / Size / Quality</h3>Bruto 2 gram.",published,EUR,200.0,400.0,200.0,200.0,,1,0,,,True,"Mon, 31 Aug 2026 15:00:00 GMT","Wed, 16 Sep 2026 17:45:00 GMT",https://media.app.artisio.co/media/3fc437c0-fdbb-4208-955a-90293eab416d/inventory/81b4873f-3765-4ed1-85a4-e649c8acd190/d010e1cd-5690-4693-98e8-9dc2e96ba02f/0001_roikgu_sm.jpeg;https://media.app.artisio.co/media/3fc437c0-fdbb-4208-955a-90293eab416d/inventory/81b4873f-3765-4ed1-85a4-e649c8acd190/5d9a7da5-57ff-4ba3-b61d-ea7f7a31bd33/0002_VAqxiO_sm.jpeg,2,"{""artist_retail_right"": false, ""comments"": null, ""description"": ""<p>Rondom bezet met cirkelvormig geslepen diamanten, vergroot, ringmaat 50/16 mm.</p>"", ""internal_reference"": null, ""keurkamer"": false, ""literature"": null, ""origin_exhibition_lite"": null, ""period"": null, ""title"": ""Een 18k witgouden diamanten alliance ring"", ""total"": null, ""weight_size_quality"": ""Bruto 2 gram.""}"
b206cab8-6e41-470b-a7f8-54a66b09c18b,2090,26-0794/1,5595f3f8-0d21-4337-985c-b62f62070ce9,719,"Juwelen, Horloges & Luxury",Juwelen & Horloges,"Een zilveren broche, Tiffany & Co.","Een zilveren broche, Tiffany & Co.","<h3>Description</h3><p>Ontworpen als een bloem uit draadwerk met centraal een onyx cabochon, gesigneerd ""Tiffany & Co. wireworks 1995"", 925/1000 zilver, speld metaal, 50x60 mm.</p><h3>Weight / Size / Quality</h3>Bruto 17 gram.<h3>Keurkamer</h3>Yes",published,EUR,400.0,600.0,400.0,400.0,,1,0,,,True,"Mon, 31 Aug 2026 15:00:00 GMT","Wed, 16 Sep 2026 17:45:00 GMT",https://media.app.artisio.co/media/3fc437c0-fdbb-4208-955a-90293eab416d/inventory/354793cb-e8b3-4832-9dfa-29d6dfea4ebc/6c1dc66d-a9f9-4ba8-8219-c7a40d24c2c6/0001_nMHVQz_sm.jpeg;https://media.app.artisio.co/media/3fc437c0-fdbb-4208-955a-90293eab416d/inventory/354793cb-e8b3-4832-9dfa-29d6dfea4ebc/b2e979ca-add4-4f7a-9abb-9b268efff10e/0002_FkZxli_sm.jpeg;https://media.app.artisio.co/media/3fc437c0-fdbb-4208-955a-90293eab416d/inventory/354793cb-e8b3-4832-9dfa-29d6dfea4ebc/d99e3b82-853b-4421-ac88-66b78dc6ff85/0003_ZeyzZm_sm.jpeg,3,"{""artist_retail_right"": false, ""comments"": null, ""description"": ""<p>Ontworpen als een bloem uit draadwerk met centraal een onyx cabochon, gesigneerd \""Tiffany & Co. wireworks 1995\"", 925/1000 zilver, speld metaal, 50x60 mm.</p>"", ""internal_reference"": null, ""keurkamer"": true, ""literature"": null, ""origin_exhibition_lite"": null, ""period"": null, ""title"": ""Een zilveren broche, Tiffany & Co."", ""total"": null, ""weight_size_quality"": ""Bruto 17 gram.""}"
65bc1b9f-d912-4fc1-965a-91a6abc649b9,2091,26-0794/2,5595f3f8-0d21-4337-985c-b62f62070ce9,719,"Juwelen, Horloges & Luxury",Juwelen & Horloges,Een zilveren collier en een armband,Een zilveren collier en een armband,"<h3>Description</h3><p>Het collier bestaande uit diverse cirkelvormige schakels met kapittel sluiting, L. 46.0 cm; de armband bestaande uit geribde en gladde schakels, gesigneerd ‘Grosse’, L. 18.5 cm, beide 835/1000 zilver.&nbsp;</p><h3>Weight / Size / Quality</h3>Bruto 161 gram.<h3>Keurkamer</h3>Yes",published,EUR,100.0,200.0,80.0,80.0,,1,0,,,True,"Mon, 31 Aug 2026 15:00:00 GMT","Wed, 16 Sep 2026 17:48:00 GMT",https://media.app.artisio.co/media/3fc437c0-fdbb-4208-955a-90293eab416d/inventory/a5c3df37-c68f-4b26-b608-d07a7a2afd42/5c949fca-361d-4a15-a796-ececf222b5ef/0001_OUCygA_sm.jpeg;https://media.app.artisio.co/media/3fc437c0-fdbb-4208-955a-90293eab416d/inventory/a5c3df37-c68f-4b26-b608-d07a7a2afd42/45ea52fa-7db2-4550-886b-b23989331e9e/0002_RmlSWH_sm.jpeg;https://media.app.artisio.co/media/3fc437c0-fdbb-4208-955a-90293eab416d/inventory/a5c3df37-c68f-4b26-b608-d07a7a2afd42/e1808858-0c3a-41b7-a9b8-a9b026cd3f08/0003_GWohPH_sm.jpeg,3,"{""artist_retail_right"": false, ""comments"": null, ""description"": ""<p>Het collier bestaande uit diverse cirkelvormige schakels met kapittel sluiting, L. 46.0 cm; de armband bestaande uit geribde en gladde schakels, gesigneerd ‘Grosse’, L. 18.5 cm, beide 835/1000 zilver.&nbsp;</p>"", ""internal_reference"": null, ""keurkamer"": true, ""literature"": null, ""origin_exhibition_lite"": null, ""period"": null, ""title"": ""Een zilveren collier en een armband"", ""total"": null, ""weight_size_quality"": ""Bruto 161 gram.""}"
763a6473-86f0-44a4-a977-1ad9983c9980,2092,26-0794/3,5595f3f8-0d21-4337-985c-b62f62070ce9,719,"Juwelen, Horloges & Luxury",Juwelen & Horloges,"Een zilveren armband, Lapponia","Een zilveren armband, Lapponia","<h3>Description</h3><p>Bestaande uit abstract opengewerkte schakels, gesigneerd Lapponia, 925/1000, L. 17.5 cm.</p><h3>Weight / Size / Quality</h3>Bruto 50 gram.",published,EUR,100.0,200.0,80.0,80.0,,1,0,,,True,"Mon, 31 Aug 2026 15:00:00 GMT","Wed, 16 Sep 2026 17:48:00 GMT",https://media.app.artisio.co/media/3fc437c0-fdbb-4208-955a-90293eab416d/inventory/0e0ee772-6600-4553-a4c4-385db571e9a6/4192872c-03e3-485f-9f22-4bbf56965b64/0001_teMxTM_sm.jpeg;https://media.app.artisio.co/media/3fc437c0-fdbb-4208-955a-90293eab416d/inventory/0e0ee772-6600-4553-a4c4-385db571e9a6/50326305-1ca1-4319-8cd9-415cbc502266/0002_BrsMYf_sm.jpeg,2,"{""artist_retail_right"": false, ""comments"": null, ""description"": ""<p>Bestaande uit abstract opengewerkte schakels, gesigneerd Lapponia, 925/1000, L. 17.5 cm.</p>"", ""internal_reference"": null, ""keurkamer"": false, ""literature"": null, ""origin_exhibition_lite"": null, ""period"": null, ""title"": ""Een zilveren armband, Lapponia"", ""total"": null, ""weight_size_quality"": ""Bruto 50 gram.""}"
cfdc7331-485b-41a0-b0d8-d868d8e4c8ef,2093,26-0794/4,5595f3f8-0d21-4337-985c-b62f62070ce9,719,"Juwelen, Horloges & Luxury",Juwelen & Horloges,Een collectie gouden en zilveren oorclips,Een collectie gouden en zilveren oorclips,"<h3>Description</h3><p>Bestaande uit: een paar 18k gouden clips met mabé parels, clips van metaal; een paar verguld 925/1000 zilveren en onyx clips; een paar fantasie glazen en verguld 925/1000 zilveren clips; en een paar 925/1000 zilveren opengewerkte oorclips.</p><h3>Weight / Size / Quality</h3>Bruto 90 gram.<h3>Keurkamer</h3>Yes",published,EUR,200.0,300.0,200.0,200.0,,1,0,,,True,"Mon, 31 Aug 2026 15:00:00 GMT","Wed, 16 Sep 2026 17:48:00 GMT",https://media.app.artisio.co/media/3fc437c0-fdbb-4208-955a-90293eab416d/inventory/c7a0e527-401f-4a70-83bb-1b6d1652a9be/fdbc20d1-b155-4ac7-b5a2-6166d75c2e57/0001_AiDwlG_sm.jpeg,1,"{""artist_retail_right"": false, ""comments"": null, ""description"": ""<p>Bestaande uit: een paar 18k gouden clips met mabé parels, clips van metaal; een paar verguld 925/1000 zilveren en onyx clips; een paar fantasie glazen en verguld 925/1000 zilveren clips; en een paar 925/1000 zilveren opengewerkte oorclips.</p>"", ""internal_reference"": null, ""keurkamer"": true, ""literature"": null, ""origin_exhibition_lite"": null, ""period"": null, ""title"": ""Een collectie gouden en zilveren oorclips"", ""total"": null, ""weight_size_quality"": ""Bruto 90 gram.""}"
3c98917b-31c7-4761-8fdb-395e3a0c6918,2094,26-0794/5,5595f3f8-0d21-4337-985c-b62f62070ce9,719,"Juwelen, Horloges & Luxury",Juwelen & Horloges,Vier zilveren sieraden,Vier zilveren sieraden,"<h3>Description</h3><p>Bestaande uit: een vlinder bezet met markassiet; een vaste armband uit plat draadwerk; een broche in de vorm van een bloem, brochering onedel; en een verguld zilveren ring met glas, gesigneerd ""Baccarat"", alle 925/1000 zilver, ringmaat 51/16.5 mm.</p><h3>Weight / Size / Quality</h3>Bruto 80 grams.<h3>Keurkamer</h3>Yes",published,EUR,100.0,200.0,80.0,80.0,,1,0,,,True,"Mon, 31 Aug 2026 15:00:00 GMT","Wed, 16 Sep 2026 17:48:00 GMT",https://media.app.artisio.co/media/3fc437c0-fdbb-4208-955a-90293eab416d/inventory/2d389478-468b-48d9-aecf-3584d0b940d0/0f5024bd-72fe-4789-986e-84dc9292df15/0001_GeFlex_sm.jpeg;https://media.app.artisio.co/media/3fc437c0-fdbb-4208-955a-90293eab416d/inventory/2d389478-468b-48d9-aecf-3584d0b940d0/12c5ad2b-1768-4b86-b737-989a0657b684/0002_LOzukE_sm.jpeg;https://media.app.artisio.co/media/3fc437c0-fdbb-4208-955a-90293eab416d/inventory/2d389478-468b-48d9-aecf-3584d0b940d0/bd26617d-9f73-4644-94a6-e414bed696aa/0003_xGFtEB_sm.jpeg;https://media.app.artisio.co/media/3fc437c0-fdbb-4208-955a-90293eab416d/inventory/2d389478-468b-48d9-aecf-3584d0b940d0/464687ea-7b2f-4e45-87b1-2b8b85763328/0004_xjUgGd_sm.jpeg;https://media.app.artisio.co/media/3fc437c0-fdbb-4208-955a-90293eab416d/inventory/2d389478-468b-48d9-aecf-3584d0b940d0/ed6d81ce-d79d-4189-b9b0-2320e20a69bb/0005_gpqEAQ_sm.jpeg,5,"{""artist_retail_right"": false, ""comments"": null, ""description"": ""<p>Bestaande uit: een vlinder bezet met markassiet; een vaste armband uit plat draadwerk; een broche in de vorm van een bloem, brochering onedel; en een verguld zilveren ring met glas, gesigneerd \""Baccarat\"", alle 925/1000 zilver, ringmaat 51/16.5 mm.</p>"", ""internal_reference"": null, ""keurkamer"": true, ""literature"": null, ""origin_exhibition_lite"": null, ""period"": null, ""title"": ""Vier zilveren sieraden"", ""total"": null, ""weight_size_quality"": ""Bruto 80 grams.""}"
98782a5b-821d-40fc-8aff-5902e2a5e9cb,2095,26-0794/6,5595f3f8-0d21-4337-985c-b62f62070ce9,719,"Juwelen, Horloges & Luxury",Juwelen & Horloges,"Een collectie bijoux, waaronder zilver","Een collectie bijoux, waaronder zilver","<h3>Description</h3><p>Waaronder een 925/1000 collier en bijpassende armband van Adami & Martucci, diverse broches, oorclips en een collier.</p><h3>Weight / Size / Quality</h3>Bruto 535 gram<h3>Keurkamer</h3>Yes",published,EUR,80.0,120.0,35.0,35.0,,1,0,,,True,"Mon, 31 Aug 2026 15:00:00 GMT","Wed, 16 Sep 2026 17:48:00 GMT",https://media.app.artisio.co/media/3fc437c0-fdbb-4208-955a-90293eab416d/inventory/e64139fd-0c93-4b59-a1e7-ac6c4b2110d2/6632d9a5-9f2a-4106-ba5d-584faef8fb68/0001_IkoECu_sm.jpeg;https://media.app.artisio.co/media/3fc437c0-fdbb-4208-955a-90293eab416d/inventory/e64139fd-0c93-4b59-a1e7-ac6c4b2110d2/2a6c9819-5add-49d2-b64a-bea23d059cb2/0002_kzIcPZ_sm.jpeg,2,"{""artist_retail_right"": false, ""comments"": null, ""description"": ""<p>Waaronder een 925/1000 collier en bijpassende armband van Adami & Martucci, diverse broches, oorclips en een collier.</p>"", ""internal_reference"": null, ""keurkamer"": true, ""literature"": null, ""origin_exhibition_lite"": null, ""period"": null, ""title"": ""Een collectie bijoux, waaronder zilver"", ""total"": null, ""weight_size_quality"": ""Bruto 535 gram""}"
4467dfa7-5b9f-46e4-aa15-053e8e2f32d2,2096,26-0795/1,5595f3f8-0d21-4337-985c-b62f62070ce9,719,"Juwelen, Horloges & Luxury",Juwelen & Horloges,Een lapis lazuli armband,Een lapis lazuli armband,"<h3>Description</h3><p>De vaste armband bestaande uit een gouden montuur met lapis lazuli hoek-elementen, bwgg, binnen diameter ca. 57 mm.</p><h3>Weight / Size / Quality</h3>Bruto 19 gram.<h3>Keurkamer</h3>Yes",published,EUR,300.0,500.0,200.0,200.0,,1,0,,,True,"Mon, 31 Aug 2026 15:00:00 GMT","Wed, 16 Sep 2026 17:48:00 GMT",https://media.app.artisio.co/media/3fc437c0-fdbb-4208-955a-90293eab416d/inventory/415b1507-098b-41f1-b498-d20dd6e879f0/d1c124a4-1603-430c-ad50-d7ae982a0ba6/0001_cYhcwb_sm.jpeg;https://media.app.artisio.co/media/3fc437c0-fdbb-4208-955a-90293eab416d/inventory/415b1507-098b-41f1-b498-d20dd6e879f0/7adb93ce-7de3-4a86-ba9f-1624148a84ff/0002_RzQuZk_sm.jpeg;https://media.app.artisio.co/media/3fc437c0-fdbb-4208-955a-90293eab416d/inventory/415b1507-098b-41f1-b498-d20dd6e879f0/08b0264c-ef60-4653-aba0-2099ec1c903c/0003_zyqFws_sm.jpeg,3,"{""artist_retail_right"": false, ""comments"": null, ""description"": ""<p>De vaste armband bestaande uit een gouden montuur met lapis lazuli hoek-elementen, bwgg, binnen diameter ca. 57 mm.</p>"", ""internal_reference"": null, ""keurkamer"": true, ""literature"": null, ""origin_exhibition_lite"": null, ""period"": null, ""title"": ""Een lapis lazuli armband"", ""total"": null, ""weight_size_quality"": ""Bruto 19 gram.""}"
1d970668-f7c5-4d95-a1f8-45a66bb45159,2097,26-0795/2,5595f3f8-0d21-4337-985c-b62f62070ce9,719,"Juwelen, Horloges & Luxury",Juwelen & Horloges,Een 14k gouden bedelarmband,Een 14k gouden bedelarmband,"<h3>Description</h3><p>Bestaande uit jasseronschakels waaraan zeven verschillende bedels, L. 17.0 cm.</p><h3>Weight / Size / Quality</h3>Bruto 18 gram.<h3>Keurkamer</h3>Yes",published,EUR,400.0,600.0,300.0,300.0,,1,1,300.0,300.0,True,"Mon, 31 Aug 2026 15:00:00 GMT","Wed, 16 Sep 2026 17:51:00 GMT",https://media.app.artisio.co/media/3fc437c0-fdbb-4208-955a-90293eab416d/inventory/340108fa-9c85-4838-9bef-6d409aa65a31/794b3540-e9ed-4377-a4db-0d06f39e13dc/0001_fckQCL_sm.jpeg;https://media.app.artisio.co/media/3fc437c0-fdbb-4208-955a-90293eab416d/inventory/340108fa-9c85-4838-9bef-6d409aa65a31/2589f8cf-6644-4a17-90b8-7c8c0b36c1c3/0002_bgbigi_sm.jpeg,2,"{""artist_retail_right"": false, ""comments"": null, ""description"": ""<p>Bestaande uit jasseronschakels waaraan zeven verschillende bedels, L. 17.0 cm.</p>"", ""internal_reference"": null, ""keurkamer"": true, ""literature"": null, ""origin_exhibition_lite"": null, ""period"": null, ""title"": ""Een 14k gouden bedelarmband"", ""total"": null, ""weight_size_quality"": ""Bruto 18 gram.""}"
74a3d472-d4a2-4ae7-8e23-2a8cfdcf823a,2098,26-0795/3,5595f3f8-0d21-4337-985c-b62f62070ce9,719,"Juwelen, Horloges & Luxury",Juwelen & Horloges,Vier ringen en een pin.,Vier ringen en een pin.,"<h3>Description</h3><p>Bestaande uit: 14k gouden dames zegelring; een 14k gouden ring met een cabochon maansteen; een 14k gouden ring bezet met een synthetische robijn; daarbij een diamanten solitair ring en een A-Pi sorority broche, beide bwgg.</p><h3>Weight / Size / Quality</h3>Bruto 14 gram.<h3>Keurkamer</h3>Yes",published,EUR,300.0,500.0,200.0,200.0,,1,1,200.0,200.0,True,"Mon, 31 Aug 2026 15:00:00 GMT","Wed, 16 Sep 2026 17:51:00 GMT",https://media.app.artisio.co/media/3fc437c0-fdbb-4208-955a-90293eab416d/inventory/d861d5d3-3459-4853-b217-ac355b517d84/e29567c9-0566-4267-9efc-add5aeebaac2/0001_QIDHZk_sm.jpeg;https://media.app.artisio.co/media/3fc437c0-fdbb-4208-955a-90293eab416d/inventory/d861d5d3-3459-4853-b217-ac355b517d84/5ad65262-c35f-42e6-b1b8-054870c6b493/0002_tddsvB_sm.jpeg;https://media.app.artisio.co/media/3fc437c0-fdbb-4208-955a-90293eab416d/inventory/d861d5d3-3459-4853-b217-ac355b517d84/6adc53aa-7b6a-49ca-bd77-7ef4f6bec247/0003_AhAdqp_sm.jpeg;https://media.app.artisio.co/media/3fc437c0-fdbb-4208-955a-90293eab416d/inventory/d861d5d3-3459-4853-b217-ac355b517d84/4e85f28e-4d98-4e58-8cb0-ac4beb12d57e/0004_GzOFTe_sm.jpeg;https://media.app.artisio.co/media/3fc437c0-fdbb-4208-955a-90293eab416d/inventory/d861d5d3-3459-4853-b217-ac355b517d84/9b132fd1-2dce-43a2-a516-cee066fac3a8/0005_HmXfkK_sm.jpeg;https://media.app.artisio.co/media/3fc437c0-fdbb-4208-955a-90293eab416d/inventory/d861d5d3-3459-4853-b217-ac355b517d84/9cb06f3b-d54e-4cb2-ac0f-f111b391e0e0/0006_EAqtxV_sm.jpeg,6,"{""artist_retail_right"": false, ""comments"": null, ""description"": ""<p>Bestaande uit: 14k gouden dames zegelring; een 14k gouden ring met een cabochon maansteen; een 14k gouden ring bezet met een synthetische robijn; daarbij een diamanten solitair ring en een A-Pi sorority broche, beide bwgg.</p>"", ""internal_reference"": null, ""keurkamer"": true, ""literature"": null, ""origin_exhibition_lite"": null, ""period"": null, ""title"": ""Vier ringen en een pin."", ""total"": null, ""weight_size_quality"": ""Bruto 14 gram.""}"
e43d0394-4b30-4127-a802-3c2a983df2c4,2099,26-0795/4,5595f3f8-0d21-4337-985c-b62f62070ce9,719,"Juwelen, Horloges & Luxury",Juwelen & Horloges,"Een 18k gouden dames polshorloge, Eterna","Een 18k gouden dames polshorloge, Eterna","<h3>Description</h3><p>Mechanisch uurwerk, zilverkleurige wijzerplaat met batons, kastnummer 6087149 aan bruinlederen band met onedele gesp.</p><h3>Weight / Size / Quality</h3>Bruto 18 gram.",published,EUR,200.0,400.0,100.0,100.0,,1,1,100.0,100.0,True,"Mon, 31 Aug 2026 15:00:00 GMT","Wed, 16 Sep 2026 17:51:00 GMT",https://media.app.artisio.co/media/3fc437c0-fdbb-4208-955a-90293eab416d/inventory/a619cb34-0def-497f-9296-70b4f0730cac/758ded01-d097-4490-8fc5-be2fe1a14be0/0001_ecdeZb_sm.jpeg;https://media.app.artisio.co/media/3fc437c0-fdbb-4208-955a-90293eab416d/inventory/a619cb34-0def-497f-9296-70b4f0730cac/2ee44548-4d29-44ed-93e3-0a5c73d1ccbe/0002_RioCng_sm.jpeg,2,"{""artist_retail_right"": false, ""comments"": null, ""description"": ""<p>Mechanisch uurwerk, zilverkleurige wijzerplaat met batons, kastnummer 6087149 aan bruinlederen band met onedele gesp.</p>"", ""internal_reference"": null, ""keurkamer"": false, ""literature"": null, ""origin_exhibition_lite"": null, ""period"": null, ""title"": ""Een 18k gouden dames polshorloge, Eterna"", ""total"": null, ""weight_size_quality"": ""Bruto 18 gram.""}"
579650f0-1f92-44b4-8c19-6a2b49278cf3,2100,26-0795/5,5595f3f8-0d21-4337-985c-b62f62070ce9,719,"Juwelen, Horloges & Luxury",Juwelen & Horloges,Een collectie gouden sieraden,Een collectie gouden sieraden,"<h3>Description</h3><p>Bestaande uit twee 18k gouden colliers; een 18k gouden baby armband waaraan twee dito hangertjes; twee 18k gouden hangers (uiltje, muntje met putto), vijf 14k gouden hangers (bal, gieter, flacon, vis en bloemhanger met melktandje); daarbij twee bwgg hangers (uiltje, ‘14k gold' baartje) en een onedel gourmetcollier, het sluitoog defect.&nbsp;</p><h3>Weight / Size / Quality</h3>Bruto 34 gram.<h3>Keurkamer</h3>Yes",published,EUR,500.0,700.0,300.0,300.0,,1,0,,,True,"Mon, 31 Aug 2026 15:00:00 GMT","Wed, 16 Sep 2026 17:51:00 GMT",https://media.app.artisio.co/media/3fc437c0-fdbb-4208-955a-90293eab416d/inventory/b3e405a8-86ae-4855-b656-e84bd1ae67c6/2dac4341-76e8-470c-aaa8-63869a37b6b4/0001_HslNYp_sm.jpeg;https://media.app.artisio.co/media/3fc437c0-fdbb-4208-955a-90293eab416d/inventory/b3e405a8-86ae-4855-b656-e84bd1ae67c6/803af7ae-f970-4636-b03a-510bb10a7e37/0002_JFKjHi_sm.jpeg,2,"{""artist_retail_right"": false, ""comments"": null, ""description"": ""<p>Bestaande uit twee 18k gouden colliers; een 18k gouden baby armband waaraan twee dito hangertjes; twee 18k gouden hangers (uiltje, muntje met putto), vijf 14k gouden hangers (bal, gieter, flacon, vis en bloemhanger met melktandje); daarbij twee bwgg hangers (uiltje, ‘14k gold' baartje) en een onedel gourmetcollier, het sluitoog defect.&nbsp;</p>"", ""internal_reference"": null, ""keurkamer"": true, ""literature"": null, ""origin_exhibition_lite"": null, ""period"": null, ""title"": ""Een collectie gouden sieraden"", ""total"": null, ""weight_size_quality"": ""Bruto 34 gram.""}"
6c50d01c-2a2a-46bb-8a0a-84b166625ec7,2101,26-0795/6,5595f3f8-0d21-4337-985c-b62f62070ce9,719,"Juwelen, Horloges & Luxury",Juwelen & Horloges,Twee granaten sieraden,Twee granaten sieraden,"<h3>Description</h3><p>Bestaande uit een antiek vierstrengs granaat kralen armband aan 14k gouden slot, L. 18 cm, &nbsp;en een granaat kralencollier aan geribt 18k gouden slot, L. 80 cm.&nbsp;</p><h3>Weight / Size / Quality</h3>Bruto 59 gram.<h3>Keurkamer</h3>Yes",published,EUR,160.0,260.0,100.0,100.0,,1,0,,,True,"Mon, 31 Aug 2026 15:00:00 GMT","Wed, 16 Sep 2026 17:51:00 GMT",https://media.app.artisio.co/media/3fc437c0-fdbb-4208-955a-90293eab416d/inventory/9fbf728b-7288-4336-870b-f356dacf938e/e718d05c-473a-4401-bf79-a080f0db624d/0001_nRVUmn_sm.jpeg;https://media.app.artisio.co/media/3fc437c0-fdbb-4208-955a-90293eab416d/inventory/9fbf728b-7288-4336-870b-f356dacf938e/221c3440-d520-4b17-a1e8-9c92d81b97fe/0002_XrKdRR_sm.jpeg;https://media.app.artisio.co/media/3fc437c0-fdbb-4208-955a-90293eab416d/inventory/9fbf728b-7288-4336-870b-f356dacf938e/7d0d4bed-31be-4106-82ac-0ff8ca933d50/0003_SZdfED_sm.jpeg,3,"{""artist_retail_right"": false, ""comments"": null, ""description"": ""<p>Bestaande uit een antiek vierstrengs granaat kralen armband aan 14k gouden slot, L. 18 cm, &nbsp;en een granaat kralencollier aan geribt 18k gouden slot, L. 80 cm.&nbsp;</p>"", ""internal_reference"": null, ""keurkamer"": true, ""literature"": null, ""origin_exhibition_lite"": null, ""period"": null, ""title"": ""Twee granaten sieraden"", ""total"": null, ""weight_size_quality"": ""Bruto 59 gram.""}"
70db982a-890d-41f8-9c89-f9c99c86ec9d,2102,26-0631/99,5595f3f8-0d21-4337-985c-b62f62070ce9,719,"Juwelen, Horloges & Luxury",Juwelen & Horloges,Een 14k gouden polshorloge ,Een 14k gouden polshorloge ,"<h3>Description</h3><p>Mechanisch uurwerk, de goudkleurige rechthoekige wijzerplaat met guilloché gravering, studs op de vier zijden en decentrale seconden, aan gevlochten 14k gouden band, kast 40x23 mm, L. 16,5 cm.&nbsp;</p><h3>Weight / Size / Quality</h3>Bruto 43 gram.",published,EUR,800.0,1200.0,800.0,800.0,,1,0,,,True,"Mon, 31 Aug 2026 15:00:00 GMT","Wed, 16 Sep 2026 17:51:00 GMT",https://media.app.artisio.co/media/3fc437c0-fdbb-4208-955a-90293eab416d/inventory/b9326250-9ef5-48f2-94e2-35b473929a04/9e05f588-b164-4da5-aecc-8295a48585f0/0001_xwSQZb_sm.jpeg;https://media.app.artisio.co/media/3fc437c0-fdbb-4208-955a-90293eab416d/inventory/b9326250-9ef5-48f2-94e2-35b473929a04/41176748-823c-4b13-8cf4-7c6019f2fff6/0002_dvEroR_sm.jpeg,2,"{""artist_retail_right"": false, ""comments"": null, ""description"": ""<p>Mechanisch uurwerk, de goudkleurige rechthoekige wijzerplaat met guilloché gravering, studs op de vier zijden en decentrale seconden, aan gevlochten 14k gouden band, kast 40x23 mm, L. 16,5 cm.&nbsp;</p>"", ""internal_reference"": null, ""keurkamer"": false, ""literature"": null, ""origin_exhibition_lite"": null, ""period"": null, ""title"": ""Een 14k gouden polshorloge "", ""total"": null, ""weight_size_quality"": ""Bruto 43 gram. ""}"
7c87c8e2-9cd4-48f3-9e49-8002516152fb,2103,26-0631/100,5595f3f8-0d21-4337-985c-b62f62070ce9,719,"Juwelen, Horloges & Luxury",Juwelen & Horloges,Een 14k gouden stijve armband,Een 14k gouden stijve armband,"<h3>Description</h3><p>Met gematteerde versiering, de voorzijde bezet met een slagvormig appliqué bezet met cirkelvormig geslepen diamanten, 20 mm breed, binnenmaat 52x60 mm.&nbsp;</p><h3>Weight / Size / Quality</h3>Bruto 32 gram.",published,EUR,800.0,1200.0,800.0,800.0,,1,1,800.0,800.0,True,"Mon, 31 Aug 2026 15:00:00 GMT","Wed, 16 Sep 2026 17:54:00 GMT",https://media.app.artisio.co/media/3fc437c0-fdbb-4208-955a-90293eab416d/inventory/c5eb9edc-2e31-4bad-a9e2-0d85abd27581/cb1b051f-333c-4f28-b246-728f92f40f2f/0001_sFdSRa_sm.jpeg;https://media.app.artisio.co/media/3fc437c0-fdbb-4208-955a-90293eab416d/inventory/c5eb9edc-2e31-4bad-a9e2-0d85abd27581/c98d034c-82bc-4d39-ba84-2e5deeef7513/0002_dvgisy_sm.jpeg;https://media.app.artisio.co/media/3fc437c0-fdbb-4208-955a-90293eab416d/inventory/c5eb9edc-2e31-4bad-a9e2-0d85abd27581/a10ea035-8bc2-4893-9f49-a9a3d5c34ba3/0003_aNqPPW_sm.jpeg,3,"{""artist_retail_right"": false, ""comments"": null, ""description"": ""<p>Met gematteerde versiering, de voorzijde bezet met een slagvormig appliqué bezet met cirkelvormig geslepen diamanten, 20 mm breed, binnenmaat 52x60 mm.&nbsp;</p>"", ""internal_reference"": null, ""keurkamer"": false, ""literature"": null, ""origin_exhibition_lite"": null, ""period"": null, ""title"": ""Een 14k gouden stijve armband"", ""total"": null, ""weight_size_quality"": ""Bruto 32 gram. ""}"
cedb936c-0ea7-465e-a8e5-8d63ac0d3d52,2104,26-0631/101,5595f3f8-0d21-4337-985c-b62f62070ce9,719,"Juwelen, Horloges & Luxury",Juwelen & Horloges,Een 14k gouden diamant ring,Een 14k gouden diamant ring,"<h3>Description</h3><p>De slagvormige voorzijde bezet met cirkelvormig geslepen diamanten, ringmaat 18.5/58.&nbsp;</p><h3>Weight / Size / Quality</h3>Bruto 10 gram.<h3>Keurkamer</h3>Yes",published,EUR,300.0,500.0,300.0,300.0,,1,0,,,True,"Mon, 31 Aug 2026 15:00:00 GMT","Wed, 16 Sep 2026 17:54:00 GMT",https://media.app.artisio.co/media/3fc437c0-fdbb-4208-955a-90293eab416d/inventory/1c60881f-a7b4-4884-b31c-ab80e96e6577/ff8e10f9-ed6f-4d0a-a152-437efb43c3fe/0001_UjdARv_sm.jpeg;https://media.app.artisio.co/media/3fc437c0-fdbb-4208-955a-90293eab416d/inventory/1c60881f-a7b4-4884-b31c-ab80e96e6577/68e9ab42-6e68-4f6d-b3ed-71b1051233fc/0002_CmqYUc_sm.jpeg;https://media.app.artisio.co/media/3fc437c0-fdbb-4208-955a-90293eab416d/inventory/1c60881f-a7b4-4884-b31c-ab80e96e6577/8695cdb7-5489-4b46-93b3-2654a51d582f/0003_luzcFp_sm.jpeg,3,"{""artist_retail_right"": false, ""comments"": null, ""description"": ""<p>De slagvormige voorzijde bezet met cirkelvormig geslepen diamanten, ringmaat 18.5/58.&nbsp;</p>"", ""internal_reference"": null, ""keurkamer"": true, ""literature"": null, ""origin_exhibition_lite"": null, ""period"": null, ""title"": ""Een 14k gouden diamant ring"", ""total"": null, ""weight_size_quality"": ""Bruto 10 gram. ""}"
dae03634-6c4b-4890-be8b-0de4d87e2431,2105,26-2723/31,5595f3f8-0d21-4337-985c-b62f62070ce9,719,"Juwelen, Horloges & Luxury",Juwelen & Horloges,Een Art Deco platina onyx en diamanten armband,Een Art Deco platina onyx en diamanten armband,"<h3>Period</h3>Circa 1925<h3>Description</h3><p>De ajour schakels bezet met diagonale lijnen van gekalibreerde onyx en 8/8 diamanten, 850/1000, armband gebroken, stenen ontbreken, L. 17.5 cm.</p><h3>Weight / Size / Quality</h3>Bruto 18 grams.",published,EUR,600.0,800.0,400.0,400.0,,1,0,,,True,"Mon, 31 Aug 2026 15:00:00 GMT","Wed, 16 Sep 2026 17:54:00 GMT",https://media.app.artisio.co/media/3fc437c0-fdbb-4208-955a-90293eab416d/inventory/542412bf-f99f-4391-b351-a98439b1c37e/181e2f9b-00e4-4909-88a5-d4990d3c6932/0001_OVlRyv_sm.jpeg;https://media.app.artisio.co/media/3fc437c0-fdbb-4208-955a-90293eab416d/inventory/542412bf-f99f-4391-b351-a98439b1c37e/a09744f4-1f09-4f62-a5f5-7290a103da0c/0002_bJVFFH_sm.jpeg,2,"{""artist_retail_right"": false, ""comments"": null, ""description"": ""<p>De ajour schakels bezet met diagonale lijnen van gekalibreerde onyx en 8/8 diamanten, 850/1000, armband gebroken, stenen ontbreken, L. 17.5 cm.</p>"", ""internal_reference"": null, ""keurkamer"": false, ""literature"": null, ""origin_exhibition_lite"": null, ""period"": ""Circa 1925"", ""title"": ""Een Art Deco platina onyx en diamanten armband"", ""total"": null, ""weight_size_quality"": ""Bruto 18 grams.""}"
571162a9-c4e4-4bd3-8f78-381937a957c7,2106,26-0631/102,5595f3f8-0d21-4337-985c-b62f62070ce9,719,"Juwelen, Horloges & Luxury",Juwelen & Horloges,Een 14k gouden schakelarmband,Een 14k gouden schakelarmband,"<h3>Description</h3><p>bestaande uit holle fantasieschakels, diverse deukjes, 11 mm breed, L. 18,5 cm.&nbsp;</p><h3>Weight / Size / Quality</h3>Bruto 12 gram.",published,EUR,300.0,500.0,300.0,300.0,,1,0,,,True,"Mon, 31 Aug 2026 15:00:00 GMT","Wed, 16 Sep 2026 17:54:00 GMT",https://media.app.artisio.co/media/3fc437c0-fdbb-4208-955a-90293eab416d/inventory/c2d7c542-f8fa-446c-8dbf-39c538fec036/634addc1-dc81-4525-8e85-526789dd22e9/0001_KUrYub_sm.jpeg;https://media.app.artisio.co/media/3fc437c0-fdbb-4208-955a-90293eab416d/inventory/c2d7c542-f8fa-446c-8dbf-39c538fec036/3437b540-f470-4c89-bf11-9d052cd5d5cb/0002_yxCenB_sm.jpeg,2,"{""artist_retail_right"": false, ""comments"": null, ""description"": ""<p>bestaande uit holle fantasieschakels, diverse deukjes, 11 mm breed, L. 18,5 cm.&nbsp;</p>"", ""internal_reference"": null, ""keurkamer"": false, ""literature"": null, ""origin_exhibition_lite"": null, ""period"": null, ""title"": ""Een 14k gouden schakelarmband"", ""total"": null, ""weight_size_quality"": ""Bruto 12 gram. ""}"
8f5df5d2-22e8-4315-b5cf-8ae166fa8151,2107,26-0631/103,5595f3f8-0d21-4337-985c-b62f62070ce9,719,"Juwelen, Horloges & Luxury",Juwelen & Horloges,Een 14k witgouden cultivé parel ring,Een 14k witgouden cultivé parel ring,"<h3>Description</h3><p>Centraal bezet met een aubergine-kleurige cultivé barokparel omringd door ronde crèmekleurige cultivéparels, ringmaat 18.5/57.</p><h3>Weight / Size / Quality</h3>Bruto 11 gram.<h3>Keurkamer</h3>Yes",published,EUR,300.0,500.0,300.0,300.0,,1,0,,,True,"Mon, 31 Aug 2026 15:00:00 GMT","Wed, 16 Sep 2026 17:54:00 GMT",https://media.app.artisio.co/media/3fc437c0-fdbb-4208-955a-90293eab416d/inventory/5cddb3e7-9ef1-4c9f-9a08-a7b32e16ace2/b5233fa6-fb95-424e-89e2-d11b1262e8de/0001_rlsXzW_sm.jpeg;https://media.app.artisio.co/media/3fc437c0-fdbb-4208-955a-90293eab416d/inventory/5cddb3e7-9ef1-4c9f-9a08-a7b32e16ace2/7d759a4e-5a55-417d-a65c-1dc2bca595fa/0002_UlqQgl_sm.jpeg;https://media.app.artisio.co/media/3fc437c0-fdbb-4208-955a-90293eab416d/inventory/5cddb3e7-9ef1-4c9f-9a08-a7b32e16ace2/1dbe9992-0992-4fdf-a4f0-5543d8b473ea/0003_kdUvan_sm.jpeg,3,"{""artist_retail_right"": false, ""comments"": null, ""description"": ""<p>Centraal bezet met een aubergine-kleurige cultivé barokparel omringd door ronde crèmekleurige cultivéparels, ringmaat 18.5/57.</p>"", ""internal_reference"": null, ""keurkamer"": true, ""literature"": null, ""origin_exhibition_lite"": null, ""period"": null, ""title"": ""Een 14k witgouden cultivé parel ring"", ""total"": null, ""weight_size_quality"": ""Bruto 11 gram. ""}"
79486232-45b1-446e-b1ec-698a44e3040f,2108,26-0631/104,5595f3f8-0d21-4337-985c-b62f62070ce9,719,"Juwelen, Horloges & Luxury",Juwelen & Horloges,Een platina turkoois en diamanten ring,Een platina turkoois en diamanten ring,"<h3>Description</h3><p>Centraal bezet met een cabochon turkoois geflankeerd door cirkelvormig geslepen diamanten, ringmaat 18.5/58.&nbsp;</p><h3>Weight / Size / Quality</h3>Bruto 6 gram.<h3>Keurkamer</h3>Yes",published,EUR,300.0,500.0,300.0,300.0,,1,0,,,True,"Mon, 31 Aug 2026 15:00:00 GMT","Wed, 16 Sep 2026 17:54:00 GMT",https://media.app.artisio.co/media/3fc437c0-fdbb-4208-955a-90293eab416d/inventory/21bc9647-6961-440b-9852-002e506f327a/0338d7be-f563-400f-a646-954cae91cd8f/0001_rpCkKI_sm.jpeg;https://media.app.artisio.co/media/3fc437c0-fdbb-4208-955a-90293eab416d/inventory/21bc9647-6961-440b-9852-002e506f327a/3c0c424a-06ce-4ee1-ad2d-db0f6daabb6e/0002_fIyveM_sm.jpeg;https://media.app.artisio.co/media/3fc437c0-fdbb-4208-955a-90293eab416d/inventory/21bc9647-6961-440b-9852-002e506f327a/e53e787b-2a72-422f-895f-7a3a8bc58b96/0003_mrJpXG_sm.jpeg,3,"{""artist_retail_right"": false, ""comments"": null, ""description"": ""<p>Centraal bezet met een cabochon turkoois geflankeerd door cirkelvormig geslepen diamanten, ringmaat 18.5/58.&nbsp;</p>"", ""internal_reference"": null, ""keurkamer"": true, ""literature"": null, ""origin_exhibition_lite"": null, ""period"": null, ""title"": ""Een platina turkoois en diamanten ring"", ""total"": null, ""weight_size_quality"": ""Bruto 6 gram.""}"
dfd5a8d2-b910-41fb-8b20-2938898f34d2,2109,26-0631/105,5595f3f8-0d21-4337-985c-b62f62070ce9,719,"Juwelen, Horloges & Luxury",Juwelen & Horloges,Een 14k witgouden diamanten broche,Een 14k witgouden diamanten broche,"<h3>Description</h3><p>In de vorm van een klavertje, bezet met briljant-geslepen diamanten, 29x24 mm.</p><h3>Weight / Size / Quality</h3>Bruto 5 gram.<h3>Keurkamer</h3>Yes",published,EUR,300.0,500.0,300.0,300.0,,1,0,,,True,"Mon, 31 Aug 2026 15:00:00 GMT","Wed, 16 Sep 2026 17:57:00 GMT",https://media.app.artisio.co/media/3fc437c0-fdbb-4208-955a-90293eab416d/inventory/9953d67c-0d37-4952-be9f-d55c693093fb/c642fac8-5a1d-4913-bfb6-7d179271046c/0001_SPxaCC_sm.jpeg;https://media.app.artisio.co/media/3fc437c0-fdbb-4208-955a-90293eab416d/inventory/9953d67c-0d37-4952-be9f-d55c693093fb/a281e5e8-fdd5-4c11-93ec-cd716a562aa6/0002_RjnaJA_sm.jpeg,2,"{""artist_retail_right"": false, ""comments"": null, ""description"": ""<p>In de vorm van een klavertje, bezet met briljant-geslepen diamanten, 29x24 mm.</p>"", ""internal_reference"": null, ""keurkamer"": true, ""literature"": null, ""origin_exhibition_lite"": null, ""period"": null, ""title"": ""Een 14k witgouden diamanten broche"", ""total"": null, ""weight_size_quality"": ""Bruto 5 gram. ""}"
927c87f7-de66-4948-8caa-ce2d2860d382,2110,26-0631/106,5595f3f8-0d21-4337-985c-b62f62070ce9,719,"Juwelen, Horloges & Luxury",Juwelen & Horloges,Een smaragd en diamantring,Een smaragd en diamantring,"<h3>Description</h3><p>De markiesvormige voorzijde centraal bezet met een emeraude geslepen smaragd en briljant- en roos-geslepen diamanten, bwgg, ringmaat 19/59.&nbsp;</p><h3>Weight / Size / Quality</h3>Bruto 4 gram.<h3>Keurkamer</h3>Yes",published,EUR,400.0,600.0,400.0,400.0,,1,0,,,True,"Mon, 31 Aug 2026 15:00:00 GMT","Wed, 16 Sep 2026 17:57:00 GMT",https://media.app.artisio.co/media/3fc437c0-fdbb-4208-955a-90293eab416d/inventory/3f13ba2d-4345-49fc-92f3-82b900fef173/881060a8-7095-4c22-9049-9b2a2ac1c226/0001_vmEAPl_sm.jpeg;https://media.app.artisio.co/media/3fc437c0-fdbb-4208-955a-90293eab416d/inventory/3f13ba2d-4345-49fc-92f3-82b900fef173/2399ecbb-6ff0-431b-a875-25caeef3a296/0002_DtmAxg_sm.jpeg,2,"{""artist_retail_right"": false, ""comments"": null, ""description"": ""<p>De markiesvormige voorzijde centraal bezet met een emeraude geslepen smaragd en briljant- en roos-geslepen diamanten, bwgg, ringmaat 19/59.&nbsp;</p>"", ""internal_reference"": null, ""keurkamer"": true, ""literature"": null, ""origin_exhibition_lite"": null, ""period"": null, ""title"": ""Een smaragd en diamantring"", ""total"": null, ""weight_size_quality"": ""Bruto 4 gram.""}"
ceab3c58-11b9-45e0-b995-3511014c24e5,2111,26-0631/107,5595f3f8-0d21-4337-985c-b62f62070ce9,719,"Juwelen, Horloges & Luxury",Juwelen & Horloges,Een 14k gouden schakelarmband,Een 14k gouden schakelarmband,"<h3>Description</h3><p>Bestaande uit gevlochten schakels, 11 mm breed, L. 20 cm.&nbsp;</p><h3>Weight / Size / Quality</h3>Bruto 12 gram.",published,EUR,400.0,600.0,400.0,400.0,,1,0,,,True,"Mon, 31 Aug 2026 15:00:00 GMT","Wed, 16 Sep 2026 17:57:00 GMT",https://media.app.artisio.co/media/3fc437c0-fdbb-4208-955a-90293eab416d/inventory/d33b64ad-bb1a-4343-8afe-18f2fce7171f/a90e4a79-6bd5-49b8-9390-63613b3c09ff/0001_JsnVNc_sm.jpeg;https://media.app.artisio.co/media/3fc437c0-fdbb-4208-955a-90293eab416d/inventory/d33b64ad-bb1a-4343-8afe-18f2fce7171f/9b78926c-d58e-4cfe-bbd0-d7e66bd63340/0002_Wyxfgp_sm.jpeg,2,"{""artist_retail_right"": false, ""comments"": null, ""description"": ""<p>Bestaande uit gevlochten schakels, 11 mm breed, L. 20 cm.&nbsp;</p>"", ""internal_reference"": null, ""keurkamer"": false, ""literature"": null, ""origin_exhibition_lite"": null, ""period"": null, ""title"": ""Een 14k gouden schakelarmband"", ""total"": null, ""weight_size_quality"": ""Bruto 12 gram.""}"
c121ca84-ffe3-4291-be55-f518be6615eb,2112,26-0631/108,5595f3f8-0d21-4337-985c-b62f62070ce9,719,"Juwelen, Horloges & Luxury",Juwelen & Horloges,Drie gouden strikbroches,Drie gouden strikbroches,"<h3>Description</h3><p>Een 14k gouden roségouden strik, 56x42 mm; een 14k gouden strik bezet met briljant-geslepen saffiertjes, 51x26 mm; en een 18k gouden strik bezet met cirkelvormig geslepen diamantjes, 47x38 mm.&nbsp;</p><h3>Weight / Size / Quality</h3>Bruto 26 gram.",published,EUR,1000.0,1500.0,1000.0,1000.0,,1,0,,,True,"Mon, 31 Aug 2026 15:00:00 GMT","Wed, 16 Sep 2026 17:57:00 GMT",https://media.app.artisio.co/media/3fc437c0-fdbb-4208-955a-90293eab416d/inventory/c9428541-153c-47d6-9d88-13fd34405dcf/c6d83208-c1de-4980-9c4a-94ab314ba137/0001_AENiGB_sm.jpeg;https://media.app.artisio.co/media/3fc437c0-fdbb-4208-955a-90293eab416d/inventory/c9428541-153c-47d6-9d88-13fd34405dcf/194a9914-3245-4c20-a8b4-687dc4c63c0f/0002_WQOdiS_sm.jpeg;https://media.app.artisio.co/media/3fc437c0-fdbb-4208-955a-90293eab416d/inventory/c9428541-153c-47d6-9d88-13fd34405dcf/2dcf7186-d9b2-4f57-8dac-f7fd435b653f/0003_AFNjiU_sm.jpeg;https://media.app.artisio.co/media/3fc437c0-fdbb-4208-955a-90293eab416d/inventory/c9428541-153c-47d6-9d88-13fd34405dcf/e43e96a3-9e41-44cc-b0d6-c0a243d32d52/0004_TKnspA_sm.jpeg,4,"{""artist_retail_right"": false, ""comments"": null, ""description"": ""<p>Een 14k gouden roségouden strik, 56x42 mm; een 14k gouden strik bezet met briljant-geslepen saffiertjes, 51x26 mm; en een 18k gouden strik bezet met cirkelvormig geslepen diamantjes, 47x38 mm.&nbsp;</p>"", ""internal_reference"": null, ""keurkamer"": false, ""literature"": null, ""origin_exhibition_lite"": null, ""period"": null, ""title"": ""Drie gouden strikbroches"", ""total"": null, ""weight_size_quality"": ""Bruto 26 gram.""}"
53496475-377a-4905-b1e8-6cbb66d61315,2113,26-0631/109,5595f3f8-0d21-4337-985c-b62f62070ce9,719,"Juwelen, Horloges & Luxury",Juwelen & Horloges,Een paar 14k witgouden diamanten oorstekers,Een paar 14k witgouden diamanten oorstekers,"<h3>Description</h3><p>Beiden in komma vorm bezet met briljant-geslepen diamanten, 22x14 mm.&nbsp;</p><h3>Weight / Size / Quality</h3>Bruto 5 gram.",published,EUR,300.0,500.0,300.0,300.0,,1,0,,,True,"Mon, 31 Aug 2026 15:00:00 GMT","Wed, 16 Sep 2026 17:57:00 GMT",https://media.app.artisio.co/media/3fc437c0-fdbb-4208-955a-90293eab416d/inventory/c264f9b6-c727-4a74-be4b-671f54daa9f0/44a27ad7-7ef6-4a40-9391-bd61a7327b78/0001_wwIPfb_sm.jpeg;https://media.app.artisio.co/media/3fc437c0-fdbb-4208-955a-90293eab416d/inventory/c264f9b6-c727-4a74-be4b-671f54daa9f0/dd562d4e-e482-46e3-b6db-6a85facfdac2/0002_ViVFov_sm.jpeg,2,"{""artist_retail_right"": false, ""comments"": null, ""description"": ""<p>Beiden in komma vorm bezet met briljant-geslepen diamanten, 22x14 mm.&nbsp;</p>"", ""internal_reference"": null, ""keurkamer"": false, ""literature"": null, ""origin_exhibition_lite"": null, ""period"": null, ""title"": ""Een paar 14k witgouden diamanten oorstekers"", ""total"": null, ""weight_size_quality"": ""Bruto 5 gram. ""}"
d78a3a4e-8980-4d18-a8bc-9d0f51420e9b,2114,26-0631/110,5595f3f8-0d21-4337-985c-b62f62070ce9,719,"Juwelen, Horloges & Luxury",Juwelen & Horloges,Een 20k gouden en akar bahar slangenarmband,Een 20k gouden en akar bahar slangenarmband,"<h3>Description</h3><p>Het lijfje gemaakt van akar bahar met gouden tussenstukken, kop en staart, binnenmaat ca 48x55 mm.&nbsp;</p><h3>Weight / Size / Quality</h3>Bruto 8 gram.<h3>Literature</h3><p>*Please note: prospective purchasers are advised that several countries prohibit the importation of property containing materials from endangered species, including but not limited to coral. Accordingly, prospective purchasers should familiarize themselves with relevant customs regulations prior to bidding if they intend to import this lot into another country outside of the EU.</p><h3>Keurkamer</h3>Yes",published,EUR,200.0,400.0,200.0,200.0,,1,0,,,True,"Mon, 31 Aug 2026 15:00:00 GMT","Wed, 16 Sep 2026 17:57:00 GMT",https://media.app.artisio.co/media/3fc437c0-fdbb-4208-955a-90293eab416d/inventory/fc42017f-d114-4ac8-b243-2d689984e0f3/7536a40f-aaf5-45b1-a4a0-3db84ce3b84b/0001_fwcPPV_sm.jpeg;https://media.app.artisio.co/media/3fc437c0-fdbb-4208-955a-90293eab416d/inventory/fc42017f-d114-4ac8-b243-2d689984e0f3/9f634f8d-db3b-43b8-88ad-18bd47010d22/0002_NWuAJT_sm.jpeg,2,"{""artist_retail_right"": false, ""comments"": null, ""description"": ""<p>Het lijfje gemaakt van akar bahar met gouden tussenstukken, kop en staart, binnenmaat ca 48x55 mm.&nbsp;</p>"", ""internal_reference"": null, ""keurkamer"": true, ""literature"": ""<p>*Please note: prospective purchasers are advised that several countries prohibit the importation of property containing materials from endangered species, including but not limited to coral. Accordingly, prospective purchasers should familiarize themselves with relevant customs regulations prior to bidding if they intend to import this lot into another country outside of the EU.</p>"", ""origin_exhibition_lite"": null, ""period"": null, ""title"": ""Een 20k gouden en akar bahar slangenarmband"", ""total"": null, ""weight_size_quality"": ""Bruto 8 gram. ""}"
5ae18389-16de-4e9f-9d6a-d8805ca6a7e1,2115,26-0631/111,5595f3f8-0d21-4337-985c-b62f62070ce9,719,"Juwelen, Horloges & Luxury",Juwelen & Horloges,Een 14k gouden stijve armband,Een 14k gouden stijve armband,"<h3>Description</h3><p>De voorzijde bezet met drie crèmekleurige cultivé parels, binnenmaat 50x60 mm.&nbsp;</p><h3>Weight / Size / Quality</h3>Bruto 12 gram.",published,EUR,500.0,700.0,500.0,500.0,,1,0,,,True,"Mon, 31 Aug 2026 15:00:00 GMT","Wed, 16 Sep 2026 18:00:00 GMT",https://media.app.artisio.co/media/3fc437c0-fdbb-4208-955a-90293eab416d/inventory/99e58174-527f-47cd-9c42-6e4835c29795/055d9102-926b-4eca-b8f1-cdc015a33c4e/0001_ICwJZO_sm.jpeg;https://media.app.artisio.co/media/3fc437c0-fdbb-4208-955a-90293eab416d/inventory/99e58174-527f-47cd-9c42-6e4835c29795/ed02c771-a6f5-4af7-9aa5-99ac33afd97a/0002_VOpweC_sm.jpeg;https://media.app.artisio.co/media/3fc437c0-fdbb-4208-955a-90293eab416d/inventory/99e58174-527f-47cd-9c42-6e4835c29795/4657af6d-b12b-4631-bb3f-c5359bc36ab9/0003_GDSPex_sm.jpeg,3,"{""artist_retail_right"": false, ""comments"": null, ""description"": ""<p>De voorzijde bezet met drie crèmekleurige cultivé parels, binnenmaat 50x60 mm.&nbsp;</p>"", ""internal_reference"": null, ""keurkamer"": false, ""literature"": null, ""origin_exhibition_lite"": null, ""period"": null, ""title"": ""Een 14k gouden stijve armband"", ""total"": null, ""weight_size_quality"": ""Bruto 12 gram. ""}"
d71a3d9e-5f60-47e9-a195-12e970189dc0,2116,26-0631/112,5595f3f8-0d21-4337-985c-b62f62070ce9,719,"Juwelen, Horloges & Luxury",Juwelen & Horloges,Een paar 18k gouden rookkwarts en diamant oorstekers ,Een paar 18k gouden rookkwarts en diamant oorstekers ,"<h3>Description</h3><p>De druppelvormige bovenzijde bezet met briljant-geslepen diamanten, waaraan hangend een gefacetteerde rookkwarts, L. 36 mm.&nbsp;</p><h3>Weight / Size / Quality</h3>Bruto 20 gram.",published,EUR,400.0,600.0,400.0,400.0,,1,0,,,True,"Mon, 31 Aug 2026 15:00:00 GMT","Wed, 16 Sep 2026 18:00:00 GMT",https://media.app.artisio.co/media/3fc437c0-fdbb-4208-955a-90293eab416d/inventory/8a078bc6-1df1-4aaa-9701-22ac65470360/79acc18c-5897-4eb6-8be5-728ce77403f8/0001_cyjqtu_sm.jpeg;https://media.app.artisio.co/media/3fc437c0-fdbb-4208-955a-90293eab416d/inventory/8a078bc6-1df1-4aaa-9701-22ac65470360/b9b186c0-530c-41c7-b720-241697957374/0002_xKaTko_sm.jpeg,2,"{""artist_retail_right"": false, ""comments"": null, ""description"": ""<p>De druppelvormige bovenzijde bezet met briljant-geslepen diamanten, waaraan hangend een gefacetteerde rookkwarts, L. 36 mm.&nbsp;</p>"", ""internal_reference"": null, ""keurkamer"": false, ""literature"": null, ""origin_exhibition_lite"": null, ""period"": null, ""title"": ""Een paar 18k gouden rookkwarts en diamant oorstekers "", ""total"": null, ""weight_size_quality"": ""Bruto 20 gram.""}"
4cff7ed0-ddec-4ea3-8aaf-5592ca0db067,2117,26-0631/113,5595f3f8-0d21-4337-985c-b62f62070ce9,719,"Juwelen, Horloges & Luxury",Juwelen & Horloges,Een 18k witgouden diamanten armband,Een 18k witgouden diamanten armband,"<h3>Description</h3><p>De centrale slagvorm bezet met briljant-geslepen diamanten, L. 16,5 cm.&nbsp;</p><h3>Weight / Size / Quality</h3>Bruto 23 gram.",published,EUR,1000.0,1500.0,1000.0,1000.0,,1,0,,,True,"Mon, 31 Aug 2026 15:00:00 GMT","Wed, 16 Sep 2026 18:00:00 GMT",https://media.app.artisio.co/media/3fc437c0-fdbb-4208-955a-90293eab416d/inventory/a1478274-9693-4b5f-b36b-cfab174b0f1a/0a516e2d-a603-4fea-8b0c-083e77848839/0001_UmOyit_sm.jpeg;https://media.app.artisio.co/media/3fc437c0-fdbb-4208-955a-90293eab416d/inventory/a1478274-9693-4b5f-b36b-cfab174b0f1a/ff7d3f53-96c6-48d6-b74c-39c89e2a78b5/0002_vBAJtC_sm.jpeg;https://media.app.artisio.co/media/3fc437c0-fdbb-4208-955a-90293eab416d/inventory/a1478274-9693-4b5f-b36b-cfab174b0f1a/015856d1-ce77-4fba-b081-185cfd1ec54b/0003_KOssvN_sm.jpeg,3,"{""artist_retail_right"": false, ""comments"": null, ""description"": ""<p>De centrale slagvorm bezet met briljant-geslepen diamanten, L. 16,5 cm.&nbsp;</p>"", ""internal_reference"": null, ""keurkamer"": false, ""literature"": null, ""origin_exhibition_lite"": null, ""period"": null, ""title"": ""Een 18k witgouden diamanten armband"", ""total"": null, ""weight_size_quality"": ""Bruto 23 gram. ""}"
e481286a-21e8-4a7d-bfe7-c20aa6d15cbb,2118,26-0631/114,5595f3f8-0d21-4337-985c-b62f62070ce9,719,"Juwelen, Horloges & Luxury",Juwelen & Horloges,Een paar 20k gouden oorclips,Een paar 20k gouden oorclips,"<h3>Description</h3><p>Bezet met cultivé parels en briljant-geslepen diamanten, 28x22 cm.</p><h3>Weight / Size / Quality</h3>Bruto 12 gram<h3>Keurkamer</h3>Yes",published,EUR,600.0,800.0,600.0,600.0,,1,0,,,True,"Mon, 31 Aug 2026 15:00:00 GMT","Wed, 16 Sep 2026 18:00:00 GMT",https://media.app.artisio.co/media/3fc437c0-fdbb-4208-955a-90293eab416d/inventory/27fe4d62-ad29-48ce-bfc4-0dae20a90f33/034d2f39-7d27-4b30-a2d5-ea53c23362bc/0001_kAcuIH_sm.jpeg;https://media.app.artisio.co/media/3fc437c0-fdbb-4208-955a-90293eab416d/inventory/27fe4d62-ad29-48ce-bfc4-0dae20a90f33/52dc7488-034b-48a7-9e9b-b562e1a823f3/0002_swFvcA_sm.jpeg,2,"{""artist_retail_right"": false, ""comments"": null, ""description"": ""<p>Bezet met cultivé parels en briljant-geslepen diamanten, 28x22 cm.</p>"", ""internal_reference"": null, ""keurkamer"": true, ""literature"": null, ""origin_exhibition_lite"": null, ""period"": null, ""title"": ""Een paar 20k gouden oorclips"", ""total"": null, ""weight_size_quality"": ""Bruto 12 gram""}"
b6cf5e73-0afd-43eb-9749-0e9a6d5f47e8,2119,26-0631/115,5595f3f8-0d21-4337-985c-b62f62070ce9,719,"Juwelen, Horloges & Luxury",Juwelen & Horloges,Een 18k tweekleurig gouden schakelarmband,Een 18k tweekleurig gouden schakelarmband,"<h3>Description</h3><p>Opgebouwd uit hexagonale schakels, 10 mm, L. 19 cm.</p><h3>Weight / Size / Quality</h3>Bruto 20 gram.",published,EUR,600.0,800.0,600.0,600.0,,1,0,,,True,"Mon, 31 Aug 2026 15:00:00 GMT","Wed, 16 Sep 2026 18:00:00 GMT",https://media.app.artisio.co/media/3fc437c0-fdbb-4208-955a-90293eab416d/inventory/143aee92-760b-4fea-9144-a6590d1151cd/19637a81-5797-4f64-90fa-db29a7bf9290/0001_msnklJ_sm.jpeg;https://media.app.artisio.co/media/3fc437c0-fdbb-4208-955a-90293eab416d/inventory/143aee92-760b-4fea-9144-a6590d1151cd/2e13eced-3102-4302-b6f9-417e123189f0/0002_ehsWfG_sm.jpeg;https://media.app.artisio.co/media/3fc437c0-fdbb-4208-955a-90293eab416d/inventory/143aee92-760b-4fea-9144-a6590d1151cd/f6263d4f-82fd-46c3-833e-4353ebcf0141/0003_EwJmCZ_sm.jpeg,3,"{""artist_retail_right"": false, ""comments"": null, ""description"": ""<p>Opgebouwd uit hexagonale schakels, 10 mm, L. 19 cm.</p>"", ""internal_reference"": null, ""keurkamer"": false, ""literature"": null, ""origin_exhibition_lite"": null, ""period"": null, ""title"": ""Een 18k tweekleurig gouden schakelarmband"", ""total"": null, ""weight_size_quality"": ""Bruto 20 gram. ""}"
bf001fc9-1834-420f-b6d2-088c12ada7f7,2120,26-0631/116,5595f3f8-0d21-4337-985c-b62f62070ce9,719,"Juwelen, Horloges & Luxury",Juwelen & Horloges,Een paar diamanten oorstekers ,Een paar diamanten oorstekers ,"<h3>Description</h3><p>De druppelvormige hangers bezet met oudslijpsel diamanten, bwgg, 28x16 mm.&nbsp;</p><h3>Weight / Size / Quality</h3>Bruto 6 gram.<h3>Keurkamer</h3>Yes",published,EUR,500.0,700.0,500.0,500.0,,1,0,,,True,"Mon, 31 Aug 2026 15:00:00 GMT","Wed, 16 Sep 2026 18:00:00 GMT",https://media.app.artisio.co/media/3fc437c0-fdbb-4208-955a-90293eab416d/inventory/3af14a8d-8ae7-4c5f-8a81-6a821e14c720/70427fca-1cee-4ff5-9f5d-f920198a5534/0001_HAJPct_sm.jpeg;https://media.app.artisio.co/media/3fc437c0-fdbb-4208-955a-90293eab416d/inventory/3af14a8d-8ae7-4c5f-8a81-6a821e14c720/39aee6f6-0e87-423c-8804-4f9804de180e/0002_CdlFgI_sm.jpeg,2,"{""artist_retail_right"": false, ""comments"": null, ""description"": ""<p>De druppelvormige hangers bezet met oudslijpsel diamanten, bwgg, 28x16 mm.&nbsp;</p>"", ""internal_reference"": null, ""keurkamer"": true, ""literature"": null, ""origin_exhibition_lite"": null, ""period"": null, ""title"": ""Een paar diamanten oorstekers "", ""total"": null, ""weight_size_quality"": ""Bruto 6 gram. ""}"
6a1da544-eafb-4ce7-aed9-46d5fa87aaa2,2121,26-0631/117,5595f3f8-0d21-4337-985c-b62f62070ce9,719,"Juwelen, Horloges & Luxury",Juwelen & Horloges,Een Belle Epoque 14k witgoud en platina diamanten ring,Een Belle Epoque 14k witgoud en platina diamanten ring,"<h3>Description</h3><p>De ajour hexagonale voorzijde bezet met briljant- en roosgeslepen diamanten, ringmaat 18.5/58.</p><h3>Weight / Size / Quality</h3>Bruto 3 gram.<h3>Keurkamer</h3>Yes",published,EUR,300.0,500.0,300.0,300.0,,1,0,,,True,"Mon, 31 Aug 2026 15:00:00 GMT","Wed, 16 Sep 2026 18:03:00 GMT",https://media.app.artisio.co/media/3fc437c0-fdbb-4208-955a-90293eab416d/inventory/235a7158-b9bd-43a8-b421-fa88839dd9f7/8e65cae3-bfeb-4807-ae17-3ec9ff496209/0001_AqrwHW_sm.jpeg;https://media.app.artisio.co/media/3fc437c0-fdbb-4208-955a-90293eab416d/inventory/235a7158-b9bd-43a8-b421-fa88839dd9f7/b8b4d2ea-5cc6-44be-8c6e-34da1fd3b970/0002_tqDADa_sm.jpeg;https://media.app.artisio.co/media/3fc437c0-fdbb-4208-955a-90293eab416d/inventory/235a7158-b9bd-43a8-b421-fa88839dd9f7/006fc19b-18da-4de2-8498-04e624f7bc1f/0003_aYQJQn_sm.jpeg,3,"{""artist_retail_right"": false, ""comments"": null, ""description"": ""<p>De ajour hexagonale voorzijde bezet met briljant- en roosgeslepen diamanten, ringmaat 18.5/58.</p>"", ""internal_reference"": null, ""keurkamer"": true, ""literature"": null, ""origin_exhibition_lite"": null, ""period"": null, ""title"": ""Een Belle Epoque 14k witgoud en platina diamanten ring"", ""total"": null, ""weight_size_quality"": ""Bruto 3 gram. ""}"
2351e95c-1fb4-412f-8a34-3024dcc2699e,2122,26-0631/118,5595f3f8-0d21-4337-985c-b62f62070ce9,719,"Juwelen, Horloges & Luxury",Juwelen & Horloges,Een paar 14k goud en zilveren opaal en diamant oorstekers,Een paar 14k goud en zilveren opaal en diamant oorstekers,"<h3>Description</h3><p>Centraal bezet met een ovale opaal cabochon bekroond door een rij markiesvormig cabochon opaaltjes, verder bezet met roos-geslepen diamanten, 24x15 mm.</p><h3>Weight / Size / Quality</h3>Bruto 7 gram.<h3>Keurkamer</h3>Yes",published,EUR,200.0,400.0,200.0,200.0,,1,0,,,True,"Mon, 31 Aug 2026 15:00:00 GMT","Wed, 16 Sep 2026 18:03:00 GMT",https://media.app.artisio.co/media/3fc437c0-fdbb-4208-955a-90293eab416d/inventory/9204cdeb-42f8-4396-a734-cf93e46a37f5/6beea801-c734-4abd-aae2-672f8e77a546/0001_ZZIekN_sm.jpeg;https://media.app.artisio.co/media/3fc437c0-fdbb-4208-955a-90293eab416d/inventory/9204cdeb-42f8-4396-a734-cf93e46a37f5/314d0956-f47d-40f7-906c-3c0dac35bb70/0002_kiOZlX_sm.jpeg;https://media.app.artisio.co/media/3fc437c0-fdbb-4208-955a-90293eab416d/inventory/9204cdeb-42f8-4396-a734-cf93e46a37f5/a527f1b1-06c4-4fe9-a111-294611a61eab/0003_nBIfJs_sm.jpeg,3,"{""artist_retail_right"": false, ""comments"": null, ""description"": ""<p>Centraal bezet met een ovale opaal cabochon bekroond door een rij markiesvormig cabochon opaaltjes, verder bezet met roos-geslepen diamanten, 24x15 mm.</p>"", ""internal_reference"": null, ""keurkamer"": true, ""literature"": null, ""origin_exhibition_lite"": null, ""period"": null, ""title"": ""Een paar 14k goud en zilveren opaal en diamant oorstekers"", ""total"": null, ""weight_size_quality"": ""Bruto 7 gram.""}"
7f48b972-1ea8-4034-a628-c3e26dffdd8f,2123,26-0631/119,5595f3f8-0d21-4337-985c-b62f62070ce9,719,"Juwelen, Horloges & Luxury",Juwelen & Horloges,Een 14k witgouden saffier en diamanten broche,Een 14k witgouden saffier en diamanten broche,"<h3>Description</h3><p>Opengewerkt en bezet met briljant-geslepen diamant en driehoekig geslepen saffiertjes, 67x18 mm.&nbsp;</p><h3>Weight / Size / Quality</h3>Bruto 6 gram.<h3>Keurkamer</h3>Yes",published,EUR,300.0,500.0,300.0,300.0,,1,0,,,True,"Mon, 31 Aug 2026 15:00:00 GMT","Wed, 16 Sep 2026 18:03:00 GMT",https://media.app.artisio.co/media/3fc437c0-fdbb-4208-955a-90293eab416d/inventory/bde95e51-8610-440f-8b4b-06f3da92f885/973e835d-c590-47da-ac2b-6a3e6713176b/0001_ovqvOR_sm.jpeg;https://media.app.artisio.co/media/3fc437c0-fdbb-4208-955a-90293eab416d/inventory/bde95e51-8610-440f-8b4b-06f3da92f885/98c52ca3-3fdf-4497-934e-c6652cb826d6/0002_YnUBID_sm.jpeg,2,"{""artist_retail_right"": false, ""comments"": null, ""description"": ""<p>Opengewerkt en bezet met briljant-geslepen diamant en driehoekig geslepen saffiertjes, 67x18 mm.&nbsp;</p>"", ""internal_reference"": null, ""keurkamer"": true, ""literature"": null, ""origin_exhibition_lite"": null, ""period"": null, ""title"": ""Een 14k witgouden saffier en diamanten broche"", ""total"": null, ""weight_size_quality"": ""Bruto 6 gram. ""}"
9bc09012-62be-4d79-9fee-c9f57e13e740,2124,26-0631/120,5595f3f8-0d21-4337-985c-b62f62070ce9,719,"Juwelen, Horloges & Luxury",Juwelen & Horloges,Drie gouden granaat broches ,Drie gouden granaat broches ,"<h3>Description</h3><p>Bestaande uit: een ovale 14k gouden broche bezet met een grote roos-geslepen granaat omgeven door kleinere granaten, 38x29 mm; een opengewerkte ovale 14k gouden broche bezet met een cabochon granaat, 25x22 mm; en een opengewerkte filigrein broche bezet met een kussenvormige granaat, bwgg, 36x36 mm.</p><h3>Weight / Size / Quality</h3>Bruto 31 gram.<h3>Keurkamer</h3>Yes",published,EUR,400.0,600.0,400.0,400.0,,1,0,,,True,"Mon, 31 Aug 2026 15:00:00 GMT","Wed, 16 Sep 2026 18:03:00 GMT",https://media.app.artisio.co/media/3fc437c0-fdbb-4208-955a-90293eab416d/inventory/f74a0d04-ea70-4c44-9a60-43c4cde72e5e/166db752-9422-4ba6-8736-2778955990a5/0001_OZqmdK_sm.jpeg;https://media.app.artisio.co/media/3fc437c0-fdbb-4208-955a-90293eab416d/inventory/f74a0d04-ea70-4c44-9a60-43c4cde72e5e/0f42fa07-ff5f-422d-81f8-f52bae0bd3ae/0002_kQPmqY_sm.jpeg;https://media.app.artisio.co/media/3fc437c0-fdbb-4208-955a-90293eab416d/inventory/f74a0d04-ea70-4c44-9a60-43c4cde72e5e/59ee84ed-35a5-4afa-9a16-6d56c003b9e4/0003_EwRLUu_sm.jpeg;https://media.app.artisio.co/media/3fc437c0-fdbb-4208-955a-90293eab416d/inventory/f74a0d04-ea70-4c44-9a60-43c4cde72e5e/55acd2f7-af79-4b5d-b622-d1b8102a50e5/0004_sBXqev_sm.jpeg,4,"{""artist_retail_right"": false, ""comments"": null, ""description"": ""<p>Bestaande uit: een ovale 14k gouden broche bezet met een grote roos-geslepen granaat omgeven door kleinere granaten, 38x29 mm; een opengewerkte ovale 14k gouden broche bezet met een cabochon granaat, 25x22 mm; en een opengewerkte filigrein broche bezet met een kussenvormige granaat, bwgg, 36x36 mm.</p>"", ""internal_reference"": null, ""keurkamer"": true, ""literature"": null, ""origin_exhibition_lite"": null, ""period"": null, ""title"": ""Drie gouden granaat broches "", ""total"": null, ""weight_size_quality"": ""Bruto 31 gram. ""}"
bc4c35f8-2027-445f-a4cb-67f4a64138f0,2125,26-0631/121,5595f3f8-0d21-4337-985c-b62f62070ce9,719,"Juwelen, Horloges & Luxury",Juwelen & Horloges,Een granaten collier en ring,Een granaten collier en ring,"<h3>Description</h3><p>Het zesstrengs colier bestaande uit gefacetteerde granaatkralen aan een ruitvormig opengewerkt slot, bezet met granaat en zaadparels, bwgg, L. 41 cm; de ring met markiesvormige voorzijde bezet met roos-geslepen granaten, 925/1000 zilver, ringmaat 18.75/59.</p><h3>Weight / Size / Quality</h3>Bruto 69 gram.<h3>Keurkamer</h3>Yes",published,EUR,200.0,400.0,200.0,200.0,,1,0,,,True,"Mon, 31 Aug 2026 15:00:00 GMT","Wed, 16 Sep 2026 18:03:00 GMT",https://media.app.artisio.co/media/3fc437c0-fdbb-4208-955a-90293eab416d/inventory/826a6315-3bf3-48b0-9d90-b2456a84b387/a8bc831c-098a-4d10-87b7-d8959e44c1e1/0001_qpNfLn_sm.jpeg;https://media.app.artisio.co/media/3fc437c0-fdbb-4208-955a-90293eab416d/inventory/826a6315-3bf3-48b0-9d90-b2456a84b387/730aa631-5c58-49df-b0c1-9cfc6affa020/0002_VXRhIg_sm.jpeg;https://media.app.artisio.co/media/3fc437c0-fdbb-4208-955a-90293eab416d/inventory/826a6315-3bf3-48b0-9d90-b2456a84b387/60d81615-4c95-40b7-8f5a-75738d0a013e/0003_oQFeQs_sm.jpeg,3,"{""artist_retail_right"": false, ""comments"": null, ""description"": ""<p>Het zesstrengs colier bestaande uit gefacetteerde granaatkralen aan een ruitvormig opengewerkt slot, bezet met granaat en zaadparels, bwgg, L. 41 cm; de ring met markiesvormige voorzijde bezet met roos-geslepen granaten, 925/1000 zilver, ringmaat 18.75/59.</p>"", ""internal_reference"": null, ""keurkamer"": true, ""literature"": null, ""origin_exhibition_lite"": null, ""period"": null, ""title"": ""Een granaten collier en ring"", ""total"": null, ""weight_size_quality"": ""Bruto 69 gram.""}"
aef2c79c-c967-465c-ae4f-333830030286,2126,26-0631/122,5595f3f8-0d21-4337-985c-b62f62070ce9,719,"Juwelen, Horloges & Luxury",Juwelen & Horloges,Een 18k gouden saffier en diamanten ring,Een 18k gouden saffier en diamanten ring,"<h3>Description</h3><p>De voorzijde in slagvorm bezet met twee cirkelvormig-geslepen saffieren en twee roosgeslepen diamanten, ringmaat 18.5/58.&nbsp;</p><h3>Weight / Size / Quality</h3>Bruto 4 gram.<h3>Keurkamer</h3>Yes",published,EUR,300.0,500.0,300.0,300.0,,1,0,,,True,"Mon, 31 Aug 2026 15:00:00 GMT","Wed, 16 Sep 2026 18:03:00 GMT",https://media.app.artisio.co/media/3fc437c0-fdbb-4208-955a-90293eab416d/inventory/3d74edfc-1196-419b-bfd7-651b3a572e29/26fc275a-9d8a-4779-af73-db8ccf051115/0001_NcPfYO_sm.jpeg;https://media.app.artisio.co/media/3fc437c0-fdbb-4208-955a-90293eab416d/inventory/3d74edfc-1196-419b-bfd7-651b3a572e29/359c1fb8-6d32-4698-9f1b-22c209fe2713/0002_vYQuvF_sm.jpeg;https://media.app.artisio.co/media/3fc437c0-fdbb-4208-955a-90293eab416d/inventory/3d74edfc-1196-419b-bfd7-651b3a572e29/ba93de64-3e31-4b09-9569-057e5dcbf129/0003_VrMiuq_sm.jpeg,3,"{""artist_retail_right"": false, ""comments"": null, ""description"": ""<p>De voorzijde in slagvorm bezet met twee cirkelvormig-geslepen saffieren en twee roosgeslepen diamanten, ringmaat 18.5/58.&nbsp;</p>"", ""internal_reference"": null, ""keurkamer"": true, ""literature"": null, ""origin_exhibition_lite"": null, ""period"": null, ""title"": ""Een 18k gouden saffier en diamanten ring"", ""total"": null, ""weight_size_quality"": ""Bruto 4 gram. ""}"
85abf09d-7726-4248-9e26-c0670cca8f60,2127,26-0631/123,5595f3f8-0d21-4337-985c-b62f62070ce9,719,"Juwelen, Horloges & Luxury",Juwelen & Horloges,Een antieke 14k gouden diamanten broche,Een antieke 14k gouden diamanten broche,"<h3>Period</h3>Circa 1910.<h3>Description</h3><p>De cirkelvormig opengewerkte broche bezet met roosgeslepen diamanten, 25x28 mm.&nbsp;</p><h3>Weight / Size / Quality</h3>Bruto 5 gram.",published,EUR,300.0,500.0,300.0,300.0,,1,0,,,True,"Mon, 31 Aug 2026 15:00:00 GMT","Wed, 16 Sep 2026 18:06:00 GMT",https://media.app.artisio.co/media/3fc437c0-fdbb-4208-955a-90293eab416d/inventory/5ea910fc-22a2-40f9-8bf8-da9298e5ff9c/6a126209-291f-47c3-b20e-d71bff2c3bce/0001_JpPkvD_sm.jpeg;https://media.app.artisio.co/media/3fc437c0-fdbb-4208-955a-90293eab416d/inventory/5ea910fc-22a2-40f9-8bf8-da9298e5ff9c/17bccf98-7b8c-4ae1-9fff-0836b1ef938e/0002_duWreq_sm.jpeg,2,"{""artist_retail_right"": false, ""comments"": null, ""description"": ""<p>De cirkelvormig opengewerkte broche bezet met roosgeslepen diamanten, 25x28 mm.&nbsp;</p>"", ""internal_reference"": null, ""keurkamer"": false, ""literature"": null, ""origin_exhibition_lite"": null, ""period"": ""Circa 1910."", ""title"": ""Een antieke 14k gouden diamanten broche"", ""total"": null, ""weight_size_quality"": ""Bruto 5 gram. ""}"
b6ec232d-9cfa-44d6-8447-b08a30d05421,2128,26-0631/124,5595f3f8-0d21-4337-985c-b62f62070ce9,719,"Juwelen, Horloges & Luxury",Juwelen & Horloges,Een paar 14k goud en zilveren oorclips ,Een paar 14k goud en zilveren oorclips ,"<h3>Description</h3><p>Gedecoreerd met filigrein, op een later moment omgebouwd tot oorclips en van origine vermoedelijk mutsenspelden, clips 835/1000 zilver, 25x16 mm.&nbsp;</p><h3>Weight / Size / Quality</h3>Bruto 6 gram.<h3>Keurkamer</h3>Yes",published,EUR,200.0,400.0,200.0,200.0,,1,0,,,True,"Mon, 31 Aug 2026 15:00:00 GMT","Wed, 16 Sep 2026 18:06:00 GMT",https://media.app.artisio.co/media/3fc437c0-fdbb-4208-955a-90293eab416d/inventory/6ebd2380-d4a2-49ac-9f0f-5344d0c0feb5/6c49ea2b-fbed-419b-8c96-ae1d7c8ded87/0001_XdPeys_sm.jpeg;https://media.app.artisio.co/media/3fc437c0-fdbb-4208-955a-90293eab416d/inventory/6ebd2380-d4a2-49ac-9f0f-5344d0c0feb5/41e7c1b8-77e5-474a-bae6-fad2ee04a490/0002_OxievX_sm.jpeg,2,"{""artist_retail_right"": false, ""comments"": null, ""description"": ""<p>Gedecoreerd met filigrein, op een later moment omgebouwd tot oorclips en van origine vermoedelijk mutsenspelden, clips 835/1000 zilver, 25x16 mm.&nbsp;</p>"", ""internal_reference"": null, ""keurkamer"": true, ""literature"": null, ""origin_exhibition_lite"": null, ""period"": null, ""title"": ""Een paar 14k goud en zilveren oorclips "", ""total"": null, ""weight_size_quality"": ""Bruto 6 gram. ""}"
afdedb1b-13f1-4b9c-a7c0-e70eca9d210a,2129,26-0631/126,5595f3f8-0d21-4337-985c-b62f62070ce9,719,"Juwelen, Horloges & Luxury",Juwelen & Horloges,Een paar 20k gouden oorhangers,Een paar 20k gouden oorhangers,"<h3>Description</h3><p>Gedecoreerd met filigrein en cannetille motieven, 56x35 mm.&nbsp;</p><h3>Weight / Size / Quality</h3>Bruto 21 gram.<h3>Keurkamer</h3>Yes",published,EUR,1000.0,1500.0,1000.0,1000.0,,1,0,,,True,"Mon, 31 Aug 2026 15:00:00 GMT","Wed, 16 Sep 2026 18:06:00 GMT",https://media.app.artisio.co/media/3fc437c0-fdbb-4208-955a-90293eab416d/inventory/0f62fee6-5ad2-4e44-a974-81ac01c5c79c/d1815af1-6121-4356-8159-7aa47d3ee909/0001_iJaYAS_sm.jpeg,1,"{""artist_retail_right"": false, ""comments"": null, ""description"": ""<p>Gedecoreerd met filigrein en cannetille motieven, 56x35 mm.&nbsp;</p>"", ""internal_reference"": null, ""keurkamer"": true, ""literature"": null, ""origin_exhibition_lite"": null, ""period"": null, ""title"": ""Een paar 20k gouden oorhangers"", ""total"": null, ""weight_size_quality"": ""Bruto 21 gram.""}"
b0a5d125-34aa-4e74-8755-735b04b729cc,2130,26-0631/127,5595f3f8-0d21-4337-985c-b62f62070ce9,719,"Juwelen, Horloges & Luxury",Juwelen & Horloges,"Een 18k witgouden dames polshorloge, Jaeger-leCoultre","Een 18k witgouden dames polshorloge, Jaeger-leCoultre","<h3>Description</h3><p>Mechanisch uurwerk, de vierkante wijzerplaat met batons, de lunette en deel van de geïntegreerde gevlochten band bezet met briljantgeslepen diamanten, 14x14 mm, L. 17,5 cm.&nbsp;</p><h3>Weight / Size / Quality</h3>Bruto 24 gram.",published,EUR,600.0,800.0,600.0,600.0,,1,0,,,True,"Mon, 31 Aug 2026 15:00:00 GMT","Wed, 16 Sep 2026 18:06:00 GMT",https://media.app.artisio.co/media/3fc437c0-fdbb-4208-955a-90293eab416d/inventory/08a1de0e-ad30-4dc0-84d4-ba1d42beb5fb/d79e8188-fc14-4eab-9efc-7970122d6bd4/0001_epZmWD_sm.jpeg;https://media.app.artisio.co/media/3fc437c0-fdbb-4208-955a-90293eab416d/inventory/08a1de0e-ad30-4dc0-84d4-ba1d42beb5fb/ec032052-cc48-4ade-a5b6-0f87052dac93/0002_cVSALW_sm.jpeg,2,"{""artist_retail_right"": false, ""comments"": null, ""description"": ""<p>Mechanisch uurwerk, de vierkante wijzerplaat met batons, de lunette en deel van de geïntegreerde gevlochten band bezet met briljantgeslepen diamanten, 14x14 mm, L. 17,5 cm.&nbsp;</p>"", ""internal_reference"": null, ""keurkamer"": false, ""literature"": null, ""origin_exhibition_lite"": null, ""period"": null, ""title"": ""Een 18k witgouden dames polshorloge, Jaeger-leCoultre"", ""total"": null, ""weight_size_quality"": ""Bruto 24 gram. ""}"
de1d77fd-3e16-4062-a24b-9cf51628f6cb,2131,26-0631/128,5595f3f8-0d21-4337-985c-b62f62070ce9,719,"Juwelen, Horloges & Luxury",Juwelen & Horloges,Twee cultivé parelcolliers en een armband,Twee cultivé parelcolliers en een armband,"<h3>Description</h3><p>Bestaande uit twee parelcolliers geregen met barokvormige crèmekleurige cultivéparels aan een 14k witgouden slot, L. 43 en 47 cm, ook samen te dragen; en een tweestrengs armband bestaande uit imitatieparels aan 835/1000 zilveren slot, L. 19 cm.</p><h3>Weight / Size / Quality</h3>Bruto 65 gram.",published,EUR,200.0,400.0,200.0,200.0,,1,0,,,True,"Mon, 31 Aug 2026 15:00:00 GMT","Wed, 16 Sep 2026 18:06:00 GMT",https://media.app.artisio.co/media/3fc437c0-fdbb-4208-955a-90293eab416d/inventory/707500f8-1614-4669-b79d-1416786a934c/d56be223-e582-481a-8103-9e3a8c638f44/0001_TxcQJy_sm.jpeg;https://media.app.artisio.co/media/3fc437c0-fdbb-4208-955a-90293eab416d/inventory/707500f8-1614-4669-b79d-1416786a934c/21dd216c-9720-49fe-8c5a-e008431c5bbc/0002_gDcTcO_sm.jpeg;https://media.app.artisio.co/media/3fc437c0-fdbb-4208-955a-90293eab416d/inventory/707500f8-1614-4669-b79d-1416786a934c/f0643be3-6ce3-498d-b719-e3025f3e198d/0003_tVpyfo_sm.jpeg,3,"{""artist_retail_right"": false, ""comments"": null, ""description"": ""<p>Bestaande uit twee parelcolliers geregen met barokvormige crèmekleurige cultivéparels aan een 14k witgouden slot, L. 43 en 47 cm, ook samen te dragen; en een tweestrengs armband bestaande uit imitatieparels aan 835/1000 zilveren slot, L. 19 cm.</p>"", ""internal_reference"": null, ""keurkamer"": false, ""literature"": null, ""origin_exhibition_lite"": null, ""period"": null, ""title"": ""Twee cultivé parelcolliers en een armband"", ""total"": null, ""weight_size_quality"": ""Bruto 65 gram. ""}"
2cfff4be-1143-4e55-a66f-7c994a4ae96f,2132,26-0631/129,5595f3f8-0d21-4337-985c-b62f62070ce9,719,"Juwelen, Horloges & Luxury",Juwelen & Horloges,Drie 14k gouden edelsteen ringen,Drie 14k gouden edelsteen ringen,"<h3>Description</h3><p>Bestaande uit een entourage ring bezet met een ovaal geslepen amethist omgeven door amethist en zaadparels, ringmaat 18.5/58; een ring bezet met diverse edelstenen waaronder amethist, granaat en citrien, ringmaat 18.5/58; en een ring bezet met een ovaal tijgeroog schijf, ringmaat 18/56.</p><h3>Weight / Size / Quality</h3>Bruto 17 gram.",published,EUR,600.0,800.0,600.0,600.0,,1,0,,,True,"Mon, 31 Aug 2026 15:00:00 GMT","Wed, 16 Sep 2026 18:06:00 GMT",https://media.app.artisio.co/media/3fc437c0-fdbb-4208-955a-90293eab416d/inventory/f68870e0-2b35-45e2-88f1-5af732ee7414/4d08547b-ab2e-43ed-a3df-f61304039ff5/0001_pZTMEC_sm.jpeg;https://media.app.artisio.co/media/3fc437c0-fdbb-4208-955a-90293eab416d/inventory/f68870e0-2b35-45e2-88f1-5af732ee7414/ef9773d1-c83b-4302-8c5e-42698e2b470e/0002_ByJisZ_sm.jpeg;https://media.app.artisio.co/media/3fc437c0-fdbb-4208-955a-90293eab416d/inventory/f68870e0-2b35-45e2-88f1-5af732ee7414/cf51d86a-81ca-4eae-a928-594161e31c73/0003_wXzrlR_sm.jpeg;https://media.app.artisio.co/media/3fc437c0-fdbb-4208-955a-90293eab416d/inventory/f68870e0-2b35-45e2-88f1-5af732ee7414/083367e2-6599-4016-b5de-342a57ff0213/0004_EllqiT_sm.jpeg,4,"{""artist_retail_right"": false, ""comments"": null, ""description"": ""<p>Bestaande uit een entourage ring bezet met een ovaal geslepen amethist omgeven door amethist en zaadparels, ringmaat 18.5/58; een ring bezet met diverse edelstenen waaronder amethist, granaat en citrien, ringmaat 18.5/58; en een ring bezet met een ovaal tijgeroog schijf, ringmaat 18/56.</p>"", ""internal_reference"": null, ""keurkamer"": false, ""literature"": null, ""origin_exhibition_lite"": null, ""period"": null, ""title"": ""Drie 14k gouden edelsteen ringen"", ""total"": null, ""weight_size_quality"": ""Bruto 17 gram. ""}"
bf24e3db-2c4e-41b8-9263-71549927af72,2133,26-0631/130,5595f3f8-0d21-4337-985c-b62f62070ce9,719,"Juwelen, Horloges & Luxury",Juwelen & Horloges,Zeven antieke en vintage gouden hangers ,Zeven antieke en vintage gouden hangers ,"<h3>Description</h3><p>Bestaande uit zes 14k gouden hangers: een ovaal medaillon gedecoreerd met voluten, 30x20 mm zonder hangoog;&nbsp;een 14k hanger met knoopmotief, 25x14 mm;&nbsp;een sterrenbeeldhanger, kreeft, D. 22 mm;&nbsp;een bloemhanger bezet met een smaragdje en diamantjes, D. 12 mm;&nbsp;een hanger bezet met een roosvormige appliqué, D. 16 mm;&nbsp;<br>een kokervormige hanger bezet met rozekwarts, L. 21 mm zonder hangoog;&nbsp;daarbij een ovaal medaillon, gedecoreerd met blauw emaille en zaadparels, beschadigd en opent niet meer, bwgg, 36x28 mm zonder hangoog.</p><h3>Weight / Size / Quality</h3>Bruto 32 gram.<h3>Keurkamer</h3>Yes",published,EUR,600.0,800.0,600.0,600.0,,1,0,,,True,"Mon, 31 Aug 2026 15:00:00 GMT","Wed, 16 Sep 2026 18:09:00 GMT",https://media.app.artisio.co/media/3fc437c0-fdbb-4208-955a-90293eab416d/inventory/ae7da751-5ce1-48ed-84aa-f0236429a07e/f5b51039-75b3-4249-a14d-9a290292567e/0001_QpgsOP_sm.jpeg;https://media.app.artisio.co/media/3fc437c0-fdbb-4208-955a-90293eab416d/inventory/ae7da751-5ce1-48ed-84aa-f0236429a07e/e529318a-3165-4fae-ab88-73c1dd387e96/0002_hfNccP_sm.jpeg;https://media.app.artisio.co/media/3fc437c0-fdbb-4208-955a-90293eab416d/inventory/ae7da751-5ce1-48ed-84aa-f0236429a07e/2bf92ae4-0fda-4739-b50f-58cd8eb5b711/0003_PFwwVW_sm.jpeg,3,"{""artist_retail_right"": false, ""comments"": null, ""description"": ""<p>Bestaande uit zes 14k gouden hangers: een ovaal medaillon gedecoreerd met voluten, 30x20 mm zonder hangoog;&nbsp;een 14k hanger met knoopmotief, 25x14 mm;&nbsp;een sterrenbeeldhanger, kreeft, D. 22 mm;&nbsp;een bloemhanger bezet met een smaragdje en diamantjes, D. 12 mm;&nbsp;een hanger bezet met een roosvormige appliqué, D. 16 mm;&nbsp;<br>een kokervormige hanger bezet met rozekwarts, L. 21 mm zonder hangoog;&nbsp;daarbij een ovaal medaillon, gedecoreerd met blauw emaille en zaadparels, beschadigd en opent niet meer, bwgg, 36x28 mm zonder hangoog.</p>"", ""internal_reference"": null, ""keurkamer"": true, ""literature"": null, ""origin_exhibition_lite"": null, ""period"": null, ""title"": ""Zeven antieke en vintage gouden hangers "", ""total"": null, ""weight_size_quality"": ""Bruto 32 gram.""}"
46c49bb9-b4ae-4f1f-9bbb-20e60d011c34,2134,26-0631/131,5595f3f8-0d21-4337-985c-b62f62070ce9,719,"Juwelen, Horloges & Luxury",Juwelen & Horloges,Negen gouden ringen,Negen gouden ringen,"<h3>Description</h3><p>Bestaande uit zeven 14k gouden ringen:&nbsp;<br>een ring bezet met een Zeeuwse knoop, ringmaat 17.5/54;<br>een ring met bolle voorzijde, gedecoreerd met rankmotieven, ringmaat 17/53;&nbsp;<br>een ring met roosmotief, ringmaat 18/56;&nbsp;<br>een ring bestaande uit twee tweekleurig gouden gevlochten banden, ringmaat 18.5/58;&nbsp;&nbsp;<br>een ring met bolle voorzijde bezet met simili, ringmaat 16.5/52;&nbsp;<br>een ring met abstracte bloemvorm, ringmaat 18.5/58;&nbsp;<br>een ring bezet met een schelpcamee, ringmaat 17.25/54,<br>daarbij een ringetje bezet met een imitatieparel en twee glassteentjes, ringmaat 17.25/53 en een ring gedecoreerd met emaille, ringmaat 17.5/54, beide bwgg.&nbsp;<br>&nbsp;</p><h3>Weight / Size / Quality</h3>Bruto 31 gram.<h3>Keurkamer</h3>Yes",published,EUR,1000.0,1500.0,1000.0,1000.0,,1,0,,,True,"Mon, 31 Aug 2026 15:00:00 GMT","Wed, 16 Sep 2026 18:09:00 GMT",https://media.app.artisio.co/media/3fc437c0-fdbb-4208-955a-90293eab416d/inventory/e4af51a1-484e-48c9-a91e-650e530c85ec/07b66ae0-bca6-4bd6-8d52-b12d1eaebb2a/0001_BvENUy_sm.jpeg;https://media.app.artisio.co/media/3fc437c0-fdbb-4208-955a-90293eab416d/inventory/e4af51a1-484e-48c9-a91e-650e530c85ec/0b3644c4-da1d-463c-b7de-93206d547ce6/0002_gKLHEm_sm.jpeg;https://media.app.artisio.co/media/3fc437c0-fdbb-4208-955a-90293eab416d/inventory/e4af51a1-484e-48c9-a91e-650e530c85ec/ed6aeb33-a6c1-4b00-a9f3-ce1ecfb2b68d/0003_iOccZb_sm.jpeg;https://media.app.artisio.co/media/3fc437c0-fdbb-4208-955a-90293eab416d/inventory/e4af51a1-484e-48c9-a91e-650e530c85ec/b4927504-8973-420b-b292-9e2a13d39c54/0004_oprgBG_sm.jpeg;https://media.app.artisio.co/media/3fc437c0-fdbb-4208-955a-90293eab416d/inventory/e4af51a1-484e-48c9-a91e-650e530c85ec/33902f77-945d-446c-b1ef-64ac1cb752a3/0005_jyXNFF_sm.jpeg;https://media.app.artisio.co/media/3fc437c0-fdbb-4208-955a-90293eab416d/inventory/e4af51a1-484e-48c9-a91e-650e530c85ec/e2479e58-a047-4a55-a1e4-7f1c0705025d/0006_BRYjif_sm.jpeg,6,"{""artist_retail_right"": false, ""comments"": null, ""description"": ""<p>Bestaande uit zeven 14k gouden ringen:&nbsp;<br>een ring bezet met een Zeeuwse knoop, ringmaat 17.5/54;<br>een ring met bolle voorzijde, gedecoreerd met rankmotieven, ringmaat 17/53;&nbsp;<br>een ring met roosmotief, ringmaat 18/56;&nbsp;<br>een ring bestaande uit twee tweekleurig gouden gevlochten banden, ringmaat 18.5/58;&nbsp;&nbsp;<br>een ring met bolle voorzijde bezet met simili, ringmaat 16.5/52;&nbsp;<br>een ring met abstracte bloemvorm, ringmaat 18.5/58;&nbsp;<br>een ring bezet met een schelpcamee, ringmaat 17.25/54,<br>daarbij een ringetje bezet met een imitatieparel en twee glassteentjes, ringmaat 17.25/53 en een ring gedecoreerd met emaille, ringmaat 17.5/54, beide bwgg.&nbsp;<br>&nbsp;</p>"", ""internal_reference"": null, ""keurkamer"": true, ""literature"": null, ""origin_exhibition_lite"": null, ""period"": null, ""title"": ""Negen gouden ringen"", ""total"": null, ""weight_size_quality"": ""Bruto 31 gram.""}"
f1793d46-afad-49d8-84d4-cb7f3b1db482,2135,26-0631/132,5595f3f8-0d21-4337-985c-b62f62070ce9,719,"Juwelen, Horloges & Luxury",Juwelen & Horloges,Negen gouden edelsteen ringen,Negen gouden edelsteen ringen,"<h3>Description</h3><p>Bestaande uit: vier 14k gouden ringen bezet met synthetische blauwe spinel;<br>een 20k gouden ring bezet met een emeraude-geslepen citrien;<br>een 14k gouden ring bezet met een kussengeslepen aquamarijn;&nbsp;<br>een 14k gouden ring bezet met een rondgeslepen roze synthetische spinel;<br>een 14k gouden ring bezet met een cabochon hematiet;&nbsp;<br>en een 14k gouden ring bezet met twee glaskraaltjes en twee imitatieparels,&nbsp;<br>ringmaten tussen 17/54 en 18.5/58.&nbsp;</p><h3>Weight / Size / Quality</h3>Bruto 36 gram.<h3>Keurkamer</h3>Yes",published,EUR,1200.0,1600.0,1200.0,1200.0,,1,0,,,True,"Mon, 31 Aug 2026 15:00:00 GMT","Wed, 16 Sep 2026 18:09:00 GMT",https://media.app.artisio.co/media/3fc437c0-fdbb-4208-955a-90293eab416d/inventory/f1e122f9-c98f-46f3-a743-0e06e9cca15a/6cbb8e4d-2694-494c-978e-65d983ffd4d2/0001_Edmmlj_sm.jpeg;https://media.app.artisio.co/media/3fc437c0-fdbb-4208-955a-90293eab416d/inventory/f1e122f9-c98f-46f3-a743-0e06e9cca15a/7ca4a662-b4ed-4ac2-887c-a3ddd37a0ade/0002_uWkfmF_sm.jpeg;https://media.app.artisio.co/media/3fc437c0-fdbb-4208-955a-90293eab416d/inventory/f1e122f9-c98f-46f3-a743-0e06e9cca15a/6a98a127-16e2-44b5-bb8a-c9a69334c11e/0003_oYvfdN_sm.jpeg;https://media.app.artisio.co/media/3fc437c0-fdbb-4208-955a-90293eab416d/inventory/f1e122f9-c98f-46f3-a743-0e06e9cca15a/b9cee7fb-2eb1-4682-8b4a-75ddfa3ad97c/0004_nbOAga_sm.jpeg;https://media.app.artisio.co/media/3fc437c0-fdbb-4208-955a-90293eab416d/inventory/f1e122f9-c98f-46f3-a743-0e06e9cca15a/b10d6185-8e06-4f09-90a5-f54f805f1446/0005_gxFZwH_sm.jpeg;https://media.app.artisio.co/media/3fc437c0-fdbb-4208-955a-90293eab416d/inventory/f1e122f9-c98f-46f3-a743-0e06e9cca15a/7542f6b4-cf78-4939-9458-e6417020dc5d/0006_tTIHkg_sm.jpeg,6,"{""artist_retail_right"": false, ""comments"": null, ""description"": ""<p>Bestaande uit: vier 14k gouden ringen bezet met synthetische blauwe spinel;<br>een 20k gouden ring bezet met een emeraude-geslepen citrien;<br>een 14k gouden ring bezet met een kussengeslepen aquamarijn;&nbsp;<br>een 14k gouden ring bezet met een rondgeslepen roze synthetische spinel;<br>een 14k gouden ring bezet met een cabochon hematiet;&nbsp;<br>en een 14k gouden ring bezet met twee glaskraaltjes en twee imitatieparels,&nbsp;<br>ringmaten tussen 17/54 en 18.5/58.&nbsp;</p>"", ""internal_reference"": null, ""keurkamer"": true, ""literature"": null, ""origin_exhibition_lite"": null, ""period"": null, ""title"": ""Negen gouden edelsteen ringen"", ""total"": null, ""weight_size_quality"": ""Bruto 36 gram. ""}"
19f0cfab-6585-40e1-8b1d-48f560c4ff1c,2136,26-0631/133,5595f3f8-0d21-4337-985c-b62f62070ce9,719,"Juwelen, Horloges & Luxury",Juwelen & Horloges,Een collectie sieraden ,Een collectie sieraden ,"<h3>Description</h3><p>Bestaande uit;&nbsp;<br>een 14k gouden damespolshorloge aan geïntegreerde band, Garonne;&nbsp;<br>een 14k gouden armband met kwast en cultivé parels;&nbsp;<br>een 14k gourmetschakelcollier;&nbsp;<br>vijf 14k gouden ringen bezet met cultivé parels;&nbsp;<br>een paar 14k gouden manchetknopen;&nbsp;<br>een 14k gouden broche bezet met imitatie pareltjes en simili;&nbsp;<br>Drie paar 14k gouden oorstekers, bezet met parels;<br>daarbij: een onedel paar oorstekers bezet met glas en een onedel colliertje.</p><h3>Weight / Size / Quality</h3>Bruto 75 gram.<h3>Keurkamer</h3>Yes",published,EUR,1600.0,2600.0,1600.0,2600.0,,1,0,,,True,"Mon, 31 Aug 2026 15:00:00 GMT","Wed, 16 Sep 2026 18:09:00 GMT",https://media.app.artisio.co/media/3fc437c0-fdbb-4208-955a-90293eab416d/inventory/d18ed7c0-c678-4d85-a0b6-a5ba13ec531f/8d6804f6-56b3-4779-805f-6c0e29768a2a/0001_GTgbqA_sm.jpeg;https://media.app.artisio.co/media/3fc437c0-fdbb-4208-955a-90293eab416d/inventory/d18ed7c0-c678-4d85-a0b6-a5ba13ec531f/830670d1-8ecb-4ac3-8e70-3928cea226b2/0002_GeUbfU_sm.jpeg;https://media.app.artisio.co/media/3fc437c0-fdbb-4208-955a-90293eab416d/inventory/d18ed7c0-c678-4d85-a0b6-a5ba13ec531f/fc963f7e-95d6-4569-a147-3c7a9015e094/0003_fZLjsw_sm.jpeg;https://media.app.artisio.co/media/3fc437c0-fdbb-4208-955a-90293eab416d/inventory/d18ed7c0-c678-4d85-a0b6-a5ba13ec531f/74183513-a9ba-4ac5-9eb4-e23d693b63d9/0004_xVaAlY_sm.jpeg;https://media.app.artisio.co/media/3fc437c0-fdbb-4208-955a-90293eab416d/inventory/d18ed7c0-c678-4d85-a0b6-a5ba13ec531f/c0e0eb35-2b8f-4ef7-aa0c-a7c721d20e70/0005_WwhtFa_sm.jpeg,5,"{""artist_retail_right"": false, ""comments"": null, ""description"": ""<p>Bestaande uit;&nbsp;<br>een 14k gouden damespolshorloge aan geïntegreerde band, Garonne;&nbsp;<br>een 14k gouden armband met kwast en cultivé parels;&nbsp;<br>een 14k gourmetschakelcollier;&nbsp;<br>vijf 14k gouden ringen bezet met cultivé parels;&nbsp;<br>een paar 14k gouden manchetknopen;&nbsp;<br>een 14k gouden broche bezet met imitatie pareltjes en simili;&nbsp;<br>Drie paar 14k gouden oorstekers, bezet met parels;<br>daarbij: een onedel paar oorstekers bezet met glas en een onedel colliertje.</p>"", ""internal_reference"": null, ""keurkamer"": true, ""literature"": null, ""origin_exhibition_lite"": null, ""period"": null, ""title"": ""Een collectie sieraden "", ""total"": null, ""weight_size_quality"": ""Bruto 75 gram. ""}"
b7e95ede-6cf2-43fc-899d-6d3e328f1a0c,2137,26-0631/134,5595f3f8-0d21-4337-985c-b62f62070ce9,719,"Juwelen, Horloges & Luxury",Juwelen & Horloges,Een 18k gouden edelsteen broche,Een 18k gouden edelsteen broche,"<h3>Description</h3><p>Het opengewerkte ronde model gedecoreerd met blauw emaille en bezet met cirkelvormig geslepen citrien, granaat en smaragd, D. 35 mm.&nbsp;</p><h3>Weight / Size / Quality</h3>Bruto 15 gram.",published,EUR,200.0,400.0,200.0,200.0,,1,0,,,True,"Mon, 31 Aug 2026 15:00:00 GMT","Wed, 16 Sep 2026 18:09:00 GMT",https://media.app.artisio.co/media/3fc437c0-fdbb-4208-955a-90293eab416d/inventory/512b00a0-4e3e-4697-aa46-c7e1e74dfadf/549bea48-99e2-4b83-a325-d9c45d5a2c65/0001_nmOXia_sm.jpeg;https://media.app.artisio.co/media/3fc437c0-fdbb-4208-955a-90293eab416d/inventory/512b00a0-4e3e-4697-aa46-c7e1e74dfadf/bc4ce337-13e4-403f-9f30-88f53e179c56/0002_fuKoEo_sm.jpeg,2,"{""artist_retail_right"": false, ""comments"": null, ""description"": ""<p>Het opengewerkte ronde model gedecoreerd met blauw emaille en bezet met cirkelvormig geslepen citrien, granaat en smaragd, D. 35 mm.&nbsp;</p>"", ""internal_reference"": null, ""keurkamer"": false, ""literature"": null, ""origin_exhibition_lite"": null, ""period"": null, ""title"": ""Een 18k gouden edelsteen broche"", ""total"": null, ""weight_size_quality"": ""Bruto 15 gram. ""}"
c64e0b62-38e5-43c0-a7fb-48e3d0a46279,2138,26-0631/135,5595f3f8-0d21-4337-985c-b62f62070ce9,719,"Juwelen, Horloges & Luxury",Juwelen & Horloges,Een 14k gouden collier met bedels,Een 14k gouden collier met bedels,"<h3>Description</h3><p>bestaande uit jasseron schakels waaraan tien 14k gouden bedels van diverse diersoorten en één onedele bedel (vosje), L. 42 cm.&nbsp;</p><h3>Weight / Size / Quality</h3>Bruto 60 gram.<h3>Keurkamer</h3>Yes",published,EUR,2400.0,3400.0,2400.0,2400.0,,1,0,,,True,"Mon, 31 Aug 2026 15:00:00 GMT","Wed, 16 Sep 2026 18:09:00 GMT",https://media.app.artisio.co/media/3fc437c0-fdbb-4208-955a-90293eab416d/inventory/fab2d715-6d28-40bb-b3f1-4d808e0f6b4d/6d18ae05-a2be-4703-bc3e-f0f77dcf2cc5/0001_mzUSlJ_sm.jpeg;https://media.app.artisio.co/media/3fc437c0-fdbb-4208-955a-90293eab416d/inventory/fab2d715-6d28-40bb-b3f1-4d808e0f6b4d/cacc786a-05d7-4b44-a2d6-691a40ae5ee2/0002_yGvElm_sm.jpeg,2,"{""artist_retail_right"": false, ""comments"": null, ""description"": ""<p>bestaande uit jasseron schakels waaraan tien 14k gouden bedels van diverse diersoorten en één onedele bedel (vosje), L. 42 cm.&nbsp;</p>"", ""internal_reference"": null, ""keurkamer"": true, ""literature"": null, ""origin_exhibition_lite"": null, ""period"": null, ""title"": ""Een 14k gouden collier met bedels"", ""total"": null, ""weight_size_quality"": ""Bruto 60 gram. ""}"
e2e96803-0852-4002-82d7-f481af73c327,2139,26-0631/136,5595f3f8-0d21-4337-985c-b62f62070ce9,719,"Juwelen, Horloges & Luxury",Juwelen & Horloges,Een 14k gouden armband,Een 14k gouden armband,"<h3>Description</h3><p>Bestaande uit jasseronschakels aan een karabijnhaak, 7 mm breed, L. 20 cm.&nbsp;</p><h3>Weight / Size / Quality</h3>Bruto 19 gram.",published,EUR,600.0,800.0,600.0,600.0,,1,0,,,True,"Mon, 31 Aug 2026 15:00:00 GMT","Wed, 16 Sep 2026 18:12:00 GMT",https://media.app.artisio.co/media/3fc437c0-fdbb-4208-955a-90293eab416d/inventory/7b177ee3-5ce9-425c-a932-0873cf4a56c7/953d7403-60c0-44ae-bd9d-df1865766e91/0001_FTutpv_sm.jpeg;https://media.app.artisio.co/media/3fc437c0-fdbb-4208-955a-90293eab416d/inventory/7b177ee3-5ce9-425c-a932-0873cf4a56c7/1c439314-1fb1-401e-801e-3929979ae3d4/0002_tbfeSZ_sm.jpeg,2,"{""artist_retail_right"": false, ""comments"": null, ""description"": ""<p>Bestaande uit jasseronschakels aan een karabijnhaak, 7 mm breed, L. 20 cm.&nbsp;</p>"", ""internal_reference"": null, ""keurkamer"": false, ""literature"": null, ""origin_exhibition_lite"": null, ""period"": null, ""title"": ""Een 14k gouden armband"", ""total"": null, ""weight_size_quality"": ""Bruto 19 gram. ""}"
225c9060-08e3-4e33-9e24-12dc59b5142d,2140,26-0631/137,5595f3f8-0d21-4337-985c-b62f62070ce9,719,"Juwelen, Horloges & Luxury",Juwelen & Horloges,Negen gouden broches,Negen gouden broches,"<h3>Description</h3><p>Bestaande uit:<br>een 18k bicolor gouden bladbroche,&nbsp;<br>twee 14k gouden broches bezet met cultivé parels;<br>drie 14k gouden broches, één met een metalen speld;<br>twee 14k gouden broches, één bezet met jade en een emeraude-geslepen synthetische oranje saffier;<br>daarbij een staafbroche bezet met een cultivéparel, bwgg.</p><h3>Weight / Size / Quality</h3>Bruto 33 gram.<h3>Keurkamer</h3>Yes",published,EUR,1200.0,1600.0,1200.0,1200.0,,1,0,,,True,"Mon, 31 Aug 2026 15:00:00 GMT","Wed, 16 Sep 2026 18:12:00 GMT",https://media.app.artisio.co/media/3fc437c0-fdbb-4208-955a-90293eab416d/inventory/8f019ee5-a575-41ce-a161-3aa8e24c624b/532e4b8f-7a67-42c5-a8a4-4c9a963859fc/0001_aSheqT_sm.jpeg;https://media.app.artisio.co/media/3fc437c0-fdbb-4208-955a-90293eab416d/inventory/8f019ee5-a575-41ce-a161-3aa8e24c624b/ae8d7128-6f9f-44af-8e70-c9e97d06576e/0002_aFiQOE_sm.jpeg;https://media.app.artisio.co/media/3fc437c0-fdbb-4208-955a-90293eab416d/inventory/8f019ee5-a575-41ce-a161-3aa8e24c624b/a27a5c4b-faa8-447d-85bd-b82162ea5d5e/0003_CGkjAB_sm.jpeg;https://media.app.artisio.co/media/3fc437c0-fdbb-4208-955a-90293eab416d/inventory/8f019ee5-a575-41ce-a161-3aa8e24c624b/8d0fdb30-7d86-4a94-b579-6892ebbb55e8/0004_xxSpvX_sm.jpeg;https://media.app.artisio.co/media/3fc437c0-fdbb-4208-955a-90293eab416d/inventory/8f019ee5-a575-41ce-a161-3aa8e24c624b/a19d6d5f-de97-4870-b5ab-ff2377b056bf/0005_mHKevH_sm.jpeg,5,"{""artist_retail_right"": false, ""comments"": null, ""description"": ""<p>Bestaande uit:<br>een 18k bicolor gouden bladbroche,&nbsp;<br>twee 14k gouden broches bezet met cultivé parels;<br>drie 14k gouden broches, één met een metalen speld;<br>twee 14k gouden broches, één bezet met jade en een emeraude-geslepen synthetische oranje saffier;<br>daarbij een staafbroche bezet met een cultivéparel, bwgg.</p>"", ""internal_reference"": null, ""keurkamer"": true, ""literature"": null, ""origin_exhibition_lite"": null, ""period"": null, ""title"": ""Negen gouden broches"", ""total"": null, ""weight_size_quality"": ""Bruto 33 gram. ""}"
2d666b7d-734e-4d5b-8b1f-e633588826e7,2141,26-0631/138,5595f3f8-0d21-4337-985c-b62f62070ce9,719,"Juwelen, Horloges & Luxury",Juwelen & Horloges,Vijf gouden edelsteen ringen,Vijf gouden edelsteen ringen,"<h3>Description</h3><p>Bezet met chalcedoon, opaal, rookkwarts, turkoois en rhodochrosiet, 4x 14k goud, de rookkwarts ring bwgg, ringmaat 18/56 tot 18.5/58.&nbsp;</p><h3>Weight / Size / Quality</h3>Bruto 28 gram.<h3>Keurkamer</h3>Yes",published,EUR,500.0,700.0,500.0,500.0,,1,0,,,True,"Mon, 31 Aug 2026 15:00:00 GMT","Wed, 16 Sep 2026 18:12:00 GMT",https://media.app.artisio.co/media/3fc437c0-fdbb-4208-955a-90293eab416d/inventory/5e3df75b-9884-4580-80bc-30d91d30c707/77de34ec-ea7b-416e-892f-96bce79da2ff/0001_GhywQs_sm.jpeg;https://media.app.artisio.co/media/3fc437c0-fdbb-4208-955a-90293eab416d/inventory/5e3df75b-9884-4580-80bc-30d91d30c707/88ce519a-7351-4ca4-8654-9d41ea181ca6/0002_PCWhqG_sm.jpeg;https://media.app.artisio.co/media/3fc437c0-fdbb-4208-955a-90293eab416d/inventory/5e3df75b-9884-4580-80bc-30d91d30c707/4319aae5-07f9-4f47-95dd-b22cd3c0cb25/0003_JqtpMZ_sm.jpeg;https://media.app.artisio.co/media/3fc437c0-fdbb-4208-955a-90293eab416d/inventory/5e3df75b-9884-4580-80bc-30d91d30c707/8231c92e-999e-4051-960e-964319fafcde/0004_VEKvuw_sm.jpeg;https://media.app.artisio.co/media/3fc437c0-fdbb-4208-955a-90293eab416d/inventory/5e3df75b-9884-4580-80bc-30d91d30c707/66ea74e3-86e4-4877-a09d-34cc0e3ba2e0/0005_NDBvzY_sm.jpeg;https://media.app.artisio.co/media/3fc437c0-fdbb-4208-955a-90293eab416d/inventory/5e3df75b-9884-4580-80bc-30d91d30c707/d4e6895c-97a9-4cca-9cd3-e8518890ebdf/0006_Ougevo_sm.jpeg,6,"{""artist_retail_right"": false, ""comments"": null, ""description"": ""<p>Bezet met chalcedoon, opaal, rookkwarts, turkoois en rhodochrosiet, 4x 14k goud, de rookkwarts ring bwgg, ringmaat 18/56 tot 18.5/58.&nbsp;</p>"", ""internal_reference"": null, ""keurkamer"": true, ""literature"": null, ""origin_exhibition_lite"": null, ""period"": null, ""title"": ""Vijf gouden edelsteen ringen"", ""total"": null, ""weight_size_quality"": ""Bruto 28 gram.""}"
10c7e990-0be2-4d72-84c4-268a499395d0,2142,26-0631/139,5595f3f8-0d21-4337-985c-b62f62070ce9,719,"Juwelen, Horloges & Luxury",Juwelen & Horloges,Drie witgouden diamant ringen,Drie witgouden diamant ringen,"<h3>Description</h3><p>Bestaande uit: een 18k witgouden ronde entouragering bezet met briljant-geslepen diamanten, een 14k witgouden slagring bezet met een robijn en diamanten, en een 14k witgouden clusterring ring bezet met briljant-geslepen diamanten, ringmaat 17/54 en 18.5/58.</p><h3>Weight / Size / Quality</h3>Bruto 9 gram.<h3>Keurkamer</h3>Yes",published,EUR,400.0,600.0,400.0,400.0,,1,0,,,True,"Mon, 31 Aug 2026 15:00:00 GMT","Wed, 16 Sep 2026 18:12:00 GMT",https://media.app.artisio.co/media/3fc437c0-fdbb-4208-955a-90293eab416d/inventory/04a2ee31-212d-4fd1-8e8c-d5ba83dbe4cd/809ecaf6-e221-4fe0-b8c6-c667ee488ce6/0001_TXzkDs_sm.jpeg;https://media.app.artisio.co/media/3fc437c0-fdbb-4208-955a-90293eab416d/inventory/04a2ee31-212d-4fd1-8e8c-d5ba83dbe4cd/7d53c173-8ae7-4a80-8c7d-b36f1c1481cd/0002_kjQhYG_sm.jpeg;https://media.app.artisio.co/media/3fc437c0-fdbb-4208-955a-90293eab416d/inventory/04a2ee31-212d-4fd1-8e8c-d5ba83dbe4cd/61741eb5-9068-4c36-9596-44ee788e514d/0003_uzvHOF_sm.jpeg;https://media.app.artisio.co/media/3fc437c0-fdbb-4208-955a-90293eab416d/inventory/04a2ee31-212d-4fd1-8e8c-d5ba83dbe4cd/97db4ea7-c874-4e59-a2e8-89ebd33b04b7/0004_PlRqTE_sm.jpeg,4,"{""artist_retail_right"": false, ""comments"": null, ""description"": ""<p>Bestaande uit: een 18k witgouden ronde entouragering bezet met briljant-geslepen diamanten, een 14k witgouden slagring bezet met een robijn en diamanten, en een 14k witgouden clusterring ring bezet met briljant-geslepen diamanten, ringmaat 17/54 en 18.5/58.</p>"", ""internal_reference"": null, ""keurkamer"": true, ""literature"": null, ""origin_exhibition_lite"": null, ""period"": null, ""title"": ""Drie witgouden diamant ringen"", ""total"": null, ""weight_size_quality"": ""Bruto 9 gram. ""}"
97cea7dc-1778-4b92-b991-dd6d964bbcde,2143,26-0631/140,5595f3f8-0d21-4337-985c-b62f62070ce9,719,"Juwelen, Horloges & Luxury",Juwelen & Horloges,Een horlogering en een zilveren broche,Een horlogering en een zilveren broche,"<h3>Description</h3><p>De vergulde ring met een open te klappen zetting waarin een mechanisch uurwerk, gesigneerd Plato, ringmaat 17.5/55, daarbij een 835/1000 zilveren broche in de vorm van een geëmailleerd vogeltje en haar nest.&nbsp;</p><h3>Weight / Size / Quality</h3>Bruto 15 gram.",published,EUR,200.0,400.0,200.0,200.0,,1,0,,,True,"Mon, 31 Aug 2026 15:00:00 GMT","Wed, 16 Sep 2026 18:12:00 GMT",https://media.app.artisio.co/media/3fc437c0-fdbb-4208-955a-90293eab416d/inventory/6605f4f2-90f6-4aac-99dd-285e0d26e7d7/31f7bfff-c403-45f8-b0ff-436a083b6367/0001_bQRjzp_sm.jpeg;https://media.app.artisio.co/media/3fc437c0-fdbb-4208-955a-90293eab416d/inventory/6605f4f2-90f6-4aac-99dd-285e0d26e7d7/6ccd467d-39d2-45ed-8497-de08415ae297/0002_kdCcuA_sm.jpeg;https://media.app.artisio.co/media/3fc437c0-fdbb-4208-955a-90293eab416d/inventory/6605f4f2-90f6-4aac-99dd-285e0d26e7d7/05255860-04a4-4ecf-a7b3-9a47aae454fe/0003_MheHZB_sm.jpeg;https://media.app.artisio.co/media/3fc437c0-fdbb-4208-955a-90293eab416d/inventory/6605f4f2-90f6-4aac-99dd-285e0d26e7d7/934339a1-c15f-456a-abeb-cbed836832bc/0004_lutwfE_sm.jpeg;https://media.app.artisio.co/media/3fc437c0-fdbb-4208-955a-90293eab416d/inventory/6605f4f2-90f6-4aac-99dd-285e0d26e7d7/9d8cc74c-93e1-4ff2-a4c4-60f0c0beecd7/0005_aytFHt_sm.jpeg;https://media.app.artisio.co/media/3fc437c0-fdbb-4208-955a-90293eab416d/inventory/6605f4f2-90f6-4aac-99dd-285e0d26e7d7/e6701f4c-d4cb-4adf-bdc9-e2f0781c6d91/0006_dJDGVc_sm.jpeg,6,"{""artist_retail_right"": false, ""comments"": null, ""description"": ""<p>De vergulde ring met een open te klappen zetting waarin een mechanisch uurwerk, gesigneerd Plato, ringmaat 17.5/55, daarbij een 835/1000 zilveren broche in de vorm van een geëmailleerd vogeltje en haar nest.&nbsp;</p>"", ""internal_reference"": null, ""keurkamer"": false, ""literature"": null, ""origin_exhibition_lite"": null, ""period"": null, ""title"": ""Een horlogering en een zilveren broche"", ""total"": null, ""weight_size_quality"": ""Bruto 15 gram. ""}"
80151806-c8e3-4d56-87c8-fd4669a31778,2144,26-0631/141,5595f3f8-0d21-4337-985c-b62f62070ce9,719,"Juwelen, Horloges & Luxury",Juwelen & Horloges,Een antiek emaille collier,Een antiek emaille collier,"<h3>Period</h3>Circa 1900.<h3>Description</h3><p>Bestaande uit geëmailleerd bronzen schakels waaraan diverse afbeeldingen van dieren en sprookjesfiguren, aan een 835/1000 zilveren collier, vermoedelijk Wenen, het zilveren collier met Russische keuren, L. 46 cm.</p><h3>Weight / Size / Quality</h3>Bruto 101 gram.",published,EUR,100.0,200.0,35.0,35.0,,1,1,35.0,35.0,True,"Mon, 31 Aug 2026 15:00:00 GMT","Wed, 16 Sep 2026 18:12:00 GMT",https://media.app.artisio.co/media/3fc437c0-fdbb-4208-955a-90293eab416d/inventory/ecee6ae7-a42d-4736-a6d9-614fdd3f962e/f6af0ac9-64c5-4e6e-bb5b-60c811a786c3/0001_rPtSEi_sm.jpeg,1,"{""artist_retail_right"": false, ""comments"": null, ""description"": ""<p>Bestaande uit geëmailleerd bronzen schakels waaraan diverse afbeeldingen van dieren en sprookjesfiguren, aan een 835/1000 zilveren collier, vermoedelijk Wenen, het zilveren collier met Russische keuren, L. 46 cm.</p>"", ""internal_reference"": null, ""keurkamer"": false, ""literature"": null, ""origin_exhibition_lite"": null, ""period"": ""Circa 1900."", ""title"": ""Een antiek emaille collier"", ""total"": null, ""weight_size_quality"": ""Bruto 101 gram. ""}"
6abfa845-95be-4c53-9134-b912fe873a8a,2145,26-0631/142,5595f3f8-0d21-4337-985c-b62f62070ce9,719,"Juwelen, Horloges & Luxury",Juwelen & Horloges,Een collectie sieraden ,Een collectie sieraden ,"<h3>Description</h3><p>Bestaande uit: een polshorloge, drie broches, drie ringen en een clip, onedel.&nbsp;</p>",published,EUR,100.0,200.0,35.0,35.0,,1,0,,,True,"Mon, 31 Aug 2026 15:00:00 GMT","Wed, 16 Sep 2026 18:15:00 GMT",https://media.app.artisio.co/media/3fc437c0-fdbb-4208-955a-90293eab416d/inventory/92372b48-7f8f-425d-a63f-45f477f39e86/d5a5f060-9f04-4dc4-b195-43a49baec4a0/0001_KaxeGy_sm.jpeg;https://media.app.artisio.co/media/3fc437c0-fdbb-4208-955a-90293eab416d/inventory/92372b48-7f8f-425d-a63f-45f477f39e86/4b4e5478-ef84-4b8f-9cb2-ecb7dd6ad9b5/0002_detGtC_sm.jpeg;https://media.app.artisio.co/media/3fc437c0-fdbb-4208-955a-90293eab416d/inventory/92372b48-7f8f-425d-a63f-45f477f39e86/54ada76c-9f90-44f6-aeb1-11eddfcf01c0/0003_MhCuMQ_sm.jpeg;https://media.app.artisio.co/media/3fc437c0-fdbb-4208-955a-90293eab416d/inventory/92372b48-7f8f-425d-a63f-45f477f39e86/e80c505f-4936-43e3-b698-58f012958cf3/0004_aqxGpq_sm.jpeg;https://media.app.artisio.co/media/3fc437c0-fdbb-4208-955a-90293eab416d/inventory/92372b48-7f8f-425d-a63f-45f477f39e86/4f9d8675-896e-402d-8a77-161b51e8dce0/0005_TwgHxC_sm.jpeg,5,"{""artist_retail_right"": false, ""comments"": null, ""description"": ""<p>Bestaande uit: een polshorloge, drie broches, drie ringen en een clip, onedel.&nbsp;</p>"", ""internal_reference"": null, ""keurkamer"": false, ""literature"": null, ""origin_exhibition_lite"": null, ""period"": null, ""title"": ""Een collectie sieraden "", ""total"": null, ""weight_size_quality"": null}"
6fd35411-cef0-4210-be37-3ecfb93e2589,2146,26-0631/151,5595f3f8-0d21-4337-985c-b62f62070ce9,719,"Juwelen, Horloges & Luxury",Juwelen & Horloges,Een paar retro 14k rosegouden saffier en diamanten oorclips,Een paar retro 14k rosegouden saffier en diamanten oorclips,"<h3>Period</h3>Circa 1940<h3>Description</h3><p>In ronde krulvorm bezet met cirkelvormig geslepen saffieren en briljantgeslepen diamanten, D. 22 mm.&nbsp;</p><h3>Weight / Size / Quality</h3>Bruto 11 gram",published,EUR,500.0,700.0,500.0,500.0,,1,0,,,True,"Mon, 31 Aug 2026 15:00:00 GMT","Wed, 16 Sep 2026 18:15:00 GMT",https://media.app.artisio.co/media/3fc437c0-fdbb-4208-955a-90293eab416d/inventory/1ce97cfe-f921-48d0-874d-d17405b5e937/89b80586-0c11-4b79-83b4-33d824b67138/0001_lFCCEC_sm.jpeg;https://media.app.artisio.co/media/3fc437c0-fdbb-4208-955a-90293eab416d/inventory/1ce97cfe-f921-48d0-874d-d17405b5e937/5f9f325e-70fd-4d29-a92c-faacfe75234d/0002_BjrEhE_sm.jpeg,2,"{""artist_retail_right"": false, ""comments"": null, ""description"": ""<p>In ronde krulvorm bezet met cirkelvormig geslepen saffieren en briljantgeslepen diamanten, D. 22 mm.&nbsp;</p>"", ""internal_reference"": null, ""keurkamer"": false, ""literature"": null, ""origin_exhibition_lite"": null, ""period"": ""Circa 1940"", ""title"": ""Een paar retro 14k rosegouden saffier en diamanten oorclips"", ""total"": null, ""weight_size_quality"": ""Bruto 11 gram""}"
dbe8193f-e9bd-4584-bcfb-d7c8984d236f,2147,26-0631/152,5595f3f8-0d21-4337-985c-b62f62070ce9,719,"Juwelen, Horloges & Luxury",Juwelen & Horloges,Een paar bicolor 14k gouden oorclips,Een paar bicolor 14k gouden oorclips,"<h3>Description</h3><p>In krulvorm bestaande uit een geel- en witgouden band, 24x19 mm.&nbsp;</p><h3>Weight / Size / Quality</h3>Bruto 10 gram",published,EUR,400.0,600.0,400.0,400.0,,1,0,,,True,"Mon, 31 Aug 2026 15:00:00 GMT","Wed, 16 Sep 2026 18:15:00 GMT",https://media.app.artisio.co/media/3fc437c0-fdbb-4208-955a-90293eab416d/inventory/05b73b76-12b8-44d7-8b11-db3c2f370c08/9b988ee1-8d60-46b4-aefe-c39a68f5ac2f/0001_OyKUKr_sm.jpeg;https://media.app.artisio.co/media/3fc437c0-fdbb-4208-955a-90293eab416d/inventory/05b73b76-12b8-44d7-8b11-db3c2f370c08/598e74ea-9ae7-43b5-bbbb-ed8928ce77f6/0002_TzWlcR_sm.jpeg,2,"{""artist_retail_right"": false, ""comments"": null, ""description"": ""<p>In krulvorm bestaande uit een geel- en witgouden band, 24x19 mm.&nbsp;</p>"", ""internal_reference"": null, ""keurkamer"": false, ""literature"": null, ""origin_exhibition_lite"": null, ""period"": null, ""title"": ""Een paar bicolor 14k gouden oorclips"", ""total"": null, ""weight_size_quality"": ""Bruto 10 gram""}"
33d258e1-1170-49ef-bb12-5a1eee37c457,2148,26-0631/153,5595f3f8-0d21-4337-985c-b62f62070ce9,719,"Juwelen, Horloges & Luxury",Juwelen & Horloges,Een paar 14k gouden oorhangers,Een paar 14k gouden oorhangers,"<h3>Description</h3><p>Met circkelvormige hanger, 29x21 mm.</p><h3>Weight / Size / Quality</h3>Bruto 4 gram.",published,EUR,200.0,300.0,160.0,160.0,,1,0,,,True,"Mon, 31 Aug 2026 15:00:00 GMT","Wed, 16 Sep 2026 18:15:00 GMT",https://media.app.artisio.co/media/3fc437c0-fdbb-4208-955a-90293eab416d/inventory/89f3b63e-9ec4-4927-ae7e-d88bab6be61d/bc43b067-f495-4b42-9e9a-3edb90f56fd6/0001_GFffSH_sm.jpeg;https://media.app.artisio.co/media/3fc437c0-fdbb-4208-955a-90293eab416d/inventory/89f3b63e-9ec4-4927-ae7e-d88bab6be61d/9f511add-5fd8-4fc9-8cb3-03ca80b0a23f/0002_ZbFlJs_sm.jpeg,2,"{""artist_retail_right"": false, ""comments"": null, ""description"": ""<p>Met circkelvormige hanger, 29x21 mm.</p>"", ""internal_reference"": null, ""keurkamer"": false, ""literature"": null, ""origin_exhibition_lite"": null, ""period"": null, ""title"": ""Een paar 14k gouden oorhangers"", ""total"": null, ""weight_size_quality"": ""Bruto 4 gram. ""}"
97805ff7-3230-4a19-baf0-707b0eb73377,2149,26-0631/154,5595f3f8-0d21-4337-985c-b62f62070ce9,719,"Juwelen, Horloges & Luxury",Juwelen & Horloges,Twee paar oorhangers,Twee paar oorhangers,"<h3>Description</h3><p>Beiden in buisvorm, bwgg.</p><h3>Weight / Size / Quality</h3>Bruto 3 gram<h3>Keurkamer</h3>Yes",published,EUR,100.0,200.0,35.0,35.0,,1,0,,,True,"Mon, 31 Aug 2026 15:00:00 GMT","Wed, 16 Sep 2026 18:15:00 GMT",https://media.app.artisio.co/media/3fc437c0-fdbb-4208-955a-90293eab416d/inventory/4607738d-245d-4c5f-9079-822ff2caa060/cbc9e31b-9567-40f5-91ea-7ee0bf9b37c3/0001_pxGHYO_sm.jpeg;https://media.app.artisio.co/media/3fc437c0-fdbb-4208-955a-90293eab416d/inventory/4607738d-245d-4c5f-9079-822ff2caa060/c024a570-b2da-4a40-88a6-85a387bc5d59/0002_cUWFga_sm.jpeg;https://media.app.artisio.co/media/3fc437c0-fdbb-4208-955a-90293eab416d/inventory/4607738d-245d-4c5f-9079-822ff2caa060/1a0d51b0-67c4-4a10-9a96-43ddd7494fc9/0003_ptGRNs_sm.jpeg,3,"{""artist_retail_right"": false, ""comments"": null, ""description"": ""<p>Beiden in buisvorm, bwgg.</p>"", ""internal_reference"": null, ""keurkamer"": true, ""literature"": null, ""origin_exhibition_lite"": null, ""period"": null, ""title"": ""Twee paar oorhangers"", ""total"": null, ""weight_size_quality"": ""Bruto 3 gram""}"
9ffe5521-eb6c-409b-9372-9ad8a66a219c,2150,26-0631/155,5595f3f8-0d21-4337-985c-b62f62070ce9,719,"Juwelen, Horloges & Luxury",Juwelen & Horloges,Twee paar 14k gouden oorclips ,Twee paar 14k gouden oorclips ,"<h3>Description</h3><p>Eén paar met gekante druppelvormige hangers, L. 45 mm, één paar in gematteerde krulvorm, 28x18 mm.</p><h3>Weight / Size / Quality</h3>Bruto 13 gram<h3>Keurkamer</h3>Yes",published,EUR,600.0,800.0,600.0,600.0,,1,0,,,True,"Mon, 31 Aug 2026 15:00:00 GMT","Wed, 16 Sep 2026 18:15:00 GMT",https://media.app.artisio.co/media/3fc437c0-fdbb-4208-955a-90293eab416d/inventory/2e2d7b43-d52e-44e1-bd48-4e79ded8dd7a/e7e412e6-a358-4dd1-9b5e-1956d9f25148/0001_ctSDtQ_sm.jpeg;https://media.app.artisio.co/media/3fc437c0-fdbb-4208-955a-90293eab416d/inventory/2e2d7b43-d52e-44e1-bd48-4e79ded8dd7a/adccf253-75d3-4c89-b0ec-0143d09bae1c/0002_dPRmpN_sm.jpeg,2,"{""artist_retail_right"": false, ""comments"": null, ""description"": ""<p>Eén paar met gekante druppelvormige hangers, L. 45 mm, één paar in gematteerde krulvorm, 28x18 mm.</p>"", ""internal_reference"": null, ""keurkamer"": true, ""literature"": null, ""origin_exhibition_lite"": null, ""period"": null, ""title"": ""Twee paar 14k gouden oorclips "", ""total"": null, ""weight_size_quality"": ""Bruto 13 gram""}"
552c62d9-986d-4682-b120-1069d546a6ba,2151,26-0631/156,5595f3f8-0d21-4337-985c-b62f62070ce9,719,"Juwelen, Horloges & Luxury",Juwelen & Horloges,Twee paar gouden oorstekers ,Twee paar gouden oorstekers ,"<h3>Description</h3><p>Bestaande uit een paar 14k gouden druppelvormige oorstekers bezet met cultivéparels, en een paar 14k gouden bolvormige oorstekers, D. 10 mm.&nbsp;</p><h3>Weight / Size / Quality</h3>Bruto 4 gram.",published,EUR,200.0,300.0,200.0,200.0,,1,0,,,True,"Mon, 31 Aug 2026 15:00:00 GMT","Wed, 16 Sep 2026 18:18:00 GMT",https://media.app.artisio.co/media/3fc437c0-fdbb-4208-955a-90293eab416d/inventory/02cf580b-b6cd-4d6d-8538-3046fe417627/c88a4be1-66c1-4c8b-97d9-31deeec71c7c/0001_NJyvxU_sm.jpeg;https://media.app.artisio.co/media/3fc437c0-fdbb-4208-955a-90293eab416d/inventory/02cf580b-b6cd-4d6d-8538-3046fe417627/1801c231-f520-4a5f-a438-9598c93de8bb/0002_EinyFN_sm.jpeg;https://media.app.artisio.co/media/3fc437c0-fdbb-4208-955a-90293eab416d/inventory/02cf580b-b6cd-4d6d-8538-3046fe417627/69970f5d-a7e3-4a5e-bb7d-cb5727f4c235/0003_MnISci_sm.jpeg,3,"{""artist_retail_right"": false, ""comments"": null, ""description"": ""<p>Bestaande uit een paar 14k gouden druppelvormige oorstekers bezet met cultivéparels, en een paar 14k gouden bolvormige oorstekers, D. 10 mm.&nbsp;</p>"", ""internal_reference"": null, ""keurkamer"": false, ""literature"": null, ""origin_exhibition_lite"": null, ""period"": null, ""title"": ""Twee paar gouden oorstekers "", ""total"": null, ""weight_size_quality"": ""Bruto 4 gram. ""}"
8eee7800-c9e8-46cf-9e80-c327c9e5c69c,2152,26-0631/157,5595f3f8-0d21-4337-985c-b62f62070ce9,719,"Juwelen, Horloges & Luxury",Juwelen & Horloges,Een 14k gouden collier met cultive parels,Een 14k gouden collier met cultive parels,"<h3>Description</h3><p>Het ontwerp met afwisselend staafvormige schakels en cultivé parels, L. 59.0 cm.</p><h3>Weight / Size / Quality</h3>Bruto 9 gram",published,EUR,300.0,500.0,300.0,300.0,,1,0,,,True,"Mon, 31 Aug 2026 15:00:00 GMT","Wed, 16 Sep 2026 18:18:00 GMT",https://media.app.artisio.co/media/3fc437c0-fdbb-4208-955a-90293eab416d/inventory/97acd2fa-4e9b-4e74-ac5f-0eddf5fce1e2/6573e706-ce5d-4521-b413-a3ab06d58d36/0001_SBfuDT_sm.jpeg;https://media.app.artisio.co/media/3fc437c0-fdbb-4208-955a-90293eab416d/inventory/97acd2fa-4e9b-4e74-ac5f-0eddf5fce1e2/c5aa4a55-8ad5-4782-94c9-57ec681dff52/0002_ONfmMQ_sm.jpeg,2,"{""artist_retail_right"": false, ""comments"": null, ""description"": ""<p>Het ontwerp met afwisselend staafvormige schakels en cultivé parels, L. 59.0 cm.</p>"", ""internal_reference"": null, ""keurkamer"": false, ""literature"": null, ""origin_exhibition_lite"": null, ""period"": null, ""title"": ""Een 14k gouden collier met cultive parels"", ""total"": null, ""weight_size_quality"": ""Bruto 9 gram""}"
e70966ca-e479-4fa1-a019-73a6740ec2c2,2153,26-0631/158,5595f3f8-0d21-4337-985c-b62f62070ce9,719,"Juwelen, Horloges & Luxury",Juwelen & Horloges,Een 18k witgouden onyx en diamanten collier,Een 18k witgouden onyx en diamanten collier,"<h3>Description</h3><p>De hanger opgebouwd uit onyx staafjes bezet met briljant geslepen behandelde blauwe en kleurloze natuurlijke diamant, L. 44 cm.&nbsp;</p><h3>Weight / Size / Quality</h3>Bruto 25 gram.<h3>Keurkamer</h3>Yes",published,EUR,800.0,1600.0,600.0,600.0,,1,0,,,True,"Mon, 31 Aug 2026 15:00:00 GMT","Wed, 16 Sep 2026 18:18:00 GMT",https://media.app.artisio.co/media/3fc437c0-fdbb-4208-955a-90293eab416d/inventory/37dabd58-a0df-40bd-9f42-a0c6e6ff3bed/68236f4d-4ac4-499c-9276-0d7f71c7488b/0001_xQRQQZ_sm.jpeg;https://media.app.artisio.co/media/3fc437c0-fdbb-4208-955a-90293eab416d/inventory/37dabd58-a0df-40bd-9f42-a0c6e6ff3bed/69524fd5-e407-4bdb-8180-d6e607245127/0002_eIciKX_sm.jpeg,2,"{""artist_retail_right"": false, ""comments"": null, ""description"": ""<p>De hanger opgebouwd uit onyx staafjes bezet met briljant geslepen behandelde blauwe en kleurloze natuurlijke diamant, L. 44 cm.&nbsp;</p>"", ""internal_reference"": null, ""keurkamer"": true, ""literature"": null, ""origin_exhibition_lite"": null, ""period"": null, ""title"": ""Een 18k witgouden onyx en diamanten collier"", ""total"": null, ""weight_size_quality"": ""Bruto 25 gram. ""}"
4c724bb8-4c84-4f22-bec3-a9d2d8982373,2154,26-0863/1,5595f3f8-0d21-4337-985c-b62f62070ce9,719,"Juwelen, Horloges & Luxury",Juwelen & Horloges,Een 14k gouden en zilveren roosdiamanten broche,Een 14k gouden en zilveren roosdiamanten broche,"<h3>Description</h3><p>De staafvormige broche bezet met diverse roos-geslepen diamanten, samengesteld, L. 58 mm.&nbsp;</p><h3>Weight / Size / Quality</h3>Bruto 11 gram",published,EUR,400.0,600.0,400.0,400.0,,1,0,,,True,"Mon, 31 Aug 2026 15:00:00 GMT","Wed, 16 Sep 2026 18:18:00 GMT",https://media.app.artisio.co/media/3fc437c0-fdbb-4208-955a-90293eab416d/inventory/364f7f92-a077-4f0b-afb9-3c11631fca21/962bdb03-7ec4-4db8-a23b-bbbbae4e8541/0001_yRvUQy_sm.jpeg;https://media.app.artisio.co/media/3fc437c0-fdbb-4208-955a-90293eab416d/inventory/364f7f92-a077-4f0b-afb9-3c11631fca21/6f777556-2694-4dec-b5e2-5f13930465fb/0002_Tjiciu_sm.jpeg,2,"{""artist_retail_right"": false, ""comments"": null, ""description"": ""<p>De staafvormige broche bezet met diverse roos-geslepen diamanten, samengesteld, L. 58 mm.&nbsp;</p>"", ""internal_reference"": null, ""keurkamer"": false, ""literature"": null, ""origin_exhibition_lite"": null, ""period"": null, ""title"": ""Een 14k gouden en zilveren roosdiamanten broche"", ""total"": null, ""weight_size_quality"": ""Bruto 11 gram""}"
236df2b9-6dfd-4c6d-926e-52e5f0823f41,2155,26-0863/2,5595f3f8-0d21-4337-985c-b62f62070ce9,719,"Juwelen, Horloges & Luxury",Juwelen & Horloges,Een claddagh ring,Een claddagh ring,"<h3>Description</h3><p>De voorzijde twee handen die een bekroond hart vasthouden, gemerkt ‘375’, bwgg, ringmaat 16/50.</p><h3>Weight / Size / Quality</h3>Bruto 2 gram.",published,EUR,100.0,200.0,100.0,100.0,,1,0,,,True,"Mon, 31 Aug 2026 15:00:00 GMT","Wed, 16 Sep 2026 18:18:00 GMT",https://media.app.artisio.co/media/3fc437c0-fdbb-4208-955a-90293eab416d/inventory/9c84a478-1adb-4806-916a-c601ee59f5be/4f007df5-3a65-4c36-adb7-ade4a712b1e6/0001_bOhkYN_sm.jpeg;https://media.app.artisio.co/media/3fc437c0-fdbb-4208-955a-90293eab416d/inventory/9c84a478-1adb-4806-916a-c601ee59f5be/28538307-7c93-424d-809b-dac9997fb5be/0002_DjikeJ_sm.jpeg;https://media.app.artisio.co/media/3fc437c0-fdbb-4208-955a-90293eab416d/inventory/9c84a478-1adb-4806-916a-c601ee59f5be/b225b48a-10c5-45f7-b08d-5715fb36d66c/0003_BtMldE_sm.jpeg,3,"{""artist_retail_right"": false, ""comments"": null, ""description"": ""<p>De voorzijde twee handen die een bekroond hart vasthouden, gemerkt ‘375’, bwgg, ringmaat 16/50.</p>"", ""internal_reference"": null, ""keurkamer"": false, ""literature"": null, ""origin_exhibition_lite"": null, ""period"": null, ""title"": ""Een claddagh ring"", ""total"": null, ""weight_size_quality"": ""Bruto 2 gram. ""}"
3e5888c6-ab01-4c79-88b6-9c0119cab6d0,2156,26-0863/3,5595f3f8-0d21-4337-985c-b62f62070ce9,719,"Juwelen, Horloges & Luxury",Juwelen & Horloges,Twee metalen broches,Twee metalen broches,"<h3>Description</h3><p>Bestaande uit een ruitvormige zilverkleurige broche, bezet met een rechthoekig blauw geëmailleerd paneel en briljant-geslepen glasstenen, 72x51 mm; en een opengewerkte verguld zilveren broche, bezet met groene glasstenen, één steentje vervangen, 38x50 mm.&nbsp;</p><h3>Weight / Size / Quality</h3>Bruto 36 gram.",published,EUR,100.0,200.0,100.0,100.0,,1,0,,,True,"Mon, 31 Aug 2026 15:00:00 GMT","Wed, 16 Sep 2026 18:18:00 GMT",https://media.app.artisio.co/media/3fc437c0-fdbb-4208-955a-90293eab416d/inventory/eeb8d435-90ab-4ef6-a894-c277ccec575d/85c244ca-2378-4723-9e33-6575cc1b5461/0001_xTMdUI_sm.jpeg;https://media.app.artisio.co/media/3fc437c0-fdbb-4208-955a-90293eab416d/inventory/eeb8d435-90ab-4ef6-a894-c277ccec575d/2282249d-4067-4c3c-9f83-db8dcd49c363/0002_FZwHKY_sm.jpeg;https://media.app.artisio.co/media/3fc437c0-fdbb-4208-955a-90293eab416d/inventory/eeb8d435-90ab-4ef6-a894-c277ccec575d/b5e50ec4-decc-4089-9cbd-c7d2116aa078/0003_IFqZcQ_sm.jpeg,3,"{""artist_retail_right"": false, ""comments"": null, ""description"": ""<p>Bestaande uit een ruitvormige zilverkleurige broche, bezet met een rechthoekig blauw geëmailleerd paneel en briljant-geslepen glasstenen, 72x51 mm; en een opengewerkte verguld zilveren broche, bezet met groene glasstenen, één steentje vervangen, 38x50 mm.&nbsp;</p>"", ""internal_reference"": null, ""keurkamer"": false, ""literature"": null, ""origin_exhibition_lite"": null, ""period"": null, ""title"": ""Twee metalen broches"", ""total"": null, ""weight_size_quality"": ""Bruto 36 gram. ""}"
20f7b03a-d750-445e-975a-f6ce5d6c0d44,2157,26-0863/4,5595f3f8-0d21-4337-985c-b62f62070ce9,719,"Juwelen, Horloges & Luxury",Juwelen & Horloges,Een antieke roosdiamanten broche,Een antieke roosdiamanten broche,"<h3>Period</h3>Circa 1900.<h3>Description</h3><p>Het boeketvormige ontwerp bezet met diverse roosgeslepen diamanten, bwzg, speld metaal, 48x28 mm.&nbsp;</p><h3>Weight / Size / Quality</h3>Bruto 12 gram.",published,EUR,400.0,600.0,400.0,400.0,,1,0,,,True,"Mon, 31 Aug 2026 15:00:00 GMT","Wed, 16 Sep 2026 18:21:00 GMT",https://media.app.artisio.co/media/3fc437c0-fdbb-4208-955a-90293eab416d/inventory/4b49a98a-ad3f-4c7c-a300-73f52bf81c71/8289b7cc-2b95-4664-87e8-6eb91b4c856e/0001_GRifhZ_sm.jpeg;https://media.app.artisio.co/media/3fc437c0-fdbb-4208-955a-90293eab416d/inventory/4b49a98a-ad3f-4c7c-a300-73f52bf81c71/3a70ac6a-c80e-4aff-a2a5-86a689f6e078/0002_XFLVBi_sm.jpeg,2,"{""artist_retail_right"": false, ""comments"": null, ""description"": ""<p>Het boeketvormige ontwerp bezet met diverse roosgeslepen diamanten, bwzg, speld metaal, 48x28 mm.&nbsp;</p>"", ""internal_reference"": null, ""keurkamer"": false, ""literature"": null, ""origin_exhibition_lite"": null, ""period"": ""Circa 1900."", ""title"": ""Een antieke roosdiamanten broche"", ""total"": null, ""weight_size_quality"": ""Bruto 12 gram. ""}"
aea50d67-2c3a-4253-91f0-08a3d3a677e6,2158,26-0863/5,5595f3f8-0d21-4337-985c-b62f62070ce9,719,"Juwelen, Horloges & Luxury",Juwelen & Horloges,Een roosdiamanten ring,Een roosdiamanten ring,"<h3>Description</h3><p>In de vorm van een gekroond hart, bezet met roosgeslepen diamanten, bwgg en zilver, ringmaat 17/53.</p><h3>Weight / Size / Quality</h3>Bruto 2 gram.",published,EUR,300.0,500.0,300.0,300.0,,1,0,,,True,"Mon, 31 Aug 2026 15:00:00 GMT","Wed, 16 Sep 2026 18:21:00 GMT",https://media.app.artisio.co/media/3fc437c0-fdbb-4208-955a-90293eab416d/inventory/01f8ebae-22b5-4b40-b577-117e574768ae/41673ae9-21fd-46b6-b4a3-c45e746d4e20/0001_ILTusN_sm.jpeg;https://media.app.artisio.co/media/3fc437c0-fdbb-4208-955a-90293eab416d/inventory/01f8ebae-22b5-4b40-b577-117e574768ae/89a971f5-5b7d-4390-97af-737a4349586f/0002_biKdZl_sm.jpeg;https://media.app.artisio.co/media/3fc437c0-fdbb-4208-955a-90293eab416d/inventory/01f8ebae-22b5-4b40-b577-117e574768ae/2bb58fc6-d2fc-43b3-97e5-a24bfd83bd8f/0003_FWRbfI_sm.jpeg,3,"{""artist_retail_right"": false, ""comments"": null, ""description"": ""<p>In de vorm van een gekroond hart, bezet met roosgeslepen diamanten, bwgg en zilver, ringmaat 17/53.</p>"", ""internal_reference"": null, ""keurkamer"": false, ""literature"": null, ""origin_exhibition_lite"": null, ""period"": null, ""title"": ""Een roosdiamanten ring"", ""total"": null, ""weight_size_quality"": ""Bruto 2 gram. ""}"
9123e405-b8a9-4a19-9bf4-970d674ca548,2159,26-0863/6,5595f3f8-0d21-4337-985c-b62f62070ce9,719,"Juwelen, Horloges & Luxury",Juwelen & Horloges,Een collectie 18k gouden onyx knopen en gouden boordknopen,Een collectie 18k gouden onyx knopen en gouden boordknopen,"<h3>Description</h3><p>De onyx knopen bestaande uit een set van drie paar, Franse keuren; een paar 18k gouden boordknopen bezet met cultivé parels, Franse keuren, een set van vier 14k gouden boordknopen met guilloché motief, daarbij een zilveren boordknoopje.&nbsp;</p><h3>Weight / Size / Quality</h3>Bruto 22 gram.",published,EUR,200.0,400.0,200.0,200.0,,1,0,,,True,"Mon, 31 Aug 2026 15:00:00 GMT","Wed, 16 Sep 2026 18:21:00 GMT",https://media.app.artisio.co/media/3fc437c0-fdbb-4208-955a-90293eab416d/inventory/2f99171d-ce64-4f7f-a462-7018723763e9/3c108593-c0bc-4dcf-8c3c-d8d86a108a0c/0001_qJDjej_sm.jpeg,1,"{""artist_retail_right"": false, ""comments"": null, ""description"": ""<p>De onyx knopen bestaande uit een set van drie paar, Franse keuren; een paar 18k gouden boordknopen bezet met cultivé parels, Franse keuren, een set van vier 14k gouden boordknopen met guilloché motief, daarbij een zilveren boordknoopje.&nbsp;</p>"", ""internal_reference"": null, ""keurkamer"": false, ""literature"": null, ""origin_exhibition_lite"": null, ""period"": null, ""title"": ""Een collectie 18k gouden onyx knopen en gouden boordknopen"", ""total"": null, ""weight_size_quality"": ""Bruto 22 gram. ""}"
bf86d5be-1f54-423c-a780-5ff2c93c0544,2160,26-0858/2,5595f3f8-0d21-4337-985c-b62f62070ce9,719,"Juwelen, Horloges & Luxury",Juwelen & Horloges,"Twee 14k gouden zakhorloges, IWC en Omega","Twee 14k gouden zakhorloges, IWC en Omega","<h3>Description</h3><p>Beiden met ronde, wit geemailleerde wijzerplaat met Arabische cijfers, deels onedel, glas en wijzer ontbreken, beschadigingen.</p>",published,EUR,400.0,600.0,400.0,400.0,,1,0,,,True,"Mon, 31 Aug 2026 15:00:00 GMT","Wed, 16 Sep 2026 18:21:00 GMT",https://media.app.artisio.co/media/3fc437c0-fdbb-4208-955a-90293eab416d/inventory/f3c525bb-933a-47e4-9692-2a300ef418d0/74670c11-0674-4b16-8bf5-736d98c4b56a/0001_RlrpQF_sm.jpeg;https://media.app.artisio.co/media/3fc437c0-fdbb-4208-955a-90293eab416d/inventory/f3c525bb-933a-47e4-9692-2a300ef418d0/b5e21390-1009-4878-93fd-d61ae201afe9/0002_OkHFzX_sm.jpeg,2,"{""artist_retail_right"": false, ""comments"": null, ""description"": ""<p>Beiden met ronde, wit geemailleerde wijzerplaat met Arabische cijfers, deels onedel, glas en wijzer ontbreken, beschadigingen.</p>"", ""internal_reference"": null, ""keurkamer"": false, ""literature"": null, ""origin_exhibition_lite"": null, ""period"": null, ""title"": ""Twee 14k gouden zakhorloges, IWC en Omega"", ""total"": null, ""weight_size_quality"": null}"
fab94ed9-a63a-403c-9990-d7c6d3151786,2161,26-0863/7,5595f3f8-0d21-4337-985c-b62f62070ce9,719,"Juwelen, Horloges & Luxury",Juwelen & Horloges,Twee antieke haarwerk broches,Twee antieke haarwerk broches,"<h3>Description</h3><p>Bestaande uit een 18k gouden rechthoekige broche met glazen paneel waarachter een haarwerkje met rouwvoorstelling van een plint met urn en treurwilg, gedateerd 1832, 47x34 mm; en een ovale broche met glazen paneel waar achter een haarwerkje met een voorstelling van een ‘Prins Albert veer’, omringd door een met zaadparels gezette rand, 42x32 mm.</p><h3>Weight / Size / Quality</h3>Bruto 24 gram.",published,EUR,300.0,500.0,300.0,300.0,,1,0,,,True,"Mon, 31 Aug 2026 15:00:00 GMT","Wed, 16 Sep 2026 18:21:00 GMT",https://media.app.artisio.co/media/3fc437c0-fdbb-4208-955a-90293eab416d/inventory/b316ffb9-4409-437a-9248-192ffe68bf8f/17f7e4cc-74ab-4d8d-b6d3-bfcf63af9c11/0001_cOveUS_sm.jpeg;https://media.app.artisio.co/media/3fc437c0-fdbb-4208-955a-90293eab416d/inventory/b316ffb9-4409-437a-9248-192ffe68bf8f/e37a83f0-adff-464c-b8ed-784d2664a872/0002_mWRfvf_sm.jpeg;https://media.app.artisio.co/media/3fc437c0-fdbb-4208-955a-90293eab416d/inventory/b316ffb9-4409-437a-9248-192ffe68bf8f/ac760e8d-032f-4e05-b5ad-be0dbcc6fdbe/0003_TXPOiB_sm.jpeg,3,"{""artist_retail_right"": false, ""comments"": null, ""description"": ""<p>Bestaande uit een 18k gouden rechthoekige broche met glazen paneel waarachter een haarwerkje met rouwvoorstelling van een plint met urn en treurwilg, gedateerd 1832, 47x34 mm; en een ovale broche met glazen paneel waar achter een haarwerkje met een voorstelling van een ‘Prins Albert veer’, omringd door een met zaadparels gezette rand, 42x32 mm.</p>"", ""internal_reference"": null, ""keurkamer"": false, ""literature"": null, ""origin_exhibition_lite"": null, ""period"": null, ""title"": ""Twee antieke haarwerk broches"", ""total"": null, ""weight_size_quality"": ""Bruto 24 gram. ""}"
2571e133-bd99-4cf4-affd-6d917d2b9b02,2162,26-0234/3,5595f3f8-0d21-4337-985c-b62f62070ce9,719,"Juwelen, Horloges & Luxury",Juwelen & Horloges,Een zwarte opaal,Een zwarte opaal,"<h3>Description</h3><p>De ongezette peer-geslepen steen wegende 4.0 ct, 18.7x9.4x4.1mm.</p>",published,EUR,200.0,400.0,200.0,200.0,400.0,1,0,,,True,"Mon, 31 Aug 2026 15:00:00 GMT","Wed, 16 Sep 2026 18:21:00 GMT",https://media.app.artisio.co/media/3fc437c0-fdbb-4208-955a-90293eab416d/inventory/8ae3935e-7f75-4cf3-8c55-ca9a17289075/791693aa-1c1f-4adf-a501-74aa0fb412a4/0001_BtJuFc_sm.jpeg;https://media.app.artisio.co/media/3fc437c0-fdbb-4208-955a-90293eab416d/inventory/8ae3935e-7f75-4cf3-8c55-ca9a17289075/23fd0c98-247e-4ac9-827b-6c3a3e75fa1f/0002_MhOdOR_sm.jpeg,2,"{""artist_retail_right"": false, ""comments"": null, ""description"": ""<p>De ongezette peer-geslepen steen wegende 4.0 ct, 18.7x9.4x4.1mm.</p>"", ""internal_reference"": null, ""keurkamer"": false, ""literature"": null, ""origin_exhibition_lite"": null, ""period"": null, ""title"": ""Een zwarte opaal"", ""total"": null, ""weight_size_quality"": null}"
dabb244f-beb5-457b-baf2-2ae64d830f58,2163,26-0316/20,5595f3f8-0d21-4337-985c-b62f62070ce9,719,"Juwelen, Horloges & Luxury",Juwelen & Horloges,"Een 14k gouden en zilveren diamanten broche, J. Rozendaal & Zn.","Een 14k gouden en zilveren diamanten broche, J. Rozendaal & Zn.","<h3>Description</h3><p>Centraal bezet met een ovaal glaspaneel waarop een floraal diamanten appliqué omgeven door roosdiamanten, L. 90 mm.</p><h3>Weight / Size / Quality</h3>Bruto 11 gram.",published,EUR,300.0,500.0,300.0,300.0,,1,0,,,True,"Mon, 31 Aug 2026 15:00:00 GMT","Wed, 16 Sep 2026 18:24:00 GMT",https://media.app.artisio.co/media/3fc437c0-fdbb-4208-955a-90293eab416d/inventory/0500a2ca-7923-41a1-8af8-d7d408d8330a/ae60666f-d06d-45eb-b7ba-feef9cb2b924/0001_CWJtfw_sm.jpeg;https://media.app.artisio.co/media/3fc437c0-fdbb-4208-955a-90293eab416d/inventory/0500a2ca-7923-41a1-8af8-d7d408d8330a/785f6d92-4506-473a-9365-bcd1e0137759/0002_RGSeDj_sm.jpeg,2,"{""artist_retail_right"": false, ""comments"": null, ""description"": ""<p>Centraal bezet met een ovaal glaspaneel waarop een floraal diamanten appliqué omgeven door roosdiamanten, L. 90 mm.</p>"", ""internal_reference"": null, ""keurkamer"": false, ""literature"": null, ""origin_exhibition_lite"": null, ""period"": null, ""title"": ""Een 14k gouden en zilveren diamanten broche, J. Rozendaal & Zn."", ""total"": null, ""weight_size_quality"": ""Bruto 11 gram.""}"
9c589e04-aa43-419b-b2b7-ab05403a2329,2164,26-0895/1,5595f3f8-0d21-4337-985c-b62f62070ce9,719,"Juwelen, Horloges & Luxury",Juwelen & Horloges,Twee antieke sieraden,Twee antieke sieraden,"<h3>Description</h3><p>Een geschulpte memoriebroche met centraal een haarwerk, de zetting floraal gegraveerd; en een kleinere broche met mikromozaiek paneel, beschadigd.</p><h3>Weight / Size / Quality</h3>Bruto 22 gram.",published,EUR,300.0,500.0,300.0,300.0,,1,0,,,True,"Mon, 31 Aug 2026 15:00:00 GMT","Wed, 16 Sep 2026 18:24:00 GMT",https://media.app.artisio.co/media/3fc437c0-fdbb-4208-955a-90293eab416d/inventory/862b8268-d647-4e94-8b7d-02ba63c0d83e/89bf4547-7f98-4d77-9eb3-0487aa830cdf/0001_IFelwK_sm.jpeg;https://media.app.artisio.co/media/3fc437c0-fdbb-4208-955a-90293eab416d/inventory/862b8268-d647-4e94-8b7d-02ba63c0d83e/e27f824c-cca6-4df9-b0d2-2a2a9559b495/0002_DXgoOA_sm.jpeg;https://media.app.artisio.co/media/3fc437c0-fdbb-4208-955a-90293eab416d/inventory/862b8268-d647-4e94-8b7d-02ba63c0d83e/8b267fe4-3beb-4555-be9f-e79d32336ee7/0003_vpAlxM_sm.jpeg,3,"{""artist_retail_right"": false, ""comments"": null, ""description"": ""<p>Een geschulpte memoriebroche met centraal een haarwerk, de zetting floraal gegraveerd; en een kleinere broche met mikromozaiek paneel, beschadigd.</p>"", ""internal_reference"": null, ""keurkamer"": false, ""literature"": null, ""origin_exhibition_lite"": null, ""period"": null, ""title"": ""Twee antieke sieraden"", ""total"": null, ""weight_size_quality"": ""Bruto 22 gram.""}"
ed06fed0-dff7-4025-92cc-8f37e86eb2e6,2165,26-0895/2,5595f3f8-0d21-4337-985c-b62f62070ce9,719,"Juwelen, Horloges & Luxury",Juwelen & Horloges,Een diamanten hanger aan collier,Een diamanten hanger aan collier,"<h3>Description</h3><p>De hanger in de vorm van een ster bezet met een oud-slijpsel diamant van ca. 0.5 ct, aan een fijn collier, L. 40.5 cm.</p><h3>Weight / Size / Quality</h3>Bruto 7 gram.",published,EUR,400.0,600.0,400.0,400.0,,1,0,,,True,"Mon, 31 Aug 2026 15:00:00 GMT","Wed, 16 Sep 2026 18:24:00 GMT",https://media.app.artisio.co/media/3fc437c0-fdbb-4208-955a-90293eab416d/inventory/cbb05b16-f4bd-4c0d-bc3e-f720385324a5/868c3105-62ad-4918-8ec7-3b93487f2740/0001_JWBByu_sm.jpeg;https://media.app.artisio.co/media/3fc437c0-fdbb-4208-955a-90293eab416d/inventory/cbb05b16-f4bd-4c0d-bc3e-f720385324a5/12edc7ba-2a61-4503-8631-95281692c11c/0002_baDtZD_sm.jpeg,2,"{""artist_retail_right"": false, ""comments"": ""<p>Alles 20k goud.</p>"", ""description"": ""<p>De hanger in de vorm van een ster bezet met een oud-slijpsel diamant van ca. 0.5 ct, aan een fijn collier, L. 40.5 cm.</p>"", ""internal_reference"": null, ""keurkamer"": false, ""literature"": null, ""origin_exhibition_lite"": null, ""period"": null, ""title"": ""Een diamanten hanger aan collier"", ""total"": null, ""weight_size_quality"": ""Bruto 7 gram.""}"
152c68fc-5710-43e1-9445-07e4f5bfd50a,2166,25-2438/12,5595f3f8-0d21-4337-985c-b62f62070ce9,719,"Juwelen, Horloges & Luxury",Juwelen & Horloges,"Een stalen dames polshorloge, Bulgari","Een stalen dames polshorloge, Bulgari","<h3>Description</h3><p>Quartz uurwerk, zwarte wijzerplaat, lunette met Bulgari signatuur, flexible stalen armband, kastno. BB23 2TS D 214241, gesigneerd Bulgari,&nbsp;</p><h3>Weight / Size / Quality</h3>Bruto 45 grams.",published,EUR,300.0,500.0,300.0,300.0,600.0,1,0,,,True,"Mon, 31 Aug 2026 15:00:00 GMT","Wed, 16 Sep 2026 18:24:00 GMT",https://media.app.artisio.co/media/3fc437c0-fdbb-4208-955a-90293eab416d/inventory/3c9a941b-6901-41cd-89e4-7ecfe7105985/6c39e11e-b69b-4170-b498-02c7857ad280/0001_tBnzRs_sm.jpeg;https://media.app.artisio.co/media/3fc437c0-fdbb-4208-955a-90293eab416d/inventory/3c9a941b-6901-41cd-89e4-7ecfe7105985/abbb04c9-4801-4e4f-a569-5bb866779a0c/0002_tUmptr_sm.jpeg;https://media.app.artisio.co/media/3fc437c0-fdbb-4208-955a-90293eab416d/inventory/3c9a941b-6901-41cd-89e4-7ecfe7105985/d8b0e2f5-3095-4d2c-acfe-ffd7ed38ff36/0003_YfqUBR_sm.jpeg,3,"{""artist_retail_right"": false, ""comments"": null, ""description"": ""<p>Quartz uurwerk, zwarte wijzerplaat, lunette met Bulgari signatuur, flexible stalen armband, kastno. BB23 2TS D 214241, gesigneerd Bulgari,&nbsp;</p>"", ""internal_reference"": null, ""keurkamer"": false, ""literature"": null, ""origin_exhibition_lite"": null, ""period"": null, ""title"": ""Een stalen dames polshorloge, Bulgari"", ""total"": null, ""weight_size_quality"": ""Bruto 45 grams.""}"
778240d8-c1c1-4086-93ee-82f5472add45,2167,25-2438/72,5595f3f8-0d21-4337-985c-b62f62070ce9,719,"Juwelen, Horloges & Luxury",Juwelen & Horloges,"Een stalen dames polshorloge, Bulgari","Een stalen dames polshorloge, Bulgari","<h3>Description</h3><p>Quartz uurwerk, de ronde zwarte wijzerplaat met batons, lunette met Bulgari gravure, taps stalen schakelband met vouwsluiting, genummerd BB23GL, P.31970, werking niet getest.</p><h3>Weight / Size / Quality</h3>Bruto 45 gram.",published,EUR,200.0,400.0,200.0,200.0,400.0,1,0,,,True,"Mon, 31 Aug 2026 15:00:00 GMT","Wed, 16 Sep 2026 18:24:00 GMT",https://media.app.artisio.co/media/3fc437c0-fdbb-4208-955a-90293eab416d/inventory/996ac092-6cb9-43fc-97ce-3c52c9d2b177/2f186fc4-0aae-472c-b21f-f8263e4a6124/0001_JSeqWX_sm.jpeg;https://media.app.artisio.co/media/3fc437c0-fdbb-4208-955a-90293eab416d/inventory/996ac092-6cb9-43fc-97ce-3c52c9d2b177/d1d62454-43d3-489b-bd7a-cbb87c192b87/0002_DpEqTY_sm.jpeg;https://media.app.artisio.co/media/3fc437c0-fdbb-4208-955a-90293eab416d/inventory/996ac092-6cb9-43fc-97ce-3c52c9d2b177/0167c96a-1263-49f8-b840-cd742dfa0775/0003_bPKkjs_sm.jpeg,3,"{""artist_retail_right"": false, ""comments"": null, ""description"": ""<p>Quartz uurwerk, de ronde zwarte wijzerplaat met batons, lunette met Bulgari gravure, taps stalen schakelband met vouwsluiting, genummerd BB23GL, P.31970, werking niet getest.</p>"", ""internal_reference"": null, ""keurkamer"": false, ""literature"": null, ""origin_exhibition_lite"": null, ""period"": null, ""title"": ""Een stalen dames polshorloge, Bulgari"", ""total"": null, ""weight_size_quality"": ""Bruto 45 gram.""}"
a02d05c4-0f70-4d45-a78e-3966675b6356,2168,25-2438/92,5595f3f8-0d21-4337-985c-b62f62070ce9,719,"Juwelen, Horloges & Luxury",Juwelen & Horloges,Een chalcedoon hanger,Een chalcedoon hanger,"<h3>Description</h3><p>In de vorm van een buddhahoofd, 835/1000 zilver, 40x19 mm inclusief hangoog.&nbsp;</p><h3>Weight / Size / Quality</h3>Bruto 11 gram.",published,EUR,40.0,60.0,35.0,35.0,100.0,1,0,,,True,"Mon, 31 Aug 2026 15:00:00 GMT","Wed, 16 Sep 2026 18:24:00 GMT",https://media.app.artisio.co/media/3fc437c0-fdbb-4208-955a-90293eab416d/inventory/31a174b8-d778-40d5-8b0a-05b6ec2892ef/edc95b3e-0bca-4cbc-8329-ee0c3ca4dcee/0001_xsqLao_sm.jpeg;https://media.app.artisio.co/media/3fc437c0-fdbb-4208-955a-90293eab416d/inventory/31a174b8-d778-40d5-8b0a-05b6ec2892ef/e4e108c7-806b-483a-ba06-c0e3c621e567/0002_DOGspI_sm.jpeg,2,"{""artist_retail_right"": false, ""comments"": null, ""description"": ""<p>In de vorm van een buddhahoofd, 835/1000 zilver, 40x19 mm inclusief hangoog.&nbsp;</p>"", ""internal_reference"": null, ""keurkamer"": false, ""literature"": null, ""origin_exhibition_lite"": null, ""period"": null, ""title"": ""Een chalcedoon hanger"", ""total"": null, ""weight_size_quality"": ""Bruto 11 gram. ""}"
cb10b4cb-4ea0-424a-a096-f3235a872785,2300,26-0597/90,5595f3f8-0d21-4337-985c-b62f62070ce9,719,"Juwelen, Horloges & Luxury",Luxury,"Chanel, een paar pumps","Chanel, een paar pumps","<h3>Description</h3><p>Uitgevoerd in verschillende kleuren suède met rode bies, strikdetail en met kurkhakken.</p><h3>Weight / Size / Quality</h3>maat 38 1/2 C<h3>Literature</h3><p>Goede conditie met gebruikssporen.</p>",published,EUR,200.0,400.0,100.0,100.0,,1,0,,,True,"Mon, 31 Aug 2026 15:00:00 GMT","Wed, 16 Sep 2026 18:27:00 GMT",https://media.app.artisio.co/media/3fc437c0-fdbb-4208-955a-90293eab416d/inventory/0538e430-be75-4557-b69c-16a5a6b02db9/1fd09d45-affb-42d0-b290-f014a257caa8/0001_YSJoZi_sm.jpeg;https://media.app.artisio.co/media/3fc437c0-fdbb-4208-955a-90293eab416d/inventory/0538e430-be75-4557-b69c-16a5a6b02db9/22dba791-9265-4f57-bfed-18279335184f/0002_wirTEQ_sm.jpeg;https://media.app.artisio.co/media/3fc437c0-fdbb-4208-955a-90293eab416d/inventory/0538e430-be75-4557-b69c-16a5a6b02db9/613eaef0-0477-456a-9835-e6090500fb8a/0003_PqnueJ_sm.jpeg,3,"{""artist_retail_right"": false, ""comments"": null, ""description"": ""<p>Uitgevoerd in verschillende kleuren suède met rode bies, strikdetail en met kurkhakken.</p>"", ""internal_reference"": null, ""keurkamer"": false, ""literature"": ""<p>Goede conditie met gebruikssporen.</p>"", ""origin_exhibition_lite"": null, ""period"": null, ""title"": ""Chanel, een paar pumps"", ""total"": null, ""weight_size_quality"": ""maat 38 1/2 C""}"
ccc6a6ec-dd50-4d62-8e13-68993ab9fb00,2301,26-0597/89,5595f3f8-0d21-4337-985c-b62f62070ce9,719,"Juwelen, Horloges & Luxury",Luxury,"Giuseppe Zanotti, een paar pumps","Giuseppe Zanotti, een paar pumps","<h3>Description</h3><p>Uitgevoerd in luipaard print, deels suède, met contrasterende rode puntneus en slank silhouet</p><h3>Weight / Size / Quality</h3>maat 39",published,EUR,100.0,200.0,50.0,50.0,,1,0,,,True,"Mon, 31 Aug 2026 15:00:00 GMT","Wed, 16 Sep 2026 18:27:00 GMT",https://media.app.artisio.co/media/3fc437c0-fdbb-4208-955a-90293eab416d/inventory/0b1f0ef1-887e-4d0c-ad0c-83eb103ec03d/3d0f3feb-d763-461a-8635-547e9d251e70/0001_WCtweu_sm.jpeg;https://media.app.artisio.co/media/3fc437c0-fdbb-4208-955a-90293eab416d/inventory/0b1f0ef1-887e-4d0c-ad0c-83eb103ec03d/a448fbb0-67a9-45e7-9d06-75e4a97a02d0/0002_JtGHbG_sm.jpeg;https://media.app.artisio.co/media/3fc437c0-fdbb-4208-955a-90293eab416d/inventory/0b1f0ef1-887e-4d0c-ad0c-83eb103ec03d/48d2d03b-1631-4d91-a849-182b1e32beca/0003_QHIKGa_sm.jpeg,3,"{""artist_retail_right"": false, ""comments"": null, ""description"": ""<p>Uitgevoerd in luipaard print, deels suède, met contrasterende rode puntneus en slank silhouet</p>"", ""internal_reference"": null, ""keurkamer"": false, ""literature"": null, ""origin_exhibition_lite"": null, ""period"": null, ""title"": ""Giuseppe Zanotti, een paar pumps"", ""total"": null, ""weight_size_quality"": ""maat 39""}"
8c62a763-6f21-4ef7-a52d-ab43dc7c697b,2302,26-0597/88,5595f3f8-0d21-4337-985c-b62f62070ce9,719,"Juwelen, Horloges & Luxury",Luxury,"Alexander McQueen, een paar pumps","Alexander McQueen, een paar pumps","<h3>Description</h3><p>Uitgevoerd in rood en zwart python-effect met spitse neus en slanke hoge hak, met originele doos.</p><h3>Weight / Size / Quality</h3>maat 39",published,EUR,100.0,200.0,50.0,50.0,,1,1,50.0,50.0,True,"Mon, 31 Aug 2026 15:00:00 GMT","Wed, 16 Sep 2026 18:27:00 GMT",https://media.app.artisio.co/media/3fc437c0-fdbb-4208-955a-90293eab416d/inventory/20531c3d-f3a1-421d-b33a-22b796749112/7f65a034-b75d-422c-bedb-09bec6a9f267/0001_ksjiek_sm.jpeg;https://media.app.artisio.co/media/3fc437c0-fdbb-4208-955a-90293eab416d/inventory/20531c3d-f3a1-421d-b33a-22b796749112/a72af832-02d8-4d65-8376-453bb88071ef/0002_QdrEBb_sm.jpeg;https://media.app.artisio.co/media/3fc437c0-fdbb-4208-955a-90293eab416d/inventory/20531c3d-f3a1-421d-b33a-22b796749112/2192d407-1008-49ca-aa84-7526d4f0da7e/0003_vRyFKg_sm.jpeg,3,"{""artist_retail_right"": false, ""comments"": null, ""description"": ""<p>Uitgevoerd in rood en zwart python-effect met spitse neus en slanke hoge hak, met originele doos.</p>"", ""internal_reference"": null, ""keurkamer"": false, ""literature"": null, ""origin_exhibition_lite"": null, ""period"": null, ""title"": ""Alexander McQueen, een paar pumps"", ""total"": null, ""weight_size_quality"": ""maat 39""}"
ac915465-0185-4bf8-ab73-8c994469d4ea,2303,26-0597/87,5595f3f8-0d21-4337-985c-b62f62070ce9,719,"Juwelen, Horloges & Luxury",Luxury,"Zimmermann, een paar 'Duncan' laarzen","Zimmermann, een paar 'Duncan' laarzen","<h3>Description</h3><p>Zwart, kalfsleer, Westernstijl, geborduurd design, puntige neus, stirrup manchetten, goudkleurig materiaal. Instapmodel op knielengte met lage blokhak, hierbij een dustbag.</p><h3>Weight / Size / Quality</h3>maat 38",published,EUR,200.0,400.0,160.0,160.0,,1,0,,,True,"Mon, 31 Aug 2026 15:00:00 GMT","Wed, 16 Sep 2026 18:27:00 GMT",https://media.app.artisio.co/media/3fc437c0-fdbb-4208-955a-90293eab416d/inventory/d3a9e106-fcc3-41f7-91b5-4486d6a4c71a/bfe78268-c7a4-4d3a-9e22-bb7b37a3c7c4/0001_aMHjfi_sm.jpeg;https://media.app.artisio.co/media/3fc437c0-fdbb-4208-955a-90293eab416d/inventory/d3a9e106-fcc3-41f7-91b5-4486d6a4c71a/8bd6f7bc-ecf2-4377-8c1a-98554b182524/0002_kvEGuY_sm.jpeg;https://media.app.artisio.co/media/3fc437c0-fdbb-4208-955a-90293eab416d/inventory/d3a9e106-fcc3-41f7-91b5-4486d6a4c71a/c9e8be52-fde9-4eab-89b5-6ea898aa7218/0003_WhknTw_sm.jpeg,3,"{""artist_retail_right"": false, ""comments"": null, ""description"": ""<p>Zwart, kalfsleer, Westernstijl, geborduurd design, puntige neus, stirrup manchetten, goudkleurig materiaal. Instapmodel op knielengte met lage blokhak, hierbij een dustbag.</p>"", ""internal_reference"": null, ""keurkamer"": false, ""literature"": null, ""origin_exhibition_lite"": null, ""period"": null, ""title"": ""Zimmermann, een paar 'Duncan' laarzen"", ""total"": null, ""weight_size_quality"": ""maat 38""}"
100cfbc2-0a50-4bad-b30b-9ac31e3e18f5,2304,26-0597/86,5595f3f8-0d21-4337-985c-b62f62070ce9,719,"Juwelen, Horloges & Luxury",Luxury,"Paris Texas, een paar enkellaarzen","Paris Texas, een paar enkellaarzen","<h3>Description</h3><p>Uitgevoerd in donkerbruin leer met croco-print, puntige neus en hoge blokhak.</p><h3>Weight / Size / Quality</h3>maat 38",published,EUR,150.0,300.0,80.0,80.0,,1,0,,,True,"Mon, 31 Aug 2026 15:00:00 GMT","Wed, 16 Sep 2026 18:27:00 GMT",https://media.app.artisio.co/media/3fc437c0-fdbb-4208-955a-90293eab416d/inventory/229949d6-0d0b-462a-90a1-b53343cb3c8f/29d9fe43-4105-49fc-9f12-7f985b9880d0/0001_TqJIRZ_sm.jpeg;https://media.app.artisio.co/media/3fc437c0-fdbb-4208-955a-90293eab416d/inventory/229949d6-0d0b-462a-90a1-b53343cb3c8f/05610f2d-1ffa-4929-ba85-2fd1b9018a7a/0002_jpTVQD_sm.jpeg;https://media.app.artisio.co/media/3fc437c0-fdbb-4208-955a-90293eab416d/inventory/229949d6-0d0b-462a-90a1-b53343cb3c8f/f204525b-9577-4ad2-823f-a53e817e066b/0003_OcwXKg_sm.jpeg,3,"{""artist_retail_right"": false, ""comments"": null, ""description"": ""<p>Uitgevoerd in donkerbruin leer met croco-print, puntige neus en hoge blokhak.</p>"", ""internal_reference"": null, ""keurkamer"": false, ""literature"": null, ""origin_exhibition_lite"": null, ""period"": null, ""title"": ""Paris Texas, een paar enkellaarzen"", ""total"": null, ""weight_size_quality"": ""maat 38""}"
e2e71304-ba18-41f3-aa98-6dbafe22deff,2305,26-0597/85,5595f3f8-0d21-4337-985c-b62f62070ce9,719,"Juwelen, Horloges & Luxury",Luxury,"Isabel Marant, een paar 'Lamsy' laarzen","Isabel Marant, een paar 'Lamsy' laarzen","<h3>Description</h3><p>De cowboy-laarzen uitgevoerd in multicolor python, met puntige neus</p><h3>Weight / Size / Quality</h3>maat 38",published,EUR,150.0,300.0,80.0,80.0,,1,0,,,True,"Mon, 31 Aug 2026 15:00:00 GMT","Wed, 16 Sep 2026 18:27:00 GMT",https://media.app.artisio.co/media/3fc437c0-fdbb-4208-955a-90293eab416d/inventory/3518ac44-fbed-452d-9bd7-29b92e2b16e9/efff2b30-a1e2-4446-aa7b-34311f692c99/0001_EIHQAw_sm.jpeg;https://media.app.artisio.co/media/3fc437c0-fdbb-4208-955a-90293eab416d/inventory/3518ac44-fbed-452d-9bd7-29b92e2b16e9/f580a799-49b2-4ec9-85f8-2b4e2b9bf5e5/0002_KCtFmk_sm.jpeg;https://media.app.artisio.co/media/3fc437c0-fdbb-4208-955a-90293eab416d/inventory/3518ac44-fbed-452d-9bd7-29b92e2b16e9/288ae287-b69f-4c7e-a800-6cc7d4ac4a3e/0003_IuTdlR_sm.jpeg,3,"{""artist_retail_right"": false, ""comments"": null, ""description"": ""<p>De cowboy-laarzen uitgevoerd in multicolor python, met puntige neus</p>"", ""internal_reference"": null, ""keurkamer"": false, ""literature"": null, ""origin_exhibition_lite"": null, ""period"": null, ""title"": ""Isabel Marant, een paar 'Lamsy' laarzen"", ""total"": null, ""weight_size_quality"": ""maat 38""}"
a6981993-ad00-4c45-ae03-b472b25c9924,2306,26-0597/84,5595f3f8-0d21-4337-985c-b62f62070ce9,719,"Juwelen, Horloges & Luxury",Luxury,"Chanel, een paar 'Ballerina' schoenen","Chanel, een paar 'Ballerina' schoenen",<h3>Description</h3><p>Uitgevoerd in metallic goudkleurig leer met zwarte cap-toe. Zachte ballerina-vorm met elastische rand.</p><h3>Weight / Size / Quality</h3>maat 38,published,EUR,250.0,500.0,180.0,180.0,,1,1,180.0,180.0,True,"Mon, 31 Aug 2026 15:00:00 GMT","Wed, 16 Sep 2026 18:30:00 GMT",https://media.app.artisio.co/media/3fc437c0-fdbb-4208-955a-90293eab416d/inventory/52594061-c2e5-4a43-ab79-ad68829df670/527dd645-4a24-4894-b673-839648519796/0001_pDYPcu_sm.jpeg;https://media.app.artisio.co/media/3fc437c0-fdbb-4208-955a-90293eab416d/inventory/52594061-c2e5-4a43-ab79-ad68829df670/2aa9a7b5-1007-4bba-a799-a928611d91d3/0002_hcFoZS_sm.jpeg;https://media.app.artisio.co/media/3fc437c0-fdbb-4208-955a-90293eab416d/inventory/52594061-c2e5-4a43-ab79-ad68829df670/12a35f0e-956f-4a75-bb2f-03dfd8aa5939/0003_bCBMIT_sm.jpeg,3,"{""artist_retail_right"": false, ""comments"": null, ""description"": ""<p>Uitgevoerd in metallic goudkleurig leer met zwarte cap-toe. Zachte ballerina-vorm met elastische rand.</p>"", ""internal_reference"": null, ""keurkamer"": false, ""literature"": null, ""origin_exhibition_lite"": null, ""period"": null, ""title"": ""Chanel, een paar 'Ballerina' schoenen"", ""total"": null, ""weight_size_quality"": ""maat 38""}"
0c691539-3d53-4e43-b0dd-c7ae22fa87a8,2307,26-0597/83,5595f3f8-0d21-4337-985c-b62f62070ce9,719,"Juwelen, Horloges & Luxury",Luxury,"Saint Laurent, een paar pumps","Saint Laurent, een paar pumps",<h3>Description</h3><p>Uitgevoerd in zwart krokodil-reliëf leer met spitse neuzen en 105 mm hak.&nbsp;</p><h3>Weight / Size / Quality</h3>maat 38,published,EUR,150.0,350.0,80.0,80.0,,1,0,,,True,"Mon, 31 Aug 2026 15:00:00 GMT","Wed, 16 Sep 2026 18:30:00 GMT",https://media.app.artisio.co/media/3fc437c0-fdbb-4208-955a-90293eab416d/inventory/062264b6-38e3-4e04-9d07-812f9dc1e94f/1055c697-57ed-4dc6-b2e6-544a5a54464a/0001_wfSgSt_sm.jpeg;https://media.app.artisio.co/media/3fc437c0-fdbb-4208-955a-90293eab416d/inventory/062264b6-38e3-4e04-9d07-812f9dc1e94f/e7a04944-e93d-4398-908f-f78758b67ae1/0002_lAtfPC_sm.jpeg;https://media.app.artisio.co/media/3fc437c0-fdbb-4208-955a-90293eab416d/inventory/062264b6-38e3-4e04-9d07-812f9dc1e94f/b1dae3e1-1c83-450c-8c61-13b1e10731e9/0003_MIYyko_sm.jpeg;https://media.app.artisio.co/media/3fc437c0-fdbb-4208-955a-90293eab416d/inventory/062264b6-38e3-4e04-9d07-812f9dc1e94f/7bdbde8c-0219-44d9-8870-c38339c1c120/0004_zcefLE_sm.jpeg,4,"{""artist_retail_right"": false, ""comments"": null, ""description"": ""<p>Uitgevoerd in zwart krokodil-reliëf leer met spitse neuzen en 105 mm hak.&nbsp;</p>"", ""internal_reference"": null, ""keurkamer"": false, ""literature"": null, ""origin_exhibition_lite"": null, ""period"": null, ""title"": ""Saint Laurent, een paar pumps"", ""total"": null, ""weight_size_quality"": ""maat 38""}"
efd8e5b6-889b-4adb-bbf3-c922dd1b1408,2308,26-0597/82,5595f3f8-0d21-4337-985c-b62f62070ce9,719,"Juwelen, Horloges & Luxury",Luxury,"Dolce & Gabbana, een paar laarzen","Dolce & Gabbana, een paar laarzen","<h3>Description</h3><p>Uitgevoerd in zwart leer met hoge schacht, puntige leest en hoge hak.&nbsp;</p><h3>Weight / Size / Quality</h3>maat 38",published,EUR,100.0,200.0,50.0,50.0,,1,0,,,True,"Mon, 31 Aug 2026 15:00:00 GMT","Wed, 16 Sep 2026 18:30:00 GMT",https://media.app.artisio.co/media/3fc437c0-fdbb-4208-955a-90293eab416d/inventory/6a328740-1a80-4aef-9d42-70de6ec64dfb/06d8c367-2154-4dc5-83eb-8ea498733461/0001_eVasKO_sm.jpeg;https://media.app.artisio.co/media/3fc437c0-fdbb-4208-955a-90293eab416d/inventory/6a328740-1a80-4aef-9d42-70de6ec64dfb/c0f7e3f1-f4c8-4e8d-84ff-0c6ed6a58155/0002_vGtPrn_sm.jpeg;https://media.app.artisio.co/media/3fc437c0-fdbb-4208-955a-90293eab416d/inventory/6a328740-1a80-4aef-9d42-70de6ec64dfb/50a67215-99f6-41aa-aecb-59dd5d8749d9/0003_FthjDB_sm.jpeg,3,"{""artist_retail_right"": false, ""comments"": null, ""description"": ""<p>Uitgevoerd in zwart leer met hoge schacht, puntige leest en hoge hak.&nbsp;</p>"", ""internal_reference"": null, ""keurkamer"": false, ""literature"": null, ""origin_exhibition_lite"": null, ""period"": null, ""title"": ""Dolce & Gabbana, een paar laarzen"", ""total"": null, ""weight_size_quality"": ""maat 38""}"
afeb0bd7-1221-457a-b9ac-81861040032e,2309,26-0597/81,5595f3f8-0d21-4337-985c-b62f62070ce9,719,"Juwelen, Horloges & Luxury",Luxury,"Viktor & Rolf, een paar pumps","Viktor & Rolf, een paar pumps",<h3>Description</h3><p>Uitgevoerd in bruin metallic leer met vetersluiting op de wreef. Model met puntige neus. De binnenzijde met quilted inlegzool.</p><h3>Weight / Size / Quality</h3>maat 38 1/2<h3>Literature</h3><p>Goede staat</p>,published,EUR,50.0,100.0,35.0,35.0,,1,0,,,True,"Mon, 31 Aug 2026 15:00:00 GMT","Wed, 16 Sep 2026 18:30:00 GMT",https://media.app.artisio.co/media/3fc437c0-fdbb-4208-955a-90293eab416d/inventory/754e1a74-4759-42cc-8e73-854a5a7bc56c/2bc05f51-d294-40b5-aad4-cf5f815efc5c/0001_OnQtHv_sm.jpeg;https://media.app.artisio.co/media/3fc437c0-fdbb-4208-955a-90293eab416d/inventory/754e1a74-4759-42cc-8e73-854a5a7bc56c/49f852e9-35c0-4db5-90db-3cb56ed8d8ad/0002_QkxjNA_sm.jpeg;https://media.app.artisio.co/media/3fc437c0-fdbb-4208-955a-90293eab416d/inventory/754e1a74-4759-42cc-8e73-854a5a7bc56c/68ecb84b-39bc-41ec-af24-014c2b3ebad8/0003_IgZCzq_sm.jpeg,3,"{""artist_retail_right"": false, ""comments"": null, ""description"": ""<p>Uitgevoerd in bruin metallic leer met vetersluiting op de wreef. Model met puntige neus. De binnenzijde met quilted inlegzool.</p>"", ""internal_reference"": null, ""keurkamer"": false, ""literature"": ""<p>Goede staat</p>"", ""origin_exhibition_lite"": null, ""period"": null, ""title"": ""Viktor & Rolf, een paar pumps"", ""total"": null, ""weight_size_quality"": ""maat 38 1/2""}"
76dc0f90-c427-4c32-8e15-a1fcd344613d,2310,26-0597/80,5595f3f8-0d21-4337-985c-b62f62070ce9,719,"Juwelen, Horloges & Luxury",Luxury,"CELINE, een paar pumps","CELINE, een paar pumps","<h3>Description</h3><p>Uitgevoerd in felblauw suède met spitse neus. Het bovenwerk is uitgevoerd in suède, de binnenzijde in zwart leer.</p><h3>Weight / Size / Quality</h3>maat 37<h3>Literature</h3><p>Nieuw, ongedragen.</p>",published,EUR,150.0,350.0,80.0,80.0,,1,0,,,True,"Mon, 31 Aug 2026 15:00:00 GMT","Wed, 16 Sep 2026 18:30:00 GMT",https://media.app.artisio.co/media/3fc437c0-fdbb-4208-955a-90293eab416d/inventory/5ca37e17-8548-444d-8685-4b158b66276c/a48441eb-8172-4884-9e48-e78b018f38d3/0001_ilIhPx_sm.jpeg;https://media.app.artisio.co/media/3fc437c0-fdbb-4208-955a-90293eab416d/inventory/5ca37e17-8548-444d-8685-4b158b66276c/2a9850eb-9bae-4cca-b43c-ef34cb412f8d/0002_VENvre_sm.jpeg;https://media.app.artisio.co/media/3fc437c0-fdbb-4208-955a-90293eab416d/inventory/5ca37e17-8548-444d-8685-4b158b66276c/267d6455-bc0f-486a-b8d2-e8654a734a01/0003_eUUfLW_sm.jpeg,3,"{""artist_retail_right"": false, ""comments"": null, ""description"": ""<p>Uitgevoerd in felblauw suède met spitse neus. Het bovenwerk is uitgevoerd in suède, de binnenzijde in zwart leer.</p>"", ""internal_reference"": null, ""keurkamer"": false, ""literature"": ""<p>Nieuw, ongedragen.</p>"", ""origin_exhibition_lite"": null, ""period"": null, ""title"": ""CELINE, een paar pumps"", ""total"": null, ""weight_size_quality"": ""maat 37""}"
d571aebf-3bce-4a96-b336-5528b3fe5436,2311,26-0597/79,5595f3f8-0d21-4337-985c-b62f62070ce9,719,"Juwelen, Horloges & Luxury",Luxury,"Pierre Balmain, een blouse","Pierre Balmain, een blouse","<h3>Description</h3><p>De rode stof heeft een ingeweven pied-de-poule motief, de hals met strikkraag. Lichte pofschouders en lange mouwen met een manchet met knoopsluiting.</p>",published,EUR,100.0,200.0,50.0,50.0,,1,0,,,True,"Mon, 31 Aug 2026 15:00:00 GMT","Wed, 16 Sep 2026 18:30:00 GMT",https://media.app.artisio.co/media/3fc437c0-fdbb-4208-955a-90293eab416d/inventory/786e6659-b668-41ba-ab65-b720d7f0d8be/eb70e1ec-9fde-4f0e-94e3-a9cd9e276b20/0001_OcVBGY_sm.jpeg;https://media.app.artisio.co/media/3fc437c0-fdbb-4208-955a-90293eab416d/inventory/786e6659-b668-41ba-ab65-b720d7f0d8be/1fbf5987-7c79-4975-8fb0-a8c4dfe79b2c/0002_PvYDFJ_sm.jpeg;https://media.app.artisio.co/media/3fc437c0-fdbb-4208-955a-90293eab416d/inventory/786e6659-b668-41ba-ab65-b720d7f0d8be/78f53d0b-897d-4e40-8b51-81fd1a28acea/0003_dqjiFB_sm.jpeg;https://media.app.artisio.co/media/3fc437c0-fdbb-4208-955a-90293eab416d/inventory/786e6659-b668-41ba-ab65-b720d7f0d8be/74b066cc-c3ba-4b69-97f2-8d2e613c8169/0004_CknbYm_sm.jpeg,4,"{""artist_retail_right"": false, ""comments"": null, ""description"": ""<p>De rode stof heeft een ingeweven pied-de-poule motief, de hals met strikkraag. Lichte pofschouders en lange mouwen met een manchet met knoopsluiting.</p>"", ""internal_reference"": null, ""keurkamer"": false, ""literature"": null, ""origin_exhibition_lite"": null, ""period"": null, ""title"": ""Pierre Balmain, een blouse"", ""total"": null, ""weight_size_quality"": null}"
db1edf2d-a324-4be4-a270-97f72a5be6ff,2313,26-0597/77,5595f3f8-0d21-4337-985c-b62f62070ce9,719,"Juwelen, Horloges & Luxury",Luxury,"Addy van den Krommenacker, een avondensemble","Addy van den Krommenacker, een avondensemble","<h3>Description</h3><p>Tweedelig avondtoilet uitgevoerd in glanzende rode zijde. Het getailleerde jasje met puntkraag en diepe V-hals, een sluiting met kleine knoopjes en een strik die de taille markeert. De mouwen met geplooide ruche-manchet. De bijbehorende lange rok valt strak over de heup en waaiert onderaan sierlijk uit .</p>",published,EUR,350.0,700.0,300.0,300.0,,1,0,,,True,"Mon, 31 Aug 2026 15:00:00 GMT","Wed, 16 Sep 2026 18:33:00 GMT",https://media.app.artisio.co/media/3fc437c0-fdbb-4208-955a-90293eab416d/inventory/c1368347-e150-4f63-a37a-02191ef57f62/e1a5738b-b467-4f32-9ed4-6e50a8d157a2/0001_VAYIVH_sm.jpeg;https://media.app.artisio.co/media/3fc437c0-fdbb-4208-955a-90293eab416d/inventory/c1368347-e150-4f63-a37a-02191ef57f62/fbbfe57b-f12d-4e16-acc9-ee41c1a4be26/0002_PmrCpU_sm.jpeg;https://media.app.artisio.co/media/3fc437c0-fdbb-4208-955a-90293eab416d/inventory/c1368347-e150-4f63-a37a-02191ef57f62/1a7b9b1d-3467-4de8-b193-c0737660469b/0003_bXAwre_sm.jpeg,3,"{""artist_retail_right"": false, ""comments"": null, ""description"": ""<p>Tweedelig avondtoilet uitgevoerd in glanzende rode zijde. Het getailleerde jasje met puntkraag en diepe V-hals, een sluiting met kleine knoopjes en een strik die de taille markeert. De mouwen met geplooide ruche-manchet. De bijbehorende lange rok valt strak over de heup en waaiert onderaan sierlijk uit .</p>"", ""internal_reference"": null, ""keurkamer"": false, ""literature"": null, ""origin_exhibition_lite"": null, ""period"": null, ""title"": ""Addy van den Krommenacker, een avondensemble"", ""total"": null, ""weight_size_quality"": null}"
087ffe90-3e94-4bcb-9fb6-666a50eb0483,2314,26-0597/76,5595f3f8-0d21-4337-985c-b62f62070ce9,719,"Juwelen, Horloges & Luxury",Luxury,"Jean Paul Gaultier Femme, een pantalon","Jean Paul Gaultier Femme, een pantalon",<h3>Description</h3><p>Zwarte getailleerd model met smalle pijpen.</p><h3>Weight / Size / Quality</h3>maat 36,published,EUR,100.0,150.0,50.0,50.0,,1,0,,,True,"Mon, 31 Aug 2026 15:00:00 GMT","Wed, 16 Sep 2026 18:33:00 GMT",https://media.app.artisio.co/media/3fc437c0-fdbb-4208-955a-90293eab416d/inventory/9a928abf-903b-4fd7-ab8d-a332eb457067/2fe72fca-1acb-4488-abf1-2c4f7e27e532/0001_FQEtoZ_sm.jpeg;https://media.app.artisio.co/media/3fc437c0-fdbb-4208-955a-90293eab416d/inventory/9a928abf-903b-4fd7-ab8d-a332eb457067/9f0089bd-0682-4a3c-86a3-54bdfc1c5524/0002_mKJaGK_sm.jpeg;https://media.app.artisio.co/media/3fc437c0-fdbb-4208-955a-90293eab416d/inventory/9a928abf-903b-4fd7-ab8d-a332eb457067/eba82c9d-0762-474f-b63b-bee897a880a0/0003_TYgjWq_sm.jpeg;https://media.app.artisio.co/media/3fc437c0-fdbb-4208-955a-90293eab416d/inventory/9a928abf-903b-4fd7-ab8d-a332eb457067/03349616-cdb7-43b2-9b58-aef68b8c9155/0004_avXOAM_sm.jpeg,4,"{""artist_retail_right"": false, ""comments"": null, ""description"": ""<p>Zwarte getailleerd model met smalle pijpen.</p>"", ""internal_reference"": null, ""keurkamer"": false, ""literature"": null, ""origin_exhibition_lite"": null, ""period"": null, ""title"": ""Jean Paul Gaultier Femme, een pantalon"", ""total"": null, ""weight_size_quality"": ""maat 36""}"
b9cd6e37-35aa-4d9f-82ad-c4127dd4ee05,2316,26-0597/74,5595f3f8-0d21-4337-985c-b62f62070ce9,719,"Juwelen, Horloges & Luxury",Luxury,"Dolce & Gabbana, een jurk","Dolce & Gabbana, een jurk","<h3>Description</h3><p>Uitgevoerd in fuchsia, paarse en groene bloemenprint op wit fond. Getailleerd lang model.</p><h3>Weight / Size / Quality</h3>maat 44",published,EUR,150.0,300.0,80.0,80.0,,1,0,,,True,"Mon, 31 Aug 2026 15:00:00 GMT","Wed, 16 Sep 2026 18:33:00 GMT",https://media.app.artisio.co/media/3fc437c0-fdbb-4208-955a-90293eab416d/inventory/dbfb7b64-f59e-450f-8c9d-7608b1d818ed/7fa1de23-beba-4d40-9845-d7df83fe896c/0001_RdDOwO_sm.jpeg;https://media.app.artisio.co/media/3fc437c0-fdbb-4208-955a-90293eab416d/inventory/dbfb7b64-f59e-450f-8c9d-7608b1d818ed/66e467c4-9c23-4600-86d0-a0c15ef91198/0002_tjMOQO_sm.jpeg;https://media.app.artisio.co/media/3fc437c0-fdbb-4208-955a-90293eab416d/inventory/dbfb7b64-f59e-450f-8c9d-7608b1d818ed/bdfccf55-2adb-46c0-9b80-15e7cbb0a24f/0003_WxgOJo_sm.jpeg;https://media.app.artisio.co/media/3fc437c0-fdbb-4208-955a-90293eab416d/inventory/dbfb7b64-f59e-450f-8c9d-7608b1d818ed/1c5a71a9-27ba-4cd2-9fd7-e7c36bbc0cd1/0004_SszKed_sm.jpeg,4,"{""artist_retail_right"": false, ""comments"": null, ""description"": ""<p>Uitgevoerd in fuchsia, paarse en groene bloemenprint op wit fond. Getailleerd lang model.</p>"", ""internal_reference"": null, ""keurkamer"": false, ""literature"": null, ""origin_exhibition_lite"": null, ""period"": null, ""title"": ""Dolce & Gabbana, een jurk"", ""total"": null, ""weight_size_quality"": ""maat 44""}"
f882b715-6586-411f-bf77-2da7f879d285,2317,26-0597/73,5595f3f8-0d21-4337-985c-b62f62070ce9,719,"Juwelen, Horloges & Luxury",Luxury,"Chanel, een rok","Chanel, een rok","<h3>Description</h3><p><strong>Chanel – zwarte wollen rok</strong></p><p>Korte zwarte rok van Chanel, Rechte, licht A-vormige snit met een hoge tailleband, riemlussen en paspelzakken aan de voorzijde. Uitgevoerd in wol met een net, tijdloos model — klassiek Chanel.</p><p>Referentienummer P42184V30569.&nbsp;</p><h3>Weight / Size / Quality</h3>maat 38",published,EUR,150.0,300.0,80.0,80.0,,1,1,80.0,80.0,True,"Mon, 31 Aug 2026 15:00:00 GMT","Wed, 16 Sep 2026 18:33:00 GMT",https://media.app.artisio.co/media/3fc437c0-fdbb-4208-955a-90293eab416d/inventory/c6923474-ba5d-412e-ad98-8fba6e8f5640/26151bbe-9626-42d9-a33b-fc912ef57bf6/0001_iUIcli_sm.jpeg;https://media.app.artisio.co/media/3fc437c0-fdbb-4208-955a-90293eab416d/inventory/c6923474-ba5d-412e-ad98-8fba6e8f5640/b39c43fe-ff0a-42b0-bc8d-75df3484b452/0002_FJXfLQ_sm.jpeg;https://media.app.artisio.co/media/3fc437c0-fdbb-4208-955a-90293eab416d/inventory/c6923474-ba5d-412e-ad98-8fba6e8f5640/78615afa-852e-4d8c-971d-d2a92f7fa06b/0003_ffVWHX_sm.jpeg;https://media.app.artisio.co/media/3fc437c0-fdbb-4208-955a-90293eab416d/inventory/c6923474-ba5d-412e-ad98-8fba6e8f5640/268a93b4-7c4c-4201-8a45-f9579e627d39/0004_JDBRdk_sm.jpeg,4,"{""artist_retail_right"": false, ""comments"": null, ""description"": ""<p><strong>Chanel – zwarte wollen rok</strong></p><p>Korte zwarte rok van Chanel, Rechte, licht A-vormige snit met een hoge tailleband, riemlussen en paspelzakken aan de voorzijde. Uitgevoerd in wol met een net, tijdloos model — klassiek Chanel.</p><p>Referentienummer P42184V30569.&nbsp;</p>"", ""internal_reference"": null, ""keurkamer"": false, ""literature"": null, ""origin_exhibition_lite"": null, ""period"": null, ""title"": ""Chanel, een rok"", ""total"": null, ""weight_size_quality"": ""maat 38""}"
b6264367-c031-4fe8-8fcf-554636fe3085,2318,26-0597/72,5595f3f8-0d21-4337-985c-b62f62070ce9,719,"Juwelen, Horloges & Luxury",Luxury,"Jean Paul Gaultier Femme, een jurk","Jean Paul Gaultier Femme, een jurk","<h3>Description</h3><p>Getailleerd kokerachtig model op knielengte, met opstaande col en licht uitstekende schouders. Uitgevoerd in grijze wol met ruitpatroon. De lange mouwen hebben aan de buitenzijde een transparant zwart chiffon-inzet en sluiten met een ritsje aan de manchet; de rug eveneens voorzien van rits.&nbsp;</p><h3>Weight / Size / Quality</h3>maat 38",published,EUR,100.0,200.0,50.0,50.0,,1,0,,,True,"Mon, 31 Aug 2026 15:00:00 GMT","Wed, 16 Sep 2026 18:33:00 GMT",https://media.app.artisio.co/media/3fc437c0-fdbb-4208-955a-90293eab416d/inventory/69f566dd-25bc-46bb-b9be-f04e17a530dc/9a08a975-7f31-448f-8333-83d7479699d7/0001_SIOybk_sm.jpeg;https://media.app.artisio.co/media/3fc437c0-fdbb-4208-955a-90293eab416d/inventory/69f566dd-25bc-46bb-b9be-f04e17a530dc/359494ce-ef65-4e87-b63e-e584b4b38c71/0002_MYnjdz_sm.jpeg;https://media.app.artisio.co/media/3fc437c0-fdbb-4208-955a-90293eab416d/inventory/69f566dd-25bc-46bb-b9be-f04e17a530dc/49ffc8d1-ea1e-4b44-8083-f2460422cbf8/0003_oSLtCi_sm.jpeg;https://media.app.artisio.co/media/3fc437c0-fdbb-4208-955a-90293eab416d/inventory/69f566dd-25bc-46bb-b9be-f04e17a530dc/f6e88f7c-10d4-4019-883c-a310a8110023/0004_pjLimK_sm.jpeg,4,"{""artist_retail_right"": false, ""comments"": null, ""description"": ""<p>Getailleerd kokerachtig model op knielengte, met opstaande col en licht uitstekende schouders. Uitgevoerd in grijze wol met ruitpatroon. De lange mouwen hebben aan de buitenzijde een transparant zwart chiffon-inzet en sluiten met een ritsje aan de manchet; de rug eveneens voorzien van rits.&nbsp;</p>"", ""internal_reference"": null, ""keurkamer"": false, ""literature"": null, ""origin_exhibition_lite"": null, ""period"": null, ""title"": ""Jean Paul Gaultier Femme, een jurk"", ""total"": null, ""weight_size_quality"": ""maat 38""}"
ad5e81f9-708b-429c-a26f-df713f930786,2319,26-0597/71,5595f3f8-0d21-4337-985c-b62f62070ce9,719,"Juwelen, Horloges & Luxury",Luxury,"Dolce & Gabbana, een mantelpakje","Dolce & Gabbana, een mantelpakje",<h3>Description</h3><p>Tweedelig bestaande uit een getailleerd jasje met ingekeepte revers en sluiting met twee knopen en een bijbehorende knie-lange kokerrok. De zwarte stof met fijne horizontale ribstructuur.&nbsp;</p><h3>Weight / Size / Quality</h3>maat 44,published,EUR,160.0,300.0,100.0,100.0,,1,0,,,True,"Mon, 31 Aug 2026 15:00:00 GMT","Wed, 16 Sep 2026 18:33:00 GMT",https://media.app.artisio.co/media/3fc437c0-fdbb-4208-955a-90293eab416d/inventory/55a18139-05c2-4947-a0a4-f22b335a4586/7ecb3a43-990a-4265-92c3-ccd2908dee28/0001_TRqOlQ_sm.jpeg;https://media.app.artisio.co/media/3fc437c0-fdbb-4208-955a-90293eab416d/inventory/55a18139-05c2-4947-a0a4-f22b335a4586/507b00dd-c3b6-496b-88d4-5d22a12e8a12/0002_iziPxH_sm.jpeg;https://media.app.artisio.co/media/3fc437c0-fdbb-4208-955a-90293eab416d/inventory/55a18139-05c2-4947-a0a4-f22b335a4586/d5bb0460-120f-45ef-8392-6846a6d83c7b/0003_NLuxaC_sm.jpeg;https://media.app.artisio.co/media/3fc437c0-fdbb-4208-955a-90293eab416d/inventory/55a18139-05c2-4947-a0a4-f22b335a4586/dc0a2bed-ca85-43dc-8c4e-2e0ebc1bf8bc/0004_OpynMY_sm.jpeg,4,"{""artist_retail_right"": false, ""comments"": null, ""description"": ""<p>Tweedelig bestaande uit een getailleerd jasje met ingekeepte revers en sluiting met twee knopen en een bijbehorende knie-lange kokerrok. De zwarte stof met fijne horizontale ribstructuur.&nbsp;</p>"", ""internal_reference"": null, ""keurkamer"": false, ""literature"": null, ""origin_exhibition_lite"": null, ""period"": null, ""title"": ""Dolce & Gabbana, een mantelpakje"", ""total"": null, ""weight_size_quality"": ""maat 44""}"
1aa16510-a527-4d20-9e12-87081adc2c48,2320,26-0597/70,5595f3f8-0d21-4337-985c-b62f62070ce9,719,"Juwelen, Horloges & Luxury",Luxury,"Balenciaga, een rok","Balenciaga, een rok","<h3>Description</h3><p>Geplooid model, uitgevoerd in multicolor print.</p><h3>Weight / Size / Quality</h3>maat 38",published,EUR,150.0,350.0,80.0,80.0,,1,0,,,True,"Mon, 31 Aug 2026 15:00:00 GMT","Wed, 16 Sep 2026 18:36:00 GMT",https://media.app.artisio.co/media/3fc437c0-fdbb-4208-955a-90293eab416d/inventory/52acbbe5-8c8d-42ba-9b00-6746a443751a/b6f7985e-3460-4f14-bbda-3206c2e9fac1/00001_oLaSUa_sm.jpeg;https://media.app.artisio.co/media/3fc437c0-fdbb-4208-955a-90293eab416d/inventory/52acbbe5-8c8d-42ba-9b00-6746a443751a/9876f89c-f49a-4017-96ca-61442b5c662a/0001_uXTcnk_sm.jpeg;https://media.app.artisio.co/media/3fc437c0-fdbb-4208-955a-90293eab416d/inventory/52acbbe5-8c8d-42ba-9b00-6746a443751a/2e78e800-f52b-4e33-95e7-3b84c36e15df/0002_wpOLHj_sm.jpeg,3,"{""artist_retail_right"": false, ""comments"": null, ""description"": ""<p>Geplooid model, uitgevoerd in multicolor print.</p>"", ""internal_reference"": null, ""keurkamer"": false, ""literature"": null, ""origin_exhibition_lite"": null, ""period"": null, ""title"": ""Balenciaga, een rok"", ""total"": null, ""weight_size_quality"": ""maat 38""}"
551fd936-957f-42da-aa3d-2de4348442c8,2321,26-0597/69,5595f3f8-0d21-4337-985c-b62f62070ce9,719,"Juwelen, Horloges & Luxury",Luxury,"Dior Homme, een jas","Dior Homme, een jas","<h3>Description</h3><p>Recht model, uitgevoerd in olijfgroen, met knoopsluiting en kraag.</p><h3>Weight / Size / Quality</h3>maat M",published,EUR,150.0,350.0,80.0,80.0,,1,0,,,True,"Mon, 31 Aug 2026 15:00:00 GMT","Wed, 16 Sep 2026 18:36:00 GMT",https://media.app.artisio.co/media/3fc437c0-fdbb-4208-955a-90293eab416d/inventory/ce35cc72-a1d2-4f3f-a6a2-4b7e003095e5/2368d2a7-83a3-4a9b-9d46-358f81cc3d39/0001_krrHNL_sm.jpeg;https://media.app.artisio.co/media/3fc437c0-fdbb-4208-955a-90293eab416d/inventory/ce35cc72-a1d2-4f3f-a6a2-4b7e003095e5/ad652a7b-9329-48fb-87b0-6fb1e34a4dcd/0002_wIoPzM_sm.jpeg;https://media.app.artisio.co/media/3fc437c0-fdbb-4208-955a-90293eab416d/inventory/ce35cc72-a1d2-4f3f-a6a2-4b7e003095e5/e005c508-2ebe-4bfa-b7df-e3a576818c29/0003_GjdgdV_sm.jpeg;https://media.app.artisio.co/media/3fc437c0-fdbb-4208-955a-90293eab416d/inventory/ce35cc72-a1d2-4f3f-a6a2-4b7e003095e5/ccde7f1e-14f4-4dc9-b415-d9d7066349a0/0004_AMTZae_sm.jpeg,4,"{""artist_retail_right"": false, ""comments"": null, ""description"": ""<p>Recht model, uitgevoerd in olijfgroen, met knoopsluiting en kraag.</p>"", ""internal_reference"": null, ""keurkamer"": false, ""literature"": null, ""origin_exhibition_lite"": null, ""period"": null, ""title"": ""Dior Homme, een jas"", ""total"": null, ""weight_size_quality"": ""maat M""}"
4323eeda-8dd4-4af2-8566-53cd86dee185,2322,26-0597/68,5595f3f8-0d21-4337-985c-b62f62070ce9,719,"Juwelen, Horloges & Luxury",Luxury,"Chanel, een jurk","Chanel, een jurk","<h3>Description</h3><p>Model met kortere mouwen, hoge hals en een gestructureerd taille- en rokgedeelte. Zwarte stof met quilted patroon.</p><h3>Weight / Size / Quality</h3>maat 40<h3>Literature</h3><p>Eén stiksel bij de kraag los</p>",published,EUR,350.0,700.0,200.0,200.0,,1,0,,,True,"Mon, 31 Aug 2026 15:00:00 GMT","Wed, 16 Sep 2026 18:36:00 GMT",https://media.app.artisio.co/media/3fc437c0-fdbb-4208-955a-90293eab416d/inventory/e38be2ba-77ff-4640-b589-30c943652e40/76f8c817-c1a5-4594-b96b-5026d4d0927b/0001_zOLNVB_sm.jpeg;https://media.app.artisio.co/media/3fc437c0-fdbb-4208-955a-90293eab416d/inventory/e38be2ba-77ff-4640-b589-30c943652e40/a460ec50-4938-46df-bad4-6e9a0e1ade10/0002_vzGKsH_sm.jpeg;https://media.app.artisio.co/media/3fc437c0-fdbb-4208-955a-90293eab416d/inventory/e38be2ba-77ff-4640-b589-30c943652e40/794411ae-d2df-444f-8207-30d1bebe8860/0003_MQhwYQ_sm.jpeg;https://media.app.artisio.co/media/3fc437c0-fdbb-4208-955a-90293eab416d/inventory/e38be2ba-77ff-4640-b589-30c943652e40/45d9b276-7aef-42ee-8b79-fc5c5607773e/0004_RjcNnE_sm.jpeg,4,"{""artist_retail_right"": false, ""comments"": null, ""description"": ""<p>Model met kortere mouwen, hoge hals en een gestructureerd taille- en rokgedeelte. Zwarte stof met quilted patroon.</p>"", ""internal_reference"": null, ""keurkamer"": false, ""literature"": ""<p>Eén stiksel bij de kraag los</p>"", ""origin_exhibition_lite"": null, ""period"": null, ""title"": ""Chanel, een jurk"", ""total"": null, ""weight_size_quality"": ""maat 40""}"
14c00fee-8116-4261-a00e-a3d28da92377,2323,26-0597/67,5595f3f8-0d21-4337-985c-b62f62070ce9,719,"Juwelen, Horloges & Luxury",Luxury,"Addy van den Krommenacker, een jurk","Addy van den Krommenacker, een jurk","<h3>Description</h3><p>Zwarte stof. Model met driekwartmouwen, wijde halslijn en met plooien aan de onderkant, private label.</p>",published,EUR,200.0,350.0,160.0,160.0,,1,0,,,True,"Mon, 31 Aug 2026 15:00:00 GMT","Wed, 16 Sep 2026 18:36:00 GMT",https://media.app.artisio.co/media/3fc437c0-fdbb-4208-955a-90293eab416d/inventory/9d76b6b2-0f71-468d-8b7a-540a312f93b6/d2af25aa-9062-4a87-a442-5be72c0ce583/0001_fRjqhJ_sm.jpeg;https://media.app.artisio.co/media/3fc437c0-fdbb-4208-955a-90293eab416d/inventory/9d76b6b2-0f71-468d-8b7a-540a312f93b6/14aa1e42-181d-4e19-af30-dc45f05bdf75/0002_szupHb_sm.jpeg;https://media.app.artisio.co/media/3fc437c0-fdbb-4208-955a-90293eab416d/inventory/9d76b6b2-0f71-468d-8b7a-540a312f93b6/f4d7b0d7-3386-4957-a0c2-9b31ef43e1ac/0003_WxXXOH_sm.jpeg;https://media.app.artisio.co/media/3fc437c0-fdbb-4208-955a-90293eab416d/inventory/9d76b6b2-0f71-468d-8b7a-540a312f93b6/453969b4-38c3-4c3d-9168-cdeb2109b7a8/0004_fthteS_sm.jpeg,4,"{""artist_retail_right"": false, ""comments"": null, ""description"": ""<p>Zwarte stof. Model met driekwartmouwen, wijde halslijn en met plooien aan de onderkant, private label.</p>"", ""internal_reference"": null, ""keurkamer"": false, ""literature"": null, ""origin_exhibition_lite"": null, ""period"": null, ""title"": ""Addy van den Krommenacker, een jurk"", ""total"": null, ""weight_size_quality"": null}"
234ecf32-599d-476f-8da8-d236ac0defc2,2324,26-0597/66,5595f3f8-0d21-4337-985c-b62f62070ce9,719,"Juwelen, Horloges & Luxury",Luxury,"Gucci, een pantalon","Gucci, een pantalon",<h3>Description</h3><p>Zwarte stof met rechte pasvorm met lange pijpen en geplooide constructie aan de voorzijde</p><h3>Weight / Size / Quality</h3>maat 38,published,EUR,50.0,100.0,35.0,35.0,,1,0,,,True,"Mon, 31 Aug 2026 15:00:00 GMT","Wed, 16 Sep 2026 18:36:00 GMT",https://media.app.artisio.co/media/3fc437c0-fdbb-4208-955a-90293eab416d/inventory/ecee4754-daab-43e0-aecd-f5f5e8d1d54d/deae24a3-764e-4452-9284-8a132eb922d9/0001_HnAcva_sm.jpeg;https://media.app.artisio.co/media/3fc437c0-fdbb-4208-955a-90293eab416d/inventory/ecee4754-daab-43e0-aecd-f5f5e8d1d54d/364809ac-6aec-4e0b-ae4a-f2a230eca10c/0002_hcPTNX_sm.jpeg;https://media.app.artisio.co/media/3fc437c0-fdbb-4208-955a-90293eab416d/inventory/ecee4754-daab-43e0-aecd-f5f5e8d1d54d/125f0354-28e9-470c-a8ec-39808baa9f9b/0003_TAsfCM_sm.jpeg;https://media.app.artisio.co/media/3fc437c0-fdbb-4208-955a-90293eab416d/inventory/ecee4754-daab-43e0-aecd-f5f5e8d1d54d/4808e17c-8b4b-426c-af3a-d3a48d4e7855/0004_WCpKSU_sm.jpeg,4,"{""artist_retail_right"": false, ""comments"": null, ""description"": ""<p>Zwarte stof met rechte pasvorm met lange pijpen en geplooide constructie aan de voorzijde</p>"", ""internal_reference"": null, ""keurkamer"": false, ""literature"": null, ""origin_exhibition_lite"": null, ""period"": null, ""title"": ""Gucci, een pantalon"", ""total"": null, ""weight_size_quality"": ""maat 38""}"
ace2125c-a940-43cc-9128-dca1eea6e2b1,2325,26-0597/65,5595f3f8-0d21-4337-985c-b62f62070ce9,719,"Juwelen, Horloges & Luxury",Luxury,"Dolce & Gabbana, een jurk","Dolce & Gabbana, een jurk",<h3>Description</h3><p>Uitgevoerd in zijde met florale print.&nbsp;</p><h3>Weight / Size / Quality</h3>maat 42,published,EUR,150.0,300.0,80.0,80.0,,1,0,,,True,"Mon, 31 Aug 2026 15:00:00 GMT","Wed, 16 Sep 2026 18:36:00 GMT",https://media.app.artisio.co/media/3fc437c0-fdbb-4208-955a-90293eab416d/inventory/98b9bb53-9218-4907-93e9-c7a9e2db44d5/73149d73-461e-49fb-9b2b-d433f0fcb19d/0001_qjZgSE_sm.jpeg;https://media.app.artisio.co/media/3fc437c0-fdbb-4208-955a-90293eab416d/inventory/98b9bb53-9218-4907-93e9-c7a9e2db44d5/b86f1592-5469-465a-9428-cb0dbb044a26/0002_BwIkPA_sm.jpeg;https://media.app.artisio.co/media/3fc437c0-fdbb-4208-955a-90293eab416d/inventory/98b9bb53-9218-4907-93e9-c7a9e2db44d5/0a94a665-96d0-4fec-ae7a-a4372640725d/0003_OsJYrc_sm.jpeg;https://media.app.artisio.co/media/3fc437c0-fdbb-4208-955a-90293eab416d/inventory/98b9bb53-9218-4907-93e9-c7a9e2db44d5/807d10a4-649b-4525-9c16-cea20c7cdbb7/0004_YfLbVU_sm.jpeg,4,"{""artist_retail_right"": false, ""comments"": null, ""description"": ""<p>Uitgevoerd in zijde met florale print.&nbsp;</p>"", ""internal_reference"": null, ""keurkamer"": false, ""literature"": null, ""origin_exhibition_lite"": null, ""period"": null, ""title"": ""Dolce & Gabbana, een jurk"", ""total"": null, ""weight_size_quality"": ""maat 42""}"
6050471e-8a22-4a68-a8af-2d2805e4665a,2326,26-0597/64,5595f3f8-0d21-4337-985c-b62f62070ce9,719,"Juwelen, Horloges & Luxury",Luxury,"Dolce & Gabbana, een blouse","Dolce & Gabbana, een blouse","<h3>Description</h3><p>Uitgevoerd in transparant zwart kant, met lange mouwen, kraag en knoopsluiting aan de voorzijde.&nbsp;</p>",published,EUR,50.0,150.0,35.0,35.0,,1,0,,,True,"Mon, 31 Aug 2026 15:00:00 GMT","Wed, 16 Sep 2026 18:39:00 GMT",https://media.app.artisio.co/media/3fc437c0-fdbb-4208-955a-90293eab416d/inventory/987ec7f3-0da7-43d4-a1fe-0fc0cc9ab3db/f1526e06-728d-4bc0-9362-88feda0a34b5/0001_tBpaWz_sm.jpeg;https://media.app.artisio.co/media/3fc437c0-fdbb-4208-955a-90293eab416d/inventory/987ec7f3-0da7-43d4-a1fe-0fc0cc9ab3db/915fae36-fdac-47ca-bd37-3d6a2cbc81b6/0002_JDqtmg_sm.jpeg;https://media.app.artisio.co/media/3fc437c0-fdbb-4208-955a-90293eab416d/inventory/987ec7f3-0da7-43d4-a1fe-0fc0cc9ab3db/5acc9146-8105-441b-a696-b74ca1635937/0003_DQPAtS_sm.jpeg;https://media.app.artisio.co/media/3fc437c0-fdbb-4208-955a-90293eab416d/inventory/987ec7f3-0da7-43d4-a1fe-0fc0cc9ab3db/ceeb2fc7-802f-414a-a252-72421ec154ec/0004_QdMGtE_sm.jpeg,4,"{""artist_retail_right"": false, ""comments"": null, ""description"": ""<p>Uitgevoerd in transparant zwart kant, met lange mouwen, kraag en knoopsluiting aan de voorzijde.&nbsp;</p>"", ""internal_reference"": null, ""keurkamer"": false, ""literature"": null, ""origin_exhibition_lite"": null, ""period"": null, ""title"": ""Dolce & Gabbana, een blouse"", ""total"": null, ""weight_size_quality"": null}"
a55e73bb-6d7c-4072-a1ec-ceba8aab9307,2327,26-0597/63,5595f3f8-0d21-4337-985c-b62f62070ce9,719,"Juwelen, Horloges & Luxury",Luxury,"Dolce & Gabbana, een jurk","Dolce & Gabbana, een jurk",<h3>Description</h3><p>Uitgevoerd in zwart zijde met wit polkadot patroon.</p><h3>Weight / Size / Quality</h3>maat 40,published,EUR,100.0,200.0,50.0,50.0,,1,0,,,True,"Mon, 31 Aug 2026 15:00:00 GMT","Wed, 16 Sep 2026 18:39:00 GMT",https://media.app.artisio.co/media/3fc437c0-fdbb-4208-955a-90293eab416d/inventory/566c6635-4577-41c7-8ee1-99fb2bd7b7d6/e880cfb3-db2c-4f48-bf4a-8ee562e0b475/0001_yMjvJl_sm.jpeg;https://media.app.artisio.co/media/3fc437c0-fdbb-4208-955a-90293eab416d/inventory/566c6635-4577-41c7-8ee1-99fb2bd7b7d6/6e4d4cd9-5b28-4883-a2eb-92ec3453f2ac/0002_ByZtxG_sm.jpeg;https://media.app.artisio.co/media/3fc437c0-fdbb-4208-955a-90293eab416d/inventory/566c6635-4577-41c7-8ee1-99fb2bd7b7d6/8be50996-75d6-4b02-9baf-6054bec9ff59/0003_ClodOj_sm.jpeg,3,"{""artist_retail_right"": false, ""comments"": null, ""description"": ""<p>Uitgevoerd in zwart zijde met wit polkadot patroon.</p>"", ""internal_reference"": null, ""keurkamer"": false, ""literature"": null, ""origin_exhibition_lite"": null, ""period"": null, ""title"": ""Dolce & Gabbana, een jurk"", ""total"": null, ""weight_size_quality"": ""maat 40""}"
0b3f3b51-295d-4776-880f-98a8c495375d,2328,26-0597/62,5595f3f8-0d21-4337-985c-b62f62070ce9,719,"Juwelen, Horloges & Luxury",Luxury,"Viktor & Rolf, een blouse uit de FW22-collectie","Viktor & Rolf, een blouse uit de FW22-collectie","<h3>Description</h3><p>Uitgevoerd in roze tinten met volumineuze mouwen, gelaagde tulle en een sculpturale pasvorm. Met een opvallend glanzende en gelaagde afwerking. Nieuw met kaartje.&nbsp;</p><h3>Weight / Size / Quality</h3>maat M/L",published,EUR,800.0,1200.0,500.0,500.0,,1,0,,,True,"Mon, 31 Aug 2026 15:00:00 GMT","Wed, 16 Sep 2026 18:39:00 GMT",https://media.app.artisio.co/media/3fc437c0-fdbb-4208-955a-90293eab416d/inventory/41d8e3c8-d615-442d-baa2-9df514f6cda4/dfec7a61-260a-4ae8-8e59-c7f9a5cc9ea7/0001_gLQqyl_sm.jpeg;https://media.app.artisio.co/media/3fc437c0-fdbb-4208-955a-90293eab416d/inventory/41d8e3c8-d615-442d-baa2-9df514f6cda4/3d280230-53f7-4f6f-ba44-68f9db5ee631/0002_biDihi_sm.jpeg;https://media.app.artisio.co/media/3fc437c0-fdbb-4208-955a-90293eab416d/inventory/41d8e3c8-d615-442d-baa2-9df514f6cda4/1db779a2-1bdd-4999-b78d-76262756a37c/0003_pjHAbq_sm.jpeg;https://media.app.artisio.co/media/3fc437c0-fdbb-4208-955a-90293eab416d/inventory/41d8e3c8-d615-442d-baa2-9df514f6cda4/87e50e69-aaa9-41be-8d25-f698006ecc17/0004_ilDEce_sm.jpeg;https://media.app.artisio.co/media/3fc437c0-fdbb-4208-955a-90293eab416d/inventory/41d8e3c8-d615-442d-baa2-9df514f6cda4/1fc8df72-4f92-49aa-be72-d411709929de/0005_CyecRA_sm.jpeg,5,"{""artist_retail_right"": false, ""comments"": null, ""description"": ""<p>Uitgevoerd in roze tinten met volumineuze mouwen, gelaagde tulle en een sculpturale pasvorm. Met een opvallend glanzende en gelaagde afwerking. Nieuw met kaartje.&nbsp;</p>"", ""internal_reference"": null, ""keurkamer"": false, ""literature"": null, ""origin_exhibition_lite"": null, ""period"": null, ""title"": ""Viktor & Rolf, een blouse uit de FW22-collectie"", ""total"": null, ""weight_size_quality"": ""maat M/L""}"
e0cb4862-9098-4e14-896f-88114ca8c88d,2329,26-0597/61,5595f3f8-0d21-4337-985c-b62f62070ce9,719,"Juwelen, Horloges & Luxury",Luxury,"Frank Govers, een jurk","Frank Govers, een jurk","<h3>Description</h3><p>Uitgevoerd in rood met lange mouwen, met ronde hals en een rijk versierde, geborduurde en met pailletten afgewerkte bovenkant.</p><h3>Weight / Size / Quality</h3>maat S",published,EUR,200.0,400.0,100.0,100.0,,1,0,,,True,"Mon, 31 Aug 2026 15:00:00 GMT","Wed, 16 Sep 2026 18:39:00 GMT",https://media.app.artisio.co/media/3fc437c0-fdbb-4208-955a-90293eab416d/inventory/9a7c3f1a-2542-41f8-996c-d9550c253aae/d9963559-50a6-4e1f-9870-978cdaecf8cf/0001_wSbhuk_sm.jpeg;https://media.app.artisio.co/media/3fc437c0-fdbb-4208-955a-90293eab416d/inventory/9a7c3f1a-2542-41f8-996c-d9550c253aae/2886a8d5-8f9d-4eaf-8a0c-7fe23dd7ab06/0002_nDxLyy_sm.jpeg;https://media.app.artisio.co/media/3fc437c0-fdbb-4208-955a-90293eab416d/inventory/9a7c3f1a-2542-41f8-996c-d9550c253aae/fb3cc3e3-ab18-42e8-ba23-530a194834e3/0003_yPuQIk_sm.jpeg,3,"{""artist_retail_right"": false, ""comments"": null, ""description"": ""<p>Uitgevoerd in rood met lange mouwen, met ronde hals en een rijk versierde, geborduurde en met pailletten afgewerkte bovenkant.</p>"", ""internal_reference"": null, ""keurkamer"": false, ""literature"": null, ""origin_exhibition_lite"": null, ""period"": null, ""title"": ""Frank Govers, een jurk"", ""total"": null, ""weight_size_quality"": ""maat S""}"
32f167ca-759b-4779-8b5e-7f65640e4aba,2330,26-0597/60,5595f3f8-0d21-4337-985c-b62f62070ce9,719,"Juwelen, Horloges & Luxury",Luxury,"Yves Saint Laurent, een blazer","Yves Saint Laurent, een blazer","<h3>Description</h3><p>Een zwarte Yves Saint Laurent blazer, Rive Gauche by Tom Ford. Zwarte damesblazer, getailleerd model, revers afgewerkt met fluweel, de achterzijde met splitten. Sluiting met één knoop aan de voorzijde, een borstzakje en twee klepzakken op de heup. De mouwen met vier knoopjes aan de uiteinden. &nbsp;Samenstelling: 90% wol, 10% cashmere / binnenvoering 100% zijde.&nbsp;</p><p>&nbsp;</p><h3>Weight / Size / Quality</h3>Maat: 42FR/M. Afmetingen: Totale lengte: 71 cm. Schouderbreedte: 43 cm. Mouwlengte: 62 cm.",published,EUR,150.0,300.0,100.0,100.0,,1,0,,,True,"Mon, 31 Aug 2026 15:00:00 GMT","Wed, 16 Sep 2026 18:39:00 GMT",https://media.app.artisio.co/media/3fc437c0-fdbb-4208-955a-90293eab416d/inventory/193fab56-df4a-4f45-8578-5de40d101aea/5b9d83e4-830d-4bdd-bea4-d41b30a4aef1/0001_NLJZBc_sm.jpeg;https://media.app.artisio.co/media/3fc437c0-fdbb-4208-955a-90293eab416d/inventory/193fab56-df4a-4f45-8578-5de40d101aea/161efd7e-f0a9-4f08-b175-9dd90d0be17e/0002_YwwIVw_sm.jpeg;https://media.app.artisio.co/media/3fc437c0-fdbb-4208-955a-90293eab416d/inventory/193fab56-df4a-4f45-8578-5de40d101aea/a82ee859-9369-4071-bcc3-c4e5b93d60b0/0003_atIHaS_sm.jpeg;https://media.app.artisio.co/media/3fc437c0-fdbb-4208-955a-90293eab416d/inventory/193fab56-df4a-4f45-8578-5de40d101aea/4d9b86d3-ace1-470b-860e-936508a3766b/0004_qlfmpj_sm.jpeg,4,"{""artist_retail_right"": false, ""comments"": null, ""description"": ""<p>Een zwarte Yves Saint Laurent blazer, Rive Gauche by Tom Ford. Zwarte damesblazer, getailleerd model, revers afgewerkt met fluweel, de achterzijde met splitten. Sluiting met één knoop aan de voorzijde, een borstzakje en twee klepzakken op de heup. De mouwen met vier knoopjes aan de uiteinden. &nbsp;Samenstelling: 90% wol, 10% cashmere / binnenvoering 100% zijde.&nbsp;</p><p>&nbsp;</p>"", ""internal_reference"": null, ""keurkamer"": false, ""literature"": null, ""origin_exhibition_lite"": null, ""period"": null, ""title"": ""Yves Saint Laurent, een blazer"", ""total"": null, ""weight_size_quality"": ""Maat: 42FR/M. Afmetingen: Totale lengte: 71 cm. Schouderbreedte: 43 cm. Mouwlengte: 62 cm.""}"
495f0fd6-e5e7-4c32-b803-a2d0c607ba37,2331,26-0597/59,5595f3f8-0d21-4337-985c-b62f62070ce9,719,"Juwelen, Horloges & Luxury",Luxury,"Saint Laurent, een zwarte pantalon","Saint Laurent, een zwarte pantalon",<h3>Description</h3><p>Saint Laurent zwarte pantalon van wol met plooien. Het model heeft een hoge taille maat 40.</p>,published,EUR,75.0,150.0,40.0,40.0,,1,0,,,True,"Mon, 31 Aug 2026 15:00:00 GMT","Wed, 16 Sep 2026 18:39:00 GMT",https://media.app.artisio.co/media/3fc437c0-fdbb-4208-955a-90293eab416d/inventory/740d8763-10ed-429c-94c5-8379889936c1/f4139c8c-6f5d-4116-a0ef-83554874b8ef/0001_ULNuYk_sm.jpeg;https://media.app.artisio.co/media/3fc437c0-fdbb-4208-955a-90293eab416d/inventory/740d8763-10ed-429c-94c5-8379889936c1/49a28309-4002-4da3-840c-1c2cfccaadb1/0002_EWzzFU_sm.jpeg;https://media.app.artisio.co/media/3fc437c0-fdbb-4208-955a-90293eab416d/inventory/740d8763-10ed-429c-94c5-8379889936c1/808ae2b1-0cd8-412b-bb20-19c23cbe5d1f/0003_sVJyjk_sm.jpeg;https://media.app.artisio.co/media/3fc437c0-fdbb-4208-955a-90293eab416d/inventory/740d8763-10ed-429c-94c5-8379889936c1/7a13535c-c4e0-4876-a0d0-c1f0b3c85a72/0004_CdvZqO_sm.jpeg,4,"{""artist_retail_right"": false, ""comments"": null, ""description"": ""<p>Saint Laurent zwarte pantalon van wol met plooien. Het model heeft een hoge taille maat 40.</p>"", ""internal_reference"": null, ""keurkamer"": false, ""literature"": null, ""origin_exhibition_lite"": null, ""period"": null, ""title"": ""Saint Laurent, een zwarte pantalon"", ""total"": null, ""weight_size_quality"": null}"
0e611a34-9ebb-4d65-ab9d-ac0b39c6c14a,2332,26-0597/58,5595f3f8-0d21-4337-985c-b62f62070ce9,719,"Juwelen, Horloges & Luxury",Luxury,"Ronald Kolk Amsterdam, een jasje","Ronald Kolk Amsterdam, een jasje","<h3>Description</h3><p>Rood, zwart en groen gemêleerd patroon. Het model heeft een brede kraag, lange mouwen en een rechte, licht getailleerde pasvorm</p>",published,EUR,100.0,200.0,50.0,50.0,,1,0,,,True,"Mon, 31 Aug 2026 15:00:00 GMT","Wed, 16 Sep 2026 18:42:00 GMT",https://media.app.artisio.co/media/3fc437c0-fdbb-4208-955a-90293eab416d/inventory/b0dc3334-922e-4296-bbb6-2c5f50545bd7/d13fb931-9f7f-4b8a-ac6a-512fb3b15d67/0001_NmKuGD_sm.jpeg;https://media.app.artisio.co/media/3fc437c0-fdbb-4208-955a-90293eab416d/inventory/b0dc3334-922e-4296-bbb6-2c5f50545bd7/c82aad1e-2011-49c6-9451-0358c4f69da7/0002_Tvnynr_sm.jpeg;https://media.app.artisio.co/media/3fc437c0-fdbb-4208-955a-90293eab416d/inventory/b0dc3334-922e-4296-bbb6-2c5f50545bd7/1e3e145e-813e-4491-b051-57600f0d5dfc/0003_GezuoB_sm.jpeg;https://media.app.artisio.co/media/3fc437c0-fdbb-4208-955a-90293eab416d/inventory/b0dc3334-922e-4296-bbb6-2c5f50545bd7/21f7e075-172a-4080-a897-6f9dade261ff/0004_OItEAM_sm.jpeg,4,"{""artist_retail_right"": false, ""comments"": null, ""description"": ""<p>Rood, zwart en groen gemêleerd patroon. Het model heeft een brede kraag, lange mouwen en een rechte, licht getailleerde pasvorm</p>"", ""internal_reference"": null, ""keurkamer"": false, ""literature"": null, ""origin_exhibition_lite"": null, ""period"": null, ""title"": ""Ronald Kolk Amsterdam, een jasje"", ""total"": null, ""weight_size_quality"": null}"
9ebc714b-1a4f-4036-b468-c1a979ec3d21,2333,26-0597/57,5595f3f8-0d21-4337-985c-b62f62070ce9,719,"Juwelen, Horloges & Luxury",Luxury,"Valentino, een trui","Valentino, een trui",<h3>Description</h3><p>Uitgevoerd in zwart cashmere met floraal kanten patroon op de rug.</p>,published,EUR,200.0,400.0,100.0,100.0,,1,0,,,True,"Mon, 31 Aug 2026 15:00:00 GMT","Wed, 16 Sep 2026 18:42:00 GMT",https://media.app.artisio.co/media/3fc437c0-fdbb-4208-955a-90293eab416d/inventory/19bf19ea-d5dd-4f9e-9da1-704b98aad16a/f0e57d86-6491-4a7e-8348-d799f98b9dd7/0001_CUuqTU_sm.jpeg;https://media.app.artisio.co/media/3fc437c0-fdbb-4208-955a-90293eab416d/inventory/19bf19ea-d5dd-4f9e-9da1-704b98aad16a/ce5e503e-c765-426e-a9c3-75123f2ef574/0002_EcGGvE_sm.jpeg;https://media.app.artisio.co/media/3fc437c0-fdbb-4208-955a-90293eab416d/inventory/19bf19ea-d5dd-4f9e-9da1-704b98aad16a/d6e465c2-e19e-4251-976c-32478d59ffb7/0003_FqcTek_sm.jpeg;https://media.app.artisio.co/media/3fc437c0-fdbb-4208-955a-90293eab416d/inventory/19bf19ea-d5dd-4f9e-9da1-704b98aad16a/9166a9c9-5a5a-42c1-bdae-7ad08ae78866/0004_uoCySE_sm.jpeg,4,"{""artist_retail_right"": false, ""comments"": null, ""description"": ""<p>Uitgevoerd in zwart cashmere met floraal kanten patroon op de rug.</p>"", ""internal_reference"": null, ""keurkamer"": false, ""literature"": null, ""origin_exhibition_lite"": null, ""period"": null, ""title"": ""Valentino, een trui"", ""total"": null, ""weight_size_quality"": null}"
749bd37b-830f-4ec4-9ebc-3d7cfd04531a,2334,26-0597/56,5595f3f8-0d21-4337-985c-b62f62070ce9,719,"Juwelen, Horloges & Luxury",Luxury,"Dolce & Gabbana, een jurk","Dolce & Gabbana, een jurk","<h3>Description</h3><p>Uitgevoerd in zijde, met bloemenprint.</p><h3>Weight / Size / Quality</h3>maat 42",published,EUR,100.0,200.0,50.0,50.0,,1,0,,,True,"Mon, 31 Aug 2026 15:00:00 GMT","Wed, 16 Sep 2026 18:42:00 GMT",https://media.app.artisio.co/media/3fc437c0-fdbb-4208-955a-90293eab416d/inventory/3bf9ab94-f383-4743-93d1-0b79ee3d8dab/f84096c6-7f08-4022-be3c-fc8ed7fd9722/0001_rREFtc_sm.jpeg;https://media.app.artisio.co/media/3fc437c0-fdbb-4208-955a-90293eab416d/inventory/3bf9ab94-f383-4743-93d1-0b79ee3d8dab/ad341b89-0666-43d8-b9a4-6462f3351455/0002_YBAtGE_sm.jpeg;https://media.app.artisio.co/media/3fc437c0-fdbb-4208-955a-90293eab416d/inventory/3bf9ab94-f383-4743-93d1-0b79ee3d8dab/38b0b855-ad39-4fae-879f-a36209a840ba/0003_EVsQmL_sm.jpeg;https://media.app.artisio.co/media/3fc437c0-fdbb-4208-955a-90293eab416d/inventory/3bf9ab94-f383-4743-93d1-0b79ee3d8dab/484f5b17-f1f1-44af-928b-3b2222c1629a/0004_CFSeZR_sm.jpeg,4,"{""artist_retail_right"": false, ""comments"": null, ""description"": ""<p>Uitgevoerd in zijde, met bloemenprint.</p>"", ""internal_reference"": null, ""keurkamer"": false, ""literature"": null, ""origin_exhibition_lite"": null, ""period"": null, ""title"": ""Dolce & Gabbana, een jurk"", ""total"": null, ""weight_size_quality"": ""maat 42""}"
ac12d31b-ecd2-486f-90c9-ecf91e890eb7,2335,26-0597/55,5595f3f8-0d21-4337-985c-b62f62070ce9,719,"Juwelen, Horloges & Luxury",Luxury,"Valentino, een jas","Valentino, een jas","<h3>Period</h3>2004<h3>Description</h3><p>Met geruit patroon en vossenbond, collectie Fall/Winter 2004. Het jasje grotendeels uitgevoerd in wol.</p>",published,EUR,500.0,800.0,300.0,300.0,,1,0,,,True,"Mon, 31 Aug 2026 15:00:00 GMT","Wed, 16 Sep 2026 18:42:00 GMT",https://media.app.artisio.co/media/3fc437c0-fdbb-4208-955a-90293eab416d/inventory/58bbdbf0-6d08-42c2-82e3-b76ef996a235/5415bf70-b561-4b91-8aec-6910623773e2/0001_RZcdnA_sm.jpeg;https://media.app.artisio.co/media/3fc437c0-fdbb-4208-955a-90293eab416d/inventory/58bbdbf0-6d08-42c2-82e3-b76ef996a235/e8f2481e-449f-49a7-80c8-bccc6d69b1a2/0002_HZbaxo_sm.jpeg;https://media.app.artisio.co/media/3fc437c0-fdbb-4208-955a-90293eab416d/inventory/58bbdbf0-6d08-42c2-82e3-b76ef996a235/d75b2c90-576d-46a9-81c2-cd757b8e7570/0003_ZUSmgo_sm.jpeg;https://media.app.artisio.co/media/3fc437c0-fdbb-4208-955a-90293eab416d/inventory/58bbdbf0-6d08-42c2-82e3-b76ef996a235/91d0174c-867b-4624-a161-1f24a4246201/0004_dkyvfU_sm.jpeg,4,"{""artist_retail_right"": false, ""comments"": null, ""description"": ""<p>Met geruit patroon en vossenbond, collectie Fall/Winter 2004. Het jasje grotendeels uitgevoerd in wol.</p>"", ""internal_reference"": null, ""keurkamer"": false, ""literature"": null, ""origin_exhibition_lite"": null, ""period"": ""2004"", ""title"": ""Valentino, een jas"", ""total"": null, ""weight_size_quality"": null}"
e2bb4f21-269a-4993-8d9d-d114c70708ba,2336,26-0597/54,5595f3f8-0d21-4337-985c-b62f62070ce9,719,"Juwelen, Horloges & Luxury",Luxury,"Karl Lagerfeld voor Chanel, een vest","Karl Lagerfeld voor Chanel, een vest","<h3>Period</h3>Collectie 2010<h3>Description</h3><p>Zwart mohair en cashmere. Het model met hoge kraag, lange mouwen en een ritssluiting.</p><h3>Weight / Size / Quality</h3>maat 38",published,EUR,500.0,800.0,300.0,300.0,,1,1,300.0,300.0,True,"Mon, 31 Aug 2026 15:00:00 GMT","Wed, 16 Sep 2026 18:42:00 GMT",https://media.app.artisio.co/media/3fc437c0-fdbb-4208-955a-90293eab416d/inventory/0ea7d9f0-5700-4a67-833b-d27912d9f581/ba97057e-1e56-49f7-a3ac-4c6a739f321e/0001_pEILiY_sm.jpeg;https://media.app.artisio.co/media/3fc437c0-fdbb-4208-955a-90293eab416d/inventory/0ea7d9f0-5700-4a67-833b-d27912d9f581/12d22da3-77d4-4be7-8fd6-3f91ea2b6590/0002_ZZDZqX_sm.jpeg;https://media.app.artisio.co/media/3fc437c0-fdbb-4208-955a-90293eab416d/inventory/0ea7d9f0-5700-4a67-833b-d27912d9f581/6a7466e2-a728-4f33-a835-5f38d23d6727/0003_gdPkky_sm.jpeg;https://media.app.artisio.co/media/3fc437c0-fdbb-4208-955a-90293eab416d/inventory/0ea7d9f0-5700-4a67-833b-d27912d9f581/b10e4d57-f6c6-4187-a01b-87a9032760f5/0004_JRxNtE_sm.jpeg;https://media.app.artisio.co/media/3fc437c0-fdbb-4208-955a-90293eab416d/inventory/0ea7d9f0-5700-4a67-833b-d27912d9f581/590d56e2-44e5-406b-b05d-b6a4e297a7bd/0005_seTFmZ_sm.jpeg,5,"{""artist_retail_right"": false, ""comments"": null, ""description"": ""<p>Zwart mohair en cashmere. Het model met hoge kraag, lange mouwen en een ritssluiting.</p>"", ""internal_reference"": null, ""keurkamer"": false, ""literature"": null, ""origin_exhibition_lite"": null, ""period"": ""Collectie 2010"", ""title"": ""Karl Lagerfeld voor Chanel, een vest"", ""total"": null, ""weight_size_quality"": ""maat 38""}"
f963deea-e038-4094-980c-1a2de2595964,2337,26-0597/53,5595f3f8-0d21-4337-985c-b62f62070ce9,719,"Juwelen, Horloges & Luxury",Luxury,"Addy van den Krommenacker, een set van een bolero over een top","Addy van den Krommenacker, een set van een bolero over een top","<h3>Description</h3><p>Tweedelige set, uitgevoerd in zwart. De bolero met openvallende voorzijde met daaronder een transparante mesh-achtige top. Uit de private label collectie.</p><h3>Weight / Size / Quality</h3>maat 44",published,EUR,150.0,250.0,80.0,80.0,,1,0,,,True,"Mon, 31 Aug 2026 15:00:00 GMT","Wed, 16 Sep 2026 18:42:00 GMT",https://media.app.artisio.co/media/3fc437c0-fdbb-4208-955a-90293eab416d/inventory/45eda7f9-0195-46c1-b9f0-86e7f728297c/608983cb-5100-46fc-bf4a-fb97e33c7e8b/0001_HoEUVt_sm.jpeg;https://media.app.artisio.co/media/3fc437c0-fdbb-4208-955a-90293eab416d/inventory/45eda7f9-0195-46c1-b9f0-86e7f728297c/9773f893-28af-455a-b8d3-c895615c0ba4/0002_KrYwWZ_sm.jpeg;https://media.app.artisio.co/media/3fc437c0-fdbb-4208-955a-90293eab416d/inventory/45eda7f9-0195-46c1-b9f0-86e7f728297c/0ffbc7b5-d1c6-4948-9f79-3c0dd3c7fc86/0003_bWooXe_sm.jpeg,3,"{""artist_retail_right"": false, ""comments"": null, ""description"": ""<p>Tweedelige set, uitgevoerd in zwart. De bolero met openvallende voorzijde met daaronder een transparante mesh-achtige top. Uit de private label collectie.</p>"", ""internal_reference"": null, ""keurkamer"": false, ""literature"": null, ""origin_exhibition_lite"": null, ""period"": null, ""title"": ""Addy van den Krommenacker, een set van een bolero over een top"", ""total"": null, ""weight_size_quality"": ""maat 44""}"
1cf8bbf0-61a2-424a-8fb2-33d77d7e347f,2338,26-0597/52,5595f3f8-0d21-4337-985c-b62f62070ce9,719,"Juwelen, Horloges & Luxury",Luxury,"Saint Laurent, een pantalon","Saint Laurent, een pantalon","<h3>Description</h3><p>Uitgevoerd in zwart met elastische tailleband, met rechte, iets taps toelopende pijp en elastische boorden aan de onderzijde. De stof met glitter structuur.&nbsp;</p><h3>Weight / Size / Quality</h3>maat 38",published,EUR,150.0,300.0,92.0,80.0,,1,0,,,True,"Mon, 31 Aug 2026 15:00:00 GMT","Wed, 16 Sep 2026 18:45:00 GMT",https://media.app.artisio.co/media/3fc437c0-fdbb-4208-955a-90293eab416d/inventory/a6ae6e27-e2ba-403a-85fe-fbf738e115cd/616cdedc-116f-4ce4-9561-3d578e79eb0b/0001_aHsxzl_sm.jpeg;https://media.app.artisio.co/media/3fc437c0-fdbb-4208-955a-90293eab416d/inventory/a6ae6e27-e2ba-403a-85fe-fbf738e115cd/8b6711ef-daf0-4fc0-87e1-31ddbca42e87/0002_IxuqkL_sm.jpeg;https://media.app.artisio.co/media/3fc437c0-fdbb-4208-955a-90293eab416d/inventory/a6ae6e27-e2ba-403a-85fe-fbf738e115cd/be2b5663-26c2-48ed-a3b1-bd8a795b9ccd/0003_UNMcsg_sm.jpeg,3,"{""artist_retail_right"": false, ""comments"": null, ""description"": ""<p>Uitgevoerd in zwart met elastische tailleband, met rechte, iets taps toelopende pijp en elastische boorden aan de onderzijde. De stof met glitter structuur.&nbsp;</p>"", ""internal_reference"": null, ""keurkamer"": false, ""literature"": null, ""origin_exhibition_lite"": null, ""period"": null, ""title"": ""Saint Laurent, een pantalon"", ""total"": null, ""weight_size_quality"": ""maat 38""}"
614c118f-93c8-4b51-a590-be36f6c88560,2339,26-0597/51,5595f3f8-0d21-4337-985c-b62f62070ce9,719,"Juwelen, Horloges & Luxury",Luxury,"Saint Laurent, een jumpsuit","Saint Laurent, een jumpsuit","<h3>Description</h3><p>Uitgevoerd in zwart. Mouwloos model met ronde hals en rechte, lange pijp.&nbsp;</p><h3>Weight / Size / Quality</h3>maat 38",published,EUR,200.0,300.0,100.0,100.0,,1,0,,,True,"Mon, 31 Aug 2026 15:00:00 GMT","Wed, 16 Sep 2026 18:45:00 GMT",https://media.app.artisio.co/media/3fc437c0-fdbb-4208-955a-90293eab416d/inventory/0564293d-126a-49bc-9599-2492666c07dc/6d69f2e8-2d06-4a6b-9007-e684defbe4f2/0001_zswSuA_sm.jpeg;https://media.app.artisio.co/media/3fc437c0-fdbb-4208-955a-90293eab416d/inventory/0564293d-126a-49bc-9599-2492666c07dc/b4044bc3-ff37-48fc-8df2-940935be9fe6/0002_dPyFaB_sm.jpeg;https://media.app.artisio.co/media/3fc437c0-fdbb-4208-955a-90293eab416d/inventory/0564293d-126a-49bc-9599-2492666c07dc/1389aa10-659f-49b1-84b7-8ee7cc826da7/0003_HdGghB_sm.jpeg;https://media.app.artisio.co/media/3fc437c0-fdbb-4208-955a-90293eab416d/inventory/0564293d-126a-49bc-9599-2492666c07dc/71d18522-4cc9-4903-a94c-72a87a3dc7e3/0004_IGZknb_sm.jpeg,4,"{""artist_retail_right"": false, ""comments"": null, ""description"": ""<p>Uitgevoerd in zwart. Mouwloos model met ronde hals en rechte, lange pijp.&nbsp;</p>"", ""internal_reference"": null, ""keurkamer"": false, ""literature"": null, ""origin_exhibition_lite"": null, ""period"": null, ""title"": ""Saint Laurent, een jumpsuit"", ""total"": null, ""weight_size_quality"": ""maat 38""}"
c6df1294-dbc3-43a7-b961-5e9319406dcd,2340,26-0597/50,5595f3f8-0d21-4337-985c-b62f62070ce9,719,"Juwelen, Horloges & Luxury",Luxury,"Jean Paul Gaultier Femme, een jurk","Jean Paul Gaultier Femme, een jurk","<h3>Description</h3><p>Uitgevoerd in zwart. Model met ronde hals, korte mouwen en transparante mesh inzet aan de mouwen.&nbsp;</p><h3>Weight / Size / Quality</h3>maat I42",published,EUR,100.0,200.0,50.0,50.0,,1,0,,,True,"Mon, 31 Aug 2026 15:00:00 GMT","Wed, 16 Sep 2026 18:45:00 GMT",https://media.app.artisio.co/media/3fc437c0-fdbb-4208-955a-90293eab416d/inventory/2e437214-ee43-4d67-abb4-d14dc3baa7c3/d5793a82-08f5-497a-82fe-6ca6a7ab34af/0001_pPHCOl_sm.jpeg;https://media.app.artisio.co/media/3fc437c0-fdbb-4208-955a-90293eab416d/inventory/2e437214-ee43-4d67-abb4-d14dc3baa7c3/eb539563-b706-4c07-b564-4c11626dc0f6/0002_tcREcm_sm.jpeg;https://media.app.artisio.co/media/3fc437c0-fdbb-4208-955a-90293eab416d/inventory/2e437214-ee43-4d67-abb4-d14dc3baa7c3/6e72021f-a025-470b-b2c4-9f49dded03df/0003_tepCIa_sm.jpeg;https://media.app.artisio.co/media/3fc437c0-fdbb-4208-955a-90293eab416d/inventory/2e437214-ee43-4d67-abb4-d14dc3baa7c3/576b2981-a87c-4f2b-b4d1-bb7c67bb9295/0004_gZjbzE_sm.jpeg,4,"{""artist_retail_right"": false, ""comments"": null, ""description"": ""<p>Uitgevoerd in zwart. Model met ronde hals, korte mouwen en transparante mesh inzet aan de mouwen.&nbsp;</p>"", ""internal_reference"": null, ""keurkamer"": false, ""literature"": null, ""origin_exhibition_lite"": null, ""period"": null, ""title"": ""Jean Paul Gaultier Femme, een jurk"", ""total"": null, ""weight_size_quality"": ""maat I42""}"
4dfbf24c-ae93-4b0b-ba33-7bf8b66cb389,2341,26-0597/49,5595f3f8-0d21-4337-985c-b62f62070ce9,719,"Juwelen, Horloges & Luxury",Luxury,"Emporio Armani, een blazer","Emporio Armani, een blazer","<h3>Description</h3><p>Uitgevoerd in zwarte velvet stof. Getailleerd kort model met openvallende revers, lange mouwen en een enkele knoopsluiting aan de voorzijde.&nbsp;</p><h3>Weight / Size / Quality</h3>maat 44",published,EUR,100.0,200.0,50.0,50.0,,1,0,,,True,"Mon, 31 Aug 2026 15:00:00 GMT","Wed, 16 Sep 2026 18:45:00 GMT",https://media.app.artisio.co/media/3fc437c0-fdbb-4208-955a-90293eab416d/inventory/f378a1b8-006b-4bd3-981d-193892feb91b/d0b3f173-de23-44ab-9890-257895def397/0001_aPZaHx_sm.jpeg;https://media.app.artisio.co/media/3fc437c0-fdbb-4208-955a-90293eab416d/inventory/f378a1b8-006b-4bd3-981d-193892feb91b/129056c0-1b11-4428-8b81-8da0b3f1491d/0002_bapFdA_sm.jpeg;https://media.app.artisio.co/media/3fc437c0-fdbb-4208-955a-90293eab416d/inventory/f378a1b8-006b-4bd3-981d-193892feb91b/fed8ba27-77d2-4b93-87cd-1e2c4c1ca6e2/0003_tcZXSQ_sm.jpeg;https://media.app.artisio.co/media/3fc437c0-fdbb-4208-955a-90293eab416d/inventory/f378a1b8-006b-4bd3-981d-193892feb91b/d44acfc2-4730-4e39-8e82-ce47bdcabea0/0004_gqDdTC_sm.jpeg,4,"{""artist_retail_right"": false, ""comments"": null, ""description"": ""<p>Uitgevoerd in zwarte velvet stof. Getailleerd kort model met openvallende revers, lange mouwen en een enkele knoopsluiting aan de voorzijde.&nbsp;</p>"", ""internal_reference"": null, ""keurkamer"": false, ""literature"": null, ""origin_exhibition_lite"": null, ""period"": null, ""title"": ""Emporio Armani, een blazer"", ""total"": null, ""weight_size_quality"": ""maat 44""}"
94b94dec-f666-48a8-bbfc-3e9485c0630f,2342,26-0597/48,5595f3f8-0d21-4337-985c-b62f62070ce9,719,"Juwelen, Horloges & Luxury",Luxury,"Chanel, een jasje","Chanel, een jasje","<h3>Description</h3><p>Uitvoering in linnen, in lichte geweven structuur. Model met lange mouwen, knoopsluiting aan de voorzijde en twee opgestikte zakken.&nbsp;</p><h3>Literature</h3><p>Met gebruikssporen</p>",published,EUR,200.0,400.0,100.0,100.0,,1,2,120.0,120.0,True,"Mon, 31 Aug 2026 15:00:00 GMT","Wed, 16 Sep 2026 18:45:00 GMT",https://media.app.artisio.co/media/3fc437c0-fdbb-4208-955a-90293eab416d/inventory/284f961d-5025-468d-9988-9a1302e601f5/5bf7eef6-427c-40e7-96b5-ca0ddb3c93fb/0001_AeKHQn_sm.jpeg;https://media.app.artisio.co/media/3fc437c0-fdbb-4208-955a-90293eab416d/inventory/284f961d-5025-468d-9988-9a1302e601f5/bfcd062c-ee6e-4403-b37f-f6f116801cbd/0002_kfCZRw_sm.jpeg;https://media.app.artisio.co/media/3fc437c0-fdbb-4208-955a-90293eab416d/inventory/284f961d-5025-468d-9988-9a1302e601f5/a34a15c0-8602-45da-aa1f-b1e17f0973e7/0003_xXZEUX_sm.jpeg;https://media.app.artisio.co/media/3fc437c0-fdbb-4208-955a-90293eab416d/inventory/284f961d-5025-468d-9988-9a1302e601f5/1397f432-9e66-4558-afb6-ba1346f9de90/0004_Ctbrsh_sm.jpeg,4,"{""artist_retail_right"": false, ""comments"": null, ""description"": ""<p>Uitvoering in linnen, in lichte geweven structuur. Model met lange mouwen, knoopsluiting aan de voorzijde en twee opgestikte zakken.&nbsp;</p>"", ""internal_reference"": null, ""keurkamer"": false, ""literature"": ""<p>Met gebruikssporen</p>"", ""origin_exhibition_lite"": null, ""period"": null, ""title"": ""Chanel, een jasje"", ""total"": null, ""weight_size_quality"": null}"
543059e6-9621-4c79-a619-729622d53acd,2343,26-0597/47,5595f3f8-0d21-4337-985c-b62f62070ce9,719,"Juwelen, Horloges & Luxury",Luxury,"Frank Govers, een jasje met bontkraag","Frank Govers, een jasje met bontkraag",<h3>Description</h3><p>Het model met brede zwarte bontkraag en bontafwerking aan de manchetten.&nbsp;De buitenzijde uitgevoerd in roze stof met zwart florale velours-print.</p>,published,EUR,100.0,200.0,50.0,50.0,,1,0,,,True,"Mon, 31 Aug 2026 15:00:00 GMT","Wed, 16 Sep 2026 18:45:00 GMT",https://media.app.artisio.co/media/3fc437c0-fdbb-4208-955a-90293eab416d/inventory/3194c0de-9f93-4d06-9229-3527914090f9/6de4ce87-16ed-43ce-912c-7879c11696a4/0001_upCdVa_sm.jpeg;https://media.app.artisio.co/media/3fc437c0-fdbb-4208-955a-90293eab416d/inventory/3194c0de-9f93-4d06-9229-3527914090f9/a8134e33-6468-402e-9543-96182ccb83f2/0002_GUVdDW_sm.jpeg;https://media.app.artisio.co/media/3fc437c0-fdbb-4208-955a-90293eab416d/inventory/3194c0de-9f93-4d06-9229-3527914090f9/b69b002e-f1f5-42b0-b960-36192cf87b4b/0003_pJVXJn_sm.jpeg;https://media.app.artisio.co/media/3fc437c0-fdbb-4208-955a-90293eab416d/inventory/3194c0de-9f93-4d06-9229-3527914090f9/1ad919c3-ed40-430b-9db5-faa8eade9d87/0004_KToVKB_sm.jpeg,4,"{""artist_retail_right"": false, ""comments"": null, ""description"": ""<p>Het model met brede zwarte bontkraag en bontafwerking aan de manchetten.&nbsp;De buitenzijde uitgevoerd in roze stof met zwart florale velours-print.</p>"", ""internal_reference"": null, ""keurkamer"": false, ""literature"": null, ""origin_exhibition_lite"": null, ""period"": null, ""title"": ""Frank Govers, een jasje met bontkraag"", ""total"": null, ""weight_size_quality"": null}"
5d53fc62-e64a-4c1d-8c3a-e0630776d8ff,2344,26-0597/46,5595f3f8-0d21-4337-985c-b62f62070ce9,719,"Juwelen, Horloges & Luxury",Luxury,"Dolce & Gabbana, een jas","Dolce & Gabbana, een jas","<h3>Description</h3><p>Uitgevoerd in zwart met grijze bloemmotieven langs de halslijn, middenvoor, zoom en manchetten.</p><h3>Weight / Size / Quality</h3>maat 42",published,EUR,200.0,400.0,100.0,100.0,,1,0,,,True,"Mon, 31 Aug 2026 15:00:00 GMT","Wed, 16 Sep 2026 18:48:00 GMT",https://media.app.artisio.co/media/3fc437c0-fdbb-4208-955a-90293eab416d/inventory/305b5efc-6e89-492d-acb0-908341816938/2fbe7e84-bdaa-4f70-84c3-49ef0921498e/0001_qGEALy_sm.jpeg;https://media.app.artisio.co/media/3fc437c0-fdbb-4208-955a-90293eab416d/inventory/305b5efc-6e89-492d-acb0-908341816938/c8d6cc2d-1de3-4240-9525-27a79710e88c/0002_aAPMcE_sm.jpeg;https://media.app.artisio.co/media/3fc437c0-fdbb-4208-955a-90293eab416d/inventory/305b5efc-6e89-492d-acb0-908341816938/2b2744b1-eaaa-46e7-bc78-dd41b7d01e1f/0003_nWasXl_sm.jpeg;https://media.app.artisio.co/media/3fc437c0-fdbb-4208-955a-90293eab416d/inventory/305b5efc-6e89-492d-acb0-908341816938/e3c58cb0-e7e9-4bb6-b60c-a10e935cf9f9/0004_nleInm_sm.jpeg,4,"{""artist_retail_right"": false, ""comments"": ""<p>leder?</p>"", ""description"": ""<p>Uitgevoerd in zwart met grijze bloemmotieven langs de halslijn, middenvoor, zoom en manchetten.</p>"", ""internal_reference"": null, ""keurkamer"": false, ""literature"": null, ""origin_exhibition_lite"": null, ""period"": null, ""title"": ""Dolce & Gabbana, een jas"", ""total"": null, ""weight_size_quality"": ""maat 42""}"
6ffb4a6b-b963-4001-aade-de972d7c9ad3,2345,26-0597/45,5595f3f8-0d21-4337-985c-b62f62070ce9,719,"Juwelen, Horloges & Luxury",Luxury,"Chanel, een rok","Chanel, een rok",<h3>Description</h3><p>Uitgevoerd in metallic zilverkleurige stof. Het model heeft een rechte pasvorm.&nbsp;</p><h3>Weight / Size / Quality</h3>maat 36,published,EUR,200.0,400.0,100.0,100.0,,1,1,100.0,100.0,True,"Mon, 31 Aug 2026 15:00:00 GMT","Wed, 16 Sep 2026 18:48:00 GMT",https://media.app.artisio.co/media/3fc437c0-fdbb-4208-955a-90293eab416d/inventory/e087d570-0374-4a53-8433-3813b7bb7108/dce9644d-943d-4eb5-ac03-05f0c572b6f1/0001_upQLIS_sm.jpeg;https://media.app.artisio.co/media/3fc437c0-fdbb-4208-955a-90293eab416d/inventory/e087d570-0374-4a53-8433-3813b7bb7108/2965dd54-43ad-4027-a439-ca10f95073ca/0002_pjDTEJ_sm.jpeg;https://media.app.artisio.co/media/3fc437c0-fdbb-4208-955a-90293eab416d/inventory/e087d570-0374-4a53-8433-3813b7bb7108/63c376e3-c819-46c5-b277-b97e6d66a4d4/0003_GNIxfI_sm.jpeg;https://media.app.artisio.co/media/3fc437c0-fdbb-4208-955a-90293eab416d/inventory/e087d570-0374-4a53-8433-3813b7bb7108/e2250572-b9a5-4cde-b30c-c5e5075a2e4c/0004_EPuDaS_sm.jpeg,4,"{""artist_retail_right"": false, ""comments"": null, ""description"": ""<p>Uitgevoerd in metallic zilverkleurige stof. Het model heeft een rechte pasvorm.&nbsp;</p>"", ""internal_reference"": null, ""keurkamer"": false, ""literature"": null, ""origin_exhibition_lite"": null, ""period"": null, ""title"": ""Chanel, een rok"", ""total"": null, ""weight_size_quality"": ""maat 36""}"
e49bd854-b855-4b9a-b9ff-fc4368ac2acd,2346,26-0597/44,5595f3f8-0d21-4337-985c-b62f62070ce9,719,"Juwelen, Horloges & Luxury",Luxury,"Addy van den Krommenacker, een top","Addy van den Krommenacker, een top","<h3>Description</h3><p>Uitgevoerd in rood transparant kant. Model met lange mouwen, een ronde hals en een aansluitende pasvorm. Het behoort tot de private label collectie.</p>",published,EUR,100.0,350.0,80.0,80.0,,1,0,,,True,"Mon, 31 Aug 2026 15:00:00 GMT","Wed, 16 Sep 2026 18:48:00 GMT",https://media.app.artisio.co/media/3fc437c0-fdbb-4208-955a-90293eab416d/inventory/e1291751-5406-4018-890a-4370d4adbd46/29fd765b-7ad3-4e11-adb1-71c9cb5603d4/0001_NOPyCJ_sm.jpeg;https://media.app.artisio.co/media/3fc437c0-fdbb-4208-955a-90293eab416d/inventory/e1291751-5406-4018-890a-4370d4adbd46/d035ece8-d6b5-4a40-a497-4f9b21c9ccdc/0002_wrgdUC_sm.jpeg;https://media.app.artisio.co/media/3fc437c0-fdbb-4208-955a-90293eab416d/inventory/e1291751-5406-4018-890a-4370d4adbd46/1e22992a-254d-4a8c-81c3-fe4056c1cead/0003_RwmvtV_sm.jpeg;https://media.app.artisio.co/media/3fc437c0-fdbb-4208-955a-90293eab416d/inventory/e1291751-5406-4018-890a-4370d4adbd46/3cde4618-e0ff-4a55-bc9c-ac1765dfe743/0004_oPciHN_sm.jpeg,4,"{""artist_retail_right"": false, ""comments"": null, ""description"": ""<p>Uitgevoerd in rood transparant kant. Model met lange mouwen, een ronde hals en een aansluitende pasvorm. Het behoort tot de private label collectie.</p>"", ""internal_reference"": null, ""keurkamer"": false, ""literature"": null, ""origin_exhibition_lite"": null, ""period"": null, ""title"": ""Addy van den Krommenacker, een top"", ""total"": null, ""weight_size_quality"": null}"
b295a8c7-d354-4ffa-9f2b-d96ea4e1f1c1,2347,26-0597/43,5595f3f8-0d21-4337-985c-b62f62070ce9,719,"Juwelen, Horloges & Luxury",Luxury,"Dolce & Gabbana, een jas","Dolce & Gabbana, een jas",<h3>Description</h3><p>Uitgevoerd in wol. Model met rechte pasvorm. De kraag en manchetten van de mouwen uitgevoerd in Mongolian sheepskin en Tibetan lambskin.&nbsp;</p><h3>Weight / Size / Quality</h3>maat 42.Afmetingen: Totale lengte: 77 cm. Schouderbreedte: 43 cm. Mouwlengte: 63 cm.,published,EUR,300.0,500.0,200.0,200.0,,1,0,,,True,"Mon, 31 Aug 2026 15:00:00 GMT","Wed, 16 Sep 2026 18:48:00 GMT",https://media.app.artisio.co/media/3fc437c0-fdbb-4208-955a-90293eab416d/inventory/e6848bba-51cf-4037-aa9c-4485d1713ae3/5c54f25c-13d3-48b1-9d43-a443a4cb716a/0001_KsXzIq_sm.jpeg;https://media.app.artisio.co/media/3fc437c0-fdbb-4208-955a-90293eab416d/inventory/e6848bba-51cf-4037-aa9c-4485d1713ae3/6481adc5-973f-41d1-9f6c-6200887142b3/0002_rVMPTY_sm.jpeg;https://media.app.artisio.co/media/3fc437c0-fdbb-4208-955a-90293eab416d/inventory/e6848bba-51cf-4037-aa9c-4485d1713ae3/0e49bb53-2ac6-4778-ba24-c5d3fc211f4f/0003_qNplly_sm.jpeg;https://media.app.artisio.co/media/3fc437c0-fdbb-4208-955a-90293eab416d/inventory/e6848bba-51cf-4037-aa9c-4485d1713ae3/d483d82a-4470-4a23-a497-31d376eba11e/0004_LhIilO_sm.jpeg,4,"{""artist_retail_right"": false, ""comments"": null, ""description"": ""<p>Uitgevoerd in wol. Model met rechte pasvorm. De kraag en manchetten van de mouwen uitgevoerd in Mongolian sheepskin en Tibetan lambskin.&nbsp;</p>"", ""internal_reference"": null, ""keurkamer"": false, ""literature"": null, ""origin_exhibition_lite"": null, ""period"": null, ""title"": ""Dolce & Gabbana, een jas"", ""total"": null, ""weight_size_quality"": ""maat 42.Afmetingen: Totale lengte: 77 cm. Schouderbreedte: 43 cm. Mouwlengte: 63 cm.""}"
7e2bfa2d-a7f2-4393-b89c-f04f32e449bc,2348,26-0597/42,5595f3f8-0d21-4337-985c-b62f62070ce9,719,"Juwelen, Horloges & Luxury",Luxury,"Dolce & Gabbana, een mantelpak met bontkraag","Dolce & Gabbana, een mantelpak met bontkraag",<h3>Description</h3><p>Set bestaande uit een wollen rok en een bijpassend jack. Het jack heeft een zwarte wolstructuur met grote bontkraag.&nbsp;</p><h3>Weight / Size / Quality</h3>maat 42. Afmetingen Jas: Totale lengte: 65 cm. Schouderbreedte: 47 cm. Mouwlengte: 68 cm. Afmetingen rok: Totale lengte: 47 cm. Taille: 34 cm.,published,EUR,350.0,700.0,200.0,200.0,,1,0,,,True,"Mon, 31 Aug 2026 15:00:00 GMT","Wed, 16 Sep 2026 18:48:00 GMT",https://media.app.artisio.co/media/3fc437c0-fdbb-4208-955a-90293eab416d/inventory/626f611a-9a61-47e7-acdf-1c8b03d6cee5/6ce59f94-b67c-4b97-a852-588adc662974/0001_IiBkwc_sm.jpeg;https://media.app.artisio.co/media/3fc437c0-fdbb-4208-955a-90293eab416d/inventory/626f611a-9a61-47e7-acdf-1c8b03d6cee5/e0f174b5-61df-41c4-ba82-e765eaf7c4f1/0002_pqIgUG_sm.jpeg;https://media.app.artisio.co/media/3fc437c0-fdbb-4208-955a-90293eab416d/inventory/626f611a-9a61-47e7-acdf-1c8b03d6cee5/04c0a078-f920-431a-b65d-9e044ec0b530/0003_moouxR_sm.jpeg;https://media.app.artisio.co/media/3fc437c0-fdbb-4208-955a-90293eab416d/inventory/626f611a-9a61-47e7-acdf-1c8b03d6cee5/ecbfc1be-ade4-4170-abcf-f39f2e5bb374/0004_tYSQra_sm.jpeg,4,"{""artist_retail_right"": false, ""comments"": null, ""description"": ""<p>Set bestaande uit een wollen rok en een bijpassend jack. Het jack heeft een zwarte wolstructuur met grote bontkraag.&nbsp;</p>"", ""internal_reference"": null, ""keurkamer"": false, ""literature"": null, ""origin_exhibition_lite"": null, ""period"": null, ""title"": ""Dolce & Gabbana, een mantelpak met bontkraag"", ""total"": null, ""weight_size_quality"": ""maat 42. Afmetingen Jas: Totale lengte: 65 cm. Schouderbreedte: 47 cm. Mouwlengte: 68 cm. Afmetingen rok: Totale lengte: 47 cm. Taille: 34 cm.""}"
6e76466c-0994-4f17-9b80-39d361964f49,2349,26-0597/41,5595f3f8-0d21-4337-985c-b62f62070ce9,719,"Juwelen, Horloges & Luxury",Luxury,"Saint Laurent, een sjaal","Saint Laurent, een sjaal",<h3>Description</h3><p>Uitgevoerd in ivoorkleurig zijde met franje.</p>,published,EUR,50.0,100.0,35.0,35.0,,1,1,35.0,35.0,True,"Mon, 31 Aug 2026 15:00:00 GMT","Wed, 16 Sep 2026 18:48:00 GMT",https://media.app.artisio.co/media/3fc437c0-fdbb-4208-955a-90293eab416d/inventory/7bd24ddb-2686-4570-95db-e7a022b58194/570b5760-12c7-44f4-a4d4-fe0677639846/0001_oqXVar_sm.jpeg;https://media.app.artisio.co/media/3fc437c0-fdbb-4208-955a-90293eab416d/inventory/7bd24ddb-2686-4570-95db-e7a022b58194/77e9516e-147c-4b3d-979c-62d5fd386872/0003_AxtPbQ_sm.jpeg,2,"{""artist_retail_right"": false, ""comments"": null, ""description"": ""<p>Uitgevoerd in ivoorkleurig zijde met franje.</p>"", ""internal_reference"": null, ""keurkamer"": false, ""literature"": null, ""origin_exhibition_lite"": null, ""period"": null, ""title"": ""Saint Laurent, een sjaal"", ""total"": null, ""weight_size_quality"": null}"
502fd116-8ea8-4978-9447-58ee1faf7ef0,2350,26-0746/6,5595f3f8-0d21-4337-985c-b62f62070ce9,719,"Juwelen, Horloges & Luxury",Luxury,"Hester van Eeghen, een Bon Bon bag, hierbij 'One thousand and one handbags - a pop up book, Hester van Eeghen & David A. Carter'","Hester van Eeghen, een Bon Bon bag, hierbij 'One thousand and one handbags - a pop up book, Hester van Eeghen & David A. Carter'","<h3>Description</h3><p>Paars en geel lederen handtas, met verchroomd metalen greep, met dustbag. Het boek in oorspronkelijke omslag. Uitgave ter gelegenheid van Hester van Eeghen's 30-jarige jubileum als ontwerpster, 2018</p>",published,EUR,80.0,120.0,50.0,50.0,,1,1,50.0,50.0,True,"Mon, 31 Aug 2026 15:00:00 GMT","Wed, 16 Sep 2026 18:51:00 GMT",https://media.app.artisio.co/media/3fc437c0-fdbb-4208-955a-90293eab416d/inventory/76ec06df-22ca-41b9-a97a-99dcdd0a8148/236c5952-100a-43bd-8ea9-ba3b264f8809/0001_Poqqyy_sm.jpeg;https://media.app.artisio.co/media/3fc437c0-fdbb-4208-955a-90293eab416d/inventory/76ec06df-22ca-41b9-a97a-99dcdd0a8148/9d756ad1-edea-4f59-aa5e-7f0872b2e507/0002_Anhcch_sm.jpeg;https://media.app.artisio.co/media/3fc437c0-fdbb-4208-955a-90293eab416d/inventory/76ec06df-22ca-41b9-a97a-99dcdd0a8148/b79c73ee-3958-4139-ab62-7bc68900c91c/0003_gxJRVo_sm.jpeg;https://media.app.artisio.co/media/3fc437c0-fdbb-4208-955a-90293eab416d/inventory/76ec06df-22ca-41b9-a97a-99dcdd0a8148/f4f8da4f-1393-48d0-802f-59c72c972e09/0003a_RzAcKB_sm.jpeg;https://media.app.artisio.co/media/3fc437c0-fdbb-4208-955a-90293eab416d/inventory/76ec06df-22ca-41b9-a97a-99dcdd0a8148/32951028-1d9b-4adb-9d77-f671c0563c69/0003b_MVLOap_sm.jpeg;https://media.app.artisio.co/media/3fc437c0-fdbb-4208-955a-90293eab416d/inventory/76ec06df-22ca-41b9-a97a-99dcdd0a8148/d53dfc41-013c-4df3-b03b-7097311c6dd6/0003c_yacEno_sm.jpeg,6,"{""artist_retail_right"": false, ""comments"": null, ""description"": ""<p>Paars en geel lederen handtas, met verchroomd metalen greep, met dustbag. Het boek in oorspronkelijke omslag. Uitgave ter gelegenheid van Hester van Eeghen's 30-jarige jubileum als ontwerpster, 2018</p>"", ""internal_reference"": null, ""keurkamer"": false, ""literature"": null, ""origin_exhibition_lite"": null, ""period"": null, ""title"": ""Hester van Eeghen, een Bon Bon bag, hierbij 'One thousand and one handbags - a pop up book, Hester van Eeghen & David A. Carter'"", ""total"": null, ""weight_size_quality"": null}"
59a18f2f-6f57-471f-9c90-021b749ce4ed,2351,26-0746/5,5595f3f8-0d21-4337-985c-b62f62070ce9,719,"Juwelen, Horloges & Luxury",Luxury,"Jan Jansen, een paar damesschoenen","Jan Jansen, een paar damesschoenen","<h3>Description</h3><p>Fel fuchsia leder, uitgesneden open zijkanten met architectonische houten blokhakken, inclusief originele schoenendoos</p><h3>Weight / Size / Quality</h3>maat 37,5",published,EUR,100.0,150.0,50.0,50.0,,1,0,,,True,"Mon, 31 Aug 2026 15:00:00 GMT","Wed, 16 Sep 2026 18:51:00 GMT",https://media.app.artisio.co/media/3fc437c0-fdbb-4208-955a-90293eab416d/inventory/20846989-42ca-4827-80a8-a190fb8bafbb/1d0b8af4-3c67-41eb-a550-6d42bfd9e188/0001_qowHvJ_sm.jpeg;https://media.app.artisio.co/media/3fc437c0-fdbb-4208-955a-90293eab416d/inventory/20846989-42ca-4827-80a8-a190fb8bafbb/48478a74-8b32-45b9-a307-2f51b09fc714/0002_KlJYKx_sm.jpeg;https://media.app.artisio.co/media/3fc437c0-fdbb-4208-955a-90293eab416d/inventory/20846989-42ca-4827-80a8-a190fb8bafbb/fc359d80-2147-49bf-8af1-3d031cf6f143/0003_cueIvW_sm.jpeg;https://media.app.artisio.co/media/3fc437c0-fdbb-4208-955a-90293eab416d/inventory/20846989-42ca-4827-80a8-a190fb8bafbb/c899c1c6-daec-4cc6-bf9e-18bdaa41cf0e/0004_cPTrnY_sm.jpeg,4,"{""artist_retail_right"": false, ""comments"": null, ""description"": ""<p>Fel fuchsia leder, uitgesneden open zijkanten met architectonische houten blokhakken, inclusief originele schoenendoos</p>"", ""internal_reference"": null, ""keurkamer"": false, ""literature"": null, ""origin_exhibition_lite"": null, ""period"": null, ""title"": ""Jan Jansen, een paar damesschoenen"", ""total"": null, ""weight_size_quality"": ""maat 37,5""}"
6e970a16-bd43-480f-83f3-d6a92173c980,2352,26-0746/4,5595f3f8-0d21-4337-985c-b62f62070ce9,719,"Juwelen, Horloges & Luxury",Luxury,"Yves Saint Laurent, een 'Briefcase' tas","Yves Saint Laurent, een 'Briefcase' tas",<h3>Description</h3><p>Navy leder met verguld metalen applique ‘YSL’</p>,published,EUR,200.0,300.0,100.0,100.0,,1,3,140.0,140.0,True,"Mon, 31 Aug 2026 15:00:00 GMT","Wed, 16 Sep 2026 18:51:00 GMT",https://media.app.artisio.co/media/3fc437c0-fdbb-4208-955a-90293eab416d/inventory/2a5386ea-e0e1-45e6-b9c2-d57c2b77191c/99a0e947-a246-4611-9ec9-004775c5621e/0001_vtHlnE_sm.jpeg;https://media.app.artisio.co/media/3fc437c0-fdbb-4208-955a-90293eab416d/inventory/2a5386ea-e0e1-45e6-b9c2-d57c2b77191c/92fca762-67fb-45e4-ba31-053a4268e3ce/0002_MEslqb_sm.jpeg;https://media.app.artisio.co/media/3fc437c0-fdbb-4208-955a-90293eab416d/inventory/2a5386ea-e0e1-45e6-b9c2-d57c2b77191c/56456496-86e7-4566-8e8c-3855f0de2c03/0003_YHGtCR_sm.jpeg;https://media.app.artisio.co/media/3fc437c0-fdbb-4208-955a-90293eab416d/inventory/2a5386ea-e0e1-45e6-b9c2-d57c2b77191c/ed09bea9-84a1-4e76-ac4f-f8a527d31179/0004_JjJlgX_sm.jpeg,4,"{""artist_retail_right"": false, ""comments"": null, ""description"": ""<p>Navy leder met verguld metalen applique ‘YSL’</p>"", ""internal_reference"": null, ""keurkamer"": false, ""literature"": null, ""origin_exhibition_lite"": null, ""period"": null, ""title"": ""Yves Saint Laurent, een 'Briefcase' tas"", ""total"": null, ""weight_size_quality"": null}"
87728c60-48ff-4115-af10-73892ec348fe,2353,26-0746/3,5595f3f8-0d21-4337-985c-b62f62070ce9,719,"Juwelen, Horloges & Luxury",Luxury,"Yves Saint Laurent, een handtas","Yves Saint Laurent, een handtas",<h3>Period</h3>Jaren '80/'90<h3>Description</h3><p>Cognac bruin lederen bowling/dome bag met uitgesneden witte Y-motieven langs de onderrand en een grote vergulde Cassandra/YSL hanger aan de rits.</p>,published,EUR,200.0,300.0,100.0,100.0,,1,1,100.0,100.0,True,"Mon, 31 Aug 2026 15:00:00 GMT","Wed, 16 Sep 2026 18:51:00 GMT",https://media.app.artisio.co/media/3fc437c0-fdbb-4208-955a-90293eab416d/inventory/d070bbde-a833-44db-9c38-cb1f53bc459e/7631da8f-c222-4a5a-8fe5-fcd62b10be7c/0001_Icykxy_sm.jpeg;https://media.app.artisio.co/media/3fc437c0-fdbb-4208-955a-90293eab416d/inventory/d070bbde-a833-44db-9c38-cb1f53bc459e/de33b8c4-7368-485a-a4cb-65e89cdd1f64/0002_KOEQDq_sm.jpeg;https://media.app.artisio.co/media/3fc437c0-fdbb-4208-955a-90293eab416d/inventory/d070bbde-a833-44db-9c38-cb1f53bc459e/083b0de2-8248-4fd9-b75c-5b7c1361f769/0003_aZiNBa_sm.jpeg,3,"{""artist_retail_right"": false, ""comments"": null, ""description"": ""<p>Cognac bruin lederen bowling/dome bag met uitgesneden witte Y-motieven langs de onderrand en een grote vergulde Cassandra/YSL hanger aan de rits.</p>"", ""internal_reference"": null, ""keurkamer"": false, ""literature"": null, ""origin_exhibition_lite"": null, ""period"": ""Jaren '80/'90"", ""title"": ""Yves Saint Laurent, een handtas"", ""total"": null, ""weight_size_quality"": null}"
a33b70b7-0c10-412f-b487-4da687801df2,2354,26-0746/2,5595f3f8-0d21-4337-985c-b62f62070ce9,719,"Juwelen, Horloges & Luxury",Luxury,"Hester van Eeghen, een schoudertas","Hester van Eeghen, een schoudertas","<h3>Description</h3><p>Zwart, geel en turquoise leder, met ponyvacht, met dustbag.</p>",published,EUR,50.0,80.0,35.0,35.0,,1,1,35.0,35.0,True,"Mon, 31 Aug 2026 15:00:00 GMT","Wed, 16 Sep 2026 18:51:00 GMT",https://media.app.artisio.co/media/3fc437c0-fdbb-4208-955a-90293eab416d/inventory/93e4fed5-e31d-46ef-83c6-72a1e6ae7107/2a15c6c6-abd9-49ee-b884-c5e10b51586e/0001_LNpOVj_sm.jpeg;https://media.app.artisio.co/media/3fc437c0-fdbb-4208-955a-90293eab416d/inventory/93e4fed5-e31d-46ef-83c6-72a1e6ae7107/533c2f7c-bb8b-4305-b6a1-341c7ca0532b/0002_OtfQFP_sm.jpeg;https://media.app.artisio.co/media/3fc437c0-fdbb-4208-955a-90293eab416d/inventory/93e4fed5-e31d-46ef-83c6-72a1e6ae7107/5eb29699-dff0-4be1-a1a9-ce3744153480/0003_sAxHOt_sm.jpeg,3,"{""artist_retail_right"": false, ""comments"": null, ""description"": ""<p>Zwart, geel en turquoise leder, met ponyvacht, met dustbag.</p>"", ""internal_reference"": null, ""keurkamer"": false, ""literature"": null, ""origin_exhibition_lite"": null, ""period"": null, ""title"": ""Hester van Eeghen, een schoudertas"", ""total"": null, ""weight_size_quality"": null}"
d92d4c50-8ee3-44ae-9746-807796d05482,2356,26-0860/12,5595f3f8-0d21-4337-985c-b62f62070ce9,719,"Juwelen, Horloges & Luxury",Luxury,"Oso couture, een jurk","Oso couture, een jurk","<h3>Description</h3><p>Oso couture, een witte jurk met bloemetjes het is een mouwloos model. Behoort tot de collectie Pia Douwes.</p>",published,EUR,200.0,400.0,200.0,200.0,,1,0,,,True,"Mon, 31 Aug 2026 15:00:00 GMT","Wed, 16 Sep 2026 18:51:00 GMT",https://media.app.artisio.co/media/3fc437c0-fdbb-4208-955a-90293eab416d/inventory/c95c9dba-2c8b-4d39-9164-3831697fa268/cd7f091b-9eb3-4b32-8077-ef55d3f18995/0001_kfHRKt_sm.jpeg;https://media.app.artisio.co/media/3fc437c0-fdbb-4208-955a-90293eab416d/inventory/c95c9dba-2c8b-4d39-9164-3831697fa268/20ac0759-1e0d-48fa-ab5c-904d9d5659ee/0002_saFKxa_sm.jpeg;https://media.app.artisio.co/media/3fc437c0-fdbb-4208-955a-90293eab416d/inventory/c95c9dba-2c8b-4d39-9164-3831697fa268/6f301903-a6db-47d8-8dea-26621800633b/0003_qtjaSg_sm.jpeg,3,"{""artist_retail_right"": false, ""comments"": ""<p>https://preview-eu.wetransfer.net/transfer/f508e42c1c54fb16cf2ff40dbf36fada20260824073109/hl-76031258273/default/preview.webp?Expires=1787666506&Key-Pair-Id=K2SVF85QSYV5SB&Signature=GCxnXC6T09T1v0fKyqguS1Fk~RBX-SQrTWsdp49CTEC0RUewfJVN0Z9gjNXrMucBFGqVXnB1S-1xdHy9Al1cXeHwyrs~11n2dfJ9RP7pNYgqEajD2P5gkGd1mt4lJ0sapIOsbqvN68rt3nuMPa-ZySRpK-r5WhTtpQtUvKe4PqsRkRH2WymaYq9o6ELn0vvYPzD3hzt1veYRv8Fgii3SmE4Eydu~eoqMCv1hXfdkwdZR4N-Vs7sTdo0wwthlFQ-mJgobXzyRsKiuOLOY2bNPkmCQngoyzzDk4le8khPXxUvZOXx5f-Y6cwswgNkdZHtK3X7V-pvfKSyNdmFQQzUClA__</p>"", ""description"": ""<p>Oso couture, een witte jurk met bloemetjes het is een mouwloos model. Behoort tot de collectie Pia Douwes.</p>"", ""internal_reference"": null, ""keurkamer"": false, ""literature"": null, ""origin_exhibition_lite"": null, ""period"": null, ""title"": ""Oso couture, een jurk"", ""total"": null, ""weight_size_quality"": null}"
9bc856c5-fa55-4806-825a-a92e0c959b1d,2357,26-0860/11,5595f3f8-0d21-4337-985c-b62f62070ce9,719,"Juwelen, Horloges & Luxury",Luxury,"Nana Kuckuck, een jurk","Nana Kuckuck, een jurk","<h3>Description</h3><p>Nana Kuckuck duitse Couture, een avondjurk, terra/stola. Behoort tot de collectie Pia Douwes.</p>",published,EUR,200.0,400.0,200.0,200.0,,1,0,,,True,"Mon, 31 Aug 2026 15:00:00 GMT","Wed, 16 Sep 2026 18:54:00 GMT",https://media.app.artisio.co/media/3fc437c0-fdbb-4208-955a-90293eab416d/inventory/3e138b47-3368-46f9-95ee-fb5f21398362/b0f6602a-2619-43cd-bc43-cd13eb156c33/0001_yhUqul_sm.jpeg;https://media.app.artisio.co/media/3fc437c0-fdbb-4208-955a-90293eab416d/inventory/3e138b47-3368-46f9-95ee-fb5f21398362/d792dc1c-ad88-4195-9219-2cc7ff4c70d1/0002_hmFTho_sm.jpeg;https://media.app.artisio.co/media/3fc437c0-fdbb-4208-955a-90293eab416d/inventory/3e138b47-3368-46f9-95ee-fb5f21398362/e9a7be83-1da2-4c57-9ed9-7a48a1e10887/0003_jjJwvt_sm.jpeg,3,"{""artist_retail_right"": false, ""comments"": null, ""description"": ""<p>Nana Kuckuck duitse Couture, een avondjurk, terra/stola. Behoort tot de collectie Pia Douwes.</p>"", ""internal_reference"": null, ""keurkamer"": false, ""literature"": null, ""origin_exhibition_lite"": null, ""period"": """", ""title"": ""Nana Kuckuck, een jurk"", ""total"": null, ""weight_size_quality"": null}"
21f2db1b-1d2b-455b-bef3-3c5950696c8a,2358,26-0860/10,5595f3f8-0d21-4337-985c-b62f62070ce9,719,"Juwelen, Horloges & Luxury",Luxury,"Monique Collignon, een rok","Monique Collignon, een rok",<h3>Description</h3><p>Monique Collignon een bruine avondrok. Behoort to de collectie Pia Douwes.</p>,published,EUR,200.0,400.0,200.0,200.0,,1,0,,,True,"Mon, 31 Aug 2026 15:00:00 GMT","Wed, 16 Sep 2026 18:54:00 GMT",https://media.app.artisio.co/media/3fc437c0-fdbb-4208-955a-90293eab416d/inventory/4c591903-28d3-4067-8655-7bdfaaed0aef/d7fc876e-b21b-41bb-bd31-26b8ca566ca6/0001_axxrrt_sm.jpeg;https://media.app.artisio.co/media/3fc437c0-fdbb-4208-955a-90293eab416d/inventory/4c591903-28d3-4067-8655-7bdfaaed0aef/d3f38a4c-e6fe-452f-862f-f01189f13ef0/0002_lSMiaw_sm.jpeg;https://media.app.artisio.co/media/3fc437c0-fdbb-4208-955a-90293eab416d/inventory/4c591903-28d3-4067-8655-7bdfaaed0aef/89982b7d-436a-4d97-bb74-4150d5432abb/0003_uCVLsX_sm.jpeg;https://media.app.artisio.co/media/3fc437c0-fdbb-4208-955a-90293eab416d/inventory/4c591903-28d3-4067-8655-7bdfaaed0aef/b8141f3d-08c4-49f5-8336-34641afa3113/0004_gIFttU_sm.jpeg,4,"{""artist_retail_right"": false, ""comments"": null, ""description"": ""<p>Monique Collignon een bruine avondrok. Behoort to de collectie Pia Douwes.</p>"", ""internal_reference"": null, ""keurkamer"": false, ""literature"": null, ""origin_exhibition_lite"": null, ""period"": null, ""title"": ""Monique Collignon, een rok"", ""total"": null, ""weight_size_quality"": null}"
1ee90d84-017a-439b-9ad7-4c25db934fe3,2359,26-0860/9,5595f3f8-0d21-4337-985c-b62f62070ce9,719,"Juwelen, Horloges & Luxury",Luxury,"Jaap Rijnbende, een jurk","Jaap Rijnbende, een jurk","<h3>Description</h3><p>Jaap Rijnbende een jurk, met rode details. Behoort tot de Pia Douwes collectie.</p>",published,EUR,200.0,400.0,200.0,200.0,,1,0,,,True,"Mon, 31 Aug 2026 15:00:00 GMT","Wed, 16 Sep 2026 18:54:00 GMT",https://media.app.artisio.co/media/3fc437c0-fdbb-4208-955a-90293eab416d/inventory/d5f56273-21a2-47cf-817d-21101b59977e/0336aa2b-e921-4403-8587-4a5e397fa87b/0001_xKKeCb_sm.jpeg;https://media.app.artisio.co/media/3fc437c0-fdbb-4208-955a-90293eab416d/inventory/d5f56273-21a2-47cf-817d-21101b59977e/7eacfd4b-b54f-4416-b6b2-3dfa30c85ecc/0002_bINeod_sm.jpeg,2,"{""artist_retail_right"": false, ""comments"": null, ""description"": ""<p>Jaap Rijnbende een jurk, met rode details. Behoort tot de Pia Douwes collectie.</p>"", ""internal_reference"": null, ""keurkamer"": false, ""literature"": null, ""origin_exhibition_lite"": null, ""period"": null, ""title"": ""Jaap Rijnbende, een jurk"", ""total"": null, ""weight_size_quality"": null}"
ec5794a8-357b-4f24-b9aa-c24868e41671,2360,26-0860/8,5595f3f8-0d21-4337-985c-b62f62070ce9,719,"Juwelen, Horloges & Luxury",Luxury,"Jaap Rijnbende, een korset en rok met sjaal.","Jaap Rijnbende, een korset en rok met sjaal.","<h3>Description</h3><p>Jaap Rijnbende een Ensemble bestaat uit een korset, rok en sjaal. Behoort tot de collectie Pia Douwes.</p>",published,EUR,200.0,400.0,200.0,200.0,,1,0,,,True,"Mon, 31 Aug 2026 15:00:00 GMT","Wed, 16 Sep 2026 18:54:00 GMT",https://media.app.artisio.co/media/3fc437c0-fdbb-4208-955a-90293eab416d/inventory/af05aa79-a131-4071-bff8-3037f4aa4b47/763e3edc-f1a3-415c-a240-405fd736f30b/0001_qwoHac_sm.jpeg;https://media.app.artisio.co/media/3fc437c0-fdbb-4208-955a-90293eab416d/inventory/af05aa79-a131-4071-bff8-3037f4aa4b47/3e389bdc-c6b2-44c8-948b-c267543f29ab/0002_uRRObR_sm.jpeg,2,"{""artist_retail_right"": false, ""comments"": null, ""description"": ""<p>Jaap Rijnbende een Ensemble bestaat uit een korset, rok en sjaal. Behoort tot de collectie Pia Douwes.</p>"", ""internal_reference"": null, ""keurkamer"": false, ""literature"": null, ""origin_exhibition_lite"": null, ""period"": null, ""title"": ""Jaap Rijnbende, een korset en rok met sjaal."", ""total"": null, ""weight_size_quality"": null}"
442bca34-04f6-454b-b6d0-8e89a1aa7b07,2361,26-0860/7,5595f3f8-0d21-4337-985c-b62f62070ce9,719,"Juwelen, Horloges & Luxury",Luxury,"Jaap Rijnbende, een jurk","Jaap Rijnbende, een jurk","<h3>Description</h3><p>Jaap Rijnbende een avondjurk, blauw/grijs, van tule en mouwloos. Behoort tot de collectie Pia Douwes.</p>",published,EUR,200.0,300.0,200.0,200.0,,1,0,,,True,"Mon, 31 Aug 2026 15:00:00 GMT","Wed, 16 Sep 2026 18:54:00 GMT",https://media.app.artisio.co/media/3fc437c0-fdbb-4208-955a-90293eab416d/inventory/6abbfe12-7a1e-453f-a0bc-4ad044c49e32/fcb1bd0b-4f32-43ac-ada8-3b42a59f214f/0001_BGaoqK_sm.jpeg;https://media.app.artisio.co/media/3fc437c0-fdbb-4208-955a-90293eab416d/inventory/6abbfe12-7a1e-453f-a0bc-4ad044c49e32/55e22e92-fb5c-4058-a27d-28b628cc6a34/0002_krWqLM_sm.jpeg;https://media.app.artisio.co/media/3fc437c0-fdbb-4208-955a-90293eab416d/inventory/6abbfe12-7a1e-453f-a0bc-4ad044c49e32/2d77dbdf-706a-427d-b778-1f3004d41b97/0003_jMMUPt_sm.jpeg,3,"{""artist_retail_right"": false, ""comments"": null, ""description"": ""<p>Jaap Rijnbende een avondjurk, blauw/grijs, van tule en mouwloos. Behoort tot de collectie Pia Douwes.</p>"", ""internal_reference"": null, ""keurkamer"": false, ""literature"": null, ""origin_exhibition_lite"": null, ""period"": null, ""title"": ""Jaap Rijnbende, een jurk"", ""total"": null, ""weight_size_quality"": null}"
f21fb522-d653-4f84-9c71-c8d241af0979,2362,26-0860/6,5595f3f8-0d21-4337-985c-b62f62070ce9,719,"Juwelen, Horloges & Luxury",Luxury,"Monique Collignon, een jurk ","Monique Collignon, een jurk ","<h3>Description</h3><p>Monique Collignon een cocktail jurk, zwart, met pailleten. Behoort tot de collectie Pia Douwes.</p>",published,EUR,200.0,400.0,200.0,200.0,,1,0,,,True,"Mon, 31 Aug 2026 15:00:00 GMT","Wed, 16 Sep 2026 18:54:00 GMT",https://media.app.artisio.co/media/3fc437c0-fdbb-4208-955a-90293eab416d/inventory/9bb237ed-f05c-48e9-acf0-44fe3b549a90/c8cb1dd2-82ce-4e6f-8a85-308e82bac3c6/0001_DmZnTJ_sm.jpeg;https://media.app.artisio.co/media/3fc437c0-fdbb-4208-955a-90293eab416d/inventory/9bb237ed-f05c-48e9-acf0-44fe3b549a90/d5c11e4b-1265-4ccf-82b6-04dbf3065a52/0002_tppyZe_sm.jpeg;https://media.app.artisio.co/media/3fc437c0-fdbb-4208-955a-90293eab416d/inventory/9bb237ed-f05c-48e9-acf0-44fe3b549a90/df5dc13e-9720-44ec-b4f2-6027cdaa07be/0003_nlUtNx_sm.jpeg;https://media.app.artisio.co/media/3fc437c0-fdbb-4208-955a-90293eab416d/inventory/9bb237ed-f05c-48e9-acf0-44fe3b549a90/f1d882ad-9e79-4f51-8479-43efe7391012/0004_nKjAbJ_sm.jpeg,4,"{""artist_retail_right"": false, ""comments"": null, ""description"": ""<p>Monique Collignon een cocktail jurk, zwart, met pailleten. Behoort tot de collectie Pia Douwes.</p>"", ""internal_reference"": null, ""keurkamer"": false, ""literature"": null, ""origin_exhibition_lite"": null, ""period"": null, ""title"": ""Monique Collignon, een jurk "", ""total"": null, ""weight_size_quality"": null}"
4182c1dd-917d-42e2-9579-f17fbd79d51c,2363,26-0860/5,5595f3f8-0d21-4337-985c-b62f62070ce9,719,"Juwelen, Horloges & Luxury",Luxury,"Monique Collignon, een jurk","Monique Collignon, een jurk","<h3>Description</h3><p>Monique Collignon een lange jurk, rood/paars, zijden lint . Behoort tot de collectie Pia Douwes.</p>",published,EUR,200.0,400.0,200.0,200.0,,1,0,,,True,"Mon, 31 Aug 2026 15:00:00 GMT","Wed, 16 Sep 2026 18:57:00 GMT",https://media.app.artisio.co/media/3fc437c0-fdbb-4208-955a-90293eab416d/inventory/8f038352-70bb-46b9-b576-27f08bb8379c/dab4d45a-4ffb-44fa-9530-699199a87837/0001_CWbFMo_sm.jpeg;https://media.app.artisio.co/media/3fc437c0-fdbb-4208-955a-90293eab416d/inventory/8f038352-70bb-46b9-b576-27f08bb8379c/d4fa8c1d-dcca-47b5-bdd7-3b8e0dfb7320/0002_zoNBvp_sm.jpeg;https://media.app.artisio.co/media/3fc437c0-fdbb-4208-955a-90293eab416d/inventory/8f038352-70bb-46b9-b576-27f08bb8379c/fe917578-5629-4891-ae5c-b392c229f512/0003_yadIRx_sm.jpeg;https://media.app.artisio.co/media/3fc437c0-fdbb-4208-955a-90293eab416d/inventory/8f038352-70bb-46b9-b576-27f08bb8379c/893c7363-837c-4c92-bf7f-ae899ab8d813/0004_VtfcAj_sm.jpeg,4,"{""artist_retail_right"": false, ""comments"": null, ""description"": ""<p>Monique Collignon een lange jurk, rood/paars, zijden lint . Behoort tot de collectie Pia Douwes.</p>"", ""internal_reference"": null, ""keurkamer"": false, ""literature"": null, ""origin_exhibition_lite"": null, ""period"": null, ""title"": ""Monique Collignon, een jurk"", ""total"": null, ""weight_size_quality"": null}"
15d9d856-df5d-4b29-b33d-456b6e6ad795,2364,26-0860/4,5595f3f8-0d21-4337-985c-b62f62070ce9,719,"Juwelen, Horloges & Luxury",Luxury,"Monique Collignon, een jurk","Monique Collignon, een jurk","<h3>Description</h3><p>Monique Collignon – lange jurk, paisley, paillet + rode stola. Behoort tot de collectie Pia Douwes.</p>",published,EUR,200.0,400.0,200.0,200.0,,1,0,,,True,"Mon, 31 Aug 2026 15:00:00 GMT","Wed, 16 Sep 2026 18:57:00 GMT",https://media.app.artisio.co/media/3fc437c0-fdbb-4208-955a-90293eab416d/inventory/ad7110ab-46ea-4a05-8c70-1c11423bc1d6/a6d4407c-aaf0-435e-b55e-59f76e765db8/0001_qNiRix_sm.jpeg;https://media.app.artisio.co/media/3fc437c0-fdbb-4208-955a-90293eab416d/inventory/ad7110ab-46ea-4a05-8c70-1c11423bc1d6/38d69852-c20b-4c3b-a217-41e69d04a021/0002_tOaWmn_sm.jpeg;https://media.app.artisio.co/media/3fc437c0-fdbb-4208-955a-90293eab416d/inventory/ad7110ab-46ea-4a05-8c70-1c11423bc1d6/80abd1f8-eae7-4c03-b3ae-eca496a02dea/0003_bhhYTy_sm.jpeg;https://media.app.artisio.co/media/3fc437c0-fdbb-4208-955a-90293eab416d/inventory/ad7110ab-46ea-4a05-8c70-1c11423bc1d6/736732e5-e442-45f7-82ed-216c4d343dae/0004_XEQqXZ_sm.jpeg,4,"{""artist_retail_right"": false, ""comments"": null, ""description"": ""<p>Monique Collignon – lange jurk, paisley, paillet + rode stola. Behoort tot de collectie Pia Douwes.</p>"", ""internal_reference"": null, ""keurkamer"": false, ""literature"": null, ""origin_exhibition_lite"": null, ""period"": null, ""title"": ""Monique Collignon, een jurk"", ""total"": null, ""weight_size_quality"": null}"
545e31b2-6131-4f80-ae25-b3ad52ee8699,2365,26-0860/3,5595f3f8-0d21-4337-985c-b62f62070ce9,719,"Juwelen, Horloges & Luxury",Luxury," Jaap Rijnbende, een jurk"," Jaap Rijnbende, een jurk","<h3>Description</h3><p>&nbsp;Jaap Rijnbende lange jurk, zwart/grijs/goud, paisley uit de collectie Pia Douwes.</p>",published,EUR,200.0,400.0,200.0,200.0,,1,0,,,True,"Mon, 31 Aug 2026 15:00:00 GMT","Wed, 16 Sep 2026 18:57:00 GMT",https://media.app.artisio.co/media/3fc437c0-fdbb-4208-955a-90293eab416d/inventory/d0f6b1c9-c92d-4208-a246-672a42b1c266/b2848717-cedd-4a64-9651-54b555a9b99e/0001_vjQFke_sm.jpeg;https://media.app.artisio.co/media/3fc437c0-fdbb-4208-955a-90293eab416d/inventory/d0f6b1c9-c92d-4208-a246-672a42b1c266/e79fdc8f-f456-4fdc-a2b9-a71942a9d952/0002_vMfpGN_sm.jpeg;https://media.app.artisio.co/media/3fc437c0-fdbb-4208-955a-90293eab416d/inventory/d0f6b1c9-c92d-4208-a246-672a42b1c266/9369f629-07e4-4f50-9127-1956fa054ca7/0003_kdwkzl_sm.jpeg;https://media.app.artisio.co/media/3fc437c0-fdbb-4208-955a-90293eab416d/inventory/d0f6b1c9-c92d-4208-a246-672a42b1c266/581797d6-3dae-4f31-a79e-4e1b39e6569e/0004_zFdEUk_sm.jpeg,4,"{""artist_retail_right"": false, ""comments"": null, ""description"": ""<p>&nbsp;Jaap Rijnbende lange jurk, zwart/grijs/goud, paisley uit de collectie Pia Douwes.</p>"", ""internal_reference"": null, ""keurkamer"": false, ""literature"": null, ""origin_exhibition_lite"": null, ""period"": null, ""title"": "" Jaap Rijnbende, een jurk"", ""total"": null, ""weight_size_quality"": null}"
7d869402-def3-4793-83c5-5922f7f91da4,2366,26-0860/2,5595f3f8-0d21-4337-985c-b62f62070ce9,719,"Juwelen, Horloges & Luxury",Luxury,"Jaap Rijnbende, een jurk","Jaap Rijnbende, een jurk","<h3>Description</h3><p>Jaap Rijnbende, zwarte jurk, pierrotkraag, lang model, sjaal behoort de collectie Pia Douwes</p>",published,EUR,200.0,400.0,200.0,200.0,,1,0,,,True,"Mon, 31 Aug 2026 15:00:00 GMT","Wed, 16 Sep 2026 18:57:00 GMT",https://media.app.artisio.co/media/3fc437c0-fdbb-4208-955a-90293eab416d/inventory/ce3f054e-e82e-40c2-8813-ef64e5bfea38/291e9435-8080-4c53-af46-a858248f5560/0001_elKaOK_sm.jpeg;https://media.app.artisio.co/media/3fc437c0-fdbb-4208-955a-90293eab416d/inventory/ce3f054e-e82e-40c2-8813-ef64e5bfea38/79db00fd-bd55-40f3-97e5-54b498d3a48e/0002_lLXlPa_sm.jpeg;https://media.app.artisio.co/media/3fc437c0-fdbb-4208-955a-90293eab416d/inventory/ce3f054e-e82e-40c2-8813-ef64e5bfea38/d29220bc-6fc5-4f49-a276-31542c9b8442/0003_CLxBkp_sm.jpeg;https://media.app.artisio.co/media/3fc437c0-fdbb-4208-955a-90293eab416d/inventory/ce3f054e-e82e-40c2-8813-ef64e5bfea38/6085034a-5de2-4eec-952d-b1f4d35d309f/0004_IYivUJ_sm.jpeg,4,"{""artist_retail_right"": false, ""comments"": null, ""description"": ""<p>Jaap Rijnbende, zwarte jurk, pierrotkraag, lang model, sjaal behoort de collectie Pia Douwes</p>"", ""internal_reference"": null, ""keurkamer"": false, ""literature"": null, ""origin_exhibition_lite"": null, ""period"": null, ""title"": ""Jaap Rijnbende, een jurk"", ""total"": null, ""weight_size_quality"": """"}"
82d34564-21cf-47e4-a432-14e111d95acd,2367,26-0860/1,5595f3f8-0d21-4337-985c-b62f62070ce9,719,"Juwelen, Horloges & Luxury",Luxury,"Oso Couture, een pak","Oso Couture, een pak","<h3>Description</h3><p>Een zwart pak van Oso Couture, het jasje is met één knoop behoort tot de Collectie Pia Douwes.</p>",published,EUR,200.0,400.0,200.0,200.0,,1,0,,,True,"Mon, 31 Aug 2026 15:00:00 GMT","Wed, 16 Sep 2026 18:57:00 GMT",https://media.app.artisio.co/media/3fc437c0-fdbb-4208-955a-90293eab416d/inventory/08298832-145d-48fe-82c5-7cf22a3d4027/ae02dc7a-3f42-42b7-84c5-e2b61c217720/0001_ZmcMhp_sm.jpeg;https://media.app.artisio.co/media/3fc437c0-fdbb-4208-955a-90293eab416d/inventory/08298832-145d-48fe-82c5-7cf22a3d4027/47eeea56-eb7e-41e9-99ce-6f1baa6b25fc/0002_FLhIXW_sm.jpeg;https://media.app.artisio.co/media/3fc437c0-fdbb-4208-955a-90293eab416d/inventory/08298832-145d-48fe-82c5-7cf22a3d4027/0300691c-550c-496b-845b-2517260d1b15/0003_GhZXYX_sm.jpeg;https://media.app.artisio.co/media/3fc437c0-fdbb-4208-955a-90293eab416d/inventory/08298832-145d-48fe-82c5-7cf22a3d4027/d7555108-ea36-4f7e-834f-fd72188a54ea/0004_OBoUPK_sm.jpeg,4,"{""artist_retail_right"": false, ""comments"": null, ""description"": ""<p>Een zwart pak van Oso Couture, het jasje is met één knoop behoort tot de Collectie Pia Douwes.</p>"", ""internal_reference"": null, ""keurkamer"": false, ""literature"": null, ""origin_exhibition_lite"": null, ""period"": """", ""title"": ""Oso Couture, een pak"", ""total"": null, ""weight_size_quality"": null}"
1279d66c-4704-4175-b57c-2aa1cb745cda,2368,26-0597/40,5595f3f8-0d21-4337-985c-b62f62070ce9,719,"Juwelen, Horloges & Luxury",Luxury,"Hermès, een sjaal","Hermès, een sjaal",<h3>Description</h3><p>De grote sjaal of stola met patroon van brede diagonale banen in taupe en ecru. Uitgevoerd in zijde; de randen zijn met de hand omgerold.&nbsp;</p><h3>Literature</h3><p>Met vlekje</p>,published,EUR,70.0,100.0,50.0,50.0,,1,0,,,True,"Mon, 31 Aug 2026 15:00:00 GMT","Wed, 16 Sep 2026 18:57:00 GMT",https://media.app.artisio.co/media/3fc437c0-fdbb-4208-955a-90293eab416d/inventory/6b3e89d6-a7ba-41d1-b971-19fc36951fe4/d3d89d92-8b45-453e-b94c-8226222790c6/0001_dOqqRL_sm.jpeg;https://media.app.artisio.co/media/3fc437c0-fdbb-4208-955a-90293eab416d/inventory/6b3e89d6-a7ba-41d1-b971-19fc36951fe4/a9c84418-5204-42cc-a593-a3bf5898f65b/0002_oJYfzH_sm.jpeg;https://media.app.artisio.co/media/3fc437c0-fdbb-4208-955a-90293eab416d/inventory/6b3e89d6-a7ba-41d1-b971-19fc36951fe4/90906959-d86e-4028-8c8f-5066a1c3d33e/0003_Akzcul_sm.jpeg,3,"{""artist_retail_right"": false, ""comments"": null, ""description"": ""<p>De grote sjaal of stola met patroon van brede diagonale banen in taupe en ecru. Uitgevoerd in zijde; de randen zijn met de hand omgerold.&nbsp;</p>"", ""internal_reference"": null, ""keurkamer"": false, ""literature"": ""<p>Met vlekje</p>"", ""origin_exhibition_lite"": null, ""period"": null, ""title"": ""Hermès, een sjaal"", ""total"": null, ""weight_size_quality"": null}"
86f26f35-5507-4e7c-8933-2a9726548f72,2369,26-0597/39,5595f3f8-0d21-4337-985c-b62f62070ce9,719,"Juwelen, Horloges & Luxury",Luxury,"Eric Bompard, een rok","Eric Bompard, een rok",<h3>Description</h3><p>Uitgevoerd in ivoorkleurig zijde. Geplooid model.</p><h3>Weight / Size / Quality</h3>maat M,published,EUR,50.0,100.0,35.0,35.0,,1,0,,,True,"Mon, 31 Aug 2026 15:00:00 GMT","Wed, 16 Sep 2026 19:00:00 GMT",https://media.app.artisio.co/media/3fc437c0-fdbb-4208-955a-90293eab416d/inventory/a0608d69-f2c3-4657-8542-b6ceecc6a29c/f0a008d8-7b04-44c0-b894-0f6bdbd130c2/0001_TKmjRd_sm.jpeg;https://media.app.artisio.co/media/3fc437c0-fdbb-4208-955a-90293eab416d/inventory/a0608d69-f2c3-4657-8542-b6ceecc6a29c/1be8ed3f-7ea4-4151-a689-2e1b4b8dfd42/0002_apSnwr_sm.jpeg;https://media.app.artisio.co/media/3fc437c0-fdbb-4208-955a-90293eab416d/inventory/a0608d69-f2c3-4657-8542-b6ceecc6a29c/84f58d59-b083-4286-93f8-aa22d7e880e6/0003_JAvzFb_sm.jpeg;https://media.app.artisio.co/media/3fc437c0-fdbb-4208-955a-90293eab416d/inventory/a0608d69-f2c3-4657-8542-b6ceecc6a29c/9c6baaf3-fff0-41a8-8fb9-c5223b4b7b7e/0004_dzTfeW_sm.jpeg,4,"{""artist_retail_right"": false, ""comments"": null, ""description"": ""<p>Uitgevoerd in ivoorkleurig zijde. Geplooid model.</p>"", ""internal_reference"": null, ""keurkamer"": false, ""literature"": null, ""origin_exhibition_lite"": null, ""period"": null, ""title"": ""Eric Bompard, een rok"", ""total"": null, ""weight_size_quality"": ""maat M""}"
bd10ebb9-22d3-4684-b56f-0ae907df4d87,2370,26-0597/38,5595f3f8-0d21-4337-985c-b62f62070ce9,719,"Juwelen, Horloges & Luxury",Luxury,"Jan Taminiau, een blouse ","Jan Taminiau, een blouse ","<h3>Description</h3><p>Uitgevoerd in luchtige zijde/chiffon. Het model met puntkraag, met een verdekte knoopsluiting aan de voorzijde en met lange mouwen. Met ruime, uitwaaierende A-lijn en een asymmetrische, langer vallende zakdoekzoom aan de zijkanten.</p>",published,EUR,100.0,250.0,80.0,80.0,,1,0,,,True,"Mon, 31 Aug 2026 15:00:00 GMT","Wed, 16 Sep 2026 19:00:00 GMT",https://media.app.artisio.co/media/3fc437c0-fdbb-4208-955a-90293eab416d/inventory/9c846565-5450-4df2-8a9f-5fcff299968a/00ff89b6-8cd8-4978-b082-7b3c9614a7f7/0001_HKdEhC_sm.jpeg;https://media.app.artisio.co/media/3fc437c0-fdbb-4208-955a-90293eab416d/inventory/9c846565-5450-4df2-8a9f-5fcff299968a/8f862de3-4d26-476c-b333-9547b1640b3e/0002_EjbqxV_sm.jpeg;https://media.app.artisio.co/media/3fc437c0-fdbb-4208-955a-90293eab416d/inventory/9c846565-5450-4df2-8a9f-5fcff299968a/5fc13eb5-b8c3-498b-9be0-5e27fe8c74da/0003_xsFcla_sm.jpeg;https://media.app.artisio.co/media/3fc437c0-fdbb-4208-955a-90293eab416d/inventory/9c846565-5450-4df2-8a9f-5fcff299968a/ceed8aa5-d6aa-4b37-9391-0bad09ac8d5a/0004_jFAbkn_sm.jpeg,4,"{""artist_retail_right"": false, ""comments"": null, ""description"": ""<p>Uitgevoerd in luchtige zijde/chiffon. Het model met puntkraag, met een verdekte knoopsluiting aan de voorzijde en met lange mouwen. Met ruime, uitwaaierende A-lijn en een asymmetrische, langer vallende zakdoekzoom aan de zijkanten.</p>"", ""internal_reference"": null, ""keurkamer"": false, ""literature"": null, ""origin_exhibition_lite"": null, ""period"": null, ""title"": ""Jan Taminiau, een blouse "", ""total"": null, ""weight_size_quality"": null}"
9780ebcd-bd6b-4af7-a937-80e3d7d92638,2372,26-0597/36,5595f3f8-0d21-4337-985c-b62f62070ce9,719,"Juwelen, Horloges & Luxury",Luxury,"Frans Molenaar, een jas","Frans Molenaar, een jas","<h3>Description</h3><p>Getailleerd model. Uitgevoerd in gemêleerde wol in goud-zwart hanenvoet-/ruitmotief, met glanzend lurex-bouclé (metaaldraad). De ingekeepte kraag afgezet met een goudkleurig sierkoord, de lange mouwen met een split aan de manchet en een korte, heuplange pasvorm.&nbsp;</p><h3>Weight / Size / Quality</h3>op maat gemaakt",published,EUR,80.0,150.0,50.0,50.0,,1,0,,,True,"Mon, 31 Aug 2026 15:00:00 GMT","Wed, 16 Sep 2026 19:00:00 GMT",https://media.app.artisio.co/media/3fc437c0-fdbb-4208-955a-90293eab416d/inventory/35039814-618b-429d-8eb0-8a1b90c24feb/789c6ea6-4ea4-4d2d-af9d-8a960938ce3f/0001_NFWLeJ_sm.jpeg;https://media.app.artisio.co/media/3fc437c0-fdbb-4208-955a-90293eab416d/inventory/35039814-618b-429d-8eb0-8a1b90c24feb/5c194be5-154a-43ce-b067-494f80a75a20/0002_VELiCo_sm.jpeg;https://media.app.artisio.co/media/3fc437c0-fdbb-4208-955a-90293eab416d/inventory/35039814-618b-429d-8eb0-8a1b90c24feb/26afd919-960c-4482-a84c-7932d73d211d/0003_MBWFKF_sm.jpeg;https://media.app.artisio.co/media/3fc437c0-fdbb-4208-955a-90293eab416d/inventory/35039814-618b-429d-8eb0-8a1b90c24feb/8e95b827-8461-486b-a7c2-d8e2c49f548b/0004_MTxmnD_sm.jpeg,4,"{""artist_retail_right"": false, ""comments"": null, ""description"": ""<p>Getailleerd model. Uitgevoerd in gemêleerde wol in goud-zwart hanenvoet-/ruitmotief, met glanzend lurex-bouclé (metaaldraad). De ingekeepte kraag afgezet met een goudkleurig sierkoord, de lange mouwen met een split aan de manchet en een korte, heuplange pasvorm.&nbsp;</p>"", ""internal_reference"": null, ""keurkamer"": false, ""literature"": null, ""origin_exhibition_lite"": null, ""period"": null, ""title"": ""Frans Molenaar, een jas"", ""total"": null, ""weight_size_quality"": ""op maat gemaakt""}"
ff85be02-9dd5-459e-a7ee-92ad954746d5,2373,26-0597/35,5595f3f8-0d21-4337-985c-b62f62070ce9,719,"Juwelen, Horloges & Luxury",Luxury,"Burberry, een overjas","Burberry, een overjas","<h3>Description</h3><p>Uitgevoerd in donkerblauw wol mantel. Rechte, tijdloze snit met een verdekte knoopsluiting, raglanmouwen en een overhemdkraag. Onder de kraag komt de kenmerkende Burberry-ruit tevoorschijn. Knie-/kuitlange lengte.</p>",published,EUR,200.0,400.0,100.0,100.0,,1,0,,,True,"Mon, 31 Aug 2026 15:00:00 GMT","Wed, 16 Sep 2026 19:00:00 GMT",https://media.app.artisio.co/media/3fc437c0-fdbb-4208-955a-90293eab416d/inventory/84306b67-974e-48af-b389-31136cb2d4a4/7ee0b695-729c-498a-9a09-55c19b97a561/0001_ReZZtm_sm.jpeg;https://media.app.artisio.co/media/3fc437c0-fdbb-4208-955a-90293eab416d/inventory/84306b67-974e-48af-b389-31136cb2d4a4/882cc994-fcc2-4f35-88c8-746c4d71c66e/0002_pKIVdZ_sm.jpeg;https://media.app.artisio.co/media/3fc437c0-fdbb-4208-955a-90293eab416d/inventory/84306b67-974e-48af-b389-31136cb2d4a4/c4a6eaf2-3af1-4c0d-b711-abd22f62103f/0003_mXARVg_sm.jpeg,3,"{""artist_retail_right"": false, ""comments"": null, ""description"": ""<p>Uitgevoerd in donkerblauw wol mantel. Rechte, tijdloze snit met een verdekte knoopsluiting, raglanmouwen en een overhemdkraag. Onder de kraag komt de kenmerkende Burberry-ruit tevoorschijn. Knie-/kuitlange lengte.</p>"", ""internal_reference"": null, ""keurkamer"": false, ""literature"": null, ""origin_exhibition_lite"": null, ""period"": null, ""title"": ""Burberry, een overjas"", ""total"": null, ""weight_size_quality"": null}"
802c90f8-7a05-42fc-8326-73f7605a5531,2374,26-0597/34,5595f3f8-0d21-4337-985c-b62f62070ce9,719,"Juwelen, Horloges & Luxury",Luxury,"Saint Laurent Paris, een overhemd","Saint Laurent Paris, een overhemd","<h3>Description</h3><p>Uitgevoerd in zwart met een fijn wit stippenmotief. Het model in western-stijl, met puntkraag, sluiting met parelmoerkleurige drukknopen en twee borstzakken met kleppen en drukknopen.&nbsp;</p><h3>Weight / Size / Quality</h3>maat M",published,EUR,100.0,250.0,80.0,80.0,,1,0,,,True,"Mon, 31 Aug 2026 15:00:00 GMT","Wed, 16 Sep 2026 19:00:00 GMT",https://media.app.artisio.co/media/3fc437c0-fdbb-4208-955a-90293eab416d/inventory/61828a5d-1424-4e97-9784-a0df67701408/c5536e24-7583-4bf8-b199-a2d4c13b23d0/0001_EtzcSl_sm.jpeg;https://media.app.artisio.co/media/3fc437c0-fdbb-4208-955a-90293eab416d/inventory/61828a5d-1424-4e97-9784-a0df67701408/b41e9177-8c1d-4ca1-8a64-12d47b8c1f8b/0002_jmbguv_sm.jpeg;https://media.app.artisio.co/media/3fc437c0-fdbb-4208-955a-90293eab416d/inventory/61828a5d-1424-4e97-9784-a0df67701408/ca2831c2-550e-4b4e-9cb1-babe1b97ae97/0003_gIuUfK_sm.jpeg;https://media.app.artisio.co/media/3fc437c0-fdbb-4208-955a-90293eab416d/inventory/61828a5d-1424-4e97-9784-a0df67701408/8f4d638b-e08f-4921-868c-6f8c5bd3f216/0004_PGkusb_sm.jpeg,4,"{""artist_retail_right"": false, ""comments"": null, ""description"": ""<p>Uitgevoerd in zwart met een fijn wit stippenmotief. Het model in western-stijl, met puntkraag, sluiting met parelmoerkleurige drukknopen en twee borstzakken met kleppen en drukknopen.&nbsp;</p>"", ""internal_reference"": null, ""keurkamer"": false, ""literature"": null, ""origin_exhibition_lite"": null, ""period"": null, ""title"": ""Saint Laurent Paris, een overhemd"", ""total"": null, ""weight_size_quality"": ""maat M""}"
ae7d9d6a-977a-4d37-a426-d06f7b3b6bbf,2375,26-0597/33,5595f3f8-0d21-4337-985c-b62f62070ce9,719,"Juwelen, Horloges & Luxury",Luxury,"Dries van Noten, een rok","Dries van Noten, een rok","<h3>Description</h3><p>Uitgevoerd in zwart katoen. A-lijn model met een brede, omgeslagen tailleband en met ritssluiting aan de achterzijde.</p><p>&nbsp;</p><h3>Weight / Size / Quality</h3>maat 38",published,EUR,100.0,200.0,50.0,50.0,,1,0,,,True,"Mon, 31 Aug 2026 15:00:00 GMT","Wed, 16 Sep 2026 19:00:00 GMT",https://media.app.artisio.co/media/3fc437c0-fdbb-4208-955a-90293eab416d/inventory/8ef70929-2698-4e66-826f-65ff9808bf3a/41a0cdc1-e51a-4591-b096-837e0f84cdec/0001_YmvVwj_sm.jpeg;https://media.app.artisio.co/media/3fc437c0-fdbb-4208-955a-90293eab416d/inventory/8ef70929-2698-4e66-826f-65ff9808bf3a/26e97945-b92d-4a29-9fc7-cd81487a05ab/0002_zHcfhC_sm.jpeg;https://media.app.artisio.co/media/3fc437c0-fdbb-4208-955a-90293eab416d/inventory/8ef70929-2698-4e66-826f-65ff9808bf3a/8d329120-38ac-4cc0-896d-b80c7262908e/0003_izGxGM_sm.jpeg;https://media.app.artisio.co/media/3fc437c0-fdbb-4208-955a-90293eab416d/inventory/8ef70929-2698-4e66-826f-65ff9808bf3a/22ebb18c-a5b0-4ff6-8aac-c52c26eb3fce/0004_mePYdJ_sm.jpeg,4,"{""artist_retail_right"": false, ""comments"": null, ""description"": ""<p>Uitgevoerd in zwart katoen. A-lijn model met een brede, omgeslagen tailleband en met ritssluiting aan de achterzijde.</p><p>&nbsp;</p>"", ""internal_reference"": null, ""keurkamer"": false, ""literature"": null, ""origin_exhibition_lite"": null, ""period"": null, ""title"": ""Dries van Noten, een rok"", ""total"": null, ""weight_size_quality"": ""maat 38""}"
dc168a93-b75d-414f-b608-d47a4d8a53cd,2376,26-0597/32,5595f3f8-0d21-4337-985c-b62f62070ce9,719,"Juwelen, Horloges & Luxury",Luxury,"Torrente Haute Couture Paris, een jurk","Torrente Haute Couture Paris, een jurk",<h3>Description</h3><p>Asymmetrisch model. Uitgevoerd in zwart en wit met grafische print en ruffles ter hoogte van de schouders en aan de onderzijde.</p><h3>Weight / Size / Quality</h3>Afmetingen: Totale lengte: 108 cm. Schouderbreedte: 38 cm. Mouwlengte: 21 cm.,published,EUR,200.0,400.0,100.0,100.0,,1,0,,,True,"Mon, 31 Aug 2026 15:00:00 GMT","Wed, 16 Sep 2026 19:03:00 GMT",https://media.app.artisio.co/media/3fc437c0-fdbb-4208-955a-90293eab416d/inventory/4cf810e4-4dea-42e5-9ec1-97798b235611/a28464ee-7d38-4e2b-982d-03ddd0d6b3d4/0001_tPTilM_sm.jpeg;https://media.app.artisio.co/media/3fc437c0-fdbb-4208-955a-90293eab416d/inventory/4cf810e4-4dea-42e5-9ec1-97798b235611/db8703ba-cfcf-404e-bf65-e28be9e470d0/0002_MReMDl_sm.jpeg;https://media.app.artisio.co/media/3fc437c0-fdbb-4208-955a-90293eab416d/inventory/4cf810e4-4dea-42e5-9ec1-97798b235611/5f7c290f-8e09-4941-ba39-884d98ba4784/0003_LjNZAy_sm.jpeg;https://media.app.artisio.co/media/3fc437c0-fdbb-4208-955a-90293eab416d/inventory/4cf810e4-4dea-42e5-9ec1-97798b235611/9f3ac807-6114-409e-b1a7-14ae221836fb/0004_exmGTo_sm.jpeg,4,"{""artist_retail_right"": false, ""comments"": null, ""description"": ""<p>Asymmetrisch model. Uitgevoerd in zwart en wit met grafische print en ruffles ter hoogte van de schouders en aan de onderzijde.</p>"", ""internal_reference"": null, ""keurkamer"": false, ""literature"": null, ""origin_exhibition_lite"": null, ""period"": null, ""title"": ""Torrente Haute Couture Paris, een jurk"", ""total"": null, ""weight_size_quality"": ""Afmetingen: Totale lengte: 108 cm. Schouderbreedte: 38 cm. Mouwlengte: 21 cm.""}"
233d1c52-1dc9-4790-bdd2-2ff9359868d6,2377,26-0597/31,5595f3f8-0d21-4337-985c-b62f62070ce9,719,"Juwelen, Horloges & Luxury",Luxury,"Jan Taminiau, een jurk","Jan Taminiau, een jurk","<h3>Description</h3><p>Uitgevoerd in zwart met afneembare geborduurde pauwenverenmotief detail, groene en paarse accenten.</p><p>&nbsp;</p><p>&nbsp;</p><p>&nbsp;</p><h3>Weight / Size / Quality</h3>Afmetingen: Totale lengte: 98 cm. Schouderbreedte: 45 cm. Mouwlengte: 27 cm.",published,EUR,250.0,550.0,200.0,200.0,,1,0,,,True,"Mon, 31 Aug 2026 15:00:00 GMT","Wed, 16 Sep 2026 19:03:00 GMT",https://media.app.artisio.co/media/3fc437c0-fdbb-4208-955a-90293eab416d/inventory/640fa17f-db7c-4ca3-a0b4-9ffc5c7f1aaf/514b8955-6316-404e-8e7a-c6165a906df3/0001_xmDBxx_sm.jpeg;https://media.app.artisio.co/media/3fc437c0-fdbb-4208-955a-90293eab416d/inventory/640fa17f-db7c-4ca3-a0b4-9ffc5c7f1aaf/8b9892a8-40a7-4d62-a352-f4b70a49ecfe/0002_ObpSQe_sm.jpeg;https://media.app.artisio.co/media/3fc437c0-fdbb-4208-955a-90293eab416d/inventory/640fa17f-db7c-4ca3-a0b4-9ffc5c7f1aaf/bc7283f3-2c40-4de9-9a76-82f3da685cfa/0003_zRRVvH_sm.jpeg,3,"{""artist_retail_right"": false, ""comments"": null, ""description"": ""<p>Uitgevoerd in zwart met afneembare geborduurde pauwenverenmotief detail, groene en paarse accenten.</p><p>&nbsp;</p><p>&nbsp;</p><p>&nbsp;</p>"", ""internal_reference"": null, ""keurkamer"": false, ""literature"": null, ""origin_exhibition_lite"": null, ""period"": null, ""title"": ""Jan Taminiau, een jurk"", ""total"": null, ""weight_size_quality"": ""Afmetingen: Totale lengte: 98 cm. Schouderbreedte: 45 cm. Mouwlengte: 27 cm.""}"
30ecfdc8-2604-4d7b-9ca2-85f3a14c7832,2378,26-0597/30,5595f3f8-0d21-4337-985c-b62f62070ce9,719,"Juwelen, Horloges & Luxury",Luxury,"Jan Taminiau, een set van tuniek en rok","Jan Taminiau, een set van tuniek en rok","<h3>Description</h3><p>Tweedelige set, uitgevoerd in paars leer.</p>",published,EUR,240.0,400.0,120.0,120.0,,1,0,,,True,"Mon, 31 Aug 2026 15:00:00 GMT","Wed, 16 Sep 2026 19:03:00 GMT",https://media.app.artisio.co/media/3fc437c0-fdbb-4208-955a-90293eab416d/inventory/717cfb25-716b-49a2-97e4-c64224f311f6/6a2efbf7-0b8e-45f3-b06e-723ff92ec6a7/0001_UALuKl_sm.jpeg;https://media.app.artisio.co/media/3fc437c0-fdbb-4208-955a-90293eab416d/inventory/717cfb25-716b-49a2-97e4-c64224f311f6/b883547d-18e6-443a-933c-46ac4d15a53c/0002_bmFIAP_sm.jpeg;https://media.app.artisio.co/media/3fc437c0-fdbb-4208-955a-90293eab416d/inventory/717cfb25-716b-49a2-97e4-c64224f311f6/b9d1a609-fea4-4b55-b95b-ce084721850c/0003_gNBqHf_sm.jpeg,3,"{""artist_retail_right"": false, ""comments"": null, ""description"": ""<p>Tweedelige set, uitgevoerd in paars leer.</p>"", ""internal_reference"": null, ""keurkamer"": false, ""literature"": null, ""origin_exhibition_lite"": null, ""period"": null, ""title"": ""Jan Taminiau, een set van tuniek en rok"", ""total"": null, ""weight_size_quality"": null}"
68bb3391-73c0-4f55-8c17-67a06b50778b,2380,26-0597/28,5595f3f8-0d21-4337-985c-b62f62070ce9,719,"Juwelen, Horloges & Luxury",Luxury,"Jan Taminiau, een jurk","Jan Taminiau, een jurk",<h3>Description</h3><p>Uitgevoerd in zwart met borduurwerk in floraal patroon.</p><h3>Weight / Size / Quality</h3>Afmetingen: Totale lengte: 98 cm. Schouderbreedte: 45 cm. Mouwlengte: 27 cm.,published,EUR,200.0,400.0,100.0,100.0,,1,0,,,True,"Mon, 31 Aug 2026 15:00:00 GMT","Wed, 16 Sep 2026 19:03:00 GMT",https://media.app.artisio.co/media/3fc437c0-fdbb-4208-955a-90293eab416d/inventory/99877184-c96c-4a15-bd22-f771cfc1707c/eb729cfb-1b79-4ed7-83b8-e01b9e19cfc7/0001_tQxUMO_sm.jpeg;https://media.app.artisio.co/media/3fc437c0-fdbb-4208-955a-90293eab416d/inventory/99877184-c96c-4a15-bd22-f771cfc1707c/2a1fd340-794f-4139-aef6-dc7d371b533e/0002_VTYlAk_sm.jpeg;https://media.app.artisio.co/media/3fc437c0-fdbb-4208-955a-90293eab416d/inventory/99877184-c96c-4a15-bd22-f771cfc1707c/79499e9c-cbdc-4684-a356-00ddfd1b002b/0003_aQMBih_sm.jpeg;https://media.app.artisio.co/media/3fc437c0-fdbb-4208-955a-90293eab416d/inventory/99877184-c96c-4a15-bd22-f771cfc1707c/36360b57-c5f0-4a88-8ada-0a2d49197539/0004_TgrIss_sm.jpeg,4,"{""artist_retail_right"": false, ""comments"": null, ""description"": ""<p>Uitgevoerd in zwart met borduurwerk in floraal patroon.</p>"", ""internal_reference"": null, ""keurkamer"": false, ""literature"": null, ""origin_exhibition_lite"": null, ""period"": null, ""title"": ""Jan Taminiau, een jurk"", ""total"": null, ""weight_size_quality"": ""Afmetingen: Totale lengte: 98 cm. Schouderbreedte: 45 cm. Mouwlengte: 27 cm.""}"
a6425a7a-7f6c-47c2-81b2-47fb4f4c5f49,2381,26-0597/27,5595f3f8-0d21-4337-985c-b62f62070ce9,719,"Juwelen, Horloges & Luxury",Luxury,"Jan Taminiau, een jasje","Jan Taminiau, een jasje","<h3>Description</h3><p>Zwart couture-jasje met kralen en borduurwerk, zilverkleurige en bronzen accenten.&nbsp;</p><h3>Weight / Size / Quality</h3>Afmetingen: Totale lengte: 73 cm. Schouderbreedte: 45 cm. Mouwlengte: 62 cm.<h3>Literature</h3><p>Een steentje manco aan achterzijde</p>",published,EUR,200.0,400.0,100.0,100.0,,1,0,,,True,"Mon, 31 Aug 2026 15:00:00 GMT","Wed, 16 Sep 2026 19:03:00 GMT",https://media.app.artisio.co/media/3fc437c0-fdbb-4208-955a-90293eab416d/inventory/d3438dae-43ef-4266-8760-c6ad652940e5/89ac08e5-1471-486e-9484-3676decde179/0001_njCkZB_sm.jpeg;https://media.app.artisio.co/media/3fc437c0-fdbb-4208-955a-90293eab416d/inventory/d3438dae-43ef-4266-8760-c6ad652940e5/8296a322-2d81-48c7-84aa-a98ba428c913/0002_EgadyG_sm.jpeg;https://media.app.artisio.co/media/3fc437c0-fdbb-4208-955a-90293eab416d/inventory/d3438dae-43ef-4266-8760-c6ad652940e5/53a0d015-e017-4ce2-bc37-c0e61bb30ce8/0003_viOrqs_sm.jpeg;https://media.app.artisio.co/media/3fc437c0-fdbb-4208-955a-90293eab416d/inventory/d3438dae-43ef-4266-8760-c6ad652940e5/9bc3a824-c80d-4452-949c-39fe71167078/0004_LdEEcd_sm.jpeg,4,"{""artist_retail_right"": false, ""comments"": null, ""description"": ""<p>Zwart couture-jasje met kralen en borduurwerk, zilverkleurige en bronzen accenten.&nbsp;</p>"", ""internal_reference"": null, ""keurkamer"": false, ""literature"": ""<p>Een steentje manco aan achterzijde</p>"", ""origin_exhibition_lite"": null, ""period"": null, ""title"": ""Jan Taminiau, een jasje"", ""total"": null, ""weight_size_quality"": ""Afmetingen: Totale lengte: 73 cm. Schouderbreedte: 45 cm. Mouwlengte: 62 cm.""}"
758a7b60-dd4d-497e-86b2-e52519182222,2382,26-0597/26,5595f3f8-0d21-4337-985c-b62f62070ce9,719,"Juwelen, Horloges & Luxury",Luxury,"Jan Taminiau, een jurk","Jan Taminiau, een jurk",<h3>Description</h3><p>Uitgevoerd in okerkleur met patroon van kant en borduurwerk.</p>,published,EUR,300.0,600.0,160.0,160.0,,1,0,,,True,"Mon, 31 Aug 2026 15:00:00 GMT","Wed, 16 Sep 2026 19:03:00 GMT",https://media.app.artisio.co/media/3fc437c0-fdbb-4208-955a-90293eab416d/inventory/c6153d52-51ba-4e48-8d74-1a7f86045a1c/0361e57a-944a-4338-96a9-5965f8001b5e/0001_xhmArW_sm.jpeg;https://media.app.artisio.co/media/3fc437c0-fdbb-4208-955a-90293eab416d/inventory/c6153d52-51ba-4e48-8d74-1a7f86045a1c/4e2fb068-a3c5-4b21-8f51-677dfe3da105/0002_IzLTDM_sm.jpeg;https://media.app.artisio.co/media/3fc437c0-fdbb-4208-955a-90293eab416d/inventory/c6153d52-51ba-4e48-8d74-1a7f86045a1c/c153e9d3-fce5-4d4a-90bb-5f6ca0001782/0003_CahYlg_sm.jpeg;https://media.app.artisio.co/media/3fc437c0-fdbb-4208-955a-90293eab416d/inventory/c6153d52-51ba-4e48-8d74-1a7f86045a1c/1fd84ae5-2692-4b95-b64f-aa082fe1f4e5/0004_IZnFmD_sm.jpeg,4,"{""artist_retail_right"": false, ""comments"": null, ""description"": ""<p>Uitgevoerd in okerkleur met patroon van kant en borduurwerk.</p>"", ""internal_reference"": null, ""keurkamer"": false, ""literature"": null, ""origin_exhibition_lite"": null, ""period"": null, ""title"": ""Jan Taminiau, een jurk"", ""total"": null, ""weight_size_quality"": null}"
4211c76e-8454-426b-9d4a-6e8e64685231,2383,26-0597/25,5595f3f8-0d21-4337-985c-b62f62070ce9,719,"Juwelen, Horloges & Luxury",Luxury,"Jan Taminiau, een strapless cocktailjurk","Jan Taminiau, een strapless cocktailjurk","<h3>Description</h3><p>Jan Taminiau strapless cocktailjurk in taupe, volledig bezet met kleine vierkante paillettes in een mozaïekpatroon. Bodice geborduurd met vierkante kralen en pailletten in ecru, zwart, blauw, geel en roze, aflopend in een pixelachtig dessin. Gedrapeerde rug, geplooide split aan de voorzijde. Knielengte.</p>",published,EUR,200.0,400.0,100.0,100.0,,1,0,,,True,"Mon, 31 Aug 2026 15:00:00 GMT","Wed, 16 Sep 2026 19:06:00 GMT",https://media.app.artisio.co/media/3fc437c0-fdbb-4208-955a-90293eab416d/inventory/b093e27f-5835-443f-940d-59e080a7f328/88e8277a-f2b5-4753-afda-81919ec27176/0001_OlaqRe_sm.jpeg;https://media.app.artisio.co/media/3fc437c0-fdbb-4208-955a-90293eab416d/inventory/b093e27f-5835-443f-940d-59e080a7f328/837ec545-483b-42a8-a3d6-e38420169822/0002_VogGVn_sm.jpeg;https://media.app.artisio.co/media/3fc437c0-fdbb-4208-955a-90293eab416d/inventory/b093e27f-5835-443f-940d-59e080a7f328/fb75c427-7779-42de-b735-df82bc5cfdc0/0003_xxrBXv_sm.jpeg,3,"{""artist_retail_right"": false, ""comments"": null, ""description"": ""<p>Jan Taminiau strapless cocktailjurk in taupe, volledig bezet met kleine vierkante paillettes in een mozaïekpatroon. Bodice geborduurd met vierkante kralen en pailletten in ecru, zwart, blauw, geel en roze, aflopend in een pixelachtig dessin. Gedrapeerde rug, geplooide split aan de voorzijde. Knielengte.</p>"", ""internal_reference"": null, ""keurkamer"": false, ""literature"": null, ""origin_exhibition_lite"": null, ""period"": null, ""title"": ""Jan Taminiau, een strapless cocktailjurk"", ""total"": null, ""weight_size_quality"": null}"
82ad2f54-4615-4d35-a928-51272416951e,2384,26-0597/24,5595f3f8-0d21-4337-985c-b62f62070ce9,719,"Juwelen, Horloges & Luxury",Luxury,"Jan Taminiau, een jurk","Jan Taminiau, een jurk","<h3>Description</h3><p>Mouwloos model, uitgevoerd in zwarte met grafisch patroon in de vorm van een meerkleurig raster.</p><h3>Weight / Size / Quality</h3>Afmetingen: Totale lengte: 98 cm. Oksel tot oksel: 17 cm.",published,EUR,300.0,600.0,140.0,140.0,,1,0,,,True,"Mon, 31 Aug 2026 15:00:00 GMT","Wed, 16 Sep 2026 19:06:00 GMT",https://media.app.artisio.co/media/3fc437c0-fdbb-4208-955a-90293eab416d/inventory/4a5e78ba-c2a3-4a7b-b819-94f6a9231a9c/14156533-7f57-4430-b4d4-e1fa56de8fad/0001_tyQRej_sm.jpeg;https://media.app.artisio.co/media/3fc437c0-fdbb-4208-955a-90293eab416d/inventory/4a5e78ba-c2a3-4a7b-b819-94f6a9231a9c/68c656da-ce96-4208-a949-178efe9eb209/0002_qtEZtW_sm.jpeg;https://media.app.artisio.co/media/3fc437c0-fdbb-4208-955a-90293eab416d/inventory/4a5e78ba-c2a3-4a7b-b819-94f6a9231a9c/eca24366-c88b-466b-8762-5929baa3b63e/0003_VECgvR_sm.jpeg;https://media.app.artisio.co/media/3fc437c0-fdbb-4208-955a-90293eab416d/inventory/4a5e78ba-c2a3-4a7b-b819-94f6a9231a9c/019f993d-6815-42be-9420-7a1e74f4d458/0004_kfOfwv_sm.jpeg,4,"{""artist_retail_right"": false, ""comments"": null, ""description"": ""<p>Mouwloos model, uitgevoerd in zwarte met grafisch patroon in de vorm van een meerkleurig raster.</p>"", ""internal_reference"": null, ""keurkamer"": false, ""literature"": null, ""origin_exhibition_lite"": null, ""period"": null, ""title"": ""Jan Taminiau, een jurk"", ""total"": null, ""weight_size_quality"": ""Afmetingen: Totale lengte: 98 cm. Oksel tot oksel: 17 cm.""}"
3da81223-c6c4-4995-b3cc-2bcb73dc78ce,2386,26-0597/22,5595f3f8-0d21-4337-985c-b62f62070ce9,719,"Juwelen, Horloges & Luxury",Luxury,"Jan Taminiau, een zwarte jurk","Jan Taminiau, een zwarte jurk",<h3>Description</h3><p>Uitgevoerd in zwarte met meerkleurig geborduurd golvend lijnmotief rondom.</p><h3>Literature</h3><p>Vertoont gebruikssporen</p>,published,EUR,200.0,400.0,100.0,100.0,,1,0,,,True,"Mon, 31 Aug 2026 15:00:00 GMT","Wed, 16 Sep 2026 19:06:00 GMT",https://media.app.artisio.co/media/3fc437c0-fdbb-4208-955a-90293eab416d/inventory/07d6b624-64f1-4d35-8243-24c94fe16116/42910667-6019-4d06-bc11-7b014c0f223a/0001_jDyOXp_sm.jpeg;https://media.app.artisio.co/media/3fc437c0-fdbb-4208-955a-90293eab416d/inventory/07d6b624-64f1-4d35-8243-24c94fe16116/bf5a10bc-4113-4d63-9729-3662e62d7a4a/0002_ooFvgq_sm.jpeg;https://media.app.artisio.co/media/3fc437c0-fdbb-4208-955a-90293eab416d/inventory/07d6b624-64f1-4d35-8243-24c94fe16116/2ea55be1-62d1-47d5-b883-d2de7eea1c71/0003_ZrBWOM_sm.jpeg;https://media.app.artisio.co/media/3fc437c0-fdbb-4208-955a-90293eab416d/inventory/07d6b624-64f1-4d35-8243-24c94fe16116/66cef5a5-4eb7-4dba-88c9-7241efd6f5a1/0004_pUwkaU_sm.jpeg,4,"{""artist_retail_right"": false, ""comments"": null, ""description"": ""<p>Uitgevoerd in zwarte met meerkleurig geborduurd golvend lijnmotief rondom.</p>"", ""internal_reference"": null, ""keurkamer"": false, ""literature"": ""<p>Vertoont gebruikssporen</p>"", ""origin_exhibition_lite"": null, ""period"": null, ""title"": ""Jan Taminiau, een zwarte jurk"", ""total"": null, ""weight_size_quality"": null}"
6eac73f3-a8d7-40df-b9af-d732b727533d,2387,26-0597/21,5595f3f8-0d21-4337-985c-b62f62070ce9,719,"Juwelen, Horloges & Luxury",Luxury,"Jan Taminiau, een tweedelige set ","Jan Taminiau, een tweedelige set ","<h3>Description</h3><p>Bestaande uit een jurk met bijbehorende mantel/cape, uitgevoerd in donkerblauw.</p><h3>Weight / Size / Quality</h3>maat 2",published,EUR,400.0,800.0,200.0,200.0,,1,0,,,True,"Mon, 31 Aug 2026 15:00:00 GMT","Wed, 16 Sep 2026 19:06:00 GMT",https://media.app.artisio.co/media/3fc437c0-fdbb-4208-955a-90293eab416d/inventory/25a360c8-a9d1-4fd8-93ab-4c187d9d0300/5b54df8f-b906-435f-b7a6-c2901c315447/0001_nEyvAd_sm.jpeg;https://media.app.artisio.co/media/3fc437c0-fdbb-4208-955a-90293eab416d/inventory/25a360c8-a9d1-4fd8-93ab-4c187d9d0300/ef69856d-ec72-462a-a158-89e01cab285e/0002_rXGuXB_sm.jpeg;https://media.app.artisio.co/media/3fc437c0-fdbb-4208-955a-90293eab416d/inventory/25a360c8-a9d1-4fd8-93ab-4c187d9d0300/5fa80f52-14a2-4ad2-bf01-8b3263f186c8/0003_oCgaUk_sm.jpeg;https://media.app.artisio.co/media/3fc437c0-fdbb-4208-955a-90293eab416d/inventory/25a360c8-a9d1-4fd8-93ab-4c187d9d0300/6f5013f3-6988-47af-afa9-b2e31b8c8554/0004_kzcjzD_sm.jpeg,4,"{""artist_retail_right"": false, ""comments"": null, ""description"": ""<p>Bestaande uit een jurk met bijbehorende mantel/cape, uitgevoerd in donkerblauw.</p>"", ""internal_reference"": null, ""keurkamer"": false, ""literature"": null, ""origin_exhibition_lite"": null, ""period"": null, ""title"": ""Jan Taminiau, een tweedelige set "", ""total"": null, ""weight_size_quality"": ""maat 2""}"
e1611451-b284-44d1-b567-39d7d31ae19d,2388,26-0597/20,5595f3f8-0d21-4337-985c-b62f62070ce9,719,"Juwelen, Horloges & Luxury",Luxury,"Jan Taminiau, een tweedelige set","Jan Taminiau, een tweedelige set",<h3>Description</h3><p>Bestaande uit een top en een pantalon in groene fijn gestructureerde stof.</p><h3>Weight / Size / Quality</h3>Afmetingen Top: Totale lengte: 56 cm. Schouderbreedte: 44 cm. Mouwlengte: 59 cm. Afmetingen broek: Totale lengte: 107 cm. Taille: 39 cm.,published,EUR,300.0,500.0,140.0,140.0,,1,0,,,True,"Mon, 31 Aug 2026 15:00:00 GMT","Wed, 16 Sep 2026 19:06:00 GMT",https://media.app.artisio.co/media/3fc437c0-fdbb-4208-955a-90293eab416d/inventory/f4a134b6-d809-46c2-81db-34c1daabb18c/47d469f4-f025-4631-8c92-079103dff621/0001_yzmipI_sm.jpeg;https://media.app.artisio.co/media/3fc437c0-fdbb-4208-955a-90293eab416d/inventory/f4a134b6-d809-46c2-81db-34c1daabb18c/b2252c51-0be0-4835-b14d-2e6338054be5/0002_QsUsvF_sm.jpeg;https://media.app.artisio.co/media/3fc437c0-fdbb-4208-955a-90293eab416d/inventory/f4a134b6-d809-46c2-81db-34c1daabb18c/d9f521b6-a97d-499d-a7c4-555d5b3f0f89/0003_LNmLCP_sm.jpeg;https://media.app.artisio.co/media/3fc437c0-fdbb-4208-955a-90293eab416d/inventory/f4a134b6-d809-46c2-81db-34c1daabb18c/6547318b-5d12-4a1e-89e7-db6607d521f1/0004_ZzJZtp_sm.jpeg,4,"{""artist_retail_right"": false, ""comments"": null, ""description"": ""<p>Bestaande uit een top en een pantalon in groene fijn gestructureerde stof.</p>"", ""internal_reference"": null, ""keurkamer"": false, ""literature"": null, ""origin_exhibition_lite"": null, ""period"": null, ""title"": ""Jan Taminiau, een tweedelige set"", ""total"": null, ""weight_size_quality"": ""Afmetingen Top: Totale lengte: 56 cm. Schouderbreedte: 44 cm. Mouwlengte: 59 cm. Afmetingen broek: Totale lengte: 107 cm. Taille: 39 cm.""}"
973b8c74-adfc-4b8e-885d-6709cb16b9c8,2389,26-0597/19,5595f3f8-0d21-4337-985c-b62f62070ce9,719,"Juwelen, Horloges & Luxury",Luxury,"Chanel, een blazer","Chanel, een blazer","<h3>Description</h3><p>Uitgevoerd in zwarte katoen-/wol-mix met structuur, met reverskraag en zijde voering.</p><h3>Weight / Size / Quality</h3>maat 44",published,EUR,300.0,500.0,140.0,140.0,,1,0,,,True,"Mon, 31 Aug 2026 15:00:00 GMT","Wed, 16 Sep 2026 19:06:00 GMT",https://media.app.artisio.co/media/3fc437c0-fdbb-4208-955a-90293eab416d/inventory/dedd6aa0-e330-4858-936b-f5b0ea3bf0d6/340cf76e-b33f-40c1-9d6c-9d764d175a30/0001_paTxMW_sm.jpeg;https://media.app.artisio.co/media/3fc437c0-fdbb-4208-955a-90293eab416d/inventory/dedd6aa0-e330-4858-936b-f5b0ea3bf0d6/beae80cf-b58e-41e7-908e-692ff7daa4c5/0002_Jepmns_sm.jpeg;https://media.app.artisio.co/media/3fc437c0-fdbb-4208-955a-90293eab416d/inventory/dedd6aa0-e330-4858-936b-f5b0ea3bf0d6/47a44459-e012-4d78-a078-ee1e37365ee4/0003_oyKuac_sm.jpeg;https://media.app.artisio.co/media/3fc437c0-fdbb-4208-955a-90293eab416d/inventory/dedd6aa0-e330-4858-936b-f5b0ea3bf0d6/721598d5-98f3-4ab7-98ee-834be1ad3cdf/0004_tDRKff_sm.jpeg,4,"{""artist_retail_right"": false, ""comments"": null, ""description"": ""<p>Uitgevoerd in zwarte katoen-/wol-mix met structuur, met reverskraag en zijde voering.</p>"", ""internal_reference"": null, ""keurkamer"": false, ""literature"": null, ""origin_exhibition_lite"": null, ""period"": null, ""title"": ""Chanel, een blazer"", ""total"": null, ""weight_size_quality"": ""maat 44""}"
8a03de59-09d9-4915-bddb-b84531f93e17,2390,26-0597/18,5595f3f8-0d21-4337-985c-b62f62070ce9,719,"Juwelen, Horloges & Luxury",Luxury,"Jan Taminiau, een cape-jas","Jan Taminiau, een cape-jas","<h3>Description</h3><p>Uitgevoerd in zwart, met brede schouderlijn en lange mouwen, met openvallende voorzijde.</p>",published,EUR,400.0,800.0,200.0,200.0,,1,0,,,True,"Mon, 31 Aug 2026 15:00:00 GMT","Wed, 16 Sep 2026 19:09:00 GMT",https://media.app.artisio.co/media/3fc437c0-fdbb-4208-955a-90293eab416d/inventory/cdf33fa9-2b2e-4793-be6c-f2adcd9d8c9a/53c9e5b7-a2d2-4ae7-b732-e3ae52fdf3bf/0001_AKlbIw_sm.jpeg;https://media.app.artisio.co/media/3fc437c0-fdbb-4208-955a-90293eab416d/inventory/cdf33fa9-2b2e-4793-be6c-f2adcd9d8c9a/a092b40e-aa8f-4efa-a934-b3bafe311229/0002_jUJHsU_sm.jpeg;https://media.app.artisio.co/media/3fc437c0-fdbb-4208-955a-90293eab416d/inventory/cdf33fa9-2b2e-4793-be6c-f2adcd9d8c9a/fff2c7c7-22f7-44c8-8c78-c1ad7a6d277a/0003_FNqCPr_sm.jpeg;https://media.app.artisio.co/media/3fc437c0-fdbb-4208-955a-90293eab416d/inventory/cdf33fa9-2b2e-4793-be6c-f2adcd9d8c9a/5f9fa452-7959-48ce-b404-824d49038e90/0004_yjCAhi_sm.jpeg,4,"{""artist_retail_right"": false, ""comments"": null, ""description"": ""<p>Uitgevoerd in zwart, met brede schouderlijn en lange mouwen, met openvallende voorzijde.</p>"", ""internal_reference"": null, ""keurkamer"": false, ""literature"": null, ""origin_exhibition_lite"": null, ""period"": null, ""title"": ""Jan Taminiau, een cape-jas"", ""total"": null, ""weight_size_quality"": null}"
552c400d-4b20-4916-8825-a57e3d45c188,2391,26-0597/17,5595f3f8-0d21-4337-985c-b62f62070ce9,719,"Juwelen, Horloges & Luxury",Luxury,"Jan Taminiau, een paarse jurk met plissé.","Jan Taminiau, een paarse jurk met plissé.","<h3>Description</h3><p>Jan Taminiau jurk in paars, met brede halslijn, lange smalle schouderbanden en een bovenlijf met verticale plooien. De onderzijde heeft een plissé-structuur.</p>",published,EUR,150.0,300.0,70.0,70.0,,1,0,,,True,"Mon, 31 Aug 2026 15:00:00 GMT","Wed, 16 Sep 2026 19:09:00 GMT",https://media.app.artisio.co/media/3fc437c0-fdbb-4208-955a-90293eab416d/inventory/d2dd3d84-9d05-4c54-90a2-9debded987fc/c1a59f91-0653-44dd-a0d8-97995cdfbd18/0001_sBqbkm_sm.jpeg;https://media.app.artisio.co/media/3fc437c0-fdbb-4208-955a-90293eab416d/inventory/d2dd3d84-9d05-4c54-90a2-9debded987fc/2c018c7b-1b16-41f8-9c2d-316aecb74558/0002_aJWRgo_sm.jpeg;https://media.app.artisio.co/media/3fc437c0-fdbb-4208-955a-90293eab416d/inventory/d2dd3d84-9d05-4c54-90a2-9debded987fc/18ae84bb-27de-4829-8b32-3f1f9f733a2f/0003_iJkbSj_sm.jpeg,3,"{""artist_retail_right"": false, ""comments"": null, ""description"": ""<p>Jan Taminiau jurk in paars, met brede halslijn, lange smalle schouderbanden en een bovenlijf met verticale plooien. De onderzijde heeft een plissé-structuur.</p>"", ""internal_reference"": null, ""keurkamer"": false, ""literature"": null, ""origin_exhibition_lite"": null, ""period"": null, ""title"": ""Jan Taminiau, een paarse jurk met plissé."", ""total"": null, ""weight_size_quality"": null}"
fa925664-f9b3-453d-8b9c-fce9d026b6df,2392,26-0597/16,5595f3f8-0d21-4337-985c-b62f62070ce9,719,"Juwelen, Horloges & Luxury",Luxury,"Frank Govers, een mantelpakje","Frank Govers, een mantelpakje","<h3>Description</h3><p>Tweedelig, uitgevoerd in pastelroze tweed/bouclé met fijne meerkleurige spikkels. Het korte bolero-jasje heeft een klassieke revers, een open voorzijde, lange mouwen met drie sierknoopjes aan de manchet en is rondom afgezet met een roze bies. De bijpassende kokerrok is knielang.&nbsp;</p>",published,EUR,200.0,400.0,100.0,100.0,,1,0,,,True,"Mon, 31 Aug 2026 15:00:00 GMT","Wed, 16 Sep 2026 19:09:00 GMT",https://media.app.artisio.co/media/3fc437c0-fdbb-4208-955a-90293eab416d/inventory/65f7cee3-1304-494f-b570-ebf5a9d2b2e3/05380356-a88e-4be2-9c8b-27779445f452/0001_dMOKXz_sm.jpeg;https://media.app.artisio.co/media/3fc437c0-fdbb-4208-955a-90293eab416d/inventory/65f7cee3-1304-494f-b570-ebf5a9d2b2e3/593acb0c-d9d5-46f4-ad71-b0bbdd6cf9f6/0002_WaAppI_sm.jpeg;https://media.app.artisio.co/media/3fc437c0-fdbb-4208-955a-90293eab416d/inventory/65f7cee3-1304-494f-b570-ebf5a9d2b2e3/37a519bd-2cb0-484e-ba02-cffccf1c523e/0003_IBtRFR_sm.jpeg;https://media.app.artisio.co/media/3fc437c0-fdbb-4208-955a-90293eab416d/inventory/65f7cee3-1304-494f-b570-ebf5a9d2b2e3/12f0c783-003e-4d28-95e9-d46e83782ab3/0004_XOXeNk_sm.jpeg,4,"{""artist_retail_right"": false, ""comments"": null, ""description"": ""<p>Tweedelig, uitgevoerd in pastelroze tweed/bouclé met fijne meerkleurige spikkels. Het korte bolero-jasje heeft een klassieke revers, een open voorzijde, lange mouwen met drie sierknoopjes aan de manchet en is rondom afgezet met een roze bies. De bijpassende kokerrok is knielang.&nbsp;</p>"", ""internal_reference"": null, ""keurkamer"": false, ""literature"": null, ""origin_exhibition_lite"": null, ""period"": null, ""title"": ""Frank Govers, een mantelpakje"", ""total"": null, ""weight_size_quality"": null}"
8ef0b131-97ea-4a99-b1ef-7c2102d012b0,2393,26-0597/15,5595f3f8-0d21-4337-985c-b62f62070ce9,719,"Juwelen, Horloges & Luxury",Luxury,"Jan Taminiau, een tweedelige set","Jan Taminiau, een tweedelige set","<h3>Description</h3><p>Bestaande uit een bovenstuk en bijpassende rok in kleurverloop van paars via oker naar blauw. Het bovenstuk heeft een kraag, lange mouwen en een rechte sluiting.</p>",published,EUR,200.0,400.0,100.0,100.0,,1,0,,,True,"Mon, 31 Aug 2026 15:00:00 GMT","Wed, 16 Sep 2026 19:09:00 GMT",https://media.app.artisio.co/media/3fc437c0-fdbb-4208-955a-90293eab416d/inventory/a53eeb7f-b31d-4627-a145-a7aa264e3596/f16fb90e-e40d-47d8-8135-7c1320355af7/0001_wbGVny_sm.jpeg;https://media.app.artisio.co/media/3fc437c0-fdbb-4208-955a-90293eab416d/inventory/a53eeb7f-b31d-4627-a145-a7aa264e3596/b18140a0-c0f1-4e4e-9797-e4e7e57a6f0c/0002_iHglZj_sm.jpeg;https://media.app.artisio.co/media/3fc437c0-fdbb-4208-955a-90293eab416d/inventory/a53eeb7f-b31d-4627-a145-a7aa264e3596/bc0063bf-b5ec-4234-84d9-660b569ac3bc/0003_gpYhBq_sm.jpeg;https://media.app.artisio.co/media/3fc437c0-fdbb-4208-955a-90293eab416d/inventory/a53eeb7f-b31d-4627-a145-a7aa264e3596/2c2cc481-2f17-4f73-8934-89c9737635a9/0004_YHcqAx_sm.jpeg,4,"{""artist_retail_right"": false, ""comments"": null, ""description"": ""<p>Bestaande uit een bovenstuk en bijpassende rok in kleurverloop van paars via oker naar blauw. Het bovenstuk heeft een kraag, lange mouwen en een rechte sluiting.</p>"", ""internal_reference"": null, ""keurkamer"": false, ""literature"": null, ""origin_exhibition_lite"": null, ""period"": null, ""title"": ""Jan Taminiau, een tweedelige set"", ""total"": null, ""weight_size_quality"": null}"
a6535017-3a9b-4980-a5cc-755df0a989c7,2394,26-0597/14,5595f3f8-0d21-4337-985c-b62f62070ce9,719,"Juwelen, Horloges & Luxury",Luxury,"Jan Taminiau, een pantalon met vest en kralenceintuur","Jan Taminiau, een pantalon met vest en kralenceintuur","<h3>Description</h3><p>Driedelige set, uitgevoerd in een rood/oranje tint met bijbehorende ceintuur met kralen. Het vest heeft een open, gedrapeerde voorzijde en lange lijnen. De pantalon is recht vallend. Materialen: 70% cupro, 26% polyester en 4% elastaan</p><h3>Weight / Size / Quality</h3>Afmetingen van vest: Totale lengte: 106 cm. Schouderbreedte: 42 cm. Mouwlengte: 49 cm. Afmetingen van broek: Totale lengte: 103 cm. Taille: 43.",published,EUR,300.0,600.0,160.0,160.0,,1,0,,,True,"Mon, 31 Aug 2026 15:00:00 GMT","Wed, 16 Sep 2026 19:09:00 GMT",https://media.app.artisio.co/media/3fc437c0-fdbb-4208-955a-90293eab416d/inventory/27365a86-c761-4c31-9d9e-89c47f4f1b52/93fe39fe-2d11-4abb-82e0-6e21f11d0dee/0002_mTzqhM_sm.jpeg;https://media.app.artisio.co/media/3fc437c0-fdbb-4208-955a-90293eab416d/inventory/27365a86-c761-4c31-9d9e-89c47f4f1b52/523377e3-47eb-4029-951d-3525aacf1e0f/0003_ravpeU_sm.jpeg;https://media.app.artisio.co/media/3fc437c0-fdbb-4208-955a-90293eab416d/inventory/27365a86-c761-4c31-9d9e-89c47f4f1b52/0605988c-192b-4e38-9920-e4cbe46816fd/0004_DUMUxY_sm.jpeg;https://media.app.artisio.co/media/3fc437c0-fdbb-4208-955a-90293eab416d/inventory/27365a86-c761-4c31-9d9e-89c47f4f1b52/ae923d59-f6e6-4d20-9b6d-4277fb52c0f0/0005_YVwTuv_sm.jpeg;https://media.app.artisio.co/media/3fc437c0-fdbb-4208-955a-90293eab416d/inventory/27365a86-c761-4c31-9d9e-89c47f4f1b52/73ec4316-2e71-4a55-a4aa-3ed75d9370c5/0006_OCBLHY_sm.jpeg,5,"{""artist_retail_right"": false, ""comments"": null, ""description"": ""<p>Driedelige set, uitgevoerd in een rood/oranje tint met bijbehorende ceintuur met kralen. Het vest heeft een open, gedrapeerde voorzijde en lange lijnen. De pantalon is recht vallend. Materialen: 70% cupro, 26% polyester en 4% elastaan</p>"", ""internal_reference"": null, ""keurkamer"": false, ""literature"": null, ""origin_exhibition_lite"": null, ""period"": null, ""title"": ""Jan Taminiau, een pantalon met vest en kralenceintuur"", ""total"": null, ""weight_size_quality"": ""Afmetingen van vest: Totale lengte: 106 cm. Schouderbreedte: 42 cm. Mouwlengte: 49 cm. Afmetingen van broek: Totale lengte: 103 cm. Taille: 43.""}"
191cc7b1-de4c-42cb-8f89-5d50e6adf713,2395,26-0597/13,5595f3f8-0d21-4337-985c-b62f62070ce9,719,"Juwelen, Horloges & Luxury",Luxury,"Addy van den Krommenacker, een jurk","Addy van den Krommenacker, een jurk","<h3>Description</h3><p>UItgevoerd in brons- en goudkleurige tinten, met paisley-patroon rondom. Model met korte mouwen, een V-hals en een aangesloten taille met rechte rok. Nieuw met kaartje.</p><h3>Weight / Size / Quality</h3>maat 47",published,EUR,150.0,250.0,80.0,80.0,,1,0,,,True,"Mon, 31 Aug 2026 15:00:00 GMT","Wed, 16 Sep 2026 19:09:00 GMT",https://media.app.artisio.co/media/3fc437c0-fdbb-4208-955a-90293eab416d/inventory/c1eb0a68-12d3-44d6-b539-f0c1ae0c883f/ed9654f1-0fda-4487-ab66-a1697a913942/0001_plXUna_sm.jpeg;https://media.app.artisio.co/media/3fc437c0-fdbb-4208-955a-90293eab416d/inventory/c1eb0a68-12d3-44d6-b539-f0c1ae0c883f/0ffc70ff-3678-4579-a115-8af3f827871a/0002_phjQRW_sm.jpeg;https://media.app.artisio.co/media/3fc437c0-fdbb-4208-955a-90293eab416d/inventory/c1eb0a68-12d3-44d6-b539-f0c1ae0c883f/a4fd94cb-5970-49e5-9468-7922ac02f886/0003_jQcNmY_sm.jpeg,3,"{""artist_retail_right"": false, ""comments"": null, ""description"": ""<p>UItgevoerd in brons- en goudkleurige tinten, met paisley-patroon rondom. Model met korte mouwen, een V-hals en een aangesloten taille met rechte rok. Nieuw met kaartje.</p>"", ""internal_reference"": null, ""keurkamer"": false, ""literature"": null, ""origin_exhibition_lite"": null, ""period"": null, ""title"": ""Addy van den Krommenacker, een jurk"", ""total"": null, ""weight_size_quality"": ""maat 47""}"
405a2f6c-9316-4f21-8223-975d9bc87ffd,2396,26-0597/12,5595f3f8-0d21-4337-985c-b62f62070ce9,719,"Juwelen, Horloges & Luxury",Luxury,"Jan Taminiau, een vest","Jan Taminiau, een vest",<h3>Description</h3><p>Uitgevoerd in grijs. Cardigan model met gedrapeerde voorzijde.</p>,published,EUR,200.0,300.0,100.0,100.0,,1,0,,,True,"Mon, 31 Aug 2026 15:00:00 GMT","Wed, 16 Sep 2026 19:12:00 GMT",https://media.app.artisio.co/media/3fc437c0-fdbb-4208-955a-90293eab416d/inventory/407a8d33-996e-4423-8745-bb9e881e69df/d108177d-2a1b-4582-b6de-86a8cd289699/0001_VYdJMz_sm.jpeg;https://media.app.artisio.co/media/3fc437c0-fdbb-4208-955a-90293eab416d/inventory/407a8d33-996e-4423-8745-bb9e881e69df/0d114ea7-371a-43fc-9d40-ec81f9511d2b/0002_nwpVJF_sm.jpeg;https://media.app.artisio.co/media/3fc437c0-fdbb-4208-955a-90293eab416d/inventory/407a8d33-996e-4423-8745-bb9e881e69df/f81d73e4-cdeb-46df-ba7c-684521a49e13/0003_zovwog_sm.jpeg;https://media.app.artisio.co/media/3fc437c0-fdbb-4208-955a-90293eab416d/inventory/407a8d33-996e-4423-8745-bb9e881e69df/c17fc188-050f-4fc4-a556-353119a173b5/0004_QBNZyR_sm.jpeg,4,"{""artist_retail_right"": false, ""comments"": null, ""description"": ""<p>Uitgevoerd in grijs. Cardigan model met gedrapeerde voorzijde.</p>"", ""internal_reference"": null, ""keurkamer"": false, ""literature"": null, ""origin_exhibition_lite"": null, ""period"": null, ""title"": ""Jan Taminiau, een vest"", ""total"": null, ""weight_size_quality"": null}"
158cc075-524a-49da-b505-1dada6356004,2397,26-0597/11,5595f3f8-0d21-4337-985c-b62f62070ce9,719,"Juwelen, Horloges & Luxury",Luxury,"Hermès, een lange mouw shirt","Hermès, een lange mouw shirt","<h3>Description</h3><p>Uitgevoerd in fijn katoen jersey. Het getailleerde model met rechte, vierkante boothalslijn en driekwart mouwen. Op de voorzijde een klein opgezet zakje met een subtiel ton-sur-ton geborduurd motief.</p><h3>Weight / Size / Quality</h3>maat 34",published,EUR,250.0,450.0,120.0,120.0,,1,0,,,True,"Mon, 31 Aug 2026 15:00:00 GMT","Wed, 16 Sep 2026 19:12:00 GMT",https://media.app.artisio.co/media/3fc437c0-fdbb-4208-955a-90293eab416d/inventory/b3d63bb5-afc9-43d8-9115-666a83a77384/75443470-5749-4201-a4d0-2369b13b67d6/0001_hoUBUZ_sm.jpeg;https://media.app.artisio.co/media/3fc437c0-fdbb-4208-955a-90293eab416d/inventory/b3d63bb5-afc9-43d8-9115-666a83a77384/04d0b87f-4efa-4067-bf61-65807af826cf/0002_jrWuHo_sm.jpeg;https://media.app.artisio.co/media/3fc437c0-fdbb-4208-955a-90293eab416d/inventory/b3d63bb5-afc9-43d8-9115-666a83a77384/1ac1b049-20e2-49d6-8bb6-97b70d59af62/0003_EwfZZy_sm.jpeg;https://media.app.artisio.co/media/3fc437c0-fdbb-4208-955a-90293eab416d/inventory/b3d63bb5-afc9-43d8-9115-666a83a77384/85b2b390-4c19-4225-a06f-2e18081d645f/0004_tKKTJz_sm.jpeg,4,"{""artist_retail_right"": false, ""comments"": null, ""description"": ""<p>Uitgevoerd in fijn katoen jersey. Het getailleerde model met rechte, vierkante boothalslijn en driekwart mouwen. Op de voorzijde een klein opgezet zakje met een subtiel ton-sur-ton geborduurd motief.</p>"", ""internal_reference"": null, ""keurkamer"": false, ""literature"": null, ""origin_exhibition_lite"": null, ""period"": null, ""title"": ""Hermès, een lange mouw shirt"", ""total"": null, ""weight_size_quality"": ""maat 34""}"
e19f8c20-64c2-4711-9160-dd866f12d52d,2398,26-0597/10,5595f3f8-0d21-4337-985c-b62f62070ce9,719,"Juwelen, Horloges & Luxury",Luxury,"Jan Taminiau, een jas ","Jan Taminiau, een jas ","<h3>Description</h3><p>Uitgevoerd in rode synthetische materiaalmix van 60% TAC en 40% polyester. Model met brede revers, korte mouwen, knoopsluiting en rechte snit.</p><h3>Weight / Size / Quality</h3>maat 2",published,EUR,250.0,500.0,120.0,120.0,,1,0,,,True,"Mon, 31 Aug 2026 15:00:00 GMT","Wed, 16 Sep 2026 19:12:00 GMT",https://media.app.artisio.co/media/3fc437c0-fdbb-4208-955a-90293eab416d/inventory/8d9727f9-2034-4a00-8d64-0c092ba640c8/ea4122bd-b639-4230-a90b-43d9a5006279/0001_bfQMMY_sm.jpeg;https://media.app.artisio.co/media/3fc437c0-fdbb-4208-955a-90293eab416d/inventory/8d9727f9-2034-4a00-8d64-0c092ba640c8/106fec21-b744-40bf-a75e-e74ea997df68/0002_gLnZBo_sm.jpeg;https://media.app.artisio.co/media/3fc437c0-fdbb-4208-955a-90293eab416d/inventory/8d9727f9-2034-4a00-8d64-0c092ba640c8/a3d8c102-b863-4ca2-8b0d-9ab87f8f1c73/0003_jGrNou_sm.jpeg;https://media.app.artisio.co/media/3fc437c0-fdbb-4208-955a-90293eab416d/inventory/8d9727f9-2034-4a00-8d64-0c092ba640c8/90ba6d28-e13e-483b-98cd-aef0f7f5ef73/0004_OtVWmr_sm.jpeg,4,"{""artist_retail_right"": false, ""comments"": null, ""description"": ""<p>Uitgevoerd in rode synthetische materiaalmix van 60% TAC en 40% polyester. Model met brede revers, korte mouwen, knoopsluiting en rechte snit.</p>"", ""internal_reference"": null, ""keurkamer"": false, ""literature"": null, ""origin_exhibition_lite"": null, ""period"": null, ""title"": ""Jan Taminiau, een jas "", ""total"": null, ""weight_size_quality"": ""maat 2""}"
4c9c091e-fd16-492e-bde5-5e9241a437e0,2399,26-0597/9,5595f3f8-0d21-4337-985c-b62f62070ce9,719,"Juwelen, Horloges & Luxury",Luxury,"Jan Taminiau, een leren jas","Jan Taminiau, een leren jas","<h3>Description</h3><p>Uitgevoerd in beige leer. Model met brede revers, korte mouwen en ceintuurdetail. Het ontwerp heeft een trenchcoat-referentie.</p>",published,EUR,350.0,500.0,200.0,200.0,,1,0,,,True,"Mon, 31 Aug 2026 15:00:00 GMT","Wed, 16 Sep 2026 19:12:00 GMT",https://media.app.artisio.co/media/3fc437c0-fdbb-4208-955a-90293eab416d/inventory/735f8906-e79c-486d-b769-a2424f6e056c/ce69eb02-7c5f-4f36-aeda-c763515f99d8/0001_NCYxuz_sm.jpeg;https://media.app.artisio.co/media/3fc437c0-fdbb-4208-955a-90293eab416d/inventory/735f8906-e79c-486d-b769-a2424f6e056c/5d8651c1-1445-4472-98fc-934c35a0bd23/0002_lwYpNs_sm.jpeg;https://media.app.artisio.co/media/3fc437c0-fdbb-4208-955a-90293eab416d/inventory/735f8906-e79c-486d-b769-a2424f6e056c/8893826e-3004-4e3b-ae8a-33227b584d83/0003_QuSXgR_sm.jpeg;https://media.app.artisio.co/media/3fc437c0-fdbb-4208-955a-90293eab416d/inventory/735f8906-e79c-486d-b769-a2424f6e056c/d7b046d0-8d96-4294-90ff-5492058dc21a/0004_spNxMW_sm.jpeg,4,"{""artist_retail_right"": false, ""comments"": null, ""description"": ""<p>Uitgevoerd in beige leer. Model met brede revers, korte mouwen en ceintuurdetail. Het ontwerp heeft een trenchcoat-referentie.</p>"", ""internal_reference"": null, ""keurkamer"": false, ""literature"": null, ""origin_exhibition_lite"": null, ""period"": null, ""title"": ""Jan Taminiau, een leren jas"", ""total"": null, ""weight_size_quality"": null}"
fb8ff958-39c1-4072-a0b1-4b9a848847e3,2400,26-0597/8,5595f3f8-0d21-4337-985c-b62f62070ce9,719,"Juwelen, Horloges & Luxury",Luxury,"Jan Taminiau, een rok ","Jan Taminiau, een rok ","<h3>Description</h3><p>Uitgevoerd in een gelaagde, asymmetrische constructie met een gemêleerde groenige bovenzijde en contrasterende accenten in geel, bordeauxrood en donkergroen langs de onderrand.</p>",published,EUR,100.0,200.0,100.0,100.0,,1,0,,,True,"Mon, 31 Aug 2026 15:00:00 GMT","Wed, 16 Sep 2026 19:12:00 GMT",https://media.app.artisio.co/media/3fc437c0-fdbb-4208-955a-90293eab416d/inventory/645ada93-adc1-4d03-9e0b-e33da19fe49d/c276d0fa-ecf1-4559-8f8f-9d37128934e9/0001_GAdcwH_sm.jpeg;https://media.app.artisio.co/media/3fc437c0-fdbb-4208-955a-90293eab416d/inventory/645ada93-adc1-4d03-9e0b-e33da19fe49d/2a610b12-7d6f-4f90-882a-4ed38e558937/0002_HuBEQk_sm.jpeg;https://media.app.artisio.co/media/3fc437c0-fdbb-4208-955a-90293eab416d/inventory/645ada93-adc1-4d03-9e0b-e33da19fe49d/51ce3735-ed98-4104-b0ac-912c8a734cbb/0003_IMgvWg_sm.jpeg;https://media.app.artisio.co/media/3fc437c0-fdbb-4208-955a-90293eab416d/inventory/645ada93-adc1-4d03-9e0b-e33da19fe49d/4cd4f028-aed8-44db-ab09-1265599c3da9/0004_OVonuE_sm.jpeg,4,"{""artist_retail_right"": false, ""comments"": null, ""description"": ""<p>Uitgevoerd in een gelaagde, asymmetrische constructie met een gemêleerde groenige bovenzijde en contrasterende accenten in geel, bordeauxrood en donkergroen langs de onderrand.</p>"", ""internal_reference"": null, ""keurkamer"": false, ""literature"": null, ""origin_exhibition_lite"": null, ""period"": null, ""title"": ""Jan Taminiau, een rok "", ""total"": null, ""weight_size_quality"": null}"
4775536c-3fb7-4143-b472-3f913e7f8e72,2401,26-0597/7,5595f3f8-0d21-4337-985c-b62f62070ce9,719,"Juwelen, Horloges & Luxury",Luxury,"Frank Govers, een jas met bontkraag","Frank Govers, een jas met bontkraag",<h3>Description</h3><p>Uitgevoerd in zwarte gestructureerde wol-mix met bontkraag. Het model met een dubbele rij knopen.</p>,published,EUR,240.0,350.0,120.0,120.0,,1,0,,,True,"Mon, 31 Aug 2026 15:00:00 GMT","Wed, 16 Sep 2026 19:12:00 GMT",https://media.app.artisio.co/media/3fc437c0-fdbb-4208-955a-90293eab416d/inventory/85288708-d9b8-49f5-b622-9223677b213d/4c3eb396-7149-472c-addd-f21c5057eb47/0001_OdYlsH_sm.jpeg;https://media.app.artisio.co/media/3fc437c0-fdbb-4208-955a-90293eab416d/inventory/85288708-d9b8-49f5-b622-9223677b213d/1fd60107-7073-456a-a0ae-18e6e75a674b/0002_WpxjLr_sm.jpeg;https://media.app.artisio.co/media/3fc437c0-fdbb-4208-955a-90293eab416d/inventory/85288708-d9b8-49f5-b622-9223677b213d/a59fa82c-4d66-4500-aa45-6049489a07f4/0003_bBxMvo_sm.jpeg;https://media.app.artisio.co/media/3fc437c0-fdbb-4208-955a-90293eab416d/inventory/85288708-d9b8-49f5-b622-9223677b213d/61b8cf5c-7f03-43aa-9d1a-2c6dc1108dc3/0004_KYikRk_sm.jpeg,4,"{""artist_retail_right"": false, ""comments"": null, ""description"": ""<p>Uitgevoerd in zwarte gestructureerde wol-mix met bontkraag. Het model met een dubbele rij knopen.</p>"", ""internal_reference"": null, ""keurkamer"": false, ""literature"": null, ""origin_exhibition_lite"": null, ""period"": null, ""title"": ""Frank Govers, een jas met bontkraag"", ""total"": null, ""weight_size_quality"": null}"
1990b7be-55d6-4dc5-b134-618a4b74efe9,2402,26-0597/6,5595f3f8-0d21-4337-985c-b62f62070ce9,719,"Juwelen, Horloges & Luxury",Luxury,"Frank Govers, een mantel","Frank Govers, een mantel","<h3>Description</h3><p>Vintage wollen jas in zwart-wit visgraatpatroon, met opstaande kraag en knoopsluiting.</p>",published,EUR,160.0,320.0,80.0,80.0,,1,0,,,True,"Mon, 31 Aug 2026 15:00:00 GMT","Wed, 16 Sep 2026 19:15:00 GMT",https://media.app.artisio.co/media/3fc437c0-fdbb-4208-955a-90293eab416d/inventory/aff5dd42-7331-450b-ba89-3aac07f718a5/0c5c8e7b-2560-45cd-b7ef-ddd82cc07339/0001_XHfOaC_sm.jpeg;https://media.app.artisio.co/media/3fc437c0-fdbb-4208-955a-90293eab416d/inventory/aff5dd42-7331-450b-ba89-3aac07f718a5/2f2b7392-aa2a-442a-a1d4-3ef52c84195a/0002_SWOoHn_sm.jpeg;https://media.app.artisio.co/media/3fc437c0-fdbb-4208-955a-90293eab416d/inventory/aff5dd42-7331-450b-ba89-3aac07f718a5/cc864d1f-62e5-45c9-a925-64428775b827/0003_OpJoVM_sm.jpeg;https://media.app.artisio.co/media/3fc437c0-fdbb-4208-955a-90293eab416d/inventory/aff5dd42-7331-450b-ba89-3aac07f718a5/8cfcda9b-9159-4356-baee-6f4bc10d66ec/0004_jZlcuz_sm.jpeg,4,"{""artist_retail_right"": false, ""comments"": null, ""description"": ""<p>Vintage wollen jas in zwart-wit visgraatpatroon, met opstaande kraag en knoopsluiting.</p>"", ""internal_reference"": null, ""keurkamer"": false, ""literature"": null, ""origin_exhibition_lite"": null, ""period"": null, ""title"": ""Frank Govers, een mantel"", ""total"": null, ""weight_size_quality"": null}"
4d5b2159-1b7e-49cd-9d9d-fc841e22108f,2403,26-0597/5,5595f3f8-0d21-4337-985c-b62f62070ce9,719,"Juwelen, Horloges & Luxury",Luxury,"Tod's, een G-bag","Tod's, een G-bag",<h3>Description</h3><p>Paars leren shopping grande tas in krokodil-patroon. Nieuw met kaartje.</p>,published,EUR,350.0,500.0,200.0,200.0,,1,1,200.0,200.0,True,"Mon, 31 Aug 2026 15:00:00 GMT","Wed, 16 Sep 2026 19:15:00 GMT",https://media.app.artisio.co/media/3fc437c0-fdbb-4208-955a-90293eab416d/inventory/be301b0d-6c89-44f6-94a4-463aecfe65b6/e44705b8-4e41-41bb-b55d-8d4a4531023c/0001_jgBesW_sm.jpeg;https://media.app.artisio.co/media/3fc437c0-fdbb-4208-955a-90293eab416d/inventory/be301b0d-6c89-44f6-94a4-463aecfe65b6/be588166-dd9f-47d7-9fba-d8be8a1f5186/0002_LhOEfS_sm.jpeg;https://media.app.artisio.co/media/3fc437c0-fdbb-4208-955a-90293eab416d/inventory/be301b0d-6c89-44f6-94a4-463aecfe65b6/eb1face5-9779-4284-9e65-e0402f79332e/0003_ZiAKns_sm.jpeg,3,"{""artist_retail_right"": false, ""comments"": null, ""description"": ""<p>Paars leren shopping grande tas in krokodil-patroon. Nieuw met kaartje.</p>"", ""internal_reference"": null, ""keurkamer"": false, ""literature"": null, ""origin_exhibition_lite"": null, ""period"": null, ""title"": ""Tod's, een G-bag"", ""total"": null, ""weight_size_quality"": null}"
b0c5c871-cd69-4610-a361-17f9b5326a1c,2404,26-0597/4,5595f3f8-0d21-4337-985c-b62f62070ce9,719,"Juwelen, Horloges & Luxury",Luxury,"Hermès, een riem","Hermès, een riem",<h3>Description</h3><p>Uitgevoerd in struisvogelleer met vergulde gesp met logo.</p><h3>Weight / Size / Quality</h3>maat 75,published,EUR,200.0,400.0,100.0,100.0,,1,1,100.0,100.0,True,"Mon, 31 Aug 2026 15:00:00 GMT","Wed, 16 Sep 2026 19:15:00 GMT",https://media.app.artisio.co/media/3fc437c0-fdbb-4208-955a-90293eab416d/inventory/01e9eada-219d-49aa-bfc1-4d1a2dd8fada/8e24f5e2-567c-48c4-8d33-b908ceab3f1c/0001_TDqckI_sm.jpeg;https://media.app.artisio.co/media/3fc437c0-fdbb-4208-955a-90293eab416d/inventory/01e9eada-219d-49aa-bfc1-4d1a2dd8fada/a85f5b42-1f25-49e7-8e7b-a0fec47a51ef/0002_hMBbNf_sm.jpeg;https://media.app.artisio.co/media/3fc437c0-fdbb-4208-955a-90293eab416d/inventory/01e9eada-219d-49aa-bfc1-4d1a2dd8fada/273e3115-5bed-4312-827b-a2486890ecc6/0003_hGkBWJ_sm.jpeg,3,"{""artist_retail_right"": false, ""comments"": null, ""description"": ""<p>Uitgevoerd in struisvogelleer met vergulde gesp met logo.</p>"", ""internal_reference"": null, ""keurkamer"": false, ""literature"": null, ""origin_exhibition_lite"": null, ""period"": null, ""title"": ""Hermès, een riem"", ""total"": null, ""weight_size_quality"": ""maat 75""}"
1119afd4-8e53-4ed6-b64d-067eba87d36c,2405,26-0597/3,5595f3f8-0d21-4337-985c-b62f62070ce9,719,"Juwelen, Horloges & Luxury",Luxury,"Chanel, een jas","Chanel, een jas","<h3>Period</h3>Jaren '90<h3>Description</h3><p>Coat dress uitgevoerd in dieppaarse wol met contrasterende gitzwarte kraag en bies van gesneden fluweel. Model met schoudervullingen, vier opgestikte zakken met fluwelen bies en een dubbele rij goudkleurige metalen Chanel-logo knopen.</p><h3>Weight / Size / Quality</h3>maat 38. Afmetingen: Totale lengte: 97 cm. Schouderbreedte: 42 cm. Mouwlengte: 58.",published,EUR,600.0,800.0,400.0,400.0,,1,0,,,True,"Mon, 31 Aug 2026 15:00:00 GMT","Wed, 16 Sep 2026 19:15:00 GMT",https://media.app.artisio.co/media/3fc437c0-fdbb-4208-955a-90293eab416d/inventory/7319e7c5-037b-42e9-827a-06144dc1d317/bfbd75d6-9b92-4c12-96ec-70b429f70b40/0001_cztBYi_sm.jpeg;https://media.app.artisio.co/media/3fc437c0-fdbb-4208-955a-90293eab416d/inventory/7319e7c5-037b-42e9-827a-06144dc1d317/72d1bb0d-533d-41ca-913f-3e39f0af44f8/0002_ADbPOx_sm.jpeg;https://media.app.artisio.co/media/3fc437c0-fdbb-4208-955a-90293eab416d/inventory/7319e7c5-037b-42e9-827a-06144dc1d317/a530a0c9-f484-4849-9c6d-8d17e7009c31/0003_sMIvFy_sm.jpeg;https://media.app.artisio.co/media/3fc437c0-fdbb-4208-955a-90293eab416d/inventory/7319e7c5-037b-42e9-827a-06144dc1d317/01087c3d-8648-443a-9549-6f71f2b8d279/0004_fsnJcn_sm.jpeg,4,"{""artist_retail_right"": false, ""comments"": null, ""description"": ""<p>Coat dress uitgevoerd in dieppaarse wol met contrasterende gitzwarte kraag en bies van gesneden fluweel. Model met schoudervullingen, vier opgestikte zakken met fluwelen bies en een dubbele rij goudkleurige metalen Chanel-logo knopen.</p>"", ""internal_reference"": null, ""keurkamer"": false, ""literature"": null, ""origin_exhibition_lite"": null, ""period"": ""Jaren '90"", ""title"": ""Chanel, een jas"", ""total"": null, ""weight_size_quality"": ""maat 38. Afmetingen: Totale lengte: 97 cm. Schouderbreedte: 42 cm. Mouwlengte: 58.""}"
48c88ec7-49ab-41eb-a5fd-037e5286c9fc,2406,26-0597/2,5595f3f8-0d21-4337-985c-b62f62070ce9,719,"Juwelen, Horloges & Luxury",Luxury,"Jan Taminiau, een blazer","Jan Taminiau, een blazer",<h3>Description</h3><p>Uitgevoerd in zwart met reliëfdecor van een slang op de rug. Getailleerd model met drieknoops sluiting.&nbsp;</p>,published,EUR,400.0,600.0,200.0,200.0,,1,0,,,True,"Mon, 31 Aug 2026 15:00:00 GMT","Wed, 16 Sep 2026 19:15:00 GMT",https://media.app.artisio.co/media/3fc437c0-fdbb-4208-955a-90293eab416d/inventory/7fbfb808-b22a-4b54-9fd5-3171fa1d1f55/538d75e5-ddaa-4766-9456-c54337ccd5fb/0001_qvwazx_sm.jpeg;https://media.app.artisio.co/media/3fc437c0-fdbb-4208-955a-90293eab416d/inventory/7fbfb808-b22a-4b54-9fd5-3171fa1d1f55/c5802dd1-f562-4a3c-930d-afcc1db0bfeb/0002_SWiAmG_sm.jpeg;https://media.app.artisio.co/media/3fc437c0-fdbb-4208-955a-90293eab416d/inventory/7fbfb808-b22a-4b54-9fd5-3171fa1d1f55/56db1f13-d0ce-4eb0-a184-1aba80cb0c28/0003_vtaUUY_sm.jpeg;https://media.app.artisio.co/media/3fc437c0-fdbb-4208-955a-90293eab416d/inventory/7fbfb808-b22a-4b54-9fd5-3171fa1d1f55/1fcd8f67-0297-4334-bd0e-7af6eccc7dc5/0004_feKMTH_sm.jpeg,4,"{""artist_retail_right"": false, ""comments"": null, ""description"": ""<p>Uitgevoerd in zwart met reliëfdecor van een slang op de rug. Getailleerd model met drieknoops sluiting.&nbsp;</p>"", ""internal_reference"": null, ""keurkamer"": false, ""literature"": null, ""origin_exhibition_lite"": null, ""period"": null, ""title"": ""Jan Taminiau, een blazer"", ""total"": null, ""weight_size_quality"": null}"
ca775986-d86e-4ba5-84dd-ffa167f9a2a3,2407,26-0597/1,5595f3f8-0d21-4337-985c-b62f62070ce9,719,"Juwelen, Horloges & Luxury",Luxury,"Frank Govers, een gilet","Frank Govers, een gilet","<h3>Description</h3><p>Uitgevoerd in rood en rijk geborduurd met pailletten, met stoffen knopen.</p><h3>Weight / Size / Quality</h3>maat S",published,EUR,100.0,200.0,50.0,50.0,,1,0,,,True,"Mon, 31 Aug 2026 15:00:00 GMT","Wed, 16 Sep 2026 19:15:00 GMT",https://media.app.artisio.co/media/3fc437c0-fdbb-4208-955a-90293eab416d/inventory/57e738c3-9439-483c-8f6d-3a4a42e00fd9/1a851c15-be0a-4ae7-8dc6-e89f600e50a5/0001_pcanon_sm.jpeg;https://media.app.artisio.co/media/3fc437c0-fdbb-4208-955a-90293eab416d/inventory/57e738c3-9439-483c-8f6d-3a4a42e00fd9/b5197a3c-57c9-440b-bafb-c8ffeb655f44/0002_QCJDRA_sm.jpeg;https://media.app.artisio.co/media/3fc437c0-fdbb-4208-955a-90293eab416d/inventory/57e738c3-9439-483c-8f6d-3a4a42e00fd9/b3403a4a-ee5d-48ac-849f-e276543e9045/0003_KtsBCb_sm.jpeg;https://media.app.artisio.co/media/3fc437c0-fdbb-4208-955a-90293eab416d/inventory/57e738c3-9439-483c-8f6d-3a4a42e00fd9/00155947-6826-4dae-b431-58e74f3296db/0004_EGXblg_sm.jpeg,4,"{""artist_retail_right"": false, ""comments"": null, ""description"": ""<p>Uitgevoerd in rood en rijk geborduurd met pailletten, met stoffen knopen.</p>"", ""internal_reference"": null, ""keurkamer"": false, ""literature"": null, ""origin_exhibition_lite"": null, ""period"": null, ""title"": ""Frank Govers, een gilet"", ""total"": null, ""weight_size_quality"": ""maat S""}"
6077cfc9-14f7-498c-b20a-40394402c4fe,2408,26-0549/6,5595f3f8-0d21-4337-985c-b62f62070ce9,719,"Juwelen, Horloges & Luxury",Luxury,"Gucci, een 'Horsebit 1955 Bucket' schoudertas","Gucci, een 'Horsebit 1955 Bucket' schoudertas",<h3>Description</h3><p>De zwarte lederen tas met flexibele bovenzijde en suède binnenkant.</p>,published,EUR,300.0,500.0,200.0,200.0,,1,1,200.0,200.0,True,"Mon, 31 Aug 2026 15:00:00 GMT","Wed, 16 Sep 2026 19:18:00 GMT",https://media.app.artisio.co/media/3fc437c0-fdbb-4208-955a-90293eab416d/inventory/7f71d786-f971-4dc6-b0c0-17e63e62c3b9/22ed91c3-7b23-49bb-bcf0-200f2a8a5f1f/0001_KPDrMD_sm.jpeg;https://media.app.artisio.co/media/3fc437c0-fdbb-4208-955a-90293eab416d/inventory/7f71d786-f971-4dc6-b0c0-17e63e62c3b9/9791708d-83f6-4f08-8eac-8518a9ed81b2/0002_tLXLfB_sm.jpeg;https://media.app.artisio.co/media/3fc437c0-fdbb-4208-955a-90293eab416d/inventory/7f71d786-f971-4dc6-b0c0-17e63e62c3b9/75d1d27a-d0bb-4bd7-a59e-e18453e61e39/0003_afFhec_sm.jpeg,3,"{""artist_retail_right"": false, ""comments"": null, ""description"": ""<p>De zwarte lederen tas met flexibele bovenzijde en suède binnenkant.</p>"", ""internal_reference"": null, ""keurkamer"": false, ""literature"": null, ""origin_exhibition_lite"": null, ""period"": null, ""title"": ""Gucci, een 'Horsebit 1955 Bucket' schoudertas"", ""total"": null, ""weight_size_quality"": null}"
aaeaa08b-e9e0-41be-b162-f481507205f9,2410,26-0855/2,5595f3f8-0d21-4337-985c-b62f62070ce9,719,"Juwelen, Horloges & Luxury",Luxury,"Fong Leng, een mantel","Fong Leng, een mantel","<h3>Period</h3>2003<h3>Description</h3><p>Fong-Leng (Rotterdam, 1937), opvallende roze mantel in zijde, afgewerkt met zwart krullend bont langs de kraag, voorpanden en manchetten. De mantel is rijk gedecoreerd met veelkleurig borduurwerk in blauw, rood, roze, goud en zilver, uitgevoerd in een geometrisch ruitpatroon met gestileerde bloem- en ornamentmotieven.</p><p>Open model met rechte voorpanden, goudkleurige bies langs de randen en een volumineuze, sculpturale belijning. De combinatie van glanzende zijde, contrasterend zwart bont en expressief borduurwerk is kenmerkend voor Fong-Lengs exuberante materiaal- en kleurgebruik.</p><h3>Origin / Exhibition / Lite</h3>Tentoongesteld: 'Fong-Leng & Fans - 60 jaar Fashion & Faam', Museum Jan, Amstelveen, 15 oktober 2025 - 6 april 2026",published,EUR,5000.0,8000.0,4000.0,4000.0,,1,0,,,True,"Mon, 31 Aug 2026 15:00:00 GMT","Wed, 16 Sep 2026 19:18:00 GMT",https://media.app.artisio.co/media/3fc437c0-fdbb-4208-955a-90293eab416d/inventory/aa13f31a-7af7-4e67-a8eb-ed4f748c8dff/26ed9f28-1dba-4863-b835-403f528fdf15/0001_GOTUYk_sm.jpeg;https://media.app.artisio.co/media/3fc437c0-fdbb-4208-955a-90293eab416d/inventory/aa13f31a-7af7-4e67-a8eb-ed4f748c8dff/cd702292-4703-41b9-8eca-eac2c9af037e/0002_YVSdkz_sm.jpeg;https://media.app.artisio.co/media/3fc437c0-fdbb-4208-955a-90293eab416d/inventory/aa13f31a-7af7-4e67-a8eb-ed4f748c8dff/73c4abbd-8091-4c3d-a81e-2be3c476a2b4/0003_hccyyM_sm.jpeg,3,"{""artist_retail_right"": false, ""comments"": null, ""description"": ""<p>Fong-Leng (Rotterdam, 1937), opvallende roze mantel in zijde, afgewerkt met zwart krullend bont langs de kraag, voorpanden en manchetten. De mantel is rijk gedecoreerd met veelkleurig borduurwerk in blauw, rood, roze, goud en zilver, uitgevoerd in een geometrisch ruitpatroon met gestileerde bloem- en ornamentmotieven.</p><p>Open model met rechte voorpanden, goudkleurige bies langs de randen en een volumineuze, sculpturale belijning. De combinatie van glanzende zijde, contrasterend zwart bont en expressief borduurwerk is kenmerkend voor Fong-Lengs exuberante materiaal- en kleurgebruik.</p>"", ""internal_reference"": null, ""keurkamer"": false, ""literature"": null, ""origin_exhibition_lite"": ""Tentoongesteld: 'Fong-Leng & Fans - 60 jaar Fashion & Faam', Museum Jan, Amstelveen, 15 oktober 2025 - 6 april 2026"", ""period"": ""2003"", ""title"": ""Fong Leng, een mantel"", ""total"": null, ""weight_size_quality"": null}"
4347dc45-2d1c-4da5-b01c-0d73d9511bf2,2412,26-0857/1,5595f3f8-0d21-4337-985c-b62f62070ce9,719,"Juwelen, Horloges & Luxury",Luxury,"Dick Holthaus, 'Collection Twenty-Seven', een waistcoat","Dick Holthaus, 'Collection Twenty-Seven', een waistcoat","<h3>Description</h3><p>Recht, mouwloos model met brede schouderpartijen, diepe V-hals en volledig doorgeknoopte voorzijde. Voorzien van vier opgestikte zakken met klep en knoopsluiting: twee borstzakken en twee lagere zakken.</p><h3>Weight / Size / Quality</h3>Afmetingen : Totale lengte: 96 cm. Schouderbreedte: 30 cm. Mouwlengte: 65 cm.",published,EUR,100.0,200.0,50.0,50.0,,1,0,,,True,"Mon, 31 Aug 2026 15:00:00 GMT","Wed, 16 Sep 2026 19:18:00 GMT",https://media.app.artisio.co/media/3fc437c0-fdbb-4208-955a-90293eab416d/inventory/1cf41a70-2864-43f2-abc7-8146260599d8/2ee92057-c926-4d0b-a69f-56f44d2c6ebe/0001_iljoKN_sm.jpeg;https://media.app.artisio.co/media/3fc437c0-fdbb-4208-955a-90293eab416d/inventory/1cf41a70-2864-43f2-abc7-8146260599d8/8db8e82a-adcf-48c9-82e8-3188209c0058/0002_QAaHiq_sm.jpeg;https://media.app.artisio.co/media/3fc437c0-fdbb-4208-955a-90293eab416d/inventory/1cf41a70-2864-43f2-abc7-8146260599d8/8c51a85e-3425-43c1-8265-295d4f184f47/0003_qfkZVj_sm.jpeg;https://media.app.artisio.co/media/3fc437c0-fdbb-4208-955a-90293eab416d/inventory/1cf41a70-2864-43f2-abc7-8146260599d8/fa41a0b8-b734-480c-ab31-6dbd527ad3ee/0004_JqMDem_sm.jpeg,4,"{""artist_retail_right"": false, ""comments"": null, ""description"": ""<p>Recht, mouwloos model met brede schouderpartijen, diepe V-hals en volledig doorgeknoopte voorzijde. Voorzien van vier opgestikte zakken met klep en knoopsluiting: twee borstzakken en twee lagere zakken.</p>"", ""internal_reference"": null, ""keurkamer"": false, ""literature"": null, ""origin_exhibition_lite"": null, ""period"": null, ""title"": ""Dick Holthaus, 'Collection Twenty-Seven', een waistcoat"", ""total"": null, ""weight_size_quality"": ""Afmetingen : Totale lengte: 96 cm. Schouderbreedte: 30 cm. Mouwlengte: 65 cm.""}"
c9839faa-796b-4bd8-836d-c0a2dddbe49d,2413,26-0597/91,5595f3f8-0d21-4337-985c-b62f62070ce9,719,"Juwelen, Horloges & Luxury",Luxury,"NATAN, een rok","NATAN, een rok","<h3>Description</h3><p>Uitgevoerd in crèmekleurige/beige met een florale aquarel-print in groen, oker en oud-roze tinten. Hoge, brede tailleband met een bijpassende ceintuur en beklede gesp. Uitlopend A-lijn model met plooien en midi-lengte.</p><h3>Weight / Size / Quality</h3>Maat 38",published,EUR,100.0,200.0,50.0,50.0,,1,0,,,True,"Mon, 31 Aug 2026 15:00:00 GMT","Wed, 16 Sep 2026 19:18:00 GMT",https://media.app.artisio.co/media/3fc437c0-fdbb-4208-955a-90293eab416d/inventory/e71c4d85-e136-413f-9d62-4d0ecf2bf782/e1b77600-de8d-4400-a408-146633993144/0001_WHzgGO_sm.jpeg;https://media.app.artisio.co/media/3fc437c0-fdbb-4208-955a-90293eab416d/inventory/e71c4d85-e136-413f-9d62-4d0ecf2bf782/547819cd-1941-48c4-b3c2-6790f292bab1/0002_DXvsIJ_sm.jpeg;https://media.app.artisio.co/media/3fc437c0-fdbb-4208-955a-90293eab416d/inventory/e71c4d85-e136-413f-9d62-4d0ecf2bf782/842ea39c-9d0d-47a6-9c95-9f065a991ac0/0003_TzcZQy_sm.jpeg;https://media.app.artisio.co/media/3fc437c0-fdbb-4208-955a-90293eab416d/inventory/e71c4d85-e136-413f-9d62-4d0ecf2bf782/0c7205e0-1c5b-428a-ab95-8985748c7312/0004_OETKDs_sm.jpeg,4,"{""artist_retail_right"": false, ""comments"": ""<p>https://venduehuis.wetransfer.com/previews/f508e42c1c54fb16cf2ff40dbf36fada20260824073109/85c79939174911243ae0c9c72541e43720260824074639/b96a34?itemId=6b4ee37d8726ad53ae42f27d7e58156020260824074639</p>"", ""description"": ""<p>Uitgevoerd in crèmekleurige/beige met een florale aquarel-print in groen, oker en oud-roze tinten. Hoge, brede tailleband met een bijpassende ceintuur en beklede gesp. Uitlopend A-lijn model met plooien en midi-lengte.</p>"", ""internal_reference"": null, ""keurkamer"": false, ""literature"": null, ""origin_exhibition_lite"": null, ""period"": null, ""title"": ""NATAN, een rok"", ""total"": null, ""weight_size_quality"": ""Maat 38""}"
60a92a9a-5bc2-4b44-b89d-796405f76553,2414,26-0597/92,5595f3f8-0d21-4337-985c-b62f62070ce9,719,"Juwelen, Horloges & Luxury",Luxury,"Frank Govers, een rok","Frank Govers, een rok","<h3>Description</h3><p>Couture-rok met brede heuppas uitgevoerd in horizontaal geribde stof met een groen-zwarte glans, afgezet met een ruche. Daaronder een wijd uitlopende rok van zwart devoré-fluweel met uitgesneden bloemmotief en een zwarte kanten onderrand. Midi-lengte.</p>",published,EUR,100.0,200.0,50.0,50.0,,1,0,,,True,"Mon, 31 Aug 2026 15:00:00 GMT","Wed, 16 Sep 2026 19:18:00 GMT",https://media.app.artisio.co/media/3fc437c0-fdbb-4208-955a-90293eab416d/inventory/275bb83b-1c90-4f8e-8549-5ff1695d8c87/fe5ecf79-7ca2-4747-ad9d-9352e9778db3/0001_hSILrV_sm.jpeg;https://media.app.artisio.co/media/3fc437c0-fdbb-4208-955a-90293eab416d/inventory/275bb83b-1c90-4f8e-8549-5ff1695d8c87/9c07ef29-5b09-40e7-bfcc-69f20bedeebc/0002_wSdGOC_sm.jpeg;https://media.app.artisio.co/media/3fc437c0-fdbb-4208-955a-90293eab416d/inventory/275bb83b-1c90-4f8e-8549-5ff1695d8c87/a7e70194-5723-4d4c-958e-597d14370b64/0003_eVdZvq_sm.jpeg;https://media.app.artisio.co/media/3fc437c0-fdbb-4208-955a-90293eab416d/inventory/275bb83b-1c90-4f8e-8549-5ff1695d8c87/a0f3f73d-1bf3-4125-9c61-21b1a595a144/0004_Snyhmc_sm.jpeg,4,"{""artist_retail_right"": false, ""comments"": ""<p>https://venduehuis.wetransfer.com/previews/f508e42c1c54fb16cf2ff40dbf36fada20260824073109/85c79939174911243ae0c9c72541e43720260824074639/b96a34?itemId=0f373c5e2a04c9101a8272d822b711c920260824074639</p>"", ""description"": ""<p>Couture-rok met brede heuppas uitgevoerd in horizontaal geribde stof met een groen-zwarte glans, afgezet met een ruche. Daaronder een wijd uitlopende rok van zwart devoré-fluweel met uitgesneden bloemmotief en een zwarte kanten onderrand. Midi-lengte.</p>"", ""internal_reference"": null, ""keurkamer"": false, ""literature"": null, ""origin_exhibition_lite"": null, ""period"": null, ""title"": ""Frank Govers, een rok"", ""total"": null, ""weight_size_quality"": null}"
ae9cea75-f028-459c-b114-1d5ad95f6733,2415,26-0597/93,5595f3f8-0d21-4337-985c-b62f62070ce9,719,"Juwelen, Horloges & Luxury",Luxury,"NATAN, een jas ","NATAN, een jas ","<h3>Description</h3><p>Getailleerd jasje in een horizontaal streepdessin van zwart en zilvergrijs (satijnachtige glans). Ronde hals zonder kraag, verdekte sluiting voor met een sierlijke stofgesp op de taille. Getailleerd model met licht uitlopende peplum-zoom; lange mouwen.</p><h3>Weight / Size / Quality</h3>maat 38",published,EUR,100.0,200.0,50.0,50.0,,1,0,,,True,"Mon, 31 Aug 2026 15:00:00 GMT","Wed, 16 Sep 2026 19:21:00 GMT",https://media.app.artisio.co/media/3fc437c0-fdbb-4208-955a-90293eab416d/inventory/cec6e063-165e-4d56-b662-bc34904d54c1/18297a7c-d376-42d9-9a30-527d1e326e13/0001_sSBPtM_sm.jpeg;https://media.app.artisio.co/media/3fc437c0-fdbb-4208-955a-90293eab416d/inventory/cec6e063-165e-4d56-b662-bc34904d54c1/8a4b39c9-0647-48d9-acca-a681d2f94ced/0002_IStyhk_sm.jpeg;https://media.app.artisio.co/media/3fc437c0-fdbb-4208-955a-90293eab416d/inventory/cec6e063-165e-4d56-b662-bc34904d54c1/43e72eaf-ba7b-4a60-8495-a95961ff8207/0003_huYGlO_sm.jpeg;https://media.app.artisio.co/media/3fc437c0-fdbb-4208-955a-90293eab416d/inventory/cec6e063-165e-4d56-b662-bc34904d54c1/543107d0-93b2-41e7-be42-aa3c43f478ee/0004_FXplYP_sm.jpeg,4,"{""artist_retail_right"": false, ""comments"": ""<p>https://venduehuis.wetransfer.com/previews/f508e42c1c54fb16cf2ff40dbf36fada20260824073109/85c79939174911243ae0c9c72541e43720260824074639/b96a34?itemId=26758def2ccbbec063852ca64907c94e20260824074639</p>"", ""description"": ""<p>Getailleerd jasje in een horizontaal streepdessin van zwart en zilvergrijs (satijnachtige glans). Ronde hals zonder kraag, verdekte sluiting voor met een sierlijke stofgesp op de taille. Getailleerd model met licht uitlopende peplum-zoom; lange mouwen.</p>"", ""internal_reference"": null, ""keurkamer"": false, ""literature"": null, ""origin_exhibition_lite"": null, ""period"": null, ""title"": ""NATAN, een jas "", ""total"": null, ""weight_size_quality"": ""maat 38""}"
7606775e-4536-43fa-9175-a3f8e3a7f751,2416,26-0597/94,5595f3f8-0d21-4337-985c-b62f62070ce9,719,"Juwelen, Horloges & Luxury",Luxury,"Vivienne Westwood, 'Red Label', een jurk","Vivienne Westwood, 'Red Label', een jurk",<h3>Description</h3><p>Uitgevoerd in poederroze kant met bloemmotieven. Mouwloos midi-lengte model met een gedrapeerde hals en een verlaagde taille die overloopt in een licht uitlopende rok.</p><h3>Weight / Size / Quality</h3>maat 48,published,EUR,50.0,100.0,35.0,35.0,,1,0,,,True,"Mon, 31 Aug 2026 15:00:00 GMT","Wed, 16 Sep 2026 19:21:00 GMT",https://media.app.artisio.co/media/3fc437c0-fdbb-4208-955a-90293eab416d/inventory/751a4997-61c5-4fe6-98ff-75ab4a98e6a9/9e18df61-d39c-47a5-82d2-e0601151961d/0001_BHXdbt_sm.jpeg;https://media.app.artisio.co/media/3fc437c0-fdbb-4208-955a-90293eab416d/inventory/751a4997-61c5-4fe6-98ff-75ab4a98e6a9/3942a6d0-6697-4289-8638-be9250dee679/0002_EyqTps_sm.jpeg;https://media.app.artisio.co/media/3fc437c0-fdbb-4208-955a-90293eab416d/inventory/751a4997-61c5-4fe6-98ff-75ab4a98e6a9/6e1d1d25-4c2c-4caf-b552-1626106bf434/0003_EPiZAS_sm.jpeg;https://media.app.artisio.co/media/3fc437c0-fdbb-4208-955a-90293eab416d/inventory/751a4997-61c5-4fe6-98ff-75ab4a98e6a9/ef9c2b25-58af-4f73-9fa3-e21b31b78308/0004_VpRWLb_sm.jpeg,4,"{""artist_retail_right"": false, ""comments"": ""<p>https://venduehuis.wetransfer.com/previews/f508e42c1c54fb16cf2ff40dbf36fada20260824073109/85c79939174911243ae0c9c72541e43720260824074639/b96a34?itemId=4e989fd6d7d86b8356d4a42a5009fdab20260824074639</p>"", ""description"": ""<p>Uitgevoerd in poederroze kant met bloemmotieven. Mouwloos midi-lengte model met een gedrapeerde hals en een verlaagde taille die overloopt in een licht uitlopende rok.</p>"", ""internal_reference"": null, ""keurkamer"": false, ""literature"": null, ""origin_exhibition_lite"": null, ""period"": null, ""title"": ""Vivienne Westwood, 'Red Label', een jurk"", ""total"": null, ""weight_size_quality"": ""maat 48""}"
98afcd84-bc64-471e-8768-de451d064150,2417,26-0597/95,5595f3f8-0d21-4337-985c-b62f62070ce9,719,"Juwelen, Horloges & Luxury",Luxury,"Vivienne Westwood, 'Anglomania Collection', een jasje","Vivienne Westwood, 'Anglomania Collection', een jasje","<h3>Description</h3><p>Kort, getailleerd zwart jasje met brede, gedrapeerde kraag die laag over de schouders valt. Sluiting met vier knopen aan de voorzijde, lange mouwen. Uitgevoerd in een katoenachtige stof.</p>",published,EUR,50.0,100.0,35.0,35.0,,1,0,,,True,"Mon, 31 Aug 2026 15:00:00 GMT","Wed, 16 Sep 2026 19:21:00 GMT",https://media.app.artisio.co/media/3fc437c0-fdbb-4208-955a-90293eab416d/inventory/0ed9e2f9-71d5-4909-b58f-5940f6addcba/7997ac77-4a0e-4e05-921e-4c24791274ba/0001_XPYEWX_sm.jpeg;https://media.app.artisio.co/media/3fc437c0-fdbb-4208-955a-90293eab416d/inventory/0ed9e2f9-71d5-4909-b58f-5940f6addcba/cdfb8aa9-4fd0-448a-9653-c94386134e24/0002_YIGsvi_sm.jpeg;https://media.app.artisio.co/media/3fc437c0-fdbb-4208-955a-90293eab416d/inventory/0ed9e2f9-71d5-4909-b58f-5940f6addcba/509ac582-efc8-46a0-83e9-f47f71a7ad14/0003_VcwTBi_sm.jpeg;https://media.app.artisio.co/media/3fc437c0-fdbb-4208-955a-90293eab416d/inventory/0ed9e2f9-71d5-4909-b58f-5940f6addcba/6e72bd0f-4e7b-4e71-8093-0613a93f5c1e/0004_nQmdUW_sm.jpeg,4,"{""artist_retail_right"": false, ""comments"": ""<p>https://venduehuis.wetransfer.com/previews/f508e42c1c54fb16cf2ff40dbf36fada20260824073109/85c79939174911243ae0c9c72541e43720260824074639/b96a34?itemId=8b1b11ffadbe9c6c0f772f87b3a7eba120260824074639</p>"", ""description"": ""<p>Kort, getailleerd zwart jasje met brede, gedrapeerde kraag die laag over de schouders valt. Sluiting met vier knopen aan de voorzijde, lange mouwen. Uitgevoerd in een katoenachtige stof.</p>"", ""internal_reference"": null, ""keurkamer"": false, ""literature"": null, ""origin_exhibition_lite"": null, ""period"": null, ""title"": ""Vivienne Westwood, 'Anglomania Collection', een jasje"", ""total"": null, ""weight_size_quality"": null}"
e1e21d40-9f34-46cc-8dc3-eb8822797454,2418,26-0597/96,5595f3f8-0d21-4337-985c-b62f62070ce9,719,"Juwelen, Horloges & Luxury",Luxury,"Henk Hendriks, een jurk","Henk Hendriks, een jurk","<h3>Description</h3><p>Uitgevoerd in zwart met subtiele ton-sur-ton stippen. Knielengte model met opstaande kraag, lange mouwen met licht gepofte schouders en een gedrapeerd heupstuk overlopend in een dubbele volantrok. Sluiting op de rug.&nbsp;</p>",published,EUR,50.0,100.0,35.0,35.0,,1,0,,,True,"Mon, 31 Aug 2026 15:00:00 GMT","Wed, 16 Sep 2026 19:21:00 GMT",https://media.app.artisio.co/media/3fc437c0-fdbb-4208-955a-90293eab416d/inventory/dfcb4754-12ce-44bf-90aa-54d425a2bb12/60724faf-5645-420f-93b9-00879ea636a2/0001_hmnYdA_sm.jpeg;https://media.app.artisio.co/media/3fc437c0-fdbb-4208-955a-90293eab416d/inventory/dfcb4754-12ce-44bf-90aa-54d425a2bb12/cb727643-ecac-407d-a9aa-6f808af7be8f/0002_DiySRH_sm.jpeg;https://media.app.artisio.co/media/3fc437c0-fdbb-4208-955a-90293eab416d/inventory/dfcb4754-12ce-44bf-90aa-54d425a2bb12/427f9f78-ac51-4ee4-92ac-d301d36f8e77/0003_EDZYKK_sm.jpeg;https://media.app.artisio.co/media/3fc437c0-fdbb-4208-955a-90293eab416d/inventory/dfcb4754-12ce-44bf-90aa-54d425a2bb12/fd4785ea-2af6-469a-a5e8-8d13588e9602/0004_YWXKtw_sm.jpeg,4,"{""artist_retail_right"": false, ""comments"": ""<p>https://venduehuis.wetransfer.com/previews/f508e42c1c54fb16cf2ff40dbf36fada20260824073109/85c79939174911243ae0c9c72541e43720260824074639/b96a34?itemId=c956cd67818dc70ccf5f98766564fa0920260824074639</p>"", ""description"": ""<p>Uitgevoerd in zwart met subtiele ton-sur-ton stippen. Knielengte model met opstaande kraag, lange mouwen met licht gepofte schouders en een gedrapeerd heupstuk overlopend in een dubbele volantrok. Sluiting op de rug.&nbsp;</p>"", ""internal_reference"": null, ""keurkamer"": false, ""literature"": null, ""origin_exhibition_lite"": null, ""period"": null, ""title"": ""Henk Hendriks, een jurk"", ""total"": null, ""weight_size_quality"": null}"
426dca6f-7c50-4d89-8942-461bd38fa928,2419,26-0597/97,5595f3f8-0d21-4337-985c-b62f62070ce9,719,"Juwelen, Horloges & Luxury",Luxury,"Panc Vergouw, een cape","Panc Vergouw, een cape","<h3>Description</h3><p>Ruime cape/omslag in helder kobalblauw. Alle randen, inclusief de openvallende voorzijde, zijn afgewerkt met een decoratieve schulprand. Losvallend, wijd model dat als cape over de schouders wordt gedragen.</p>",published,EUR,50.0,100.0,35.0,35.0,,1,1,35.0,35.0,True,"Mon, 31 Aug 2026 15:00:00 GMT","Wed, 16 Sep 2026 19:21:00 GMT",https://media.app.artisio.co/media/3fc437c0-fdbb-4208-955a-90293eab416d/inventory/d22d55c7-75f9-45c9-b086-2856df9290b7/ed183698-4d73-4d8c-a393-fe4ca00b7e64/0001_HVATFl_sm.jpeg;https://media.app.artisio.co/media/3fc437c0-fdbb-4208-955a-90293eab416d/inventory/d22d55c7-75f9-45c9-b086-2856df9290b7/13a35f0f-4416-4ff3-bcb3-527adbe08787/0002_fIPUWR_sm.jpeg;https://media.app.artisio.co/media/3fc437c0-fdbb-4208-955a-90293eab416d/inventory/d22d55c7-75f9-45c9-b086-2856df9290b7/b97f3da6-17c2-4780-ace0-8f9733c27b83/0003_NaLfbg_sm.jpeg;https://media.app.artisio.co/media/3fc437c0-fdbb-4208-955a-90293eab416d/inventory/d22d55c7-75f9-45c9-b086-2856df9290b7/c983a4b7-6d42-4eb0-98b4-8ccaf305ec45/0004_RtplnF_sm.jpeg,4,"{""artist_retail_right"": false, ""comments"": ""<p>https://venduehuis.wetransfer.com/previews/f508e42c1c54fb16cf2ff40dbf36fada20260824073109/85c79939174911243ae0c9c72541e43720260824074639/b96a34?itemId=f2e06e5b72dc6baeed174ac2e5ae47ea20260824074639</p>"", ""description"": ""<p>Ruime cape/omslag in helder kobalblauw. Alle randen, inclusief de openvallende voorzijde, zijn afgewerkt met een decoratieve schulprand. Losvallend, wijd model dat als cape over de schouders wordt gedragen.</p>"", ""internal_reference"": null, ""keurkamer"": false, ""literature"": null, ""origin_exhibition_lite"": null, ""period"": null, ""title"": ""Panc Vergouw, een cape"", ""total"": null, ""weight_size_quality"": null}"
f74c72c4-4e48-47df-9aea-0fbf1680f5b0,2420,26-0597/98,5595f3f8-0d21-4337-985c-b62f62070ce9,719,"Juwelen, Horloges & Luxury",Luxury,"Edgar Vos, een rok","Edgar Vos, een rok","<h3>Description</h3><p>Uitgevoerd in zwart. Knielengte model met platte heuppas, met een knoopje aan de voorzijde, waaronder de stof geplooid uitloopt tot een wijde rok.&nbsp;</p>",published,EUR,100.0,150.0,50.0,50.0,,1,0,,,True,"Mon, 31 Aug 2026 15:00:00 GMT","Wed, 16 Sep 2026 19:21:00 GMT",https://media.app.artisio.co/media/3fc437c0-fdbb-4208-955a-90293eab416d/inventory/01ade958-f6c9-4653-990f-bfc5f141333d/fc0a1f95-745d-445a-860b-2b6378d9ce6d/00001_sHtRHy_sm.jpeg;https://media.app.artisio.co/media/3fc437c0-fdbb-4208-955a-90293eab416d/inventory/01ade958-f6c9-4653-990f-bfc5f141333d/be5e0773-6530-4bfb-8b4f-447c1ff015ec/0001_gwwKdZ_sm.jpeg;https://media.app.artisio.co/media/3fc437c0-fdbb-4208-955a-90293eab416d/inventory/01ade958-f6c9-4653-990f-bfc5f141333d/bbec59db-e225-4b3d-afc9-585a45d11570/0002_rRuIvg_sm.jpeg;https://media.app.artisio.co/media/3fc437c0-fdbb-4208-955a-90293eab416d/inventory/01ade958-f6c9-4653-990f-bfc5f141333d/210c5116-c7f0-43ec-89e8-b444413960e1/0003_mGPsdx_sm.jpeg,4,"{""artist_retail_right"": false, ""comments"": ""<p>https://venduehuis.wetransfer.com/previews/f508e42c1c54fb16cf2ff40dbf36fada20260824073109/85c79939174911243ae0c9c72541e43720260824074639/b96a34?itemId=239370078613a0d763e50c9a21cb0aec20260824074639</p>"", ""description"": ""<p>Uitgevoerd in zwart. Knielengte model met platte heuppas, met een knoopje aan de voorzijde, waaronder de stof geplooid uitloopt tot een wijde rok.&nbsp;</p>"", ""internal_reference"": null, ""keurkamer"": false, ""literature"": null, ""origin_exhibition_lite"": null, ""period"": null, ""title"": ""Edgar Vos, een rok"", ""total"": null, ""weight_size_quality"": null}"
92b760d7-7cd2-4235-8701-5e780675d0db,2421,26-0597/99,5595f3f8-0d21-4337-985c-b62f62070ce9,719,"Juwelen, Horloges & Luxury",Luxury,"Frank Govers, een blouse","Frank Govers, een blouse","<h3>Description</h3><p>Uitgevoerd in zwarte, semi-transparante chiffon. Ruimvallend model met hoge opstaande kraag met knoopsluiting, en wijde, gepofte mouwen uitlopend in nauwe manchetten met een rij stoffen knoopjes. Verdekte knoopsluiting voor.</p>",published,EUR,50.0,100.0,35.0,35.0,,1,0,,,True,"Mon, 31 Aug 2026 15:00:00 GMT","Wed, 16 Sep 2026 19:24:00 GMT",https://media.app.artisio.co/media/3fc437c0-fdbb-4208-955a-90293eab416d/inventory/552fb256-7b2a-4274-a939-44b0f33a289c/5ef3ff63-fbbb-4b74-9ac4-6036d443557b/0001_XjmGOv_sm.jpeg;https://media.app.artisio.co/media/3fc437c0-fdbb-4208-955a-90293eab416d/inventory/552fb256-7b2a-4274-a939-44b0f33a289c/58bcc59c-35b7-4ef9-9148-77e040f70b52/0002_vipfFl_sm.jpeg;https://media.app.artisio.co/media/3fc437c0-fdbb-4208-955a-90293eab416d/inventory/552fb256-7b2a-4274-a939-44b0f33a289c/5f2de515-c082-4975-901f-61a2b1dd170f/0003_MoAhOI_sm.jpeg;https://media.app.artisio.co/media/3fc437c0-fdbb-4208-955a-90293eab416d/inventory/552fb256-7b2a-4274-a939-44b0f33a289c/fa7c1413-6d38-4928-9403-8c7a9d725279/0004_xaWojK_sm.jpeg,4,"{""artist_retail_right"": false, ""comments"": ""<p>https://venduehuis.wetransfer.com/previews/f508e42c1c54fb16cf2ff40dbf36fada20260824073109/85c79939174911243ae0c9c72541e43720260824074639/b96a34?itemId=5fe23cc0215dc6abb91a2e85b33fde5520260824074639</p>"", ""description"": ""<p>Uitgevoerd in zwarte, semi-transparante chiffon. Ruimvallend model met hoge opstaande kraag met knoopsluiting, en wijde, gepofte mouwen uitlopend in nauwe manchetten met een rij stoffen knoopjes. Verdekte knoopsluiting voor.</p>"", ""internal_reference"": null, ""keurkamer"": false, ""literature"": null, ""origin_exhibition_lite"": null, ""period"": null, ""title"": ""Frank Govers, een blouse"", ""total"": null, ""weight_size_quality"": null}"
8e0a65be-285b-4d2c-8034-4a2ed245596c,2422,26-0470/20,5595f3f8-0d21-4337-985c-b62f62070ce9,719,"Juwelen, Horloges & Luxury",Luxury,"Hermès, een attachékoffer","Hermès, een attachékoffer",<h3>Period</h3>Jaren '50<h3>Description</h3><p>Uitgevoerd in roodgekleurd leder met verguld metaal. Meermaals gemerkt aan binnen- en buitenkant.&nbsp;</p>,published,EUR,200.0,400.0,200.0,200.0,,1,1,200.0,200.0,True,"Mon, 31 Aug 2026 15:00:00 GMT","Wed, 16 Sep 2026 19:24:00 GMT",https://media.app.artisio.co/media/3fc437c0-fdbb-4208-955a-90293eab416d/inventory/a142018d-299b-435b-a9f1-a514bdaaee35/2fffbfaa-2f43-44f2-b40f-bf05e49eb61d/0001_Qexzwf_sm.jpeg;https://media.app.artisio.co/media/3fc437c0-fdbb-4208-955a-90293eab416d/inventory/a142018d-299b-435b-a9f1-a514bdaaee35/ed1953eb-0f2e-44bd-b97f-ba86c14aa3a3/0002_DyaXhd_sm.jpeg;https://media.app.artisio.co/media/3fc437c0-fdbb-4208-955a-90293eab416d/inventory/a142018d-299b-435b-a9f1-a514bdaaee35/b3897695-eecd-426e-be7b-ed2a691c693a/0003_pApEbn_sm.jpeg,3,"{""artist_retail_right"": false, ""comments"": null, ""description"": ""<p>Uitgevoerd in roodgekleurd leder met verguld metaal. Meermaals gemerkt aan binnen- en buitenkant.&nbsp;</p>"", ""internal_reference"": null, ""keurkamer"": false, ""literature"": null, ""origin_exhibition_lite"": null, ""period"": ""Jaren '50 "", ""title"": ""Hermès, een attachékoffer"", ""total"": null, ""weight_size_quality"": null}"
c7c7f4b6-ee16-441f-b2e3-5a85c01706d1,2423,26-0597/100,5595f3f8-0d21-4337-985c-b62f62070ce9,719,"Juwelen, Horloges & Luxury",Luxury,"Frank Govers, een rok","Frank Govers, een rok","<h3>Description</h3><p>Wijd midi-lengte model klokrok, uitgevoerd in stevige zwarte wolachtige stof. Rechte tailleband met lussen voor een ceintuur en een zijsluiting met knoop en rits. Langs de onderrand meerdere decoratieve horizontale stiksels met vanaf de zoom een tevoorschijn komende geplooide onderrok.&nbsp;</p>",published,EUR,100.0,200.0,50.0,50.0,,1,0,,,True,"Mon, 31 Aug 2026 15:00:00 GMT","Wed, 16 Sep 2026 19:24:00 GMT",https://media.app.artisio.co/media/3fc437c0-fdbb-4208-955a-90293eab416d/inventory/71d581ca-0c28-448b-b641-d62c5c2e120e/1d75785b-9f46-405d-9ad4-942ce08f0884/0001_cRHHjq_sm.jpeg;https://media.app.artisio.co/media/3fc437c0-fdbb-4208-955a-90293eab416d/inventory/71d581ca-0c28-448b-b641-d62c5c2e120e/6039aa87-c3dd-4265-bb8e-3fb8ff64f17d/0002_tBEKab_sm.jpeg;https://media.app.artisio.co/media/3fc437c0-fdbb-4208-955a-90293eab416d/inventory/71d581ca-0c28-448b-b641-d62c5c2e120e/f1b856c2-d719-43ec-bb54-87ed687279fd/0003_nlLQaJ_sm.jpeg;https://media.app.artisio.co/media/3fc437c0-fdbb-4208-955a-90293eab416d/inventory/71d581ca-0c28-448b-b641-d62c5c2e120e/6f79a2c4-6c3c-42f7-9514-281ab3869a94/0004_DlsiTV_sm.jpeg,4,"{""artist_retail_right"": false, ""comments"": null, ""description"": ""<p>Wijd midi-lengte model klokrok, uitgevoerd in stevige zwarte wolachtige stof. Rechte tailleband met lussen voor een ceintuur en een zijsluiting met knoop en rits. Langs de onderrand meerdere decoratieve horizontale stiksels met vanaf de zoom een tevoorschijn komende geplooide onderrok.&nbsp;</p>"", ""internal_reference"": ""https://venduehuis.wetransfer.com/previews/f508e42c1c54fb16cf2ff40dbf36fada20260824073109/85c79939174911243ae0c9c72541e43720260824074639/b96a34?itemId=9d827260c9400bac2d66abd85e1ed69120260824074639"", ""keurkamer"": false, ""literature"": null, ""origin_exhibition_lite"": null, ""period"": null, ""title"": ""Frank Govers, een rok"", ""total"": null, ""weight_size_quality"": null}"
e935e4c9-02e3-4b77-b531-9f618b9b55ba,2424,26-0597/101,5595f3f8-0d21-4337-985c-b62f62070ce9,719,"Juwelen, Horloges & Luxury",Luxury,"Givenchy En Plus, een blouse","Givenchy En Plus, een blouse","<h3>Period</h3>Voor 1990<h3>Description</h3><p>Vintage, ruimvallend model met een bloemendessin in rood en zwart. Met strikkraag aan de hals, gepofte lange mouwen met nauwe manchetten en verdekte knoopsluiting voor.</p>",published,EUR,50.0,100.0,35.0,35.0,,1,0,,,True,"Mon, 31 Aug 2026 15:00:00 GMT","Wed, 16 Sep 2026 19:24:00 GMT",https://media.app.artisio.co/media/3fc437c0-fdbb-4208-955a-90293eab416d/inventory/2f8eaf92-9a39-4676-81f0-c067ce5546b3/a73b057a-7198-4ccf-8f57-513391ce794c/00002_oinkGX_sm.jpeg;https://media.app.artisio.co/media/3fc437c0-fdbb-4208-955a-90293eab416d/inventory/2f8eaf92-9a39-4676-81f0-c067ce5546b3/10d47c56-3b62-4aed-915f-89b0537b732f/0002_ZNmmdt_sm.jpeg;https://media.app.artisio.co/media/3fc437c0-fdbb-4208-955a-90293eab416d/inventory/2f8eaf92-9a39-4676-81f0-c067ce5546b3/1be2fb2e-f0ad-4e1c-bcc3-340d0ab5cd22/0002a_WbnCGt_sm.jpeg;https://media.app.artisio.co/media/3fc437c0-fdbb-4208-955a-90293eab416d/inventory/2f8eaf92-9a39-4676-81f0-c067ce5546b3/65feca2b-5bbd-4236-9b67-66825f8a9852/0004_OhWkeO_sm.jpeg,4,"{""artist_retail_right"": false, ""comments"": ""<p>https://venduehuis.wetransfer.com/previews/f508e42c1c54fb16cf2ff40dbf36fada20260824073109/85c79939174911243ae0c9c72541e43720260824074639/b96a34?itemId=8581981f13b38bc14eb9c3957c0b6e7c20260824074639</p>"", ""description"": ""<p>Vintage, ruimvallend model met een bloemendessin in rood en zwart. Met strikkraag aan de hals, gepofte lange mouwen met nauwe manchetten en verdekte knoopsluiting voor.</p>"", ""internal_reference"": null, ""keurkamer"": false, ""literature"": null, ""origin_exhibition_lite"": null, ""period"": ""Voor 1990"", ""title"": ""Givenchy En Plus, een blouse"", ""total"": null, ""weight_size_quality"": null}"
3a8ddf48-a452-4246-9eab-69a7dc6dcf09,2425,26-0597/103,5595f3f8-0d21-4337-985c-b62f62070ce9,719,"Juwelen, Horloges & Luxury",Luxury,"Givenchy En Plus, een blouse","Givenchy En Plus, een blouse","<h3>Period</h3>Voor 1990<h3>Description</h3><p>Vintage, losvallend model. Uitgevoerd in zwart met een dessin van rode bloemen. Met strikkraag aan de hals en met ruime, licht bollende lange mouwen met een geknoopte manchet.</p><h3>Weight / Size / Quality</h3>maat 52 / 24W",published,EUR,50.0,100.0,35.0,35.0,,1,0,,,True,"Mon, 31 Aug 2026 15:00:00 GMT","Wed, 16 Sep 2026 19:24:00 GMT",https://media.app.artisio.co/media/3fc437c0-fdbb-4208-955a-90293eab416d/inventory/903b5638-c4a4-4a1d-9812-de6a8b663244/52ca8367-ffea-48bf-8896-72092d38ffd9/0001_JjCVYP_sm.jpeg;https://media.app.artisio.co/media/3fc437c0-fdbb-4208-955a-90293eab416d/inventory/903b5638-c4a4-4a1d-9812-de6a8b663244/871823d2-4f6b-4455-9c45-8bc29d5da4e7/0001a_sDgfmU_sm.jpeg;https://media.app.artisio.co/media/3fc437c0-fdbb-4208-955a-90293eab416d/inventory/903b5638-c4a4-4a1d-9812-de6a8b663244/a78726db-3d61-4f00-8bf0-8337bc78780c/0003_jkSNaD_sm.jpeg;https://media.app.artisio.co/media/3fc437c0-fdbb-4208-955a-90293eab416d/inventory/903b5638-c4a4-4a1d-9812-de6a8b663244/bca9c9cf-4dd2-4f88-97f6-8f2affdbcd52/0003a_oRteej_sm.jpeg,4,"{""artist_retail_right"": false, ""comments"": ""<p>https://venduehuis.wetransfer.com/previews/f508e42c1c54fb16cf2ff40dbf36fada20260824073109/85c79939174911243ae0c9c72541e43720260824074639/b96a34?itemId=b705817ef5592d3fb3ddaba4c4a3169820260824074639</p>"", ""description"": ""<p>Vintage, losvallend model. Uitgevoerd in zwart met een dessin van rode bloemen. Met strikkraag aan de hals en met ruime, licht bollende lange mouwen met een geknoopte manchet.</p>"", ""internal_reference"": null, ""keurkamer"": false, ""literature"": null, ""origin_exhibition_lite"": null, ""period"": ""Voor 1990"", ""title"": ""Givenchy En Plus, een blouse"", ""total"": null, ""weight_size_quality"": ""maat 52 / 24W""}"
d6e64e19-41c1-4d00-8350-c1a29e092867,2426,26-0597/104,5595f3f8-0d21-4337-985c-b62f62070ce9,719,"Juwelen, Horloges & Luxury",Luxury,"Givenchy En Plus, een blouse","Givenchy En Plus, een blouse","<h3>Description</h3><p>Vintage, klassiek vloeiend model, uitgevoerd in zwart met een all-over print van het ""Givenchy""-logo in crèmekleurig sierschrift. Strikkraag aan de hals, licht opgezette schouders en lange mouwen met een geknoopte manchet.&nbsp;</p><h3>Literature</h3><p>Afgeknipt label.</p>",published,EUR,50.0,100.0,35.0,35.0,,1,0,,,True,"Mon, 31 Aug 2026 15:00:00 GMT","Wed, 16 Sep 2026 19:24:00 GMT",https://media.app.artisio.co/media/3fc437c0-fdbb-4208-955a-90293eab416d/inventory/65a73387-20c5-46dd-b532-30478b7e5686/c321be84-2601-4d9c-b1e4-09713342ddbc/0001_UhsNFS_sm.jpeg;https://media.app.artisio.co/media/3fc437c0-fdbb-4208-955a-90293eab416d/inventory/65a73387-20c5-46dd-b532-30478b7e5686/be8e33c6-75b3-4764-99a0-fae0fc2dc83e/0002_JYRDSW_sm.jpeg;https://media.app.artisio.co/media/3fc437c0-fdbb-4208-955a-90293eab416d/inventory/65a73387-20c5-46dd-b532-30478b7e5686/739077b2-04e7-4c90-aa4e-40b0a8fd60e2/0003_zCtyiQ_sm.jpeg;https://media.app.artisio.co/media/3fc437c0-fdbb-4208-955a-90293eab416d/inventory/65a73387-20c5-46dd-b532-30478b7e5686/65b11d99-05e8-48d5-ad74-14cee7e08a94/0004_HZYJhA_sm.jpeg,4,"{""artist_retail_right"": false, ""comments"": ""<p>https://venduehuis.wetransfer.com/previews/f508e42c1c54fb16cf2ff40dbf36fada20260824073109/85c79939174911243ae0c9c72541e43720260824074639/b96a34?itemId=8f5524f3e685f195f9cf00c7c404525620260824074639</p>"", ""description"": ""<p>Vintage, klassiek vloeiend model, uitgevoerd in zwart met een all-over print van het \""Givenchy\""-logo in crèmekleurig sierschrift. Strikkraag aan de hals, licht opgezette schouders en lange mouwen met een geknoopte manchet.&nbsp;</p>"", ""internal_reference"": null, ""keurkamer"": false, ""literature"": ""<p>Afgeknipt label.</p>"", ""origin_exhibition_lite"": null, ""period"": null, ""title"": ""Givenchy En Plus, een blouse"", ""total"": null, ""weight_size_quality"": null}"
1c7a9845-ab9f-430c-bf48-704abef27172,2427,26-0597/105,5595f3f8-0d21-4337-985c-b62f62070ce9,719,"Juwelen, Horloges & Luxury",Luxury,"Frans Molenaar, een mantelpak","Frans Molenaar, een mantelpak","<h3>Description</h3><p>Tweedelig, uitgevoerd in zalmroze glanzende zijde. Het getailleerde jasje heeft een brede, platliggende kraag, een ronde halsuitsnijding en een licht uitlopend peplum aan de taille. De lange mouwen afgewerkt met een omgeslagen manchet. De bijpassende kokerrok is knielang.</p>",published,EUR,140.0,280.0,70.0,70.0,,1,0,,,True,"Mon, 31 Aug 2026 15:00:00 GMT","Wed, 16 Sep 2026 19:27:00 GMT",https://media.app.artisio.co/media/3fc437c0-fdbb-4208-955a-90293eab416d/inventory/3eaf4110-0554-4b90-9f6c-c5bd2e659797/b54f52e0-1c92-4b26-a270-f4ef648d5805/0001_sfesVF_sm.jpeg;https://media.app.artisio.co/media/3fc437c0-fdbb-4208-955a-90293eab416d/inventory/3eaf4110-0554-4b90-9f6c-c5bd2e659797/35c5d7da-e75f-4778-8bfe-526eceddbd44/0002_lmOOMQ_sm.jpeg;https://media.app.artisio.co/media/3fc437c0-fdbb-4208-955a-90293eab416d/inventory/3eaf4110-0554-4b90-9f6c-c5bd2e659797/e0c2830e-d0e4-4b90-a2c1-e8b9e9c6fd4b/0003_bmDugf_sm.jpeg;https://media.app.artisio.co/media/3fc437c0-fdbb-4208-955a-90293eab416d/inventory/3eaf4110-0554-4b90-9f6c-c5bd2e659797/1f107fc5-66f4-45f0-9c52-287ba5b6371d/0004_VaILPe_sm.jpeg,4,"{""artist_retail_right"": false, ""comments"": ""<p>https://venduehuis.wetransfer.com/previews/f508e42c1c54fb16cf2ff40dbf36fada20260824073109/85c79939174911243ae0c9c72541e43720260824074639/b96a34?itemId=63d2129c30190628485a8a2783518a5220260824074639</p>"", ""description"": ""<p>Tweedelig, uitgevoerd in zalmroze glanzende zijde. Het getailleerde jasje heeft een brede, platliggende kraag, een ronde halsuitsnijding en een licht uitlopend peplum aan de taille. De lange mouwen afgewerkt met een omgeslagen manchet. De bijpassende kokerrok is knielang.</p>"", ""internal_reference"": null, ""keurkamer"": false, ""literature"": null, ""origin_exhibition_lite"": null, ""period"": null, ""title"": ""Frans Molenaar, een mantelpak"", ""total"": null, ""weight_size_quality"": null}"
b432d938-b835-4c74-a964-282709d2f9a7,2428,26-0882/1,5595f3f8-0d21-4337-985c-b62f62070ce9,719,"Juwelen, Horloges & Luxury",Luxury,"Karl Lagerfeld, een jurk","Karl Lagerfeld, een jurk","<h3>Period</h3>Collectie herfst/winter 2006<h3>Description</h3><p>Model met diepe, ronde halslijn met kapschoudertjes, een open uitgesneden rugpartij en een gedrapeerde, geplooide overlaag die asymmetrisch naar één kant valt. Uitgevoerd in 100% zwarte zijde met repeterend lineair patroon.</p><p>Een identieke jurk werd op de catwalk gedragen door Nederlands topmodel Doutzen Kroes tijdens de Olympus Fashion Week, New York, 2006.</p><p>Afmetingen: Totale lengte: 93 cm. Schouderbreedte: 36 cm.</p><p>&nbsp;</p><h3>Weight / Size / Quality</h3>maat 44f/10us",published,EUR,450.0,650.0,300.0,300.0,,1,0,,,True,"Mon, 31 Aug 2026 15:00:00 GMT","Wed, 16 Sep 2026 19:27:00 GMT",https://media.app.artisio.co/media/3fc437c0-fdbb-4208-955a-90293eab416d/inventory/e24ef928-57c5-43ed-8080-65f5155ce074/0e8b2d94-2f06-41c8-ada6-b47713eb12e1/0001_cOCXtW_sm.jpeg;https://media.app.artisio.co/media/3fc437c0-fdbb-4208-955a-90293eab416d/inventory/e24ef928-57c5-43ed-8080-65f5155ce074/1a648336-0d44-4bd8-a11d-687fab3af844/0002_SgInAq_sm.jpeg;https://media.app.artisio.co/media/3fc437c0-fdbb-4208-955a-90293eab416d/inventory/e24ef928-57c5-43ed-8080-65f5155ce074/12c52909-8dc9-44b1-9ce2-2ab36c20a48f/0003_ECmJOD_sm.jpeg;https://media.app.artisio.co/media/3fc437c0-fdbb-4208-955a-90293eab416d/inventory/e24ef928-57c5-43ed-8080-65f5155ce074/b86c9f6d-81b9-43b9-b2c5-8c89d0d81675/0004_kWqzyV_sm.jpeg,4,"{""artist_retail_right"": false, ""comments"": ""<p>https://preview-eu.wetransfer.net/transfer/f508e42c1c54fb16cf2ff40dbf36fada20260824073109/hl-76031257926/default/preview.webp?Expires=1787666506&Key-Pair-Id=K2SVF85QSYV5SB&Signature=gfGqobEvYzwnysoZ96rs9s1br-6xrVWqzDiiyBOeVkicTVmTtNYiiXbvsWb7GCHjmzUj704v4AUsUwdsrwt2sbaglWxoqLg8CUx0ybxsnuQPja6hifZKeHo-wEkcOV76XGhXnSvlZvStWd9aghh3fxxN4Dq3IebH3n6y0j2nlXH9YSjbPpWaJlkJqFNWcmzpkkXuEjgGVrZaJhv3fhtjApRXNxPKNHq-MS0L0NYZuYhqI1IE7KqMwSId2X7H7DL4lQujm-VSFZaSsbef6KxAEdHiKL5KCoYO72ewJ1v-H3ljATlbn1XWvzRCKnKZt6AkhXeOcRtPJnIn4n~dxUScnA__</p>"", ""description"": ""<p>Model met diepe, ronde halslijn met kapschoudertjes, een open uitgesneden rugpartij en een gedrapeerde, geplooide overlaag die asymmetrisch naar één kant valt. Uitgevoerd in 100% zwarte zijde met repeterend lineair patroon.</p><p>Een identieke jurk werd op de catwalk gedragen door Nederlands topmodel Doutzen Kroes tijdens de Olympus Fashion Week, New York, 2006.</p><p>Afmetingen: Totale lengte: 93 cm. Schouderbreedte: 36 cm.</p><p>&nbsp;</p>"", ""internal_reference"": null, ""keurkamer"": false, ""literature"": null, ""origin_exhibition_lite"": null, ""period"": ""Collectie herfst/winter 2006"", ""title"": ""Karl Lagerfeld, een jurk"", ""total"": null, ""weight_size_quality"": ""maat 44f/10us""}"
c90aa81b-cd08-448b-92a3-3a24d3ad860a,2429,26-0597/106,5595f3f8-0d21-4337-985c-b62f62070ce9,719,"Juwelen, Horloges & Luxury",Luxury,"Frans Molenaar, een jasje","Frans Molenaar, een jasje","<h3>Description</h3><p>Getailleerde, heuplange pasvorm in ivoorkleurige zijdeachtige stof met reliëfstructuur. Brede, platliggende portretkraag en sluiting met een rij kleine gestoffeerde knoopjes. De manchetten met split en knoopjes.&nbsp;</p>",published,EUR,120.0,250.0,80.0,80.0,,1,0,,,True,"Mon, 31 Aug 2026 15:00:00 GMT","Wed, 16 Sep 2026 19:27:00 GMT",https://media.app.artisio.co/media/3fc437c0-fdbb-4208-955a-90293eab416d/inventory/8c3529c4-28e2-4acc-a325-0bce3ec1defe/d4ef93c6-3fe0-4cad-ad1f-0d86e3ed8716/0001_DoWiUR_sm.jpeg;https://media.app.artisio.co/media/3fc437c0-fdbb-4208-955a-90293eab416d/inventory/8c3529c4-28e2-4acc-a325-0bce3ec1defe/4d3336b1-57da-4e41-9b9f-fb95a3948495/0002_Iqifzu_sm.jpeg;https://media.app.artisio.co/media/3fc437c0-fdbb-4208-955a-90293eab416d/inventory/8c3529c4-28e2-4acc-a325-0bce3ec1defe/0207d87b-4b27-4f12-a90a-a8a320ebbc03/0003_cHKqvt_sm.jpeg;https://media.app.artisio.co/media/3fc437c0-fdbb-4208-955a-90293eab416d/inventory/8c3529c4-28e2-4acc-a325-0bce3ec1defe/21fd8e0d-c679-41c5-af91-b1e284f36f2d/0004_HkIdNJ_sm.jpeg,4,"{""artist_retail_right"": false, ""comments"": ""<p>https://venduehuis.wetransfer.com/previews/f508e42c1c54fb16cf2ff40dbf36fada20260824073109/85c79939174911243ae0c9c72541e43720260824074639/b96a34?itemId=04e7fc635dd248b49d1d01d59e06d11d20260824074639</p>"", ""description"": ""<p>Getailleerde, heuplange pasvorm in ivoorkleurige zijdeachtige stof met reliëfstructuur. Brede, platliggende portretkraag en sluiting met een rij kleine gestoffeerde knoopjes. De manchetten met split en knoopjes.&nbsp;</p>"", ""internal_reference"": null, ""keurkamer"": false, ""literature"": null, ""origin_exhibition_lite"": null, ""period"": null, ""title"": ""Frans Molenaar, een jasje"", ""total"": null, ""weight_size_quality"": null}"
43975b7f-a7bf-4ee8-bc50-bf2db8888c52,2430,26-0597/107,5595f3f8-0d21-4337-985c-b62f62070ce9,719,"Juwelen, Horloges & Luxury",Luxury,"Frank Govers, een blouse","Frank Govers, een blouse","<h3>Description</h3><p>Uitgevoerd in zwart. Model met opstaande kraag en knoopsluiting op de rug. Met volumineuze, gepofte mouwen uitlopend in brede manchetten met horizontale plooidetails.</p>",published,EUR,50.0,100.0,35.0,35.0,,1,0,,,True,"Mon, 31 Aug 2026 15:00:00 GMT","Wed, 16 Sep 2026 19:27:00 GMT",https://media.app.artisio.co/media/3fc437c0-fdbb-4208-955a-90293eab416d/inventory/5631f135-596f-4cd9-8d7e-779a851692fa/9a74a43b-3772-47e1-8b5f-954141da86aa/0001_ehdOhu_sm.jpeg;https://media.app.artisio.co/media/3fc437c0-fdbb-4208-955a-90293eab416d/inventory/5631f135-596f-4cd9-8d7e-779a851692fa/75357422-8838-4e87-88d4-c0acda8b1b64/0002_mpRzwP_sm.jpeg;https://media.app.artisio.co/media/3fc437c0-fdbb-4208-955a-90293eab416d/inventory/5631f135-596f-4cd9-8d7e-779a851692fa/fe1c5653-f7b8-4630-8677-7d387f5275c0/0003_VfJICb_sm.jpeg;https://media.app.artisio.co/media/3fc437c0-fdbb-4208-955a-90293eab416d/inventory/5631f135-596f-4cd9-8d7e-779a851692fa/23ab63d8-d9b4-4f50-bd18-daf3260d75c8/0004_VpUWRA_sm.jpeg,4,"{""artist_retail_right"": false, ""comments"": null, ""description"": ""<p>Uitgevoerd in zwart. Model met opstaande kraag en knoopsluiting op de rug. Met volumineuze, gepofte mouwen uitlopend in brede manchetten met horizontale plooidetails.</p>"", ""internal_reference"": ""https://venduehuis.wetransfer.com/previews/f508e42c1c54fb16cf2ff40dbf36fada20260824073109/85c79939174911243ae0c9c72541e43720260824074639/b96a34?itemId=46f34f9a4ca3dc0a760538a490f48c7220260824074639"", ""keurkamer"": false, ""literature"": null, ""origin_exhibition_lite"": null, ""period"": null, ""title"": ""Frank Govers, een blouse"", ""total"": null, ""weight_size_quality"": null}"
19b6b354-104d-4598-93f9-bf39db26066e,2432,26-0597/108,5595f3f8-0d21-4337-985c-b62f62070ce9,719,"Juwelen, Horloges & Luxury",Luxury,"Sheila de Vries, een leren jas","Sheila de Vries, een leren jas","<h3>Description</h3><p>Uitgevoerd in zandkleur. Getailleerd model met lange mouwen, reverskraag, knoopsluiting aan de voorzijde, lange franjes langs de zoom en meerlaagse franjes op de mouwen.</p>",published,EUR,300.0,400.0,200.0,200.0,,1,0,,,True,"Mon, 31 Aug 2026 15:00:00 GMT","Wed, 16 Sep 2026 19:27:00 GMT",https://media.app.artisio.co/media/3fc437c0-fdbb-4208-955a-90293eab416d/inventory/70eb2665-9990-4a05-b058-52f0a6914c76/0edf2ea0-90a9-4c0a-a534-844ec42dcaa8/0001_uINXxq_sm.jpeg;https://media.app.artisio.co/media/3fc437c0-fdbb-4208-955a-90293eab416d/inventory/70eb2665-9990-4a05-b058-52f0a6914c76/7a5fe125-4cb3-4b40-878a-369d9bbbfded/0002_xuKBxo_sm.jpeg;https://media.app.artisio.co/media/3fc437c0-fdbb-4208-955a-90293eab416d/inventory/70eb2665-9990-4a05-b058-52f0a6914c76/6a520399-a7d9-423d-8335-cdd84ddd3b05/0003_BcwRWI_sm.jpeg;https://media.app.artisio.co/media/3fc437c0-fdbb-4208-955a-90293eab416d/inventory/70eb2665-9990-4a05-b058-52f0a6914c76/85e99562-702f-49c2-a4e4-8cecf8abcc1c/0004_eTsBgC_sm.jpeg,4,"{""artist_retail_right"": false, ""comments"": ""<p>https://venduehuis.wetransfer.com/previews/f508e42c1c54fb16cf2ff40dbf36fada20260824073109/85c79939174911243ae0c9c72541e43720260824074639/b96a34?itemId=a7873cb548f24020910b9ec7eb056a0520260824074639</p>"", ""description"": ""<p>Uitgevoerd in zandkleur. Getailleerd model met lange mouwen, reverskraag, knoopsluiting aan de voorzijde, lange franjes langs de zoom en meerlaagse franjes op de mouwen.</p>"", ""internal_reference"": null, ""keurkamer"": false, ""literature"": null, ""origin_exhibition_lite"": null, ""period"": null, ""title"": ""Sheila de Vries, een leren jas"", ""total"": null, ""weight_size_quality"": null}"
ac6ed13b-0b90-44ac-b2e1-78be410a6f3b,2433,26-0597/109,5595f3f8-0d21-4337-985c-b62f62070ce9,719,"Juwelen, Horloges & Luxury",Luxury,"Sheila de Vries, een mantelpak","Sheila de Vries, een mantelpak","<h3>Description</h3><p>Tweedelig, uitgevoerd in abrikooskleurige brokaat met bloemmotief. Getailleerd model met V-hals, opstaande revers en knoopsluiting aan de voorzijde. Bijpassende rechte kokerrok tot op de knie.</p>",published,EUR,300.0,400.0,200.0,200.0,,1,0,,,True,"Mon, 31 Aug 2026 15:00:00 GMT","Wed, 16 Sep 2026 19:27:00 GMT",https://media.app.artisio.co/media/3fc437c0-fdbb-4208-955a-90293eab416d/inventory/fa46dab1-9d75-40f2-962f-435ac49d288c/a6827fb3-d6da-4ee4-95ff-4776696f5680/0001_dzAcbP_sm.jpeg;https://media.app.artisio.co/media/3fc437c0-fdbb-4208-955a-90293eab416d/inventory/fa46dab1-9d75-40f2-962f-435ac49d288c/abc3eaf2-ab91-43b0-a115-a6c26421e5a6/0002_wEfYCv_sm.jpeg;https://media.app.artisio.co/media/3fc437c0-fdbb-4208-955a-90293eab416d/inventory/fa46dab1-9d75-40f2-962f-435ac49d288c/f0e83f84-c4ef-49a0-93f9-12be635a7b58/0003_uXNXfY_sm.jpeg;https://media.app.artisio.co/media/3fc437c0-fdbb-4208-955a-90293eab416d/inventory/fa46dab1-9d75-40f2-962f-435ac49d288c/4ca9336a-b7e0-4c92-950e-eba9b921d2e9/0004_sTiBru_sm.jpeg,4,"{""artist_retail_right"": false, ""comments"": ""<p>https://venduehuis.wetransfer.com/previews/f508e42c1c54fb16cf2ff40dbf36fada20260824073109/85c79939174911243ae0c9c72541e43720260824074639/b96a34?itemId=7ea96ba3633a4932cef7cf3cda4e84f220260824074639</p>"", ""description"": ""<p>Tweedelig, uitgevoerd in abrikooskleurige brokaat met bloemmotief. Getailleerd model met V-hals, opstaande revers en knoopsluiting aan de voorzijde. Bijpassende rechte kokerrok tot op de knie.</p>"", ""internal_reference"": null, ""keurkamer"": false, ""literature"": null, ""origin_exhibition_lite"": null, ""period"": null, ""title"": ""Sheila de Vries, een mantelpak"", ""total"": null, ""weight_size_quality"": null}"
36f62d50-276a-41a6-b902-21fa161b9dbe,2434,26-0597/110,5595f3f8-0d21-4337-985c-b62f62070ce9,719,"Juwelen, Horloges & Luxury",Luxury,"Sheila de Vries, een mantelpak","Sheila de Vries, een mantelpak","<h3>Description</h3><p>Uitgevoerd in crème. Getailleerd jasje met brede reverskraag en diepe V-hals, dolmanmouwen en een strak, geribd taillestuk met knoopsluiting, aan de achterzijde een gedrapeerd, puntig peplum-detail. Met bijpassende rechte kokerrok tot op de knie.</p>",published,EUR,300.0,400.0,200.0,200.0,,1,0,,,True,"Mon, 31 Aug 2026 15:00:00 GMT","Wed, 16 Sep 2026 19:30:00 GMT",https://media.app.artisio.co/media/3fc437c0-fdbb-4208-955a-90293eab416d/inventory/03023d49-cf75-4227-8d13-56168123f977/3b0aee30-a27c-4882-834c-d6914a7ce086/0001_VoYiqm_sm.jpeg;https://media.app.artisio.co/media/3fc437c0-fdbb-4208-955a-90293eab416d/inventory/03023d49-cf75-4227-8d13-56168123f977/e30c712a-b126-4e9e-8ef0-87048b496894/0002_xGHwDR_sm.jpeg;https://media.app.artisio.co/media/3fc437c0-fdbb-4208-955a-90293eab416d/inventory/03023d49-cf75-4227-8d13-56168123f977/316b2aa3-9dba-438d-b724-e7d4fa507c8b/0003_QHQmzC_sm.jpeg;https://media.app.artisio.co/media/3fc437c0-fdbb-4208-955a-90293eab416d/inventory/03023d49-cf75-4227-8d13-56168123f977/e6dce0f3-c468-424c-aad0-26b19e6901db/0004_sZmaKN_sm.jpeg,4,"{""artist_retail_right"": false, ""comments"": ""<p>https://venduehuis.wetransfer.com/previews/f508e42c1c54fb16cf2ff40dbf36fada20260824073109/85c79939174911243ae0c9c72541e43720260824074639/b96a34?itemId=569bd1dc1d1b173ad73d60ca2f80956d20260824074639</p>"", ""description"": ""<p>Uitgevoerd in crème. Getailleerd jasje met brede reverskraag en diepe V-hals, dolmanmouwen en een strak, geribd taillestuk met knoopsluiting, aan de achterzijde een gedrapeerd, puntig peplum-detail. Met bijpassende rechte kokerrok tot op de knie.</p>"", ""internal_reference"": null, ""keurkamer"": false, ""literature"": null, ""origin_exhibition_lite"": null, ""period"": null, ""title"": ""Sheila de Vries, een mantelpak"", ""total"": null, ""weight_size_quality"": null}"
b4a90141-b592-40e2-b19b-94c93f91dc98,2435,26-0597/111,5595f3f8-0d21-4337-985c-b62f62070ce9,719,"Juwelen, Horloges & Luxury",Luxury,"Sheila de Vries, een jas","Sheila de Vries, een jas","<h3>Description</h3><p>Bruin leer met een grote, gedrapeerde bontkraag die doorloopt aan de voorzijde. Getailleerd model met lange mouwen, met gespsluitingen aan de manchetten en een ceintuurdetail aan de zijkant en achterzijde.</p>",published,EUR,400.0,500.0,300.0,300.0,,1,0,,,True,"Mon, 31 Aug 2026 15:00:00 GMT","Wed, 16 Sep 2026 19:30:00 GMT",https://media.app.artisio.co/media/3fc437c0-fdbb-4208-955a-90293eab416d/inventory/c22dae72-dd1c-4ffe-bb87-5e3c2c66cda0/649841d2-f7a1-448d-a029-e1745f81d135/0001_suVrKN_sm.jpeg;https://media.app.artisio.co/media/3fc437c0-fdbb-4208-955a-90293eab416d/inventory/c22dae72-dd1c-4ffe-bb87-5e3c2c66cda0/42ef1caf-4bde-4386-81c5-a3cece13e397/0002_IywWsU_sm.jpeg;https://media.app.artisio.co/media/3fc437c0-fdbb-4208-955a-90293eab416d/inventory/c22dae72-dd1c-4ffe-bb87-5e3c2c66cda0/1a4c8633-46a6-4937-b624-f8845b7e9276/0003_ykKiAS_sm.jpeg;https://media.app.artisio.co/media/3fc437c0-fdbb-4208-955a-90293eab416d/inventory/c22dae72-dd1c-4ffe-bb87-5e3c2c66cda0/2a8538e5-c868-48c9-b5d2-5db1bcd8bcdb/0004_NJlgQx_sm.jpeg,4,"{""artist_retail_right"": false, ""comments"": ""<p>https://venduehuis.wetransfer.com/previews/f508e42c1c54fb16cf2ff40dbf36fada20260824073109/85c79939174911243ae0c9c72541e43720260824074639/b96a34?itemId=ff52aef3a1e95a16df85cb1f5daf50c820260824074639</p>"", ""description"": ""<p>Bruin leer met een grote, gedrapeerde bontkraag die doorloopt aan de voorzijde. Getailleerd model met lange mouwen, met gespsluitingen aan de manchetten en een ceintuurdetail aan de zijkant en achterzijde.</p>"", ""internal_reference"": null, ""keurkamer"": false, ""literature"": null, ""origin_exhibition_lite"": null, ""period"": null, ""title"": ""Sheila de Vries, een jas"", ""total"": null, ""weight_size_quality"": null}"
7a0073c5-24a6-4fe9-bd12-b8db374fa0b1,2436,26-0597/113,5595f3f8-0d21-4337-985c-b62f62070ce9,719,"Juwelen, Horloges & Luxury",Luxury,"Mart Visser, een pak","Mart Visser, een pak","<h3>Description</h3><p>Uitgevoerd in donkergrijs krijtstreep. Het getailleerde jasje met brede, puntige reverskraag en knoopsluiting aan de voorzijde. Bijpassende pantalon met rechte, licht uitlopende pijpen.</p>",published,EUR,50.0,100.0,35.0,35.0,,1,0,,,True,"Mon, 31 Aug 2026 15:00:00 GMT","Wed, 16 Sep 2026 19:30:00 GMT",https://media.app.artisio.co/media/3fc437c0-fdbb-4208-955a-90293eab416d/inventory/2cfe4ca7-d062-4c87-a9a8-9e57ebcc8bd5/5ae698e3-b41b-489b-b787-e1838c4f6903/0001_bZeBBI_sm.jpeg;https://media.app.artisio.co/media/3fc437c0-fdbb-4208-955a-90293eab416d/inventory/2cfe4ca7-d062-4c87-a9a8-9e57ebcc8bd5/77edb135-a1f9-4fce-93d6-150340fb3d2e/0002_gXYqXg_sm.jpeg;https://media.app.artisio.co/media/3fc437c0-fdbb-4208-955a-90293eab416d/inventory/2cfe4ca7-d062-4c87-a9a8-9e57ebcc8bd5/661192a1-fe46-4e12-9e30-c9aa450d0d23/0003_ViJLSZ_sm.jpeg;https://media.app.artisio.co/media/3fc437c0-fdbb-4208-955a-90293eab416d/inventory/2cfe4ca7-d062-4c87-a9a8-9e57ebcc8bd5/ac050b12-af36-4f91-9753-a0baa9b62b45/0004_okIdyJ_sm.jpeg,4,"{""artist_retail_right"": false, ""comments"": ""<p>https://preview-eu.wetransfer.net/transfer/f508e42c1c54fb16cf2ff40dbf36fada20260824073109/hl-76031258207/default/preview.webp?Expires=1787601918&Key-Pair-Id=K2SVF85QSYV5SB&Signature=jDDvdA-VfvVk4QVwE0Yf-9Fvz83DZDLVhrY33ZPUce1BvRPk8P3AQgpZKsWaC70ZSUyW1nuYKTv0a-W50zj1Ne5Q~k0Ae8Oxw7YwBk7NfZUPERm86dIokaAcWte8pX-kjyJ6g4CAXzhdFRHOJqg~0ueia4563b4OGt5mjxpsuiaQEeTd6IlEsaZgrsU-kcqGpqzudEjS4cw5z4P9lBTcd0Jh5ay6SZeMKWvBUtHKLidX7GMVketeTZHS3CuK0Ufyplqs0RzWgpOnhEHglIJnF6UcjWKchPsjlHMx6RdyUFYqidh2XvUqxBQgfMrUOmzwSbaaaeC3so9SkJ~Zt1EiqA__</p>"", ""description"": ""<p>Uitgevoerd in donkergrijs krijtstreep. Het getailleerde jasje met brede, puntige reverskraag en knoopsluiting aan de voorzijde. Bijpassende pantalon met rechte, licht uitlopende pijpen.</p>"", ""internal_reference"": null, ""keurkamer"": false, ""literature"": null, ""origin_exhibition_lite"": null, ""period"": null, ""title"": ""Mart Visser, een pak"", ""total"": null, ""weight_size_quality"": null}"
7f0ec49f-20f4-4989-bb5b-467b0470894b,2437,26-0597/114,5595f3f8-0d21-4337-985c-b62f62070ce9,719,"Juwelen, Horloges & Luxury",Luxury,"Mart Visser, een jasje","Mart Visser, een jasje","<h3>Description</h3><p>Getailleerd model met licht uitlopende zoom, met lange mouwen. Uitgevoerd in zacht beige met een subtiel abstract streepdessin. Met brede, gelaagde reverskraag met een dubbele omslag, met gestoffeerde knopen.&nbsp;</p>",published,EUR,50.0,100.0,35.0,35.0,,1,0,,,True,"Mon, 31 Aug 2026 15:00:00 GMT","Wed, 16 Sep 2026 19:30:00 GMT",https://media.app.artisio.co/media/3fc437c0-fdbb-4208-955a-90293eab416d/inventory/71a3bc2f-acf2-4aeb-b390-e4ca0e136bc4/6a0c7f4a-f4c4-4862-9c7e-fd43ef9546d9/0001_VNuctr_sm.jpeg;https://media.app.artisio.co/media/3fc437c0-fdbb-4208-955a-90293eab416d/inventory/71a3bc2f-acf2-4aeb-b390-e4ca0e136bc4/4d063557-9610-43c1-a8f4-629d1c3e6f5c/0002_rlLeyh_sm.jpeg;https://media.app.artisio.co/media/3fc437c0-fdbb-4208-955a-90293eab416d/inventory/71a3bc2f-acf2-4aeb-b390-e4ca0e136bc4/c6491c92-d121-426c-98b8-a1c8b6a1d52f/0003_sufwuu_sm.jpeg;https://media.app.artisio.co/media/3fc437c0-fdbb-4208-955a-90293eab416d/inventory/71a3bc2f-acf2-4aeb-b390-e4ca0e136bc4/86db97a1-1aca-4fba-9c3a-34a1de9b4c08/0004_gfCElO_sm.jpeg,4,"{""artist_retail_right"": false, ""comments"": ""<p>https://preview-eu.wetransfer.net/transfer/f508e42c1c54fb16cf2ff40dbf36fada20260824073109/hl-76031258211/default/preview.webp?Expires=1787601918&Key-Pair-Id=K2SVF85QSYV5SB&Signature=CaKlrnEYF~Uo8jLHwDNRcZxW7FZ-fis2T8RYPvkypXwA5Fv2ssSRnfXM7OR4oxxd7y5oCulcOaXXIKdf0E0T6hk8tRaincXXRyFmjZV9LnVO64~BklYVdDwRIyTtkclrA4cJChu78kYOaIsnZU1JuCK~y1Q2vP32LSpEXIjQxGnutDHJwtcC-NN3h7nCufRJTjIUDexs~oSfYeUOomykWqrJrQUgmzi60GdMTSG6QDtLaEmw9K7w3-K5QJIkxsxP~oFWVw9NEkFJhJ0D3zX48LKvchWc19VSsxHRdoO2e4hCgD4cK3jH0StJWIV5XfB0vfSMgCh5RUHGvW203YuySg__</p>"", ""description"": ""<p>Getailleerd model met licht uitlopende zoom, met lange mouwen. Uitgevoerd in zacht beige met een subtiel abstract streepdessin. Met brede, gelaagde reverskraag met een dubbele omslag, met gestoffeerde knopen.&nbsp;</p>"", ""internal_reference"": null, ""keurkamer"": false, ""literature"": null, ""origin_exhibition_lite"": null, ""period"": null, ""title"": ""Mart Visser, een jasje"", ""total"": null, ""weight_size_quality"": null}"
4024bd13-9ea2-44fd-afe1-c245086aa59c,2439,26-0597/112,5595f3f8-0d21-4337-985c-b62f62070ce9,719,"Juwelen, Horloges & Luxury",Luxury,"Sheila de Vries, een avond-ensemble","Sheila de Vries, een avond-ensemble","<h3>Description</h3><p>Tweedelig. Uitgevoerd in abrikooskleurige glanzende zijde. Getailleerd jasje met brede, opstaande reverskraag en knoopsluiting aan de voorzijde; twee klepzakken op de taille. Bijpassende lange, rechte kokerrok tot op de enkel met split achter.</p>",published,EUR,300.0,400.0,200.0,200.0,,1,0,,,True,"Mon, 31 Aug 2026 15:00:00 GMT","Wed, 16 Sep 2026 19:30:00 GMT",https://media.app.artisio.co/media/3fc437c0-fdbb-4208-955a-90293eab416d/inventory/62ccbc9c-2917-4fcd-8c6c-8c86a39f3952/54deef78-7159-45d9-8dc7-4aac137981d4/0001_WAuitk_sm.jpeg;https://media.app.artisio.co/media/3fc437c0-fdbb-4208-955a-90293eab416d/inventory/62ccbc9c-2917-4fcd-8c6c-8c86a39f3952/d63c7e65-9b05-4a12-88a4-a36b325ed93e/0002_uVrbyw_sm.jpeg;https://media.app.artisio.co/media/3fc437c0-fdbb-4208-955a-90293eab416d/inventory/62ccbc9c-2917-4fcd-8c6c-8c86a39f3952/e1776604-91ea-4a16-a76d-64de89f7a6d8/0003_weVDLr_sm.jpeg,3,"{""artist_retail_right"": false, ""comments"": ""<p>https://venduehuis.wetransfer.com/previews/f508e42c1c54fb16cf2ff40dbf36fada20260824073109/85c79939174911243ae0c9c72541e43720260824074639/b96a34?itemId=d066914f0c46d3a6b3e6fcd98faa56bd20260824074639</p>"", ""description"": ""<p>Tweedelig. Uitgevoerd in abrikooskleurige glanzende zijde. Getailleerd jasje met brede, opstaande reverskraag en knoopsluiting aan de voorzijde; twee klepzakken op de taille. Bijpassende lange, rechte kokerrok tot op de enkel met split achter.</p>"", ""internal_reference"": null, ""keurkamer"": false, ""literature"": null, ""origin_exhibition_lite"": null, ""period"": null, ""title"": ""Sheila de Vries, een avond-ensemble"", ""total"": null, ""weight_size_quality"": null}"
3576d0ff-510c-4927-b24b-44472bcf4432,2441,26-0597/117,5595f3f8-0d21-4337-985c-b62f62070ce9,719,"Juwelen, Horloges & Luxury",Luxury,"Erny van Reijmersdal, een jasje","Erny van Reijmersdal, een jasje","<h3>Description</h3><p>Uitgevoerd in ivoorkleurige zijde. Getailleerd model met kleine puntkraag, verdekte haaksluiting aan de voorzijde voor, met licht afgeronde, verlengde achterzoom. De lange, smalle mouwen met een knoopsluiting en overhangende manchet.</p><h3>Weight / Size / Quality</h3>42",published,EUR,50.0,100.0,35.0,35.0,,1,0,,,True,"Mon, 31 Aug 2026 15:00:00 GMT","Wed, 16 Sep 2026 19:30:00 GMT",https://media.app.artisio.co/media/3fc437c0-fdbb-4208-955a-90293eab416d/inventory/491ee792-5bb2-4c5c-a9a6-b2c88b88c6b1/e79536ea-7625-4504-9558-fd6f53cc8ce7/0001_PTecGU_sm.jpeg;https://media.app.artisio.co/media/3fc437c0-fdbb-4208-955a-90293eab416d/inventory/491ee792-5bb2-4c5c-a9a6-b2c88b88c6b1/3d4d305d-4e29-4265-a555-04254830d167/0002_ezPztN_sm.jpeg;https://media.app.artisio.co/media/3fc437c0-fdbb-4208-955a-90293eab416d/inventory/491ee792-5bb2-4c5c-a9a6-b2c88b88c6b1/d1936f52-2e8c-491d-93d3-469ea88219c8/0003_PTzILD_sm.jpeg;https://media.app.artisio.co/media/3fc437c0-fdbb-4208-955a-90293eab416d/inventory/491ee792-5bb2-4c5c-a9a6-b2c88b88c6b1/ffe579e3-1ba1-4808-9115-2e9410a1aa44/0004_QEIdQC_sm.jpeg,4,"{""artist_retail_right"": false, ""comments"": ""<p>https://venduehuis.wetransfer.com/previews/f508e42c1c54fb16cf2ff40dbf36fada20260824073109/85c79939174911243ae0c9c72541e43720260824074639/b96a34?itemId=08f411234defc54ddb25fae5dbdc90da20260824074639</p>"", ""description"": ""<p>Uitgevoerd in ivoorkleurige zijde. Getailleerd model met kleine puntkraag, verdekte haaksluiting aan de voorzijde voor, met licht afgeronde, verlengde achterzoom. De lange, smalle mouwen met een knoopsluiting en overhangende manchet.</p>"", ""internal_reference"": null, ""keurkamer"": false, ""literature"": null, ""origin_exhibition_lite"": null, ""period"": null, ""title"": ""Erny van Reijmersdal, een jasje"", ""total"": null, ""weight_size_quality"": ""42""}"
697411ce-47da-40e5-a2ff-9f609f77ba78,2444,26-0597/119,5595f3f8-0d21-4337-985c-b62f62070ce9,719,"Juwelen, Horloges & Luxury",Luxury,"Jan Taminiau, een blouse","Jan Taminiau, een blouse",<h3>Description</h3><p>Uitgevoerd in ivoorkleurige zijde. Model met klassieke overhemdkraag en knoopsluiting aan de voorzijde. Met lange mouwen die uitlopen in nauwe manchetten.&nbsp;</p>,published,EUR,100.0,200.0,50.0,50.0,,1,0,,,True,"Mon, 31 Aug 2026 15:00:00 GMT","Wed, 16 Sep 2026 19:33:00 GMT",https://media.app.artisio.co/media/3fc437c0-fdbb-4208-955a-90293eab416d/inventory/16c4cad2-1512-49a6-af8c-d4895f580507/735091c4-ac15-462a-8916-6968d0f4f72b/0001_yXdBhL_sm.jpeg;https://media.app.artisio.co/media/3fc437c0-fdbb-4208-955a-90293eab416d/inventory/16c4cad2-1512-49a6-af8c-d4895f580507/0405323e-4999-4f88-bab3-f9de22cddcf1/0002_fWaZhJ_sm.jpeg;https://media.app.artisio.co/media/3fc437c0-fdbb-4208-955a-90293eab416d/inventory/16c4cad2-1512-49a6-af8c-d4895f580507/7ab43c46-d8d4-4481-b2a2-53e5651fb57c/0003_gTopjF_sm.jpeg;https://media.app.artisio.co/media/3fc437c0-fdbb-4208-955a-90293eab416d/inventory/16c4cad2-1512-49a6-af8c-d4895f580507/1105adf9-f3c3-4c92-8a2c-c1321c3283cf/0004_DNKPVq_sm.jpeg,4,"{""artist_retail_right"": false, ""comments"": ""<p>https://preview-eu.wetransfer.net/transfer/f508e42c1c54fb16cf2ff40dbf36fada20260824073109/hl-76031258231/default/preview.webp?Expires=1787666506&Key-Pair-Id=K2SVF85QSYV5SB&Signature=Mo~utv4tsXIrHhcGZX9oBr~4OkIJSDk4xlII23s0y4Mifu~TXt092oktW6G-eeUVOySUcGxUwv443TzY5fiBMdrCNuIo4VuQC4chtG6BN3XVisCYNCqZF~dFAE9amf2YUrqswg8PWmnEEi4fsF58hz7UI8QUAI~byQrlT0sym6o2mZdQ25j6rW7H6sNxDh8q4DuqJRvMHgrOyM1osVvUQYaM7Bfoyvn~FMVnX~ZaM3fwPKJYtBdSP2arH4YvnX6iaOn--zVDcgpDp6L~4h9TAscu1CNPOOVOQH6grGT3VhIM-LbjbmXqymHPuJD6xfsJ55WCgYzDUVcS3JHp31bcXA__</p>"", ""description"": ""<p>Uitgevoerd in ivoorkleurige zijde. Model met klassieke overhemdkraag en knoopsluiting aan de voorzijde. Met lange mouwen die uitlopen in nauwe manchetten.&nbsp;</p>"", ""internal_reference"": null, ""keurkamer"": false, ""literature"": null, ""origin_exhibition_lite"": null, ""period"": null, ""title"": ""Jan Taminiau, een blouse"", ""total"": null, ""weight_size_quality"": null}"
eabddfa0-7586-4b50-a587-abbc199757d1,2445,26-0597/121,5595f3f8-0d21-4337-985c-b62f62070ce9,719,"Juwelen, Horloges & Luxury",Luxury,"Christian Dior Coordonnés, een jurk","Christian Dior Coordonnés, een jurk","<h3>Period</h3>Jaren '80<h3>Description</h3><p>Uitgevoerd in groene jurk met een zwart-groen gestippeld dessin. Getailleerd wikkelmodel op knielengte, met V-hals en een strikceintuur op de taille, halflange mouwen met licht gepofte schouders.</p>",published,EUR,100.0,200.0,50.0,50.0,,1,0,,,True,"Mon, 31 Aug 2026 15:00:00 GMT","Wed, 16 Sep 2026 19:33:00 GMT",https://media.app.artisio.co/media/3fc437c0-fdbb-4208-955a-90293eab416d/inventory/2c06f78a-6627-4d6b-adcc-811c028343c2/0bf733fe-50e4-4469-94c2-33a7b2f60843/0001_dfXSfO_sm.jpeg;https://media.app.artisio.co/media/3fc437c0-fdbb-4208-955a-90293eab416d/inventory/2c06f78a-6627-4d6b-adcc-811c028343c2/6a012550-8c70-41dc-9049-027e2934913c/0002_GiKVJk_sm.jpeg;https://media.app.artisio.co/media/3fc437c0-fdbb-4208-955a-90293eab416d/inventory/2c06f78a-6627-4d6b-adcc-811c028343c2/4a37a91b-b585-4082-b721-cbe403698be7/0003_dJtdeJ_sm.jpeg;https://media.app.artisio.co/media/3fc437c0-fdbb-4208-955a-90293eab416d/inventory/2c06f78a-6627-4d6b-adcc-811c028343c2/eefc5fe3-a108-4a97-88c8-907dbfe5d5e0/0004_IVCyYr_sm.jpeg,4,"{""artist_retail_right"": false, ""comments"": ""<p>https://preview-eu.wetransfer.net/transfer/f508e42c1c54fb16cf2ff40dbf36fada20260824073109/hl-76031258238/default/preview.webp?Expires=1787666506&Key-Pair-Id=K2SVF85QSYV5SB&Signature=BO5wEvUY7Hs5k5Fhg6lRGLWBkq3Vk4U8woH5B6bBaJBksRRUAU~FGdzvNAxLaTawJg00n7adNO5Bp1IypexKEGz6TdThJubViOE8r9zB8565ekogeBHA3iqHShMmuI8mgDjPYFlPKjHDSBfAeA6F3cKU1Fvk0Em~qQftyIc1tnL2Leg9yaTu9TOyB~DLTBHA3HrNZLLArgudtEu6GYpeCJyYpH~C0MNGuu6G9X84i3rWGZc6rFhKfiSMF50OtB0UKjpCEwh6tVRSsX4GZDc-c1H2mgCjrzrnM9ziw48NPuP9KlWxxfAd3BCPmKZWi1hHc4uQo2xrT9YBwzUvety~Ew__</p>"", ""description"": ""<p>Uitgevoerd in groene jurk met een zwart-groen gestippeld dessin. Getailleerd wikkelmodel op knielengte, met V-hals en een strikceintuur op de taille, halflange mouwen met licht gepofte schouders.</p>"", ""internal_reference"": null, ""keurkamer"": false, ""literature"": null, ""origin_exhibition_lite"": null, ""period"": ""Jaren '80"", ""title"": ""Christian Dior Coordonnés, een jurk"", ""total"": null, ""weight_size_quality"": null}"
e6f665e4-0934-40e1-9c46-888065272ac6,2446,26-0875/1,5595f3f8-0d21-4337-985c-b62f62070ce9,719,"Juwelen, Horloges & Luxury",Luxury,"Frank Govers, een mantelpak","Frank Govers, een mantelpak","<h3>Description</h3><p>Uitgevoerd in bordeauxrood fluweel. Het getailleerde jasje met een contrasterende zwarte reverskraag en brede zwarte omslagmanchetten; op de linker revers sierdetails in zwart en rood. Eén verdekte knoopsluiting op de taille, twee klepzakken en een licht uitlopende, in punten uitlopende zoom. Met bijbehorende korte, rechte kokerrok.</p><h3>Weight / Size / Quality</h3>Afmetingen van de jas: Totale lengte: 80 cm. Schouderbreedte: 41 cm. Mouwlengte: 61 cm. Afmetingen van de rok: Totale lengte: 47 cm. Taille: 37 cm.",published,EUR,350.0,500.0,300.0,300.0,,1,0,,,True,"Mon, 31 Aug 2026 15:00:00 GMT","Wed, 16 Sep 2026 19:33:00 GMT",https://media.app.artisio.co/media/3fc437c0-fdbb-4208-955a-90293eab416d/inventory/349cbfbf-6ea3-4b02-96c3-c2e384ffa7da/29406312-a25b-480c-944e-ed3ff7a7eab3/0001_XqwcWM_sm.jpeg;https://media.app.artisio.co/media/3fc437c0-fdbb-4208-955a-90293eab416d/inventory/349cbfbf-6ea3-4b02-96c3-c2e384ffa7da/b9b553ba-1a2c-48bd-bf50-abedd69ea085/0002_mvIWIk_sm.jpeg;https://media.app.artisio.co/media/3fc437c0-fdbb-4208-955a-90293eab416d/inventory/349cbfbf-6ea3-4b02-96c3-c2e384ffa7da/8e68aafc-3c8b-45bd-8b20-704b96d1c26f/0003_otRySQ_sm.jpeg;https://media.app.artisio.co/media/3fc437c0-fdbb-4208-955a-90293eab416d/inventory/349cbfbf-6ea3-4b02-96c3-c2e384ffa7da/8b5b7ba6-d647-45c5-8369-577e92f6d2fa/0004_DzOBCP_sm.jpeg,4,"{""artist_retail_right"": false, ""comments"": ""<p>https://preview-eu.wetransfer.net/transfer/58afe016cb31eac197ba347c1b739ff020260820175946/hl-75948003368/default/preview.webp?Expires=1787667460&Key-Pair-Id=K2SVF85QSYV5SB&Signature=D3e0oiU2Z1C~1Oh~zejBAJVg1uCfTzHq0L6ngrTx8rpeE95UICISpFE3xnKWMgOhz1SYp4vOArX1j~8MNZ5FhThfYJ2ohWyn00NTtt5eUUP8zMK6u0eJAfuZpmQzz1D9OBthnKeGuiNcpSlk-QTR4AuFhRBypHxJv6eaLksKM-SE0pXKXpmL1ABJZG94pZjai3B3Ayj7wFCoExBXeDtiyV57KiWGJ73eS-TeYX9AY0NKLS2IAve~zBj3D058lO4p6SW4JXtcAx0Znjtb7o2h2uGRWHFyKRm1vSWJ2OvlVnC4uJdGD9eu0OaPleDTnqCFLUbf8Kot4tYOsFKNdIhLmw__</p>"", ""description"": ""<p>Uitgevoerd in bordeauxrood fluweel. Het getailleerde jasje met een contrasterende zwarte reverskraag en brede zwarte omslagmanchetten; op de linker revers sierdetails in zwart en rood. Eén verdekte knoopsluiting op de taille, twee klepzakken en een licht uitlopende, in punten uitlopende zoom. Met bijbehorende korte, rechte kokerrok.</p>"", ""internal_reference"": null, ""keurkamer"": false, ""literature"": null, ""origin_exhibition_lite"": null, ""period"": null, ""title"": ""Frank Govers, een mantelpak"", ""total"": null, ""weight_size_quality"": ""Afmetingen van de jas: Totale lengte: 80 cm. Schouderbreedte: 41 cm. Mouwlengte: 61 cm. Afmetingen van de rok: Totale lengte: 47 cm. Taille: 37 cm.""}"
de4c8c40-050a-4dfc-8440-59ccd45989b6,2447,26-0875/2,5595f3f8-0d21-4337-985c-b62f62070ce9,719,"Juwelen, Horloges & Luxury",Luxury,"Een avondjasje, merkloos","Een avondjasje, merkloos","<h3>Description</h3><p>Getailleerd model met lange mouwen. Uitgevoerd in ivoorkleurig kant, bewerkt met borduursel, pailletten en ivoor- en zilverkleurig kraalwerk. Ronde hals met sierlijke, gefestonneerde rand, knoopsluiting aan de voorzijde met gestoffeerde knopen. Langs de zoom een rij goudkleurige kwastjes.&nbsp;</p><h3>Weight / Size / Quality</h3>Afmetingen: Totale lengte: 56 cm. Schouderbreedte: 42 cm. Mouwlengte: 51 cm.",published,EUR,250.0,500.0,120.0,120.0,,1,0,,,True,"Mon, 31 Aug 2026 15:00:00 GMT","Wed, 16 Sep 2026 19:33:00 GMT",https://media.app.artisio.co/media/3fc437c0-fdbb-4208-955a-90293eab416d/inventory/06a7cff1-9d9f-4097-87ef-2e510dfece6a/55afbc39-833a-4dd6-a42e-a0840647bb51/0001_HotVLT_sm.jpeg;https://media.app.artisio.co/media/3fc437c0-fdbb-4208-955a-90293eab416d/inventory/06a7cff1-9d9f-4097-87ef-2e510dfece6a/c5133b52-9611-470a-a18e-5b8428bfb709/0002_ehDQrn_sm.jpeg;https://media.app.artisio.co/media/3fc437c0-fdbb-4208-955a-90293eab416d/inventory/06a7cff1-9d9f-4097-87ef-2e510dfece6a/39b6fd4e-f665-4ac1-9a2e-cd0101ff1299/0003_rxORgK_sm.jpeg,3,"{""artist_retail_right"": false, ""comments"": ""<p>https://preview-eu.wetransfer.net/transfer/58afe016cb31eac197ba347c1b739ff020260820175946/hl-75948003372/default/preview.webp?Expires=1787667460&Key-Pair-Id=K2SVF85QSYV5SB&Signature=OfuFehW3HNM5J5fncwy7Wvr94allCpN3IXWlNcMZ1Kwjn7DFzCVxDLWGFeF8gJVxzyCdlsRhsXz-EaihJ9-zDTRPkNg2y6uVLDItUwgqgPDnCJjZTIjMID5cFK5RG7Vn2KJ4k-zA9gNl5bJSakCJBlRjL1nCxuxpq1RXKOLf4hTdzTD1fbA3WeXCL7ZlNvVcmalr4zlU50mGSHLMjVE0vcCzdcWULG3pHHCEmgao5qpv9H0uWDW2oJbRDyPuqaxhA4DRhlcbpRtfXgE8BAW-bMP~nG1V6mIm53zaoEmU1r5Ikfaj~LtnnK~p2wWbbAfE2HE8OQwknbHMLhJtzOlsbQ__</p>"", ""description"": ""<p>Getailleerd model met lange mouwen. Uitgevoerd in ivoorkleurig kant, bewerkt met borduursel, pailletten en ivoor- en zilverkleurig kraalwerk. Ronde hals met sierlijke, gefestonneerde rand, knoopsluiting aan de voorzijde met gestoffeerde knopen. Langs de zoom een rij goudkleurige kwastjes.&nbsp;</p>"", ""internal_reference"": null, ""keurkamer"": false, ""literature"": null, ""origin_exhibition_lite"": null, ""period"": null, ""title"": ""Een avondjasje, merkloos"", ""total"": null, ""weight_size_quality"": ""Afmetingen: Totale lengte: 56 cm. Schouderbreedte: 42 cm. Mouwlengte: 51 cm.""}"
99059b81-5730-4ef7-ac4d-2961e19a2514,2448,26-0875/3,5595f3f8-0d21-4337-985c-b62f62070ce9,719,"Juwelen, Horloges & Luxury",Luxury,"Frank Govers, een blazer","Frank Govers, een blazer","<h3>Description</h3><p>Uitgevoerd in donkerblauw. Cropped, double breasted model met witte knopen, brede reverskraag met contrasterende witte bies langs kraag, revers en zoom.&nbsp;</p><h3>Weight / Size / Quality</h3>Afmetingen : Totale lengte: 49 cm. Schouderbreedte: 46 cm. Mouwlengte: 60 cm.",published,EUR,100.0,200.0,50.0,50.0,,1,0,,,True,"Mon, 31 Aug 2026 15:00:00 GMT","Wed, 16 Sep 2026 19:33:00 GMT",https://media.app.artisio.co/media/3fc437c0-fdbb-4208-955a-90293eab416d/inventory/2acff836-5183-488b-9501-f0ece7b164b4/2289a446-34ed-40e4-a601-d7dc19fc3883/0001_qvmBuW_sm.jpeg;https://media.app.artisio.co/media/3fc437c0-fdbb-4208-955a-90293eab416d/inventory/2acff836-5183-488b-9501-f0ece7b164b4/1ea37dbf-e745-49a6-929d-ee8f10cdde60/0002_gSJNEs_sm.jpeg;https://media.app.artisio.co/media/3fc437c0-fdbb-4208-955a-90293eab416d/inventory/2acff836-5183-488b-9501-f0ece7b164b4/ba0b70d7-475e-4f3a-8eea-ff099343d22f/0003_xtyzXd_sm.jpeg;https://media.app.artisio.co/media/3fc437c0-fdbb-4208-955a-90293eab416d/inventory/2acff836-5183-488b-9501-f0ece7b164b4/d18f1b21-63aa-41c0-b988-88016de9f31c/0004_cWKEhq_sm.jpeg,4,"{""artist_retail_right"": false, ""comments"": null, ""description"": ""<p>Uitgevoerd in donkerblauw. Cropped, double breasted model met witte knopen, brede reverskraag met contrasterende witte bies langs kraag, revers en zoom.&nbsp;</p>"", ""internal_reference"": null, ""keurkamer"": false, ""literature"": null, ""origin_exhibition_lite"": null, ""period"": null, ""title"": ""Frank Govers, een blazer"", ""total"": null, ""weight_size_quality"": ""Afmetingen : Totale lengte: 49 cm. Schouderbreedte: 46 cm. Mouwlengte: 60 cm.""}"
8904378c-ac3d-4312-a82f-2e8db1039298,2449,26-0875/8,5595f3f8-0d21-4337-985c-b62f62070ce9,719,"Juwelen, Horloges & Luxury",Luxury,"Frank Govers, een mantel","Frank Govers, een mantel","<h3>Description</h3><p>Uitgevoerd in paarse wol. Getailleerd, kort model met lange mouwen. Met zwarte bontkraag en brede bonten manchetten. Dubbele rij knopen met bijpassende stofceintuur op de taille.</p><h3>Weight / Size / Quality</h3>Afmetingen: Totale lengte: 97 cm. Schouderbreedte: 49 cm. Mouwlengte: 68 cm.",published,EUR,200.0,450.0,100.0,100.0,,1,0,,,True,"Mon, 31 Aug 2026 15:00:00 GMT","Wed, 16 Sep 2026 19:33:00 GMT",https://media.app.artisio.co/media/3fc437c0-fdbb-4208-955a-90293eab416d/inventory/175979e4-18f8-4525-89a5-14d9caf4c6e3/d4c16d85-59dc-4cdd-9509-7e5a95b61169/0001_vhmvJx_sm.jpeg;https://media.app.artisio.co/media/3fc437c0-fdbb-4208-955a-90293eab416d/inventory/175979e4-18f8-4525-89a5-14d9caf4c6e3/d2738ee0-f94e-4d5c-862a-811620c0eb71/0002_KtSpaA_sm.jpeg;https://media.app.artisio.co/media/3fc437c0-fdbb-4208-955a-90293eab416d/inventory/175979e4-18f8-4525-89a5-14d9caf4c6e3/e1b1613f-0ca3-4989-879d-fff5a4e30403/0003_qlifFu_sm.jpeg;https://media.app.artisio.co/media/3fc437c0-fdbb-4208-955a-90293eab416d/inventory/175979e4-18f8-4525-89a5-14d9caf4c6e3/f3f96031-d39f-482b-927d-0fd01ad6ab03/0004_oldkCa_sm.jpeg,4,"{""artist_retail_right"": false, ""comments"": ""<p>https://preview-eu.wetransfer.net/transfer/58afe016cb31eac197ba347c1b739ff020260820175946/hl-75948003191/default/preview.webp?Expires=1787667461&Key-Pair-Id=K2SVF85QSYV5SB&Signature=YpLKZthNglTCn22DtkgmruaRiPLWRiJ1BrZMS1UHJr3wSGC5MpCBoXe~gL7RmQwocwW~El2bTh4aLt6UwlfbI6LiX2U~UTmq2b3JO1N-TCrBeGO0k5UxPMDds48E0jxNAtijU5ancAOYvGK4xTmhUbih6BfQ0hVnRPOSiIBaTP6CVQqQpoTyTwMl7Wd2RyNrLYHE3Y1Rksz7F-L3mkRYSSON4KyfmIs2FXBViNI25tn9h7tNsJnEzFqtBFGgAClyaMBixC-URChVNRlEhDuZF1Rl5AvgKMIyYRDvgJyXNMXwgJWWE3Sw7M9CWKwLQQ1XIGI5bB7cZ0HliCcTe0YTNw__</p>"", ""description"": ""<p>Uitgevoerd in paarse wol. Getailleerd, kort model met lange mouwen. Met zwarte bontkraag en brede bonten manchetten. Dubbele rij knopen met bijpassende stofceintuur op de taille.</p>"", ""internal_reference"": null, ""keurkamer"": false, ""literature"": null, ""origin_exhibition_lite"": null, ""period"": null, ""title"": ""Frank Govers, een mantel"", ""total"": null, ""weight_size_quality"": ""Afmetingen: Totale lengte: 97 cm. Schouderbreedte: 49 cm. Mouwlengte: 68 cm.""}"
03283173-9260-4353-a20b-f16d2c9ed496,2450,26-0875/9,5595f3f8-0d21-4337-985c-b62f62070ce9,719,"Juwelen, Horloges & Luxury",Luxury,"Frank Govers, een blazer","Frank Govers, een blazer","<h3>Description</h3><p>Uitgevoerd in zwart met abstract, kronkelend lijnmotief in de weving. Getailleerd model met lange mouwen, een uitlopende zoom en een split aan de achterzijde. Kraagloze, diepe V-hals met brede schouders.&nbsp;</p>",published,EUR,150.0,350.0,100.0,100.0,,1,0,,,True,"Mon, 31 Aug 2026 15:00:00 GMT","Wed, 16 Sep 2026 19:36:00 GMT",https://media.app.artisio.co/media/3fc437c0-fdbb-4208-955a-90293eab416d/inventory/e4726a9e-d6ea-47b4-91cb-f0147c616a96/59b9c981-ed4c-4ca5-a2d1-27ce71f551b1/0001_crSghk_sm.jpeg;https://media.app.artisio.co/media/3fc437c0-fdbb-4208-955a-90293eab416d/inventory/e4726a9e-d6ea-47b4-91cb-f0147c616a96/c354cf5a-a33e-414c-a8f9-b312afedacc3/0002_maTMSl_sm.jpeg;https://media.app.artisio.co/media/3fc437c0-fdbb-4208-955a-90293eab416d/inventory/e4726a9e-d6ea-47b4-91cb-f0147c616a96/5d4569d6-6f66-49c8-9da7-5f37b22cde11/0003_iHKOdd_sm.jpeg;https://media.app.artisio.co/media/3fc437c0-fdbb-4208-955a-90293eab416d/inventory/e4726a9e-d6ea-47b4-91cb-f0147c616a96/4eca3c26-0ab7-45f0-a501-40896643bfcf/0004_UuEKEV_sm.jpeg,4,"{""artist_retail_right"": false, ""comments"": ""<p>https://preview-eu.wetransfer.net/transfer/58afe016cb31eac197ba347c1b739ff020260820175946/hl-75948003195/default/preview.webp?Expires=1787667461&Key-Pair-Id=K2SVF85QSYV5SB&Signature=Gz9JA40bRml0ZB7RatBpdfwOcT3mZjFjfMe5EQ4UMAKXLJoUB1jJLQ6NDhNEkNyQjdn05BRyWYO86w0SHUfy8fRfmjKkA3V83RtUV5TxKr-EDQZ9GVyK-rAQNRVTY4PT0zZqe9tc8Uv5MG8onrABlmhlXIUyaO4Yr99ohbTVoK~uqBdRfj~dm9HqtYGBB1jDFW8F9ougjselZBEXsvCAh7yXq9t7H4WzmKjb7HcxkUIFAQ3SD3CXlorsadCutCdiQ~Q9Acb5GCRkNC7I1kAzp9CYCAQCS2e9bRPl55leKilPAtKibT~Zdy~6NIOYCYgxaQjhA8xfvz8CzPzDBsX-ng__</p>"", ""description"": ""<p>Uitgevoerd in zwart met abstract, kronkelend lijnmotief in de weving. Getailleerd model met lange mouwen, een uitlopende zoom en een split aan de achterzijde. Kraagloze, diepe V-hals met brede schouders.&nbsp;</p>"", ""internal_reference"": null, ""keurkamer"": false, ""literature"": null, ""origin_exhibition_lite"": null, ""period"": null, ""title"": ""Frank Govers, een blazer"", ""total"": null, ""weight_size_quality"": null}"
e616540b-aa64-4ccb-8c4b-c9bbe1da42be,2451,26-0875/4,5595f3f8-0d21-4337-985c-b62f62070ce9,719,"Juwelen, Horloges & Luxury",Luxury,"Frank Govers, een sailor blouse","Frank Govers, een sailor blouse","<h3>Description</h3><p>Uitgevoerd in wit katoen met zwarte biezen. Model met grote, laag uitlopende matrozenkraag met een V-hals en korte pofmouwen.</p><h3>Weight / Size / Quality</h3>Afmetingen : Totale lengte: 57 cm. Schouderbreedte: 46 cm. Mouwlengte: 25 cm.",published,EUR,50.0,100.0,35.0,35.0,,1,1,35.0,35.0,True,"Mon, 31 Aug 2026 15:00:00 GMT","Wed, 16 Sep 2026 19:36:00 GMT",https://media.app.artisio.co/media/3fc437c0-fdbb-4208-955a-90293eab416d/inventory/177c3336-de97-46c4-bc84-d3e5a0555424/3d0f5056-a8a4-4dac-b258-2384e27abe59/0002_SOaQjM_sm.jpeg;https://media.app.artisio.co/media/3fc437c0-fdbb-4208-955a-90293eab416d/inventory/177c3336-de97-46c4-bc84-d3e5a0555424/97d27ecb-9aa6-419f-a225-d81e00814ffe/0003_rsbUeR_sm.jpeg;https://media.app.artisio.co/media/3fc437c0-fdbb-4208-955a-90293eab416d/inventory/177c3336-de97-46c4-bc84-d3e5a0555424/7882cf57-4d25-403b-8c91-f10b9a0a11e8/0004_dNFMSp_sm.jpeg;https://media.app.artisio.co/media/3fc437c0-fdbb-4208-955a-90293eab416d/inventory/177c3336-de97-46c4-bc84-d3e5a0555424/db28b4fc-eca8-40e3-9bb3-4a6079eb3de7/0005_RLimrl_sm.jpeg,4,"{""artist_retail_right"": false, ""comments"": null, ""description"": ""<p>Uitgevoerd in wit katoen met zwarte biezen. Model met grote, laag uitlopende matrozenkraag met een V-hals en korte pofmouwen.</p>"", ""internal_reference"": null, ""keurkamer"": false, ""literature"": null, ""origin_exhibition_lite"": null, ""period"": null, ""title"": ""Frank Govers, een sailor blouse"", ""total"": null, ""weight_size_quality"": ""Afmetingen : Totale lengte: 57 cm. Schouderbreedte: 46 cm. Mouwlengte: 25 cm.""}"
5e3e2c65-878c-4c7c-af43-6a9b7888df13,2452,26-0875/5,5595f3f8-0d21-4337-985c-b62f62070ce9,719,"Juwelen, Horloges & Luxury",Luxury,"Frank Govers, een pantalon","Frank Govers, een pantalon","<h3>Description</h3><p>Uitgevoerd in rood, zwart en groen ruitdessin. Het model met hoge taille met geplooide voorpand en steekzakken, rits- en knoopsluiting aan de voorzijde. Met rechte, licht toelopende pijpen.</p><h3>Weight / Size / Quality</h3>Afmetingen: Totale lengte: 96 cm. Taille: 35 cm.",published,EUR,50.0,120.0,35.0,35.0,,1,0,,,True,"Mon, 31 Aug 2026 15:00:00 GMT","Wed, 16 Sep 2026 19:36:00 GMT",https://media.app.artisio.co/media/3fc437c0-fdbb-4208-955a-90293eab416d/inventory/815041e4-b6f5-4347-b353-c60f48f86519/965724b5-bb5b-4fa5-a109-4b606fc3e5ba/0001_ldrwVF_sm.jpeg;https://media.app.artisio.co/media/3fc437c0-fdbb-4208-955a-90293eab416d/inventory/815041e4-b6f5-4347-b353-c60f48f86519/89c604d1-71d1-479b-a767-da995c841332/0002_zVhHHa_sm.jpeg;https://media.app.artisio.co/media/3fc437c0-fdbb-4208-955a-90293eab416d/inventory/815041e4-b6f5-4347-b353-c60f48f86519/89ef5bdf-b5cb-4eee-abbb-12ca47763f34/0003_KeZeNZ_sm.jpeg;https://media.app.artisio.co/media/3fc437c0-fdbb-4208-955a-90293eab416d/inventory/815041e4-b6f5-4347-b353-c60f48f86519/cf2a2cd3-d8a9-4451-b515-a2f9404bf90b/0004_enmOac_sm.jpeg,4,"{""artist_retail_right"": false, ""comments"": ""<p>https://preview-eu.wetransfer.net/transfer/58afe016cb31eac197ba347c1b739ff020260820175946/hl-75948003180/default/preview.webp?Expires=1787667460&Key-Pair-Id=K2SVF85QSYV5SB&Signature=WM4knrsqfUfd11whO~F1urXOdDm9JHMJFGhI3yzvOz7b6d4YAk-Vpz5CVYzRPfScZ-se5Eqftavb~oWixy4ntf7OxNSmBGMmVONVz9oRdRQ7386iOOAKfdPQnKmV2HYU49KUSMR5hmdEIbSbebEOtqKAyQcqTze~iv~Ct5GzpFjigpjJ5x9JJRw3B9C9Ph4CLXj6crGgzuZZXsyhD~S~COuNm0M1YCpxCzaXLiZPL7sLssTQgyB8r69byepwWAgXqj8pG7N4ZRQUvsFiNYcVasSpOswsgO2L6EvSmvIRsNPoTDMzkAp-hPMLXvRbCH3djtjagAftMSjBQetpToLp0g__</p>"", ""description"": ""<p>Uitgevoerd in rood, zwart en groen ruitdessin. Het model met hoge taille met geplooide voorpand en steekzakken, rits- en knoopsluiting aan de voorzijde. Met rechte, licht toelopende pijpen.</p>"", ""internal_reference"": null, ""keurkamer"": false, ""literature"": null, ""origin_exhibition_lite"": null, ""period"": null, ""title"": ""Frank Govers, een pantalon"", ""total"": null, ""weight_size_quality"": ""Afmetingen: Totale lengte: 96 cm. Taille: 35 cm.""}"
b9f2dc85-618f-4373-9e4e-50552f11534c,2453,26-0875/6,5595f3f8-0d21-4337-985c-b62f62070ce9,719,"Juwelen, Horloges & Luxury",Luxury,"Frank Govers, een pantalon","Frank Govers, een pantalon","<h3>Description</h3><p>Uitgevoerd in zwart velours. Wijd, gedrapeerd haremmodel met getailleerde band en ruimvallende pofpijpen die naar onderen toe smaller worden en aan de enkel worden gesloten met knoopjes.</p><h3>Weight / Size / Quality</h3>Afmetingen: Totale lengte: 98 cm. Taille: 30 cm<h3>Literature</h3><p>Label los gelaten, doch aanwezig.</p>",published,EUR,50.0,100.0,35.0,35.0,,1,0,,,True,"Mon, 31 Aug 2026 15:00:00 GMT","Wed, 16 Sep 2026 19:36:00 GMT",https://media.app.artisio.co/media/3fc437c0-fdbb-4208-955a-90293eab416d/inventory/5c4d798a-0126-45de-a380-ccd50b5e73dc/4ae8fb85-d16b-46f2-99f4-0b8027f2cb54/0001_mNuzPH_sm.jpeg;https://media.app.artisio.co/media/3fc437c0-fdbb-4208-955a-90293eab416d/inventory/5c4d798a-0126-45de-a380-ccd50b5e73dc/a8153cd9-5d00-4c8f-ac24-a2e3c733130e/0002_sGoWAa_sm.jpeg;https://media.app.artisio.co/media/3fc437c0-fdbb-4208-955a-90293eab416d/inventory/5c4d798a-0126-45de-a380-ccd50b5e73dc/6e6d1dfe-1642-4c73-95f2-08cceefa74fd/0003_PqKAOV_sm.jpeg,3,"{""artist_retail_right"": false, ""comments"": null, ""description"": ""<p>Uitgevoerd in zwart velours. Wijd, gedrapeerd haremmodel met getailleerde band en ruimvallende pofpijpen die naar onderen toe smaller worden en aan de enkel worden gesloten met knoopjes.</p>"", ""internal_reference"": null, ""keurkamer"": false, ""literature"": ""<p>Label los gelaten, doch aanwezig.</p>"", ""origin_exhibition_lite"": null, ""period"": null, ""title"": ""Frank Govers, een pantalon"", ""total"": null, ""weight_size_quality"": ""Afmetingen: Totale lengte: 98 cm. Taille: 30 cm""}"
97cbfa8b-110d-4cc4-9c73-485774632e60,2454,26-0875/7,5595f3f8-0d21-4337-985c-b62f62070ce9,719,"Juwelen, Horloges & Luxury",Luxury,"Frank Govers, een jasje","Frank Govers, een jasje","<h3>Description</h3><p>Uitgevoerd in rood wol en zwart fluweel. Het model in matadorstijl met opstaande kraag en met lange mouwen, open front en korte taille met licht puntige zoom. Gedecoreerd met paisley-versiering in zwarte soutache en kraalwerk over borst, rug en mouwen met daaraan sierkwastjes.</p>",published,EUR,150.0,300.0,80.0,80.0,,1,0,,,True,"Mon, 31 Aug 2026 15:00:00 GMT","Wed, 16 Sep 2026 19:36:00 GMT",https://media.app.artisio.co/media/3fc437c0-fdbb-4208-955a-90293eab416d/inventory/e8714f0e-aad2-454c-98ef-31913039491e/dbb8cad4-f229-45f4-b5b8-44afaf814644/0001_ZMBhPV_sm.jpeg;https://media.app.artisio.co/media/3fc437c0-fdbb-4208-955a-90293eab416d/inventory/e8714f0e-aad2-454c-98ef-31913039491e/12f3405e-b42b-4da3-b2a0-a683cef41e4c/0002_UWSdWD_sm.jpeg;https://media.app.artisio.co/media/3fc437c0-fdbb-4208-955a-90293eab416d/inventory/e8714f0e-aad2-454c-98ef-31913039491e/6685a1ac-4417-4ba3-97b3-cb981dd60b5f/0003_LyzeZj_sm.jpeg;https://media.app.artisio.co/media/3fc437c0-fdbb-4208-955a-90293eab416d/inventory/e8714f0e-aad2-454c-98ef-31913039491e/b9f91446-393b-433a-a3df-9ce41c17ffdc/0004_UDYIxv_sm.jpeg,4,"{""artist_retail_right"": false, ""comments"": ""<p>https://preview-eu.wetransfer.net/transfer/58afe016cb31eac197ba347c1b739ff020260820175946/hl-75948003187/default/preview.webp?Expires=1787667460&Key-Pair-Id=K2SVF85QSYV5SB&Signature=j0AbI5vFEb0vwnu5hqzJajV8XDVz4jpL7hWk1QvcP3~k5BAUCikwqvm4Jroxt1ygI9OpnlT-0VhvyuoWt8Ld2CTgvlR~eybgaI6lwsAmtuFtdJhmZt5DmTDHQhEHA4MfyLFEaYQkaGmjDTJqV~jHcr7P9uEkGEE-JBVIf0nYPXXStkHUf~vuuENCtWXkOgX1BF7beOEOz5dQKGqNYE6p0bqsy0NqVhPgOyw55Ai8IF0tazl8dcZWhGffmjLT-P-lM3bE4G4OVbHoJeKfDThdUUp2Et3tcStxLHW1lsLG~VXkfT9iYOrKDC-hoDtFtbTN5K~Ud-wEPEUBEAct-hpB0w__</p>"", ""description"": ""<p>Uitgevoerd in rood wol en zwart fluweel. Het model in matadorstijl met opstaande kraag en met lange mouwen, open front en korte taille met licht puntige zoom. Gedecoreerd met paisley-versiering in zwarte soutache en kraalwerk over borst, rug en mouwen met daaraan sierkwastjes.</p>"", ""internal_reference"": null, ""keurkamer"": false, ""literature"": null, ""origin_exhibition_lite"": null, ""period"": null, ""title"": ""Frank Govers, een jasje"", ""total"": null, ""weight_size_quality"": null}"
912fac2e-994e-4595-a150-4a7d68dbc916,2455,26-0875/10,5595f3f8-0d21-4337-985c-b62f62070ce9,719,"Juwelen, Horloges & Luxury",Luxury,"Frank Govers, een jasje ","Frank Govers, een jasje ","<h3>Description</h3><p>Uitgevoerd in zwart fluweel, geheel bewerkt met een arabesk/krul-dessin in soutache-borduursel, kraalwerk en pailletten. Ronde hals, gestructureerde schouders en een getailleerd, licht uitlopend basque-model. Ritssluiting voor; lange mouwen met versierde, omgeslagen manchetten.</p><h3>Weight / Size / Quality</h3>Afmetingen: Totale lengte: 77 cm. Schouderbreedte: 47 cm. Mouwlengte: 62 cm.",published,EUR,800.0,1000.0,650.0,650.0,,1,0,,,True,"Mon, 31 Aug 2026 15:00:00 GMT","Wed, 16 Sep 2026 19:36:00 GMT",https://media.app.artisio.co/media/3fc437c0-fdbb-4208-955a-90293eab416d/inventory/f2c67f97-8190-4a8c-bf8a-aa2628f3e76a/dd708624-d264-4c52-8c7a-5c8190e9dc05/0001_lkkSrc_sm.jpeg;https://media.app.artisio.co/media/3fc437c0-fdbb-4208-955a-90293eab416d/inventory/f2c67f97-8190-4a8c-bf8a-aa2628f3e76a/16c5060e-a048-48f3-92dc-9bd2c2e4d927/0002_cCWftx_sm.jpeg;https://media.app.artisio.co/media/3fc437c0-fdbb-4208-955a-90293eab416d/inventory/f2c67f97-8190-4a8c-bf8a-aa2628f3e76a/fca779e0-2fee-48c2-84b5-a3e22a701ca8/0003_OxqNcK_sm.jpeg;https://media.app.artisio.co/media/3fc437c0-fdbb-4208-955a-90293eab416d/inventory/f2c67f97-8190-4a8c-bf8a-aa2628f3e76a/442dc976-cb3f-41d8-83a1-4ac3be88553a/0004_zCrMeD_sm.jpeg;https://media.app.artisio.co/media/3fc437c0-fdbb-4208-955a-90293eab416d/inventory/f2c67f97-8190-4a8c-bf8a-aa2628f3e76a/9c059a98-d719-44c3-af7b-4b7b7474e620/0005_kZDXVP_sm.jpeg,5,"{""artist_retail_right"": false, ""comments"": ""<p>https://preview-eu.wetransfer.net/transfer/58afe016cb31eac197ba347c1b739ff020260820175946/hl-75948003215/default/preview.webp?Expires=1787667460&Key-Pair-Id=K2SVF85QSYV5SB&Signature=Mmc4eJ8ds0dhDlKdHYZWMLan9wPbdDGqCjDfx2KTLAZi-8zfo5dzEGXO-UX0FlULG6yukWEGSfwNIFIZe2zdjwpGjQTJSivt8~nyuWSZBI3uof-sFopy5ub23b-YkFD4Xp6fXr6l0OG2w3aCe820a1zTK0Q~KoAGwxZCSBY0EEwemXh33RFqaLhzh1eO-a9Kh~0289mkAVErHuJznTwsocYD9zJoup8ajnTdqDsIcIs4lJMGPwdVX1QnOLlO84NY6t1~jizMWITN8cmuw5GeiNVZlUT91~~xJjeax5CvYMYTIAEGb7pR82ZVQnYMjB9X9TFBH~z3Q2oPrBIMDVK9HQ__</p>"", ""description"": ""<p>Uitgevoerd in zwart fluweel, geheel bewerkt met een arabesk/krul-dessin in soutache-borduursel, kraalwerk en pailletten. Ronde hals, gestructureerde schouders en een getailleerd, licht uitlopend basque-model. Ritssluiting voor; lange mouwen met versierde, omgeslagen manchetten.</p>"", ""internal_reference"": null, ""keurkamer"": false, ""literature"": null, ""origin_exhibition_lite"": null, ""period"": null, ""title"": ""Frank Govers, een jasje "", ""total"": null, ""weight_size_quality"": ""Afmetingen: Totale lengte: 77 cm. Schouderbreedte: 47 cm. Mouwlengte: 62 cm.""}"
7b1a939b-d49a-4cc0-b2ac-3bdbfc8a6d0f,2456,26-0875/11,5595f3f8-0d21-4337-985c-b62f62070ce9,719,"Juwelen, Horloges & Luxury",Luxury,"Frank Govers, een leren jas","Frank Govers, een leren jas","<h3>Description</h3><p>Zwart leren jas met bontkraag en bijpassende bonten manchetten. Getailleerd model met lange mouwen en een geometrisch, in punten uitlopende basque. Ritssluiting voor..</p><p>&nbsp;</p><h3>Weight / Size / Quality</h3>Afmetingen: Totale lengte: 77 cm. Schouderbreedte: 48 cm.  Mouwlengte: 68 cm.",published,EUR,500.0,800.0,400.0,400.0,,1,0,,,True,"Mon, 31 Aug 2026 15:00:00 GMT","Wed, 16 Sep 2026 19:39:00 GMT",https://media.app.artisio.co/media/3fc437c0-fdbb-4208-955a-90293eab416d/inventory/829bc727-b8b9-4a0a-9ce8-fac9e8556d76/455e71f6-163c-4b32-bee9-cf008702b2db/0001_aUCVbC_sm.jpeg;https://media.app.artisio.co/media/3fc437c0-fdbb-4208-955a-90293eab416d/inventory/829bc727-b8b9-4a0a-9ce8-fac9e8556d76/19f973e7-9879-49e0-b47f-1591bfdd002a/0002_jiCfxz_sm.jpeg;https://media.app.artisio.co/media/3fc437c0-fdbb-4208-955a-90293eab416d/inventory/829bc727-b8b9-4a0a-9ce8-fac9e8556d76/34cd6d99-fad6-42a9-b368-32f8bef98319/0003_awLtMH_sm.jpeg,3,"{""artist_retail_right"": false, ""comments"": null, ""description"": ""<p>Zwart leren jas met bontkraag en bijpassende bonten manchetten. Getailleerd model met lange mouwen en een geometrisch, in punten uitlopende basque. Ritssluiting voor..</p><p>&nbsp;</p>"", ""internal_reference"": null, ""keurkamer"": false, ""literature"": null, ""origin_exhibition_lite"": null, ""period"": null, ""title"": ""Frank Govers, een leren jas"", ""total"": null, ""weight_size_quality"": "" Afmetingen: Totale lengte: 77 cm. Schouderbreedte: 48 cm.  Mouwlengte: 68 cm.""}"
45b68e78-c3f3-490a-8f4a-187a69071a16,2457,26-0856/2,5595f3f8-0d21-4337-985c-b62f62070ce9,719,"Juwelen, Horloges & Luxury",Luxury,"Viktor & Rolf, een jurk","Viktor & Rolf, een jurk","<h3>Description</h3><p>Uitgevoerd in zwart. Ronde hals met licht gerimpelde, gepofte schoudernaden en lange, smalle mouwen. Getailleerd lijfje overlopend in een licht uitlopende, halftransparante rok. Ritssluiting op de rug. Midi-lengte.</p><h3>Weight / Size / Quality</h3>Afmetingen: Totale lengte: 116 cm. Schouderbreedte: 41 cm. Mouwlengte: 66 cm.",published,EUR,160.0,300.0,100.0,100.0,,1,0,,,True,"Mon, 31 Aug 2026 15:00:00 GMT","Wed, 16 Sep 2026 19:39:00 GMT",https://media.app.artisio.co/media/3fc437c0-fdbb-4208-955a-90293eab416d/inventory/7ae2c5f2-86a6-4b6a-899b-c35fb823273f/5636ca94-7a0b-4c7e-b1d6-328a90c92d49/0001_wCIfgk_sm.jpeg;https://media.app.artisio.co/media/3fc437c0-fdbb-4208-955a-90293eab416d/inventory/7ae2c5f2-86a6-4b6a-899b-c35fb823273f/93c018b3-b0cd-4baa-bc08-d9b762b80e4b/0002_qCBrQI_sm.jpeg;https://media.app.artisio.co/media/3fc437c0-fdbb-4208-955a-90293eab416d/inventory/7ae2c5f2-86a6-4b6a-899b-c35fb823273f/66aa26e1-a7d7-4864-abab-c6cbdcacfa70/0003_CbWYFE_sm.jpeg;https://media.app.artisio.co/media/3fc437c0-fdbb-4208-955a-90293eab416d/inventory/7ae2c5f2-86a6-4b6a-899b-c35fb823273f/d9e7b51e-d730-43ae-89eb-c9bf15ed46d2/0004_PQJIUA_sm.jpeg,4,"{""artist_retail_right"": false, ""comments"": ""<p>https://preview-eu.wetransfer.net/transfer/58afe016cb31eac197ba347c1b739ff020260820175946/hl-75948003220/default/preview.webp?Expires=1787667460&Key-Pair-Id=K2SVF85QSYV5SB&Signature=i4sYx4cMcs~pxZ6p-UxxmCC1nQnIpb4IFwn04kuwo~K7KHjgne5K-4akacstL8EaeDnhVgFKtaYuW7jQk8LOM-tHCI4q9xOXAm3sZqLMqnCm8S~GW6Zz3SIn4AwdUDMROlXaiUHB91tkaFfpdIc37hh-yxPTcrwn6UnFIuMeEiCE~BmyrV0TURi~CzWbrZ7CiZvG3u2h5R0T2I6yl2s0riv62CrxEmXjXyThkM87fCz3~CSNZ1vBhvXDWXWMMy9Y85RiZGltGWhFrNOfhjRyH6THP9~lCyA91RIUEjv7QY0xqEl1IjM0EC6Y4XhMugxKRM1M5gyLLsyHX97cE563KQ__</p>"", ""description"": ""<p>Uitgevoerd in zwart. Ronde hals met licht gerimpelde, gepofte schoudernaden en lange, smalle mouwen. Getailleerd lijfje overlopend in een licht uitlopende, halftransparante rok. Ritssluiting op de rug. Midi-lengte.</p>"", ""internal_reference"": null, ""keurkamer"": false, ""literature"": null, ""origin_exhibition_lite"": null, ""period"": null, ""title"": ""Viktor & Rolf, een jurk"", ""total"": null, ""weight_size_quality"": ""Afmetingen: Totale lengte: 116 cm. Schouderbreedte: 41 cm. Mouwlengte: 66 cm.""}"
f6f97767-e518-44e0-94a1-74b0f45952a4,2458,26-0856/3,5595f3f8-0d21-4337-985c-b62f62070ce9,719,"Juwelen, Horloges & Luxury",Luxury,"Viktor & Rolf, een tuniek met rok","Viktor & Rolf, een tuniek met rok","<h3>Description</h3><p>Tweedelig, uitgevoerd in zwart met V-hals.</p><h3>Weight / Size / Quality</h3>Afmetingen de tuniek: Totale lengte: 114 cm. Schouderbreedte: 44 cm. Mouwlengte: 62 cm. Afmetingen rok: Totale lengte: 70 cm. : Taille 41 cm.",published,EUR,300.0,550.0,180.0,180.0,,1,0,,,True,"Mon, 31 Aug 2026 15:00:00 GMT","Wed, 16 Sep 2026 19:39:00 GMT",https://media.app.artisio.co/media/3fc437c0-fdbb-4208-955a-90293eab416d/inventory/5b6abc7a-d0de-4580-af71-1a3a568f08a9/09027a71-9d6e-484c-b281-7a7949e27aee/0001_HJqBxF_sm.jpeg;https://media.app.artisio.co/media/3fc437c0-fdbb-4208-955a-90293eab416d/inventory/5b6abc7a-d0de-4580-af71-1a3a568f08a9/2308907f-435d-43dc-bcd7-aae987e7404e/0002_NHZdUZ_sm.jpeg;https://media.app.artisio.co/media/3fc437c0-fdbb-4208-955a-90293eab416d/inventory/5b6abc7a-d0de-4580-af71-1a3a568f08a9/4ff9a72a-68d3-4c5d-a499-0ef3322d6c6b/0003_WaLXzg_sm.jpeg,3,"{""artist_retail_right"": false, ""comments"": null, ""description"": ""<p>Tweedelig, uitgevoerd in zwart met V-hals.</p>"", ""internal_reference"": null, ""keurkamer"": false, ""literature"": null, ""origin_exhibition_lite"": null, ""period"": null, ""title"": ""Viktor & Rolf, een tuniek met rok"", ""total"": null, ""weight_size_quality"": ""Afmetingen de tuniek: Totale lengte: 114 cm. Schouderbreedte: 44 cm. Mouwlengte: 62 cm. Afmetingen rok: Totale lengte: 70 cm. : Taille 41 cm.""}"
fa655f38-05d6-4e82-ac9c-6ef9c17d7462,2459,26-0856/4,5595f3f8-0d21-4337-985c-b62f62070ce9,719,"Juwelen, Horloges & Luxury",Luxury,"Yves Saint Laurent, een jurk","Yves Saint Laurent, een jurk","<h3>Period</h3>2007<h3>Description</h3><p>De grijze wollen jurk met ceintuur, collectie Automne/Hiver 2007. Gedrapeerd model met wijde, geplooide korte mouwen en een boothals. Bijpassende ceintuur die op de taille wordt geknoopt; aan de achterzijde een gekruist, gedrapeerd rugdetail. Nieuw met prijskaart</p><h3>Weight / Size / Quality</h3>Maat 36. Afmetingen: Totale lengte: 90 cm. Schouderbreedte: 44 cm.",published,EUR,200.0,400.0,160.0,160.0,,1,0,,,True,"Mon, 31 Aug 2026 15:00:00 GMT","Wed, 16 Sep 2026 19:39:00 GMT",https://media.app.artisio.co/media/3fc437c0-fdbb-4208-955a-90293eab416d/inventory/86db8266-9db5-4b03-9427-ec6db06addf4/1ce64323-df9c-46da-81f4-50f81b4da57a/0001_OTkuZi_sm.jpeg;https://media.app.artisio.co/media/3fc437c0-fdbb-4208-955a-90293eab416d/inventory/86db8266-9db5-4b03-9427-ec6db06addf4/7cf1d681-7b4d-49a8-8952-0b15650f67f3/0002_cRUrNG_sm.jpeg;https://media.app.artisio.co/media/3fc437c0-fdbb-4208-955a-90293eab416d/inventory/86db8266-9db5-4b03-9427-ec6db06addf4/3db6fc5f-22de-4c75-a21c-bbd797667850/0003_eypnOh_sm.jpeg;https://media.app.artisio.co/media/3fc437c0-fdbb-4208-955a-90293eab416d/inventory/86db8266-9db5-4b03-9427-ec6db06addf4/639c3548-0756-4357-94ba-e265fef385e6/0004_VygLOT_sm.jpeg,4,"{""artist_retail_right"": false, ""comments"": ""<p>https://preview-eu.wetransfer.net/transfer/58afe016cb31eac197ba347c1b739ff020260820175946/hl-75948003207/default/preview.webp?Expires=1787667460&Key-Pair-Id=K2SVF85QSYV5SB&Signature=ZwqmJgzkdGDmOSIlSVs52~EsvfNcErX3mxJ-145A4ENmkv0MtvmPL9FIPfKZ4iih3ZYJnQXfTOoCrHPcZRKWiW-qx4MnZqgLUeq8mak3NcqUqLzSfolO8sXZy7z0OZLHlQ-33Wtzf1WgD7BM0ugA13LMyAUbmxqtIFG0MZgG9aBwvwuvkxeb3zMk11RgYOxDJfW~mF65CiPZTNBuADvcKNgtVLgd7qRUpYBBmewdLkjPOw9M6vR1xDZdI~b90ntmaK4AlOHKr114QMO1xOBErs~uyHoJqd5hp0uB9XmlL9XLwMpz4VI~AHPS7Uj4130e19AzlkpS8~L3jIIThC446g__</p>"", ""description"": ""<p>De grijze wollen jurk met ceintuur, collectie Automne/Hiver 2007. Gedrapeerd model met wijde, geplooide korte mouwen en een boothals. Bijpassende ceintuur die op de taille wordt geknoopt; aan de achterzijde een gekruist, gedrapeerd rugdetail. Nieuw met prijskaart</p>"", ""internal_reference"": null, ""keurkamer"": false, ""literature"": null, ""origin_exhibition_lite"": null, ""period"": ""2007"", ""title"": ""Yves Saint Laurent, een jurk"", ""total"": null, ""weight_size_quality"": ""Maat 36. Afmetingen: Totale lengte: 90 cm. Schouderbreedte: 44 cm.""}"
422e70c7-92d4-48be-95e9-7d4acd383aae,2460,26-0856/5,5595f3f8-0d21-4337-985c-b62f62070ce9,719,"Juwelen, Horloges & Luxury",Luxury,"Yves Saint Laurent, een jurk ","Yves Saint Laurent, een jurk ","<h3>Period</h3>2008<h3>Description</h3><p>De grijze wollen jurk, collectie Automne/Hiver 2008. Cocon-model met ronde hals en korte kimono-mouwen, verlopend naar een getailleerde, gedrapeerde onderkant met zakken. Ritssluiting op de rug.&nbsp;</p><h3>Weight / Size / Quality</h3>Maat F38. Afmetingen: Totale lengte: 97 cm. Schouderbreedte: 44 cm. Mouwlengte: 27 cm.",published,EUR,200.0,400.0,160.0,160.0,,1,0,,,True,"Mon, 31 Aug 2026 15:00:00 GMT","Wed, 16 Sep 2026 19:39:00 GMT",https://media.app.artisio.co/media/3fc437c0-fdbb-4208-955a-90293eab416d/inventory/dc373cc6-bcb7-46a2-b7d7-f0f7af83d595/72a69ff4-7ccf-4857-85c7-0d9d3ac154fe/00002_jXatuv_sm.jpeg;https://media.app.artisio.co/media/3fc437c0-fdbb-4208-955a-90293eab416d/inventory/dc373cc6-bcb7-46a2-b7d7-f0f7af83d595/3c4a2f4f-b878-4196-b92b-af25f1d51bde/0002_YyWNNO_sm.jpeg;https://media.app.artisio.co/media/3fc437c0-fdbb-4208-955a-90293eab416d/inventory/dc373cc6-bcb7-46a2-b7d7-f0f7af83d595/823cd12e-7e1a-4e59-ae40-e528f687dda9/0002a_ERHgeL_sm.jpeg;https://media.app.artisio.co/media/3fc437c0-fdbb-4208-955a-90293eab416d/inventory/dc373cc6-bcb7-46a2-b7d7-f0f7af83d595/4aae3608-9400-447d-ab38-2ab2e5fe330a/0004_CsPhxi_sm.jpeg,4,"{""artist_retail_right"": false, ""comments"": null, ""description"": ""<p>De grijze wollen jurk, collectie Automne/Hiver 2008. Cocon-model met ronde hals en korte kimono-mouwen, verlopend naar een getailleerde, gedrapeerde onderkant met zakken. Ritssluiting op de rug.&nbsp;</p>"", ""internal_reference"": null, ""keurkamer"": false, ""literature"": null, ""origin_exhibition_lite"": null, ""period"": ""2008"", ""title"": ""Yves Saint Laurent, een jurk "", ""total"": null, ""weight_size_quality"": ""Maat F38. Afmetingen: Totale lengte: 97 cm. Schouderbreedte: 44 cm. Mouwlengte: 27 cm.""}"
519790e3-9b8a-4fc7-9ca2-27326d724df2,2461,26-0597/122,5595f3f8-0d21-4337-985c-b62f62070ce9,719,"Juwelen, Horloges & Luxury",Luxury,"Veronique Branquinho, een mantel","Veronique Branquinho, een mantel","<h3>Description</h3><p>Lange zwart leren cape met capuchon. Platte overhemdkraag over de capuchon, knoopsluiting voor met stofknopen; verticale insteekopeningen voor de armen. Wijd uitlopend, A-lijn model tot over de knie/kuit. Veronique Branquinho Fall 2015 Ready-to-Wear Fashion Show</p>",published,EUR,600.0,1200.0,300.0,300.0,,1,0,,,True,"Mon, 31 Aug 2026 15:00:00 GMT","Wed, 16 Sep 2026 19:39:00 GMT",https://media.app.artisio.co/media/3fc437c0-fdbb-4208-955a-90293eab416d/inventory/322f4549-27d5-42a8-92a5-bbd770eba327/fb79baff-dd7a-48ec-96a6-b0ad17de480a/0001_KVvuMy_sm.jpeg;https://media.app.artisio.co/media/3fc437c0-fdbb-4208-955a-90293eab416d/inventory/322f4549-27d5-42a8-92a5-bbd770eba327/e5a61f81-8efc-4042-b939-8b74083ef33c/0002_SXKqtc_sm.jpeg;https://media.app.artisio.co/media/3fc437c0-fdbb-4208-955a-90293eab416d/inventory/322f4549-27d5-42a8-92a5-bbd770eba327/7c1a5764-1f29-40f5-805e-44c3f5c5bb1c/0003_BvMvwK_sm.jpeg;https://media.app.artisio.co/media/3fc437c0-fdbb-4208-955a-90293eab416d/inventory/322f4549-27d5-42a8-92a5-bbd770eba327/54e8b90b-9bd4-4b3b-86d5-9310e7ef98ab/0004_ziJlHE_sm.jpeg;https://media.app.artisio.co/media/3fc437c0-fdbb-4208-955a-90293eab416d/inventory/322f4549-27d5-42a8-92a5-bbd770eba327/06e2bb99-c985-4814-8339-3e371e6383b2/0005_lLpVPo_sm.jpeg,5,"{""artist_retail_right"": false, ""comments"": ""<p>https://preview-eu.wetransfer.net/transfer/58afe016cb31eac197ba347c1b739ff020260820175946/hl-75948003224/default/preview.webp?Expires=1787667460&Key-Pair-Id=K2SVF85QSYV5SB&Signature=Wr97FqtL8St5hS9WpFBnOCEzWxVrce0cH76I1VQ7muuI8dm6UxG5rQmhV6uWbS70CKF5IDkFZXisLESL1zffrN5pJG~LUNN0QsEwn0K2Y~DO7h-iBOOEFOnIGZ5l5XPYblx7coT59Rzcp9YAaatj6bBxtyqWGEdAq~leVwpLqm9AFuIQEEcegx~OmZiUl6GEQcsR2vxnr9xn3Rn~By8iFG4DDXESxlciiqLt~nTnVT6jvDwu2gK2zvLuAi-CqhfuhB969zNU8KOMZP2dMFhVP6ZM9yMm6lrdB9WgVfQ61MdYPs-zqgSAddStNPegKBOU4M~D8tBd2rnxoPmN9mD1Ag__</p>"", ""description"": ""<p>Lange zwart leren cape met capuchon. Platte overhemdkraag over de capuchon, knoopsluiting voor met stofknopen; verticale insteekopeningen voor de armen. Wijd uitlopend, A-lijn model tot over de knie/kuit. Veronique Branquinho Fall 2015 Ready-to-Wear Fashion Show</p>"", ""internal_reference"": null, ""keurkamer"": false, ""literature"": null, ""origin_exhibition_lite"": null, ""period"": null, ""title"": ""Veronique Branquinho, een mantel"", ""total"": null, ""weight_size_quality"": null}"
66540bf1-cd5b-42e0-aa94-7d0fe505a30c,2462,26-0597/123,5595f3f8-0d21-4337-985c-b62f62070ce9,719,"Juwelen, Horloges & Luxury",Luxury,"Jan Taminiau, een cape jas","Jan Taminiau, een cape jas","<h3>Description</h3><p>Een zwarte cape jas, een lang model. Zonder mouwen.&nbsp;</p>",published,EUR,300.0,500.0,200.0,200.0,,1,0,,,True,"Mon, 31 Aug 2026 15:00:00 GMT","Wed, 16 Sep 2026 19:42:00 GMT",https://media.app.artisio.co/media/3fc437c0-fdbb-4208-955a-90293eab416d/inventory/82065662-4894-4500-9fae-256e4aa3b072/aea6c112-f986-4adc-993b-951d0ff5017b/0001_VdhnaI_sm.jpeg;https://media.app.artisio.co/media/3fc437c0-fdbb-4208-955a-90293eab416d/inventory/82065662-4894-4500-9fae-256e4aa3b072/48392460-69a6-48b8-ba84-1d574dd4f20f/0002_gQszMv_sm.jpeg;https://media.app.artisio.co/media/3fc437c0-fdbb-4208-955a-90293eab416d/inventory/82065662-4894-4500-9fae-256e4aa3b072/e61bb618-41ed-49bd-8b92-b649db81dd85/0003_PsBQfK_sm.jpeg,3,"{""artist_retail_right"": false, ""comments"": null, ""description"": ""<p>Een zwarte cape jas, een lang model. Zonder mouwen.&nbsp;</p>"", ""internal_reference"": null, ""keurkamer"": false, ""literature"": null, ""origin_exhibition_lite"": null, ""period"": """", ""title"": ""Jan Taminiau, een cape jas"", ""total"": null, ""weight_size_quality"": null}"
6cb1cac8-12e6-42c2-8730-32e4681231c6,2463,26-0597/124,5595f3f8-0d21-4337-985c-b62f62070ce9,719,"Juwelen, Horloges & Luxury",Luxury,"Chanel boutique, een rok","Chanel boutique, een rok","<h3>Description</h3><p>Kokerrok in twee kleurvlakken: het bovendeel in paars/aubergine, het onderste deel in zwart fluweel. Getailleerde taille met bandje. Rechte, tot op de knie vallende pasvorm met knoop en ritssluiting aan de achterzijde.</p>",published,EUR,100.0,200.0,50.0,50.0,,1,0,,,True,"Mon, 31 Aug 2026 15:00:00 GMT","Wed, 16 Sep 2026 19:42:00 GMT",https://media.app.artisio.co/media/3fc437c0-fdbb-4208-955a-90293eab416d/inventory/3bbe8b52-8146-4fc8-aa90-1f5f8a3565d5/f54d3cff-77c3-46d6-ae2b-9a9098cc04ff/0001_yzbAyH_sm.jpeg;https://media.app.artisio.co/media/3fc437c0-fdbb-4208-955a-90293eab416d/inventory/3bbe8b52-8146-4fc8-aa90-1f5f8a3565d5/c2c65a25-c265-4c58-b16f-814b54c79e02/0002_ZSIHqW_sm.jpeg;https://media.app.artisio.co/media/3fc437c0-fdbb-4208-955a-90293eab416d/inventory/3bbe8b52-8146-4fc8-aa90-1f5f8a3565d5/60db25da-862b-4e09-9cbd-e615e6bc2f13/0003_URddjg_sm.jpeg;https://media.app.artisio.co/media/3fc437c0-fdbb-4208-955a-90293eab416d/inventory/3bbe8b52-8146-4fc8-aa90-1f5f8a3565d5/dca5b7da-539f-4aba-afe1-0fa899ec98fc/0004_FLFjsD_sm.jpeg,4,"{""artist_retail_right"": false, ""comments"": ""<p>https://preview-eu.wetransfer.net/transfer/58afe016cb31eac197ba347c1b739ff020260820175946/hl-75948003291/default/preview.webp?Expires=1787690215&Key-Pair-Id=K2SVF85QSYV5SB&Signature=ZRORE8CCoM5BsS3iDlUw61dFO0xbNXEoZIkpAlUKM3c8aoMdsdZnrglxHvROxypJgz-QeE7EUsSC~za7~9QkPMcMPSMnv99Ze8DX-qq9GYbDgv3c7fTPu1JVa19pbfwffnul95vkyH1GzcfGFO9Wtx2gyAQaqkN12qEWLXvcWQ4mSowXBQC2G828xE7wnRKpZPTV0-AGDUAJ-5uYMjp8dRg2WgkARYPPK2huduGwqx5gpk-MWv6lCgyVpFf9pdToHXadOxlzfWYyApLg~jsqEwiImsozwPHFwr-INp7~v0ww-4xXX7m-ABOACrEasg47oV0qt-ICNgdCiB0hHDay0Q__</p>"", ""description"": ""<p>Kokerrok in twee kleurvlakken: het bovendeel in paars/aubergine, het onderste deel in zwart fluweel. Getailleerde taille met bandje. Rechte, tot op de knie vallende pasvorm met knoop en ritssluiting aan de achterzijde.</p>"", ""internal_reference"": null, ""keurkamer"": false, ""literature"": null, ""origin_exhibition_lite"": null, ""period"": null, ""title"": ""Chanel boutique, een rok"", ""total"": null, ""weight_size_quality"": null}"
3cae30e9-cb43-465a-9c18-9eb56e8d3f02,2464,26-0597/125,5595f3f8-0d21-4337-985c-b62f62070ce9,719,"Juwelen, Horloges & Luxury",Luxury,"Max Heymans, een jurk ","Max Heymans, een jurk ","<h3>Description</h3><p>Ensemble in marineblauw met witte stippen (polkadot). Bestaat uit een blouse met strikkraag en 3/4-mouwen, een bijpassende gelaagde rok met asymmetrische, puntig uitlopende zoom, en een bijpassende hoofddoek/sjaal.&nbsp;</p><h3>Weight / Size / Quality</h3>Afmetingen: Totale lengte: 117 cm. Schouderbreedte: 38 cm. Mouwlengte: 54 cm.",published,EUR,100.0,200.0,50.0,50.0,,1,0,,,True,"Mon, 31 Aug 2026 15:00:00 GMT","Wed, 16 Sep 2026 19:42:00 GMT",https://media.app.artisio.co/media/3fc437c0-fdbb-4208-955a-90293eab416d/inventory/fb458cee-b65f-4f71-8b27-a057d36fd518/b1887c3d-e4c3-47e2-8cd9-23fb533bd9a1/0001_CyuwVt_sm.jpeg;https://media.app.artisio.co/media/3fc437c0-fdbb-4208-955a-90293eab416d/inventory/fb458cee-b65f-4f71-8b27-a057d36fd518/434a4baa-b17a-4373-9099-a035bd64bf15/0002_fxjYca_sm.jpeg;https://media.app.artisio.co/media/3fc437c0-fdbb-4208-955a-90293eab416d/inventory/fb458cee-b65f-4f71-8b27-a057d36fd518/6b377acf-991e-4e2f-bb55-4c1c6803df29/0003_XHiOKk_sm.jpeg;https://media.app.artisio.co/media/3fc437c0-fdbb-4208-955a-90293eab416d/inventory/fb458cee-b65f-4f71-8b27-a057d36fd518/e1eafbec-9c88-4bb0-be73-c80bcceb326d/0004_OCpnyC_sm.jpeg;https://media.app.artisio.co/media/3fc437c0-fdbb-4208-955a-90293eab416d/inventory/fb458cee-b65f-4f71-8b27-a057d36fd518/1b479558-fb55-44db-9a5b-2000ac3b2911/0005_wUJEKh_sm.jpeg,5,"{""artist_retail_right"": false, ""comments"": ""<p>https://preview-eu.wetransfer.net/transfer/58afe016cb31eac197ba347c1b739ff020260820175946/hl-75948003331/default/preview.webp?Expires=1787690215&Key-Pair-Id=K2SVF85QSYV5SB&Signature=QDNNSjV3VgM~K-Lxrdw~25YwIZpXWs31VaiDVmJ4kMQX~CamR2XMnnpH-HuvEW4hr9GZzHGdTms--Jci9ilhdUjuY1QRdbWrVaKQL-~eyqII4vuKldxudm8tCjddiAthHOUZ-B1jS3NGMacx9zt5WhYsh8aRcMpNDopuyA7zRRnBw57YkjejMsdM03Ri9qZGhIH1bzWMkN3ppFT6hYDR2etLpvb3tahb1~UQsRNQB1vhEgjCxmw411VVtjPjnLl3~e~83fn-9V9A5rCEqbrK0n2MVK1xRrXoL8FmWwyb5vKSN1jLPNqn7UNOFRr-wRmPB1wD-nzV9ruuN~NPrOZLdA__</p>"", ""description"": ""<p>Ensemble in marineblauw met witte stippen (polkadot). Bestaat uit een blouse met strikkraag en 3/4-mouwen, een bijpassende gelaagde rok met asymmetrische, puntig uitlopende zoom, en een bijpassende hoofddoek/sjaal.&nbsp;</p>"", ""internal_reference"": null, ""keurkamer"": false, ""literature"": null, ""origin_exhibition_lite"": null, ""period"": null, ""title"": ""Max Heymans, een jurk "", ""total"": null, ""weight_size_quality"": ""Afmetingen: Totale lengte: 117 cm. Schouderbreedte: 38 cm. Mouwlengte: 54 cm.""}"
e3e4ec3c-4cf9-4d0c-a7f5-c2bca66b1e3c,2465,26-0597/126,5595f3f8-0d21-4337-985c-b62f62070ce9,719,"Juwelen, Horloges & Luxury",Luxury,"Christian Dior, een pantalon","Christian Dior, een pantalon","<h3>Description</h3><p>Uitgevoerd in zwart met een hoge, brede tailleband en plooien aan de voorzijde die zorgen voor volume op de heup. 95% zijde en 5% elastaan. Taps toelopende pijpen afgewerkt met een omslag. Aan de achterzijde twee zakken.&nbsp;</p><h3>Weight / Size / Quality</h3>maat 36",published,EUR,140.0,280.0,70.0,70.0,,1,1,70.0,70.0,True,"Mon, 31 Aug 2026 15:00:00 GMT","Wed, 16 Sep 2026 19:42:00 GMT",https://media.app.artisio.co/media/3fc437c0-fdbb-4208-955a-90293eab416d/inventory/ed25567b-cc69-4f36-9b61-fd925baa0a6b/9f480f52-954e-498f-ae24-d283ee12d1d0/0001_TMQINe_sm.jpeg;https://media.app.artisio.co/media/3fc437c0-fdbb-4208-955a-90293eab416d/inventory/ed25567b-cc69-4f36-9b61-fd925baa0a6b/c010983a-5aa8-4400-9613-2aabcb7ff0b3/0002_xgbBzD_sm.jpeg;https://media.app.artisio.co/media/3fc437c0-fdbb-4208-955a-90293eab416d/inventory/ed25567b-cc69-4f36-9b61-fd925baa0a6b/2c9a943b-226a-4e6f-88c4-1213819ca2ce/0003_VIdTMW_sm.jpeg,3,"{""artist_retail_right"": false, ""comments"": null, ""description"": ""<p>Uitgevoerd in zwart met een hoge, brede tailleband en plooien aan de voorzijde die zorgen voor volume op de heup. 95% zijde en 5% elastaan. Taps toelopende pijpen afgewerkt met een omslag. Aan de achterzijde twee zakken.&nbsp;</p>"", ""internal_reference"": null, ""keurkamer"": false, ""literature"": null, ""origin_exhibition_lite"": null, ""period"": null, ""title"": ""Christian Dior, een pantalon"", ""total"": null, ""weight_size_quality"": ""maat 36""}"
22804d69-675f-4255-b32c-52cc78d36b8c,2466,26-0597/127,5595f3f8-0d21-4337-985c-b62f62070ce9,719,"Juwelen, Horloges & Luxury",Luxury,"Jan Taminiau, een pantalon","Jan Taminiau, een pantalon","<h3>Description</h3><p>Uitgevoerd in zwart met hoge taille en een brede tailleband. Uitlopende pijpen. Ritssluiting achter. Strak model over de heup, uitlopend vanaf de knie.</p>",published,EUR,50.0,100.0,35.0,35.0,,1,0,,,True,"Mon, 31 Aug 2026 15:00:00 GMT","Wed, 16 Sep 2026 19:42:00 GMT",https://media.app.artisio.co/media/3fc437c0-fdbb-4208-955a-90293eab416d/inventory/1c4b2b96-6fe5-470d-86d7-c1a1d299b29d/62c2bf55-b1e0-48ea-9007-6c2818e6e080/0001_FNwbHA_sm.jpeg;https://media.app.artisio.co/media/3fc437c0-fdbb-4208-955a-90293eab416d/inventory/1c4b2b96-6fe5-470d-86d7-c1a1d299b29d/32205f88-60b1-4a02-9750-8682a79083d5/0002_IPKbTI_sm.jpeg;https://media.app.artisio.co/media/3fc437c0-fdbb-4208-955a-90293eab416d/inventory/1c4b2b96-6fe5-470d-86d7-c1a1d299b29d/4b6c7d32-55c8-4e70-a2c0-d35f59a0d2c1/0003_YQHkuQ_sm.jpeg;https://media.app.artisio.co/media/3fc437c0-fdbb-4208-955a-90293eab416d/inventory/1c4b2b96-6fe5-470d-86d7-c1a1d299b29d/ffaab3a7-74a1-40fd-83e4-3f00fb74c770/0004_sXlien_sm.jpeg,4,"{""artist_retail_right"": false, ""comments"": null, ""description"": ""<p>Uitgevoerd in zwart met hoge taille en een brede tailleband. Uitlopende pijpen. Ritssluiting achter. Strak model over de heup, uitlopend vanaf de knie.</p>"", ""internal_reference"": null, ""keurkamer"": false, ""literature"": null, ""origin_exhibition_lite"": null, ""period"": null, ""title"": ""Jan Taminiau, een pantalon"", ""total"": null, ""weight_size_quality"": null}"
99a0bb29-1ef2-4263-af4b-6ba6c75216e7,2467,26-0597/128,5595f3f8-0d21-4337-985c-b62f62070ce9,719,"Juwelen, Horloges & Luxury",Luxury,"Charlotte Olympia, een paar pumps","Charlotte Olympia, een paar pumps","<h3>Description</h3><p>Uitgevoerd in wit leer. Model met spitse neus, hoge stiletto­hak en verstelbaar slingback-bandje met goudkleurige gesp.&nbsp;</p><h3>Weight / Size / Quality</h3>Maat 38",published,EUR,100.0,200.0,50.0,50.0,,1,0,,,True,"Mon, 31 Aug 2026 15:00:00 GMT","Wed, 16 Sep 2026 19:42:00 GMT",https://media.app.artisio.co/media/3fc437c0-fdbb-4208-955a-90293eab416d/inventory/4580d212-8ee4-42cf-902a-ab04327540aa/fd70d6f9-2f97-4d6e-8fd8-7b853ae62e20/0001_zBCSxW_sm.jpeg;https://media.app.artisio.co/media/3fc437c0-fdbb-4208-955a-90293eab416d/inventory/4580d212-8ee4-42cf-902a-ab04327540aa/26ec796f-2664-4529-bb06-0c21a9501829/0002_pMrvZE_sm.jpeg;https://media.app.artisio.co/media/3fc437c0-fdbb-4208-955a-90293eab416d/inventory/4580d212-8ee4-42cf-902a-ab04327540aa/51cc055e-ac9a-483c-b6a4-c145fb0474d0/0003_XQQEpb_sm.jpeg;https://media.app.artisio.co/media/3fc437c0-fdbb-4208-955a-90293eab416d/inventory/4580d212-8ee4-42cf-902a-ab04327540aa/3ad99735-d7b7-4025-b587-839eb3920836/0004_ExZQKz_sm.jpeg,4,"{""artist_retail_right"": false, ""comments"": null, ""description"": ""<p>Uitgevoerd in wit leer. Model met spitse neus, hoge stiletto­hak en verstelbaar slingback-bandje met goudkleurige gesp.&nbsp;</p>"", ""internal_reference"": null, ""keurkamer"": false, ""literature"": null, ""origin_exhibition_lite"": null, ""period"": null, ""title"": ""Charlotte Olympia, een paar pumps"", ""total"": null, ""weight_size_quality"": ""Maat 38""}"
5598eae6-a299-4bb4-9ca4-9f5b118f2bf7,2468,26-0597/129,5595f3f8-0d21-4337-985c-b62f62070ce9,719,"Juwelen, Horloges & Luxury",Luxury,"Chanel, een paar pumps","Chanel, een paar pumps","<h3>Description</h3><p>Uitgevoerd in antracietgrijs wolvilt. Ronde neus met een zwarte camelia-bloem, Chanel-logo in reliëf op de hiel. Brede blokhak in goudkleurig metaal met ruitdessin.</p><h3>Weight / Size / Quality</h3>Maat 38 1/2 C",published,EUR,300.0,600.0,200.0,200.0,,1,1,200.0,200.0,True,"Mon, 31 Aug 2026 15:00:00 GMT","Wed, 16 Sep 2026 19:45:00 GMT",https://media.app.artisio.co/media/3fc437c0-fdbb-4208-955a-90293eab416d/inventory/93465fa3-d5df-4abd-900a-1fc64e70ea03/0c700a6d-a692-453c-8846-cec9b8d5d924/0001_jMwJXc_sm.jpeg;https://media.app.artisio.co/media/3fc437c0-fdbb-4208-955a-90293eab416d/inventory/93465fa3-d5df-4abd-900a-1fc64e70ea03/68ff8c7a-b8dd-4d58-ae0a-c17e4e9598cf/0002_FDaAQK_sm.jpeg;https://media.app.artisio.co/media/3fc437c0-fdbb-4208-955a-90293eab416d/inventory/93465fa3-d5df-4abd-900a-1fc64e70ea03/4972afff-9d36-464d-b136-bc4d0e91e5d0/0003_JOTfug_sm.jpeg;https://media.app.artisio.co/media/3fc437c0-fdbb-4208-955a-90293eab416d/inventory/93465fa3-d5df-4abd-900a-1fc64e70ea03/c2e09997-1d57-467b-aac2-ea2b0870358c/0004_jWdoHZ_sm.jpeg,4,"{""artist_retail_right"": false, ""comments"": null, ""description"": ""<p>Uitgevoerd in antracietgrijs wolvilt. Ronde neus met een zwarte camelia-bloem, Chanel-logo in reliëf op de hiel. Brede blokhak in goudkleurig metaal met ruitdessin.</p>"", ""internal_reference"": null, ""keurkamer"": false, ""literature"": null, ""origin_exhibition_lite"": null, ""period"": null, ""title"": ""Chanel, een paar pumps"", ""total"": null, ""weight_size_quality"": ""Maat 38 1/2 C""}"
3b4e4782-cf5a-41de-a526-c01fb3358659,2469,26-0597/130,5595f3f8-0d21-4337-985c-b62f62070ce9,719,"Juwelen, Horloges & Luxury",Luxury,"Fendi, een paar laarzen","Fendi, een paar laarzen","<h3>Description</h3><p>Model ‘Rockoko’ sok-enkellaarsjes in zwart, met elastische, gebreide stretch-schacht en wit gestreepte boord aan de bovenrand en witte bies langs de neus.</p><h3>Weight / Size / Quality</h3>Maat 39, hakhoogte 115 mm",published,EUR,200.0,400.0,100.0,100.0,,1,0,,,True,"Mon, 31 Aug 2026 15:00:00 GMT","Wed, 16 Sep 2026 19:45:00 GMT",https://media.app.artisio.co/media/3fc437c0-fdbb-4208-955a-90293eab416d/inventory/c7c81c9e-7fa5-4ad3-86cb-8fb4552c0ea4/c21246ee-29ad-47ac-ad05-4cd8a3c48e9d/0001_sqvgrS_sm.jpeg;https://media.app.artisio.co/media/3fc437c0-fdbb-4208-955a-90293eab416d/inventory/c7c81c9e-7fa5-4ad3-86cb-8fb4552c0ea4/eced41d8-9468-4b10-844f-69beef154fe1/0002_XVUhNg_sm.jpeg;https://media.app.artisio.co/media/3fc437c0-fdbb-4208-955a-90293eab416d/inventory/c7c81c9e-7fa5-4ad3-86cb-8fb4552c0ea4/ab8d07ea-2cee-4bcc-9873-f2ccff638d5c/0003_nInIJA_sm.jpeg;https://media.app.artisio.co/media/3fc437c0-fdbb-4208-955a-90293eab416d/inventory/c7c81c9e-7fa5-4ad3-86cb-8fb4552c0ea4/3c304c1c-3041-4745-9199-600fb08592ee/0004_BWDbwT_sm.jpeg,4,"{""artist_retail_right"": false, ""comments"": null, ""description"": ""<p>Model ‘Rockoko’ sok-enkellaarsjes in zwart, met elastische, gebreide stretch-schacht en wit gestreepte boord aan de bovenrand en witte bies langs de neus.</p>"", ""internal_reference"": null, ""keurkamer"": false, ""literature"": null, ""origin_exhibition_lite"": null, ""period"": null, ""title"": ""Fendi, een paar laarzen"", ""total"": null, ""weight_size_quality"": ""Maat 39, hakhoogte 115 mm""}"
3bc0a361-a93a-4ab7-a476-07142839d212,2470,26-0597/131,5595f3f8-0d21-4337-985c-b62f62070ce9,719,"Juwelen, Horloges & Luxury",Luxury,"Saint Laurent, een paar hakschoenen","Saint Laurent, een paar hakschoenen","<h3>Description</h3><p>Uitgevoerd in zwart leer. Model met open neus en gevlochten banden en verstelbaar enkelbandje met gesp. Hoge blokhak, geheel bezet met zilverkleurige ronde studs, en een dik plateau.&nbsp;</p><h3>Weight / Size / Quality</h3>maat 38",published,EUR,200.0,400.0,100.0,100.0,,1,0,,,True,"Mon, 31 Aug 2026 15:00:00 GMT","Wed, 16 Sep 2026 19:45:00 GMT",https://media.app.artisio.co/media/3fc437c0-fdbb-4208-955a-90293eab416d/inventory/f3fd103d-081a-4f2a-8bf9-d15ef2fac923/810089be-16db-485a-9d09-0f9a77fdcaf9/0001_fWFwXQ_sm.jpeg;https://media.app.artisio.co/media/3fc437c0-fdbb-4208-955a-90293eab416d/inventory/f3fd103d-081a-4f2a-8bf9-d15ef2fac923/a93dc5fa-5104-4352-8e48-378a101995c6/0002_wLeWMO_sm.jpeg;https://media.app.artisio.co/media/3fc437c0-fdbb-4208-955a-90293eab416d/inventory/f3fd103d-081a-4f2a-8bf9-d15ef2fac923/f8c68c36-af28-4da6-92c2-9e8b3a184965/0003_yedNhQ_sm.jpeg;https://media.app.artisio.co/media/3fc437c0-fdbb-4208-955a-90293eab416d/inventory/f3fd103d-081a-4f2a-8bf9-d15ef2fac923/d7c3f6ad-4aeb-4a0f-bd2d-5493bf057a19/0004_GhtRJX_sm.jpeg,4,"{""artist_retail_right"": false, ""comments"": null, ""description"": ""<p>Uitgevoerd in zwart leer. Model met open neus en gevlochten banden en verstelbaar enkelbandje met gesp. Hoge blokhak, geheel bezet met zilverkleurige ronde studs, en een dik plateau.&nbsp;</p>"", ""internal_reference"": null, ""keurkamer"": false, ""literature"": null, ""origin_exhibition_lite"": null, ""period"": null, ""title"": ""Saint Laurent, een paar hakschoenen"", ""total"": null, ""weight_size_quality"": ""maat 38""}"
00d20739-be5c-4ca1-853b-8b392b8af06c,2471,26-0597/132,5595f3f8-0d21-4337-985c-b62f62070ce9,719,"Juwelen, Horloges & Luxury",Luxury,"Chanel, een paar pumps","Chanel, een paar pumps","<h3>Description</h3><p>De schacht is het deel van een laars dat om het onderbeen zit — alles boven de voet, van de enkel omhoog. ""Stretch"" betekent dat dit deel van elastisch, rekbaar materiaal is gemaakt (hier de ribgebreide, sokachtige stof), zodat het strak om het been sluit zonder rits of sluiting. Hakhoogte 100mm</p><h3>Weight / Size / Quality</h3>Maat 38 1/2 C",published,EUR,300.0,600.0,160.0,160.0,,1,0,,,True,"Mon, 31 Aug 2026 15:00:00 GMT","Wed, 16 Sep 2026 19:45:00 GMT",https://media.app.artisio.co/media/3fc437c0-fdbb-4208-955a-90293eab416d/inventory/868436e5-f3c7-47aa-8a89-e8de1dcd3839/bf0a385d-c10b-42cd-8bc1-2fdea9b431a0/0001_lVNpIQ_sm.jpeg;https://media.app.artisio.co/media/3fc437c0-fdbb-4208-955a-90293eab416d/inventory/868436e5-f3c7-47aa-8a89-e8de1dcd3839/1fa040bd-8498-4a45-88db-08e59774da08/0002_LGzMXf_sm.jpeg;https://media.app.artisio.co/media/3fc437c0-fdbb-4208-955a-90293eab416d/inventory/868436e5-f3c7-47aa-8a89-e8de1dcd3839/7d698f0b-803c-4230-b59e-170be1d88599/0003_gOQoQw_sm.jpeg;https://media.app.artisio.co/media/3fc437c0-fdbb-4208-955a-90293eab416d/inventory/868436e5-f3c7-47aa-8a89-e8de1dcd3839/8fc23458-76af-49a2-8b0f-9f3e5b50da2f/0004_bIvtiA_sm.jpeg,4,"{""artist_retail_right"": false, ""comments"": null, ""description"": ""<p>De schacht is het deel van een laars dat om het onderbeen zit — alles boven de voet, van de enkel omhoog. \""Stretch\"" betekent dat dit deel van elastisch, rekbaar materiaal is gemaakt (hier de ribgebreide, sokachtige stof), zodat het strak om het been sluit zonder rits of sluiting. Hakhoogte 100mm</p>"", ""internal_reference"": null, ""keurkamer"": false, ""literature"": null, ""origin_exhibition_lite"": null, ""period"": null, ""title"": ""Chanel, een paar pumps"", ""total"": null, ""weight_size_quality"": ""Maat 38 1/2 C""}"
37b81b36-28a5-4904-94de-d99554f5070f,2472,26-0597/134,5595f3f8-0d21-4337-985c-b62f62070ce9,719,"Juwelen, Horloges & Luxury",Luxury,"Gucci, een paar pumps","Gucci, een paar pumps","<h3>Description</h3><p>Uitgevoerd in zwart suède met een blauw suède hielstuk. Model met spitse neus, goudkleurige metalen neuskap en een hoge stilettohak. Goudkleurig Gucci-logoplaatje op de binnenzool, Made in Italy.</p><h3>Weight / Size / Quality</h3>Maat 38 1/2",published,EUR,100.0,200.0,50.0,50.0,,1,0,,,True,"Mon, 31 Aug 2026 15:00:00 GMT","Wed, 16 Sep 2026 19:45:00 GMT",https://media.app.artisio.co/media/3fc437c0-fdbb-4208-955a-90293eab416d/inventory/a8cc9561-3038-4a82-8371-cbff680db17a/0b5c29f6-b708-4321-8f27-af69267027c3/0001_tqepiz_sm.jpeg;https://media.app.artisio.co/media/3fc437c0-fdbb-4208-955a-90293eab416d/inventory/a8cc9561-3038-4a82-8371-cbff680db17a/f859480e-46c3-48f7-a920-72e849a11fe2/0002_tjGpKe_sm.jpeg;https://media.app.artisio.co/media/3fc437c0-fdbb-4208-955a-90293eab416d/inventory/a8cc9561-3038-4a82-8371-cbff680db17a/a305dd0d-3bc4-44b3-a3da-a6e52199da68/0003_PZWXAf_sm.jpeg,3,"{""artist_retail_right"": false, ""comments"": null, ""description"": ""<p>Uitgevoerd in zwart suède met een blauw suède hielstuk. Model met spitse neus, goudkleurige metalen neuskap en een hoge stilettohak. Goudkleurig Gucci-logoplaatje op de binnenzool, Made in Italy.</p>"", ""internal_reference"": null, ""keurkamer"": false, ""literature"": null, ""origin_exhibition_lite"": null, ""period"": null, ""title"": ""Gucci, een paar pumps"", ""total"": null, ""weight_size_quality"": ""Maat 38 1/2""}"
b0739187-ffec-4988-8033-621b890a2548,2473,26-0597/135,5595f3f8-0d21-4337-985c-b62f62070ce9,719,"Juwelen, Horloges & Luxury",Luxury,"Chanel, een paar pumps","Chanel, een paar pumps","<h3>Description</h3><p>Uitgevoerd in geel leer. Model met open neus en brede voetband, verstelbaar enkelbandje met gesp. Hoge, gebogen hak met een goudkleurig metalen detail aan de onderkant. Op de zool het Chanel-logo, Made in Italy.</p><h3>Weight / Size / Quality</h3>Maat 38 C",published,EUR,250.0,500.0,120.0,120.0,,1,0,,,True,"Mon, 31 Aug 2026 15:00:00 GMT","Wed, 16 Sep 2026 19:45:00 GMT",https://media.app.artisio.co/media/3fc437c0-fdbb-4208-955a-90293eab416d/inventory/00946cff-71f7-42bf-bcdb-f949ffab6dae/6f9a12fa-056b-4b09-acbf-8a7ba94fd80b/0001_lkpfAx_sm.jpeg;https://media.app.artisio.co/media/3fc437c0-fdbb-4208-955a-90293eab416d/inventory/00946cff-71f7-42bf-bcdb-f949ffab6dae/52ca5edf-e066-4e93-9e0e-cedcdb0daf54/0002_doioCW_sm.jpeg;https://media.app.artisio.co/media/3fc437c0-fdbb-4208-955a-90293eab416d/inventory/00946cff-71f7-42bf-bcdb-f949ffab6dae/fa590ea0-3456-4e10-a5c4-afb62de5a4ce/0003_ogqKOr_sm.jpeg,3,"{""artist_retail_right"": false, ""comments"": null, ""description"": ""<p>Uitgevoerd in geel leer. Model met open neus en brede voetband, verstelbaar enkelbandje met gesp. Hoge, gebogen hak met een goudkleurig metalen detail aan de onderkant. Op de zool het Chanel-logo, Made in Italy.</p>"", ""internal_reference"": null, ""keurkamer"": false, ""literature"": null, ""origin_exhibition_lite"": null, ""period"": null, ""title"": ""Chanel, een paar pumps"", ""total"": null, ""weight_size_quality"": ""Maat 38 C""}"
bb01c2ce-3857-4c22-9208-5f27dd8a1172,2474,26-0597/133,5595f3f8-0d21-4337-985c-b62f62070ce9,719,"Juwelen, Horloges & Luxury",Luxury,"Ralph Lauren, een paar knielaarzen","Ralph Lauren, een paar knielaarzen","<h3>Description</h3><p>Kniehoog model in zwart leer, met spitse neus, hoge stilettohak, gladde schacht met een siernaad langs de bovenrand en een rits. Gemerkt Ralph Lauren, Made in Italy.</p><h3>Weight / Size / Quality</h3>maat 36",published,EUR,150.0,300.0,70.0,70.0,,1,0,,,True,"Mon, 31 Aug 2026 15:00:00 GMT","Wed, 16 Sep 2026 19:48:00 GMT",https://media.app.artisio.co/media/3fc437c0-fdbb-4208-955a-90293eab416d/inventory/60a4fec7-215b-4a28-9d00-f5ead187fe9b/5ef927ca-f6d8-4b10-96d6-eaf579d0dbda/0001_VlWtQH_sm.jpeg;https://media.app.artisio.co/media/3fc437c0-fdbb-4208-955a-90293eab416d/inventory/60a4fec7-215b-4a28-9d00-f5ead187fe9b/e8de1d46-b4ab-4a87-8560-ec093cc7bc1b/0002_ZpOAum_sm.jpeg;https://media.app.artisio.co/media/3fc437c0-fdbb-4208-955a-90293eab416d/inventory/60a4fec7-215b-4a28-9d00-f5ead187fe9b/8928102e-c0c3-45aa-aaab-dc481f081745/0003_ltHmMM_sm.jpeg,3,"{""artist_retail_right"": false, ""comments"": null, ""description"": ""<p>Kniehoog model in zwart leer, met spitse neus, hoge stilettohak, gladde schacht met een siernaad langs de bovenrand en een rits. Gemerkt Ralph Lauren, Made in Italy.</p>"", ""internal_reference"": null, ""keurkamer"": false, ""literature"": null, ""origin_exhibition_lite"": null, ""period"": null, ""title"": ""Ralph Lauren, een paar knielaarzen"", ""total"": null, ""weight_size_quality"": ""maat 36""}"
e0fbc6e2-2e01-4089-98fe-e566b20e27ec,2475,26-0597/136,5595f3f8-0d21-4337-985c-b62f62070ce9,719,"Juwelen, Horloges & Luxury",Luxury,"Alexander McQueen, een paar pumps met open neus","Alexander McQueen, een paar pumps met open neus","<h3>Description</h3><p>Uitgevoerd in rood leer. Model met open neus en een geknoopt leren sierdetail op de wreef, hoge stilettohak. Op de zool het McQueen-embleem, Made in Italy (Vero Cuoio).</p><h3>Weight / Size / Quality</h3>Maat 38",published,EUR,150.0,300.0,70.0,70.0,,1,0,,,True,"Mon, 31 Aug 2026 15:00:00 GMT","Wed, 16 Sep 2026 19:48:00 GMT",https://media.app.artisio.co/media/3fc437c0-fdbb-4208-955a-90293eab416d/inventory/2531925c-6e5d-4085-9d6d-73ed4e27f531/470f727a-7c78-4a2d-ab38-7966062687ac/0001_RBiDxz_sm.jpeg;https://media.app.artisio.co/media/3fc437c0-fdbb-4208-955a-90293eab416d/inventory/2531925c-6e5d-4085-9d6d-73ed4e27f531/45229dfb-64fa-468a-a163-0c85bf6d5309/0002_UhAPTZ_sm.jpeg;https://media.app.artisio.co/media/3fc437c0-fdbb-4208-955a-90293eab416d/inventory/2531925c-6e5d-4085-9d6d-73ed4e27f531/cde714a0-c9cb-4b48-98aa-5a280ba7ff5b/0003_YsMRWP_sm.jpeg,3,"{""artist_retail_right"": false, ""comments"": null, ""description"": ""<p>Uitgevoerd in rood leer. Model met open neus en een geknoopt leren sierdetail op de wreef, hoge stilettohak. Op de zool het McQueen-embleem, Made in Italy (Vero Cuoio).</p>"", ""internal_reference"": null, ""keurkamer"": false, ""literature"": null, ""origin_exhibition_lite"": null, ""period"": """", ""title"": ""Alexander McQueen, een paar pumps met open neus"", ""total"": null, ""weight_size_quality"": ""Maat 38""}"
ec26ca94-3da3-40ee-af17-4cbd052070ca,2476,26-0597/137,5595f3f8-0d21-4337-985c-b62f62070ce9,719,"Juwelen, Horloges & Luxury",Luxury,"Chanel, een paar sandalen met hak","Chanel, een paar sandalen met hak","<h3>Period</h3>2013<h3>Description</h3><p>Uitgevoerd in zwart leer. Open neus met gekruiste bandenpartij over de wreef, verstelbaar enkelbandje met gesp. Hoge stilettohak met een klein Chanel-logo aan de bovenkant van de hiel.&nbsp;</p><h3>Weight / Size / Quality</h3>Maat 38 C",published,EUR,120.0,240.0,60.0,60.0,,1,0,,,True,"Mon, 31 Aug 2026 15:00:00 GMT","Wed, 16 Sep 2026 19:48:00 GMT",https://media.app.artisio.co/media/3fc437c0-fdbb-4208-955a-90293eab416d/inventory/2ca8f300-3708-421f-a22b-afa48a7dcf30/cea05ac9-c386-4a41-80ab-db6de5672715/0001_qymwkF_sm.jpeg;https://media.app.artisio.co/media/3fc437c0-fdbb-4208-955a-90293eab416d/inventory/2ca8f300-3708-421f-a22b-afa48a7dcf30/18bcc58c-f76d-4998-9a1f-b493ad53c5d2/0002_HdSmdO_sm.jpeg;https://media.app.artisio.co/media/3fc437c0-fdbb-4208-955a-90293eab416d/inventory/2ca8f300-3708-421f-a22b-afa48a7dcf30/ccbe8b35-a521-4834-a003-e85b9569d8da/0003_ThMICb_sm.jpeg,3,"{""artist_retail_right"": false, ""comments"": null, ""description"": ""<p>Uitgevoerd in zwart leer. Open neus met gekruiste bandenpartij over de wreef, verstelbaar enkelbandje met gesp. Hoge stilettohak met een klein Chanel-logo aan de bovenkant van de hiel.&nbsp;</p>"", ""internal_reference"": null, ""keurkamer"": false, ""literature"": null, ""origin_exhibition_lite"": null, ""period"": ""2013"", ""title"": ""Chanel, een paar sandalen met hak"", ""total"": null, ""weight_size_quality"": ""Maat 38 C""}"
358beff1-8805-4e0f-90f5-58bbeeaf96ae,2477,26-0597/140,5595f3f8-0d21-4337-985c-b62f62070ce9,719,"Juwelen, Horloges & Luxury",Luxury,"Givenchy En Plus, een jasje","Givenchy En Plus, een jasje","<h3>Period</h3>Jaren '80<h3>Description</h3><p>Vintage, uitgevoerd in zwart met een goudkleurig ruitmotief in glanzende lurex. De hals met V-model met een zwarte satijnen bies, sluiting met knopen aan de voorzijde en decoratieve goudkleurige sierknopen aan de manchetten. Ruim, licht oversized model met heuplengte.</p><h3>Weight / Size / Quality</h3>Maat 52",published,EUR,50.0,100.0,35.0,35.0,,1,0,,,True,"Mon, 31 Aug 2026 15:00:00 GMT","Wed, 16 Sep 2026 19:48:00 GMT",https://media.app.artisio.co/media/3fc437c0-fdbb-4208-955a-90293eab416d/inventory/e2a91ab0-541c-4fdb-a889-225887b9c2be/02a4e512-4f04-4c9a-8f68-b2eb81e20e7b/0001_kKVOFT_sm.jpeg;https://media.app.artisio.co/media/3fc437c0-fdbb-4208-955a-90293eab416d/inventory/e2a91ab0-541c-4fdb-a889-225887b9c2be/9dcecf74-33a5-4e65-9ab7-87dd1594ca92/0002_xgeKiQ_sm.jpeg;https://media.app.artisio.co/media/3fc437c0-fdbb-4208-955a-90293eab416d/inventory/e2a91ab0-541c-4fdb-a889-225887b9c2be/dcaf1c18-d742-4067-9d2f-8601c370c4e1/0003_rJBmDz_sm.jpeg;https://media.app.artisio.co/media/3fc437c0-fdbb-4208-955a-90293eab416d/inventory/e2a91ab0-541c-4fdb-a889-225887b9c2be/81cf55a6-704e-4d45-a1f5-7b08ef68317d/0004_Nsnuju_sm.jpeg,4,"{""artist_retail_right"": false, ""comments"": null, ""description"": ""<p>Vintage, uitgevoerd in zwart met een goudkleurig ruitmotief in glanzende lurex. De hals met V-model met een zwarte satijnen bies, sluiting met knopen aan de voorzijde en decoratieve goudkleurige sierknopen aan de manchetten. Ruim, licht oversized model met heuplengte.</p>"", ""internal_reference"": null, ""keurkamer"": false, ""literature"": null, ""origin_exhibition_lite"": null, ""period"": ""Jaren '80"", ""title"": ""Givenchy En Plus, een jasje"", ""total"": null, ""weight_size_quality"": ""Maat 52""}"
92fbb036-0cb0-4268-9871-ee9e414731b7,2478,26-0597/141,5595f3f8-0d21-4337-985c-b62f62070ce9,719,"Juwelen, Horloges & Luxury",Luxury,"Christian Louboutin, 'cabarock' leren handtas","Christian Louboutin, 'cabarock' leren handtas","<h3>Description</h3><p>18th anniversary editie, tote in graffiti-print. Twee lange schouderbanden, afgezet met de kenmerkende meerkleurige spikes bij de bevestiging. Rode leren onderzijde met reliëf-logo ""Louboutin"". Open bovenzijde.</p>",published,EUR,300.0,600.0,160.0,160.0,,1,3,200.0,200.0,True,"Mon, 31 Aug 2026 15:00:00 GMT","Wed, 16 Sep 2026 19:48:00 GMT",https://media.app.artisio.co/media/3fc437c0-fdbb-4208-955a-90293eab416d/inventory/e697425d-8aeb-403d-9d04-e85ea9b309b1/38c56918-c1de-4682-858e-042caadf9bb3/0001_PHiwBe_sm.jpeg;https://media.app.artisio.co/media/3fc437c0-fdbb-4208-955a-90293eab416d/inventory/e697425d-8aeb-403d-9d04-e85ea9b309b1/2d036c71-e0b3-4678-985a-dd1c263ca906/0002_BKLjtM_sm.jpeg;https://media.app.artisio.co/media/3fc437c0-fdbb-4208-955a-90293eab416d/inventory/e697425d-8aeb-403d-9d04-e85ea9b309b1/3780c58e-4b5b-43b9-b0b4-c65b79ce5ad0/0003_tJHHuP_sm.jpeg,3,"{""artist_retail_right"": false, ""comments"": null, ""description"": ""<p>18th anniversary editie, tote in graffiti-print. Twee lange schouderbanden, afgezet met de kenmerkende meerkleurige spikes bij de bevestiging. Rode leren onderzijde met reliëf-logo \""Louboutin\"". Open bovenzijde.</p>"", ""internal_reference"": null, ""keurkamer"": false, ""literature"": null, ""origin_exhibition_lite"": null, ""period"": null, ""title"": ""Christian Louboutin, 'cabarock' leren handtas"", ""total"": null, ""weight_size_quality"": null}"
f3b2162f-e51d-432f-b616-ee519a3ee2c7,2479,26-0597/142,5595f3f8-0d21-4337-985c-b62f62070ce9,719,"Juwelen, Horloges & Luxury",Luxury,"Dolce & Gabanna, een sjaal","Dolce & Gabanna, een sjaal","<h3>Description</h3><p>Dolce & Gabbana sjaal in ivoorkleur met fijne, verticale streep. Geplisseerd weefsel.&nbsp;</p>",published,EUR,50.0,100.0,35.0,35.0,,1,1,35.0,35.0,True,"Mon, 31 Aug 2026 15:00:00 GMT","Wed, 16 Sep 2026 19:48:00 GMT",https://media.app.artisio.co/media/3fc437c0-fdbb-4208-955a-90293eab416d/inventory/d677b13a-3676-4280-9e4e-4c372308d79c/b28f0c1f-3a2f-45b6-bad2-53808e05e65f/0001_YEZVUD_sm.jpeg;https://media.app.artisio.co/media/3fc437c0-fdbb-4208-955a-90293eab416d/inventory/d677b13a-3676-4280-9e4e-4c372308d79c/f1b0985b-4e05-4c64-9b04-b1820ce9119d/0002_aFjHxO_sm.jpeg,2,"{""artist_retail_right"": false, ""comments"": null, ""description"": ""<p>Dolce & Gabbana sjaal in ivoorkleur met fijne, verticale streep. Geplisseerd weefsel.&nbsp;</p>"", ""internal_reference"": null, ""keurkamer"": false, ""literature"": null, ""origin_exhibition_lite"": null, ""period"": null, ""title"": ""Dolce & Gabanna, een sjaal"", ""total"": null, ""weight_size_quality"": null}"
5daa83bf-77c5-49a9-a4f7-f1d91c8a4c9f,2480,26-0597/143,5595f3f8-0d21-4337-985c-b62f62070ce9,719,"Juwelen, Horloges & Luxury",Luxury,"Hermès, een paar laarzen","Hermès, een paar laarzen","<h3>Period</h3>2000's<h3>Description</h3><p>Uitgevoerd in zwart leer. Model met spitse neus, hoge blokhak en rond de enkel en schacht een omwikkelde leren band die met twee gespjes wordt gesloten. Op de zool gestempeld Hermès, Semelle Cuir.&nbsp;</p><h3>Weight / Size / Quality</h3>Maat 40",published,EUR,200.0,400.0,100.0,100.0,,1,0,,,True,"Mon, 31 Aug 2026 15:00:00 GMT","Wed, 16 Sep 2026 19:51:00 GMT",https://media.app.artisio.co/media/3fc437c0-fdbb-4208-955a-90293eab416d/inventory/b9e89999-96bc-45cf-aaae-6479acb2a84e/d7edfe17-4dd6-4bd0-a806-a47262a3cedc/0001_vKBqvw_sm.jpeg;https://media.app.artisio.co/media/3fc437c0-fdbb-4208-955a-90293eab416d/inventory/b9e89999-96bc-45cf-aaae-6479acb2a84e/26ac529f-218a-4f47-aa2b-868eb4de5c9b/0002_WDyWmc_sm.jpeg;https://media.app.artisio.co/media/3fc437c0-fdbb-4208-955a-90293eab416d/inventory/b9e89999-96bc-45cf-aaae-6479acb2a84e/e4246b8c-d6f2-4a0c-9802-7f4ca5545f33/0003_SQvrhI_sm.jpeg,3,"{""artist_retail_right"": false, ""comments"": null, ""description"": ""<p>Uitgevoerd in zwart leer. Model met spitse neus, hoge blokhak en rond de enkel en schacht een omwikkelde leren band die met twee gespjes wordt gesloten. Op de zool gestempeld Hermès, Semelle Cuir.&nbsp;</p>"", ""internal_reference"": null, ""keurkamer"": false, ""literature"": null, ""origin_exhibition_lite"": null, ""period"": ""2000's"", ""title"": ""Hermès, een paar laarzen"", ""total"": null, ""weight_size_quality"": ""Maat 40""}"
1c0efd75-8711-4ef2-a2c3-5a5583b28a98,2481,26-0597/138,5595f3f8-0d21-4337-985c-b62f62070ce9,719,"Juwelen, Horloges & Luxury",Luxury,"Chanel, een paar laarzen met hak ","Chanel, een paar laarzen met hak ","<h3>Description</h3><p>Uitgevoerd in zwart leer. Model tot halverwege de kuit, met ronde neus, hoge blokhak en gladde, soepel vallende schacht zonder sluiting, met een klein Chanel-lipje aan de bovenrand achter.&nbsp;</p><h3>Weight / Size / Quality</h3>Maat 38 C",published,EUR,280.0,450.0,140.0,140.0,,1,0,,,True,"Mon, 31 Aug 2026 15:00:00 GMT","Wed, 16 Sep 2026 19:51:00 GMT",https://media.app.artisio.co/media/3fc437c0-fdbb-4208-955a-90293eab416d/inventory/daa329bc-f306-40d6-a85d-700ff2a49902/8ab3e951-6a3c-4bdf-843b-ab36ee7efa9a/0001_eIloew_sm.jpeg;https://media.app.artisio.co/media/3fc437c0-fdbb-4208-955a-90293eab416d/inventory/daa329bc-f306-40d6-a85d-700ff2a49902/577d3a0c-1f07-41f4-9340-a1343f642b2c/0002_bcyjnL_sm.jpeg;https://media.app.artisio.co/media/3fc437c0-fdbb-4208-955a-90293eab416d/inventory/daa329bc-f306-40d6-a85d-700ff2a49902/1ccc1140-e411-4286-9513-2fc5b305acc6/0003_cmRPia_sm.jpeg,3,"{""artist_retail_right"": false, ""comments"": null, ""description"": ""<p>Uitgevoerd in zwart leer. Model tot halverwege de kuit, met ronde neus, hoge blokhak en gladde, soepel vallende schacht zonder sluiting, met een klein Chanel-lipje aan de bovenrand achter.&nbsp;</p>"", ""internal_reference"": null, ""keurkamer"": false, ""literature"": null, ""origin_exhibition_lite"": null, ""period"": null, ""title"": ""Chanel, een paar laarzen met hak "", ""total"": null, ""weight_size_quality"": ""Maat 38 C""}"
dbcd07f4-9bfb-4f81-b9b9-7ba480da1760,2482,26-0597/139,5595f3f8-0d21-4337-985c-b62f62070ce9,719,"Juwelen, Horloges & Luxury",Luxury,"Prada, een paar pumps","Prada, een paar pumps","<h3>Description</h3><p>Uitgevoerd in satijn en suède met opengewerkte in elkaar grijpende lussen. Met open neus en een hoge stilettohak.</p><h3>Weight / Size / Quality</h3>Maat 37, hakhoogte 110 mm",published,EUR,160.0,300.0,90.0,90.0,,1,0,,,True,"Mon, 31 Aug 2026 15:00:00 GMT","Wed, 16 Sep 2026 19:51:00 GMT",https://media.app.artisio.co/media/3fc437c0-fdbb-4208-955a-90293eab416d/inventory/9643a45c-6037-4cdd-a865-beeb92b0981d/d37e81ac-1982-4c67-a14a-c1582e395c79/0001_FsUTkK_sm.jpeg;https://media.app.artisio.co/media/3fc437c0-fdbb-4208-955a-90293eab416d/inventory/9643a45c-6037-4cdd-a865-beeb92b0981d/555230cb-e6f1-4bdc-8a28-0268b7485d56/0002_OEPfoc_sm.jpeg;https://media.app.artisio.co/media/3fc437c0-fdbb-4208-955a-90293eab416d/inventory/9643a45c-6037-4cdd-a865-beeb92b0981d/b7876e50-b855-4b3e-9d98-4175b5527cc5/0003_GqmXNB_sm.jpeg,3,"{""artist_retail_right"": false, ""comments"": null, ""description"": ""<p>Uitgevoerd in satijn en suède met opengewerkte in elkaar grijpende lussen. Met open neus en een hoge stilettohak.</p>"", ""internal_reference"": null, ""keurkamer"": false, ""literature"": null, ""origin_exhibition_lite"": null, ""period"": null, ""title"": ""Prada, een paar pumps"", ""total"": null, ""weight_size_quality"": ""Maat 37, hakhoogte 110 mm""}"
635cb2da-ac6f-4b3a-8965-9d13bd3861e4,2483,26-0597/144,5595f3f8-0d21-4337-985c-b62f62070ce9,719,"Juwelen, Horloges & Luxury",Luxury,Tas van struisvogelleer,Tas van struisvogelleer,<h3>Description</h3><p>Vintage handtas in ivoor/crèmekleurig struisvogelleer. Rechthoekig model met korte dubbele handgrepen en met knipsluiting bovenaan. Aan de voorzijde een opgestikt steekvakje.&nbsp;</p>,published,EUR,50.0,100.0,35.0,35.0,,1,1,35.0,35.0,True,"Mon, 31 Aug 2026 15:00:00 GMT","Wed, 16 Sep 2026 19:51:00 GMT",https://media.app.artisio.co/media/3fc437c0-fdbb-4208-955a-90293eab416d/inventory/897eddff-8db1-45cd-9055-2f0eb0835ec4/e27b2ca6-dfbc-44e6-af2d-ef9c16031260/0001_mwVexT_sm.jpeg;https://media.app.artisio.co/media/3fc437c0-fdbb-4208-955a-90293eab416d/inventory/897eddff-8db1-45cd-9055-2f0eb0835ec4/ba4c984a-dd45-4460-a4a7-76d1a387bbb7/0002_YyfsXQ_sm.jpeg;https://media.app.artisio.co/media/3fc437c0-fdbb-4208-955a-90293eab416d/inventory/897eddff-8db1-45cd-9055-2f0eb0835ec4/69903c21-4e46-45fd-8543-8bd9f81cba6e/0003_XOJPXf_sm.jpeg,3,"{""artist_retail_right"": false, ""comments"": null, ""description"": ""<p>Vintage handtas in ivoor/crèmekleurig struisvogelleer. Rechthoekig model met korte dubbele handgrepen en met knipsluiting bovenaan. Aan de voorzijde een opgestikt steekvakje.&nbsp;</p>"", ""internal_reference"": null, ""keurkamer"": false, ""literature"": null, ""origin_exhibition_lite"": null, ""period"": null, ""title"": ""Tas van struisvogelleer"", ""total"": null, ""weight_size_quality"": null}"
75623347-fa2f-4901-8e99-c763240d9a19,2484,26-0597/145,5595f3f8-0d21-4337-985c-b62f62070ce9,719,"Juwelen, Horloges & Luxury",Luxury,"Superga x Viktor & Rolf, een paar sneakers","Superga x Viktor & Rolf, een paar sneakers","<h3>Description</h3><p>Roze plateau-sneakers uitgevoerd in satijn, met rubberen zolen. Ronde neus, geregen sluiting met een brede, satijnen strikveter en zilverkleurige metalen vetergaten.&nbsp;</p>",published,EUR,100.0,200.0,50.0,50.0,,1,0,,,True,"Mon, 31 Aug 2026 15:00:00 GMT","Wed, 16 Sep 2026 19:51:00 GMT",https://media.app.artisio.co/media/3fc437c0-fdbb-4208-955a-90293eab416d/inventory/1e8aef74-fbcc-42a3-a306-5959d2fe4e70/d6074542-93db-4d60-9177-9d4b24e60955/0001_BHdCPa_sm.jpeg;https://media.app.artisio.co/media/3fc437c0-fdbb-4208-955a-90293eab416d/inventory/1e8aef74-fbcc-42a3-a306-5959d2fe4e70/5cd3e15e-5a13-427b-9fab-03f2b7c06dae/0002_CXPSGh_sm.jpeg;https://media.app.artisio.co/media/3fc437c0-fdbb-4208-955a-90293eab416d/inventory/1e8aef74-fbcc-42a3-a306-5959d2fe4e70/9c6988d6-f874-4d78-9a69-c0af9dca0aeb/0003_doxxYm_sm.jpeg,3,"{""artist_retail_right"": false, ""comments"": null, ""description"": ""<p>Roze plateau-sneakers uitgevoerd in satijn, met rubberen zolen. Ronde neus, geregen sluiting met een brede, satijnen strikveter en zilverkleurige metalen vetergaten.&nbsp;</p>"", ""internal_reference"": null, ""keurkamer"": false, ""literature"": null, ""origin_exhibition_lite"": null, ""period"": null, ""title"": ""Superga x Viktor & Rolf, een paar sneakers"", ""total"": null, ""weight_size_quality"": null}"
06de26a1-3bf7-407e-b214-80e19a3794c7,2485,26-0597/146,5595f3f8-0d21-4337-985c-b62f62070ce9,719,"Juwelen, Horloges & Luxury",Luxury,"Chanel, een paar enkellaarzen met hak","Chanel, een paar enkellaarzen met hak","<h3>Description</h3><p>Uitgevoerd in bruin suède. Ronde neus, hoge blokhak, elastische inzetten in zwart aan de zijkanten.&nbsp;</p><h3>Weight / Size / Quality</h3>Maat 37C",published,EUR,200.0,400.0,100.0,100.0,,1,1,100.0,100.0,True,"Mon, 31 Aug 2026 15:00:00 GMT","Wed, 16 Sep 2026 19:51:00 GMT",https://media.app.artisio.co/media/3fc437c0-fdbb-4208-955a-90293eab416d/inventory/eced6281-5547-4ca1-87a0-84b038575afb/96c851fc-217b-46c0-9e80-bf930acaee8f/0001_hzNrBm_sm.jpeg;https://media.app.artisio.co/media/3fc437c0-fdbb-4208-955a-90293eab416d/inventory/eced6281-5547-4ca1-87a0-84b038575afb/8d1f9df4-f566-4739-9637-eb5eb3305f7f/0002_joxDjL_sm.jpeg;https://media.app.artisio.co/media/3fc437c0-fdbb-4208-955a-90293eab416d/inventory/eced6281-5547-4ca1-87a0-84b038575afb/e4d1c3a4-55d9-40bf-8b1d-9aec7adbe2f4/0003_MUgNCl_sm.jpeg,3,"{""artist_retail_right"": false, ""comments"": null, ""description"": ""<p>Uitgevoerd in bruin suède. Ronde neus, hoge blokhak, elastische inzetten in zwart aan de zijkanten.&nbsp;</p>"", ""internal_reference"": null, ""keurkamer"": false, ""literature"": null, ""origin_exhibition_lite"": null, ""period"": null, ""title"": ""Chanel, een paar enkellaarzen met hak"", ""total"": null, ""weight_size_quality"": ""Maat 37C""}"
391c992d-0a8a-4ed7-9a34-5b52b0b88bf4,2486,26-0597/147,5595f3f8-0d21-4337-985c-b62f62070ce9,719,"Juwelen, Horloges & Luxury",Luxury,"Chanel, een paar strap sandalen","Chanel, een paar strap sandalen","<h3>Description</h3><p>Uitgevoerd in zwart leer. Model met open neus met een gekruiste bandenpartij over de wreef, verstelbaar enkelbandje met gesp en stilettohak.</p><h3>Weight / Size / Quality</h3>Maat 36 1/2",published,EUR,200.0,400.0,100.0,100.0,,1,0,,,True,"Mon, 31 Aug 2026 15:00:00 GMT","Wed, 16 Sep 2026 19:54:00 GMT",https://media.app.artisio.co/media/3fc437c0-fdbb-4208-955a-90293eab416d/inventory/53d71668-9fa5-4a41-9d8f-26a476e2d517/043a0a3d-bbea-4962-9e31-4abdb717cc49/0001_ZrQOJn_sm.jpeg;https://media.app.artisio.co/media/3fc437c0-fdbb-4208-955a-90293eab416d/inventory/53d71668-9fa5-4a41-9d8f-26a476e2d517/bd535847-a8ca-4e6c-a2e1-233efdcf0f0b/0002_KvvFfD_sm.jpeg;https://media.app.artisio.co/media/3fc437c0-fdbb-4208-955a-90293eab416d/inventory/53d71668-9fa5-4a41-9d8f-26a476e2d517/ce416866-eb6e-4606-ac75-29e52ae0732a/0003_elODpC_sm.jpeg,3,"{""artist_retail_right"": false, ""comments"": null, ""description"": ""<p>Uitgevoerd in zwart leer. Model met open neus met een gekruiste bandenpartij over de wreef, verstelbaar enkelbandje met gesp en stilettohak.</p>"", ""internal_reference"": null, ""keurkamer"": false, ""literature"": null, ""origin_exhibition_lite"": null, ""period"": null, ""title"": ""Chanel, een paar strap sandalen"", ""total"": null, ""weight_size_quality"": ""Maat 36 1/2""}"
7a8e033d-ef1f-4560-9073-70d0da7acf19,2487,26-0597/148,5595f3f8-0d21-4337-985c-b62f62070ce9,719,"Juwelen, Horloges & Luxury",Luxury,"Chanel, een paar pumps","Chanel, een paar pumps","<h3>Description</h3><p>Uitgevoerd in beige leer met zwarte contrasterende ronde neus, hoge blokhak met een goudkleurig Chanel-logo op de hiel.</p><h3>Weight / Size / Quality</h3>Maat 36C",published,EUR,200.0,400.0,100.0,100.0,,1,0,,,True,"Mon, 31 Aug 2026 15:00:00 GMT","Wed, 16 Sep 2026 19:54:00 GMT",https://media.app.artisio.co/media/3fc437c0-fdbb-4208-955a-90293eab416d/inventory/880759d2-7c9f-4bc8-b01b-2e814f0f3574/44e962ac-1d36-478d-8879-dcc88c716224/0001_xholDv_sm.jpeg;https://media.app.artisio.co/media/3fc437c0-fdbb-4208-955a-90293eab416d/inventory/880759d2-7c9f-4bc8-b01b-2e814f0f3574/5a684f23-f4e2-46d0-98e4-6d7fee5f3589/0002_DDKePR_sm.jpeg;https://media.app.artisio.co/media/3fc437c0-fdbb-4208-955a-90293eab416d/inventory/880759d2-7c9f-4bc8-b01b-2e814f0f3574/3a6fad1f-5bc6-4bea-b8f1-27bfc1984cbd/0003_kfJFtj_sm.jpeg,3,"{""artist_retail_right"": false, ""comments"": null, ""description"": ""<p>Uitgevoerd in beige leer met zwarte contrasterende ronde neus, hoge blokhak met een goudkleurig Chanel-logo op de hiel.</p>"", ""internal_reference"": null, ""keurkamer"": false, ""literature"": null, ""origin_exhibition_lite"": null, ""period"": null, ""title"": ""Chanel, een paar pumps"", ""total"": null, ""weight_size_quality"": ""Maat 36C""}"
634cf445-c60e-4c33-9a47-e9ac2f5cd2ca,2488,26-0597/149,5595f3f8-0d21-4337-985c-b62f62070ce9,719,"Juwelen, Horloges & Luxury",Luxury,"Chanel, een paar sleehak-sandalen","Chanel, een paar sleehak-sandalen","<h3>Description</h3><p>Uitgevoerd in ivoorkleurig leer. Open neus met gekruiste banden over de wreef. De sleehak is uitgevoerd in gewatteerd leer met doorgestikt ruitdessin. Rond de enkel een breed goudkleurig metalen sierbandje, met ritssluiting aan de achterzijde.</p><h3>Weight / Size / Quality</h3>maat 36C",published,EUR,200.0,400.0,100.0,100.0,,1,0,,,True,"Mon, 31 Aug 2026 15:00:00 GMT","Wed, 16 Sep 2026 19:54:00 GMT",https://media.app.artisio.co/media/3fc437c0-fdbb-4208-955a-90293eab416d/inventory/f1879681-76bc-478e-8b26-25273e090e92/f52bfed2-a192-4455-9b5c-679cf67b4e70/0001_ULwLXC_sm.jpeg;https://media.app.artisio.co/media/3fc437c0-fdbb-4208-955a-90293eab416d/inventory/f1879681-76bc-478e-8b26-25273e090e92/9aa5238e-2d66-4a08-a085-e39c513cb3ef/0002_Cbsuhm_sm.jpeg,2,"{""artist_retail_right"": false, ""comments"": null, ""description"": ""<p>Uitgevoerd in ivoorkleurig leer. Open neus met gekruiste banden over de wreef. De sleehak is uitgevoerd in gewatteerd leer met doorgestikt ruitdessin. Rond de enkel een breed goudkleurig metalen sierbandje, met ritssluiting aan de achterzijde.</p>"", ""internal_reference"": null, ""keurkamer"": false, ""literature"": null, ""origin_exhibition_lite"": null, ""period"": null, ""title"": ""Chanel, een paar sleehak-sandalen"", ""total"": null, ""weight_size_quality"": ""maat 36C""}"
f995bd34-8e8c-403b-8026-3ca6be93a8f1,2489,26-0597/150,5595f3f8-0d21-4337-985c-b62f62070ce9,719,"Juwelen, Horloges & Luxury",Luxury,"Chanel, een schoudertas uit de Olsen-lijn","Chanel, een schoudertas uit de Olsen-lijn",<h3>Description</h3><p>Uitgevoerd in zwart canvas met witte leren hoekstukken en contrasterend wit stiksel. Aan één zijde met geperforeerd Chanel-logo. Korte schouderband van goudkleurige ketting verweven met wit leer.</p>,published,EUR,600.0,1000.0,300.0,300.0,,1,1,300.0,300.0,True,"Mon, 31 Aug 2026 15:00:00 GMT","Wed, 16 Sep 2026 19:54:00 GMT",https://media.app.artisio.co/media/3fc437c0-fdbb-4208-955a-90293eab416d/inventory/255dfec0-534a-4b13-a6ff-e269ea3c152e/8a54480d-8163-44d4-a9c4-af501ce8ca3a/0001_jVglom_sm.jpeg;https://media.app.artisio.co/media/3fc437c0-fdbb-4208-955a-90293eab416d/inventory/255dfec0-534a-4b13-a6ff-e269ea3c152e/8227b35c-0838-4772-bc38-e386da4b396c/0002_iJbXbC_sm.jpeg;https://media.app.artisio.co/media/3fc437c0-fdbb-4208-955a-90293eab416d/inventory/255dfec0-534a-4b13-a6ff-e269ea3c152e/b6a00da0-f798-4990-bef3-1418207f6f30/0003_odztuu_sm.jpeg,3,"{""artist_retail_right"": false, ""comments"": null, ""description"": ""<p>Uitgevoerd in zwart canvas met witte leren hoekstukken en contrasterend wit stiksel. Aan één zijde met geperforeerd Chanel-logo. Korte schouderband van goudkleurige ketting verweven met wit leer.</p>"", ""internal_reference"": null, ""keurkamer"": false, ""literature"": null, ""origin_exhibition_lite"": null, ""period"": null, ""title"": ""Chanel, een schoudertas uit de Olsen-lijn"", ""total"": null, ""weight_size_quality"": null}"
