LotUUID,LotNo,StockNo,AuctionUUID,AuctionNo,AuctionTitle,Category,Title,ShortDescription,Description,Status,Currency,LowEstimate,HighEstimate,StartPrice,Reserve,BuyNowPrice,Quantity,NumOfBids,LastBidAmount,WinningBidAmount,IsStarted,StartDate,EndDate,ImageURLs,NrOfImages,DynamicFields
4cb4570d-d618-4076-bd8b-b8c7d461b29a,501,26-0465/4,8e0b76ab-3fdc-44fb-853f-1fdaa9aebea7,737,Collectie Gemeente Wassenaar,"Schilderijen, aquarellen en tekeningen I","I. Red, yellow, white and blue flowers; II. Colourful flowers; III. Yellow flowers","Louis Vorkink (1933-2010) (3), I. Red, yellow, white and blue flowers; II. Colourful flowers; III. Yellow flowers","<h3>Painter / Artist / School</h3>Louis Vorkink (1933-2010) (3)<h3>Technique / Size</h3>all acrylic on canvas, I. 100x80 cm (101x81 cm incl. frame); II. 80x71 cm (91x81 cm incl. frame); III. 80x70 cm (81x71 cm incl. frame)<h3>Signature / Dating</h3>I. signed and dated 'L. Vorkink 86' (lower left); III. signed and dated 'L Vorkink 83' (lower right)",published,EUR,100.0,150.0,35.0,,,1,0,,,True,"Mon, 31 Aug 2026 08:00:00 GMT","Thu, 17 Sep 2026 17:03:00 GMT",https://media.app.artisio.co/media/3fc437c0-fdbb-4208-955a-90293eab416d/inventory/d2bebabe-9327-43f6-b681-aff42d6e6e24/1c248222-2603-4c40-9911-f742a8722596/0002_XTqjvD_sm.jpeg;https://media.app.artisio.co/media/3fc437c0-fdbb-4208-955a-90293eab416d/inventory/d2bebabe-9327-43f6-b681-aff42d6e6e24/3694820d-f593-42cb-8734-4fe2f4061f90/0003_rDkXxs_sm.jpeg;https://media.app.artisio.co/media/3fc437c0-fdbb-4208-955a-90293eab416d/inventory/d2bebabe-9327-43f6-b681-aff42d6e6e24/f84de1d6-eef2-4ad5-9d57-95918bc8d77d/0004_KDsDBf_sm.jpeg;https://media.app.artisio.co/media/3fc437c0-fdbb-4208-955a-90293eab416d/inventory/d2bebabe-9327-43f6-b681-aff42d6e6e24/5d985aff-cce0-4745-b134-2e78a52ffd80/0005_hccRbo_sm.jpeg;https://media.app.artisio.co/media/3fc437c0-fdbb-4208-955a-90293eab416d/inventory/d2bebabe-9327-43f6-b681-aff42d6e6e24/2a9559d1-2899-4aed-9d72-ee0d62c9e504/0006_JYZIpL_sm.jpeg;https://media.app.artisio.co/media/3fc437c0-fdbb-4208-955a-90293eab416d/inventory/d2bebabe-9327-43f6-b681-aff42d6e6e24/c04ce5dc-2b6d-47fa-a300-d8c4a7d37af0/0007_HGYzBo_sm.jpeg,6,"{""artist_retail_right"": false, ""comments"": null, ""condition"": null, ""condition_report"": null, ""dimensions"": null, ""extra_text"": null, ""footnote"": null, ""header"": null, ""internal_reference"": null, ""literature"": null, ""origin_exhibition_lite"": null, ""painter_artist_school"": ""Louis Vorkink (1933-2010) (3)"", ""period"": null, ""signature_dating"": ""I. signed and dated 'L. Vorkink 86' (lower left); III. signed and dated 'L Vorkink 83' (lower right)"", ""technique_size"": ""all acrylic on canvas, I. 100x80 cm (101x81 cm incl. frame); II. 80x71 cm (91x81 cm incl. frame); III. 80x70 cm (81x71 cm incl. frame)"", ""title"": ""I. Red, yellow, white and blue flowers; II. Colourful flowers; III. Yellow flowers"", ""total"": null, ""weight_size_quality"": null}"
d172f1b5-18f7-4e26-a12c-9121534a8c6d,502,26-0465/5,8e0b76ab-3fdc-44fb-853f-1fdaa9aebea7,737,Collectie Gemeente Wassenaar,"Schilderijen, aquarellen en tekeningen I","I. Pink, yellow and white flowers in foliage; II. Flower bed; III. Colourful flowers in a bush","Louis Vorkink (1933-2010) (3), I. Pink, yellow and white flowers in foliage; II. Flower bed; III. Colourful flowers in a bush","<h3>Painter / Artist / School</h3>Louis Vorkink (1933-2010) (3)<h3>Technique / Size</h3>all acrylic on canvas, 80x100 cm (82x102 cm incl. frame)<h3>Signature / Dating</h3>all signed 'L. Vorkink' (lower left/right)",published,EUR,100.0,200.0,35.0,,,1,0,,,True,"Mon, 31 Aug 2026 08:00:00 GMT","Thu, 17 Sep 2026 17:03:00 GMT",https://media.app.artisio.co/media/3fc437c0-fdbb-4208-955a-90293eab416d/inventory/ed107b6c-7490-475e-8593-2b4ad3bd7e9e/95428d15-ff4a-412b-807d-7efa03777922/0002_qUNlkC_sm.jpeg;https://media.app.artisio.co/media/3fc437c0-fdbb-4208-955a-90293eab416d/inventory/ed107b6c-7490-475e-8593-2b4ad3bd7e9e/851ecfb0-0b59-4c2d-8f8a-02521a47c1bb/0003_WNNIHw_sm.jpeg;https://media.app.artisio.co/media/3fc437c0-fdbb-4208-955a-90293eab416d/inventory/ed107b6c-7490-475e-8593-2b4ad3bd7e9e/7ba989f4-5af3-49bb-954b-6a4a7752e97c/0004_lMKVIh_sm.jpeg;https://media.app.artisio.co/media/3fc437c0-fdbb-4208-955a-90293eab416d/inventory/ed107b6c-7490-475e-8593-2b4ad3bd7e9e/10e41094-3567-4bfd-8f9a-9b7b41786e5e/0005_YPWtnW_sm.jpeg;https://media.app.artisio.co/media/3fc437c0-fdbb-4208-955a-90293eab416d/inventory/ed107b6c-7490-475e-8593-2b4ad3bd7e9e/1956c45e-cb62-4d3b-8d61-d852441221f3/0006_MKQHVl_sm.jpeg;https://media.app.artisio.co/media/3fc437c0-fdbb-4208-955a-90293eab416d/inventory/ed107b6c-7490-475e-8593-2b4ad3bd7e9e/4fc30995-7534-403f-9863-9295cac48b12/0007_RwTZjf_sm.jpeg;https://media.app.artisio.co/media/3fc437c0-fdbb-4208-955a-90293eab416d/inventory/ed107b6c-7490-475e-8593-2b4ad3bd7e9e/37c654bd-2721-49fb-8767-0878da337aa4/0008_KyBxaO_sm.jpeg;https://media.app.artisio.co/media/3fc437c0-fdbb-4208-955a-90293eab416d/inventory/ed107b6c-7490-475e-8593-2b4ad3bd7e9e/aaeba2d6-de48-4c88-85c0-a594f4a33d98/0009_KXQYSQ_sm.jpeg;https://media.app.artisio.co/media/3fc437c0-fdbb-4208-955a-90293eab416d/inventory/ed107b6c-7490-475e-8593-2b4ad3bd7e9e/d40a23ec-5d7e-4b26-ad7d-17cb7798e9f5/0010_aOMubv_sm.jpeg,9,"{""artist_retail_right"": false, ""comments"": null, ""condition"": null, ""condition_report"": null, ""dimensions"": null, ""extra_text"": null, ""footnote"": null, ""header"": null, ""internal_reference"": null, ""literature"": null, ""origin_exhibition_lite"": null, ""painter_artist_school"": ""Louis Vorkink (1933-2010) (3)"", ""period"": null, ""signature_dating"": ""all signed 'L. Vorkink' (lower left/right)"", ""technique_size"": ""all acrylic on canvas, 80x100 cm (82x102 cm incl. frame)"", ""title"": ""I. Pink, yellow and white flowers in foliage; II. Flower bed; III. Colourful flowers in a bush"", ""total"": null, ""weight_size_quality"": null}"
e82c6e95-8283-4eff-9ff0-cf355939246c,503,26-0465/7,8e0b76ab-3fdc-44fb-853f-1fdaa9aebea7,737,Collectie Gemeente Wassenaar,"Schilderijen, aquarellen en tekeningen I",I. Duck; II. Monkey,"Louis Vorkink (1933-2010) (2), I. Duck; II. Monkey","<h3>Painter / Artist / School</h3>Louis Vorkink (1933-2010) (2)<h3>Technique / Size</h3>both acrylic on canvas, I. 71x71 cm (72x72 cm incl. frame); II. 125x100 cm (126x101 cm incl. frame)<h3>Signature / Dating</h3>I. signed 'L. Vorkink.' (upper left); II. signed 'L. Vorkink.' (lower right)",published,EUR,50.0,100.0,35.0,35.0,,1,0,,,True,"Mon, 31 Aug 2026 08:00:00 GMT","Thu, 17 Sep 2026 17:03:00 GMT",https://media.app.artisio.co/media/3fc437c0-fdbb-4208-955a-90293eab416d/inventory/ac66cd12-27e9-4562-9e80-83f052159645/4e5da472-3406-4408-b6bc-1545bca7f13d/0002_BNOkhX_sm.jpeg;https://media.app.artisio.co/media/3fc437c0-fdbb-4208-955a-90293eab416d/inventory/ac66cd12-27e9-4562-9e80-83f052159645/89f91fae-d416-4986-a6e2-feac80bdb537/0003_FZEIqI_sm.jpeg;https://media.app.artisio.co/media/3fc437c0-fdbb-4208-955a-90293eab416d/inventory/ac66cd12-27e9-4562-9e80-83f052159645/fb60cf96-2321-46a2-857e-bb9e76b52aaf/0004_cAsHYf_sm.jpeg;https://media.app.artisio.co/media/3fc437c0-fdbb-4208-955a-90293eab416d/inventory/ac66cd12-27e9-4562-9e80-83f052159645/73b6af84-08ce-477c-a680-95d3159e9074/0005_aRrobk_sm.jpeg;https://media.app.artisio.co/media/3fc437c0-fdbb-4208-955a-90293eab416d/inventory/ac66cd12-27e9-4562-9e80-83f052159645/e2c92369-cfc6-4cce-8ab4-ded4b60dca81/0006_ejhuru_sm.jpeg;https://media.app.artisio.co/media/3fc437c0-fdbb-4208-955a-90293eab416d/inventory/ac66cd12-27e9-4562-9e80-83f052159645/d88a30a2-de9d-4588-8652-fe4378b357f5/0007_gMjRNN_sm.jpeg,6,"{""artist_retail_right"": false, ""comments"": null, ""condition"": null, ""condition_report"": null, ""dimensions"": null, ""extra_text"": null, ""footnote"": null, ""header"": null, ""internal_reference"": null, ""literature"": null, ""origin_exhibition_lite"": null, ""painter_artist_school"": ""Louis Vorkink (1933-2010) (2)"", ""period"": null, ""signature_dating"": ""I. signed 'L. Vorkink.' (upper left); II. signed 'L. Vorkink.' (lower right)"", ""technique_size"": ""both acrylic on canvas, I. 71x71 cm (72x72 cm incl. frame); II. 125x100 cm (126x101 cm incl. frame)"", ""title"": ""I. Duck; II. Monkey"", ""total"": null, ""weight_size_quality"": null}"
40f76766-4551-41d2-9884-18ece6eae5fd,504,26-0465/6,8e0b76ab-3fdc-44fb-853f-1fdaa9aebea7,737,Collectie Gemeente Wassenaar,"Schilderijen, aquarellen en tekeningen I",I. In the café; II. Still life with bottles; III. Still life with more bottles,"Louis Vorkink (1933-2010) (3), I. In the café; II. Still life with bottles; III. Still life with more bottles","<h3>Painter / Artist / School</h3>Louis Vorkink (1933-2010) (3)<h3>Technique / Size</h3>all acrylic on canvas, I. 70x70 cm (71x71 cm incl. frame); II. 60x50 cm (61x51 cm incl. frame); III. 50x60 cm (51x61 cm incl. frame)<h3>Signature / Dating</h3>I. signed 'L. Vorkink' (lower left); II. signed 'L. Vorkink' (lower left); III. signed 'L. Vorkink' (lower right)",published,EUR,100.0,150.0,35.0,35.0,,1,1,35.0,35.0,True,"Mon, 31 Aug 2026 08:00:00 GMT","Thu, 17 Sep 2026 17:03:00 GMT",https://media.app.artisio.co/media/3fc437c0-fdbb-4208-955a-90293eab416d/inventory/5241715c-68be-40f4-9d6c-ec64c5a82894/20cea859-43ec-40a5-8fb4-d2c6982d73e7/0002_Kjlkkn_sm.jpeg;https://media.app.artisio.co/media/3fc437c0-fdbb-4208-955a-90293eab416d/inventory/5241715c-68be-40f4-9d6c-ec64c5a82894/826cb19b-4b74-49b1-a2cc-303b0cf57f20/0003_JCUcHS_sm.jpeg;https://media.app.artisio.co/media/3fc437c0-fdbb-4208-955a-90293eab416d/inventory/5241715c-68be-40f4-9d6c-ec64c5a82894/424dc52b-0272-4607-a4b8-217cf53292f8/0004_QdXkJR_sm.jpeg;https://media.app.artisio.co/media/3fc437c0-fdbb-4208-955a-90293eab416d/inventory/5241715c-68be-40f4-9d6c-ec64c5a82894/10582f4b-b708-464b-8404-4de2d93e9dbb/0005_Ackkpt_sm.jpeg;https://media.app.artisio.co/media/3fc437c0-fdbb-4208-955a-90293eab416d/inventory/5241715c-68be-40f4-9d6c-ec64c5a82894/ad21af07-c934-4ec3-a492-1be0baf94c67/0006_wPRZWT_sm.jpeg;https://media.app.artisio.co/media/3fc437c0-fdbb-4208-955a-90293eab416d/inventory/5241715c-68be-40f4-9d6c-ec64c5a82894/c55d080d-d6c1-496b-ab6d-b167102b610d/0007_QfLprO_sm.jpeg;https://media.app.artisio.co/media/3fc437c0-fdbb-4208-955a-90293eab416d/inventory/5241715c-68be-40f4-9d6c-ec64c5a82894/89b28be3-2aae-4e86-b535-ad854ef15a17/0008_ynODcz_sm.jpeg;https://media.app.artisio.co/media/3fc437c0-fdbb-4208-955a-90293eab416d/inventory/5241715c-68be-40f4-9d6c-ec64c5a82894/a6d83bb5-91ec-40ef-b17d-38516c70ba37/0009_NbVAIP_sm.jpeg,8,"{""artist_retail_right"": false, ""comments"": null, ""condition"": null, ""condition_report"": null, ""dimensions"": null, ""extra_text"": null, ""footnote"": null, ""header"": null, ""internal_reference"": null, ""literature"": null, ""origin_exhibition_lite"": null, ""painter_artist_school"": ""Louis Vorkink (1933-2010) (3)"", ""period"": null, ""signature_dating"": ""I. signed 'L. Vorkink' (lower left); II. signed 'L. Vorkink' (lower left); III. signed 'L. Vorkink' (lower right)"", ""technique_size"": ""all acrylic on canvas, I. 70x70 cm (71x71 cm incl. frame); II. 60x50 cm (61x51 cm incl. frame); III. 50x60 cm (51x61 cm incl. frame)"", ""title"": ""I. In the café; II. Still life with bottles; III. Still life with more bottles"", ""total"": null, ""weight_size_quality"": null}"
86de3e65-c07f-4af8-88b6-e3cf89a489d6,505,26-0465/15,8e0b76ab-3fdc-44fb-853f-1fdaa9aebea7,737,Collectie Gemeente Wassenaar,"Schilderijen, aquarellen en tekeningen I",'Fábbriche nuove II 'Venezia'' ,"Henri Vandermoere (Belgian, 1939), 'Fábbriche nuove II 'Venezia'' ","<h3>Painter / Artist / School</h3>Henri Vandermoere (Belgian, 1939)<h3>Technique / Size</h3>oil on canvas, 50x125 cm (52,5x127,5 cm incl. frame)<h3>Signature / Dating</h3>signed 'Vandermoere' (lower right); signed again and titled (on the stretcher)",published,EUR,800.0,1200.0,500.0,,,1,0,,,True,"Mon, 31 Aug 2026 08:00:00 GMT","Thu, 17 Sep 2026 17:03:00 GMT",https://media.app.artisio.co/media/3fc437c0-fdbb-4208-955a-90293eab416d/inventory/52d27c08-3cb1-463b-afc8-ece7603bb628/451f32e2-b8ee-41fb-aa1a-3a7e6a2eee51/0001_ZEXkks_sm.jpeg;https://media.app.artisio.co/media/3fc437c0-fdbb-4208-955a-90293eab416d/inventory/52d27c08-3cb1-463b-afc8-ece7603bb628/4ee762d1-6892-4e5e-ba73-b6aad8502d6e/0002_borOZA_sm.jpeg;https://media.app.artisio.co/media/3fc437c0-fdbb-4208-955a-90293eab416d/inventory/52d27c08-3cb1-463b-afc8-ece7603bb628/04be8418-f714-47a2-bdd1-c8d37695b7b9/0003_NmuetR_sm.jpeg;https://media.app.artisio.co/media/3fc437c0-fdbb-4208-955a-90293eab416d/inventory/52d27c08-3cb1-463b-afc8-ece7603bb628/7c20a065-78c6-4e6d-a7ce-6fd3cf352560/0004_cXQkCP_sm.jpeg,4,"{""artist_retail_right"": false, ""comments"": null, ""condition"": null, ""condition_report"": null, ""dimensions"": null, ""extra_text"": null, ""footnote"": null, ""header"": null, ""internal_reference"": null, ""literature"": null, ""origin_exhibition_lite"": null, ""painter_artist_school"": ""Henri Vandermoere (Belgian, 1939)"", ""period"": null, ""signature_dating"": ""signed 'Vandermoere' (lower right); signed again and titled (on the stretcher)"", ""technique_size"": ""oil on canvas, 50x125 cm (52,5x127,5 cm incl. frame)"", ""title"": ""'Fábbriche nuove II 'Venezia'' "", ""total"": null, ""weight_size_quality"": null}"
e533abd5-72f2-468d-8cc5-0db566840f10,506,26-0465/16,8e0b76ab-3fdc-44fb-853f-1fdaa9aebea7,737,Collectie Gemeente Wassenaar,"Schilderijen, aquarellen en tekeningen I",'Piazza San Marco Venezia',"Henri Vandermoere (Belgian, 1939), 'Piazza San Marco Venezia'","<h3>Painter / Artist / School</h3>Henri Vandermoere (Belgian, 1939)<h3>Technique / Size</h3>oil on canvas, 50x140 cm (52,5x142,5 cm incl. frame)<h3>Signature / Dating</h3>signed 'Vandermoere' (lower right); signed again and titled (on the stretcher)",published,EUR,800.0,1200.0,500.0,,,1,0,,,True,"Mon, 31 Aug 2026 08:00:00 GMT","Thu, 17 Sep 2026 17:03:00 GMT",https://media.app.artisio.co/media/3fc437c0-fdbb-4208-955a-90293eab416d/inventory/a5879d6e-e6ce-4bcb-b1d8-14ef132c6b67/ee258aa7-811a-4503-be71-c5d76e123e38/0001_vfKobi_sm.jpeg;https://media.app.artisio.co/media/3fc437c0-fdbb-4208-955a-90293eab416d/inventory/a5879d6e-e6ce-4bcb-b1d8-14ef132c6b67/0e314df4-31de-4547-8c64-51c09a866c00/0002_AVRRBd_sm.jpeg;https://media.app.artisio.co/media/3fc437c0-fdbb-4208-955a-90293eab416d/inventory/a5879d6e-e6ce-4bcb-b1d8-14ef132c6b67/7328fbb2-d60a-484b-8219-2c26e0024c3a/0003_RVaGbb_sm.jpeg;https://media.app.artisio.co/media/3fc437c0-fdbb-4208-955a-90293eab416d/inventory/a5879d6e-e6ce-4bcb-b1d8-14ef132c6b67/957c6678-072f-4153-b95d-71c22b105bef/0004_nludYF_sm.jpeg,4,"{""artist_retail_right"": false, ""comments"": null, ""condition"": null, ""condition_report"": null, ""dimensions"": null, ""extra_text"": null, ""footnote"": null, ""header"": null, ""internal_reference"": null, ""literature"": null, ""origin_exhibition_lite"": null, ""painter_artist_school"": ""Henri Vandermoere (Belgian, 1939)"", ""period"": null, ""signature_dating"": ""signed 'Vandermoere' (lower right); signed again and titled (on the stretcher)"", ""technique_size"": ""oil on canvas, 50x140 cm (52,5x142,5 cm incl. frame)"", ""title"": ""'Piazza San Marco Venezia'"", ""total"": null, ""weight_size_quality"": null}"
8f969d72-5455-426a-bd31-58365e6380f3,507,26-0465/30,8e0b76ab-3fdc-44fb-853f-1fdaa9aebea7,737,Collectie Gemeente Wassenaar,Sculpturen,Peacock,Peacock,"<h3>Painter / Artist / School</h3>Ek van Zanten (1933)<h3>Description</h3><p>black patinated bronze on a marble base, 22x7x12 cm (H16 cm incl. base)<br>numbered and signed ‘No. 2/6/EK van Zanten’ (on the bottom of the tail)</p>",published,EUR,300.0,500.0,100.0,,,1,0,,,True,"Mon, 31 Aug 2026 08:00:00 GMT","Thu, 17 Sep 2026 17:06:00 GMT",https://media.app.artisio.co/media/3fc437c0-fdbb-4208-955a-90293eab416d/inventory/d198adb6-5750-4f29-8f5e-560556954506/a66499e9-1027-4cfc-8bd0-3ecbc1de4f7b/0001_JGgQWj_sm.jpeg;https://media.app.artisio.co/media/3fc437c0-fdbb-4208-955a-90293eab416d/inventory/d198adb6-5750-4f29-8f5e-560556954506/a5451025-f599-466a-86b4-bbd5bf0beec4/0002_aywtbA_sm.jpeg;https://media.app.artisio.co/media/3fc437c0-fdbb-4208-955a-90293eab416d/inventory/d198adb6-5750-4f29-8f5e-560556954506/96706d55-c241-4242-9ba4-c61b19cd7d16/0003_PQmBOj_sm.jpeg;https://media.app.artisio.co/media/3fc437c0-fdbb-4208-955a-90293eab416d/inventory/d198adb6-5750-4f29-8f5e-560556954506/11741925-ffa2-49ca-8e5b-cb184c5b4c49/0004_NmuJwF_sm.jpeg;https://media.app.artisio.co/media/3fc437c0-fdbb-4208-955a-90293eab416d/inventory/d198adb6-5750-4f29-8f5e-560556954506/ceac9f32-5d2f-4a9a-9491-7809a91fb12a/0005_iOaDKF_sm.jpeg,5,"{""artist_retail_right"": false, ""comments"": null, ""condition"": null, ""condition_report"": null, ""description"": ""<p>black patinated bronze on a marble base, 22x7x12 cm (H16 cm incl. base)<br>numbered and signed ‘No. 2/6/EK van Zanten’ (on the bottom of the tail)</p>"", ""dimensions"": null, ""footnote"": null, ""header"": null, ""internal_reference"": null, ""literature"": null, ""origin_exhibition_lite"": null, ""painter_artist_school"": ""Ek van Zanten (1933)"", ""period"": null, ""title"": ""Peacock"", ""total"": null, ""weight_size_quality"": null}"
445d41d8-82a3-4a2a-947e-485594bf5c28,508,26-0465/32,8e0b76ab-3fdc-44fb-853f-1fdaa9aebea7,737,Collectie Gemeente Wassenaar,Sculpturen,Peacock looking back ,Peacock looking back ,"<h3>Painter / Artist / School</h3>Ek van Zanten (1933)<h3>Description</h3><p>dark brown patinated bronze on a marble base, 15x15x10 cm (H 14 cm incl. base)<br>numbered ‘3/6’ (on the bottom of the tail)</p>",published,EUR,200.0,400.0,50.0,,,1,0,,,True,"Mon, 31 Aug 2026 08:00:00 GMT","Thu, 17 Sep 2026 17:06:00 GMT",https://media.app.artisio.co/media/3fc437c0-fdbb-4208-955a-90293eab416d/inventory/a45f5224-1f7d-468d-b209-aaa64829d136/acfea07e-c3f4-4789-be09-a03e0c4b7fcc/0001_aeRuZm_sm.jpeg;https://media.app.artisio.co/media/3fc437c0-fdbb-4208-955a-90293eab416d/inventory/a45f5224-1f7d-468d-b209-aaa64829d136/99df5992-689f-4634-9ea5-c091151055bc/0002_RMsMpA_sm.jpeg;https://media.app.artisio.co/media/3fc437c0-fdbb-4208-955a-90293eab416d/inventory/a45f5224-1f7d-468d-b209-aaa64829d136/2919c415-d34c-471e-a4c7-b8240abc8e8a/0003_jqxytq_sm.jpeg;https://media.app.artisio.co/media/3fc437c0-fdbb-4208-955a-90293eab416d/inventory/a45f5224-1f7d-468d-b209-aaa64829d136/d1e3becb-4789-4fdc-86c9-9cf11d795be8/0004_iGsLZs_sm.jpeg;https://media.app.artisio.co/media/3fc437c0-fdbb-4208-955a-90293eab416d/inventory/a45f5224-1f7d-468d-b209-aaa64829d136/a3dba6dc-d542-4186-b6ad-30674531a576/0005_eyliMQ_sm.jpeg,5,"{""artist_retail_right"": false, ""comments"": null, ""condition"": null, ""condition_report"": null, ""description"": ""<p>dark brown patinated bronze on a marble base, 15x15x10 cm (H 14 cm incl. base)<br>numbered ‘3/6’ (on the bottom of the tail)</p>"", ""dimensions"": null, ""footnote"": null, ""header"": null, ""internal_reference"": null, ""literature"": null, ""origin_exhibition_lite"": null, ""painter_artist_school"": ""Ek van Zanten (1933)"", ""period"": null, ""title"": ""Peacock looking back "", ""total"": null, ""weight_size_quality"": null}"
e4d02077-2b57-4082-8d66-4df7fe0b0364,509,26-0465/2,8e0b76ab-3fdc-44fb-853f-1fdaa9aebea7,737,Collectie Gemeente Wassenaar,"Schilderijen, aquarellen en tekeningen I",I. Business woman; II. Seated lady with a black hat; III. Playground ,"Louis Vorkink (1933-2010) (3), I. Business woman; II. Seated lady with a black hat; III. Playground ","<h3>Painter / Artist / School</h3>Louis Vorkink (1933-2010) (3)<h3>Technique / Size</h3>all acrylic on canvas, I. 90x60 cm (93x63 cm incl. frame); 100x100 cm (102,5x102,5 cm incl. frame); III. 100x100 cm (102x102 c,m incl. frame)<h3>Signature / Dating</h3>I.; II. signed 'L. Vorkink' (lower left)",published,EUR,150.0,250.0,35.0,,,1,1,35.0,35.0,True,"Mon, 31 Aug 2026 08:00:00 GMT","Thu, 17 Sep 2026 17:06:00 GMT",https://media.app.artisio.co/media/3fc437c0-fdbb-4208-955a-90293eab416d/inventory/073fc0aa-c385-4b29-a985-3829df653fc7/0c6e87c4-8a04-41f5-96fd-299854ea745f/0002_zUPlBd_sm.jpeg;https://media.app.artisio.co/media/3fc437c0-fdbb-4208-955a-90293eab416d/inventory/073fc0aa-c385-4b29-a985-3829df653fc7/f7c826d2-9463-4baf-8d81-e94d53180913/0003_lZpjTf_sm.jpeg;https://media.app.artisio.co/media/3fc437c0-fdbb-4208-955a-90293eab416d/inventory/073fc0aa-c385-4b29-a985-3829df653fc7/8808f656-bf70-41f0-a0a4-d6bd4500b71e/0004_DTVDGk_sm.jpeg;https://media.app.artisio.co/media/3fc437c0-fdbb-4208-955a-90293eab416d/inventory/073fc0aa-c385-4b29-a985-3829df653fc7/73feea19-9e26-4a09-aff4-e1b023cd0b78/0005_BOvRLa_sm.jpeg;https://media.app.artisio.co/media/3fc437c0-fdbb-4208-955a-90293eab416d/inventory/073fc0aa-c385-4b29-a985-3829df653fc7/f2a15372-8fc1-4d63-a4fd-a3fcc2616c4a/0006_LYOThJ_sm.jpeg;https://media.app.artisio.co/media/3fc437c0-fdbb-4208-955a-90293eab416d/inventory/073fc0aa-c385-4b29-a985-3829df653fc7/a0ffeb17-faa7-452c-8c81-4c64e9d672e6/0007_sWkCKQ_sm.jpeg;https://media.app.artisio.co/media/3fc437c0-fdbb-4208-955a-90293eab416d/inventory/073fc0aa-c385-4b29-a985-3829df653fc7/ff3a2072-7d7b-4181-819b-655539c74cea/0008_nCTLiu_sm.jpeg;https://media.app.artisio.co/media/3fc437c0-fdbb-4208-955a-90293eab416d/inventory/073fc0aa-c385-4b29-a985-3829df653fc7/0490eb4c-b426-4201-8231-f25504437c05/0009_IuqAPy_sm.jpeg,8,"{""artist_retail_right"": false, ""comments"": null, ""condition"": null, ""condition_report"": null, ""dimensions"": null, ""extra_text"": null, ""footnote"": null, ""header"": null, ""internal_reference"": null, ""literature"": null, ""origin_exhibition_lite"": null, ""painter_artist_school"": ""Louis Vorkink (1933-2010) (3)"", ""period"": null, ""signature_dating"": ""I.; II. signed 'L. Vorkink' (lower left)"", ""technique_size"": ""all acrylic on canvas, I. 90x60 cm (93x63 cm incl. frame); 100x100 cm (102,5x102,5 cm incl. frame); III. 100x100 cm (102x102 c,m incl. frame)"", ""title"": ""I. Business woman; II. Seated lady with a black hat; III. Playground "", ""total"": null, ""weight_size_quality"": null}"
8957f340-df5c-4788-90af-6d38498279f3,510,26-0465/8,8e0b76ab-3fdc-44fb-853f-1fdaa9aebea7,737,Collectie Gemeente Wassenaar,"Schilderijen, aquarellen en tekeningen I",Flowers,"Louis Vorkink (1933-2010) (4), Flowers","<h3>Painter / Artist / School</h3>Louis Vorkink (1933-2010) (4)<h3>Technique / Size</h3>all acrylic on canvas, I. 60x60 cm (61x61 cm incl. frame); II. 60x60 cm (61x61 cm incl. frame); III. 60x70 cm (61x71 cm incl. frame); IV. 60x70 cm (61x71 cm incl. frame)<h3>Signature / Dating</h3>all signed 'L Vorkink.' (lower right)",published,EUR,150.0,250.0,35.0,35.0,,1,0,,,True,"Mon, 31 Aug 2026 08:00:00 GMT","Thu, 17 Sep 2026 17:06:00 GMT",https://media.app.artisio.co/media/3fc437c0-fdbb-4208-955a-90293eab416d/inventory/909803fb-4f80-4877-abf2-a29907dc00f5/9a6b2998-db98-40da-8049-d4edc3bae546/0002_oUvdPk_sm.jpeg;https://media.app.artisio.co/media/3fc437c0-fdbb-4208-955a-90293eab416d/inventory/909803fb-4f80-4877-abf2-a29907dc00f5/d25ad04c-2e04-48c3-98f7-739e141355a7/0003_lMXJkk_sm.jpeg;https://media.app.artisio.co/media/3fc437c0-fdbb-4208-955a-90293eab416d/inventory/909803fb-4f80-4877-abf2-a29907dc00f5/c336764c-f424-466d-84b0-09339fc69f08/0004_kEeORY_sm.jpeg;https://media.app.artisio.co/media/3fc437c0-fdbb-4208-955a-90293eab416d/inventory/909803fb-4f80-4877-abf2-a29907dc00f5/1476ba48-e1ef-4d48-a0d5-9c0895aaf03f/0005_UajRoC_sm.jpeg;https://media.app.artisio.co/media/3fc437c0-fdbb-4208-955a-90293eab416d/inventory/909803fb-4f80-4877-abf2-a29907dc00f5/0d18cfb7-fe06-4ec7-848b-5c83ffaa44ed/0006_EuoUNS_sm.jpeg;https://media.app.artisio.co/media/3fc437c0-fdbb-4208-955a-90293eab416d/inventory/909803fb-4f80-4877-abf2-a29907dc00f5/672eafad-86b5-462b-96ea-f9ea5d822a53/0007_WLsaIz_sm.jpeg;https://media.app.artisio.co/media/3fc437c0-fdbb-4208-955a-90293eab416d/inventory/909803fb-4f80-4877-abf2-a29907dc00f5/5a338dcd-0d66-423e-b5fc-cc86f756c058/0008_WaEQzO_sm.jpeg;https://media.app.artisio.co/media/3fc437c0-fdbb-4208-955a-90293eab416d/inventory/909803fb-4f80-4877-abf2-a29907dc00f5/349a5dec-64c8-491a-a8b6-b1ff0baff904/0009_hOJCqy_sm.jpeg;https://media.app.artisio.co/media/3fc437c0-fdbb-4208-955a-90293eab416d/inventory/909803fb-4f80-4877-abf2-a29907dc00f5/a1dc991c-64d4-4df7-88ff-6b23f51fd1f2/0010_IoPcwD_sm.jpeg;https://media.app.artisio.co/media/3fc437c0-fdbb-4208-955a-90293eab416d/inventory/909803fb-4f80-4877-abf2-a29907dc00f5/faf20bec-525a-4a10-b13d-8f1e4838146d/0011_EsMOre_sm.jpeg,10,"{""artist_retail_right"": false, ""comments"": null, ""condition"": null, ""condition_report"": null, ""dimensions"": null, ""extra_text"": null, ""footnote"": null, ""header"": null, ""internal_reference"": null, ""literature"": null, ""origin_exhibition_lite"": null, ""painter_artist_school"": ""Louis Vorkink (1933-2010) (4)"", ""period"": null, ""signature_dating"": ""all signed 'L Vorkink.' (lower right)"", ""technique_size"": ""all acrylic on canvas, I. 60x60 cm (61x61 cm incl. frame); II. 60x60 cm (61x61 cm incl. frame); III. 60x70 cm (61x71 cm incl. frame); IV. 60x70 cm (61x71 cm incl. frame)"", ""title"": ""Flowers"", ""total"": null, ""weight_size_quality"": null}"
407d8ca9-2c51-48b9-b478-5c7d406cae8a,511,26-0465/3,8e0b76ab-3fdc-44fb-853f-1fdaa9aebea7,737,Collectie Gemeente Wassenaar,"Schilderijen, aquarellen en tekeningen I","I. Flowers in a pot; II. Orange flower; III. Orange and pink flower against a blue background; IV. Yellow, red and blue flowers in a pot","Louis Vorkink (1933-2010) (4), I. Flowers in a pot; II. Orange flower; III. Orange and pink flower against a blue background; IV. Yellow, red and blue flowers in a pot","<h3>Painter / Artist / School</h3>Louis Vorkink (1933-2010) (4)<h3>Technique / Size</h3>all acrylic on canvas, I. 100x140 cm (102x142 cm incl. frame); II. 70x7 cm (72x72 cm incl. half a frame); III. 100x100 cm (102x102 cm incl. frame); IV. 100x80 cm (110x90 cm incl. frame)<h3>Signature / Dating</h3>II.; III.; signed 'L Vorkink' (lower left/lower centre)",published,EUR,150.0,250.0,35.0,,,1,0,,,True,"Mon, 31 Aug 2026 08:00:00 GMT","Thu, 17 Sep 2026 17:06:00 GMT",https://media.app.artisio.co/media/3fc437c0-fdbb-4208-955a-90293eab416d/inventory/06c34ae7-7cc9-4126-b861-a446a529c5e3/79aa393f-137d-4431-a879-8698573fa819/0002_xXzILM_sm.jpeg;https://media.app.artisio.co/media/3fc437c0-fdbb-4208-955a-90293eab416d/inventory/06c34ae7-7cc9-4126-b861-a446a529c5e3/9e3e22e4-92be-4540-8e25-31c98c4a2a2c/0003_gFhtLW_sm.jpeg;https://media.app.artisio.co/media/3fc437c0-fdbb-4208-955a-90293eab416d/inventory/06c34ae7-7cc9-4126-b861-a446a529c5e3/b3b2c33e-12b8-4b89-9d16-fbafb40d78e3/0004_eRlKNO_sm.jpeg;https://media.app.artisio.co/media/3fc437c0-fdbb-4208-955a-90293eab416d/inventory/06c34ae7-7cc9-4126-b861-a446a529c5e3/fa7e7500-5be5-47da-ad55-bc5d8fb79f05/0005_KPkSzv_sm.jpeg;https://media.app.artisio.co/media/3fc437c0-fdbb-4208-955a-90293eab416d/inventory/06c34ae7-7cc9-4126-b861-a446a529c5e3/4b753c8d-d67a-4c30-98a6-2e95900063bf/0006_wAxuBa_sm.jpeg;https://media.app.artisio.co/media/3fc437c0-fdbb-4208-955a-90293eab416d/inventory/06c34ae7-7cc9-4126-b861-a446a529c5e3/8f5b9c07-1e36-4eec-a801-5b9963eefc6b/0007_YSrFLZ_sm.jpeg;https://media.app.artisio.co/media/3fc437c0-fdbb-4208-955a-90293eab416d/inventory/06c34ae7-7cc9-4126-b861-a446a529c5e3/f0bb0e76-41a7-44b7-87ee-555ce6e5e4cd/0008_qXFjwx_sm.jpeg;https://media.app.artisio.co/media/3fc437c0-fdbb-4208-955a-90293eab416d/inventory/06c34ae7-7cc9-4126-b861-a446a529c5e3/74780aa3-c06b-49da-b586-aafe2f7b0b9f/0009_ukxfkY_sm.jpeg;https://media.app.artisio.co/media/3fc437c0-fdbb-4208-955a-90293eab416d/inventory/06c34ae7-7cc9-4126-b861-a446a529c5e3/df1c7e07-8039-439e-94f8-ed5cf4f6fe2c/0010_JhDgPE_sm.jpeg;https://media.app.artisio.co/media/3fc437c0-fdbb-4208-955a-90293eab416d/inventory/06c34ae7-7cc9-4126-b861-a446a529c5e3/6c2b9796-f4be-4949-9540-6c9ad76e57c3/0011_UyqsGH_sm.jpeg,10,"{""artist_retail_right"": false, ""comments"": null, ""condition"": null, ""condition_report"": null, ""dimensions"": null, ""extra_text"": null, ""footnote"": null, ""header"": null, ""internal_reference"": null, ""literature"": null, ""origin_exhibition_lite"": null, ""painter_artist_school"": ""Louis Vorkink (1933-2010) (4)"", ""period"": null, ""signature_dating"": ""II.; III.; signed 'L Vorkink' (lower left/lower centre)"", ""technique_size"": ""all acrylic on canvas, I. 100x140 cm (102x142 cm incl. frame); II. 70x7 cm (72x72 cm incl. half a frame); III. 100x100 cm (102x102 cm incl. frame); IV. 100x80 cm (110x90 cm incl. frame)"", ""title"": ""I. Flowers in a pot; II. Orange flower; III. Orange and pink flower against a blue background; IV. Yellow, red and blue flowers in a pot"", ""total"": null, ""weight_size_quality"": null}"
426c102f-8ea1-4f5c-b231-3c29ccf9aa6c,512,26-0465/1,8e0b76ab-3fdc-44fb-853f-1fdaa9aebea7,737,Collectie Gemeente Wassenaar,"Schilderijen, aquarellen en tekeningen I",I.; II. Portrait of a lady; III.; IV. Abstract,"Louis Vorkink (1933-2010) (4), I.; II. Portrait of a lady; III.; IV. Abstract","<h3>Painter / Artist / School</h3>Louis Vorkink (1933-2010) (4)<h3>Technique / Size</h3>all watercolour and pastel on paper, I. 39x32 cm (60x50 cm incl. frame); II. 39x32 cm (60x50 cm incl. frame); III. 49x59 cm (50x60 cm incl. frame); IV. 49x59 cm (50x60 cm incl. frame)<h3>Signature / Dating</h3>I.; II. signed with initials and dated 'LV/86' (lower right)",published,EUR,100.0,150.0,35.0,35.0,,1,0,,,True,"Mon, 31 Aug 2026 08:00:00 GMT","Thu, 17 Sep 2026 17:06:00 GMT",https://media.app.artisio.co/media/3fc437c0-fdbb-4208-955a-90293eab416d/inventory/f24f48cc-772b-408c-af62-ee8471be3c21/3412be0b-b46b-496b-a225-5dd0f5a4956c/0002_pCbTZX_sm.jpeg;https://media.app.artisio.co/media/3fc437c0-fdbb-4208-955a-90293eab416d/inventory/f24f48cc-772b-408c-af62-ee8471be3c21/9b30801e-c943-43f2-8fdc-96722a8890ff/0003_SlEhLN_sm.jpeg;https://media.app.artisio.co/media/3fc437c0-fdbb-4208-955a-90293eab416d/inventory/f24f48cc-772b-408c-af62-ee8471be3c21/f5827867-8439-450a-9acd-400d045900ee/0004_PmkdeJ_sm.jpeg;https://media.app.artisio.co/media/3fc437c0-fdbb-4208-955a-90293eab416d/inventory/f24f48cc-772b-408c-af62-ee8471be3c21/8c7c8f08-96b1-4d60-9c74-b93eac8204d0/0005_kDYOJe_sm.jpeg;https://media.app.artisio.co/media/3fc437c0-fdbb-4208-955a-90293eab416d/inventory/f24f48cc-772b-408c-af62-ee8471be3c21/f1bfa273-d67c-4c56-a48f-2462b14f49e2/0006_LlWguS_sm.jpeg;https://media.app.artisio.co/media/3fc437c0-fdbb-4208-955a-90293eab416d/inventory/f24f48cc-772b-408c-af62-ee8471be3c21/f74b492b-91c1-44f4-a20b-250db0591c0f/0007_ovRzut_sm.jpeg;https://media.app.artisio.co/media/3fc437c0-fdbb-4208-955a-90293eab416d/inventory/f24f48cc-772b-408c-af62-ee8471be3c21/37e3081d-65a2-4477-8ba3-9c89bbeed987/0008_uGOAVs_sm.jpeg,7,"{""artist_retail_right"": false, ""comments"": null, ""condition"": null, ""condition_report"": null, ""dimensions"": null, ""extra_text"": null, ""footnote"": null, ""header"": null, ""internal_reference"": null, ""literature"": null, ""origin_exhibition_lite"": null, ""painter_artist_school"": ""Louis Vorkink (1933-2010) (4)"", ""period"": null, ""signature_dating"": ""I.; II. signed with initials and dated 'LV/86' (lower right)"", ""technique_size"": ""all watercolour and pastel on paper, I. 39x32 cm (60x50 cm incl. frame); II. 39x32 cm (60x50 cm incl. frame); III. 49x59 cm (50x60 cm incl. frame); IV. 49x59 cm (50x60 cm incl. frame)"", ""title"": ""I.; II. Portrait of a lady; III.; IV. Abstract"", ""total"": null, ""weight_size_quality"": null}"
4e4b2b31-d1fa-40a4-b34c-5995c0a7e80c,513,26-0465/9,8e0b76ab-3fdc-44fb-853f-1fdaa9aebea7,737,Collectie Gemeente Wassenaar,"Schilderijen, aquarellen en tekeningen I",I. Orchard; II. Flower garden; III. 'Les Baux'; IV. Garden with flowers and trees ,"Lies Was (1945-2012) (4), I. Orchard; II. Flower garden; III. 'Les Baux'; IV. Garden with flowers and trees ","<h3>Painter / Artist / School</h3>Lies Was (1945-2012) (4)<h3>Technique / Size</h3>all oil on canvas, I.; II. 60,5x80,5 cm (62,5x82,5 cm incl. frame); III. 60x70,5 cm (63x72,5 cm incl. frame); IV. 80x70 cm (83x73 cm incl. frame)<h3>Signature / Dating</h3>I. signed and dated 'L Was 79' (lower right); II. signed and dated 'L Was 80' (lower left); III. signed and dated 'Lies Was '86' (lower right); signed again and titled (on the stretcher); IV. signed and dated 'L Was '81' (lower left)",published,EUR,150.0,250.0,35.0,,,1,3,40.0,40.0,True,"Mon, 31 Aug 2026 08:00:00 GMT","Thu, 17 Sep 2026 17:09:00 GMT",https://media.app.artisio.co/media/3fc437c0-fdbb-4208-955a-90293eab416d/inventory/5d4556b7-e505-4785-af71-74b352461315/3527cfa5-a7d1-488d-9560-6d88613106c9/0002_rvrKGo_sm.jpeg;https://media.app.artisio.co/media/3fc437c0-fdbb-4208-955a-90293eab416d/inventory/5d4556b7-e505-4785-af71-74b352461315/4e9c91c1-078f-4692-be1e-bbf47922de2b/0003_YWYNPM_sm.jpeg;https://media.app.artisio.co/media/3fc437c0-fdbb-4208-955a-90293eab416d/inventory/5d4556b7-e505-4785-af71-74b352461315/f9ef4f1b-3a5f-43bc-9803-ed8d3322e87d/0004_TlCKuU_sm.jpeg;https://media.app.artisio.co/media/3fc437c0-fdbb-4208-955a-90293eab416d/inventory/5d4556b7-e505-4785-af71-74b352461315/d46f3485-1e39-483b-af9e-d1cbcbe9cde6/0005_LoUeDl_sm.jpeg;https://media.app.artisio.co/media/3fc437c0-fdbb-4208-955a-90293eab416d/inventory/5d4556b7-e505-4785-af71-74b352461315/017ba672-9257-4ce3-ab1e-1a699898826d/0006_MKFpNq_sm.jpeg;https://media.app.artisio.co/media/3fc437c0-fdbb-4208-955a-90293eab416d/inventory/5d4556b7-e505-4785-af71-74b352461315/20f4b727-8179-46c8-9567-2cfbf4d36c7b/0007_uoaJVq_sm.jpeg;https://media.app.artisio.co/media/3fc437c0-fdbb-4208-955a-90293eab416d/inventory/5d4556b7-e505-4785-af71-74b352461315/17cab9b3-d040-456b-9ca8-83f754156337/0008_rcWgTY_sm.jpeg;https://media.app.artisio.co/media/3fc437c0-fdbb-4208-955a-90293eab416d/inventory/5d4556b7-e505-4785-af71-74b352461315/2a345fd0-0c35-4fd7-a01e-9f10c3b2605a/0009_hwDdIC_sm.jpeg;https://media.app.artisio.co/media/3fc437c0-fdbb-4208-955a-90293eab416d/inventory/5d4556b7-e505-4785-af71-74b352461315/d8d8a08c-c53d-4327-8e14-1b214ce8ec51/0010_mAFFhz_sm.jpeg;https://media.app.artisio.co/media/3fc437c0-fdbb-4208-955a-90293eab416d/inventory/5d4556b7-e505-4785-af71-74b352461315/6d0a1d23-cf0a-4231-a591-2d5e006a47d8/0011_YqYarX_sm.jpeg;https://media.app.artisio.co/media/3fc437c0-fdbb-4208-955a-90293eab416d/inventory/5d4556b7-e505-4785-af71-74b352461315/2a3e5561-ef61-4137-bbfd-9fc657c7c627/0012_OUGbVL_sm.jpeg,11,"{""artist_retail_right"": false, ""comments"": null, ""condition"": null, ""condition_report"": null, ""dimensions"": null, ""extra_text"": null, ""footnote"": null, ""header"": null, ""internal_reference"": null, ""literature"": null, ""origin_exhibition_lite"": null, ""painter_artist_school"": ""Lies Was (1945-2012) (4)"", ""period"": null, ""signature_dating"": ""I. signed and dated 'L Was 79' (lower right); II. signed and dated 'L Was 80' (lower left); III. signed and dated 'Lies Was '86' (lower right); signed again and titled (on the stretcher); IV. signed and dated 'L Was '81' (lower left)"", ""technique_size"": ""all oil on canvas, I.; II. 60,5x80,5 cm (62,5x82,5 cm incl. frame); III. 60x70,5 cm (63x72,5 cm incl. frame); IV. 80x70 cm (83x73 cm incl. frame)"", ""title"": ""I. Orchard; II. Flower garden; III. 'Les Baux'; IV. Garden with flowers and trees "", ""total"": null, ""weight_size_quality"": null}"
481e92f6-dd15-416c-8a8a-16def0a258d8,514,26-0465/33,8e0b76ab-3fdc-44fb-853f-1fdaa9aebea7,737,Collectie Gemeente Wassenaar,Sculpturen,Clams ,Clams ,"<h3>Painter / Artist / School</h3>Joop van Ulden (1947) (5)<h3>Description</h3><p>all grey/green glazed stoneware, all marked ‘Ja. 81’ (on the bottom)<br>I. 26x34x31 cm<br>II. 27x27x17 cm<br>III. 23x23x6 cm&nbsp;<br>IV. round, ∅ 18, H 3 cm&nbsp;<br>V. round, ∅ 14, H 2 cm</p>",published,EUR,100.0,200.0,35.0,,,1,0,,,True,"Mon, 31 Aug 2026 08:00:00 GMT","Thu, 17 Sep 2026 17:09:00 GMT",https://media.app.artisio.co/media/3fc437c0-fdbb-4208-955a-90293eab416d/inventory/38614044-05fb-4fdb-b81a-a8bd02fa8e71/cf21a4ec-b761-4c16-8aa3-3147ba71d9f8/0001_xhgwyb_sm.jpeg;https://media.app.artisio.co/media/3fc437c0-fdbb-4208-955a-90293eab416d/inventory/38614044-05fb-4fdb-b81a-a8bd02fa8e71/2cf8b361-00e3-41f7-8909-af3a306c462c/0002_NZmGTW_sm.jpeg;https://media.app.artisio.co/media/3fc437c0-fdbb-4208-955a-90293eab416d/inventory/38614044-05fb-4fdb-b81a-a8bd02fa8e71/c22c4b27-6484-4f6f-abf3-1eef83b979c5/0003_SThRng_sm.jpeg;https://media.app.artisio.co/media/3fc437c0-fdbb-4208-955a-90293eab416d/inventory/38614044-05fb-4fdb-b81a-a8bd02fa8e71/2817f27d-cb0d-4f80-8e35-eed9259fd6a0/0004_RQlOSO_sm.jpeg;https://media.app.artisio.co/media/3fc437c0-fdbb-4208-955a-90293eab416d/inventory/38614044-05fb-4fdb-b81a-a8bd02fa8e71/b95978ce-8781-4177-8d4f-f600e3412944/0005_NgdzzD_sm.jpeg;https://media.app.artisio.co/media/3fc437c0-fdbb-4208-955a-90293eab416d/inventory/38614044-05fb-4fdb-b81a-a8bd02fa8e71/1f1ceed6-f2f6-43a7-b0c1-2cdab660b27b/0006_dhpZhj_sm.jpeg,6,"{""artist_retail_right"": false, ""comments"": null, ""condition"": null, ""condition_report"": null, ""description"": ""<p>all grey/green glazed stoneware, all marked ‘Ja. 81’ (on the bottom)<br>I. 26x34x31 cm<br>II. 27x27x17 cm<br>III. 23x23x6 cm&nbsp;<br>IV. round, ∅ 18, H 3 cm&nbsp;<br>V. round, ∅ 14, H 2 cm</p>"", ""dimensions"": null, ""footnote"": null, ""header"": null, ""internal_reference"": null, ""literature"": null, ""origin_exhibition_lite"": null, ""painter_artist_school"": ""Joop van Ulden (1947) (5)"", ""period"": null, ""title"": ""Clams "", ""total"": null, ""weight_size_quality"": null}"
2e5ffbb7-653d-470c-a347-57bfa49ea7d5,515,26-0465/35,8e0b76ab-3fdc-44fb-853f-1fdaa9aebea7,737,Collectie Gemeente Wassenaar,Sculpturen,I. Florals; II. Blossom; III.; IV.; V. Clams,I. Florals; II. Blossom; III.; IV.; V. Clams,"<h3>Painter / Artist / School</h3>Joop van Ulden (1947) (5)<h3>Description</h3><p>I. white/grey glazed stoneware, 25x28x11 cm, marked ‘Ja’ (on the inside)<br>II. grey/green glazed stoneware, 22x20x22 cm, marked ‘Ja. 77.’ (on the inside)<br>III.; IV.; V. blue glazed stoneware, round, ∅ 14 cm, I. H 2,5 cm; II. H 3 cm; III. H 12 cm, all marked ‘Ja. 81.' (on the bottom)</p>",published,EUR,100.0,200.0,35.0,,,1,0,,,True,"Mon, 31 Aug 2026 08:00:00 GMT","Thu, 17 Sep 2026 17:09:00 GMT",https://media.app.artisio.co/media/3fc437c0-fdbb-4208-955a-90293eab416d/inventory/695fa06a-0ec6-43a1-9b28-cab58c8feb56/da6da3e4-b44a-48ab-b383-9b02c4ddd38d/0001_xaTTYN_sm.jpeg;https://media.app.artisio.co/media/3fc437c0-fdbb-4208-955a-90293eab416d/inventory/695fa06a-0ec6-43a1-9b28-cab58c8feb56/6b451387-f3dd-43b5-a8b0-0955d0e0bb4e/0002_FBBzer_sm.jpeg;https://media.app.artisio.co/media/3fc437c0-fdbb-4208-955a-90293eab416d/inventory/695fa06a-0ec6-43a1-9b28-cab58c8feb56/0c7dd7ed-a487-4674-b31d-9ad817594068/0003_jKYGEi_sm.jpeg;https://media.app.artisio.co/media/3fc437c0-fdbb-4208-955a-90293eab416d/inventory/695fa06a-0ec6-43a1-9b28-cab58c8feb56/9f6435a0-02ef-4887-a3aa-fa2bee4ae6c4/0004_adzzaj_sm.jpeg;https://media.app.artisio.co/media/3fc437c0-fdbb-4208-955a-90293eab416d/inventory/695fa06a-0ec6-43a1-9b28-cab58c8feb56/cb11a538-5be5-4d04-acb6-4e7d3b10bb91/0005_GCtarb_sm.jpeg,5,"{""artist_retail_right"": false, ""comments"": null, ""condition"": null, ""condition_report"": null, ""description"": ""<p>I. white/grey glazed stoneware, 25x28x11 cm, marked ‘Ja’ (on the inside)<br>II. grey/green glazed stoneware, 22x20x22 cm, marked ‘Ja. 77.’ (on the inside)<br>III.; IV.; V. blue glazed stoneware, round, ∅ 14 cm, I. H 2,5 cm; II. H 3 cm; III. H 12 cm, all marked ‘Ja. 81.' (on the bottom)</p>"", ""dimensions"": null, ""footnote"": null, ""header"": null, ""internal_reference"": null, ""literature"": null, ""origin_exhibition_lite"": null, ""painter_artist_school"": ""Joop van Ulden (1947) (5)"", ""period"": null, ""title"": ""I. Florals; II. Blossom; III.; IV.; V. Clams"", ""total"": null, ""weight_size_quality"": null}"
6797d7f3-82cc-4a22-b548-f4814b74d5e2,516,26-0465/34,8e0b76ab-3fdc-44fb-853f-1fdaa9aebea7,737,Collectie Gemeente Wassenaar,Sculpturen,Evolving shells,Evolving shells,"<h3>Painter / Artist / School</h3>Joop van Ulden (1947) (3)<h3>Description</h3><p>all white/grey glazed stoneware, all signed ‘Joop’ (on the lower edge)<br>I. 30x6x24 cm<br>II. 27x5x30 cm<br>I. 30x10x30 cm&nbsp;</p>",published,EUR,100.0,200.0,35.0,,,1,0,,,True,"Mon, 31 Aug 2026 08:00:00 GMT","Thu, 17 Sep 2026 17:09:00 GMT",https://media.app.artisio.co/media/3fc437c0-fdbb-4208-955a-90293eab416d/inventory/4009096a-2c3c-4561-937b-321ec0be55dd/b8f1124d-8bef-4266-8001-56a9966667bf/0001_XKTCyY_sm.jpeg;https://media.app.artisio.co/media/3fc437c0-fdbb-4208-955a-90293eab416d/inventory/4009096a-2c3c-4561-937b-321ec0be55dd/b0702b91-e7c0-4724-95c1-9c89acf07806/0002_BoAYvx_sm.jpeg;https://media.app.artisio.co/media/3fc437c0-fdbb-4208-955a-90293eab416d/inventory/4009096a-2c3c-4561-937b-321ec0be55dd/593c4a00-0b81-461e-bdaf-3a77e4bb53c1/0003_oSKATJ_sm.jpeg;https://media.app.artisio.co/media/3fc437c0-fdbb-4208-955a-90293eab416d/inventory/4009096a-2c3c-4561-937b-321ec0be55dd/22ed44b8-d2c2-4b69-9d9d-e3be2c2ceb3f/0004_bfjSdp_sm.jpeg;https://media.app.artisio.co/media/3fc437c0-fdbb-4208-955a-90293eab416d/inventory/4009096a-2c3c-4561-937b-321ec0be55dd/a72f8e54-df61-4614-af51-d3a1c280ded2/0005_vNeeKJ_sm.jpeg,5,"{""artist_retail_right"": false, ""comments"": null, ""condition"": null, ""condition_report"": null, ""description"": ""<p>all white/grey glazed stoneware, all signed ‘Joop’ (on the lower edge)<br>I. 30x6x24 cm<br>II. 27x5x30 cm<br>I. 30x10x30 cm&nbsp;</p>"", ""dimensions"": null, ""footnote"": null, ""header"": null, ""internal_reference"": null, ""literature"": null, ""origin_exhibition_lite"": null, ""painter_artist_school"": ""Joop van Ulden (1947) (3)"", ""period"": null, ""title"": ""Evolving shells"", ""total"": null, ""weight_size_quality"": null}"
fcd4d9a2-3555-41a3-858d-e5cfe7f6f657,517,26-0465/14,8e0b76ab-3fdc-44fb-853f-1fdaa9aebea7,737,Collectie Gemeente Wassenaar,"Schilderijen, aquarellen en tekeningen I",I. 'Blauwe hel'; II. Two figures; III. Untitled,"Bart de Graaf (1946) (3), I. 'Blauwe hel'; II. Two figures; III. Untitled","<h3>Painter / Artist / School</h3>Bart de Graaf (1946) (3)<h3>Technique / Size</h3>all oil on canvas, I. 80x70 cm (82x71,5 cm incl. frame); II. 70x70 cm (72x72 cm incl. frame); III. 80x100 cm (86,5x106 cm incl. frame)<h3>Signature / Dating</h3>signed I. 'Bart' (lower left); titled (on the stretcher); II. signed 'Bart' (lower left); III. signed and dated 'Bart 70' (lower right)",published,EUR,100.0,200.0,35.0,,,1,1,35.0,35.0,True,"Mon, 31 Aug 2026 08:00:00 GMT","Thu, 17 Sep 2026 17:09:00 GMT",https://media.app.artisio.co/media/3fc437c0-fdbb-4208-955a-90293eab416d/inventory/0c32b639-664d-485b-a778-80862db59083/43abdfc9-29d0-429d-9f86-021caeed4d9c/0002_RUzRqs_sm.jpeg;https://media.app.artisio.co/media/3fc437c0-fdbb-4208-955a-90293eab416d/inventory/0c32b639-664d-485b-a778-80862db59083/8f6285cf-d9cf-43af-8a8a-cf1d1e101732/0003_psOJjK_sm.jpeg;https://media.app.artisio.co/media/3fc437c0-fdbb-4208-955a-90293eab416d/inventory/0c32b639-664d-485b-a778-80862db59083/c69c0443-cb7e-4687-9932-2d5759dfc014/0004_SVkhBN_sm.jpeg;https://media.app.artisio.co/media/3fc437c0-fdbb-4208-955a-90293eab416d/inventory/0c32b639-664d-485b-a778-80862db59083/9eefc96e-b4ac-4226-ae81-d904428eae3b/0005_dJbgRb_sm.jpeg;https://media.app.artisio.co/media/3fc437c0-fdbb-4208-955a-90293eab416d/inventory/0c32b639-664d-485b-a778-80862db59083/c412d5ef-8959-4d4a-abf9-cb3f1cf469c3/0006_WcfXdF_sm.jpeg;https://media.app.artisio.co/media/3fc437c0-fdbb-4208-955a-90293eab416d/inventory/0c32b639-664d-485b-a778-80862db59083/91bbbc3b-c219-4db3-a8f9-b1f727874a12/0007_AAGMSv_sm.jpeg;https://media.app.artisio.co/media/3fc437c0-fdbb-4208-955a-90293eab416d/inventory/0c32b639-664d-485b-a778-80862db59083/94e41a88-04de-4f8e-98df-7aec49d24f5a/0008_anGYnz_sm.jpeg;https://media.app.artisio.co/media/3fc437c0-fdbb-4208-955a-90293eab416d/inventory/0c32b639-664d-485b-a778-80862db59083/608373f6-ca19-40ed-9a5e-a7463bdc0092/0009_LgizxO_sm.jpeg;https://media.app.artisio.co/media/3fc437c0-fdbb-4208-955a-90293eab416d/inventory/0c32b639-664d-485b-a778-80862db59083/d6250077-8b83-43df-af98-fbefd45087da/0010_giLaLf_sm.jpeg;https://media.app.artisio.co/media/3fc437c0-fdbb-4208-955a-90293eab416d/inventory/0c32b639-664d-485b-a778-80862db59083/283230a3-c534-4ba8-a705-1994d8bc8f86/0011_rgEvlu_sm.jpeg,10,"{""artist_retail_right"": false, ""comments"": null, ""condition"": null, ""condition_report"": null, ""dimensions"": null, ""extra_text"": null, ""footnote"": null, ""header"": null, ""internal_reference"": null, ""literature"": null, ""origin_exhibition_lite"": null, ""painter_artist_school"": ""Bart de Graaf (1946) (3)"", ""period"": null, ""signature_dating"": ""signed I. 'Bart' (lower left); titled (on the stretcher); II. signed 'Bart' (lower left); III. signed and dated 'Bart 70' (lower right)"", ""technique_size"": ""all oil on canvas, I. 80x70 cm (82x71,5 cm incl. frame); II. 70x70 cm (72x72 cm incl. frame); III. 80x100 cm (86,5x106 cm incl. frame)"", ""title"": ""I. 'Blauwe hel'; II. Two figures; III. Untitled"", ""total"": null, ""weight_size_quality"": null}"
0dfcec25-d0d8-4942-92b7-7120432b0eb3,518,26-0465/10,8e0b76ab-3fdc-44fb-853f-1fdaa9aebea7,737,Collectie Gemeente Wassenaar,"Schilderijen, aquarellen en tekeningen I",I.;II. Untitled; III.;IV. 'Portret',"Bart de Graaf (1946) (4), I.;II. Untitled; III.;IV. 'Portret'","<h3>Painter / Artist / School</h3>Bart de Graaf (1946) (4)<h3>Technique / Size</h3>all oil on canvas, I. 70x89,5 cm (71,5x92 cm incl. frame); II.; III.; IV. 80x70 cm (82x71,5 cm incl. frame)<h3>Signature / Dating</h3>all signed 'Bart' (lower left); III.; IV. titled (on the stretcher)",published,EUR,100.0,200.0,35.0,,,1,1,35.0,35.0,True,"Mon, 31 Aug 2026 08:00:00 GMT","Thu, 17 Sep 2026 17:09:00 GMT",https://media.app.artisio.co/media/3fc437c0-fdbb-4208-955a-90293eab416d/inventory/1a582284-9099-447a-ad82-fd5a54bf6277/d2e98339-b45c-43c2-bfc8-cea7fcfbeca1/0001_nmFFVT_sm.jpeg;https://media.app.artisio.co/media/3fc437c0-fdbb-4208-955a-90293eab416d/inventory/1a582284-9099-447a-ad82-fd5a54bf6277/0be90ee8-e412-463a-aa76-9288deb6ea64/0002_RIlsgw_sm.jpeg;https://media.app.artisio.co/media/3fc437c0-fdbb-4208-955a-90293eab416d/inventory/1a582284-9099-447a-ad82-fd5a54bf6277/a15d0e64-25e9-4cc4-bb5f-bce18b1770cc/0003_haDqwG_sm.jpeg;https://media.app.artisio.co/media/3fc437c0-fdbb-4208-955a-90293eab416d/inventory/1a582284-9099-447a-ad82-fd5a54bf6277/9c7c726a-cc1a-44fe-8b48-a21922eaa255/0004_rwNftI_sm.jpeg;https://media.app.artisio.co/media/3fc437c0-fdbb-4208-955a-90293eab416d/inventory/1a582284-9099-447a-ad82-fd5a54bf6277/7c970504-e67d-40e9-b63e-08d4336ae52a/0005_MHAdeW_sm.jpeg;https://media.app.artisio.co/media/3fc437c0-fdbb-4208-955a-90293eab416d/inventory/1a582284-9099-447a-ad82-fd5a54bf6277/25cdf190-f603-42f3-95a7-1e572694ae44/0006_qOEZzK_sm.jpeg;https://media.app.artisio.co/media/3fc437c0-fdbb-4208-955a-90293eab416d/inventory/1a582284-9099-447a-ad82-fd5a54bf6277/ba6fda17-0556-4ac9-8b9b-9c547ceb32e0/0007_jTGjaJ_sm.jpeg;https://media.app.artisio.co/media/3fc437c0-fdbb-4208-955a-90293eab416d/inventory/1a582284-9099-447a-ad82-fd5a54bf6277/b184bd7a-d72a-4feb-867c-16b26d34a724/0008_FTcoue_sm.jpeg;https://media.app.artisio.co/media/3fc437c0-fdbb-4208-955a-90293eab416d/inventory/1a582284-9099-447a-ad82-fd5a54bf6277/f880a96a-8bea-4a28-a344-8f0037dd7766/0009_LdRQRX_sm.jpeg;https://media.app.artisio.co/media/3fc437c0-fdbb-4208-955a-90293eab416d/inventory/1a582284-9099-447a-ad82-fd5a54bf6277/fdbb097d-21ba-4129-98ca-4b943bcd0b1f/0010_NBtjFM_sm.jpeg;https://media.app.artisio.co/media/3fc437c0-fdbb-4208-955a-90293eab416d/inventory/1a582284-9099-447a-ad82-fd5a54bf6277/dba6641c-ed59-468d-a646-c3ac5714be1a/0011_hBXzvJ_sm.jpeg;https://media.app.artisio.co/media/3fc437c0-fdbb-4208-955a-90293eab416d/inventory/1a582284-9099-447a-ad82-fd5a54bf6277/2b85ed92-e1bc-4ff8-9905-c9fb17f12a66/0012_KSWAWO_sm.jpeg;https://media.app.artisio.co/media/3fc437c0-fdbb-4208-955a-90293eab416d/inventory/1a582284-9099-447a-ad82-fd5a54bf6277/80f01124-9f4f-4b0d-9e93-e879b638c78c/0013_hSObAo_sm.jpeg,13,"{""artist_retail_right"": false, ""comments"": null, ""condition"": null, ""condition_report"": null, ""dimensions"": null, ""extra_text"": null, ""footnote"": null, ""header"": null, ""internal_reference"": null, ""literature"": null, ""origin_exhibition_lite"": null, ""painter_artist_school"": ""Bart de Graaf (1946) (4)"", ""period"": null, ""signature_dating"": ""all signed 'Bart' (lower left); III.; IV. titled (on the stretcher)"", ""technique_size"": ""all oil on canvas, I. 70x89,5 cm (71,5x92 cm incl. frame); II.; III.; IV. 80x70 cm (82x71,5 cm incl. frame)"", ""title"": ""I.;II. Untitled; III.;IV. 'Portret'"", ""total"": null, ""weight_size_quality"": null}"
898d0b52-ae68-474d-b971-dac32e3086e0,519,26-0465/11,8e0b76ab-3fdc-44fb-853f-1fdaa9aebea7,737,Collectie Gemeente Wassenaar,"Schilderijen, aquarellen en tekeningen I",Untitled,"Bart de Graaf (1946) (4), Untitled","<h3>Painter / Artist / School</h3>Bart de Graaf (1946) (4)<h3>Technique / Size</h3>all oil on canvas, I. 90x75 cm (91,5x77 cm incl. frame); II. 90x70 cm (92x72 cm incl. frame); III.; IV. 80x70,5 cm (82x72,5 cm incl. frame)<h3>Signature / Dating</h3>all signed 'Bart' (lower left)",published,EUR,100.0,200.0,35.0,,,1,1,35.0,35.0,True,"Mon, 31 Aug 2026 08:00:00 GMT","Thu, 17 Sep 2026 17:12:00 GMT",https://media.app.artisio.co/media/3fc437c0-fdbb-4208-955a-90293eab416d/inventory/e5cc5c8f-3822-4c95-9033-94f0c31d0bcd/40a0dd3f-7c8e-4e01-a025-2d962fe34e20/0001_lTFfYm_sm.jpeg;https://media.app.artisio.co/media/3fc437c0-fdbb-4208-955a-90293eab416d/inventory/e5cc5c8f-3822-4c95-9033-94f0c31d0bcd/eed97a41-422f-4681-b72a-9fd1d408822c/0002_VMAeCd_sm.jpeg;https://media.app.artisio.co/media/3fc437c0-fdbb-4208-955a-90293eab416d/inventory/e5cc5c8f-3822-4c95-9033-94f0c31d0bcd/9bdaa8b2-2f86-4259-85b2-f26246db43ae/0003_FFuyuS_sm.jpeg;https://media.app.artisio.co/media/3fc437c0-fdbb-4208-955a-90293eab416d/inventory/e5cc5c8f-3822-4c95-9033-94f0c31d0bcd/8914c762-a562-486a-9d1e-0a124dc0855b/0004_czyKuu_sm.jpeg;https://media.app.artisio.co/media/3fc437c0-fdbb-4208-955a-90293eab416d/inventory/e5cc5c8f-3822-4c95-9033-94f0c31d0bcd/319c33fa-bcd3-4f9a-bda1-f58e1a31e1e7/0005_NvcsXG_sm.jpeg;https://media.app.artisio.co/media/3fc437c0-fdbb-4208-955a-90293eab416d/inventory/e5cc5c8f-3822-4c95-9033-94f0c31d0bcd/de7cf3f7-563b-4b9a-889f-7a30573bd8bb/0006_dGuQbF_sm.jpeg;https://media.app.artisio.co/media/3fc437c0-fdbb-4208-955a-90293eab416d/inventory/e5cc5c8f-3822-4c95-9033-94f0c31d0bcd/f27ecf60-88f1-4d51-ab6d-991c2915d9a5/0007_CDALAX_sm.jpeg;https://media.app.artisio.co/media/3fc437c0-fdbb-4208-955a-90293eab416d/inventory/e5cc5c8f-3822-4c95-9033-94f0c31d0bcd/9b0be067-eba2-4a9c-8db2-a9d830c5c358/0008_oIRllU_sm.jpeg;https://media.app.artisio.co/media/3fc437c0-fdbb-4208-955a-90293eab416d/inventory/e5cc5c8f-3822-4c95-9033-94f0c31d0bcd/be9a3ef1-3184-49e3-a2b1-52a960e72eed/0009_CpDhsY_sm.jpeg;https://media.app.artisio.co/media/3fc437c0-fdbb-4208-955a-90293eab416d/inventory/e5cc5c8f-3822-4c95-9033-94f0c31d0bcd/2583a2fa-19e8-495b-9813-158ddf657060/0010_tMDYvB_sm.jpeg;https://media.app.artisio.co/media/3fc437c0-fdbb-4208-955a-90293eab416d/inventory/e5cc5c8f-3822-4c95-9033-94f0c31d0bcd/9704fc63-3393-4ff4-9722-0dfc9b9a32da/0011_PjoXSm_sm.jpeg;https://media.app.artisio.co/media/3fc437c0-fdbb-4208-955a-90293eab416d/inventory/e5cc5c8f-3822-4c95-9033-94f0c31d0bcd/36d4e49c-1a87-4da4-89d3-d4b43df1aa6d/0012_VZlPaL_sm.jpeg;https://media.app.artisio.co/media/3fc437c0-fdbb-4208-955a-90293eab416d/inventory/e5cc5c8f-3822-4c95-9033-94f0c31d0bcd/7a32f092-4c5f-4272-911c-28b1bae4b9ff/0013_LBDHJo_sm.jpeg,13,"{""artist_retail_right"": false, ""comments"": null, ""condition"": null, ""condition_report"": null, ""dimensions"": null, ""extra_text"": null, ""footnote"": null, ""header"": null, ""internal_reference"": null, ""literature"": null, ""origin_exhibition_lite"": null, ""painter_artist_school"": ""Bart de Graaf (1946) (4)"", ""period"": null, ""signature_dating"": ""all signed 'Bart' (lower left)"", ""technique_size"": ""all oil on canvas, I. 90x75 cm (91,5x77 cm incl. frame); II. 90x70 cm (92x72 cm incl. frame); III.; IV. 80x70,5 cm (82x72,5 cm incl. frame)"", ""title"": ""Untitled"", ""total"": null, ""weight_size_quality"": null}"
b72070ee-86ee-4724-bdaf-903c15c80b40,520,26-0465/12,8e0b76ab-3fdc-44fb-853f-1fdaa9aebea7,737,Collectie Gemeente Wassenaar,"Schilderijen, aquarellen en tekeningen I",I. Figure; II. 'Drie koppen'; III.; IV. 'Fantasie',"Bart de Graaf (1946) (4), I. Figure; II. 'Drie koppen'; III.; IV. 'Fantasie'","<h3>Painter / Artist / School</h3>Bart de Graaf (1946) (4)<h3>Technique / Size</h3>all oil on canvas, I. 60x70 cm (62x72 cm incl. frame); II. 65x80 cm (66,5x81,5 cm incl. frame); III. 60x80,5 cm (91,5x81,5 cm incl. frame); IV. 70x80 cm (72x82 cm incl. frame)<h3>Signature / Dating</h3>all signed 'Bart' (lower left); II.; III.; IV. titled (on the stretcher)",published,EUR,100.0,200.0,35.0,,,1,1,35.0,35.0,True,"Mon, 31 Aug 2026 08:00:00 GMT","Thu, 17 Sep 2026 17:12:00 GMT",https://media.app.artisio.co/media/3fc437c0-fdbb-4208-955a-90293eab416d/inventory/b821ae84-cf84-4a9b-bd52-457c53c523f8/1882b735-1f8b-49a6-bd19-bd4a6a2eee3f/0002_wbFBEX_sm.jpeg;https://media.app.artisio.co/media/3fc437c0-fdbb-4208-955a-90293eab416d/inventory/b821ae84-cf84-4a9b-bd52-457c53c523f8/755e61f2-c443-4fba-8d14-8de7750f77f5/0003_djONFK_sm.jpeg;https://media.app.artisio.co/media/3fc437c0-fdbb-4208-955a-90293eab416d/inventory/b821ae84-cf84-4a9b-bd52-457c53c523f8/403d98d0-3ee6-4298-82a2-42e36edc0df4/0004_Huqysn_sm.jpeg;https://media.app.artisio.co/media/3fc437c0-fdbb-4208-955a-90293eab416d/inventory/b821ae84-cf84-4a9b-bd52-457c53c523f8/07e40709-cfd6-4f79-84f2-845a47b31a25/0005_rMiDDg_sm.jpeg;https://media.app.artisio.co/media/3fc437c0-fdbb-4208-955a-90293eab416d/inventory/b821ae84-cf84-4a9b-bd52-457c53c523f8/9baddb36-973a-4637-8f29-f71b636cb13e/0006_hRyOES_sm.jpeg;https://media.app.artisio.co/media/3fc437c0-fdbb-4208-955a-90293eab416d/inventory/b821ae84-cf84-4a9b-bd52-457c53c523f8/519ece7f-2eeb-4ed7-b48a-2d3d540343a9/0007_owtNrE_sm.jpeg;https://media.app.artisio.co/media/3fc437c0-fdbb-4208-955a-90293eab416d/inventory/b821ae84-cf84-4a9b-bd52-457c53c523f8/f63cb55b-baf2-4146-b5fb-0d0c27e4d405/0008_JrICig_sm.jpeg;https://media.app.artisio.co/media/3fc437c0-fdbb-4208-955a-90293eab416d/inventory/b821ae84-cf84-4a9b-bd52-457c53c523f8/2c026f42-b39e-47d9-b2f6-18315c15f39e/0009_roGMFu_sm.jpeg;https://media.app.artisio.co/media/3fc437c0-fdbb-4208-955a-90293eab416d/inventory/b821ae84-cf84-4a9b-bd52-457c53c523f8/b84ebc4a-da32-470a-9741-7119d1bf6996/0010_lJAhLU_sm.jpeg;https://media.app.artisio.co/media/3fc437c0-fdbb-4208-955a-90293eab416d/inventory/b821ae84-cf84-4a9b-bd52-457c53c523f8/9b8ccd91-bf75-484b-acff-81fb1497f557/0011_jknUMZ_sm.jpeg;https://media.app.artisio.co/media/3fc437c0-fdbb-4208-955a-90293eab416d/inventory/b821ae84-cf84-4a9b-bd52-457c53c523f8/6f057eef-d3dd-44bc-97a4-3ebeb3624d9b/0012_HGbItj_sm.jpeg;https://media.app.artisio.co/media/3fc437c0-fdbb-4208-955a-90293eab416d/inventory/b821ae84-cf84-4a9b-bd52-457c53c523f8/6529aeea-aff6-4828-be8a-fb4e1a8a2919/0013_VCgWkW_sm.jpeg;https://media.app.artisio.co/media/3fc437c0-fdbb-4208-955a-90293eab416d/inventory/b821ae84-cf84-4a9b-bd52-457c53c523f8/3c7ce58a-b17f-463f-bad1-d029c2d6630e/0014_uBJXbo_sm.jpeg,13,"{""artist_retail_right"": false, ""comments"": null, ""condition"": null, ""condition_report"": null, ""dimensions"": null, ""extra_text"": null, ""footnote"": null, ""header"": null, ""internal_reference"": null, ""literature"": null, ""origin_exhibition_lite"": null, ""painter_artist_school"": ""Bart de Graaf (1946) (4)"", ""period"": null, ""signature_dating"": ""all signed 'Bart' (lower left); II.; III.; IV. titled (on the stretcher)"", ""technique_size"": ""all oil on canvas, I. 60x70 cm (62x72 cm incl. frame); II. 65x80 cm (66,5x81,5 cm incl. frame); III. 60x80,5 cm (91,5x81,5 cm incl. frame); IV. 70x80 cm (72x82 cm incl. frame)"", ""title"": ""I. Figure; II. 'Drie koppen'; III.; IV. 'Fantasie'"", ""total"": null, ""weight_size_quality"": null}"
d9e38557-130f-40dd-91d1-9945768cd9b2,521,26-0465/13,8e0b76ab-3fdc-44fb-853f-1fdaa9aebea7,737,Collectie Gemeente Wassenaar,"Schilderijen, aquarellen en tekeningen I",I. Figure; II. 'Aards gedoe'; III. 'Twee naakten',"Bart de Graaf (1946) (3), I. Figure; II. 'Aards gedoe'; III. 'Twee naakten'","<h3>Painter / Artist / School</h3>Bart de Graaf (1946) (3)<h3>Technique / Size</h3>all oil on canvas, I. 70,5x80,5 cm (77x86,5 cm incl. frame); II. 70x90 cm (71,5x91 cm incl. frame); III. 94x100 cm (96x101 cm incl. part frame)<h3>Signature / Dating</h3>I. signed and dated 'Bart/92' (lower right); II. signed 'Bart' (lower left); titled (on the stretcher); III. signed and dated 'Bart 99' (lower left); titled (on the stretcher)",published,EUR,100.0,200.0,35.0,,,1,1,35.0,35.0,True,"Mon, 31 Aug 2026 08:00:00 GMT","Thu, 17 Sep 2026 17:12:00 GMT",https://media.app.artisio.co/media/3fc437c0-fdbb-4208-955a-90293eab416d/inventory/fdc8394e-a054-4b81-bc2e-8c813c075a94/ca563fff-317e-4417-82b0-c7a2496d60ce/0001_wulrKy_sm.jpeg;https://media.app.artisio.co/media/3fc437c0-fdbb-4208-955a-90293eab416d/inventory/fdc8394e-a054-4b81-bc2e-8c813c075a94/dccf5c5b-a7d2-4428-b05d-9d53b55ceca6/0002_LBIVhk_sm.jpeg;https://media.app.artisio.co/media/3fc437c0-fdbb-4208-955a-90293eab416d/inventory/fdc8394e-a054-4b81-bc2e-8c813c075a94/fda6c893-f1fb-4107-a403-dde19b26d979/0003_slBkYx_sm.jpeg;https://media.app.artisio.co/media/3fc437c0-fdbb-4208-955a-90293eab416d/inventory/fdc8394e-a054-4b81-bc2e-8c813c075a94/c1455c94-a33c-456b-be14-164715874d5c/0004_fajbxB_sm.jpeg;https://media.app.artisio.co/media/3fc437c0-fdbb-4208-955a-90293eab416d/inventory/fdc8394e-a054-4b81-bc2e-8c813c075a94/d66e5192-1bdd-453a-b48b-a571ab3b33b1/0005_HGCTlr_sm.jpeg;https://media.app.artisio.co/media/3fc437c0-fdbb-4208-955a-90293eab416d/inventory/fdc8394e-a054-4b81-bc2e-8c813c075a94/0b691549-3a0e-4e40-9215-3732874acdfe/0006_pFMdEv_sm.jpeg;https://media.app.artisio.co/media/3fc437c0-fdbb-4208-955a-90293eab416d/inventory/fdc8394e-a054-4b81-bc2e-8c813c075a94/99f162fb-3f68-4c27-b08c-38af6f5a1df8/0007_MVGGIK_sm.jpeg;https://media.app.artisio.co/media/3fc437c0-fdbb-4208-955a-90293eab416d/inventory/fdc8394e-a054-4b81-bc2e-8c813c075a94/9d7fb787-cf82-4dfc-bbd1-a9ddef5bc7a6/0008_BSgrOO_sm.jpeg;https://media.app.artisio.co/media/3fc437c0-fdbb-4208-955a-90293eab416d/inventory/fdc8394e-a054-4b81-bc2e-8c813c075a94/44383504-4e2f-442c-9c2f-d11ad9f4a362/0009_jfIGlP_sm.jpeg;https://media.app.artisio.co/media/3fc437c0-fdbb-4208-955a-90293eab416d/inventory/fdc8394e-a054-4b81-bc2e-8c813c075a94/0df191d4-6dec-41f3-a4b5-877d61d8ef60/0010_EBqviE_sm.jpeg;https://media.app.artisio.co/media/3fc437c0-fdbb-4208-955a-90293eab416d/inventory/fdc8394e-a054-4b81-bc2e-8c813c075a94/9428c118-6896-47ad-927a-d0dcbea6efef/0011_INIfpK_sm.jpeg,11,"{""artist_retail_right"": false, ""comments"": null, ""condition"": null, ""condition_report"": null, ""dimensions"": null, ""extra_text"": null, ""footnote"": null, ""header"": null, ""internal_reference"": null, ""literature"": null, ""origin_exhibition_lite"": null, ""painter_artist_school"": ""Bart de Graaf (1946) (3)"", ""period"": null, ""signature_dating"": ""I. signed and dated 'Bart/92' (lower right); II. signed 'Bart' (lower left); titled (on the stretcher); III. signed and dated 'Bart 99' (lower left); titled (on the stretcher)"", ""technique_size"": ""all oil on canvas, I. 70,5x80,5 cm (77x86,5 cm incl. frame); II. 70x90 cm (71,5x91 cm incl. frame); III. 94x100 cm (96x101 cm incl. part frame)"", ""title"": ""I. Figure; II. 'Aards gedoe'; III. 'Twee naakten'"", ""total"": null, ""weight_size_quality"": null}"
49c7e8d8-50f2-4e01-bb19-0075179cdac6,522,26-0465/31,8e0b76ab-3fdc-44fb-853f-1fdaa9aebea7,737,Collectie Gemeente Wassenaar,Sculpturen,I. Medallion with Erasmus; II. Green and blue bowl; III. Pink bowl ,I. Medallion with Erasmus; II. Green and blue bowl; III. Pink bowl ,"<h3>Painter / Artist / School</h3>Floris Meydam (1919-2011) (3)<h3>Literature</h3><p>I. round brown patinated bronze, ∅ 6,5 cm&nbsp;<br>II. green glass bowl with a blue edge, ∅ 16, H 13 cm, signed and numbered 'Bath 92510 NW F Meydam (on the bottom)<br>III. pink glass bowl with a blue edge and centre, ∅ 24 cm, H 15,5 cm, signed and numbered ‘Bath 920719 NW F Meydam’ (on the bottom)</p>",published,EUR,300.0,500.0,100.0,,,1,2,120.0,120.0,True,"Mon, 31 Aug 2026 08:00:00 GMT","Thu, 17 Sep 2026 17:12:00 GMT",https://media.app.artisio.co/media/3fc437c0-fdbb-4208-955a-90293eab416d/inventory/3defdc4f-e3c1-4d6f-9c8e-22826d90af52/cbb0a629-9f55-4fc9-9451-9107956932a0/0001_fTjCxq_sm.jpeg;https://media.app.artisio.co/media/3fc437c0-fdbb-4208-955a-90293eab416d/inventory/3defdc4f-e3c1-4d6f-9c8e-22826d90af52/b7f710af-ab76-4436-a464-6d4af8900eb5/0002_bPKBYx_sm.jpeg;https://media.app.artisio.co/media/3fc437c0-fdbb-4208-955a-90293eab416d/inventory/3defdc4f-e3c1-4d6f-9c8e-22826d90af52/8d8f9a16-38b2-4c51-b6ac-123d1aae55c9/0003_NSHNcV_sm.jpeg;https://media.app.artisio.co/media/3fc437c0-fdbb-4208-955a-90293eab416d/inventory/3defdc4f-e3c1-4d6f-9c8e-22826d90af52/3e67fd9e-245e-4a9a-b24d-5b6a189347d3/0004_nfFCcm_sm.jpeg,4,"{""artist_retail_right"": false, ""comments"": null, ""condition"": null, ""condition_report"": null, ""description"": null, ""dimensions"": null, ""footnote"": null, ""header"": null, ""internal_reference"": null, ""literature"": ""<p>I. round brown patinated bronze, ∅ 6,5 cm&nbsp;<br>II. green glass bowl with a blue edge, ∅ 16, H 13 cm, signed and numbered 'Bath 92510 NW F Meydam (on the bottom)<br>III. pink glass bowl with a blue edge and centre, ∅ 24 cm, H 15,5 cm, signed and numbered ‘Bath 920719 NW F Meydam’ (on the bottom)</p>"", ""origin_exhibition_lite"": null, ""painter_artist_school"": ""Floris Meydam (1919-2011) (3)"", ""period"": null, ""title"": ""I. Medallion with Erasmus; II. Green and blue bowl; III. Pink bowl "", ""total"": null, ""weight_size_quality"": null}"
05ed9f36-dca0-483f-b0bf-89d7a682f1ef,523,26-0465/29,8e0b76ab-3fdc-44fb-853f-1fdaa9aebea7,737,Collectie Gemeente Wassenaar,"Schilderijen, aquarellen en tekeningen I",I. head; II. 'Volleyballende bisschoppen',"I. Colette Curfs (1961); II. Jacques Boersma (1932-1979) (Alain Teister), I. head; II. 'Volleyballende bisschoppen'","<h3>Painter / Artist / School</h3>I. Colette Curfs (1961); II. Jacques Boersma (1932-1979) (Alain Teister)<h3>Technique / Size</h3>both oil on canvas, I. 150x100 cm (155x105 cm incl. frame); II. 40x60 cm (41x61 cm incl. frame)<h3>Signature / Dating</h3>I. signed and dated 'Colette 92.' (lower side); II. signed with initials and dated 'A.T. 69' (lower right); titled (on the stretcher)",published,EUR,50.0,150.0,35.0,,,1,1,35.0,35.0,True,"Mon, 31 Aug 2026 08:00:00 GMT","Thu, 17 Sep 2026 17:12:00 GMT",https://media.app.artisio.co/media/3fc437c0-fdbb-4208-955a-90293eab416d/inventory/65ca95da-d8b3-44d8-b73b-5cb1b89ca3ab/5f1116a5-e51e-496f-a8d0-b7771ba2a77b/0002_UvZZac_sm.jpeg;https://media.app.artisio.co/media/3fc437c0-fdbb-4208-955a-90293eab416d/inventory/65ca95da-d8b3-44d8-b73b-5cb1b89ca3ab/6089255b-a689-402c-add7-388d93186066/0003_pHGjHs_sm.jpeg;https://media.app.artisio.co/media/3fc437c0-fdbb-4208-955a-90293eab416d/inventory/65ca95da-d8b3-44d8-b73b-5cb1b89ca3ab/88e29de8-b7b1-41f3-a14b-e7a110c24842/0004_xoRila_sm.jpeg;https://media.app.artisio.co/media/3fc437c0-fdbb-4208-955a-90293eab416d/inventory/65ca95da-d8b3-44d8-b73b-5cb1b89ca3ab/d80c65e7-0289-487a-81a4-b0a002cbfe8f/0005_wMaWPj_sm.jpeg;https://media.app.artisio.co/media/3fc437c0-fdbb-4208-955a-90293eab416d/inventory/65ca95da-d8b3-44d8-b73b-5cb1b89ca3ab/e5f6d1a8-a5ac-4730-b5a6-b6fd94153dc1/0006_aDXwLd_sm.jpeg;https://media.app.artisio.co/media/3fc437c0-fdbb-4208-955a-90293eab416d/inventory/65ca95da-d8b3-44d8-b73b-5cb1b89ca3ab/f570b82c-81ff-45d8-b95c-4da7981970a5/0007_ggxgQp_sm.jpeg,6,"{""artist_retail_right"": false, ""comments"": null, ""condition"": null, ""condition_report"": null, ""dimensions"": null, ""extra_text"": null, ""footnote"": null, ""header"": null, ""internal_reference"": null, ""literature"": null, ""origin_exhibition_lite"": null, ""painter_artist_school"": ""I. Colette Curfs (1961); II. Jacques Boersma (1932-1979) (Alain Teister)"", ""period"": null, ""signature_dating"": ""I. signed and dated 'Colette 92.' (lower side); II. signed with initials and dated 'A.T. 69' (lower right); titled (on the stretcher)"", ""technique_size"": ""both oil on canvas, I. 150x100 cm (155x105 cm incl. frame); II. 40x60 cm (41x61 cm incl. frame)"", ""title"": ""I. head; II. 'Volleyballende bisschoppen'"", ""total"": null, ""weight_size_quality"": null}"
beac3c99-84c1-4567-9701-4f65cd530d18,524,26-0465/24,8e0b76ab-3fdc-44fb-853f-1fdaa9aebea7,737,Collectie Gemeente Wassenaar,"Schilderijen, aquarellen en tekeningen I",I. 'Clic-clac'; II. '5 stoelen'; III. Bird; IV. 'Kijken - zeestraten en rondingen',"I.; II. Jan Snoeck (1927-2018); III. Corneille (1922-2010); IV. Marian Plug (1937), I. 'Clic-clac'; II. '5 stoelen'; III. Bird; IV. 'Kijken - zeestraten en rondingen'","<h3>Painter / Artist / School</h3>I.; II. Jan Snoeck (1927-2018); III. Corneille (1922-2010); IV. Marian Plug (1937)<h3>Technique / Size</h3>all screenprint, I. 51x51 cm (77,5x76,5 cm incl. frame); II. 42x29,5 cm (69,5x55,5 cm incl. frame); III. 48,5x42,5 cm (79x70 cm incl. frame); IV. 43x37 cm (64.5x53 cm incl. frame)<h3>Signature / Dating</h3>I. numbered, titled, signed and dated in pencil '46/100 '96' (lower side); II. numbered, titled, signed and dated in pencil '93/100 '95' (lower side); III. numbered, signed and dated in pencil '70/525 Corneille 2001' (lower side); IV. numbered, titled, signed and dated in pencil '11/80 Marian Plug '69' (lower side)",published,EUR,100.0,200.0,35.0,,,1,1,35.0,35.0,True,"Mon, 31 Aug 2026 08:00:00 GMT","Thu, 17 Sep 2026 17:12:00 GMT",https://media.app.artisio.co/media/3fc437c0-fdbb-4208-955a-90293eab416d/inventory/70f07edd-3379-474e-96a3-18504d12fa46/4707f504-6195-49c3-b158-0a4bb91a1338/0002_jNEeJA_sm.jpeg;https://media.app.artisio.co/media/3fc437c0-fdbb-4208-955a-90293eab416d/inventory/70f07edd-3379-474e-96a3-18504d12fa46/e33049fb-c4c8-4a6a-b269-32983dda091b/0003_WISvJy_sm.jpeg;https://media.app.artisio.co/media/3fc437c0-fdbb-4208-955a-90293eab416d/inventory/70f07edd-3379-474e-96a3-18504d12fa46/60493360-c14d-4be9-ac6a-cd7b901a1ed6/0004_bMZwsG_sm.jpeg;https://media.app.artisio.co/media/3fc437c0-fdbb-4208-955a-90293eab416d/inventory/70f07edd-3379-474e-96a3-18504d12fa46/1dc8e9b1-4d37-4554-b4e1-886ae036efd1/0005_rZZbjb_sm.jpeg;https://media.app.artisio.co/media/3fc437c0-fdbb-4208-955a-90293eab416d/inventory/70f07edd-3379-474e-96a3-18504d12fa46/3f7ce428-acc2-46f8-a04f-26857d3e6d5b/0006_fbGcUd_sm.jpeg;https://media.app.artisio.co/media/3fc437c0-fdbb-4208-955a-90293eab416d/inventory/70f07edd-3379-474e-96a3-18504d12fa46/9ff7e7d9-c3e3-4275-900c-3d7159bcac98/0007_ZfJeBz_sm.jpeg;https://media.app.artisio.co/media/3fc437c0-fdbb-4208-955a-90293eab416d/inventory/70f07edd-3379-474e-96a3-18504d12fa46/e1136ab3-778c-491d-a4be-63f2d8c5778d/0008_OYwGDo_sm.jpeg;https://media.app.artisio.co/media/3fc437c0-fdbb-4208-955a-90293eab416d/inventory/70f07edd-3379-474e-96a3-18504d12fa46/2c8bca95-e872-4362-ad78-e03c3a4010e6/0009_nlIwDd_sm.jpeg;https://media.app.artisio.co/media/3fc437c0-fdbb-4208-955a-90293eab416d/inventory/70f07edd-3379-474e-96a3-18504d12fa46/d470b37a-9574-4e46-8f81-a5ad2ffbce24/0010_lqAhKD_sm.jpeg;https://media.app.artisio.co/media/3fc437c0-fdbb-4208-955a-90293eab416d/inventory/70f07edd-3379-474e-96a3-18504d12fa46/163f624c-b061-406f-bac0-630ca329e889/0011_lJtvrL_sm.jpeg,10,"{""artist_retail_right"": false, ""comments"": null, ""condition"": null, ""condition_report"": null, ""dimensions"": null, ""extra_text"": null, ""footnote"": null, ""header"": null, ""internal_reference"": null, ""literature"": null, ""origin_exhibition_lite"": null, ""painter_artist_school"": ""I.; II. Jan Snoeck (1927-2018); III. Corneille (1922-2010); IV. Marian Plug (1937)"", ""period"": null, ""signature_dating"": ""I. numbered, titled, signed and dated in pencil '46/100 '96' (lower side); II. numbered, titled, signed and dated in pencil '93/100 '95' (lower side); III. numbered, signed and dated in pencil '70/525 Corneille 2001' (lower side); IV. numbered, titled, signed and dated in pencil '11/80 Marian Plug '69' (lower side)"", ""technique_size"": ""all screenprint, I. 51x51 cm (77,5x76,5 cm incl. frame); II. 42x29,5 cm (69,5x55,5 cm incl. frame); III. 48,5x42,5 cm (79x70 cm incl. frame); IV. 43x37 cm (64.5x53 cm incl. frame)"", ""title"": ""I. 'Clic-clac'; II. '5 stoelen'; III. Bird; IV. 'Kijken - zeestraten en rondingen'"", ""total"": null, ""weight_size_quality"": null}"
c8e056d4-1c00-4cb3-a1eb-1cf049231ffd,525,26-0465/21,8e0b76ab-3fdc-44fb-853f-1fdaa9aebea7,737,Collectie Gemeente Wassenaar,"Schilderijen, aquarellen en tekeningen I",I. Untitled; II. 'Pas de deux'; III.; IV. Untitled ,"I.; II. Jules Bekker (1939); III.; IV. Theo den Boon (1941), I. Untitled; II. 'Pas de deux'; III.; IV. Untitled ","<h3>Painter / Artist / School</h3>I.; II. Jules Bekker (1939); III.; IV. Theo den Boon (1941)<h3>Technique / Size</h3>all silkscreen, I. 41x50 cm (76x79 cm incl. frame); II. 50x51 cm (79x76 cm incl. frame); III. 47,5x62,5 cm (70,5x85,5 cm incl. frame); IV. 40x40 cm (2) (71,5x110,5 cm incl. frame)<h3>Signature / Dating</h3>I. numbered, signed and dated in pencil '4/50 Bekker '94' (lower side); II. numbered, titled and signed in pencil '11/50 Bekker' (lower side); III. signed, dated and numbered in pencil 'Den Boon 84 e/p 27/40' (lower right); IV. signed, dated and numbered in pencil 'Den Boon '91 e/p 11/125' (2) (lower side)",published,EUR,100.0,200.0,35.0,,,1,0,,,True,"Mon, 31 Aug 2026 08:00:00 GMT","Thu, 17 Sep 2026 17:15:00 GMT",https://media.app.artisio.co/media/3fc437c0-fdbb-4208-955a-90293eab416d/inventory/540bd679-bf0e-4cda-aa3c-4d70deb0d72b/255f1105-bba3-4ea4-bb48-49336edf0237/0002_KkBQRv_sm.jpeg;https://media.app.artisio.co/media/3fc437c0-fdbb-4208-955a-90293eab416d/inventory/540bd679-bf0e-4cda-aa3c-4d70deb0d72b/819da1b0-3bb6-43fa-a3f1-1b8e6777f084/0003_jrSHsZ_sm.jpeg;https://media.app.artisio.co/media/3fc437c0-fdbb-4208-955a-90293eab416d/inventory/540bd679-bf0e-4cda-aa3c-4d70deb0d72b/dce9e30e-366e-4967-ab3e-3077920dd2f2/0004_aHzKwA_sm.jpeg;https://media.app.artisio.co/media/3fc437c0-fdbb-4208-955a-90293eab416d/inventory/540bd679-bf0e-4cda-aa3c-4d70deb0d72b/0f995f0c-f381-4d1b-8701-6f880ad55b52/0005_cwzCzH_sm.jpeg;https://media.app.artisio.co/media/3fc437c0-fdbb-4208-955a-90293eab416d/inventory/540bd679-bf0e-4cda-aa3c-4d70deb0d72b/89641ff4-d361-482d-81a0-4c3ba3ebc211/0006_uYTVrB_sm.jpeg;https://media.app.artisio.co/media/3fc437c0-fdbb-4208-955a-90293eab416d/inventory/540bd679-bf0e-4cda-aa3c-4d70deb0d72b/cfaec386-1233-4e32-8ed5-670bdbcf7482/0007_oXjFKr_sm.jpeg;https://media.app.artisio.co/media/3fc437c0-fdbb-4208-955a-90293eab416d/inventory/540bd679-bf0e-4cda-aa3c-4d70deb0d72b/e28935e1-12f8-47de-88e2-25b893901341/0008_RZBqsB_sm.jpeg;https://media.app.artisio.co/media/3fc437c0-fdbb-4208-955a-90293eab416d/inventory/540bd679-bf0e-4cda-aa3c-4d70deb0d72b/e0c31fba-0b7d-4eed-baca-8602b8b94294/0009_JcorOe_sm.jpeg;https://media.app.artisio.co/media/3fc437c0-fdbb-4208-955a-90293eab416d/inventory/540bd679-bf0e-4cda-aa3c-4d70deb0d72b/f476190a-5043-4736-a482-7e949ff00c35/0010_YHOmlR_sm.jpeg;https://media.app.artisio.co/media/3fc437c0-fdbb-4208-955a-90293eab416d/inventory/540bd679-bf0e-4cda-aa3c-4d70deb0d72b/a60ff019-d1df-4659-8d11-8b1948c902fb/0011_rGVWxZ_sm.jpeg;https://media.app.artisio.co/media/3fc437c0-fdbb-4208-955a-90293eab416d/inventory/540bd679-bf0e-4cda-aa3c-4d70deb0d72b/6837c8af-ea1d-4ac4-a552-886d0af03857/0012_zoeDNH_sm.jpeg;https://media.app.artisio.co/media/3fc437c0-fdbb-4208-955a-90293eab416d/inventory/540bd679-bf0e-4cda-aa3c-4d70deb0d72b/82e7bdc0-28c2-4842-b3d2-55de07a5d135/0013_kdDQTb_sm.jpeg;https://media.app.artisio.co/media/3fc437c0-fdbb-4208-955a-90293eab416d/inventory/540bd679-bf0e-4cda-aa3c-4d70deb0d72b/40e1d562-57c8-445b-bca3-1ed0e6d7afe2/0014_wdCzlQ_sm.jpeg;https://media.app.artisio.co/media/3fc437c0-fdbb-4208-955a-90293eab416d/inventory/540bd679-bf0e-4cda-aa3c-4d70deb0d72b/03eb854c-3b71-41d2-8d52-fee764ba3708/0015_kuOSew_sm.jpeg;https://media.app.artisio.co/media/3fc437c0-fdbb-4208-955a-90293eab416d/inventory/540bd679-bf0e-4cda-aa3c-4d70deb0d72b/ed9afb11-d9a4-460d-b50f-431f07e5dc25/0016_MiLyrS_sm.jpeg;https://media.app.artisio.co/media/3fc437c0-fdbb-4208-955a-90293eab416d/inventory/540bd679-bf0e-4cda-aa3c-4d70deb0d72b/46139ff3-fef1-49e8-aeff-ab5bd4b87b0c/0017_wVKmLt_sm.jpeg,16,"{""artist_retail_right"": false, ""comments"": null, ""condition"": null, ""condition_report"": null, ""dimensions"": null, ""extra_text"": null, ""footnote"": null, ""header"": null, ""internal_reference"": null, ""literature"": null, ""origin_exhibition_lite"": null, ""painter_artist_school"": ""I.; II. Jules Bekker (1939); III.; IV. Theo den Boon (1941)"", ""period"": null, ""signature_dating"": ""I. numbered, signed and dated in pencil '4/50 Bekker '94' (lower side); II. numbered, titled and signed in pencil '11/50 Bekker' (lower side); III. signed, dated and numbered in pencil 'Den Boon 84 e/p 27/40' (lower right); IV. signed, dated and numbered in pencil 'Den Boon '91 e/p 11/125' (2) (lower side)"", ""technique_size"": ""all silkscreen, I. 41x50 cm (76x79 cm incl. frame); II. 50x51 cm (79x76 cm incl. frame); III. 47,5x62,5 cm (70,5x85,5 cm incl. frame); IV. 40x40 cm (2) (71,5x110,5 cm incl. frame)"", ""title"": ""I. Untitled; II. 'Pas de deux'; III.; IV. Untitled "", ""total"": null, ""weight_size_quality"": null}"
fd7ae325-9a15-4c1e-b96a-2dcf61ab6b99,526,26-0465/20,8e0b76ab-3fdc-44fb-853f-1fdaa9aebea7,737,Collectie Gemeente Wassenaar,"Schilderijen, aquarellen en tekeningen I",Untitled ,"I.; II. Heleen Nagel (1919-2006); III.; IV. A.P. Compaan (20th Century), with Ad Arma (1954) and Peer van Eelen (20th Century) , Untitled ","<h3>Painter / Artist / School</h3>I.; II. Heleen Nagel (1919-2006); III.; IV. A.P. Compaan (20th Century), with Ad Arma (1954) and Peer van Eelen (20th Century)<h3>Technique / Size</h3>I.;II. acrylic on paper, I. 46x59 cm (74,5x84,5 cm incl. frame); II. 37,5x48,5 cm (75x84 cm incl. frame); III.; IV. mixed media on paper, III. 64,5x49 cm (92,5x76 cm incl. frame); IV. 49,5x64,5 cm (79x92 cm incl. frame)<h3>Signature / Dating</h3>I. signed 'Heleen Nagel' (lower right); II. signed with initials 'hn.' (lower right); III. signed, dated and annotated in pencil 'unicum 14 dec. 1990 [...] graphic mixed media A.P. Compaan' (lower side); IV. signed, dated and annotated in pencil 'unicum 16 okt. 1990 [...] graphic mixed media A.P. Compaan' (lower side)",published,EUR,100.0,200.0,35.0,,,1,0,,,True,"Mon, 31 Aug 2026 08:00:00 GMT","Thu, 17 Sep 2026 17:15:00 GMT",https://media.app.artisio.co/media/3fc437c0-fdbb-4208-955a-90293eab416d/inventory/43e5d201-b162-499d-b207-dc57d4e42471/578b5593-fcac-4d74-95d4-d398ca9669ee/0002_xBbkUO_sm.jpeg;https://media.app.artisio.co/media/3fc437c0-fdbb-4208-955a-90293eab416d/inventory/43e5d201-b162-499d-b207-dc57d4e42471/cdf4c2f4-b9dd-4f4a-85ec-43e07cebafec/0003_mYluXh_sm.jpeg;https://media.app.artisio.co/media/3fc437c0-fdbb-4208-955a-90293eab416d/inventory/43e5d201-b162-499d-b207-dc57d4e42471/c3191c88-49ea-488e-b009-d387d0cf3516/0004_DHxgal_sm.jpeg;https://media.app.artisio.co/media/3fc437c0-fdbb-4208-955a-90293eab416d/inventory/43e5d201-b162-499d-b207-dc57d4e42471/4a47d4d5-2531-4e79-b71e-fdd3f2817b2d/0005_uzVjYY_sm.jpeg;https://media.app.artisio.co/media/3fc437c0-fdbb-4208-955a-90293eab416d/inventory/43e5d201-b162-499d-b207-dc57d4e42471/c48f636e-a496-443c-a883-ecee01422d73/0006_SUzUFj_sm.jpeg;https://media.app.artisio.co/media/3fc437c0-fdbb-4208-955a-90293eab416d/inventory/43e5d201-b162-499d-b207-dc57d4e42471/1daa7a7c-1ed5-4223-9d12-0c9098d0ba40/0007_ELvKnb_sm.jpeg;https://media.app.artisio.co/media/3fc437c0-fdbb-4208-955a-90293eab416d/inventory/43e5d201-b162-499d-b207-dc57d4e42471/219c94e5-77bf-4698-b1f8-b678bb96b88c/0008_vWKsMR_sm.jpeg;https://media.app.artisio.co/media/3fc437c0-fdbb-4208-955a-90293eab416d/inventory/43e5d201-b162-499d-b207-dc57d4e42471/2779367c-ea00-4bd2-aa9f-f5381b779f27/0009_YZCZAM_sm.jpeg;https://media.app.artisio.co/media/3fc437c0-fdbb-4208-955a-90293eab416d/inventory/43e5d201-b162-499d-b207-dc57d4e42471/e276789d-e2db-4f4d-90ed-8f45e1351332/0010_aUqWyt_sm.jpeg,9,"{""artist_retail_right"": false, ""comments"": null, ""condition"": null, ""condition_report"": null, ""dimensions"": null, ""extra_text"": null, ""footnote"": null, ""header"": null, ""internal_reference"": null, ""literature"": null, ""origin_exhibition_lite"": null, ""painter_artist_school"": ""I.; II. Heleen Nagel (1919-2006); III.; IV. A.P. Compaan (20th Century), with Ad Arma (1954) and Peer van Eelen (20th Century) "", ""period"": null, ""signature_dating"": ""I. signed 'Heleen Nagel' (lower right); II. signed with initials 'hn.' (lower right); III. signed, dated and annotated in pencil 'unicum 14 dec. 1990 [...] graphic mixed media A.P. Compaan' (lower side); IV. signed, dated and annotated in pencil 'unicum 16 okt. 1990 [...] graphic mixed media A.P. Compaan' (lower side)"", ""technique_size"": ""I.;II. acrylic on paper, I. 46x59 cm (74,5x84,5 cm incl. frame); II. 37,5x48,5 cm (75x84 cm incl. frame); III.; IV. mixed media on paper, III. 64,5x49 cm (92,5x76 cm incl. frame); IV. 49,5x64,5 cm (79x92 cm incl. frame)"", ""title"": ""Untitled "", ""total"": null, ""weight_size_quality"": null}"
b4e8bcf3-b7c6-4f8e-ab26-120dedc306b5,527,26-0465/18,8e0b76ab-3fdc-44fb-853f-1fdaa9aebea7,737,Collectie Gemeente Wassenaar,"Schilderijen, aquarellen en tekeningen I",I. Seated nude; II. Farm in Ratum; III. Mother and daughter in a park; IV. View from the balcony; V. Flowers in a vase,"Lies Was (1945-2012) (5), I. Seated nude; II. Farm in Ratum; III. Mother and daughter in a park; IV. View from the balcony; V. Flowers in a vase","<h3>Painter / Artist / School</h3>Lies Was (1945-2012) (5)<h3>Technique / Size</h3>I. pencil, pen and watercolour on paper, 62,5x43,5 cm (83x63 cm incl. frame); II.; III.; IV.; V. pencil and watercolour on paper, II. 50x71 cm (70,5x89,5 cm incl. frame; III. 48x63 cm (71,5c91,5 cm incl. frame); IV. 48x38 cm (81,5x61,5 cm incl. frame); V. 47,5x48 cm (75,5x62,5 cm incl. frame)<h3>Signature / Dating</h3>I. signed 'Lies Was' (lower right); II. signed and annotated 'Lies Was Ratum Winterswijk' (lower right); III. signed and dated 'L Was 1982' (lower right); IV. signed and dated 'Lies Was/'83' (lower centre)",published,EUR,150.0,250.0,35.0,,,1,0,,,True,"Mon, 31 Aug 2026 08:00:00 GMT","Thu, 17 Sep 2026 17:15:00 GMT",https://media.app.artisio.co/media/3fc437c0-fdbb-4208-955a-90293eab416d/inventory/cfff3ffc-8df1-4e17-8a10-87ab6b7a85ad/e38085b4-02c1-4c3c-8496-927c4bbb467e/0001_Rvojcz_sm.jpeg;https://media.app.artisio.co/media/3fc437c0-fdbb-4208-955a-90293eab416d/inventory/cfff3ffc-8df1-4e17-8a10-87ab6b7a85ad/abd365de-1116-467a-9b14-70bc16cce760/0002_RJYZGn_sm.jpeg;https://media.app.artisio.co/media/3fc437c0-fdbb-4208-955a-90293eab416d/inventory/cfff3ffc-8df1-4e17-8a10-87ab6b7a85ad/5924137b-f817-4a7a-9fa7-92113135099b/0003_GwckAg_sm.jpeg;https://media.app.artisio.co/media/3fc437c0-fdbb-4208-955a-90293eab416d/inventory/cfff3ffc-8df1-4e17-8a10-87ab6b7a85ad/ea93015e-d922-49e8-8b1f-b83ae86621ec/0004_syhvjo_sm.jpeg;https://media.app.artisio.co/media/3fc437c0-fdbb-4208-955a-90293eab416d/inventory/cfff3ffc-8df1-4e17-8a10-87ab6b7a85ad/17b03950-af96-4b42-af57-fb0e77293ab8/0005_qZTTeS_sm.jpeg;https://media.app.artisio.co/media/3fc437c0-fdbb-4208-955a-90293eab416d/inventory/cfff3ffc-8df1-4e17-8a10-87ab6b7a85ad/9e9f6bf0-de2f-4515-bbb1-735e497296a9/0006_iESFLj_sm.jpeg;https://media.app.artisio.co/media/3fc437c0-fdbb-4208-955a-90293eab416d/inventory/cfff3ffc-8df1-4e17-8a10-87ab6b7a85ad/cc05025b-b504-490e-9fc2-69904ba96826/0007_UnOorq_sm.jpeg;https://media.app.artisio.co/media/3fc437c0-fdbb-4208-955a-90293eab416d/inventory/cfff3ffc-8df1-4e17-8a10-87ab6b7a85ad/26d75194-850d-43df-bc01-1da5982e812c/0008_zCNtDN_sm.jpeg;https://media.app.artisio.co/media/3fc437c0-fdbb-4208-955a-90293eab416d/inventory/cfff3ffc-8df1-4e17-8a10-87ab6b7a85ad/52511c8e-b2ca-4527-9eba-7f50a48d8301/0009_ZNeouG_sm.jpeg;https://media.app.artisio.co/media/3fc437c0-fdbb-4208-955a-90293eab416d/inventory/cfff3ffc-8df1-4e17-8a10-87ab6b7a85ad/b7a94055-2b37-4d77-9d6b-9295878f1d10/0010_POADxM_sm.jpeg,10,"{""artist_retail_right"": false, ""comments"": null, ""condition"": null, ""condition_report"": null, ""dimensions"": null, ""extra_text"": null, ""footnote"": null, ""header"": null, ""internal_reference"": null, ""literature"": null, ""origin_exhibition_lite"": null, ""painter_artist_school"": ""Lies Was (1945-2012) (5)"", ""period"": null, ""signature_dating"": ""I. signed 'Lies Was' (lower right); II. signed and annotated 'Lies Was Ratum Winterswijk' (lower right); III. signed and dated 'L Was 1982' (lower right); IV. signed and dated 'Lies Was/'83' (lower centre)"", ""technique_size"": ""I. pencil, pen and watercolour on paper, 62,5x43,5 cm (83x63 cm incl. frame); II.; III.; IV.; V. pencil and watercolour on paper, II. 50x71 cm (70,5x89,5 cm incl. frame; III. 48x63 cm (71,5c91,5 cm incl. frame); IV. 48x38 cm (81,5x61,5 cm incl. frame); V. 47,5x48 cm (75,5x62,5 cm incl. frame)"", ""title"": ""I. Seated nude; II. Farm in Ratum; III. Mother and daughter in a park; IV. View from the balcony; V. Flowers in a vase"", ""total"": null, ""weight_size_quality"": null}"
292d6b57-0d8a-40d5-8915-bd9196bb6ca5,528,26-0465/19,8e0b76ab-3fdc-44fb-853f-1fdaa9aebea7,737,Collectie Gemeente Wassenaar,"Schilderijen, aquarellen en tekeningen I",I. Bowl with apples and pears; II. View from the artist's porch; III. 'De kleine horst' in Winterswijk; IV. Village square; V. Olive trees; VI. View from Les Baux,"Lies Was (1945-2012) (6), I. Bowl with apples and pears; II. View from the artist's porch; III. 'De kleine horst' in Winterswijk; IV. Village square; V. Olive trees; VI. View from Les Baux","<h3>Painter / Artist / School</h3>Lies Was (1945-2012) (6)<h3>Technique / Size</h3>I.; II.; III.; IV. pencil and watercolour on paper, I. 38,5x48,5 cm (61,5x71,5 cm incl. frame); II. 50,5x66 cm (71,5x85,5 cm incl. frame); III. 49x38,5 cm (57,5x65,5 cm incl. frame); IV. 72x50 cm (90x68 cm incl. frame); V.; VI. pencil, watercolour and ink on paper, 28,5x38,5 cm (45,5x54,5 cm incl. frame)<h3>Signature / Dating</h3>I. signed and dated 'Lies Was '83' (lower right); II. signed and dated 'L Was '83' (lower right); III. signed and titled 'Lies Was' (lower left); IV. signed and dated 'L Was '81' (lower right); V. signed and dated 'Lies Was '86' (lower right); VI. signed, dated and annotated 'Lies Was Les Baux '86' (lower centre)<h3>Extra Text</h3><p>II. broken glass to the lower right and left corners. IV. frame without glass.&nbsp;</p>",published,EUR,150.0,250.0,35.0,,,1,0,,,True,"Mon, 31 Aug 2026 08:00:00 GMT","Thu, 17 Sep 2026 17:15:00 GMT",https://media.app.artisio.co/media/3fc437c0-fdbb-4208-955a-90293eab416d/inventory/7ad2a264-5152-4e87-b136-a2aa2b058885/3c8c8da2-a741-4b53-8974-1506ab33af2b/0002_ypuJKX_sm.jpeg;https://media.app.artisio.co/media/3fc437c0-fdbb-4208-955a-90293eab416d/inventory/7ad2a264-5152-4e87-b136-a2aa2b058885/f9098bc4-55d0-4847-8672-53efeead9442/0003_jFRZIG_sm.jpeg;https://media.app.artisio.co/media/3fc437c0-fdbb-4208-955a-90293eab416d/inventory/7ad2a264-5152-4e87-b136-a2aa2b058885/b9caa73d-c721-4eef-9089-8f8aab54e99c/0004_NJvxph_sm.jpeg;https://media.app.artisio.co/media/3fc437c0-fdbb-4208-955a-90293eab416d/inventory/7ad2a264-5152-4e87-b136-a2aa2b058885/347d454a-9cbe-40ec-bc3e-845f403936f6/0005_CGffTj_sm.jpeg;https://media.app.artisio.co/media/3fc437c0-fdbb-4208-955a-90293eab416d/inventory/7ad2a264-5152-4e87-b136-a2aa2b058885/694e93ae-9bff-4053-8920-71aa2a301253/0006_lbhdPw_sm.jpeg;https://media.app.artisio.co/media/3fc437c0-fdbb-4208-955a-90293eab416d/inventory/7ad2a264-5152-4e87-b136-a2aa2b058885/76f4447c-5f54-4cdd-aabe-9db7a1514efe/0007_gPNZej_sm.jpeg;https://media.app.artisio.co/media/3fc437c0-fdbb-4208-955a-90293eab416d/inventory/7ad2a264-5152-4e87-b136-a2aa2b058885/6924fcb8-c0c4-4949-9bf9-625ecca647a4/0008_uJlmgx_sm.jpeg;https://media.app.artisio.co/media/3fc437c0-fdbb-4208-955a-90293eab416d/inventory/7ad2a264-5152-4e87-b136-a2aa2b058885/142afd56-371a-4b93-9df3-3dd8cb24e116/0009_niqtDQ_sm.jpeg;https://media.app.artisio.co/media/3fc437c0-fdbb-4208-955a-90293eab416d/inventory/7ad2a264-5152-4e87-b136-a2aa2b058885/697ccad0-d44e-4070-be67-7eefbe720887/0010_cZgThc_sm.jpeg;https://media.app.artisio.co/media/3fc437c0-fdbb-4208-955a-90293eab416d/inventory/7ad2a264-5152-4e87-b136-a2aa2b058885/d6624602-c5e6-4369-a5a5-36f273a344f7/0011_TzOeEr_sm.jpeg;https://media.app.artisio.co/media/3fc437c0-fdbb-4208-955a-90293eab416d/inventory/7ad2a264-5152-4e87-b136-a2aa2b058885/81c8b62a-74c1-43ac-850b-c5a1360e5526/0012_IyVJXq_sm.jpeg,11,"{""artist_retail_right"": false, ""comments"": null, ""condition"": null, ""condition_report"": null, ""dimensions"": null, ""extra_text"": ""<p>II. broken glass to the lower right and left corners. IV. frame without glass.&nbsp;</p>"", ""footnote"": null, ""header"": null, ""internal_reference"": null, ""literature"": null, ""origin_exhibition_lite"": null, ""painter_artist_school"": ""Lies Was (1945-2012) (6)"", ""period"": null, ""signature_dating"": ""I. signed and dated 'Lies Was '83' (lower right); II. signed and dated 'L Was '83' (lower right); III. signed and titled 'Lies Was' (lower left); IV. signed and dated 'L Was '81' (lower right); V. signed and dated 'Lies Was '86' (lower right); VI. signed, dated and annotated 'Lies Was Les Baux '86' (lower centre) "", ""technique_size"": ""I.; II.; III.; IV. pencil and watercolour on paper, I. 38,5x48,5 cm (61,5x71,5 cm incl. frame); II. 50,5x66 cm (71,5x85,5 cm incl. frame); III. 49x38,5 cm (57,5x65,5 cm incl. frame); IV. 72x50 cm (90x68 cm incl. frame); V.; VI. pencil, watercolour and ink on paper, 28,5x38,5 cm (45,5x54,5 cm incl. frame)"", ""title"": ""I. Bowl with apples and pears; II. View from the artist's porch; III. 'De kleine horst' in Winterswijk; IV. Village square; V. Olive trees; VI. View from Les Baux"", ""total"": null, ""weight_size_quality"": null}"
e237b1cb-0012-4f45-96da-636e5edbbef8,529,26-0465/17,8e0b76ab-3fdc-44fb-853f-1fdaa9aebea7,737,Collectie Gemeente Wassenaar,"Schilderijen, aquarellen en tekeningen I",I. 'Erwt'; II.; III. 'Bosrand met fixatie'; IV. 'Het verlangen',"I. Sjoers Buisman (1948); II.; III. Jaap Hillenius (1934-1999); IV. Hans Heijman (1951), I. 'Erwt'; II.; III. 'Bosrand met fixatie'; IV. 'Het verlangen'","<h3>Painter / Artist / School</h3>I. Sjoers Buisman (1948); II.; III. Jaap Hillenius (1934-1999); IV. Hans Heijman (1951)<h3>Technique / Size</h3>I. screenprint, 49x64 cm (53x68 cm incl. frame); II.; III. etching, 25x32,5 cm (60,5x45,5 cm incl. frame); IV. colour etching, 24x29 cm (66,5x51,5 cm incl. frame)<h3>Signature / Dating</h3>I. signed, titled and numbered in pencil '6/50 Sjoers Buisman' (lower side); II.; III. signed, dated, titled and annotated in pencil 'J Hillenius 1977 20 exemplaren' (lower side); numbered in the plate 'IV-1977' (lower left); IV. titled, numbered, signed and dated in pencil '7/50 Hans Heijman 1987' (lower side)",published,EUR,100.0,200.0,35.0,,,1,0,,,True,"Mon, 31 Aug 2026 08:00:00 GMT","Thu, 17 Sep 2026 17:15:00 GMT",https://media.app.artisio.co/media/3fc437c0-fdbb-4208-955a-90293eab416d/inventory/92aadf1f-aa12-4855-a5d3-20831338d03a/e6783168-85f8-440d-8848-f82935646255/0002_wVJgHj_sm.jpeg;https://media.app.artisio.co/media/3fc437c0-fdbb-4208-955a-90293eab416d/inventory/92aadf1f-aa12-4855-a5d3-20831338d03a/2416734d-4448-4165-9a60-97be7a7577ca/0003_msrWVA_sm.jpeg;https://media.app.artisio.co/media/3fc437c0-fdbb-4208-955a-90293eab416d/inventory/92aadf1f-aa12-4855-a5d3-20831338d03a/cc27c770-7e16-4d93-bbde-af9266fddafc/0004_xpTSAS_sm.jpeg;https://media.app.artisio.co/media/3fc437c0-fdbb-4208-955a-90293eab416d/inventory/92aadf1f-aa12-4855-a5d3-20831338d03a/a9c35088-79ac-41a6-802a-cfe1017ea81f/0005_pebwhi_sm.jpeg;https://media.app.artisio.co/media/3fc437c0-fdbb-4208-955a-90293eab416d/inventory/92aadf1f-aa12-4855-a5d3-20831338d03a/1bd8dc6b-fd14-4043-86e5-d3e6ca24c4df/0006_JBvKLF_sm.jpeg;https://media.app.artisio.co/media/3fc437c0-fdbb-4208-955a-90293eab416d/inventory/92aadf1f-aa12-4855-a5d3-20831338d03a/6767ea58-9b80-41c5-98f0-beb55208384c/0007_NlBSSQ_sm.jpeg;https://media.app.artisio.co/media/3fc437c0-fdbb-4208-955a-90293eab416d/inventory/92aadf1f-aa12-4855-a5d3-20831338d03a/13c48e63-2ac4-4ddd-a9ce-a01a4d518206/0008_SMUMgq_sm.jpeg;https://media.app.artisio.co/media/3fc437c0-fdbb-4208-955a-90293eab416d/inventory/92aadf1f-aa12-4855-a5d3-20831338d03a/faf6c49a-a089-480f-beb0-63bbee5a523c/0009_Wokaby_sm.jpeg;https://media.app.artisio.co/media/3fc437c0-fdbb-4208-955a-90293eab416d/inventory/92aadf1f-aa12-4855-a5d3-20831338d03a/3a9b142e-47f0-436e-9ca1-db4feaf0e80f/0010_LSWIMB_sm.jpeg;https://media.app.artisio.co/media/3fc437c0-fdbb-4208-955a-90293eab416d/inventory/92aadf1f-aa12-4855-a5d3-20831338d03a/ccc7067f-8aa8-4012-81c6-a08bbfc2ebae/0011_RSzpro_sm.jpeg,10,"{""artist_retail_right"": false, ""comments"": null, ""condition"": null, ""condition_report"": null, ""dimensions"": null, ""extra_text"": null, ""footnote"": null, ""header"": null, ""internal_reference"": null, ""literature"": null, ""origin_exhibition_lite"": null, ""painter_artist_school"": ""I. Sjoers Buisman (1948); II.; III. Jaap Hillenius (1934-1999); IV. Hans Heijman (1951)"", ""period"": null, ""signature_dating"": ""I. signed, titled and numbered in pencil '6/50 Sjoers Buisman' (lower side); II.; III. signed, dated, titled and annotated in pencil 'J Hillenius 1977 20 exemplaren' (lower side); numbered in the plate 'IV-1977' (lower left); IV. titled, numbered, signed and dated in pencil '7/50 Hans Heijman 1987' (lower side)"", ""technique_size"": ""I. screenprint, 49x64 cm (53x68 cm incl. frame); II.; III. etching, 25x32,5 cm (60,5x45,5 cm incl. frame); IV. colour etching, 24x29 cm (66,5x51,5 cm incl. frame)"", ""title"": ""I. 'Erwt'; II.; III. 'Bosrand met fixatie'; IV. 'Het verlangen'"", ""total"": null, ""weight_size_quality"": null}"
dd0c1b1d-3176-44f4-89d0-6b183b52aec1,530,26-0465/28,8e0b76ab-3fdc-44fb-853f-1fdaa9aebea7,737,Collectie Gemeente Wassenaar,"Schilderijen, aquarellen en tekeningen I",I. Fantastical figures; II. Four women and fantastical animals; III. Figures with balls; IV. 'Eenzame muze',"Louis Vorkink (1933-2010) (4), I. Fantastical figures; II. Four women and fantastical animals; III. Figures with balls; IV. 'Eenzame muze'","<h3>Painter / Artist / School</h3>Louis Vorkink (1933-2010) (4)<h3>Technique / Size</h3>I.; II.; III. watercolour and ink on paper, I. 34x46 cm (2) (92,5x74,5 cm incl. frame); II. 35x47 cm (62x74 cm incl. frame); III. 34x49 cm (60x75 cm incl. frame); IV. etching, 33x37 cm (50,5x55,5 m incl. frame)<h3>Signature / Dating</h3>I. signed and dated 'L. Vorkink '71' (lower right/left); II. signed and dated 'L. Vorkink. '67' (lower left); III. signed and dated 'L. Vorkink 69' (lower left); IV. signed, numbered and titled in pencil 'JL Vorkink 2/25' (lower side)",published,EUR,50.0,150.0,35.0,,,1,0,,,True,"Mon, 31 Aug 2026 08:00:00 GMT","Thu, 17 Sep 2026 17:15:00 GMT",https://media.app.artisio.co/media/3fc437c0-fdbb-4208-955a-90293eab416d/inventory/97c6bd7b-1a73-482f-a2fd-0d8ffb47e59e/10c546b4-d3f9-4070-85b5-5d4b1a36e766/0002_hVxaxm_sm.jpeg;https://media.app.artisio.co/media/3fc437c0-fdbb-4208-955a-90293eab416d/inventory/97c6bd7b-1a73-482f-a2fd-0d8ffb47e59e/9963e4b2-01b3-4608-8d4a-b3e4239b0203/0003_LUcOgj_sm.jpeg;https://media.app.artisio.co/media/3fc437c0-fdbb-4208-955a-90293eab416d/inventory/97c6bd7b-1a73-482f-a2fd-0d8ffb47e59e/90926881-6a17-4199-be58-d8a23445a01b/0004_WeNrhm_sm.jpeg;https://media.app.artisio.co/media/3fc437c0-fdbb-4208-955a-90293eab416d/inventory/97c6bd7b-1a73-482f-a2fd-0d8ffb47e59e/b652b909-0ddd-4988-8bb0-e18b36beb659/0005_ofRlEl_sm.jpeg;https://media.app.artisio.co/media/3fc437c0-fdbb-4208-955a-90293eab416d/inventory/97c6bd7b-1a73-482f-a2fd-0d8ffb47e59e/0a7e9115-b4a8-4ff1-abe8-cd85983c0334/0006_uewYwr_sm.jpeg;https://media.app.artisio.co/media/3fc437c0-fdbb-4208-955a-90293eab416d/inventory/97c6bd7b-1a73-482f-a2fd-0d8ffb47e59e/70c5c50b-e7d3-4cf6-b95b-18b77479a461/0007_WQBwKY_sm.jpeg;https://media.app.artisio.co/media/3fc437c0-fdbb-4208-955a-90293eab416d/inventory/97c6bd7b-1a73-482f-a2fd-0d8ffb47e59e/4c45a758-6847-44cd-acfa-c747da58223c/0008_bktuSc_sm.jpeg;https://media.app.artisio.co/media/3fc437c0-fdbb-4208-955a-90293eab416d/inventory/97c6bd7b-1a73-482f-a2fd-0d8ffb47e59e/6f3d53b4-471e-4175-9831-51ac329694f5/0009_EZoIKl_sm.jpeg;https://media.app.artisio.co/media/3fc437c0-fdbb-4208-955a-90293eab416d/inventory/97c6bd7b-1a73-482f-a2fd-0d8ffb47e59e/c7b3fd10-5a76-4f3f-99c1-6924d6052d48/0010_iHHKdV_sm.jpeg;https://media.app.artisio.co/media/3fc437c0-fdbb-4208-955a-90293eab416d/inventory/97c6bd7b-1a73-482f-a2fd-0d8ffb47e59e/670f2834-1322-46e6-accc-13d6155f6a89/0011_ezbDUQ_sm.jpeg;https://media.app.artisio.co/media/3fc437c0-fdbb-4208-955a-90293eab416d/inventory/97c6bd7b-1a73-482f-a2fd-0d8ffb47e59e/a0037c78-fa0e-4a8a-83b4-d9660c87e2a5/0012_ylnfUX_sm.jpeg,11,"{""artist_retail_right"": false, ""comments"": null, ""condition"": null, ""condition_report"": null, ""dimensions"": null, ""extra_text"": null, ""footnote"": null, ""header"": null, ""internal_reference"": null, ""literature"": null, ""origin_exhibition_lite"": null, ""painter_artist_school"": ""Louis Vorkink (1933-2010) (4)"", ""period"": null, ""signature_dating"": ""I. signed and dated 'L. Vorkink '71' (lower right/left); II. signed and dated 'L. Vorkink. '67' (lower left); III. signed and dated 'L. Vorkink 69' (lower left); IV. signed, numbered and titled in pencil 'JL Vorkink 2/25' (lower side)"", ""technique_size"": ""I.; II.; III. watercolour and ink on paper, I. 34x46 cm (2) (92,5x74,5 cm incl. frame); II. 35x47 cm (62x74 cm incl. frame); III. 34x49 cm (60x75 cm incl. frame); IV. etching, 33x37 cm (50,5x55,5 m incl. frame)"", ""title"": ""I. Fantastical figures; II. Four women and fantastical animals; III. Figures with balls; IV. 'Eenzame muze'"", ""total"": null, ""weight_size_quality"": null}"
7f61b481-f309-4b4a-9f33-9136b2b97780,531,26-0465/25,8e0b76ab-3fdc-44fb-853f-1fdaa9aebea7,737,Collectie Gemeente Wassenaar,"Schilderijen, aquarellen en tekeningen I",I. 'That's why'; II. 'Pijltje; III. 'Pauw',"I. Pat Gentenaar-Torley (American, 1949); II.; III. Toni de Klerk (1960), I. 'That's why'; II. 'Pijltje; III. 'Pauw'","<h3>Painter / Artist / School</h3>I. Pat Gentenaar-Torley (American, 1949); II.; III. Toni de Klerk (1960)<h3>Technique / Size</h3>I. dyed paper pulp, 74x52 cm (80x58 cm incl. frame); II.; III. colour etching, 23,5x17,5 cm (50x43 cm incl. frame);<h3>Signature / Dating</h3>I. signed with initials and dated '1987 PGT' (lower right); II. titled, numbered, signed and dated in pencil '3/15 Toni de Klerk 1997' (lower side); III. titled, numbered, signed and dated in pencil '6/15 Toni de Klerk 1997' (lower side)",published,EUR,50.0,150.0,35.0,,,1,0,,,True,"Mon, 31 Aug 2026 08:00:00 GMT","Thu, 17 Sep 2026 17:18:00 GMT",https://media.app.artisio.co/media/3fc437c0-fdbb-4208-955a-90293eab416d/inventory/a44dde32-36f8-44f2-b3e0-1d4308f212d1/667c0b3e-9bfa-4a87-9f7d-428fbc348d61/0002_CBDDGU_sm.jpeg;https://media.app.artisio.co/media/3fc437c0-fdbb-4208-955a-90293eab416d/inventory/a44dde32-36f8-44f2-b3e0-1d4308f212d1/36430058-a0df-4fe8-858e-db07f8d3e640/0003_OFhVlt_sm.jpeg;https://media.app.artisio.co/media/3fc437c0-fdbb-4208-955a-90293eab416d/inventory/a44dde32-36f8-44f2-b3e0-1d4308f212d1/2c69a57a-22ca-4851-bbfe-f5325a7fc6c9/0004_WUrYJA_sm.jpeg;https://media.app.artisio.co/media/3fc437c0-fdbb-4208-955a-90293eab416d/inventory/a44dde32-36f8-44f2-b3e0-1d4308f212d1/d775b655-354b-4032-bbde-89e72e7403cd/0005_hGFLyk_sm.jpeg;https://media.app.artisio.co/media/3fc437c0-fdbb-4208-955a-90293eab416d/inventory/a44dde32-36f8-44f2-b3e0-1d4308f212d1/a5f31bee-c47a-4e9a-849e-f0d6dd63e458/0006_mVlXxQ_sm.jpeg;https://media.app.artisio.co/media/3fc437c0-fdbb-4208-955a-90293eab416d/inventory/a44dde32-36f8-44f2-b3e0-1d4308f212d1/e9f78ef5-5ab7-4002-b5d3-8a96d3fcefc6/0007_toVLhH_sm.jpeg;https://media.app.artisio.co/media/3fc437c0-fdbb-4208-955a-90293eab416d/inventory/a44dde32-36f8-44f2-b3e0-1d4308f212d1/4cb124b1-a2e7-44ef-9ba8-d7a175ab6bca/0008_NzRYqf_sm.jpeg,7,"{""artist_retail_right"": false, ""comments"": null, ""condition"": null, ""condition_report"": null, ""dimensions"": null, ""extra_text"": null, ""footnote"": null, ""header"": null, ""internal_reference"": null, ""literature"": null, ""origin_exhibition_lite"": null, ""painter_artist_school"": ""I. Pat Gentenaar-Torley (American, 1949); II.; III. Toni de Klerk (1960)"", ""period"": null, ""signature_dating"": ""I. signed with initials and dated '1987 PGT' (lower right); II. titled, numbered, signed and dated in pencil '3/15 Toni de Klerk 1997' (lower side); III. titled, numbered, signed and dated in pencil '6/15 Toni de Klerk 1997' (lower side)"", ""technique_size"": ""I. dyed paper pulp, 74x52 cm (80x58 cm incl. frame); II.; III. colour etching, 23,5x17,5 cm (50x43 cm incl. frame); "", ""title"": ""I. 'That's why'; II. 'Pijltje; III. 'Pauw'"", ""total"": null, ""weight_size_quality"": null}"
f3fcd2d5-f4ed-4432-a93a-c908ffd316e6,532,26-0465/23,8e0b76ab-3fdc-44fb-853f-1fdaa9aebea7,737,Collectie Gemeente Wassenaar,"Schilderijen, aquarellen en tekeningen I",I. House and moons; II. House and two moons; III.; IV. Untitled ,"I.; II. Jurjen Ravenhorst (1958); III.; IV. Willem van Beers (1928), I. House and moons; II. House and two moons; III.; IV. Untitled ","<h3>Painter / Artist / School</h3>I.; II. Jurjen Ravenhorst (1958); III.; IV. Willem van Beers (1928)<h3>Technique / Size</h3>I.; II. colour lithograph, I. 43,5x45,5 cm (70x71,5 cm incl. frame); 38x64,5 cm (64,5x91 cm incl. frame); III.; IV. 49,5x64,5 cm (62x77 cm incl. frame)<h3>Signature / Dating</h3>I. numbered, signed and dated in pencil '13/32 M. Jurjen Ravenhorst 1996' (lower side); II. numbered, signed and dated in pencil '16/24 M. Jurjen Ravenhorst 1995.' (lower side); III.",published,EUR,50.0,150.0,35.0,,,1,0,,,True,"Mon, 31 Aug 2026 08:00:00 GMT","Thu, 17 Sep 2026 17:18:00 GMT",https://media.app.artisio.co/media/3fc437c0-fdbb-4208-955a-90293eab416d/inventory/754b99fe-b67c-4adb-8afc-ec7c0aabf7e0/c685e340-faed-4fd0-87d7-cb492201408e/0002_XuDwYF_sm.jpeg;https://media.app.artisio.co/media/3fc437c0-fdbb-4208-955a-90293eab416d/inventory/754b99fe-b67c-4adb-8afc-ec7c0aabf7e0/229f59c2-da9b-4181-8eb3-0bbefa47afaf/0003_JmTlsh_sm.jpeg;https://media.app.artisio.co/media/3fc437c0-fdbb-4208-955a-90293eab416d/inventory/754b99fe-b67c-4adb-8afc-ec7c0aabf7e0/ec6bc3db-e1f1-4883-a943-a3590a52bf21/0004_YrNVol_sm.jpeg;https://media.app.artisio.co/media/3fc437c0-fdbb-4208-955a-90293eab416d/inventory/754b99fe-b67c-4adb-8afc-ec7c0aabf7e0/e9fe1a33-fe67-4458-9197-bd96fb2447e5/0005_ONgOFF_sm.jpeg;https://media.app.artisio.co/media/3fc437c0-fdbb-4208-955a-90293eab416d/inventory/754b99fe-b67c-4adb-8afc-ec7c0aabf7e0/b4f31369-cebe-489c-91ae-eff0051a5473/0006_ftPmwI_sm.jpeg;https://media.app.artisio.co/media/3fc437c0-fdbb-4208-955a-90293eab416d/inventory/754b99fe-b67c-4adb-8afc-ec7c0aabf7e0/6e880f2c-d217-421c-b846-08e2b2a13d22/0007_GhaIWf_sm.jpeg;https://media.app.artisio.co/media/3fc437c0-fdbb-4208-955a-90293eab416d/inventory/754b99fe-b67c-4adb-8afc-ec7c0aabf7e0/25b60b3a-e220-4505-828b-f758deebe81e/0008_mABNYf_sm.jpeg;https://media.app.artisio.co/media/3fc437c0-fdbb-4208-955a-90293eab416d/inventory/754b99fe-b67c-4adb-8afc-ec7c0aabf7e0/a6c82d50-0f17-4471-9ed4-e69845df3827/0009_uIaZZy_sm.jpeg;https://media.app.artisio.co/media/3fc437c0-fdbb-4208-955a-90293eab416d/inventory/754b99fe-b67c-4adb-8afc-ec7c0aabf7e0/853f0800-d6aa-4af2-aa77-6fe25bd3b8a5/0010_rADMub_sm.jpeg,9,"{""artist_retail_right"": false, ""comments"": null, ""condition"": null, ""condition_report"": null, ""dimensions"": null, ""extra_text"": null, ""footnote"": null, ""header"": null, ""internal_reference"": null, ""literature"": null, ""origin_exhibition_lite"": null, ""painter_artist_school"": ""I.; II. Jurjen Ravenhorst (1958); III.; IV. Willem van Beers (1928)"", ""period"": null, ""signature_dating"": ""I. numbered, signed and dated in pencil '13/32 M. Jurjen Ravenhorst 1996' (lower side); II. numbered, signed and dated in pencil '16/24 M. Jurjen Ravenhorst 1995.' (lower side); III. "", ""technique_size"": ""I.; II. colour lithograph, I. 43,5x45,5 cm (70x71,5 cm incl. frame); 38x64,5 cm (64,5x91 cm incl. frame); III.; IV. 49,5x64,5 cm (62x77 cm incl. frame)"", ""title"": ""I. House and moons; II. House and two moons; III.; IV. Untitled "", ""total"": null, ""weight_size_quality"": null}"
c23de26a-3bbd-481a-891d-4c988a895a62,533,26-0465/26,8e0b76ab-3fdc-44fb-853f-1fdaa9aebea7,737,Collectie Gemeente Wassenaar,"Schilderijen, aquarellen en tekeningen I",I. Voluta; II. Larus; III.; IV. Untitled ,"I.; II. Marijk Gerritsma (1954); III.; IV. Hans Laban (1953), I. Voluta; II. Larus; III.; IV. Untitled ","<h3>Painter / Artist / School</h3>I.; II. Marijk Gerritsma (1954); III.; IV. Hans Laban (1953)<h3>Technique / Size</h3>I.; II. mixed media on paper, I. 30x40 cm (53,5x63,5 cm incl. frame); II. 22,5x20 cm (45x43,5 cm incl. frame); III.; IV. etching and dry point, 39,5x30,5 cm (66x56 cm incl. frame)<h3>Signature / Dating</h3>I. numbered, signed and dated in pencil '1/4 Marijk Gerritsma 1997' (lower side); numbered, signed and dated in pencil '5/15 Marijk Gerritsma 1997' (lower side); III.; IV. numbered and signed in pencil '7/15 Hans Laban' (lower side)",published,EUR,50.0,150.0,35.0,,,1,0,,,True,"Mon, 31 Aug 2026 08:00:00 GMT","Thu, 17 Sep 2026 17:18:00 GMT",https://media.app.artisio.co/media/3fc437c0-fdbb-4208-955a-90293eab416d/inventory/23e3f5ba-abfa-4839-95e2-6ed5ce7e692b/e15c23c7-d146-45f1-afff-94ef72f57afb/0002_oedzLJ_sm.jpeg;https://media.app.artisio.co/media/3fc437c0-fdbb-4208-955a-90293eab416d/inventory/23e3f5ba-abfa-4839-95e2-6ed5ce7e692b/86475041-504f-43f1-a5da-bdd8a48a0c0b/0003_Xuczoc_sm.jpeg;https://media.app.artisio.co/media/3fc437c0-fdbb-4208-955a-90293eab416d/inventory/23e3f5ba-abfa-4839-95e2-6ed5ce7e692b/164d833c-53c4-41d6-ac0a-5ec832d1c8c4/0004_SLBZvc_sm.jpeg;https://media.app.artisio.co/media/3fc437c0-fdbb-4208-955a-90293eab416d/inventory/23e3f5ba-abfa-4839-95e2-6ed5ce7e692b/a116362b-2dd1-448e-be88-2464c9f87cab/0005_RcgRMJ_sm.jpeg;https://media.app.artisio.co/media/3fc437c0-fdbb-4208-955a-90293eab416d/inventory/23e3f5ba-abfa-4839-95e2-6ed5ce7e692b/48423282-1e34-497b-836f-144ca1c83d5a/0006_vnvdos_sm.jpeg;https://media.app.artisio.co/media/3fc437c0-fdbb-4208-955a-90293eab416d/inventory/23e3f5ba-abfa-4839-95e2-6ed5ce7e692b/f67017a6-fba1-4f1d-b2dd-56a62087c6d1/0007_vcWieU_sm.jpeg;https://media.app.artisio.co/media/3fc437c0-fdbb-4208-955a-90293eab416d/inventory/23e3f5ba-abfa-4839-95e2-6ed5ce7e692b/f9bd846f-dba9-4245-b10b-48131e06fecd/0008_FbKjsT_sm.jpeg;https://media.app.artisio.co/media/3fc437c0-fdbb-4208-955a-90293eab416d/inventory/23e3f5ba-abfa-4839-95e2-6ed5ce7e692b/e89d5e7a-927a-4583-8a19-1f090d5f48ba/0009_tkRcMC_sm.jpeg,8,"{""artist_retail_right"": false, ""comments"": null, ""condition"": null, ""condition_report"": null, ""dimensions"": null, ""extra_text"": null, ""footnote"": null, ""header"": null, ""internal_reference"": null, ""literature"": null, ""origin_exhibition_lite"": null, ""painter_artist_school"": ""I.; II. Marijk Gerritsma (1954); III.; IV. Hans Laban (1953)"", ""period"": null, ""signature_dating"": ""I. numbered, signed and dated in pencil '1/4 Marijk Gerritsma 1997' (lower side); numbered, signed and dated in pencil '5/15 Marijk Gerritsma 1997' (lower side); III.; IV. numbered and signed in pencil '7/15 Hans Laban' (lower side)"", ""technique_size"": ""I.; II. mixed media on paper, I. 30x40 cm (53,5x63,5 cm incl. frame); II. 22,5x20 cm (45x43,5 cm incl. frame); III.; IV. etching and dry point, 39,5x30,5 cm (66x56 cm incl. frame)"", ""title"": ""I. Voluta; II. Larus; III.; IV. Untitled "", ""total"": null, ""weight_size_quality"": null}"
64067075-1ec3-4ef1-8d6c-f03f54168fed,534,26-0465/22,8e0b76ab-3fdc-44fb-853f-1fdaa9aebea7,737,Collectie Gemeente Wassenaar,"Schilderijen, aquarellen en tekeningen I",I. Geometrical forms; II. Shapes; III.; IV. Painter's easel; V. Untitled,"I. Marijke van Epen (1942); II. Hans Klaui (1945); III.; IV. Nic Blans jr (1943); V. Guillaume Le Roy (1938-2008), I. Geometrical forms; II. Shapes; III.; IV. Painter's easel; V. Untitled","<h3>Painter / Artist / School</h3>I. Marijke van Epen (1942); II. Hans Klaui (1945); III.; IV. Nic Blans jr (1943); V. Guillaume Le Roy (1938-2008)<h3>Technique / Size</h3>I.; II.; III.'; IV. silkscreen, I. 79,5x79,5 cm (81x81 cm incl. frame); II. 62,5x82,5 cm (80,5x111 cm incl. frame); III.; IV. 84x85 cm (104,5x74  cm incl. frame); V. woodcut (2), 159x59 cm (169x66 cm incl. frame)<h3>Signature / Dating</h3>I. signed, dated and annotated in pencil 'MvEpen 1969 6kl. zeefdruk 1/2 eigen druk' (lower right); II. signed, dated and numbered in pencil 'Klaui 92-1 36/45 e.d.' (lower side); III. numbered and signed in pencil '3/25-e.d. Nic Blans jr.' (lower left); IV. numbered and signed in pencil '11-25 Nic Blans jr' (lower left)",published,EUR,100.0,200.0,35.0,,,1,0,,,True,"Mon, 31 Aug 2026 08:00:00 GMT","Thu, 17 Sep 2026 17:18:00 GMT",https://media.app.artisio.co/media/3fc437c0-fdbb-4208-955a-90293eab416d/inventory/5f07245d-1091-4705-a105-c362fa11c9ec/3c533a0c-6596-493c-93ec-a61b953de2f7/0001_AAVhrB_sm.jpeg;https://media.app.artisio.co/media/3fc437c0-fdbb-4208-955a-90293eab416d/inventory/5f07245d-1091-4705-a105-c362fa11c9ec/1f9618fe-75d3-49d4-affd-b3b988ae1a8a/0002_JqamHJ_sm.jpeg;https://media.app.artisio.co/media/3fc437c0-fdbb-4208-955a-90293eab416d/inventory/5f07245d-1091-4705-a105-c362fa11c9ec/ce852751-8f3b-4b28-8c60-f71d66281491/0003_lCbKfb_sm.jpeg;https://media.app.artisio.co/media/3fc437c0-fdbb-4208-955a-90293eab416d/inventory/5f07245d-1091-4705-a105-c362fa11c9ec/609eac69-3038-4633-8d8e-332b20b39754/0004_ariYQP_sm.jpeg;https://media.app.artisio.co/media/3fc437c0-fdbb-4208-955a-90293eab416d/inventory/5f07245d-1091-4705-a105-c362fa11c9ec/a047a1ae-8fdb-49d2-b96c-c41f917bcdf5/0005_sFcTic_sm.jpeg;https://media.app.artisio.co/media/3fc437c0-fdbb-4208-955a-90293eab416d/inventory/5f07245d-1091-4705-a105-c362fa11c9ec/520fba37-2e79-4ba5-b2ac-eb8595d61a3e/0006_JesUHL_sm.jpeg;https://media.app.artisio.co/media/3fc437c0-fdbb-4208-955a-90293eab416d/inventory/5f07245d-1091-4705-a105-c362fa11c9ec/8a89e763-ed12-4d98-afad-9c3c1671ee07/0007_NANBYS_sm.jpeg;https://media.app.artisio.co/media/3fc437c0-fdbb-4208-955a-90293eab416d/inventory/5f07245d-1091-4705-a105-c362fa11c9ec/34540424-f4d2-47f1-8892-5849756ce734/0008_bojpEm_sm.jpeg;https://media.app.artisio.co/media/3fc437c0-fdbb-4208-955a-90293eab416d/inventory/5f07245d-1091-4705-a105-c362fa11c9ec/68acdef1-32f4-4028-8d05-f17cd2a75d7f/0009_SQBhFC_sm.jpeg;https://media.app.artisio.co/media/3fc437c0-fdbb-4208-955a-90293eab416d/inventory/5f07245d-1091-4705-a105-c362fa11c9ec/add1b94a-e13b-4761-8b50-72ee0d892a0d/0010_cEjHQz_sm.jpeg;https://media.app.artisio.co/media/3fc437c0-fdbb-4208-955a-90293eab416d/inventory/5f07245d-1091-4705-a105-c362fa11c9ec/b700751a-5bfe-4f71-abb8-ab8d31e59111/0011_ZzUQDx_sm.jpeg;https://media.app.artisio.co/media/3fc437c0-fdbb-4208-955a-90293eab416d/inventory/5f07245d-1091-4705-a105-c362fa11c9ec/522475c3-acd9-4497-9487-ea349203aa05/0012_hZNpYJ_sm.jpeg;https://media.app.artisio.co/media/3fc437c0-fdbb-4208-955a-90293eab416d/inventory/5f07245d-1091-4705-a105-c362fa11c9ec/dd64c536-bf71-4c88-9477-cf62aae637c6/0013_EdZikr_sm.jpeg;https://media.app.artisio.co/media/3fc437c0-fdbb-4208-955a-90293eab416d/inventory/5f07245d-1091-4705-a105-c362fa11c9ec/2a589675-7bbb-4c48-8fd9-f3b64856c59f/0014_EMaBHl_sm.jpeg;https://media.app.artisio.co/media/3fc437c0-fdbb-4208-955a-90293eab416d/inventory/5f07245d-1091-4705-a105-c362fa11c9ec/f77dc185-83af-4ab7-b35d-ac05ce21fcc6/0015_LMlZkN_sm.jpeg,15,"{""artist_retail_right"": false, ""comments"": null, ""condition"": null, ""condition_report"": null, ""dimensions"": null, ""extra_text"": null, ""footnote"": null, ""header"": null, ""internal_reference"": null, ""literature"": null, ""origin_exhibition_lite"": null, ""painter_artist_school"": ""I. Marijke van Epen (1942); II. Hans Klaui (1945); III.; IV. Nic Blans jr (1943); V. Guillaume Le Roy (1938-2008)"", ""period"": null, ""signature_dating"": ""I. signed, dated and annotated in pencil 'MvEpen 1969 6kl. zeefdruk 1/2 eigen druk' (lower right); II. signed, dated and numbered in pencil 'Klaui 92-1 36/45 e.d.' (lower side); III. numbered and signed in pencil '3/25-e.d. Nic Blans jr.' (lower left); IV. numbered and signed in pencil '11-25 Nic Blans jr' (lower left)"", ""technique_size"": ""I.; II.; III.'; IV. silkscreen, I. 79,5x79,5 cm (81x81 cm incl. frame); II. 62,5x82,5 cm (80,5x111 cm incl. frame); III.; IV. 84x85 cm (104,5x74  cm incl. frame); V. woodcut (2), 159x59 cm (169x66 cm incl. frame)"", ""title"": ""I. Geometrical forms; II. Shapes; III.; IV. Painter's easel; V. Untitled"", ""total"": null, ""weight_size_quality"": null}"
79d44d05-a134-450b-b9a5-4f67b57b84cc,535,26-0465/27,8e0b76ab-3fdc-44fb-853f-1fdaa9aebea7,737,Collectie Gemeente Wassenaar,"Schilderijen, aquarellen en tekeningen I",I. Winter landscape; II. Waterkoning; III. 'Buchen in der Heide'; IV. Kust Zeil Vereniging Wassenaar; V. 'Ouderlijke toestemming'; VI. Prince of Orange; VII. 'Huize Hoevelaken',"I. Harmen Kooistra (1951); II. Els Maasson (1967); III. Print by F. Baruch (20th Century); IV. Seidler (20th Century); V. Reproduction of Adriaan de Lely; VI. Pieter Soutman (1580-1657); VII. Wim Bettenhausen (1942), I. Winter landscape; II. Waterkoning; III. 'Buchen in der Heide'; IV. Kust Zeil Vereniging Wassenaar; V. 'Ouderlijke toestemming'; VI. Prince of Orange; VII. 'Huize Hoevelaken'","<h3>Painter / Artist / School</h3>I. Harmen Kooistra (1951); II. Els Maasson (1967); III. Print by F. Baruch (20th Century); IV. Seidler (20th Century); V. Reproduction of Adriaan de Lely; VI. Pieter Soutman (1580-1657); VII. Wim Bettenhausen (1942)<h3>Technique / Size</h3>I. pencil on paper, 16x29 cm (46x41 cm inc. frame); II. colour etching, 23,5x59 cm (50,5x85,5 cm incl. frame); III. etching, 50x67 cm (77x99 cm incl. frame); IV. watercolour and pen on paper, 15,5x42,5 cm (35x61,5 cm incl. frame); V. reproduction, 47x42 cm (62x58 cm incl. frame); VI. engraving, 44,5x35 cm (70x59 cm incl. frame); etching, 23,5x37,5 cm (50,5x60, cm incl. frame)<h3>Signature / Dating</h3>I. signed and dated 'Harmen Koostra 1984' (lower centre); II. numbered, signed and dated in pencil '10/30 Els Maasson 1997' (lower side); III. signed 'Seidler' (lower left); VI. signed in the plate 'P. Soutman' (lower left); VII. signed, dated, titled and numbered in pencil 'Wim Bettenhausen 1996 85/200' (lower side)<h3>Extra Text</h3><p>I. frame is without glass.&nbsp;</p>",published,EUR,100.0,200.0,35.0,,,1,0,,,True,"Mon, 31 Aug 2026 08:00:00 GMT","Thu, 17 Sep 2026 17:18:00 GMT",https://media.app.artisio.co/media/3fc437c0-fdbb-4208-955a-90293eab416d/inventory/39814c5a-f78f-4093-b15f-99e1ad3c4ddc/194de972-b8b5-4006-aa8b-f1bbf0535eb4/0002_ODUCgA_sm.jpeg;https://media.app.artisio.co/media/3fc437c0-fdbb-4208-955a-90293eab416d/inventory/39814c5a-f78f-4093-b15f-99e1ad3c4ddc/cd98b39a-f270-4b02-bf5e-d9bf555ba68d/0003_AlSBEM_sm.jpeg;https://media.app.artisio.co/media/3fc437c0-fdbb-4208-955a-90293eab416d/inventory/39814c5a-f78f-4093-b15f-99e1ad3c4ddc/5142e5ba-fc16-4681-a560-d0dae5406741/0004_waHbHW_sm.jpeg;https://media.app.artisio.co/media/3fc437c0-fdbb-4208-955a-90293eab416d/inventory/39814c5a-f78f-4093-b15f-99e1ad3c4ddc/7c5111f7-588e-490d-907b-3447a9172b95/0005_IhhhPU_sm.jpeg;https://media.app.artisio.co/media/3fc437c0-fdbb-4208-955a-90293eab416d/inventory/39814c5a-f78f-4093-b15f-99e1ad3c4ddc/845c4cb0-d26e-4c79-8733-79ccf241cd10/0006_LYqpWk_sm.jpeg;https://media.app.artisio.co/media/3fc437c0-fdbb-4208-955a-90293eab416d/inventory/39814c5a-f78f-4093-b15f-99e1ad3c4ddc/6eac0561-acd0-45f4-839c-92e8f64c2bf0/0007_WUtGdq_sm.jpeg;https://media.app.artisio.co/media/3fc437c0-fdbb-4208-955a-90293eab416d/inventory/39814c5a-f78f-4093-b15f-99e1ad3c4ddc/5125c120-56e3-4208-a43d-97149a25ba15/0008_mNWvrw_sm.jpeg;https://media.app.artisio.co/media/3fc437c0-fdbb-4208-955a-90293eab416d/inventory/39814c5a-f78f-4093-b15f-99e1ad3c4ddc/462d2700-509d-4787-866c-62fa14fb94c3/0009_XUtFPv_sm.jpeg;https://media.app.artisio.co/media/3fc437c0-fdbb-4208-955a-90293eab416d/inventory/39814c5a-f78f-4093-b15f-99e1ad3c4ddc/71643423-9220-4ceb-9d9b-8ef6104d333b/0010_TJWKEt_sm.jpeg;https://media.app.artisio.co/media/3fc437c0-fdbb-4208-955a-90293eab416d/inventory/39814c5a-f78f-4093-b15f-99e1ad3c4ddc/310dd253-af3d-49f9-a084-bcbcc5e498bf/0011_soaAfW_sm.jpeg;https://media.app.artisio.co/media/3fc437c0-fdbb-4208-955a-90293eab416d/inventory/39814c5a-f78f-4093-b15f-99e1ad3c4ddc/21228c2a-52b3-44b9-ad29-bb6ee713643d/0012_WcRxHJ_sm.jpeg;https://media.app.artisio.co/media/3fc437c0-fdbb-4208-955a-90293eab416d/inventory/39814c5a-f78f-4093-b15f-99e1ad3c4ddc/8a49a9e8-f7a3-4d3b-9076-8deeec2582a4/0013_USRogM_sm.jpeg;https://media.app.artisio.co/media/3fc437c0-fdbb-4208-955a-90293eab416d/inventory/39814c5a-f78f-4093-b15f-99e1ad3c4ddc/7cf8f89c-e37d-4cde-a72b-f374ebd55403/0014_ahOVXz_sm.jpeg;https://media.app.artisio.co/media/3fc437c0-fdbb-4208-955a-90293eab416d/inventory/39814c5a-f78f-4093-b15f-99e1ad3c4ddc/c86cfd7b-ba3b-4589-9323-487609ca526d/0015_QGiivd_sm.jpeg,14,"{""artist_retail_right"": false, ""comments"": null, ""condition"": null, ""condition_report"": null, ""dimensions"": null, ""extra_text"": ""<p>I. frame is without glass.&nbsp;</p>"", ""footnote"": null, ""header"": null, ""internal_reference"": null, ""literature"": null, ""origin_exhibition_lite"": null, ""painter_artist_school"": ""I. Harmen Kooistra (1951); II. Els Maasson (1967); III. Print by F. Baruch (20th Century); IV. Seidler (20th Century); V. Reproduction of Adriaan de Lely; VI. Pieter Soutman (1580-1657); VII. Wim Bettenhausen (1942)"", ""period"": null, ""signature_dating"": ""I. signed and dated 'Harmen Koostra 1984' (lower centre); II. numbered, signed and dated in pencil '10/30 Els Maasson 1997' (lower side); III. signed 'Seidler' (lower left); VI. signed in the plate 'P. Soutman' (lower left); VII. signed, dated, titled and numbered in pencil 'Wim Bettenhausen 1996 85/200' (lower side)"", ""technique_size"": ""I. pencil on paper, 16x29 cm (46x41 cm inc. frame); II. colour etching, 23,5x59 cm (50,5x85,5 cm incl. frame); III. etching, 50x67 cm (77x99 cm incl. frame); IV. watercolour and pen on paper, 15,5x42,5 cm (35x61,5 cm incl. frame); V. reproduction, 47x42 cm (62x58 cm incl. frame); VI. engraving, 44,5x35 cm (70x59 cm incl. frame); etching, 23,5x37,5 cm (50,5x60, cm incl. frame)"", ""title"": ""I. Winter landscape; II. Waterkoning; III. 'Buchen in der Heide'; IV. Kust Zeil Vereniging Wassenaar; V. 'Ouderlijke toestemming'; VI. Prince of Orange; VII. 'Huize Hoevelaken'"", ""total"": null, ""weight_size_quality"": null}"
e8e238d9-555a-44ae-b886-85b728c8ac85,536,26-0465/36,8e0b76ab-3fdc-44fb-853f-1fdaa9aebea7,737,Collectie Gemeente Wassenaar,Sculpturen,Flower vases ,Flower vases ,"<h3>Painter / Artist / School</h3>Joop van Ulden (1947) (5)<h3>Description</h3><p>I.; II.; III.; IV. all grey with red glazed stoneware, all marked ‘Ja. 82./paardekastanje/A15’ (on the bottom)<br>I. 12x12x33,5 cm; II.&nbsp;12x12x38 cm; III. 12x12x29 cm; IV. 12x12x25 cm<br>V. white and pink glazed stoneware, round, ∅ 34 cm, H 27 cm, marked (on the bottom)</p>",published,EUR,100.0,200.0,35.0,,,1,7,70.0,70.0,True,"Mon, 31 Aug 2026 08:00:00 GMT","Thu, 17 Sep 2026 17:18:00 GMT",https://media.app.artisio.co/media/3fc437c0-fdbb-4208-955a-90293eab416d/inventory/cd0d0342-b34e-43df-afaa-33e8da87513f/79acd86f-c97d-4bfe-bd6d-52b83e6b5a59/0001_ZrjrBT_sm.jpeg;https://media.app.artisio.co/media/3fc437c0-fdbb-4208-955a-90293eab416d/inventory/cd0d0342-b34e-43df-afaa-33e8da87513f/565666c9-8243-4f9d-9c51-b97fd0f4e2e7/0002_tEfvBi_sm.jpeg;https://media.app.artisio.co/media/3fc437c0-fdbb-4208-955a-90293eab416d/inventory/cd0d0342-b34e-43df-afaa-33e8da87513f/439cf20e-f9e0-43aa-8a5f-c546f4be800d/0003_PPTUBw_sm.jpeg;https://media.app.artisio.co/media/3fc437c0-fdbb-4208-955a-90293eab416d/inventory/cd0d0342-b34e-43df-afaa-33e8da87513f/46c000f3-0d25-4e70-b4b6-b233d428df6f/0004_OFVJTY_sm.jpeg;https://media.app.artisio.co/media/3fc437c0-fdbb-4208-955a-90293eab416d/inventory/cd0d0342-b34e-43df-afaa-33e8da87513f/b337a2f8-a069-42ab-a52f-4ec9afabfdc6/0005_SjSUQl_sm.jpeg;https://media.app.artisio.co/media/3fc437c0-fdbb-4208-955a-90293eab416d/inventory/cd0d0342-b34e-43df-afaa-33e8da87513f/e267ed98-b61c-40fb-a691-5332d2d3cd38/0006_ESgCZn_sm.jpeg,6,"{""artist_retail_right"": false, ""comments"": null, ""condition"": null, ""condition_report"": null, ""description"": ""<p>I.; II.; III.; IV. all grey with red glazed stoneware, all marked ‘Ja. 82./paardekastanje/A15’ (on the bottom)<br>I. 12x12x33,5 cm; II.&nbsp;12x12x38 cm; III. 12x12x29 cm; IV. 12x12x25 cm<br>V. white and pink glazed stoneware, round, ∅ 34 cm, H 27 cm, marked (on the bottom)</p>"", ""dimensions"": null, ""footnote"": null, ""header"": null, ""internal_reference"": null, ""literature"": null, ""origin_exhibition_lite"": null, ""painter_artist_school"": ""Joop van Ulden (1947) (5)"", ""period"": null, ""title"": ""Flower vases "", ""total"": null, ""weight_size_quality"": null}"
